11:00:00,0,0.0
11:00:01,0,0.0
11:00:02,0,0.0
11:00:03,0,0.0
11:00:04,0,0.0
11:00:05,0,0.0
11:00:06,0,0.0
11:00:07,0,0.0
11:00:08,0,0.0
11:00:09,0,0.0
11:00:10,0,0.0
11:00:11,0,0.0
11:00:12,0,0.0
11:00:13,0,0.0
11:00:14,0,0.0
11:00:15,0,0.0
11:00:16,0,0.0
11:00:17,0,0.0
11:00:18,0,0.0
11:00:19,0,0.0
11:00:20,0,0.0
11:00:21,0,0.0
11:00:22,0,0.0
11:00:23,0,0.0
11:00:24,0,0.0
11:00:25,0,0.0
11:00:26,0,0.0
11:00:27,1,0.0
11:00:28,2,0.0
11:00:29,3,0.0
11:00:30,3,0.0
11:00:31,4,0.0
11:00:32,5,0.0
11:00:33,6,0.0
11:00:34,6,0.0
11:00:35,7,0.0
11:00:36,8,0.0
11:00:37,9,0.0
11:00:38,9,0.0
11:00:39,11,0.0
11:00:40,13,0.0
11:00:41,13,0.0
11:00:42,13,0.0
11:00:43,15,0.0
11:00:44,16,0.0
11:00:45,16,0.0
11:00:46,16,0.0
11:00:47,19,0.0
11:00:48,19,0.0
11:00:49,19,0.0
11:00:50,20,0.0
11:00:51,22,0.0
11:00:52,22,0.0
11:00:53,23,0.0
11:00:54,24,0.0
11:00:55,25,0.0
11:00:56,25,0.0
11:00:57,25,0.0
11:00:58,27,0.0
11:00:59,28,0.0
11:01:00,29,0.0
11:01:01,30,0.0
11:01:02,30,0.0
11:01:03,32,0.0
11:01:04,33,0.0
11:01:05,33,0.0
11:01:06,34,0.0
11:01:07,35,0.0
11:01:08,35,0.0
11:01:09,35,0.0
11:01:10,37,0.0
11:01:11,37,0.0
11:01:12,38,0.0
11:01:13,38,0.0
11:01:14,38,0.0
11:01:15,39,0.0
11:01:16,39,0.0
11:01:17,39,0.0
11:01:18,42,0.0
11:01:19,42,0.0
11:01:20,43,0.0
11:01:21,43,0.0
11:01:22,43,0.0
11:01:23,46,0.0
11:01:24,46,0.0
11:01:25,46,0.0
11:01:26,46,0.0
11:01:27,48,0.0
11:01:28,48,0.0
11:01:29,50,0.0
11:01:30,50,0.0
11:01:31,51,0.0
11:01:32,51,0.0
11:01:33,53,0.0
11:01:34,54,0.0
11:01:35,55,0.0
11:01:36,55,0.0
11:01:37,56,0.0
11:01:38,56,0.0
11:01:39,57,0.0
11:01:40,59,0.0
11:01:41,59,0.0
11:01:42,60,0.0
11:01:43,62,0.0
11:01:44,63,0.0
11:01:45,63,0.0
11:01:46,65,0.0
11:01:47,66,0.0
11:01:48,66,0.0
11:01:49,66,0.0
11:01:50,69,0.0
11:01:51,69,0.0
11:01:52,70,0.0
11:01:53,71,0.0
11:01:54,72,0.0
11:01:55,73,0.0
11:01:56,75,0.0
11:01:57,75,0.0
11:01:58,75,0.0
11:01:59,77,0.0
11:02:00,78,0.0
11:02:01,78,0.0
11:02:02,80,0.0
11:02:03,81,0.0
11:02:04,81,0.0
11:02:05,81,0.0
11:02:06,82,0.0
11:02:07,83,0.0
11:02:08,83,0.0
11:02:09,83,0.0
11:02:10,83,0.0
11:02:11,84,0.0
11:02:12,85,0.0
11:02:13,85,0.0
11:02:14,85,0.0
11:02:15,86,0.0
11:02:16,86,0.0
11:02:17,87,0.0
11:02:18,88,0.0
11:02:19,88,0.0
11:02:20,88,0.0
11:02:21,88,0.0
11:02:22,89,0.0
11:02:23,89,0.0
11:02:24,90,0.0
11:02:25,91,1.8166666666666667
11:02:26,91,1.8166666666666667
11:02:27,91,1.8166666666666667
11:02:28,92,1.8166666666666667
11:02:29,92,1.8166666666666667
11:02:30,93,1.8166666666666667
11:02:31,94,1.8166666666666667
11:02:32,94,1.8166666666666667
11:02:33,94,1.8166666666666667
11:02:34,95,1.8166666666666667
11:02:35,95,1.9541666666666666
11:02:36,95,1.9541666666666666
11:02:37,96,1.9541666666666666
11:02:38,96,1.9541666666666666
11:02:39,96,1.9833333333333334
11:02:40,97,1.9833333333333334
11:02:41,97,1.9833333333333334
11:02:42,97,1.9833333333333334
11:02:43,97,1.9833333333333334
11:02:44,99,1.9833333333333334
11:02:45,99,1.9833333333333334
11:02:46,99,2.0
11:02:47,100,2.0
11:02:48,100,2.0
11:02:49,100,2.05
11:02:50,102,2.05
11:02:51,102,2.058333333333333
11:02:52,102,2.088888888888889
11:02:53,102,2.088888888888889
11:02:54,103,2.088888888888889
11:02:55,103,2.088888888888889
11:02:56,103,2.088888888888889
11:02:57,104,2.131818181818182
11:02:58,105,2.131818181818182
11:02:59,105,2.131818181818182
11:03:00,105,2.148611111111111
11:03:01,106,2.148611111111111
11:03:02,106,2.148611111111111
11:03:03,106,2.148611111111111
11:03:04,107,2.148611111111111
11:03:05,108,2.148611111111111
11:03:06,108,2.148611111111111
11:03:07,108,2.148611111111111
11:03:08,108,2.148611111111111
11:03:09,109,2.148611111111111
11:03:10,109,2.1615384615384614
11:03:11,110,2.1615384615384614
11:03:12,110,2.1615384615384614
11:03:13,111,2.1615384615384614
11:03:14,111,2.1738095238095236
11:03:15,111,2.1738095238095236
11:03:16,112,2.1738095238095236
11:03:17,113,2.1738095238095236
11:03:18,114,2.1738095238095236
11:03:19,114,2.1738095238095236
11:03:20,114,2.1738095238095236
11:03:21,116,2.1738095238095236
11:03:22,116,2.1738095238095236
11:03:23,117,2.1738095238095236
11:03:24,117,2.1738095238095236
11:03:25,119,2.1738095238095236
11:03:26,119,2.1738095238095236
11:03:27,119,2.1738095238095236
11:03:28,120,2.1738095238095236
11:03:29,120,2.2233333333333336
11:03:30,120,2.2233333333333336
11:03:31,120,2.2233333333333336
11:03:32,122,2.2233333333333336
11:03:33,122,2.2489583333333334
11:03:34,122,2.2794117647058822
11:03:35,124,2.2794117647058822
11:03:36,124,2.3046296296296296
11:03:37,124,2.3046296296296296
11:03:38,124,2.3046296296296296
11:03:39,124,2.3046296296296296
11:03:40,125,2.336842105263158
11:03:41,125,2.3641666666666667
11:03:42,125,2.3896825396825396
11:03:43,126,2.3896825396825396
11:03:44,127,2.3896825396825396
11:03:45,127,2.3896825396825396
11:03:46,127,2.412878787878788
11:03:47,127,2.412878787878788
11:03:48,127,2.4442028985507247
11:03:49,128,2.4442028985507247
11:03:50,128,2.4442028985507247
11:03:51,128,2.4722222222222223
11:03:52,129,2.4722222222222223
11:03:53,130,2.4722222222222223
11:03:54,130,2.4722222222222223
11:03:55,130,2.4886666666666666
11:03:56,130,2.4886666666666666
11:03:57,130,2.5179012345679013
11:03:58,130,2.5179012345679013
11:03:59,130,2.5179012345679013
11:04:00,130,2.5179012345679013
11:04:01,130,2.5179012345679013
11:04:02,131,2.5179012345679013
11:04:03,131,2.5375
11:04:04,131,2.5375
11:04:05,131,2.5375
11:04:06,131,2.5505747126436784
11:04:07,131,2.5505747126436784
11:04:08,131,2.5505747126436784
11:04:09,131,2.5505747126436784
11:04:10,131,2.5505747126436784
11:04:11,132,2.5505747126436784
11:04:12,132,2.5505747126436784
11:04:13,133,2.5505747126436784
11:04:14,133,2.5505747126436784
11:04:15,133,2.5505747126436784
11:04:16,133,2.5505747126436784
11:04:17,134,2.5505747126436784
11:04:18,135,2.5505747126436784
11:04:19,135,2.5505747126436784
11:04:20,135,2.5505747126436784
11:04:21,136,2.5505747126436784
11:04:22,136,2.5772222222222223
11:04:23,136,2.5772222222222223
11:04:24,136,2.596774193548387
11:04:25,137,2.596774193548387
11:04:26,137,2.6145833333333335
11:04:27,137,2.6145833333333335
11:04:28,137,2.6145833333333335
11:04:29,138,2.6414141414141414
11:04:30,138,2.6414141414141414
11:04:31,138,2.657843137254902
11:04:32,139,2.657843137254902
11:04:33,139,2.657843137254902
11:04:34,139,2.657843137254902
11:04:35,139,2.6861904761904762
11:04:36,139,2.6861904761904762
11:04:37,139,2.6861904761904762
11:04:38,140,2.6861904761904762
11:04:39,140,2.6861904761904762
11:04:40,140,2.7134259259259257
11:04:41,140,2.7134259259259257
11:04:42,140,2.7134259259259257
11:04:43,140,2.7134259259259257
11:04:44,141,2.736036036036036
11:04:45,141,2.736036036036036
11:04:46,141,2.736036036036036
11:04:47,141,2.760087719298246
11:04:48,141,2.760087719298246
11:04:49,142,2.760087719298246
11:04:50,142,2.760087719298246
11:04:51,142,2.760087719298246
11:04:52,142,2.7794871794871794
11:04:53,143,2.815853658536585
11:04:54,143,2.815853658536585
11:04:55,143,2.815853658536585
11:04:56,143,2.815853658536585
11:04:57,143,2.815853658536585
11:04:58,143,2.815853658536585
11:04:59,143,2.836111111111111
11:05:00,143,2.836111111111111
11:05:01,144,2.836111111111111
11:05:02,144,2.836111111111111
11:05:03,144,2.836111111111111
11:05:04,144,2.836111111111111
11:05:05,145,2.836111111111111
11:05:06,145,2.836111111111111
11:05:07,145,2.836111111111111
11:05:08,146,2.836111111111111
11:05:09,146,2.836111111111111
11:05:10,146,2.836111111111111
11:05:11,146,2.8647286821705427
11:05:12,147,2.8647286821705427
11:05:13,147,2.8647286821705427
11:05:14,147,2.8647286821705427
11:05:15,149,2.8647286821705427
11:05:16,149,2.8647286821705427
11:05:17,149,2.8647286821705427
11:05:18,150,2.8859848484848483
11:05:19,150,2.903703703703704
11:05:20,150,2.9202898550724634
11:05:21,150,2.9202898550724634
11:05:22,151,2.9397163120567376
11:05:23,151,2.960069444444444
11:05:24,151,2.960069444444444
11:05:25,152,2.960069444444444
11:05:26,152,2.981972789115646
11:05:27,152,2.981972789115646
11:05:28,152,2.981972789115646
11:05:29,153,2.981972789115646
11:05:30,153,3.022549019607843
11:05:31,153,3.022549019607843
11:05:32,153,3.022549019607843
11:05:33,153,3.022549019607843
11:05:34,153,3.022549019607843
11:05:35,153,3.022549019607843
11:05:36,153,3.022549019607843
11:05:37,153,3.022549019607843
11:05:38,153,3.022549019607843
11:05:39,153,3.022549019607843
11:05:40,154,3.022549019607843
11:05:41,154,3.022549019607843
11:05:42,154,3.022549019607843
11:05:43,154,3.061320754716981
11:05:44,155,3.061320754716981
11:05:45,155,3.0910493827160495
11:05:46,155,3.110909090909091
11:05:47,156,3.110909090909091
11:05:48,156,3.110909090909091
11:05:49,156,3.129166666666667
11:05:50,157,3.129166666666667
11:05:51,157,3.129166666666667
11:05:52,157,3.129166666666667
11:05:53,158,3.129166666666667
11:05:54,158,3.129166666666667
11:05:55,158,3.14766081871345
11:05:56,158,3.14766081871345
11:05:57,159,3.14766081871345
11:05:58,159,3.14766081871345
11:05:59,159,3.14766081871345
11:06:00,159,3.14766081871345
11:06:01,160,3.14766081871345
11:06:02,160,3.14766081871345
11:06:03,160,3.14766081871345
11:06:04,160,3.1689655172413795
11:06:05,160,3.1689655172413795
11:06:06,161,3.18954802259887
11:06:07,161,3.18954802259887
11:06:08,161,3.18954802259887
11:06:09,162,3.212777777777778
11:06:10,163,3.2319672131147543
11:06:11,163,3.2319672131147543
11:06:12,164,3.2319672131147543
11:06:13,164,3.2319672131147543
11:06:14,164,3.2319672131147543
11:06:15,165,3.2319672131147543
11:06:16,165,3.2551075268817207
11:06:17,165,3.2551075268817207
11:06:18,166,3.2551075268817207
11:06:19,166,3.295052083333333
11:06:20,166,3.295052083333333
11:06:21,166,3.295052083333333
11:06:22,167,3.295052083333333
11:06:23,167,3.3156410256410256
11:06:24,167,3.3156410256410256
11:06:25,167,3.3156410256410256
11:06:26,167,3.3366161616161616
11:06:27,168,3.374264705882353
11:06:28,168,3.374264705882353
11:06:29,168,3.374264705882353
11:06:30,169,3.374264705882353
11:06:31,169,3.374264705882353
11:06:32,169,3.3903381642512076
11:06:33,169,3.3903381642512076
11:06:34,169,3.3903381642512076
11:06:35,170,3.40952380952381
11:06:36,170,3.40952380952381
11:06:37,170,3.40952380952381
11:06:38,170,3.4237089201877935
11:06:39,171,3.4237089201877935
11:06:40,171,3.4237089201877935
11:06:41,171,3.4237089201877935
11:06:42,172,3.4428240740740743
11:06:43,172,3.4428240740740743
11:06:44,172,3.456849315068493
11:06:45,173,3.456849315068493
11:06:46,173,3.456849315068493
11:06:47,173,3.456849315068493
11:06:48,173,3.456849315068493
11:06:49,174,3.456849315068493
11:06:50,174,3.456849315068493
11:06:51,174,3.456849315068493
11:06:52,175,3.456849315068493
11:06:53,175,3.456849315068493
11:06:54,175,3.456849315068493
11:06:55,176,3.456849315068493
11:06:56,176,3.456849315068493
11:06:57,176,3.456849315068493
11:06:58,177,3.456849315068493
11:06:59,177,3.456849315068493
11:07:00,177,3.473423423423424
11:07:01,177,3.473423423423424
11:07:02,178,3.473423423423424
11:07:03,179,3.4917777777777776
11:07:04,179,3.4917777777777776
11:07:05,180,3.4917777777777776
11:07:06,181,3.4917777777777776
11:07:07,181,3.5142543859649122
11:07:08,182,3.5142543859649122
11:07:09,182,3.5142543859649122
11:07:10,182,3.5376623376623377
11:07:11,182,3.5606837606837605
11:07:12,182,3.5606837606837605
11:07:13,182,3.5841772151898734
11:07:14,182,3.5841772151898734
11:07:15,182,3.605
11:07:16,182,3.605
11:07:17,183,3.605
11:07:18,183,3.6222222222222222
11:07:19,183,3.6222222222222222
11:07:20,183,3.6222222222222222
11:07:21,183,3.638617886178862
11:07:22,183,3.638617886178862
11:07:23,183,3.638617886178862
11:07:24,183,3.6536144578313254
11:07:25,183,3.6536144578313254
11:07:26,183,3.6536144578313254
11:07:27,183,3.6734126984126982
11:07:28,183,3.6734126984126982
11:07:29,183,3.6734126984126982
11:07:30,183,3.688627450980392
11:07:31,183,3.7093023255813953
11:07:32,183,3.7093023255813953
11:07:33,183,3.7093023255813953
11:07:34,183,3.7093023255813953
11:07:35,183,3.7093023255813953
11:07:36,183,3.7093023255813953
11:07:37,183,3.7093023255813953
11:07:38,183,3.7093023255813953
11:07:39,183,3.7093023255813953
11:07:40,183,3.7093023255813953
11:07:41,183,3.7093023255813953
11:07:42,183,3.7093023255813953
11:07:43,183,3.7093023255813953
11:07:44,183,3.7093023255813953
11:07:45,183,3.7319923371647508
11:07:46,183,3.7319923371647508
11:07:47,183,3.7319923371647508
11:07:48,183,3.7319923371647508
11:07:49,183,3.7401515151515152
11:07:50,183,3.7589887640449438
11:07:51,183,3.7589887640449438
11:07:52,183,3.761296296296296
11:07:53,184,3.761296296296296
11:07:54,185,3.761296296296296
11:07:55,186,3.761296296296296
11:07:56,187,3.761296296296296
11:07:57,187,3.785897435897436
11:07:58,188,3.785897435897436
11:07:59,190,3.810326086956522
11:08:00,190,3.8258064516129036
11:08:01,190,3.848936170212766
11:08:02,190,3.848936170212766
11:08:03,191,3.848936170212766
11:08:04,191,3.848936170212766
11:08:05,192,3.848936170212766
11:08:06,192,3.848936170212766
11:08:07,193,3.848936170212766
11:08:08,193,3.848936170212766
11:08:09,193,3.848936170212766
11:08:10,193,3.86719298245614
11:08:11,193,3.86719298245614
11:08:12,193,3.86719298245614
11:08:13,194,3.8838541666666666
11:08:14,194,3.8838541666666666
11:08:15,194,3.903264604810997
11:08:16,194,3.903264604810997
11:08:17,194,3.903264604810997
11:08:18,195,3.903264604810997
11:08:19,195,3.903264604810997
11:08:20,196,3.903264604810997
11:08:21,198,3.903264604810997
11:08:22,198,3.903264604810997
11:08:23,198,3.921598639455782
11:08:24,198,3.921598639455782
11:08:25,199,3.921598639455782
11:08:26,199,3.921598639455782
11:08:27,199,3.921598639455782
11:08:28,200,3.921598639455782
11:08:29,200,3.921598639455782
11:08:30,200,3.921598639455782
11:08:31,200,3.934848484848485
11:08:32,201,3.934848484848485
11:08:33,201,3.934848484848485
11:08:34,201,3.947166666666667
11:08:35,201,3.947166666666667
11:08:36,202,3.956105610561056
11:08:37,202,3.956105610561056
11:08:38,202,3.956105610561056
11:08:39,203,3.956105610561056
11:08:40,203,3.956105610561056
11:08:41,203,3.956105610561056
11:08:42,203,3.956105610561056
11:08:43,204,3.973692810457516
11:08:44,204,3.9927184466019416
11:08:45,204,3.9927184466019416
11:08:46,205,3.9927184466019416
11:08:47,206,4.018429487179487
11:08:48,206,4.018429487179487
11:08:49,206,4.018429487179487
11:08:50,206,4.036507936507936
11:08:51,206,4.036507936507936
11:08:52,206,4.036507936507936
11:08:53,206,4.036507936507936
11:08:54,206,4.0710280373831775
11:08:55,206,4.0710280373831775
11:08:56,206,4.0710280373831775
11:08:57,206,4.0710280373831775
11:08:58,206,4.0710280373831775
11:08:59,206,4.0710280373831775
11:09:00,206,4.0710280373831775
11:09:01,206,4.0710280373831775
11:09:02,206,4.090586419753087
11:09:03,206,4.090586419753087
11:09:04,206,4.090586419753087
11:09:05,207,4.109545454545454
11:09:06,208,4.109545454545454
11:09:07,208,4.109545454545454
11:09:08,208,4.109545454545454
11:09:09,208,4.125825825825825
11:09:10,208,4.125825825825825
11:09:11,208,4.125825825825825
11:09:12,208,4.125825825825825
11:09:13,208,4.125825825825825
11:09:14,208,4.125825825825825
11:09:15,208,4.125825825825825
11:09:16,209,4.125825825825825
11:09:17,209,4.125825825825825
11:09:18,209,4.145386904761905
11:09:19,210,4.145386904761905
11:09:20,211,4.145386904761905
11:09:21,211,4.145386904761905
11:09:22,211,4.145386904761905
11:09:23,211,4.145386904761905
11:09:24,211,4.153687315634218
11:09:25,212,4.153687315634218
11:09:26,212,4.153687315634218
11:09:27,212,4.153687315634218
11:09:28,212,4.153687315634218
11:09:29,212,4.153687315634218
11:09:30,212,4.153687315634218
11:09:31,212,4.153687315634218
11:09:32,212,4.173099415204678
11:09:33,212,4.173099415204678
11:09:34,212,4.173099415204678
11:09:35,212,4.173099415204678
11:09:36,212,4.185072463768116
11:09:37,212,4.185072463768116
11:09:38,212,4.185072463768116
11:09:39,212,4.185072463768116
11:09:40,212,4.171120689655172
11:09:41,212,4.171120689655172
11:09:42,212,4.171120689655172
11:09:43,212,4.205367231638418
11:09:44,212,4.205367231638418
11:09:45,212,4.205367231638418
11:09:46,212,4.205367231638418
11:09:47,212,4.205367231638418
11:09:48,212,4.205367231638418
11:09:49,212,4.205367231638418
11:09:50,212,4.205367231638418
11:09:51,212,4.205367231638418
11:09:52,212,4.205367231638418
11:09:53,212,4.205367231638418
11:09:54,212,4.223472222222222
11:09:55,212,4.223472222222222
11:09:56,212,4.24504132231405
11:09:57,212,4.24504132231405
11:09:58,212,4.227185792349727
11:09:59,212,4.227185792349727
11:10:00,212,4.227185792349727
11:10:01,212,4.227185792349727
11:10:02,212,4.209485094850948
11:10:03,212,4.209485094850948
11:10:04,212,4.209485094850948
11:10:05,212,4.227150537634409
11:10:06,212,4.227150537634409
11:10:07,212,4.248666666666667
11:10:08,212,4.248666666666667
11:10:09,212,4.248666666666667
11:10:10,214,4.269444444444445
11:10:11,214,4.269444444444445
11:10:12,214,4.269444444444445
11:10:13,215,4.269444444444445
11:10:14,215,4.269444444444445
11:10:15,215,4.269444444444445
11:10:16,216,4.261023622047244
11:10:17,216,4.261023622047244
11:10:18,216,4.261023622047244
11:10:19,216,4.261023622047244
11:10:20,217,4.261023622047244
11:10:21,217,4.261023622047244
11:10:22,217,4.261023622047244
11:10:23,217,4.261023622047244
11:10:24,217,4.261023622047244
11:10:25,217,4.261023622047244
11:10:26,218,4.261023622047244
11:10:27,218,4.261023622047244
11:10:28,218,4.261023622047244
11:10:29,218,4.261023622047244
11:10:30,218,4.261023622047244
11:10:31,218,4.261023622047244
11:10:32,218,4.261023622047244
11:10:33,218,4.261023622047244
11:10:34,218,4.261023622047244
11:10:35,218,4.27312661498708
11:10:36,218,4.27312661498708
11:10:37,218,4.27312661498708
11:10:38,218,4.260897435897436
11:10:39,218,4.2773536895674305
11:10:40,218,4.2773536895674305
11:10:41,218,4.2773536895674305
11:10:42,218,4.2773536895674305
11:10:43,218,4.262752525252525
11:10:44,219,4.262752525252525
11:10:45,219,4.262752525252525
11:10:46,219,4.269154228855721
11:10:47,219,4.269154228855721
11:10:48,219,4.292592592592593
11:10:49,219,4.282230392156863
11:10:50,220,4.282230392156863
11:10:51,220,4.282230392156863
11:10:52,220,4.282230392156863
11:10:53,220,4.282230392156863
11:10:54,220,4.282230392156863
11:10:55,220,4.282230392156863
11:10:56,220,4.3035279805352795
11:10:57,220,4.291183574879227
11:10:58,220,4.291183574879227
11:10:59,221,4.291183574879227
11:11:00,221,4.291183574879227
11:11:01,221,4.291183574879227
11:11:02,221,4.291183574879227
11:11:03,221,4.291183574879227
11:11:04,222,4.291183574879227
11:11:05,222,4.314508393285371
11:11:06,223,4.300119047619048
11:11:07,223,4.300119047619048
11:11:08,223,4.300119047619048
11:11:09,223,4.300119047619048
11:11:10,223,4.300119047619048
11:11:11,224,4.300119047619048
11:11:12,224,4.300119047619048
11:11:13,224,4.300119047619048
11:11:14,225,4.300119047619048
11:11:15,225,4.325059101654846
11:11:16,225,4.325059101654846
11:11:17,226,4.325059101654846
11:11:18,226,4.325059101654846
11:11:19,226,4.325059101654846
11:11:20,226,4.325059101654846
11:11:21,227,4.325059101654846
11:11:22,227,4.309272300469484
11:11:23,227,4.309272300469484
11:11:24,227,4.309272300469484
11:11:25,228,4.309272300469484
11:11:26,228,4.321990740740741
11:11:27,228,4.321990740740741
11:11:28,228,4.321990740740741
11:11:29,228,4.321990740740741
11:11:30,228,4.3342465753424655
11:11:31,229,4.3342465753424655
11:11:32,229,4.3342465753424655
11:11:33,229,4.3342465753424655
11:11:34,229,4.3342465753424655
11:11:35,230,4.3342465753424655
11:11:36,230,4.3342465753424655
11:11:37,230,4.359637188208617
11:11:38,231,4.359637188208617
11:11:39,231,4.359637188208617
11:11:40,232,4.359637188208617
11:11:41,233,4.359637188208617
11:11:42,233,4.359637188208617
11:11:43,233,4.359637188208617
11:11:44,233,4.379954954954955
11:11:45,234,4.379954954954955
11:11:46,234,4.379954954954955
11:11:47,234,4.405480984340045
11:11:48,234,4.405480984340045
11:11:49,236,4.405480984340045
11:11:50,236,4.405480984340045
11:11:51,236,4.405480984340045
11:11:52,237,4.405480984340045
11:11:53,238,4.405480984340045
11:11:54,238,4.429888888888889
11:11:55,238,4.449668874172185
11:11:56,238,4.449668874172185
11:11:57,238,4.449668874172185
11:11:58,238,4.449668874172185
11:11:59,238,4.449668874172185
11:12:00,238,4.449668874172185
11:12:01,239,4.449668874172185
11:12:02,239,4.449668874172185
11:12:03,239,4.449668874172185
11:12:04,239,4.466228070175438
11:12:05,239,4.487908496732026
11:12:06,239,4.487908496732026
11:12:07,239,4.487908496732026
11:12:08,239,4.487908496732026
11:12:09,239,4.487908496732026
11:12:10,239,4.487908496732026
11:12:11,239,4.487908496732026
11:12:12,239,4.487908496732026
11:12:13,239,4.487908496732026
11:12:14,239,4.487908496732026
11:12:15,239,4.4721861471861475
11:12:16,239,4.4721861471861475
11:12:17,239,4.4721861471861475
11:12:18,239,4.484935897435898
11:12:19,239,4.484935897435898
11:12:20,239,4.484935897435898
11:12:21,239,4.484935897435898
11:12:22,239,4.484935897435898
11:12:23,239,4.4697452229299355
11:12:24,240,4.4697452229299355
11:12:25,240,4.4697452229299355
11:12:26,240,4.4697452229299355
11:12:27,240,4.461181434599156
11:12:28,240,4.461181434599156
11:12:29,240,4.461181434599156
11:12:30,240,4.461181434599156
11:12:31,240,4.461181434599156
11:12:32,240,4.461181434599156
11:12:33,241,4.4480083857442345
11:12:34,241,4.466562499999999
11:12:35,241,4.466562499999999
11:12:36,241,4.466562499999999
11:12:37,241,4.466562499999999
11:12:38,241,4.487784679089027
11:12:39,241,4.487784679089027
11:12:40,241,4.474382716049383
11:12:41,241,4.474382716049383
11:12:42,241,4.474382716049383
11:12:43,241,4.474382716049383
11:12:44,241,4.474382716049383
11:12:45,241,4.495501022494888
11:12:46,241,4.495501022494888
11:12:47,241,4.517682926829268
11:12:48,241,4.517682926829268
11:12:49,241,4.517682926829268
11:12:50,241,4.517682926829268
11:12:51,241,4.517682926829268
11:12:52,241,4.517682926829268
11:12:53,241,4.517682926829268
11:12:54,241,4.535858585858586
11:12:55,241,4.535858585858586
11:12:56,241,4.535858585858586
11:12:57,242,4.535858585858586
11:12:58,242,4.535858585858586
11:12:59,242,4.535858585858586
11:13:00,242,4.535858585858586
11:13:01,243,4.535858585858586
11:13:02,243,4.535858585858586
11:13:03,243,4.535858585858586
11:13:04,244,4.535858585858586
11:13:05,244,4.535858585858586
11:13:06,244,4.535858585858586
11:13:07,244,4.564156626506024
11:13:08,245,4.564156626506024
11:13:09,245,4.564156626506024
11:13:10,245,4.564156626506024
11:13:11,246,4.564156626506024
11:13:12,246,4.564156626506024
11:13:13,246,4.564156626506024
11:13:14,246,4.580339321357285
11:13:15,247,4.580339321357285
11:13:16,247,4.580339321357285
11:13:17,247,4.569940476190476
11:13:18,247,4.569940476190476
11:13:19,247,4.569940476190476
11:13:20,247,4.569940476190476
11:13:21,247,4.569940476190476
11:13:22,247,4.569940476190476
11:13:23,247,4.569940476190476
11:13:24,247,4.569940476190476
11:13:25,247,4.569940476190476
11:13:26,247,4.595463510848126
11:13:27,248,4.595463510848126
11:13:28,248,4.595463510848126
11:13:29,248,4.616470588235294
11:13:30,248,4.616470588235294
11:13:31,248,4.616470588235294
11:13:32,248,4.616470588235294
11:13:33,248,4.616470588235294
11:13:34,248,4.616470588235294
11:13:35,248,4.616470588235294
11:13:36,248,4.639571150097466
11:13:37,248,4.639571150097466
11:13:38,249,4.639571150097466
11:13:39,249,4.661627906976745
11:13:40,249,4.661627906976745
11:13:41,249,4.661627906976745
11:13:42,249,4.682466281310212
11:13:43,249,4.682466281310212
11:13:44,249,4.682466281310212
11:13:45,249,4.682466281310212
11:13:46,249,4.702011494252874
11:13:47,249,4.702011494252874
11:13:48,249,4.702011494252874
11:13:49,249,4.702011494252874
11:13:50,249,4.702011494252874
11:13:51,249,4.702011494252874
11:13:52,249,4.724285714285714
11:13:53,249,4.724285714285714
11:13:54,249,4.709185606060606
11:13:55,249,4.709185606060606
11:13:56,249,4.709185606060606
11:13:57,249,4.709185606060606
11:13:58,249,4.709185606060606
11:13:59,249,4.709185606060606
11:14:00,249,4.709185606060606
11:14:01,249,4.695762711864407
11:14:02,249,4.695762711864407
11:14:03,249,4.695762711864407
11:14:04,249,4.695762711864407
11:14:05,249,4.695762711864407
11:14:06,250,4.713670411985019
11:14:07,250,4.713670411985019
11:14:08,250,4.738919925512104
11:14:09,250,4.738919925512104
11:14:10,250,4.738919925512104
11:14:11,250,4.738919925512104
11:14:12,250,4.738919925512104
11:14:13,250,4.725462962962963
11:14:14,250,4.725462962962963
11:14:15,250,4.725462962962963
11:14:16,250,4.725462962962963
11:14:17,250,4.725462962962963
11:14:18,251,4.725462962962963
11:14:19,251,4.74438305709024
11:14:20,251,4.74438305709024
11:14:21,251,4.74438305709024
11:14:22,252,4.74438305709024
11:14:23,252,4.74438305709024
11:14:24,253,4.74438305709024
11:14:25,253,4.74438305709024
11:14:26,253,4.74438305709024
11:14:27,253,4.765293040293041
11:14:28,253,4.765293040293041
11:14:29,253,4.786976320582878
11:14:30,254,4.786976320582878
11:14:31,254,4.808061594202899
11:14:32,254,4.808061594202899
11:14:33,255,4.808061594202899
11:14:34,255,4.808061594202899
11:14:35,255,4.808061594202899
11:14:36,255,4.808061594202899
11:14:37,255,4.808061594202899
11:14:38,256,4.824864864864865
11:14:39,257,4.824864864864865
11:14:40,257,4.824864864864865
11:14:41,258,4.824864864864865
11:14:42,258,4.824864864864865
11:14:43,258,4.824864864864865
11:14:44,259,4.830659536541889
11:14:45,260,4.830659536541889
11:14:46,260,4.830659536541889
11:14:47,262,4.830659536541889
11:14:48,262,4.830659536541889
11:14:49,263,4.830659536541889
11:14:50,264,4.830659536541889
11:14:51,264,4.830659536541889
11:14:52,265,4.830659536541889
11:14:53,266,4.830659536541889
11:14:54,266,4.848758865248227
11:14:55,266,4.848758865248227
11:14:56,267,4.8730158730158735
11:14:57,268,4.8730158730158735
11:14:58,268,4.8730158730158735
11:14:59,268,4.8730158730158735
11:15:00,269,4.8730158730158735
11:15:01,270,4.8730158730158735
11:15:02,270,4.893508771929825
11:15:03,270,4.893508771929825
11:15:04,271,4.893508771929825
11:15:05,272,4.893508771929825
11:15:06,273,4.893508771929825
11:15:07,273,4.893508771929825
11:15:08,273,4.893508771929825
11:15:09,273,4.893508771929825
11:15:10,274,4.881500872600349
11:15:11,274,4.881500872600349
11:15:12,274,4.899652777777778
11:15:13,275,4.899652777777778
11:15:14,275,4.899652777777778
11:15:15,275,4.899652777777778
11:15:16,275,4.922107081174439
11:15:17,276,4.922107081174439
11:15:18,276,4.922107081174439
11:15:19,276,4.922107081174439
11:15:20,277,4.922107081174439
11:15:21,277,4.922107081174439
11:15:22,278,4.922107081174439
11:15:23,278,4.922107081174439
11:15:24,278,4.922107081174439
11:15:25,279,4.922107081174439
11:15:26,279,4.922107081174439
11:15:27,279,4.922107081174439
11:15:28,279,4.940463917525773
11:15:29,279,4.940463917525773
11:15:30,279,4.940463917525773
11:15:31,281,4.964957264957265
11:15:32,281,4.964957264957265
11:15:33,281,4.964957264957265
11:15:34,282,4.986054421768708
11:15:35,282,4.986054421768708
11:15:36,282,4.986054421768708
11:15:37,282,5.00761421319797
11:15:38,283,5.00761421319797
11:15:39,284,5.00761421319797
11:15:40,285,5.00761421319797
11:15:41,286,5.00761421319797
11:15:42,286,5.00761421319797
11:15:43,287,5.00761421319797
11:15:44,287,5.00761421319797
11:15:45,288,5.00761421319797
11:15:46,289,5.00761421319797
11:15:47,289,5.00761421319797
11:15:48,291,5.00761421319797
11:15:49,291,5.00761421319797
11:15:50,291,5.00761421319797
11:15:51,292,5.00761421319797
11:15:52,292,5.00761421319797
11:15:53,293,5.00761421319797
11:15:54,293,5.00761421319797
11:15:55,294,5.00761421319797
11:15:56,294,5.0286195286195285
11:15:57,295,5.0286195286195285
11:15:58,296,5.0286195286195285
11:15:59,296,5.0286195286195285
11:16:00,297,5.0286195286195285
11:16:01,298,5.043299832495813
11:16:02,298,5.06175
11:16:03,298,5.06175
11:16:04,300,5.06175
11:16:05,301,5.06175
11:16:06,302,5.06175
11:16:07,302,5.06175
11:16:08,303,5.083996683250414
11:16:09,303,5.083996683250414
11:16:10,304,5.083996683250414
11:16:11,304,5.083996683250414
11:16:12,305,5.083996683250414
11:16:13,306,5.083996683250414
11:16:14,306,5.083996683250414
11:16:15,306,5.083996683250414
11:16:16,308,5.083996683250414
11:16:17,308,5.083996683250414
11:16:18,308,5.083996683250414
11:16:19,309,5.083996683250414
11:16:20,310,5.109405940594059
11:16:21,310,5.109405940594059
11:16:22,311,5.109405940594059
11:16:23,312,5.109405940594059
11:16:24,312,5.109405940594059
11:16:25,313,5.109405940594059
11:16:26,313,5.109405940594059
11:16:27,315,5.109405940594059
11:16:28,316,5.109405940594059
11:16:29,316,5.109405940594059
11:16:30,316,5.109405940594059
11:16:31,317,5.109405940594059
11:16:32,317,5.109405940594059
11:16:33,317,5.109405940594059
11:16:34,318,5.109405940594059
11:16:35,318,5.12495894909688
11:16:36,318,5.140849673202614
11:16:37,319,5.140849673202614
11:16:38,320,5.1258536585365855
11:16:39,320,5.1258536585365855
11:16:40,320,5.110032362459547
11:16:41,321,5.110032362459547
11:16:42,322,5.118990384615385
11:16:43,322,5.118990384615385
11:16:44,323,5.118990384615385
11:16:45,323,5.105661881977671
11:16:46,323,5.105661881977671
11:16:47,325,5.105661881977671
11:16:48,325,5.105661881977671
11:16:49,325,5.105661881977671
11:16:50,326,5.105661881977671
11:16:51,327,5.105661881977671
11:16:52,327,5.105661881977671
11:16:53,328,5.105661881977671
11:16:54,329,5.105661881977671
11:16:55,329,5.09
11:16:56,330,5.09
11:16:57,330,5.09
11:16:58,330,5.09
11:16:59,331,5.112954186413902
11:17:00,332,5.0998427672955975
11:17:01,332,5.0998427672955975
11:17:02,332,5.0998427672955975
11:17:03,332,5.0998427672955975
11:17:04,332,5.0998427672955975
11:17:05,332,5.0998427672955975
11:17:06,332,5.086697965571205
11:17:07,333,5.086697965571205
11:17:08,333,5.086697965571205
11:17:09,333,5.101085271317829
11:17:10,333,5.101085271317829
11:17:11,334,5.101085271317829
11:17:12,334,5.101085271317829
11:17:13,335,5.101085271317829
11:17:14,335,5.101085271317829
11:17:15,335,5.101085271317829
11:17:16,335,5.120756172839506
11:17:17,335,5.120756172839506
11:17:18,336,5.120756172839506
11:17:19,336,5.106758832565284
11:17:20,336,5.106758832565284
11:17:21,337,5.106758832565284
11:17:22,337,5.106758832565284
11:17:23,337,5.106758832565284
11:17:24,337,5.106758832565284
11:17:25,337,5.123165137614679
11:17:26,337,5.123165137614679
11:17:27,337,5.123165137614679
11:17:28,337,5.148097412480975
11:17:29,337,5.148097412480975
11:17:30,337,5.136515151515152
11:17:31,337,5.126244343891402
11:17:32,337,5.150075075075075
11:17:33,337,5.150075075075075
11:17:34,337,5.150075075075075
11:17:35,337,5.150075075075075
11:17:36,337,5.150075075075075
11:17:37,337,5.150075075075075
11:17:38,337,5.150075075075075
11:17:39,337,5.164200298953662
11:17:40,337,5.164200298953662
11:17:41,337,5.164200298953662
11:17:42,337,5.164200298953662
11:17:43,337,5.154613095238095
11:17:44,338,5.154613095238095
11:17:45,338,5.154613095238095
11:17:46,338,5.154613095238095
11:17:47,338,5.154613095238095
11:17:48,338,5.154613095238095
11:17:49,339,5.179111111111111
11:17:50,340,5.179111111111111
11:17:51,340,5.179111111111111
11:17:52,341,5.179111111111111
11:17:53,341,5.179111111111111
11:17:54,342,5.179111111111111
11:17:55,342,5.179111111111111
11:17:56,342,5.169026548672566
11:17:57,343,5.169026548672566
11:17:58,343,5.169005847953216
11:17:59,344,5.169005847953216
11:18:00,344,5.158005822416302
11:18:01,345,5.158005822416302
11:18:02,345,5.179202898550725
11:18:03,345,5.179202898550725
11:18:04,346,5.179202898550725
11:18:05,346,5.179202898550725
11:18:06,347,5.20007215007215
11:18:07,347,5.20007215007215
11:18:08,347,5.20007215007215
11:18:09,347,5.20007215007215
11:18:10,348,5.20007215007215
11:18:11,348,5.20007215007215
11:18:12,348,5.20007215007215
11:18:13,349,5.20007215007215
11:18:14,349,5.20007215007215
11:18:15,349,5.20007215007215
11:18:16,350,5.20007215007215
11:18:17,350,5.20007215007215
11:18:18,351,5.20007215007215
11:18:19,352,5.191163793103448
11:18:20,352,5.191163793103448
11:18:21,352,5.191163793103448
11:18:22,353,5.2118025751072965
11:18:23,353,5.2118025751072965
11:18:24,353,5.2118025751072965
11:18:25,354,5.225531914893617
11:18:26,354,5.225531914893617
11:18:27,354,5.225531914893617
11:18:28,354,5.225531914893617
11:18:29,355,5.225531914893617
11:18:30,355,5.234816384180791
11:18:31,355,5.234816384180791
11:18:32,357,5.2429676511954995
11:18:33,357,5.2429676511954995
11:18:34,357,5.234663865546219
11:18:35,358,5.234663865546219
11:18:36,358,5.234663865546219
11:18:37,359,5.225453277545328
11:18:38,359,5.225453277545328
11:18:39,360,5.244791666666667
11:18:40,360,5.244791666666667
11:18:41,360,5.244791666666667
11:18:42,361,5.265421853388658
11:18:43,361,5.265421853388658
11:18:44,361,5.265421853388658
11:18:45,361,5.265421853388658
11:18:46,361,5.2576446280991735
11:18:47,361,5.2576446280991735
11:18:48,361,5.2576446280991735
11:18:49,361,5.2576446280991735
11:18:50,361,5.2576446280991735
11:18:51,361,5.2576446280991735
11:18:52,361,5.2576446280991735
11:18:53,361,5.2576446280991735
11:18:54,361,5.2576446280991735
11:18:55,361,5.2576446280991735
11:18:56,361,5.2576446280991735
11:18:57,361,5.250068587105624
11:18:58,361,5.271243169398907
11:18:59,362,5.271243169398907
11:19:00,362,5.271243169398907
11:19:01,362,5.26578231292517
11:19:02,363,5.26578231292517
11:19:03,363,5.26578231292517
11:19:04,363,5.26578231292517
11:19:05,363,5.276422764227642
11:19:06,365,5.268690958164642
11:19:07,366,5.268690958164642
11:19:08,366,5.268690958164642
11:19:09,366,5.28991935483871
11:19:10,367,5.28991935483871
11:19:11,368,5.28991935483871
11:19:12,368,5.28991935483871
11:19:13,369,5.28991935483871
11:19:14,370,5.285809906291834
11:19:15,371,5.285809906291834
11:19:16,371,5.285809906291834
11:19:17,373,5.285809906291834
11:19:18,373,5.285809906291834
11:19:19,374,5.285809906291834
11:19:20,375,5.285809906291834
11:19:21,376,5.2956666666666665
11:19:22,377,5.28917662682603
11:19:23,377,5.28917662682603
11:19:24,380,5.28917662682603
11:19:25,380,5.28917662682603
11:19:26,382,5.283664021164021
11:19:27,382,5.302371541501976
11:19:28,383,5.302371541501976
11:19:29,384,5.302371541501976
11:19:30,384,5.302371541501976
11:19:31,384,5.302371541501976
11:19:32,385,5.302371541501976
11:19:33,385,5.296850393700788
11:19:34,386,5.296850393700788
11:19:35,388,5.296850393700788
11:19:36,389,5.296850393700788
11:19:37,389,5.296850393700788
11:19:38,391,5.296850393700788
11:19:39,391,5.296850393700788
11:19:40,392,5.300911458333333
11:19:41,393,5.300911458333333
11:19:42,395,5.295914396887159
11:19:43,395,5.316472868217054
11:19:44,396,5.316472868217054
11:19:45,396,5.3108108108108105
11:19:46,397,5.3108108108108105
11:19:47,399,5.3108108108108105
11:19:48,399,5.3108108108108105
11:19:49,401,5.3108108108108105
11:19:50,403,5.3108108108108105
11:19:51,403,5.3108108108108105
11:19:52,404,5.3108108108108105
11:19:53,406,5.3108108108108105
11:19:54,406,5.3108108108108105
11:19:55,407,5.3108108108108105
11:19:56,407,5.3108108108108105
11:19:57,408,5.3108108108108105
11:19:58,408,5.324871794871795
11:19:59,410,5.324871794871795
11:20:00,410,5.338505747126437
11:20:01,411,5.338505747126437
11:20:02,412,5.353180661577608
11:20:03,412,5.353180661577608
11:20:04,412,5.353180661577608
11:20:05,413,5.350506970849176
11:20:06,414,5.350506970849176
11:20:07,415,5.350506970849176
11:20:08,415,5.350506970849176
11:20:09,416,5.350506970849176
11:20:10,418,5.356818181818182
11:20:11,418,5.356818181818182
11:20:12,419,5.356818181818182
11:20:13,421,5.356818181818182
11:20:14,422,5.353270440251572
11:20:15,422,5.360275689223058
11:20:16,422,5.360275689223058
11:20:17,424,5.369776119402985
11:20:18,424,5.369776119402985
11:20:19,425,5.369776119402985
11:20:20,426,5.369776119402985
11:20:21,427,5.369776119402985
11:20:22,427,5.369776119402985
11:20:23,428,5.369776119402985
11:20:24,430,5.369776119402985
11:20:25,430,5.369776119402985
11:20:26,431,5.369776119402985
11:20:27,432,5.369776119402985
11:20:28,432,5.369776119402985
11:20:29,433,5.369776119402985
11:20:30,434,5.369776119402985
11:20:31,435,5.369776119402985
11:20:32,436,5.366109045848822
11:20:33,437,5.366109045848822
11:20:34,437,5.379691358024691
11:20:35,437,5.376814268142682
11:20:36,438,5.376814268142682
11:20:37,439,5.391299019607843
11:20:38,440,5.388766788766788
11:20:39,440,5.388766788766788
11:20:40,441,5.388766788766788
11:20:41,441,5.388766788766788
11:20:42,442,5.388766788766788
11:20:43,442,5.394890510948906
11:20:44,443,5.394890510948906
11:20:45,443,5.394890510948906
11:20:46,444,5.394890510948906
11:20:47,444,5.391636363636364
11:20:48,446,5.391636363636364
11:20:49,446,5.391636363636364
11:20:50,447,5.390458937198067
11:20:51,447,5.390458937198067
11:20:52,449,5.404271961492179
11:20:53,449,5.404271961492179
11:20:54,449,5.401618705035971
11:20:55,449,5.401618705035971
11:20:56,449,5.399880525686978
11:20:57,449,5.399880525686978
11:20:58,449,5.399880525686978
11:20:59,450,5.399880525686978
11:21:00,451,5.399880525686978
11:21:01,451,5.399880525686978
11:21:02,451,5.415535714285714
11:21:03,452,5.415535714285714
11:21:04,452,5.415535714285714
11:21:05,452,5.415535714285714
11:21:06,453,5.429715302491103
11:21:07,453,5.429715302491103
11:21:08,453,5.433037825059102
11:21:09,453,5.433037825059102
11:21:10,453,5.4468197879858655
11:21:11,455,5.4457746478873235
11:21:12,455,5.4457746478873235
11:21:13,455,5.4457746478873235
11:21:14,456,5.444736842105263
11:21:15,456,5.444736842105263
11:21:16,457,5.444736842105263
11:21:17,457,5.444736842105263
11:21:18,457,5.447902097902098
11:21:19,457,5.447902097902098
11:21:20,457,5.447902097902098
11:21:21,457,5.447677119628339
11:21:22,458,5.447677119628339
11:21:23,458,5.446064814814815
11:21:24,458,5.446064814814815
11:21:25,458,5.446064814814815
11:21:26,460,5.445386389850058
11:21:27,460,5.445386389850058
11:21:28,460,5.445386389850058
11:21:29,461,5.445386389850058
11:21:30,461,5.445386389850058
11:21:31,462,5.445386389850058
11:21:32,463,5.445386389850058
11:21:33,463,5.445386389850058
11:21:34,464,5.445386389850058
11:21:35,464,5.445386389850058
11:21:36,464,5.445386389850058
11:21:37,465,5.445386389850058
11:21:38,465,5.445386389850058
11:21:39,465,5.449942528735632
11:21:40,466,5.449942528735632
11:21:41,466,5.449942528735632
11:21:42,466,5.460824742268041
11:21:43,466,5.475142207053469
11:21:44,467,5.475142207053469
11:21:45,467,5.47579365079365
11:21:46,468,5.47579365079365
11:21:47,468,5.47579365079365
11:21:48,468,5.47579365079365
11:21:49,468,5.47579365079365
11:21:50,468,5.47579365079365
11:21:51,469,5.4914124293785305
11:21:52,471,5.4914124293785305
11:21:53,471,5.488288288288288
11:21:54,471,5.488288288288288
11:21:55,474,5.488288288288288
11:21:56,474,5.487654320987654
11:21:57,474,5.498601789709172
11:21:58,475,5.499052396878484
11:21:59,476,5.499052396878484
11:22:00,476,5.4992777777777775
11:22:01,477,5.4992777777777775
11:22:02,477,5.4992777777777775
11:22:03,478,5.4992777777777775
11:22:04,478,5.500775193798449
11:22:05,478,5.500775193798449
11:22:06,479,5.500775193798449
11:22:07,481,5.500775193798449
11:22:08,481,5.500775193798449
11:22:09,482,5.500775193798449
11:22:10,484,5.500775193798449
11:22:11,484,5.500775193798449
11:22:12,484,5.496854304635762
11:22:13,484,5.496854304635762
11:22:14,485,5.498129812981299
11:22:15,485,5.498129812981299
11:22:16,485,5.498129812981299
11:22:17,486,5.498129812981299
11:22:18,486,5.499013157894737
11:22:19,486,5.499013157894737
11:22:20,486,5.499013157894737
11:22:21,487,5.499013157894737
11:22:22,487,5.499013157894737
11:22:23,487,5.499013157894737
11:22:24,487,5.499013157894737
11:22:25,487,5.499013157894737
11:22:26,487,5.499013157894737
11:22:27,487,5.51207650273224
11:22:28,488,5.51207650273224
11:22:29,488,5.52140522875817
11:22:30,488,5.521986970684039
11:22:31,488,5.521986970684039
11:22:32,488,5.533495670995672
11:22:33,488,5.533495670995672
11:22:34,489,5.535329018338727
11:22:35,489,5.535329018338727
11:22:36,489,5.535329018338727
11:22:37,489,5.535329018338727
11:22:38,490,5.535329018338727
11:22:39,490,5.535329018338727
11:22:40,490,5.535329018338727
11:22:41,491,5.535329018338727
11:22:42,491,5.535329018338727
11:22:43,491,5.535329018338727
11:22:44,492,5.534784946236559
11:22:45,493,5.534784946236559
11:22:46,493,5.534784946236559
11:22:47,494,5.547588424437299
11:22:48,495,5.547588424437299
11:22:49,496,5.547588424437299
11:22:50,496,5.548450854700855
11:22:51,496,5.548450854700855
11:22:52,497,5.550798722044728
11:22:53,497,5.550798722044728
11:22:54,497,5.550798722044728
11:22:55,498,5.552441613588111
11:22:56,498,5.552441613588111
11:22:57,498,5.552441613588111
11:22:58,498,5.556243386243386
11:22:59,499,5.556243386243386
11:23:00,499,5.556243386243386
11:23:01,499,5.552953586497891
11:23:02,499,5.552953586497891
11:23:03,499,5.552953586497891
11:23:04,499,5.552953586497891
11:23:05,499,5.552953586497891
11:23:06,499,5.552953586497891
11:23:07,499,5.552953586497891
11:23:08,499,5.552953586497891
11:23:09,499,5.552953586497891
11:23:10,499,5.552953586497891
11:23:11,499,5.552953586497891
11:23:12,499,5.552953586497891
11:23:13,499,5.552953586497891
11:23:14,499,5.555362776025237
11:23:15,499,5.555362776025237
11:23:16,499,5.555362776025237
11:23:17,499,5.555362776025237
11:23:18,499,5.566142557651991
11:23:19,499,5.566142557651991
11:23:20,499,5.572727272727273
11:23:21,499,5.571666666666667
11:23:22,499,5.571666666666667
11:23:23,499,5.583954451345756
11:23:24,500,5.583954451345756
11:23:25,500,5.594444444444445
11:23:26,500,5.594444444444445
11:23:27,500,5.594444444444445
11:23:28,500,5.594444444444445
11:23:29,500,5.599076923076923
11:23:30,500,5.599076923076923
11:23:31,500,5.599076923076923
11:23:32,500,5.599076923076923
11:23:33,500,5.599076923076923
11:23:34,500,5.599076923076923
11:23:35,500,5.599076923076923
11:23:36,501,5.599076923076923
11:23:37,501,5.599076923076923
11:23:38,501,5.605010224948875
11:23:39,501,5.605010224948875
11:23:40,504,5.605010224948875
11:23:41,504,5.605010224948875
11:23:42,504,5.605810397553516
11:23:43,504,5.609502032520325
11:23:44,504,5.609502032520325
11:23:45,504,5.609502032520325
11:23:46,505,5.609502032520325
11:23:47,505,5.609502032520325
11:23:48,505,5.609502032520325
11:23:49,506,5.608308004052685
11:23:50,506,5.608308004052685
11:23:51,506,5.608308004052685
11:23:52,507,5.607929292929294
11:23:53,507,5.607929292929294
11:23:54,508,5.611430010070493
11:23:55,509,5.611430010070493
11:23:56,509,5.611430010070493
11:23:57,510,5.615863453815261
11:23:58,512,5.615863453815261
11:23:59,512,5.615863453815261
11:24:00,513,5.615863453815261
11:24:01,513,5.615863453815261
11:24:02,515,5.615863453815261
11:24:03,516,5.615863453815261
11:24:04,516,5.621121121121121
11:24:05,517,5.621121121121121
11:24:06,518,5.621121121121121
11:24:07,518,5.621121121121121
11:24:08,518,5.621121121121121
11:24:09,519,5.621121121121121
11:24:10,519,5.621121121121121
11:24:11,519,5.627395209580839
11:24:12,520,5.629004975124378
11:24:13,520,5.629004975124378
11:24:14,520,5.629004975124378
11:24:15,520,5.629004975124378
11:24:16,521,5.629004975124378
11:24:17,521,5.629004975124378
11:24:18,521,5.629004975124378
11:24:19,521,5.6455984174085065
11:24:20,521,5.6455984174085065
11:24:21,521,5.6455984174085065
11:24:22,522,5.6455984174085065
11:24:23,522,5.6455984174085065
11:24:24,522,5.6455984174085065
11:24:25,522,5.6455984174085065
11:24:26,522,5.6455984174085065
11:24:27,523,5.645857988165681
11:24:28,523,5.652064896755163
11:24:29,523,5.654264705882353
11:24:30,523,5.654264705882353
11:24:31,524,5.657038123167156
11:24:32,524,5.657038123167156
11:24:33,524,5.658966861598441
11:24:34,524,5.658966861598441
11:24:35,525,5.658966861598441
11:24:36,525,5.658966861598441
11:24:37,525,5.658966861598441
11:24:38,525,5.658966861598441
11:24:39,526,5.658966861598441
11:24:40,527,5.658966861598441
11:24:41,527,5.657968901846453
11:24:42,527,5.657968901846453
11:24:43,528,5.657968901846453
11:24:44,528,5.657968901846453
11:24:45,529,5.659544573643411
11:24:46,530,5.659544573643411
11:24:47,530,5.659544573643411
11:24:48,530,5.659544573643411
11:24:49,532,5.659544573643411
11:24:50,532,5.665173410404624
11:24:51,532,5.665173410404624
11:24:52,532,5.665173410404624
11:24:53,533,5.671565802113352
11:24:54,533,5.671565802113352
11:24:55,533,5.671565802113352
11:24:56,533,5.671565802113352
11:24:57,534,5.671565802113352
11:24:58,535,5.677586206896551
11:24:59,535,5.677586206896551
11:25:00,535,5.677316141356256
11:25:01,536,5.677316141356256
11:25:02,537,5.677316141356256
11:25:03,537,5.680285714285715
11:25:04,538,5.680285714285715
11:25:05,538,5.682716049382717
11:25:06,538,5.682716049382717
11:25:07,539,5.682716049382717
11:25:08,539,5.690246212121212
11:25:09,539,5.7025495750708215
11:25:10,539,5.7025495750708215
11:25:11,539,5.703907721280602
11:25:12,540,5.703907721280602
11:25:13,540,5.703907721280602
11:25:14,540,5.703907721280602
11:25:15,540,5.703907721280602
11:25:16,541,5.703907721280602
11:25:17,542,5.703907721280602
11:25:18,542,5.711924882629108
11:25:19,542,5.711924882629108
11:25:20,542,5.711924882629108
11:25:21,543,5.711924882629108
11:25:22,543,5.711924882629108
11:25:23,543,5.711924882629108
11:25:24,543,5.711924882629108
11:25:25,544,5.711924882629108
11:25:26,544,5.716760299625468
11:25:27,544,5.716760299625468
11:25:28,544,5.716760299625468
11:25:29,544,5.716760299625468
11:25:30,545,5.716760299625468
11:25:31,545,5.717320261437909
11:25:32,545,5.717320261437909
11:25:33,546,5.717320261437909
11:25:34,546,5.724627560521415
11:25:35,546,5.727948003714021
11:25:36,546,5.727948003714021
11:25:37,546,5.730046296296297
11:25:38,546,5.732225300092336
11:25:39,546,5.737937384898711
11:25:40,546,5.737937384898711
11:25:41,547,5.739853076216713
11:25:42,547,5.739853076216713
11:25:43,547,5.745844748858447
11:25:44,547,5.745844748858447
11:25:45,547,5.745844748858447
11:25:46,547,5.745844748858447
11:25:47,547,5.745844748858447
11:25:48,547,5.745844748858447
11:25:49,547,5.746311475409836
11:25:50,547,5.746311475409836
11:25:51,547,5.746311475409836
11:25:52,547,5.746311475409836
11:25:53,547,5.746311475409836
11:25:54,547,5.746311475409836
11:25:55,547,5.746311475409836
11:25:56,547,5.749227974568574
11:25:57,547,5.749227974568574
11:25:58,547,5.749227974568574
11:25:59,547,5.749227974568574
11:26:00,547,5.749227974568574
11:26:01,547,5.749227974568574
11:26:02,547,5.756114130434782
11:26:03,547,5.756114130434782
11:26:04,547,5.756114130434782
11:26:05,547,5.757452574525745
11:26:06,547,5.757452574525745
11:26:07,547,5.757452574525745
11:26:08,548,5.757252252252252
11:26:09,549,5.757252252252252
11:26:10,549,5.757252252252252
11:26:11,550,5.757252252252252
11:26:12,550,5.757252252252252
11:26:13,550,5.757252252252252
11:26:14,550,5.757252252252252
11:26:15,550,5.760781671159029
11:26:16,550,5.760781671159029
11:26:17,551,5.760781671159029
11:26:18,551,5.760781671159029
11:26:19,551,5.760781671159029
11:26:20,551,5.760781671159029
11:26:21,551,5.760781671159029
11:26:22,552,5.760781671159029
11:26:23,552,5.764023297491039
11:26:24,552,5.764023297491039
11:26:25,553,5.764023297491039
11:26:26,553,5.764023297491039
11:26:27,555,5.764023297491039
11:26:28,555,5.764023297491039
11:26:29,556,5.764023297491039
11:26:30,558,5.764023297491039
11:26:31,558,5.766443252904379
11:26:32,558,5.772147950089126
11:26:33,558,5.772147950089126
11:26:34,559,5.772147950089126
11:26:35,560,5.772147950089126
11:26:36,560,5.772147950089126
11:26:37,560,5.772147950089126
11:26:38,561,5.776577777777778
11:26:39,561,5.776577777777778
11:26:40,562,5.7808067375886525
11:26:41,563,5.7808067375886525
11:26:42,563,5.7808067375886525
11:26:43,563,5.789726631393298
11:26:44,563,5.789726631393298
11:26:45,563,5.79469298245614
11:26:46,563,5.79469298245614
11:26:47,563,5.79469298245614
11:26:48,563,5.7991688538932635
11:26:49,563,5.7991688538932635
11:26:50,563,5.7991688538932635
11:26:51,563,5.803534031413613
11:26:52,564,5.811053089643168
11:26:53,564,5.811053089643168
11:26:54,564,5.813107638888889
11:26:55,564,5.813107638888889
11:26:56,564,5.813107638888889
11:26:57,564,5.813107638888889
11:26:58,564,5.813107638888889
11:26:59,564,5.813107638888889
11:27:00,564,5.813107638888889
11:27:01,564,5.817142857142857
11:27:02,564,5.817142857142857
11:27:03,564,5.817142857142857
11:27:04,564,5.817142857142857
11:27:05,564,5.817142857142857
11:27:06,564,5.824978466838932
11:27:07,564,5.824978466838932
11:27:08,564,5.824978466838932
11:27:09,565,5.824978466838932
11:27:10,565,5.824978466838932
11:27:11,565,5.824978466838932
11:27:12,565,5.824978466838932
11:27:13,565,5.824978466838932
11:27:14,565,5.8293384879725085
11:27:15,565,5.8293384879725085
11:27:16,565,5.833547557840617
11:27:17,565,5.833547557840617
11:27:18,565,5.833547557840617
11:27:19,566,5.833547557840617
11:27:20,566,5.833547557840617
11:27:21,567,5.833547557840617
11:27:22,567,5.833547557840617
11:27:23,567,5.833547557840617
11:27:24,567,5.833547557840617
11:27:25,567,5.838418803418803
11:27:26,567,5.838418803418803
11:27:27,567,5.838418803418803
11:27:28,567,5.843989769820971
11:27:29,567,5.843989769820971
11:27:30,568,5.843989769820971
11:27:31,568,5.846003401360544
11:27:32,568,5.846003401360544
11:27:33,569,5.846003401360544
11:27:34,569,5.8497879558948265
11:27:35,569,5.855499153976312
11:27:36,569,5.855499153976312
11:27:37,572,5.855499153976312
11:27:38,572,5.855499153976312
11:27:39,572,5.860759493670886
11:27:40,572,5.860759493670886
11:27:41,573,5.860759493670886
11:27:42,573,5.860759493670886
11:27:43,574,5.860759493670886
11:27:44,574,5.863510101010101
11:27:45,575,5.863510101010101
11:27:46,576,5.8726280436607885
11:27:47,576,5.8726280436607885
11:27:48,576,5.87713567839196
11:27:49,577,5.87713567839196
11:27:50,577,5.882539682539683
11:27:51,577,5.883375
11:27:52,578,5.883375
11:27:53,579,5.883375
11:27:54,579,5.883375
11:27:55,579,5.883375
11:27:56,579,5.883375
11:27:57,579,5.888528678304239
11:27:58,581,5.888528678304239
11:27:59,581,5.888528678304239
11:28:00,581,5.888528678304239
11:28:01,581,5.888528678304239
11:28:02,581,5.888528678304239
11:28:03,581,5.888528678304239
11:28:04,581,5.888528678304239
11:28:05,581,5.888528678304239
11:28:06,581,5.888528678304239
11:28:07,582,5.893034825870647
11:28:08,582,5.893034825870647
11:28:09,582,5.893034825870647
11:28:10,583,5.893034825870647
11:28:11,583,5.900372208436725
11:28:12,583,5.900372208436725
11:28:13,583,5.900372208436725
11:28:14,584,5.900372208436725
11:28:15,584,5.900372208436725
11:28:16,584,5.900372208436725
11:28:17,584,5.900372208436725
11:28:18,585,5.900372208436725
11:28:19,585,5.900372208436725
11:28:20,585,5.900372208436725
11:28:21,585,5.907178217821782
11:28:22,585,5.907178217821782
11:28:23,585,5.907178217821782
11:28:24,585,5.91156378600823
11:28:25,585,5.91871921182266
11:28:26,585,5.923218673218673
11:28:27,585,5.923218673218673
11:28:28,585,5.923218673218673
11:28:29,585,5.923218673218673
11:28:30,585,5.930065359477124
11:28:31,585,5.930065359477124
11:28:32,586,5.930065359477124
11:28:33,587,5.937082314588427
11:28:34,587,5.937082314588427
11:28:35,587,5.937082314588427
11:28:36,588,5.941138211382113
11:28:37,589,5.941138211382113
11:28:38,589,5.95
11:28:39,589,5.956836569579289
11:28:40,590,5.956836569579289
11:28:41,590,5.958878127522196
11:28:42,590,5.958878127522196
11:28:43,590,5.958878127522196
11:28:44,590,5.9665056360708535
11:28:45,591,5.9665056360708535
11:28:46,591,5.97433734939759
11:28:47,591,5.97433734939759
11:28:48,592,5.97433734939759
11:28:49,592,5.97433734939759
11:28:50,592,5.97433734939759
11:28:51,593,5.97433734939759
11:28:52,593,5.97433734939759
11:28:53,593,5.97433734939759
11:28:54,594,5.97433734939759
11:28:55,594,5.97433734939759
11:28:56,594,5.97433734939759
11:28:57,594,5.97433734939759
11:28:58,594,5.98145032051282
11:28:59,595,5.986610711430855
11:29:00,595,5.986610711430855
11:29:01,595,5.986610711430855
11:29:02,595,5.986610711430855
11:29:03,595,5.994098883572567
11:29:04,595,5.994098883572567
11:29:05,595,5.994098883572567
11:29:06,595,5.994098883572567
11:29:07,595,5.994098883572567
11:29:08,595,5.994098883572567
11:29:09,595,5.994098883572567
11:29:10,595,6.001750198886238
11:29:11,595,6.001750198886238
11:29:12,595,6.001750198886238
11:29:13,595,6.004325396825396
11:29:14,595,6.004325396825396
11:29:15,595,6.004325396825396
11:29:16,595,6.010134600158353
11:29:17,595,6.010134600158353
11:29:18,595,6.010134600158353
11:29:19,595,6.018364928909953
11:29:20,595,6.018364928909953
11:29:21,595,6.0220252167060675
11:29:22,595,6.028655660377358
11:29:23,595,6.028655660377358
11:29:24,595,6.028655660377358
11:29:25,596,6.028655660377358
11:29:26,596,6.028655660377358
11:29:27,596,6.035529411764705
11:29:28,596,6.035529411764705
11:29:29,596,6.035529411764705
11:29:30,596,6.035529411764705
11:29:31,596,6.035529411764705
11:29:32,596,6.035529411764705
11:29:33,596,6.035529411764705
11:29:34,596,6.035529411764705
11:29:35,596,6.035529411764705
11:29:36,596,6.035529411764705
11:29:37,596,6.045109546165884
11:29:38,597,6.053239656518345
11:29:39,597,6.053239656518345
11:29:40,597,6.053239656518345
11:29:41,598,6.053239656518345
11:29:42,599,6.055023364485981
11:29:43,600,6.055023364485981
11:29:44,600,6.055023364485981
11:29:45,601,6.055023364485981
11:29:46,601,6.06006216006216
11:29:47,602,6.067906976744186
11:29:48,602,6.067906976744186
11:29:49,603,6.067906976744186
11:29:50,603,6.077610208816705
11:29:51,603,6.077610208816705
11:29:52,603,6.077610208816705
11:29:53,603,6.077610208816705
11:29:54,603,6.077610208816705
11:29:55,604,6.081442901234568
11:29:56,604,6.081442901234568
11:29:57,604,6.081442901234568
11:29:58,604,6.081442901234568
11:29:59,605,6.081442901234568
11:30:00,605,6.089953810623556
11:30:01,605,6.089953810623556
11:30:02,605,6.089953810623556
11:30:03,606,6.089953810623556
11:30:04,606,6.0950844854070665
11:30:05,607,6.0950844854070665
11:30:06,607,6.100651340996168
11:30:07,607,6.100651340996168
11:30:08,607,6.110244648318043
11:30:09,608,6.110244648318043
11:30:10,608,6.119755911517926
11:30:11,608,6.119755911517926
11:30:12,608,6.127587519025876
11:30:13,609,6.127587519025876
11:30:14,610,6.127587519025876
11:30:15,610,6.127587519025876
11:30:16,611,6.127587519025876
11:30:17,611,6.127587519025876
11:30:18,611,6.127587519025876
11:30:19,613,6.127587519025876
11:30:20,613,6.127587519025876
11:30:21,613,6.127587519025876
11:30:22,613,6.135231586940015
11:30:23,614,6.135231586940015
11:30:24,614,6.135231586940015
11:30:25,614,6.135231586940015
11:30:26,614,6.135231586940015
11:30:27,614,6.135231586940015
11:30:28,616,6.138939393939394
11:30:29,617,6.149584278155706
11:30:30,617,6.149584278155706
11:30:31,618,6.149584278155706
11:30:32,618,6.149584278155706
11:30:33,618,6.149584278155706
11:30:34,619,6.149584278155706
11:30:35,619,6.155392156862745
11:30:36,619,6.155392156862745
11:30:37,619,6.155392156862745
11:30:38,620,6.155392156862745
11:30:39,621,6.160948081264109
11:30:40,622,6.160948081264109
11:30:41,622,6.160948081264109
11:30:42,622,6.1768913857677905
11:30:43,624,6.1768913857677905
11:30:44,624,6.186173393124066
11:30:45,624,6.186173393124066
11:30:46,625,6.186173393124066
11:30:47,627,6.1957121551081284
11:30:48,627,6.2051711309523805
11:30:49,627,6.2051711309523805
11:30:50,627,6.2051711309523805
11:30:51,627,6.215404602821084
11:30:52,627,6.215404602821084
11:30:53,627,6.215404602821084
11:30:54,627,6.2214074074074075
11:30:55,627,6.2214074074074075
11:30:56,627,6.2214074074074075
11:30:57,627,6.2214074074074075
11:30:58,627,6.2214074074074075
11:30:59,627,6.2214074074074075
11:31:00,627,6.2214074074074075
11:31:01,627,6.231633407243163
11:31:02,627,6.231633407243163
11:31:03,627,6.246431199411332
11:31:04,627,6.246431199411332
11:31:05,628,6.246431199411332
11:31:06,628,6.246431199411332
11:31:07,628,6.246431199411332
11:31:08,629,6.246431199411332
11:31:09,629,6.246431199411332
11:31:10,629,6.246431199411332
11:31:11,629,6.246431199411332
11:31:12,630,6.246431199411332
11:31:13,630,6.251541850220264
11:31:14,631,6.251541850220264
11:31:15,632,6.251541850220264
11:31:16,633,6.251541850220264
11:31:17,633,6.251541850220264
11:31:18,633,6.251541850220264
11:31:19,634,6.251541850220264
11:31:20,634,6.251541850220264
11:31:21,634,6.251541850220264
11:31:22,634,6.251541850220264
11:31:23,634,6.251541850220264
11:31:24,634,6.251541850220264
11:31:25,634,6.251541850220264
11:31:26,634,6.251541850220264
11:31:27,634,6.251541850220264
11:31:28,634,6.256923076923076
11:31:29,634,6.256923076923076
11:31:30,634,6.26297514619883
11:31:31,634,6.273231218088986
11:31:32,634,6.278165938864629
11:31:33,634,6.2880174291939
11:31:34,634,6.2880174291939
11:31:35,634,6.2880174291939
11:31:36,634,6.2880174291939
11:31:37,635,6.2880174291939
11:31:38,635,6.300903832248735
11:31:39,635,6.300903832248735
11:31:40,635,6.311327561327561
11:31:41,635,6.321166306695464
11:31:42,635,6.321166306695464
11:31:43,635,6.321166306695464
11:31:44,635,6.321166306695464
11:31:45,635,6.329885057471264
11:31:46,635,6.329885057471264
11:31:47,635,6.334265232974911
11:31:48,635,6.334265232974911
11:31:49,635,6.343454935622318
11:31:50,635,6.343454935622318
11:31:51,635,6.352855103497502
11:31:52,635,6.352855103497502
11:31:53,635,6.352855103497502
11:31:54,635,6.352855103497502
11:31:55,636,6.356232193732194
11:31:56,636,6.356232193732194
11:31:57,636,6.356232193732194
11:31:58,636,6.356232193732194
11:31:59,636,6.356232193732194
11:32:00,636,6.356232193732194
11:32:01,636,6.356232193732194
11:32:02,636,6.356232193732194
11:32:03,636,6.356232193732194
11:32:04,636,6.356232193732194
11:32:05,636,6.356232193732194
11:32:06,636,6.356232193732194
11:32:07,636,6.356232193732194
11:32:08,636,6.356232193732194
11:32:09,636,6.356232193732194
11:32:10,636,6.356232193732194
11:32:11,636,6.356232193732194
11:32:12,637,6.356232193732194
11:32:13,637,6.356232193732194
11:32:14,637,6.356232193732194
11:32:15,637,6.356232193732194
11:32:16,637,6.356232193732194
11:32:17,637,6.356232193732194
11:32:18,637,6.360625444207534
11:32:19,638,6.360625444207534
11:32:20,639,6.360625444207534
11:32:21,639,6.360625444207534
11:32:22,641,6.375053078556263
11:32:23,641,6.375053078556263
11:32:24,641,6.375053078556263
11:32:25,642,6.375053078556263
11:32:26,642,6.375053078556263
11:32:27,642,6.3865819209039545
11:32:28,643,6.396793516560959
11:32:29,645,6.396793516560959
11:32:30,645,6.4007735583684955
11:32:31,646,6.413298245614035
11:32:32,646,6.413298245614035
11:32:33,647,6.413298245614035
11:32:34,647,6.423704481792717
11:32:35,649,6.423704481792717
11:32:36,650,6.428721174004193
11:32:37,650,6.428721174004193
11:32:38,650,6.428721174004193
11:32:39,652,6.428721174004193
11:32:40,653,6.441562064156206
11:32:41,653,6.450661099512874
11:32:42,654,6.450661099512874
11:32:43,655,6.456041666666667
11:32:44,655,6.456041666666667
11:32:45,655,6.456041666666667
11:32:46,656,6.456041666666667
11:32:47,656,6.456041666666667
11:32:48,656,6.466216216216216
11:32:49,657,6.466216216216216
11:32:50,657,6.466216216216216
11:32:51,658,6.466216216216216
11:32:52,658,6.4710926694329185
11:32:53,658,6.4710926694329185
11:32:54,659,6.4710926694329185
11:32:55,659,6.475569358178054
11:32:56,659,6.475569358178054
11:32:57,661,6.475569358178054
11:32:58,661,6.475569358178054
11:32:59,661,6.488050964187328
11:33:00,662,6.488050964187328
11:33:01,664,6.488050964187328
11:33:02,664,6.488050964187328
11:33:03,665,6.488050964187328
11:33:04,666,6.488050964187328
11:33:05,666,6.488050964187328
11:33:06,666,6.488050964187328
11:33:07,667,6.488050964187328
11:33:08,667,6.488050964187328
11:33:09,667,6.50127147766323
11:33:10,667,6.50127147766323
11:33:11,668,6.50127147766323
11:33:12,668,6.510665294924554
11:33:13,669,6.510665294924554
11:33:14,669,6.523648186173854
11:33:15,669,6.523648186173854
11:33:16,671,6.5344945355191255
11:33:17,671,6.5344945355191255
11:33:18,671,6.539366053169734
11:33:19,672,6.539366053169734
11:33:20,672,6.544829931972789
11:33:21,672,6.544829931972789
11:33:22,672,6.54857433808554
11:33:23,673,6.54857433808554
11:33:24,673,6.54857433808554
11:33:25,673,6.54857433808554
11:33:26,674,6.54857433808554
11:33:27,675,6.559485094850948
11:33:28,675,6.559485094850948
11:33:29,675,6.576518218623481
11:33:30,676,6.576518218623481
11:33:31,677,6.587508417508418
11:33:32,677,6.589112903225807
11:33:33,677,6.589112903225807
11:33:34,679,6.598893360160966
11:33:35,679,6.598893360160966
11:33:36,679,6.598893360160966
11:33:37,679,6.610943775100401
11:33:38,680,6.610943775100401
11:33:39,680,6.610943775100401
11:33:40,680,6.615397461589847
11:33:41,681,6.615397461589847
11:33:42,682,6.615397461589847
11:33:43,682,6.615397461589847
11:33:44,683,6.6222666666666665
11:33:45,684,6.6222666666666665
11:33:46,684,6.6222666666666665
11:33:47,685,6.6222666666666665
11:33:48,686,6.632601463739189
11:33:49,686,6.632601463739189
11:33:50,686,6.632601463739189
11:33:51,687,6.637450199203188
11:33:52,687,6.637450199203188
11:33:53,687,6.637450199203188
11:33:54,687,6.637450199203188
11:33:55,688,6.637450199203188
11:33:56,688,6.637450199203188
11:33:57,688,6.637450199203188
11:33:58,688,6.637450199203188
11:33:59,688,6.637450199203188
11:34:00,688,6.637450199203188
11:34:01,688,6.637450199203188
11:34:02,690,6.64831013916501
11:34:03,690,6.654001322751323
11:34:04,690,6.654001322751323
11:34:05,691,6.654001322751323
11:34:06,692,6.654001322751323
11:34:07,692,6.6596699669967
11:34:08,692,6.6596699669967
11:34:09,692,6.6706521739130435
11:34:10,692,6.6706521739130435
11:34:11,692,6.6706521739130435
11:34:12,692,6.6706521739130435
11:34:13,692,6.6706521739130435
11:34:14,692,6.6706521739130435
11:34:15,692,6.6706521739130435
11:34:16,692,6.6706521739130435
11:34:17,692,6.6706521739130435
11:34:18,692,6.6706521739130435
11:34:19,693,6.6706521739130435
11:34:20,694,6.6706521739130435
11:34:21,695,6.6706521739130435
11:34:22,695,6.6706521739130435
11:34:23,695,6.675838264299802
11:34:24,695,6.675838264299802
11:34:25,697,6.681889763779528
11:34:26,697,6.681889763779528
11:34:27,697,6.687393582187296
11:34:28,698,6.687393582187296
11:34:29,698,6.7034898891063275
11:34:30,698,6.7034898891063275
11:34:31,699,6.7034898891063275
11:34:32,699,6.7034898891063275
11:34:33,699,6.714192708333333
11:34:34,699,6.714192708333333
11:34:35,700,6.714192708333333
11:34:36,700,6.725795971410006
11:34:37,700,6.725795971410006
11:34:38,700,6.740175097276264
11:34:39,701,6.740175097276264
11:34:40,701,6.740175097276264
11:34:41,701,6.750258899676376
11:34:42,701,6.755135658914728
11:34:43,702,6.755135658914728
11:34:44,702,6.755135658914728
11:34:45,703,6.755135658914728
11:34:46,703,6.755135658914728
11:34:47,703,6.755135658914728
11:34:48,703,6.755135658914728
11:34:49,704,6.755135658914728
11:34:50,704,6.755135658914728
11:34:51,704,6.7663442940038685
11:34:52,704,6.7663442940038685
11:34:53,705,6.772554697554697
11:34:54,705,6.772554697554697
11:34:55,705,6.772554697554697
11:34:56,706,6.772554697554697
11:34:57,706,6.772554697554697
11:34:58,706,6.772554697554697
11:34:59,706,6.778034682080925
11:35:00,707,6.778034682080925
11:35:01,707,6.788910256410257
11:35:02,707,6.788910256410257
11:35:03,708,6.788910256410257
11:35:04,708,6.788910256410257
11:35:05,708,6.788910256410257
11:35:06,708,6.788910256410257
11:35:07,709,6.788910256410257
11:35:08,709,6.788910256410257
11:35:09,709,6.788910256410257
11:35:10,710,6.788910256410257
11:35:11,710,6.8007037747920664
11:35:12,710,6.8007037747920664
11:35:13,711,6.8007037747920664
11:35:14,711,6.8007037747920664
11:35:15,711,6.802266922094508
11:35:16,712,6.802266922094508
11:35:17,712,6.809369024856596
11:35:18,712,6.809369024856596
11:35:19,712,6.818034351145038
11:35:20,712,6.818034351145038
11:35:21,712,6.818034351145038
11:35:22,712,6.818034351145038
11:35:23,712,6.818034351145038
11:35:24,712,6.830222222222222
11:35:25,712,6.830222222222222
11:35:26,712,6.842458808618504
11:35:27,712,6.848228969006957
11:35:28,713,6.856849747474748
11:35:29,713,6.856849747474748
11:35:30,713,6.856849747474748
11:35:31,713,6.86638311279143
11:35:32,713,6.86638311279143
11:35:33,713,6.86638311279143
11:35:34,713,6.869276729559748
11:35:35,713,6.869276729559748
11:35:36,714,6.869276729559748
11:35:37,715,6.869276729559748
11:35:38,716,6.869276729559748
11:35:39,716,6.869276729559748
11:35:40,716,6.869276729559748
11:35:41,716,6.869276729559748
11:35:42,716,6.869276729559748
11:35:43,717,6.878436911487759
11:35:44,717,6.878436911487759
11:35:45,717,6.878436911487759
11:35:46,719,6.878436911487759
11:35:47,719,6.878436911487759
11:35:48,720,6.882988721804511
11:35:49,721,6.89443402126329
11:35:50,723,6.89443402126329
11:35:51,723,6.89443402126329
11:35:52,724,6.89443402126329
11:35:53,724,6.89443402126329
11:35:54,724,6.89443402126329
11:35:55,724,6.89443402126329
11:35:56,725,6.9040262172284645
11:35:57,725,6.9040262172284645
11:35:58,725,6.915700934579439
11:35:59,725,6.9273942786069655
11:36:00,725,6.9273942786069655
11:36:01,725,6.9273942786069655
11:36:02,725,6.9273942786069655
11:36:03,725,6.9273942786069655
11:36:04,725,6.9273942786069655
11:36:05,726,6.9283985102420855
11:36:06,726,6.9283985102420855
11:36:07,726,6.9283985102420855
11:36:08,727,6.9283985102420855
11:36:09,727,6.936183395291201
11:36:10,728,6.936183395291201
11:36:11,728,6.936183395291201
11:36:12,728,6.936183395291201
11:36:13,728,6.936183395291201
11:36:14,728,6.936183395291201
11:36:15,728,6.936183395291201
11:36:16,728,6.936183395291201
11:36:17,728,6.948487654320988
11:36:18,728,6.948487654320988
11:36:19,728,6.948487654320988
11:36:20,728,6.948487654320988
11:36:21,728,6.948487654320988
11:36:22,728,6.950061614294516
11:36:23,728,6.950061614294516
11:36:24,728,6.950061614294516
11:36:25,728,6.950061614294516
11:36:26,728,6.956119311193111
11:36:27,729,6.956119311193111
11:36:28,729,6.956119311193111
11:36:29,729,6.956119311193111
11:36:30,731,6.956119311193111
11:36:31,731,6.966329036218539
11:36:32,731,6.966329036218539
11:36:33,732,6.966329036218539
11:36:34,732,6.966329036218539
11:36:35,732,6.966329036218539
11:36:36,732,6.966329036218539
11:36:37,732,6.966329036218539
11:36:38,732,6.966329036218539
11:36:39,732,6.977083333333334
11:36:40,732,6.977083333333334
11:36:41,732,6.977083333333334
11:36:42,732,6.977083333333334
11:36:43,732,6.977083333333334
11:36:44,732,6.977083333333334
11:36:45,732,6.984556574923547
11:36:46,732,6.984556574923547
11:36:47,732,6.984556574923547
11:36:48,732,6.994352869352869
11:36:49,732,6.994352869352869
11:36:50,732,6.994352869352869
11:36:51,732,7.007664233576643
11:36:52,732,7.007664233576643
11:36:53,732,7.007664233576643
11:36:54,732,7.013479052823315
11:36:55,732,7.013479052823315
11:36:56,732,7.013479052823315
11:36:57,732,7.013479052823315
11:36:58,732,7.021545454545455
11:36:59,732,7.021545454545455
11:37:00,732,7.021545454545455
11:37:01,733,7.021545454545455
11:37:02,733,7.021545454545455
11:37:03,733,7.021545454545455
11:37:04,733,7.032425892316999
11:37:05,733,7.032425892316999
11:37:06,734,7.032425892316999
11:37:07,734,7.032425892316999
11:37:08,734,7.032425892316999
11:37:09,734,7.032425892316999
11:37:10,735,7.032425892316999
11:37:11,735,7.034752415458938
11:37:12,735,7.034752415458938
11:37:13,736,7.034752415458938
11:37:14,736,7.034752415458938
11:37:15,736,7.03963230861965
11:37:16,736,7.03963230861965
11:37:17,736,7.03963230861965
11:37:18,737,7.03963230861965
11:37:19,737,7.049067388688328
11:37:20,737,7.049067388688328
11:37:21,737,7.058918918918919
11:37:22,737,7.058918918918919
11:37:23,738,7.065857314148682
11:37:24,738,7.065857314148682
11:37:25,738,7.065857314148682
11:37:26,739,7.073237753882916
11:37:27,739,7.073237753882916
11:37:28,739,7.073237753882916
11:37:29,739,7.073237753882916
11:37:30,740,7.08443649373882
11:37:31,740,7.08443649373882
11:37:32,740,7.08443649373882
11:37:33,741,7.08443649373882
11:37:34,741,7.08443649373882
11:37:35,741,7.08443649373882
11:37:36,741,7.08443649373882
11:37:37,741,7.08443649373882
11:37:38,741,7.091726190476191
11:37:39,741,7.091726190476191
11:37:40,741,7.101158645276292
11:37:41,741,7.101158645276292
11:37:42,741,7.101158645276292
11:37:43,741,7.101158645276292
11:37:44,741,7.104211150652432
11:37:45,741,7.104211150652432
11:37:46,742,7.104211150652432
11:37:47,742,7.104211150652432
11:37:48,742,7.111782119597395
11:37:49,742,7.111782119597395
11:37:50,742,7.111782119597395
11:37:51,742,7.122429078014184
11:37:52,742,7.122429078014184
11:37:53,743,7.122429078014184
11:37:54,743,7.122429078014184
11:37:55,743,7.122429078014184
11:37:56,743,7.122429078014184
11:37:57,743,7.130058997050147
11:37:58,743,7.130058997050147
11:37:59,743,7.135306242638398
11:38:00,743,7.136419753086419
11:38:01,743,7.136419753086419
11:38:02,743,7.1426936619718315
11:38:03,743,7.1426936619718315
11:38:04,743,7.147510251903925
11:38:05,744,7.147510251903925
11:38:06,745,7.147510251903925
11:38:07,745,7.147510251903925
11:38:08,745,7.155350877192983
11:38:09,745,7.155350877192983
11:38:10,745,7.155350877192983
11:38:11,745,7.163631056625802
11:38:12,745,7.163631056625802
11:38:13,745,7.171416083916084
11:38:14,745,7.171416083916084
11:38:15,745,7.175363583478767
11:38:16,745,7.175363583478767
11:38:17,745,7.175363583478767
11:38:18,745,7.175363583478767
11:38:19,745,7.175363583478767
11:38:20,745,7.175363583478767
11:38:21,746,7.175363583478767
11:38:22,746,7.175363583478767
11:38:23,746,7.175363583478767
11:38:24,746,7.175363583478767
11:38:25,746,7.175363583478767
11:38:26,746,7.175363583478767
11:38:27,746,7.175363583478767
11:38:28,746,7.181736353077816
11:38:29,746,7.181736353077816
11:38:30,746,7.187536231884057
11:38:31,746,7.187536231884057
11:38:32,746,7.187536231884057
11:38:33,747,7.195833333333334
11:38:34,747,7.197631426920855
11:38:35,747,7.197631426920855
11:38:36,748,7.205814622913069
11:38:37,748,7.205814622913069
11:38:38,748,7.214051724137931
11:38:39,748,7.224899598393574
11:38:40,748,7.224899598393574
11:38:41,748,7.224899598393574
11:38:42,748,7.224899598393574
11:38:43,748,7.224899598393574
11:38:44,748,7.224899598393574
11:38:45,748,7.224899598393574
11:38:46,748,7.224899598393574
11:38:47,748,7.224899598393574
11:38:48,748,7.234076615208691
11:38:49,748,7.234076615208691
11:38:50,748,7.234076615208691
11:38:51,748,7.239326484018265
11:38:52,748,7.245099715099715
11:38:53,748,7.25
11:38:54,748,7.25
11:38:55,748,7.25
11:38:56,748,7.25
11:38:57,748,7.25
11:38:58,749,7.256956274843839
11:38:59,749,7.256956274843839
11:39:00,749,7.256956274843839
11:39:01,749,7.256956274843839
11:39:02,749,7.256956274843839
11:39:03,750,7.256956274843839
11:39:04,751,7.256956274843839
11:39:05,751,7.256956274843839
11:39:06,751,7.264002267573696
11:39:07,753,7.264002267573696
11:39:08,753,7.264002267573696
11:39:09,753,7.264002267573696
11:39:10,753,7.264002267573696
11:39:11,754,7.264002267573696
11:39:12,754,7.264002267573696
11:39:13,756,7.264002267573696
11:39:14,757,7.264002267573696
11:39:15,757,7.264002267573696
11:39:16,757,7.264002267573696
11:39:17,757,7.264002267573696
11:39:18,758,7.264002267573696
11:39:19,758,7.264002267573696
11:39:20,758,7.264002267573696
11:39:21,758,7.264002267573696
11:39:22,759,7.2679683078664405
11:39:23,759,7.2679683078664405
11:39:24,759,7.271016949152542
11:39:25,759,7.271016949152542
11:39:26,759,7.271016949152542
11:39:27,759,7.271016949152542
11:39:28,759,7.271016949152542
11:39:29,759,7.271016949152542
11:39:30,759,7.271016949152542
11:39:31,759,7.280936266215454
11:39:32,759,7.2885135135135135
11:39:33,759,7.2885135135135135
11:39:34,759,7.2885135135135135
11:39:35,759,7.2885135135135135
11:39:36,760,7.2885135135135135
11:39:37,760,7.291765036537381
11:39:38,760,7.291765036537381
11:39:39,760,7.2963243546576875
11:39:40,760,7.299327731092436
11:39:41,760,7.307046979865772
11:39:42,761,7.307046979865772
11:39:43,761,7.312758235622557
11:39:44,761,7.312758235622557
11:39:45,761,7.312758235622557
11:39:46,761,7.3150222965440355
11:39:47,761,7.3150222965440355
11:39:48,761,7.3150222965440355
11:39:49,761,7.3191986644407345
11:39:50,761,7.3191986644407345
11:39:51,761,7.328611111111111
11:39:52,761,7.328611111111111
11:39:53,761,7.328611111111111
11:39:54,761,7.333166943982252
11:39:55,761,7.333166943982252
11:39:56,761,7.333166943982252
11:39:57,762,7.333166943982252
11:39:58,763,7.333166943982252
11:39:59,763,7.333166943982252
11:40:00,763,7.333166943982252
11:40:01,763,7.333166943982252
11:40:02,764,7.333166943982252
11:40:03,764,7.333166943982252
11:40:04,764,7.333166943982252
11:40:05,764,7.333166943982252
11:40:06,764,7.333166943982252
11:40:07,764,7.341140642303433
11:40:08,764,7.341140642303433
11:40:09,765,7.341140642303433
11:40:10,765,7.341140642303433
11:40:11,765,7.349447208402433
11:40:12,765,7.349447208402433
11:40:13,766,7.349447208402433
11:40:14,766,7.349447208402433
11:40:15,766,7.349447208402433
11:40:16,766,7.354746136865343
11:40:17,766,7.354746136865343
11:40:18,767,7.354746136865343
11:40:19,767,7.355537190082645
11:40:20,767,7.355537190082645
11:40:21,769,7.3668041804180415
11:40:22,769,7.3668041804180415
11:40:23,770,7.3668041804180415
11:40:24,770,7.3668041804180415
11:40:25,770,7.3668041804180415
11:40:26,770,7.3668041804180415
11:40:27,770,7.3706754530477765
11:40:28,772,7.3706754530477765
11:40:29,772,7.3706754530477765
11:40:30,772,7.3706754530477765
11:40:31,772,7.373958333333333
11:40:32,772,7.37807881773399
11:40:33,772,7.37807881773399
11:40:34,772,7.37807881773399
11:40:35,772,7.37807881773399
11:40:36,772,7.37807881773399
11:40:37,772,7.37807881773399
11:40:38,773,7.37807881773399
11:40:39,773,7.37807881773399
11:40:40,773,7.37807881773399
11:40:41,773,7.37807881773399
11:40:42,773,7.384016393442623
11:40:43,773,7.39252591380251
11:40:44,773,7.39252591380251
11:40:45,773,7.39252591380251
11:40:46,773,7.397222222222222
11:40:47,774,7.401957585644372
11:40:48,774,7.401957585644372
11:40:49,774,7.407356134636265
11:40:50,774,7.407356134636265
11:40:51,774,7.407356134636265
11:40:52,775,7.407356134636265
11:40:53,775,7.407356134636265
11:40:54,775,7.407356134636265
11:40:55,776,7.407356134636265
11:40:56,777,7.407356134636265
11:40:57,778,7.407356134636265
11:40:58,778,7.407356134636265
11:40:59,779,7.407356134636265
11:41:00,779,7.415420054200542
11:41:01,779,7.41715367965368
11:41:02,779,7.41715367965368
11:41:03,780,7.41715367965368
11:41:04,780,7.4219881145326845
11:41:05,780,7.4219881145326845
11:41:06,780,7.427076591154261
11:41:07,780,7.427076591154261
11:41:08,780,7.427076591154261
11:41:09,780,7.4277059773828755
11:41:10,780,7.4277059773828755
11:41:11,781,7.4277059773828755
11:41:12,781,7.437715053763441
11:41:13,781,7.437715053763441
11:41:14,781,7.437715053763441
11:41:15,782,7.437715053763441
11:41:16,782,7.437715053763441
11:41:17,782,7.437715053763441
11:41:18,783,7.442753623188406
11:41:19,783,7.442753623188406
11:41:20,783,7.442753623188406
11:41:21,783,7.444721329046088
11:41:22,783,7.444721329046088
11:41:23,784,7.444721329046088
11:41:24,784,7.449812734082397
11:41:25,784,7.449812734082397
11:41:26,785,7.454139957264958
11:41:27,785,7.454139957264958
11:41:28,785,7.454139957264958
11:41:29,786,7.454139957264958
11:41:30,786,7.454139957264958
11:41:31,787,7.454139957264958
11:41:32,787,7.454139957264958
11:41:33,787,7.454139957264958
11:41:34,788,7.456986666666666
11:41:35,789,7.456986666666666
11:41:36,789,7.459025559105431
11:41:37,789,7.465975544922913
11:41:38,789,7.465975544922913
11:41:39,789,7.467409766454352
11:41:40,790,7.467409766454352
11:41:41,790,7.467409766454352
11:41:42,790,7.470349761526232
11:41:43,790,7.470349761526232
11:41:44,791,7.470349761526232
11:41:45,791,7.470349761526232
11:41:46,791,7.476084656084656
11:41:47,791,7.476084656084656
11:41:48,791,7.483359746434232
11:41:49,793,7.483359746434232
11:41:50,793,7.488264767932489
11:41:51,793,7.488264767932489
11:41:52,794,7.488264767932489
11:41:53,794,7.488264767932489
11:41:54,795,7.488264767932489
11:41:55,796,7.488264767932489
11:41:56,796,7.488264767932489
11:41:57,796,7.492733017377566
11:41:58,797,7.492733017377566
11:41:59,798,7.492733017377566
11:42:00,798,7.494269190325972
11:42:01,799,7.494269190325972
11:42:02,801,7.494269190325972
11:42:03,801,7.494269190325972
11:42:04,802,7.494269190325972
11:42:05,802,7.494269190325972
11:42:06,802,7.494269190325972
11:42:07,803,7.500288713910761
11:42:08,803,7.500288713910761
11:42:09,803,7.503773584905661
11:42:10,803,7.505468341182627
11:42:11,805,7.505468341182627
11:42:12,805,7.510841170323929
11:42:13,805,7.510841170323929
11:42:14,807,7.510841170323929
11:42:15,807,7.510841170323929
11:42:16,807,7.520344287949922
11:42:17,807,7.520344287949922
11:42:18,807,7.520344287949922
11:42:19,807,7.520344287949922
11:42:20,807,7.520344287949922
11:42:21,807,7.520344287949922
11:42:22,807,7.520344287949922
11:42:23,809,7.520344287949922
11:42:24,809,7.520344287949922
11:42:25,809,7.520344287949922
11:42:26,809,7.520344287949922
11:42:27,810,7.520344287949922
11:42:28,810,7.520344287949922
11:42:29,810,7.520344287949922
11:42:30,811,7.522734375
11:42:31,811,7.5257930317212685
11:42:32,811,7.5257930317212685
11:42:33,811,7.5257930317212685
11:42:34,812,7.5257930317212685
11:42:35,812,7.5257930317212685
11:42:36,812,7.5257930317212685
11:42:37,812,7.5257930317212685
11:42:38,812,7.533359293873313
11:42:39,812,7.533359293873313
11:42:40,813,7.5376879212026955
11:42:41,813,7.5376879212026955
11:42:42,813,7.5376879212026955
11:42:43,814,7.541589026915114
11:42:44,814,7.541589026915114
11:42:45,814,7.541589026915114
11:42:46,814,7.549148606811145
11:42:47,814,7.549148606811145
11:42:48,814,7.550515198351365
11:42:49,814,7.550515198351365
11:42:50,814,7.557433127572017
11:42:51,814,7.557433127572017
11:42:52,814,7.557433127572017
11:42:53,814,7.557433127572017
11:42:54,815,7.557433127572017
11:42:55,815,7.557433127572017
11:42:56,815,7.56150487930149
11:42:57,815,7.56150487930149
11:42:58,816,7.56150487930149
11:42:59,816,7.56150487930149
11:43:00,816,7.563923076923077
11:43:01,817,7.563923076923077
11:43:02,817,7.563923076923077
11:43:03,817,7.563923076923077
11:43:04,818,7.563923076923077
11:43:05,818,7.563923076923077
11:43:06,818,7.573297491039426
11:43:07,818,7.573297491039426
11:43:08,819,7.573297491039426
11:43:09,819,7.573297491039426
11:43:10,820,7.573297491039426
11:43:11,821,7.573297491039426
11:43:12,821,7.573297491039426
11:43:13,822,7.573297491039426
11:43:14,822,7.573297491039426
11:43:15,822,7.577351738241308
11:43:16,822,7.577351738241308
11:43:17,822,7.577351738241308
11:43:18,822,7.581214905564064
11:43:19,822,7.581214905564064
11:43:20,823,7.58824427480916
11:43:21,823,7.58824427480916
11:43:22,823,7.591412601626017
11:43:23,824,7.591412601626017
11:43:24,824,7.595560629122273
11:43:25,824,7.595560629122273
11:43:26,824,7.595560629122273
11:43:27,824,7.595560629122273
11:43:28,824,7.600861195542047
11:43:29,824,7.600861195542047
11:43:30,824,7.600861195542047
11:43:31,824,7.600861195542047
11:43:32,824,7.600861195542047
11:43:33,824,7.600861195542047
11:43:34,824,7.600861195542047
11:43:35,824,7.602706120384421
11:43:36,824,7.602706120384421
11:43:37,824,7.604747474747475
11:43:38,824,7.604747474747475
11:43:39,824,7.604747474747475
11:43:40,824,7.604747474747475
11:43:41,824,7.610590015128593
11:43:42,825,7.617774420946627
11:43:43,825,7.617774420946627
11:43:44,825,7.617774420946627
11:43:45,825,7.617774420946627
11:43:46,825,7.617774420946627
11:43:47,825,7.617774420946627
11:43:48,825,7.617774420946627
11:43:49,825,7.617774420946627
11:43:50,825,7.617774420946627
11:43:51,825,7.617774420946627
11:43:52,825,7.617774420946627
11:43:53,825,7.6232780291603826
11:43:54,825,7.6232780291603826
11:43:55,826,7.6232780291603826
11:43:56,826,7.627836345381526
11:43:57,826,7.627836345381526
11:43:58,826,7.636942355889724
11:43:59,826,7.636942355889724
11:44:00,826,7.636942355889724
11:44:01,826,7.636942355889724
11:44:02,826,7.636942355889724
11:44:03,826,7.636942355889724
11:44:04,826,7.642592592592592
11:44:05,826,7.642592592592592
11:44:06,826,7.642592592592592
11:44:07,826,7.6484507746126935
11:44:08,826,7.6484507746126935
11:44:09,826,7.651097804391218
11:44:10,826,7.651097804391218
11:44:11,826,7.655256601893373
11:44:12,826,7.661144278606965
11:44:13,826,7.661144278606965
11:44:14,826,7.664903129657229
11:44:15,826,7.664903129657229
11:44:16,826,7.664903129657229
11:44:17,826,7.664903129657229
11:44:18,826,7.664903129657229
11:44:19,826,7.664903129657229
11:44:20,826,7.664903129657229
11:44:21,826,7.664903129657229
11:44:22,826,7.664903129657229
11:44:23,826,7.664903129657229
11:44:24,826,7.6672867063492065
11:44:25,826,7.6672867063492065
11:44:26,826,7.67090143635463
11:44:27,826,7.67090143635463
11:44:28,826,7.674876360039565
11:44:29,826,7.677530864197531
11:44:30,826,7.677530864197531
11:44:31,826,7.677530864197531
11:44:32,826,7.677530864197531
11:44:33,826,7.677530864197531
11:44:34,826,7.6848619329388566
11:44:35,826,7.6848619329388566
11:44:36,826,7.6848619329388566
11:44:37,826,7.6848619329388566
11:44:38,826,7.690669620876416
11:44:39,826,7.690669620876416
11:44:40,826,7.690669620876416
11:44:41,826,7.690669620876416
11:44:42,826,7.690669620876416
11:44:43,826,7.690669620876416
11:44:44,827,7.690669620876416
11:44:45,827,7.690669620876416
11:44:46,827,7.690669620876416
11:44:47,827,7.690669620876416
11:44:48,827,7.7004424778761065
11:44:49,828,7.7004424778761065
11:44:50,828,7.7004424778761065
11:44:51,828,7.7004424778761065
11:44:52,828,7.7004424778761065
11:44:53,828,7.7004424778761065
11:44:54,828,7.7004424778761065
11:44:55,828,7.7004424778761065
11:44:56,828,7.7004424778761065
11:44:57,828,7.7004424778761065
11:44:58,828,7.703436426116839
11:44:59,828,7.703436426116839
11:45:00,828,7.703436426116839
11:45:01,828,7.715247185511503
11:45:02,828,7.715247185511503
11:45:03,828,7.715247185511503
11:45:04,828,7.7231576378721325
11:45:05,828,7.7231576378721325
11:45:06,829,7.7231576378721325
11:45:07,829,7.7231576378721325
11:45:08,829,7.7231576378721325
11:45:09,829,7.729288499025341
11:45:10,829,7.729288499025341
11:45:11,829,7.729288499025341
11:45:12,829,7.729288499025341
11:45:13,829,7.734647201946472
11:45:14,829,7.738872691933917
11:45:15,829,7.738872691933917
11:45:16,829,7.738872691933917
11:45:17,829,7.738872691933917
11:45:18,829,7.738872691933917
11:45:19,829,7.745657447840854
11:45:20,829,7.745657447840854
11:45:21,829,7.745657447840854
11:45:22,829,7.745657447840854
11:45:23,829,7.745657447840854
11:45:24,829,7.745657447840854
11:45:25,829,7.745657447840854
11:45:26,829,7.753197674418605
11:45:27,829,7.753197674418605
11:45:28,830,7.753197674418605
11:45:29,830,7.753197674418605
11:45:30,830,7.753197674418605
11:45:31,830,7.753197674418605
11:45:32,830,7.7573778422835025
11:45:33,831,7.763285024154589
11:45:34,831,7.768017366136035
11:45:35,832,7.768017366136035
11:45:36,832,7.770833333333333
11:45:37,832,7.776719576719576
11:45:38,832,7.786287223823247
11:45:39,832,7.7926139088729025
11:45:40,832,7.7926139088729025
11:45:41,833,7.7926139088729025
11:45:42,833,7.7926139088729025
11:45:43,833,7.7926139088729025
11:45:44,833,7.799760536398467
11:45:45,833,7.799760536398467
11:45:46,833,7.799760536398467
11:45:47,834,7.799760536398467
11:45:48,834,7.806614135625597
11:45:49,834,7.806614135625597
11:45:50,834,7.806614135625597
11:45:51,834,7.806614135625597
11:45:52,835,7.806614135625597
11:45:53,835,7.81075345731998
11:45:54,835,7.81075345731998
11:45:55,836,7.81075345731998
11:45:56,836,7.81075345731998
11:45:57,836,7.81075345731998
11:45:58,836,7.81075345731998
11:45:59,836,7.818714285714285
11:46:00,836,7.818714285714285
11:46:01,836,7.818714285714285
11:46:02,836,7.818714285714285
11:46:03,836,7.818714285714285
11:46:04,836,7.818714285714285
11:46:05,836,7.818714285714285
11:46:06,836,7.819733713742273
11:46:07,836,7.819733713742273
11:46:08,836,7.828710289236605
11:46:09,837,7.828710289236605
11:46:10,837,7.828710289236605
11:46:11,837,7.828710289236605
11:46:12,837,7.828710289236605
11:46:13,838,7.828710289236605
11:46:14,838,7.828710289236605
11:46:15,838,7.828710289236605
11:46:16,838,7.836245265151516
11:46:17,838,7.836245265151516
11:46:18,839,7.836245265151516
11:46:19,839,7.836245265151516
11:46:20,839,7.836245265151516
11:46:21,839,7.836245265151516
11:46:22,840,7.840354609929078
11:46:23,840,7.840354609929078
11:46:24,840,7.840354609929078
11:46:25,841,7.842327667610954
11:46:26,841,7.842327667610954
11:46:27,841,7.8494342291371995
11:46:28,841,7.852989642184557
11:46:29,841,7.857005171603197
11:46:30,841,7.857005171603197
11:46:31,842,7.857005171603197
11:46:32,842,7.857005171603197
11:46:33,842,7.857005171603197
11:46:34,842,7.857005171603197
11:46:35,842,7.857005171603197
11:46:36,842,7.857005171603197
11:46:37,842,7.857005171603197
11:46:38,842,7.857005171603197
11:46:39,842,7.857005171603197
11:46:40,842,7.8567605633802815
11:46:41,842,7.8567605633802815
11:46:42,842,7.8567605633802815
11:46:43,842,7.8567605633802815
11:46:44,842,7.8567605633802815
11:46:45,842,7.8567605633802815
11:46:46,842,7.8567605633802815
11:46:47,842,7.8567605633802815
11:46:48,842,7.8567605633802815
11:46:49,842,7.8567605633802815
11:46:50,842,7.869779962546817
11:46:51,842,7.869779962546817
11:46:52,842,7.874357176250585
11:46:53,844,7.874357176250585
11:46:54,844,7.874357176250585
11:46:55,844,7.874357176250585
11:46:56,845,7.878944911297852
11:46:57,845,7.878944911297852
11:46:58,845,7.878944911297852
11:46:59,846,7.881561771561772
11:47:00,846,7.881561771561772
11:47:01,846,7.886196461824953
11:47:02,846,7.886196461824953
11:47:03,846,7.88812180381218
11:47:04,846,7.88812180381218
11:47:05,846,7.897144846796658
11:47:06,846,7.897144846796658
11:47:07,846,7.897144846796658
11:47:08,846,7.897144846796658
11:47:09,846,7.897144846796658
11:47:10,846,7.897144846796658
11:47:11,846,7.897144846796658
11:47:12,846,7.897144846796658
11:47:13,846,7.903940658321743
11:47:14,846,7.906736111111111
11:47:15,846,7.906736111111111
11:47:16,846,7.9051779935275075
11:47:17,847,7.9051779935275075
11:47:18,847,7.907871652816251
11:47:19,847,7.907871652816251
11:47:20,848,7.907871652816251
11:47:21,848,7.907871652816251
11:47:22,848,7.907871652816251
11:47:23,848,7.907871652816251
11:47:24,848,7.907871652816251
11:47:25,848,7.9097971415398804
11:47:26,851,7.9097971415398804
11:47:27,851,7.914433701657458
11:47:28,851,7.919402298850574
11:47:29,853,7.919402298850574
11:47:30,853,7.919402298850574
11:47:31,853,7.919402298850574
11:47:32,854,7.919402298850574
11:47:33,854,7.919402298850574
11:47:34,854,7.919402298850574
11:47:35,854,7.918044077134986
11:47:36,855,7.918044077134986
11:47:37,855,7.918044077134986
11:47:38,856,7.918044077134986
11:47:39,856,7.918044077134986
11:47:40,856,7.926432828977534
11:47:41,856,7.926432828977534
11:47:42,858,7.926432828977534
11:47:43,858,7.926432828977534
11:47:44,858,7.926432828977534
11:47:45,858,7.926432828977534
11:47:46,860,7.929784798534798
11:47:47,860,7.929784798534798
11:47:48,860,7.929784798534798
11:47:49,861,7.9285322359396435
11:47:50,861,7.9285322359396435
11:47:51,861,7.933698630136987
11:47:52,862,7.933698630136987
11:47:53,862,7.933698630136987
11:47:54,862,7.942521659826721
11:47:55,863,7.942521659826721
11:47:56,863,7.942521659826721
11:47:57,863,7.942521659826721
11:47:58,863,7.945150273224043
11:47:59,863,7.945150273224043
11:48:00,863,7.945150273224043
11:48:01,864,7.945150273224043
11:48:02,864,7.945150273224043
11:48:03,864,7.950045475216007
11:48:04,864,7.949977293369664
11:48:05,865,7.949977293369664
11:48:06,867,7.953560090702948
11:48:07,868,7.953560090702948
11:48:08,868,7.958469202898551
11:48:09,869,7.9596562641338755
11:48:10,869,7.9596562641338755
11:48:11,870,7.9596562641338755
11:48:12,870,7.9596562641338755
11:48:13,871,7.9596562641338755
11:48:14,872,7.9596562641338755
11:48:15,873,7.9596562641338755
11:48:16,873,7.9596562641338755
11:48:17,874,7.9596562641338755
11:48:18,874,7.9596562641338755
11:48:19,875,7.9596562641338755
11:48:20,875,7.9596562641338755
11:48:21,876,7.961020776874435
11:48:22,876,7.969621109607577
11:48:23,878,7.969621109607577
11:48:24,878,7.969621109607577
11:48:25,879,7.983108412055781
11:48:26,880,7.983108412055781
11:48:27,880,7.983108412055781
11:48:28,880,7.980795148247978
11:48:29,880,7.980795148247978
11:48:30,881,7.980795148247978
11:48:31,881,7.980795148247978
11:48:32,881,7.980795148247978
11:48:33,881,7.980795148247978
11:48:34,882,7.980795148247978
11:48:35,882,7.980795148247978
11:48:36,883,7.982794975325258
11:48:37,883,7.982794975325258
11:48:38,884,7.982794975325258
11:48:39,884,7.982794975325258
11:48:40,885,7.982794975325258
11:48:41,885,7.989314516129032
11:48:42,885,7.989314516129032
11:48:43,886,7.989314516129032
11:48:44,887,7.989314516129032
11:48:45,887,7.999955257270694
11:48:46,887,7.999955257270694
11:48:47,887,7.999955257270694
11:48:48,888,7.999955257270694
11:48:49,888,7.999955257270694
11:48:50,888,7.999955257270694
11:48:51,888,7.998838248436104
11:48:52,888,7.998838248436104
11:48:53,889,8.004685408299867
11:48:54,890,8.007130124777184
11:48:55,890,8.007130124777184
11:48:56,890,8.007943925233645
11:48:57,891,8.007943925233645
11:48:58,891,8.007943925233645
11:48:59,892,8.007943925233645
11:49:00,892,8.010422222222223
11:49:01,893,8.010422222222223
11:49:02,893,8.011473590767865
11:49:03,894,8.011473590767865
11:49:04,894,8.011473590767865
11:49:05,895,8.011473590767865
11:49:06,895,8.011473590767865
11:49:07,895,8.013940602836879
11:49:08,897,8.013940602836879
11:49:09,897,8.013940602836879
11:49:10,897,8.013940602836879
11:49:11,897,8.013940602836879
11:49:12,897,8.013922089420097
11:49:13,897,8.013483642793988
11:49:14,897,8.013483642793988
11:49:15,898,8.025947971781305
11:49:16,898,8.025947971781305
11:49:17,899,8.025947971781305
11:49:18,899,8.025947971781305
11:49:19,899,8.029480405107883
11:49:20,899,8.029480405107883
11:49:21,899,8.029480405107883
11:49:22,899,8.029480405107883
11:49:23,899,8.029480405107883
11:49:24,899,8.029480405107883
11:49:25,900,8.02504397537379
11:49:26,900,8.02504397537379
11:49:27,901,8.02504397537379
11:49:28,901,8.02504397537379
11:49:29,901,8.025735617039965
11:49:30,903,8.025735617039965
11:49:31,903,8.025735617039965
11:49:32,903,8.03344298245614
11:49:33,904,8.03344298245614
11:49:34,905,8.03344298245614
11:49:35,906,8.03344298245614
11:49:36,907,8.036508979413053
11:49:37,908,8.036508979413053
11:49:38,909,8.036508979413053
11:49:39,909,8.036508979413053
11:49:40,910,8.036508979413053
11:49:41,911,8.036508979413053
11:49:42,913,8.036508979413053
11:49:43,913,8.036508979413053
11:49:44,913,8.036508979413053
11:49:45,914,8.036508979413053
11:49:46,914,8.036508979413053
11:49:47,914,8.036508979413053
11:49:48,914,8.037554680664917
11:49:49,914,8.037554680664917
11:49:50,915,8.037554680664917
11:49:51,915,8.037554680664917
11:49:52,915,8.037554680664917
11:49:53,915,8.037554680664917
11:49:54,916,8.037554680664917
11:49:55,916,8.037920489296635
11:49:56,916,8.037920489296635
11:49:57,917,8.037920489296635
11:49:58,917,8.039921465968586
11:49:59,917,8.039921465968586
11:50:00,917,8.0400871459695
11:50:01,918,8.0400871459695
11:50:02,918,8.0400871459695
11:50:03,918,8.040752828546562
11:50:04,918,8.040752828546562
11:50:05,918,8.049847892220773
11:50:06,918,8.049847892220773
11:50:07,918,8.049175347222222
11:50:08,918,8.049175347222222
11:50:09,918,8.049175347222222
11:50:10,919,8.049175347222222
11:50:11,919,8.049175347222222
11:50:12,921,8.049175347222222
11:50:13,921,8.049175347222222
11:50:14,921,8.049175347222222
11:50:15,922,8.049175347222222
11:50:16,923,8.049175347222222
11:50:17,923,8.049175347222222
11:50:18,924,8.049175347222222
11:50:19,924,8.049175347222222
11:50:20,924,8.049175347222222
11:50:21,926,8.049175347222222
11:50:22,926,8.049175347222222
11:50:23,926,8.049696575639357
11:50:24,928,8.049696575639357
11:50:25,929,8.050108225108225
11:50:26,929,8.050108225108225
11:50:27,929,8.05890618244704
11:50:28,930,8.05890618244704
11:50:29,931,8.05890618244704
11:50:30,931,8.05890618244704
11:50:31,931,8.05890618244704
11:50:32,932,8.05919689119171
11:50:33,932,8.05919689119171
11:50:34,932,8.061197243755384
11:50:35,932,8.061197243755384
11:50:36,933,8.061197243755384
11:50:37,933,8.061197243755384
11:50:38,933,8.061197243755384
11:50:39,934,8.061197243755384
11:50:40,934,8.061197243755384
11:50:41,934,8.061197243755384
11:50:42,934,8.061197243755384
11:50:43,934,8.061197243755384
11:50:44,934,8.061197243755384
11:50:45,934,8.061197243755384
11:50:46,934,8.061197243755384
11:50:47,934,8.061197243755384
11:50:48,934,8.057548387096775
11:50:49,934,8.057548387096775
11:50:50,935,8.059493127147766
11:50:51,936,8.064264264264263
11:50:52,936,8.064264264264263
11:50:53,936,8.06531705227078
11:50:54,936,8.06531705227078
11:50:55,936,8.069341035515619
11:50:56,936,8.078333333333333
11:50:57,936,8.07878787878788
11:50:58,936,8.07878787878788
11:50:59,936,8.07878787878788
11:51:00,937,8.07878787878788
11:51:01,938,8.07878787878788
11:51:02,938,8.07878787878788
11:51:03,939,8.07878787878788
11:51:04,939,8.07878787878788
11:51:05,939,8.0826726342711
11:51:06,939,8.0826726342711
11:51:07,940,8.07716049382716
11:51:08,941,8.07716049382716
11:51:09,941,8.07716049382716
11:51:10,941,8.07716049382716
11:51:11,942,8.07716049382716
11:51:12,942,8.07733843537415
11:51:13,942,8.07733843537415
11:51:14,943,8.07733843537415
11:51:15,943,8.077112526539278
11:51:16,943,8.077112526539278
11:51:17,944,8.083863443596268
11:51:18,944,8.083863443596268
11:51:19,944,8.083863443596268
11:51:20,945,8.083863443596268
11:51:21,945,8.083863443596268
11:51:22,945,8.086827615417196
11:51:23,946,8.08917089678511
11:51:24,946,8.089966201943389
11:51:25,946,8.089966201943389
11:51:26,947,8.089966201943389
11:51:27,947,8.090527426160337
11:51:28,948,8.090527426160337
11:51:29,948,8.090527426160337
11:51:30,949,8.090527426160337
11:51:31,949,8.090527426160337
11:51:32,949,8.090527426160337
11:51:33,950,8.090527426160337
11:51:34,950,8.090527426160337
11:51:35,950,8.090527426160337
11:51:36,951,8.090527426160337
11:51:37,951,8.090527426160337
11:51:38,951,8.090527426160337
11:51:39,952,8.090527426160337
11:51:40,953,8.090527426160337
11:51:41,953,8.088137378845342
11:51:42,954,8.088137378845342
11:51:43,954,8.088137378845342
11:51:44,955,8.088137378845342
11:51:45,955,8.088930976430976
11:51:46,955,8.098823034888609
11:51:47,955,8.099181360201511
11:51:48,955,8.099181360201511
11:51:49,955,8.099181360201511
11:51:50,955,8.099181360201511
11:51:51,955,8.099181360201511
11:51:52,955,8.102264150943396
11:51:53,955,8.102264150943396
11:51:54,955,8.102264150943396
11:51:55,955,8.10571608040201
11:51:56,955,8.10571608040201
11:51:57,955,8.10571608040201
11:51:58,955,8.10754914261815
11:51:59,955,8.10754914261815
11:52:00,955,8.10754914261815
11:52:01,955,8.112385129490393
11:52:02,955,8.112385129490393
11:52:03,955,8.112385129490393
11:52:04,955,8.113329161451814
11:52:05,955,8.113329161451814
11:52:06,955,8.113329161451814
11:52:07,955,8.113329161451814
11:52:08,955,8.113329161451814
11:52:09,955,8.113329161451814
11:52:10,955,8.113329161451814
11:52:11,955,8.113329161451814
11:52:12,955,8.108708333333333
11:52:13,955,8.108708333333333
11:52:14,955,8.109821057012068
11:52:15,955,8.109821057012068
11:52:16,955,8.105590191188695
11:52:17,956,8.105590191188695
11:52:18,956,8.10348692403487
11:52:19,956,8.10348692403487
11:52:20,956,8.108146766169154
11:52:21,956,8.114368530020704
11:52:22,956,8.114368530020704
11:52:23,956,8.11575682382134
11:52:24,957,8.11575682382134
11:52:25,957,8.11575682382134
11:52:26,957,8.11575682382134
11:52:27,957,8.11575682382134
11:52:28,959,8.11575682382134
11:52:29,959,8.11575682382134
11:52:30,959,8.111069805865345
11:52:31,959,8.111069805865345
11:52:32,959,8.111069805865345
11:52:33,959,8.114294554455446
11:52:34,959,8.114294554455446
11:52:35,959,8.114294554455446
11:52:36,959,8.123506386485372
11:52:37,959,8.126687242798354
11:52:38,959,8.126687242798354
11:52:39,959,8.126687242798354
11:52:40,959,8.126687242798354
11:52:41,959,8.126687242798354
11:52:42,960,8.126687242798354
11:52:43,960,8.130189066995479
11:52:44,960,8.130189066995479
11:52:45,960,8.130189066995479
11:52:46,961,8.134174876847291
11:52:47,961,8.134174876847291
11:52:48,961,8.134174876847291
11:52:49,962,8.134174876847291
11:52:50,962,8.130463304633047
11:52:51,962,8.130463304633047
11:52:52,962,8.130463304633047
11:52:53,962,8.130463304633047
11:52:54,962,8.13961145194274
11:52:55,962,8.13961145194274
11:52:56,962,8.13961145194274
11:52:57,962,8.138643790849674
11:52:58,963,8.138643790849674
11:52:59,963,8.138643790849674
11:53:00,963,8.138643790849674
11:53:01,963,8.138643790849674
11:53:02,964,8.138643790849674
11:53:03,965,8.138643790849674
11:53:04,965,8.141921664626683
11:53:05,965,8.141921664626683
11:53:06,966,8.141921664626683
11:53:07,967,8.140464547677261
11:53:08,967,8.140464547677261
11:53:09,967,8.140464547677261
11:53:10,967,8.140464547677261
11:53:11,967,8.140464547677261
11:53:12,967,8.146194546194547
11:53:13,967,8.146194546194547
11:53:14,967,8.146194546194547
11:53:15,967,8.146194546194547
11:53:16,967,8.146194546194547
11:53:17,967,8.146194546194547
11:53:18,967,8.146194546194547
11:53:19,967,8.146194546194547
11:53:20,967,8.146194546194547
11:53:21,967,8.142630937880634
11:53:22,967,8.142630937880634
11:53:23,967,8.142630937880634
11:53:24,968,8.139010543390105
11:53:25,968,8.139010543390105
11:53:26,968,8.14066423653301
11:53:27,968,8.14066423653301
11:53:28,969,8.14066423653301
11:53:29,969,8.144741100323625
11:53:30,969,8.14420202020202
11:53:31,970,8.14420202020202
11:53:32,970,8.14420202020202
11:53:33,970,8.148466505246166
11:53:34,970,8.148466505246166
11:53:35,970,8.144881096332124
11:53:36,970,8.144881096332124
11:53:37,970,8.144881096332124
11:53:38,970,8.144881096332124
11:53:39,971,8.144881096332124
11:53:40,971,8.144881096332124
11:53:41,971,8.144881096332124
11:53:42,972,8.149013687600645
11:53:43,972,8.145295536791314
11:53:44,972,8.145295536791314
11:53:45,972,8.149538152610441
11:53:46,973,8.157260328920978
11:53:47,973,8.157260328920978
11:53:48,973,8.156189903846153
11:53:49,973,8.156189903846153
11:53:50,973,8.156189903846153
11:53:51,973,8.156189903846153
11:53:52,973,8.156189903846153
11:53:53,973,8.156189903846153
11:53:54,973,8.151960784313726
11:53:55,973,8.151960784313726
11:53:56,974,8.151960784313726
11:53:57,974,8.149280575539569
11:53:58,975,8.149280575539569
11:53:59,975,8.152455089820359
11:54:00,975,8.152455089820359
11:54:01,975,8.152455089820359
11:54:02,975,8.152455089820359
11:54:03,975,8.152455089820359
11:54:04,975,8.152455089820359
11:54:05,975,8.152455089820359
11:54:06,976,8.152455089820359
11:54:07,976,8.152455089820359
11:54:08,976,8.152455089820359
11:54:09,977,8.152455089820359
11:54:10,978,8.152455089820359
11:54:11,978,8.152455089820359
11:54:12,979,8.152455089820359
11:54:13,980,8.159728867623604
11:54:14,980,8.159728867623604
11:54:15,981,8.159728867623604
11:54:16,981,8.159728867623604
11:54:17,982,8.158323377140581
11:54:18,983,8.158323377140581
11:54:19,983,8.163046937151949
11:54:20,983,8.163046937151949
11:54:21,985,8.163046937151949
11:54:22,985,8.163046937151949
11:54:23,985,8.163046937151949
11:54:24,985,8.163046937151949
11:54:25,985,8.163046937151949
11:54:26,986,8.163046937151949
11:54:27,986,8.163046937151949
11:54:28,986,8.163046937151949
11:54:29,988,8.163046937151949
11:54:30,988,8.163046937151949
11:54:31,988,8.164521255462853
11:54:32,990,8.161686507936508
11:54:33,990,8.161018628616725
11:54:34,990,8.161018628616725
11:54:35,993,8.1709766706208
11:54:36,993,8.1709766706208
11:54:37,993,8.1709766706208
11:54:38,994,8.169569510268563
11:54:39,996,8.169569510268563
11:54:40,996,8.17051282051282
11:54:41,996,8.17051282051282
11:54:42,999,8.17051282051282
11:54:43,999,8.17051282051282
11:54:44,999,8.166725768321513
11:54:45,999,8.166725768321513
11:54:46,1001,8.164935064935065
11:54:47,1002,8.164935064935065
11:54:48,1002,8.164935064935065
11:54:49,1004,8.164935064935065
11:54:50,1005,8.164935064935065
11:54:51,1005,8.164935064935065
11:54:52,1008,8.164052672955975
11:54:53,1008,8.164052672955975
11:54:54,1008,8.164052672955975
11:54:55,1009,8.16343137254902
11:54:56,1010,8.16343137254902
11:54:57,1010,8.16343137254902
11:54:58,1011,8.16343137254902
11:54:59,1012,8.16343137254902
11:55:00,1012,8.16343137254902
11:55:01,1012,8.16343137254902
11:55:02,1015,8.16343137254902
11:55:03,1015,8.171092831962397
11:55:04,1015,8.171092831962397
11:55:05,1015,8.171092831962397
11:55:06,1016,8.168659632669012
11:55:07,1018,8.168659632669012
11:55:08,1019,8.168659632669012
11:55:09,1020,8.168052302888368
11:55:10,1022,8.168052302888368
11:55:11,1023,8.168052302888368
11:55:12,1023,8.166803118908382
11:55:13,1024,8.166277258566979
11:55:14,1025,8.166277258566979
11:55:15,1025,8.166277258566979
11:55:16,1026,8.166277258566979
11:55:17,1027,8.166277258566979
11:55:18,1027,8.160968494749124
11:55:19,1028,8.160968494749124
11:55:20,1028,8.160968494749124
11:55:21,1028,8.159226884226884
11:55:22,1028,8.159226884226884
11:55:23,1030,8.159226884226884
11:55:24,1030,8.159226884226884
11:55:25,1030,8.166647264260769
11:55:26,1032,8.166647264260769
11:55:27,1032,8.166647264260769
11:55:28,1032,8.166647264260769
11:55:29,1032,8.166647264260769
11:55:30,1032,8.166647264260769
11:55:31,1032,8.166647264260769
11:55:32,1032,8.166647264260769
11:55:33,1032,8.166647264260769
11:55:34,1032,8.166647264260769
11:55:35,1032,8.166647264260769
11:55:36,1032,8.166647264260769
11:55:37,1032,8.164341085271317
11:55:38,1032,8.164341085271317
11:55:39,1032,8.164341085271317
11:55:40,1032,8.164341085271317
11:55:41,1032,8.164341085271317
11:55:42,1032,8.164440572977158
11:55:43,1032,8.164172467130705
11:55:44,1032,8.164172467130705
11:55:45,1032,8.16330629586713
11:55:46,1032,8.162557870370371
11:55:47,1032,8.162557870370371
11:55:48,1032,8.162557870370371
11:55:49,1032,8.162557870370371
11:55:50,1032,8.162557870370371
11:55:51,1032,8.162557870370371
11:55:52,1032,8.162557870370371
11:55:53,1032,8.168709055876686
11:55:54,1032,8.168709055876686
11:55:55,1032,8.168709055876686
11:55:56,1032,8.168879907621248
11:55:57,1032,8.168879907621248
11:55:58,1032,8.168879907621248
11:55:59,1032,8.168879907621248
11:56:00,1032,8.168531334102267
11:56:01,1032,8.168531334102267
11:56:02,1032,8.168531334102267
11:56:03,1032,8.167874952052168
11:56:04,1032,8.167874952052168
11:56:05,1032,8.167874952052168
11:56:06,1032,8.164789272030651
11:56:07,1032,8.164789272030651
11:56:08,1032,8.164789272030651
11:56:09,1032,8.164789272030651
11:56:10,1032,8.164789272030651
11:56:11,1032,8.162610026789132
11:56:12,1032,8.162610026789132
11:56:13,1032,8.162610026789132
11:56:14,1032,8.162610026789132
11:56:15,1032,8.162610026789132
11:56:16,1033,8.162610026789132
11:56:17,1033,8.16223241590214
11:56:18,1033,8.16223241590214
11:56:19,1034,8.16223241590214
11:56:20,1034,8.16223241590214
11:56:21,1034,8.16223241590214
11:56:22,1034,8.16223241590214
11:56:23,1034,8.16223241590214
11:56:24,1034,8.16223241590214
11:56:25,1034,8.16987399770905
11:56:26,1034,8.16987399770905
11:56:27,1034,8.16987399770905
11:56:28,1034,8.166552250190694
11:56:29,1034,8.166552250190694
11:56:30,1034,8.166552250190694
11:56:31,1034,8.163508371385083
11:56:32,1035,8.163508371385083
11:56:33,1035,8.163508371385083
11:56:34,1035,8.165108323831243
11:56:35,1035,8.165108323831243
11:56:36,1036,8.164939255884587
11:56:37,1036,8.164277588168373
11:56:38,1036,8.164277588168373
11:56:39,1037,8.164277588168373
11:56:40,1037,8.164277588168373
11:56:41,1037,8.164277588168373
11:56:42,1038,8.164277588168373
11:56:43,1038,8.17089015151515
11:56:44,1038,8.17089015151515
11:56:45,1038,8.17089015151515
11:56:46,1039,8.17089015151515
11:56:47,1039,8.17089015151515
11:56:48,1039,8.17089015151515
11:56:49,1039,8.17089015151515
11:56:50,1039,8.17089015151515
11:56:51,1039,8.171850170261067
11:56:52,1039,8.171850170261067
11:56:53,1039,8.1708238851096
11:56:54,1039,8.1708238851096
11:56:55,1039,8.1708238851096
11:56:56,1039,8.169460173650434
11:56:57,1039,8.169460173650434
11:56:58,1039,8.169438159879336
11:56:59,1039,8.17005649717514
11:57:00,1039,8.176542513167796
11:57:01,1039,8.176542513167796
11:57:02,1039,8.176542513167796
11:57:03,1039,8.176542513167796
11:57:04,1039,8.176542513167796
11:57:05,1039,8.176437429537767
11:57:06,1039,8.176437429537767
11:57:07,1039,8.176295045045045
11:57:08,1039,8.176295045045045
11:57:09,1039,8.176295045045045
11:57:10,1039,8.176396700412448
11:57:11,1039,8.176396700412448
11:57:12,1039,8.176396700412448
11:57:13,1039,8.175486891385768
11:57:14,1040,8.175486891385768
11:57:15,1040,8.175486891385768
11:57:16,1040,8.175486891385768
11:57:17,1040,8.172944693572497
11:57:18,1041,8.172944693572497
11:57:19,1041,8.172944693572497
11:57:20,1041,8.18090705487122
11:57:21,1042,8.18090705487122
11:57:22,1042,8.18090705487122
11:57:23,1042,8.18090705487122
11:57:24,1042,8.18090705487122
11:57:25,1043,8.18090705487122
11:57:26,1043,8.18090705487122
11:57:27,1044,8.18090705487122
11:57:28,1044,8.18090705487122
11:57:29,1044,8.18090705487122
11:57:30,1045,8.18090705487122
11:57:31,1045,8.18090705487122
11:57:32,1045,8.18090705487122
11:57:33,1046,8.18090705487122
11:57:34,1047,8.184265473527217
11:57:35,1047,8.184265473527217
11:57:36,1048,8.180837988826816
11:57:37,1048,8.180837988826816
11:57:38,1048,8.181380208333334
11:57:39,1048,8.181380208333334
11:57:40,1048,8.181380208333334
11:57:41,1049,8.181380208333334
11:57:42,1050,8.181380208333334
11:57:43,1050,8.181380208333334
11:57:44,1051,8.181380208333334
11:57:45,1051,8.181380208333334
11:57:46,1051,8.182571534745447
11:57:47,1052,8.181570155902005
11:57:48,1052,8.181570155902005
11:57:49,1052,8.1806822395254
11:57:50,1052,8.1806822395254
11:57:51,1052,8.1806822395254
11:57:52,1053,8.189185185185185
11:57:53,1053,8.189185185185185
11:57:54,1053,8.187310395856455
11:57:55,1054,8.187310395856455
11:57:56,1054,8.187310395856455
11:57:57,1055,8.188045084996306
11:57:58,1055,8.188045084996306
11:57:59,1055,8.188353636028054
11:58:00,1056,8.188353636028054
11:58:01,1057,8.188353636028054
11:58:02,1058,8.188353636028054
11:58:03,1058,8.188353636028054
11:58:04,1059,8.188353636028054
11:58:05,1059,8.188353636028054
11:58:06,1059,8.188353636028054
11:58:07,1059,8.188353636028054
11:58:08,1059,8.188353636028054
11:58:09,1059,8.188353636028054
11:58:10,1059,8.185432780847146
11:58:11,1059,8.185432780847146
11:58:12,1059,8.185432780847146
11:58:13,1059,8.185228108903607
11:58:14,1059,8.185228108903607
11:58:15,1059,8.185228108903607
11:58:16,1059,8.185228108903607
11:58:17,1059,8.185228108903607
11:58:18,1059,8.185228108903607
11:58:19,1059,8.185228108903607
11:58:20,1059,8.185228108903607
11:58:21,1059,8.186346931275265
11:58:22,1059,8.186346931275265
11:58:23,1059,8.189372246696035
11:58:24,1059,8.189372246696035
11:58:25,1059,8.189372246696035
11:58:26,1060,8.189372246696035
11:58:27,1060,8.189372246696035
11:58:28,1060,8.189372246696035
11:58:29,1060,8.189372246696035
11:58:30,1060,8.189372246696035
11:58:31,1060,8.189372246696035
11:58:32,1060,8.18934726806014
11:58:33,1060,8.18934726806014
11:58:34,1060,8.18934726806014
11:58:35,1060,8.18934726806014
11:58:36,1061,8.18934726806014
11:58:37,1061,8.186538461538461
11:58:38,1061,8.186538461538461
11:58:39,1062,8.186538461538461
11:58:40,1063,8.186538461538461
11:58:41,1063,8.186538461538461
11:58:42,1064,8.190497076023393
11:58:43,1064,8.190497076023393
11:58:44,1064,8.190497076023393
11:58:45,1065,8.191548010222709
11:58:46,1065,8.191548010222709
11:58:47,1065,8.191548010222709
11:58:48,1065,8.19261487964989
11:58:49,1066,8.19261487964989
11:58:50,1066,8.191948998178507
11:58:51,1066,8.193049490538574
11:58:52,1066,8.193049490538574
11:58:53,1067,8.193049490538574
11:58:54,1067,8.193049490538574
11:58:55,1067,8.193049490538574
11:58:56,1068,8.193049490538574
11:58:57,1068,8.193049490538574
11:58:58,1068,8.193049490538574
11:58:59,1071,8.193049490538574
11:59:00,1071,8.193049490538574
11:59:01,1072,8.193049490538574
11:59:02,1073,8.189967284623773
11:59:03,1073,8.189967284623773
11:59:04,1073,8.186365286855484
11:59:05,1075,8.186365286855484
11:59:06,1075,8.187885382662314
11:59:07,1075,8.187885382662314
11:59:08,1076,8.187885382662314
11:59:09,1076,8.187885382662314
11:59:10,1076,8.187885382662314
11:59:11,1077,8.187885382662314
11:59:12,1077,8.189329710144927
11:59:13,1077,8.189329710144927
11:59:14,1077,8.189329710144927
11:59:15,1077,8.192779587404994
11:59:16,1078,8.192779587404994
11:59:17,1078,8.192779587404994
11:59:18,1078,8.192779587404994
11:59:19,1079,8.192779587404994
11:59:20,1079,8.192779587404994
11:59:21,1079,8.19434201012292
11:59:22,1080,8.19434201012292
11:59:23,1080,8.19434201012292
11:59:24,1080,8.19434201012292
11:59:25,1080,8.19434201012292
11:59:26,1081,8.19434201012292
11:59:27,1081,8.19434201012292
11:59:28,1081,8.19434201012292
11:59:29,1082,8.19434201012292
11:59:30,1082,8.19434201012292
11:59:31,1082,8.19434201012292
11:59:32,1082,8.19434201012292
11:59:33,1083,8.19434201012292
11:59:34,1083,8.19563019140484
11:59:35,1083,8.19563019140484
11:59:36,1083,8.20050505050505
11:59:37,1084,8.201315315315316
11:59:38,1084,8.201315315315316
11:59:39,1084,8.201315315315316
11:59:40,1085,8.202501799856012
11:59:41,1085,8.202501799856012
11:59:42,1085,8.202714850773102
11:59:43,1085,8.204005028735631
11:59:44,1085,8.204005028735631
11:59:45,1085,8.203875134553282
11:59:46,1085,8.203875134553282
11:59:47,1085,8.203875134553282
11:59:48,1085,8.203875134553282
11:59:49,1085,8.203875134553282
11:59:50,1085,8.203875134553282
11:59:51,1085,8.203875134553282
11:59:52,1085,8.203875134553282
11:59:53,1085,8.203875134553282
11:59:54,1085,8.203875134553282
11:59:55,1085,8.203875134553282
11:59:56,1086,8.202688172043011
11:59:57,1086,8.202688172043011
11:59:58,1086,8.202688172043011
11:59:59,1087,8.202688172043011
12:00:00,1088,8.202688172043011
12:00:01,1088,8.199427139276763
12:00:02,1088,8.199427139276763
12:00:03,1088,8.199570815450643
12:00:04,1088,8.199570815450643
12:00:05,1088,8.199570815450643
12:00:06,1089,8.197552697391925
12:00:07,1089,8.197552697391925
12:00:08,1089,8.201641684511063
12:00:09,1090,8.201641684511063
12:00:10,1090,8.201641684511063
12:00:11,1090,8.201641684511063
12:00:12,1091,8.201641684511063
12:00:13,1091,8.201641684511063
12:00:14,1091,8.201641684511063
12:00:15,1092,8.201641684511063
12:00:16,1093,8.20415329768271
12:00:17,1093,8.20415329768271
12:00:18,1093,8.20415329768271
12:00:19,1093,8.20415329768271
12:00:20,1093,8.20415329768271
12:00:21,1093,8.20415329768271
12:00:22,1093,8.20415329768271
12:00:23,1093,8.20415329768271
12:00:24,1093,8.206054131054131
12:00:25,1093,8.203023834934188
12:00:26,1093,8.207320540156362
12:00:27,1093,8.207320540156362
12:00:28,1093,8.208803691870784
12:00:29,1093,8.208803691870784
12:00:30,1093,8.208803691870784
12:00:31,1093,8.208803691870784
12:00:32,1093,8.210195035460993
12:00:33,1093,8.210195035460993
12:00:34,1094,8.210195035460993
12:00:35,1094,8.2124867162593
12:00:36,1094,8.212384996461429
12:00:37,1094,8.212384996461429
12:00:38,1094,8.212384996461429
12:00:39,1094,8.212384996461429
12:00:40,1095,8.212384996461429
12:00:41,1095,8.212384996461429
12:00:42,1096,8.212384996461429
12:00:43,1096,8.212384996461429
12:00:44,1096,8.212384996461429
12:00:45,1096,8.208580508474576
12:00:46,1098,8.208580508474576
12:00:47,1098,8.208580508474576
12:00:48,1098,8.208580508474576
12:00:49,1098,8.208580508474576
12:00:50,1098,8.208580508474576
12:00:51,1098,8.208580508474576
12:00:52,1099,8.20883597883598
12:00:53,1099,8.20883597883598
12:00:54,1099,8.20883597883598
12:00:55,1099,8.20883597883598
12:00:56,1099,8.20883597883598
12:00:57,1099,8.213460183227626
12:00:58,1099,8.213460183227626
12:00:59,1100,8.20934530095037
12:01:00,1100,8.20934530095037
12:01:01,1100,8.20934530095037
12:01:02,1102,8.20934530095037
12:01:03,1102,8.20934530095037
12:01:04,1102,8.20934530095037
12:01:05,1103,8.211867088607596
12:01:06,1104,8.211867088607596
12:01:07,1104,8.211867088607596
12:01:08,1105,8.211867088607596
12:01:09,1106,8.211867088607596
12:01:10,1107,8.211867088607596
12:01:11,1108,8.211867088607596
12:01:12,1109,8.211867088607596
12:01:13,1110,8.21459430979979
12:01:14,1110,8.21459430979979
12:01:15,1111,8.219245614035087
12:01:16,1113,8.219245614035087
12:01:17,1113,8.219245614035087
12:01:18,1113,8.219245614035087
12:01:19,1114,8.213617245005258
12:01:20,1115,8.212745098039216
12:01:21,1116,8.212745098039216
12:01:22,1116,8.212745098039216
12:01:23,1118,8.214882826162995
12:01:24,1118,8.214882826162995
12:01:25,1118,8.219881201956674
12:01:26,1118,8.220331588132636
12:01:27,1120,8.220331588132636
12:01:28,1120,8.218322873082288
12:01:29,1120,8.218322873082288
12:01:30,1120,8.218322873082288
12:01:31,1120,8.219366074538488
12:01:32,1121,8.219366074538488
12:01:33,1122,8.219366074538488
12:01:34,1123,8.219366074538488
12:01:35,1123,8.219366074538488
12:01:36,1124,8.219366074538488
12:01:37,1124,8.219366074538488
12:01:38,1124,8.219366074538488
12:01:39,1125,8.219366074538488
12:01:40,1125,8.219366074538488
12:01:41,1125,8.219366074538488
12:01:42,1125,8.218197633959639
12:01:43,1126,8.218197633959639
12:01:44,1126,8.218197633959639
12:01:45,1126,8.218197633959639
12:01:46,1126,8.218197633959639
12:01:47,1127,8.218197633959639
12:01:48,1127,8.218197633959639
12:01:49,1127,8.218197633959639
12:01:50,1128,8.214893986791797
12:01:51,1128,8.214893986791797
12:01:52,1128,8.214893986791797
12:01:53,1128,8.214322916666667
12:01:54,1129,8.214322916666667
12:01:55,1129,8.214322916666667
12:01:56,1129,8.214322916666667
12:01:57,1130,8.214322916666667
12:01:58,1130,8.214322916666667
12:01:59,1130,8.214322916666667
12:02:00,1131,8.214322916666667
12:02:01,1131,8.213860013860014
12:02:02,1131,8.213860013860014
12:02:03,1131,8.216268605053651
12:02:04,1131,8.216268605053651
12:02:05,1131,8.216268605053651
12:02:06,1131,8.221611341632089
12:02:07,1131,8.221611341632089
12:02:08,1131,8.221611341632089
12:02:09,1131,8.217944732297063
12:02:10,1131,8.217944732297063
12:02:11,1131,8.217944732297063
12:02:12,1131,8.217944732297063
12:02:13,1131,8.220893719806764
12:02:14,1131,8.220893719806764
12:02:15,1131,8.220893719806764
12:02:16,1131,8.223578076525335
12:02:17,1131,8.228495179063362
12:02:18,1131,8.228495179063362
12:02:19,1131,8.228495179063362
12:02:20,1131,8.22893470790378
12:02:21,1131,8.22893470790378
12:02:22,1131,8.22893470790378
12:02:23,1131,8.225369035358737
12:02:24,1131,8.225369035358737
12:02:25,1131,8.225369035358737
12:02:26,1131,8.225369035358737
12:02:27,1131,8.22508573388203
12:02:28,1131,8.221479958890031
12:02:29,1131,8.221479958890031
12:02:30,1131,8.221479958890031
12:02:31,1131,8.221479958890031
12:02:32,1131,8.221479958890031
12:02:33,1131,8.221479958890031
12:02:34,1131,8.221479958890031
12:02:35,1131,8.221479958890031
12:02:36,1132,8.222399041752224
12:02:37,1132,8.222399041752224
12:02:38,1132,8.223418803418804
12:02:39,1132,8.223418803418804
12:02:40,1132,8.223418803418804
12:02:41,1132,8.223418803418804
12:02:42,1132,8.223418803418804
12:02:43,1132,8.223418803418804
12:02:44,1133,8.223418803418804
12:02:45,1133,8.223418803418804
12:02:46,1133,8.223418803418804
12:02:47,1134,8.223418803418804
12:02:48,1135,8.223418803418804
12:02:49,1135,8.223418803418804
12:02:50,1135,8.223418803418804
12:02:51,1136,8.223418803418804
12:02:52,1137,8.223418803418804
12:02:53,1137,8.229064207650273
12:02:54,1137,8.229064207650273
12:02:55,1138,8.229443875810304
12:02:56,1139,8.229443875810304
12:02:57,1139,8.229443875810304
12:02:58,1139,8.229443875810304
12:02:59,1139,8.23023176550784
12:03:00,1140,8.23023176550784
12:03:01,1140,8.230422199523323
12:03:02,1140,8.230422199523323
12:03:03,1141,8.230422199523323
12:03:04,1141,8.233571428571429
12:03:05,1141,8.233571428571429
12:03:06,1141,8.238973836221543
12:03:07,1142,8.238973836221543
12:03:08,1142,8.238973836221543
12:03:09,1142,8.238973836221543
12:03:10,1144,8.239827060020346
12:03:11,1144,8.239827060020346
12:03:12,1144,8.239827060020346
12:03:13,1145,8.236077235772358
12:03:14,1145,8.236077235772358
12:03:15,1145,8.236077235772358
12:03:16,1146,8.236077235772358
12:03:17,1146,8.236077235772358
12:03:18,1147,8.236077235772358
12:03:19,1148,8.236077235772358
12:03:20,1148,8.235989847715736
12:03:21,1148,8.235989847715736
12:03:22,1149,8.235989847715736
12:03:23,1150,8.235989847715736
12:03:24,1150,8.235989847715736
12:03:25,1150,8.235989847715736
12:03:26,1152,8.236933739012846
12:03:27,1152,8.236933739012846
12:03:28,1153,8.236933739012846
12:03:29,1154,8.237470449172577
12:03:30,1154,8.237470449172577
12:03:31,1154,8.237470449172577
12:03:32,1155,8.234716599190284
12:03:33,1155,8.234716599190284
12:03:34,1155,8.234716599190284
12:03:35,1155,8.234716599190284
12:03:36,1157,8.234716599190284
12:03:37,1157,8.234716599190284
12:03:38,1157,8.234716599190284
12:03:39,1158,8.234716599190284
12:03:40,1158,8.234716599190284
12:03:41,1158,8.234716599190284
12:03:42,1159,8.234716599190284
12:03:43,1159,8.234716599190284
12:03:44,1159,8.235861139197842
12:03:45,1160,8.235861139197842
12:03:46,1160,8.235861139197842
12:03:47,1160,8.241885521885523
12:03:48,1161,8.241885521885523
12:03:49,1162,8.241885521885523
12:03:50,1163,8.242650521358897
12:03:51,1163,8.242650521358897
12:03:52,1163,8.243985215053764
12:03:53,1163,8.243985215053764
12:03:54,1163,8.242379993286338
12:03:55,1163,8.242379993286338
12:03:56,1163,8.242379993286338
12:03:57,1163,8.248088531187124
12:03:58,1164,8.248088531187124
12:03:59,1164,8.247202680067002
12:04:00,1164,8.247202680067002
12:04:01,1164,8.247202680067002
12:04:02,1164,8.247202680067002
12:04:03,1164,8.243892235609103
12:04:04,1164,8.243892235609103
12:04:05,1164,8.240722166499499
12:04:06,1164,8.240722166499499
12:04:07,1164,8.240722166499499
12:04:08,1164,8.242902471609886
12:04:09,1164,8.243877210543877
12:04:10,1164,8.243877210543877
12:04:11,1164,8.243877210543877
12:04:12,1164,8.243877210543877
12:04:13,1164,8.243877210543877
12:04:14,1164,8.243877210543877
12:04:15,1164,8.243877210543877
12:04:16,1164,8.24535
12:04:17,1164,8.24535
12:04:18,1164,8.24535
12:04:19,1165,8.246919746919747
12:04:20,1165,8.246919746919747
12:04:21,1165,8.246919746919747
12:04:22,1165,8.246919746919747
12:04:23,1165,8.246919746919747
12:04:24,1165,8.246919746919747
12:04:25,1165,8.246919746919747
12:04:26,1165,8.246919746919747
12:04:27,1165,8.246919746919747
12:04:28,1165,8.246919746919747
12:04:29,1165,8.246919746919747
12:04:30,1166,8.246919746919747
12:04:31,1166,8.246919746919747
12:04:32,1166,8.246919746919747
12:04:33,1166,8.246919746919747
12:04:34,1166,8.246919746919747
12:04:35,1166,8.246919746919747
12:04:36,1166,8.248386560212907
12:04:37,1166,8.245314057826521
12:04:38,1166,8.245314057826521
12:04:39,1166,8.251427622841966
12:04:40,1166,8.251427622841966
12:04:41,1166,8.251427622841966
12:04:42,1166,8.252070907886017
12:04:43,1166,8.252070907886017
12:04:44,1166,8.253889440582588
12:04:45,1166,8.253889440582588
12:04:46,1166,8.253889440582588
12:04:47,1166,8.25982142857143
12:04:48,1167,8.25982142857143
12:04:49,1167,8.25982142857143
12:04:50,1167,8.25982142857143
12:04:51,1167,8.259101420548397
12:04:52,1167,8.259101420548397
12:04:53,1167,8.261105610561057
12:04:54,1168,8.261105610561057
12:04:55,1168,8.263616880975931
12:04:56,1168,8.263616880975931
12:04:57,1168,8.26235603817045
12:04:58,1168,8.26235603817045
12:04:59,1169,8.26235603817045
12:05:00,1169,8.26235603817045
12:05:01,1170,8.26235603817045
12:05:02,1170,8.264381985535831
12:05:03,1170,8.264381985535831
12:05:04,1170,8.264381985535831
12:05:05,1171,8.264381985535831
12:05:06,1171,8.264381985535831
12:05:07,1171,8.264381985535831
12:05:08,1171,8.264381985535831
12:05:09,1171,8.264381985535831
12:05:10,1171,8.264381985535831
12:05:11,1171,8.261658456486042
12:05:12,1171,8.261658456486042
12:05:13,1171,8.26379593175853
12:05:14,1171,8.26379593175853
12:05:15,1172,8.26379593175853
12:05:16,1172,8.265470337594232
12:05:17,1172,8.263686967910937
12:05:18,1172,8.263686967910937
12:05:19,1172,8.263686967910937
12:05:20,1173,8.263686967910937
12:05:21,1173,8.263686967910937
12:05:22,1173,8.263686967910937
12:05:23,1173,8.263686967910937
12:05:24,1173,8.263686967910937
12:05:25,1173,8.265816159633628
12:05:26,1173,8.265816159633628
12:05:27,1173,8.265816159633628
12:05:28,1173,8.272598039215687
12:05:29,1173,8.269866144302972
12:05:30,1173,8.269866144302972
12:05:31,1173,8.271885192433137
12:05:32,1173,8.271885192433137
12:05:33,1173,8.271885192433137
12:05:34,1173,8.271885192433137
12:05:35,1173,8.271885192433137
12:05:36,1174,8.271885192433137
12:05:37,1174,8.277745193874226
12:05:38,1175,8.277745193874226
12:05:39,1175,8.277745193874226
12:05:40,1175,8.277745193874226
12:05:41,1175,8.277360026041666
12:05:42,1175,8.279593495934959
12:05:43,1176,8.279593495934959
12:05:44,1176,8.276348278102665
12:05:45,1176,8.276348278102665
12:05:46,1176,8.276348278102665
12:05:47,1176,8.276348278102665
12:05:48,1176,8.276348278102665
12:05:49,1176,8.276348278102665
12:05:50,1176,8.278724440116845
12:05:51,1176,8.278724440116845
12:05:52,1176,8.277399481193255
12:05:53,1177,8.280126336248786
12:05:54,1177,8.280126336248786
12:05:55,1178,8.280126336248786
12:05:56,1179,8.282815533980584
12:05:57,1179,8.282815533980584
12:05:58,1179,8.282815533980584
12:05:59,1180,8.282815533980584
12:06:00,1180,8.282815533980584
12:06:01,1180,8.282815533980584
12:06:02,1181,8.282815533980584
12:06:03,1181,8.280488199159391
12:06:04,1181,8.280488199159391
12:06:05,1181,8.280488199159391
12:06:06,1183,8.280488199159391
12:06:07,1183,8.280488199159391
12:06:08,1183,8.280488199159391
12:06:09,1183,8.280488199159391
12:06:10,1184,8.280488199159391
12:06:11,1184,8.280488199159391
12:06:12,1184,8.280488199159391
12:06:13,1184,8.280488199159391
12:06:14,1184,8.280488199159391
12:06:15,1184,8.28312338501292
12:06:16,1184,8.28312338501292
12:06:17,1184,8.290045175863181
12:06:18,1184,8.290045175863181
12:06:19,1184,8.29292392005158
12:06:20,1184,8.29292392005158
12:06:21,1184,8.29292392005158
12:06:22,1184,8.290096618357488
12:06:23,1184,8.290096618357488
12:06:24,1184,8.290096618357488
12:06:25,1184,8.290492277992279
12:06:26,1184,8.290492277992279
12:06:27,1185,8.28940855030537
12:06:28,1185,8.28940855030537
12:06:29,1185,8.295745022479126
12:06:30,1185,8.295745022479126
12:06:31,1185,8.295745022479126
12:06:32,1185,8.295283926852743
12:06:33,1185,8.29809294871795
12:06:34,1185,8.295869356388089
12:06:35,1185,8.295869356388089
12:06:36,1185,8.295869356388089
12:06:37,1185,8.293506078055023
12:06:38,1185,8.293506078055023
12:06:39,1185,8.296836049856184
12:06:40,1185,8.296836049856184
12:06:41,1186,8.296836049856184
12:06:42,1186,8.296836049856184
12:06:43,1186,8.296836049856184
12:06:44,1186,8.296836049856184
12:06:45,1187,8.296836049856184
12:06:46,1188,8.29867496807152
12:06:47,1188,8.29867496807152
12:06:48,1188,8.29867496807152
12:06:49,1189,8.30177033492823
12:06:50,1189,8.30177033492823
12:06:51,1189,8.30177033492823
12:06:52,1190,8.30177033492823
12:06:53,1190,8.30177033492823
12:06:54,1190,8.30177033492823
12:06:55,1190,8.30177033492823
12:06:56,1192,8.30177033492823
12:06:57,1192,8.30177033492823
12:06:58,1193,8.30177033492823
12:06:59,1193,8.30177033492823
12:07:00,1194,8.30177033492823
12:07:01,1194,8.300589547482472
12:07:02,1195,8.300589547482472
12:07:03,1196,8.300589547482472
12:07:04,1196,8.300589547482472
12:07:05,1197,8.300589547482472
12:07:06,1197,8.301416746259154
12:07:07,1197,8.29918893129771
12:07:08,1199,8.29918893129771
12:07:09,1199,8.300603749602796
12:07:10,1200,8.300603749602796
12:07:11,1200,8.300603749602796
12:07:12,1201,8.300603749602796
12:07:13,1202,8.30052380952381
12:07:14,1202,8.296701554075485
12:07:15,1202,8.296701554075485
12:07:16,1203,8.296701554075485
12:07:17,1203,8.296701554075485
12:07:18,1203,8.296701554075485
12:07:19,1204,8.30429340937896
12:07:20,1204,8.30429340937896
12:07:21,1204,8.30997150997151
12:07:22,1204,8.313393421884884
12:07:23,1204,8.313393421884884
12:07:24,1205,8.313570300157979
12:07:25,1205,8.313570300157979
12:07:26,1205,8.313570300157979
12:07:27,1205,8.313570300157979
12:07:28,1206,8.313570300157979
12:07:29,1206,8.313570300157979
12:07:30,1206,8.311521464646464
12:07:31,1206,8.311521464646464
12:07:32,1206,8.315137180700095
12:07:33,1207,8.315137180700095
12:07:34,1207,8.315137180700095
12:07:35,1207,8.313768115942029
12:07:36,1208,8.313768115942029
12:07:37,1209,8.31010387157696
12:07:38,1209,8.31010387157696
12:07:39,1209,8.31010387157696
12:07:40,1210,8.31010387157696
12:07:41,1210,8.31010387157696
12:07:42,1210,8.31010387157696
12:07:43,1210,8.31010387157696
12:07:44,1212,8.31010387157696
12:07:45,1212,8.31010387157696
12:07:46,1212,8.31010387157696
12:07:47,1213,8.31010387157696
12:07:48,1213,8.31010387157696
12:07:49,1213,8.30816037735849
12:07:50,1213,8.30816037735849
12:07:51,1213,8.308356896010054
12:07:52,1213,8.308356896010054
12:07:53,1213,8.308356896010054
12:07:54,1214,8.308356896010054
12:07:55,1214,8.311440677966102
12:07:56,1214,8.311440677966102
12:07:57,1214,8.311440677966102
12:07:58,1214,8.311440677966102
12:07:59,1214,8.311440677966102
12:08:00,1214,8.311440677966102
12:08:01,1214,8.311440677966102
12:08:02,1214,8.311440677966102
12:08:03,1214,8.311440677966102
12:08:04,1215,8.315725932894324
12:08:05,1215,8.315725932894324
12:08:06,1215,8.315725932894324
12:08:07,1215,8.315725932894324
12:08:08,1215,8.316791979949874
12:08:09,1215,8.31547730829421
12:08:10,1215,8.31547730829421
12:08:11,1215,8.327007185254608
12:08:12,1215,8.327007185254608
12:08:13,1215,8.332429061428126
12:08:14,1215,8.332429061428126
12:08:15,1215,8.332429061428126
12:08:16,1216,8.332429061428126
12:08:17,1216,8.332429061428126
12:08:18,1216,8.332429061428126
12:08:19,1216,8.332429061428126
12:08:20,1216,8.332429061428126
12:08:21,1216,8.332429061428126
12:08:22,1216,8.332429061428126
12:08:23,1216,8.332429061428126
12:08:24,1216,8.332383177570094
12:08:25,1216,8.332383177570094
12:08:26,1216,8.332383177570094
12:08:27,1216,8.332383177570094
12:08:28,1216,8.332383177570094
12:08:29,1216,8.332383177570094
12:08:30,1216,8.332383177570094
12:08:31,1216,8.332383177570094
12:08:32,1216,8.332383177570094
12:08:33,1216,8.332383177570094
12:08:34,1216,8.332383177570094
12:08:35,1216,8.332383177570094
12:08:36,1216,8.332383177570094
12:08:37,1216,8.32942732648615
12:08:38,1216,8.329462064676617
12:08:39,1216,8.329462064676617
12:08:40,1216,8.329462064676617
12:08:41,1216,8.32673190431811
12:08:42,1216,8.32673190431811
12:08:43,1216,8.32673190431811
12:08:44,1217,8.327995034140285
12:08:45,1217,8.327995034140285
12:08:46,1217,8.327995034140285
12:08:47,1217,8.32970542635659
12:08:48,1217,8.32970542635659
12:08:49,1217,8.32970542635659
12:08:50,1217,8.32970542635659
12:08:51,1217,8.32970542635659
12:08:52,1217,8.32970542635659
12:08:53,1217,8.32970542635659
12:08:54,1217,8.32970542635659
12:08:55,1217,8.32970542635659
12:08:56,1217,8.32970542635659
12:08:57,1217,8.33570322180917
12:08:58,1217,8.332095326524296
12:08:59,1218,8.330148423005566
12:09:00,1218,8.330148423005566
12:09:01,1218,8.330522088353414
12:09:02,1218,8.330522088353414
12:09:03,1218,8.335864197530864
12:09:04,1218,8.335568917668825
12:09:05,1218,8.335568917668825
12:09:06,1219,8.338154651879236
12:09:07,1219,8.338154651879236
12:09:08,1219,8.343290243151738
12:09:09,1220,8.343290243151738
12:09:10,1220,8.343290243151738
12:09:11,1220,8.343035055350553
12:09:12,1220,8.343035055350553
12:09:13,1220,8.343035055350553
12:09:14,1220,8.343035055350553
12:09:15,1220,8.343035055350553
12:09:16,1220,8.343035055350553
12:09:17,1220,8.343035055350553
12:09:18,1220,8.343035055350553
12:09:19,1220,8.343035055350553
12:09:20,1220,8.343932411674347
12:09:21,1221,8.343932411674347
12:09:22,1221,8.343932411674347
12:09:23,1221,8.343932411674347
12:09:24,1221,8.343932411674347
12:09:25,1221,8.343932411674347
12:09:26,1221,8.343932411674347
12:09:27,1221,8.33792203806016
12:09:28,1222,8.33792203806016
12:09:29,1222,8.33792203806016
12:09:30,1222,8.33792203806016
12:09:31,1222,8.33792203806016
12:09:32,1223,8.335602575896964
12:09:33,1223,8.335602575896964
12:09:34,1223,8.335602575896964
12:09:35,1223,8.335602575896964
12:09:36,1224,8.335602575896964
12:09:37,1224,8.335602575896964
12:09:38,1225,8.335602575896964
12:09:39,1226,8.335602575896964
12:09:40,1226,8.335602575896964
12:09:41,1227,8.335602575896964
12:09:42,1228,8.335602575896964
12:09:43,1228,8.335602575896964
12:09:44,1228,8.343419038873584
12:09:45,1228,8.343419038873584
12:09:46,1229,8.343419038873584
12:09:47,1229,8.342315918117935
12:09:48,1230,8.342315918117935
12:09:49,1230,8.348748473748474
12:09:50,1230,8.347346752058554
12:09:51,1230,8.347346752058554
12:09:52,1231,8.347346752058554
12:09:53,1231,8.349695585996956
12:09:54,1231,8.349695585996956
12:09:55,1231,8.349695585996956
12:09:56,1231,8.349695585996956
12:09:57,1231,8.355352798053527
12:09:58,1231,8.355352798053527
12:09:59,1231,8.355352798053527
12:10:00,1231,8.355352798053527
12:10:01,1231,8.355352798053527
12:10:02,1231,8.355352798053527
12:10:03,1231,8.355352798053527
12:10:04,1231,8.355352798053527
12:10:05,1231,8.355352798053527
12:10:06,1231,8.355352798053527
12:10:07,1231,8.35215739896688
12:10:08,1231,8.35215739896688
12:10:09,1231,8.35262598664238
12:10:10,1231,8.35262598664238
12:10:11,1231,8.35262598664238
12:10:12,1231,8.35262598664238
12:10:13,1231,8.35262598664238
12:10:14,1231,8.35262598664238
12:10:15,1231,8.35262598664238
12:10:16,1231,8.35614194722475
12:10:17,1231,8.35614194722475
12:10:18,1231,8.356439393939393
12:10:19,1231,8.356439393939393
12:10:20,1231,8.35708446866485
12:10:21,1231,8.35708446866485
12:10:22,1231,8.35708446866485
12:10:23,1231,8.35708446866485
12:10:24,1231,8.35708446866485
12:10:25,1231,8.35708446866485
12:10:26,1231,8.35708446866485
12:10:27,1231,8.35708446866485
12:10:28,1231,8.35708446866485
12:10:29,1231,8.35708446866485
12:10:30,1232,8.35708446866485
12:10:31,1232,8.35708446866485
12:10:32,1232,8.35708446866485
12:10:33,1234,8.35708446866485
12:10:34,1234,8.35708446866485
12:10:35,1234,8.35708446866485
12:10:36,1235,8.35708446866485
12:10:37,1235,8.35708446866485
12:10:38,1235,8.364095583787053
12:10:39,1236,8.363387730432155
12:10:40,1236,8.363387730432155
12:10:41,1236,8.363387730432155
12:10:42,1237,8.362333937198068
12:10:43,1237,8.363469079939668
12:10:44,1237,8.366169379144063
12:10:45,1237,8.366169379144063
12:10:46,1238,8.366169379144063
12:10:47,1238,8.366169379144063
12:10:48,1238,8.370686540198736
12:10:49,1239,8.370686540198736
12:10:50,1239,8.370686540198736
12:10:51,1239,8.370686540198736
12:10:52,1239,8.370686540198736
12:10:53,1240,8.370686540198736
12:10:54,1240,8.370686540198736
12:10:55,1240,8.370686540198736
12:10:56,1241,8.370686540198736
12:10:57,1242,8.371961492178098
12:10:58,1242,8.371961492178098
12:10:59,1242,8.371961492178098
12:11:00,1242,8.371961492178098
12:11:01,1242,8.371961492178098
12:11:02,1242,8.371961492178098
12:11:03,1242,8.371961492178098
12:11:04,1243,8.371961492178098
12:11:05,1243,8.371961492178098
12:11:06,1243,8.371961492178098
12:11:07,1244,8.371961492178098
12:11:08,1244,8.371961492178098
12:11:09,1244,8.371961492178098
12:11:10,1245,8.371961492178098
12:11:11,1245,8.371961492178098
12:11:12,1245,8.374842200180343
12:11:13,1245,8.374842200180343
12:11:14,1246,8.372327327327328
12:11:15,1246,8.372327327327328
12:11:16,1246,8.372327327327328
12:11:17,1246,8.372412241224122
12:11:18,1247,8.372412241224122
12:11:19,1247,8.372412241224122
12:11:20,1247,8.376843525179856
12:11:21,1248,8.376843525179856
12:11:22,1248,8.376843525179856
12:11:23,1248,8.378751123090746
12:11:24,1248,8.378751123090746
12:11:25,1250,8.378751123090746
12:11:26,1250,8.378751123090746
12:11:27,1250,8.378751123090746
12:11:28,1250,8.378751123090746
12:11:29,1251,8.378751123090746
12:11:30,1251,8.386340514661878
12:11:31,1251,8.386158445440957
12:11:32,1252,8.387365591397849
12:11:33,1252,8.387365591397849
12:11:34,1252,8.387365591397849
12:11:35,1252,8.387365591397849
12:11:36,1253,8.387365591397849
12:11:37,1253,8.387365591397849
12:11:38,1253,8.386899433005073
12:11:39,1255,8.386899433005073
12:11:40,1255,8.39205426356589
12:11:41,1255,8.39205426356589
12:11:42,1255,8.39205426356589
12:11:43,1257,8.39205426356589
12:11:44,1257,8.39205426356589
12:11:45,1257,8.39205426356589
12:11:46,1257,8.39179326779863
12:11:47,1257,8.39179326779863
12:11:48,1258,8.39179326779863
12:11:49,1258,8.394241071428572
12:11:50,1258,8.395658638120725
12:11:51,1258,8.395658638120725
12:11:52,1259,8.395658638120725
12:11:53,1259,8.395658638120725
12:11:54,1259,8.399584076054664
12:11:55,1259,8.399584076054664
12:11:56,1260,8.399584076054664
12:11:57,1260,8.40094983674681
12:11:58,1260,8.40094983674681
12:11:59,1260,8.40094983674681
12:12:00,1260,8.40094983674681
12:12:01,1260,8.40094983674681
12:12:02,1260,8.40094983674681
12:12:03,1261,8.40094983674681
12:12:04,1261,8.40094983674681
12:12:05,1261,8.40094983674681
12:12:06,1261,8.40094983674681
12:12:07,1261,8.400044444444443
12:12:08,1261,8.400044444444443
12:12:09,1261,8.400044444444443
12:12:10,1261,8.400044444444443
12:12:11,1261,8.400044444444443
12:12:12,1261,8.398889875666075
12:12:13,1261,8.398889875666075
12:12:14,1261,8.396968352558414
12:12:15,1261,8.396968352558414
12:12:16,1262,8.396968352558414
12:12:17,1262,8.396968352558414
12:12:18,1262,8.396968352558414
12:12:19,1263,8.40502364066194
12:12:20,1263,8.40502364066194
12:12:21,1263,8.40502364066194
12:12:22,1263,8.40502364066194
12:12:23,1263,8.40502364066194
12:12:24,1263,8.408023598820058
12:12:25,1263,8.408023598820058
12:12:26,1263,8.408023598820058
12:12:27,1263,8.415209069493521
12:12:28,1263,8.415209069493521
12:12:29,1265,8.415209069493521
12:12:30,1266,8.415209069493521
12:12:31,1266,8.415209069493521
12:12:32,1267,8.415209069493521
12:12:33,1267,8.415209069493521
12:12:34,1268,8.415209069493521
12:12:35,1269,8.413930567814063
12:12:36,1270,8.413930567814063
12:12:37,1270,8.413930567814063
12:12:38,1271,8.413930567814063
12:12:39,1271,8.413930567814063
12:12:40,1271,8.413930567814063
12:12:41,1271,8.413256907701351
12:12:42,1272,8.414566813509545
12:12:43,1272,8.414566813509545
12:12:44,1272,8.414566813509545
12:12:45,1273,8.414566813509545
12:12:46,1274,8.417106807511738
12:12:47,1274,8.417106807511738
12:12:48,1276,8.417106807511738
12:12:49,1276,8.417106807511738
12:12:50,1276,8.417106807511738
12:12:51,1276,8.417106807511738
12:12:52,1276,8.417106807511738
12:12:53,1277,8.417106807511738
12:12:54,1277,8.417106807511738
12:12:55,1278,8.41644698301113
12:12:56,1278,8.41644698301113
12:12:57,1278,8.417676324261048
12:12:58,1278,8.417676324261048
12:12:59,1279,8.417676324261048
12:13:00,1279,8.417676324261048
12:13:01,1279,8.422456140350878
12:13:02,1280,8.422456140350878
12:13:03,1281,8.422456140350878
12:13:04,1281,8.422456140350878
12:13:05,1281,8.422456140350878
12:13:06,1282,8.422456140350878
12:13:07,1282,8.422456140350878
12:13:08,1283,8.430923166812738
12:13:09,1284,8.43075014594279
12:13:10,1285,8.43075014594279
12:13:11,1286,8.43075014594279
12:13:12,1286,8.43075014594279
12:13:13,1287,8.43075014594279
12:13:14,1288,8.43075014594279
12:13:15,1288,8.43075014594279
12:13:16,1288,8.43075014594279
12:13:17,1289,8.433931175269757
12:13:18,1290,8.433931175269757
12:13:19,1291,8.433931175269757
12:13:20,1291,8.433609898107715
12:13:21,1292,8.433609898107715
12:13:22,1292,8.438350785340313
12:13:23,1293,8.43732926474862
12:13:24,1293,8.43732926474862
12:13:25,1293,8.43732926474862
12:13:26,1294,8.445905923344947
12:13:27,1295,8.445905923344947
12:13:28,1295,8.445905923344947
12:13:29,1295,8.445905923344947
12:13:30,1296,8.445905923344947
12:13:31,1298,8.445905923344947
12:13:32,1298,8.445905923344947
12:13:33,1298,8.446576733391355
12:13:34,1299,8.446576733391355
12:13:35,1300,8.446576733391355
12:13:36,1301,8.446576733391355
12:13:37,1301,8.445188405797103
12:13:38,1301,8.445188405797103
12:13:39,1302,8.445188405797103
12:13:40,1302,8.443599768317405
12:13:41,1302,8.443599768317405
12:13:42,1303,8.44853877314815
12:13:43,1303,8.44853877314815
12:13:44,1303,8.44706562590344
12:13:45,1303,8.445580589254766
12:13:46,1303,8.445580589254766
12:13:47,1303,8.445580589254766
12:13:48,1303,8.445580589254766
12:13:49,1304,8.445580589254766
12:13:50,1304,8.445580589254766
12:13:51,1305,8.447720057720058
12:13:52,1305,8.447720057720058
12:13:53,1305,8.447720057720058
12:13:54,1305,8.447808535178778
12:13:55,1306,8.446355517142035
12:13:56,1306,8.446355517142035
12:13:57,1306,8.446355517142035
12:13:58,1307,8.446355517142035
12:13:59,1307,8.446355517142035
12:14:00,1308,8.448229706390329
12:14:01,1309,8.448229706390329
12:14:02,1309,8.448229706390329
12:14:03,1309,8.448229706390329
12:14:04,1310,8.448229706390329
12:14:05,1311,8.448229706390329
12:14:06,1311,8.448229706390329
12:14:07,1311,8.451682484900777
12:14:08,1313,8.451682484900777
12:14:09,1313,8.451682484900777
12:14:10,1314,8.451682484900777
12:14:11,1314,8.451682484900777
12:14:12,1314,8.451682484900777
12:14:13,1315,8.451566091954023
12:14:14,1315,8.451566091954023
12:14:15,1315,8.447502153316107
12:14:16,1316,8.447502153316107
12:14:17,1316,8.447502153316107
12:14:18,1316,8.44961273666093
12:14:19,1316,8.451375752364575
12:14:20,1317,8.451375752364575
12:14:21,1317,8.451375752364575
12:14:22,1317,8.453350515463917
12:14:23,1318,8.453350515463917
12:14:24,1318,8.453350515463917
12:14:25,1318,8.45250357653791
12:14:26,1319,8.45250357653791
12:14:27,1319,8.45250357653791
12:14:28,1320,8.452115494568325
12:14:29,1320,8.448143387603542
12:14:30,1321,8.455393835616439
12:14:31,1321,8.455393835616439
12:14:32,1321,8.451425719988595
12:14:33,1321,8.45079772079772
12:14:34,1321,8.45079772079772
12:14:35,1321,8.45079772079772
12:14:36,1321,8.45079772079772
12:14:37,1321,8.45079772079772
12:14:38,1321,8.45079772079772
12:14:39,1321,8.45079772079772
12:14:40,1321,8.45079772079772
12:14:41,1322,8.454483347566184
12:14:42,1322,8.454483347566184
12:14:43,1322,8.454483347566184
12:14:44,1323,8.459079283887467
12:14:45,1323,8.459079283887467
12:14:46,1323,8.459079283887467
12:14:47,1323,8.459079283887467
12:14:48,1324,8.459079283887467
12:14:49,1324,8.459079283887467
12:14:50,1324,8.459079283887467
12:14:51,1324,8.459079283887467
12:14:52,1325,8.461456558773424
12:14:53,1325,8.460482269503546
12:14:54,1325,8.460482269503546
12:14:55,1325,8.460482269503546
12:14:56,1325,8.460482269503546
12:14:57,1325,8.460482269503546
12:14:58,1325,8.460482269503546
12:14:59,1325,8.460482269503546
12:15:00,1325,8.460482269503546
12:15:01,1325,8.460482269503546
12:15:02,1325,8.463846371882086
12:15:03,1325,8.463846371882086
12:15:04,1325,8.463846371882086
12:15:05,1325,8.463846371882086
12:15:06,1326,8.460167091475503
12:15:07,1326,8.460167091475503
12:15:08,1326,8.460167091475503
12:15:09,1327,8.455701754385965
12:15:10,1327,8.4519508057676
12:15:11,1328,8.4519508057676
12:15:12,1328,8.4519508057676
12:15:13,1329,8.4519508057676
12:15:14,1329,8.451709039548023
12:15:15,1329,8.451709039548023
12:15:16,1330,8.458326277166243
12:15:17,1330,8.458326277166243
12:15:18,1331,8.458326277166243
12:15:19,1331,8.458326277166243
12:15:20,1331,8.458326277166243
12:15:21,1331,8.458326277166243
12:15:22,1331,8.458326277166243
12:15:23,1331,8.458178228990413
12:15:24,1331,8.458178228990413
12:15:25,1331,8.458178228990413
12:15:26,1331,8.45450831220062
12:15:27,1331,8.45450831220062
12:15:28,1331,8.45450831220062
12:15:29,1331,8.455433558558559
12:15:30,1331,8.455433558558559
12:15:31,1331,8.451744022503515
12:15:32,1331,8.451744022503515
12:15:33,1331,8.451053962900506
12:15:34,1331,8.455869137882617
12:15:35,1331,8.455869137882617
12:15:36,1331,8.463496071829406
12:15:37,1331,8.463496071829406
12:15:38,1331,8.463496071829406
12:15:39,1331,8.46686291000841
12:15:40,1331,8.46686291000841
12:15:41,1331,8.46686291000841
12:15:42,1331,8.463543417366946
12:15:43,1331,8.463543417366946
12:15:44,1331,8.463543417366946
12:15:45,1331,8.463543417366946
12:15:46,1331,8.463543417366946
12:15:47,1331,8.463543417366946
12:15:48,1331,8.463543417366946
12:15:49,1331,8.463543417366946
12:15:50,1331,8.463543417366946
12:15:51,1332,8.463543417366946
12:15:52,1332,8.463543417366946
12:15:53,1332,8.463543417366946
12:15:54,1332,8.463543417366946
12:15:55,1333,8.463543417366946
12:15:56,1333,8.463543417366946
12:15:57,1333,8.459899328859061
12:15:58,1334,8.459899328859061
12:15:59,1334,8.459899328859061
12:16:00,1334,8.459899328859061
12:16:01,1334,8.461162335848003
12:16:02,1335,8.461162335848003
12:16:03,1335,8.461162335848003
12:16:04,1335,8.461097152428811
12:16:05,1335,8.461097152428811
12:16:06,1335,8.461097152428811
12:16:07,1335,8.461097152428811
12:16:08,1335,8.466638772663877
12:16:09,1335,8.466638772663877
12:16:10,1335,8.466638772663877
12:16:11,1336,8.467001114827202
12:16:12,1336,8.467001114827202
12:16:13,1336,8.467001114827202
12:16:14,1336,8.467014759120023
12:16:15,1336,8.467014759120023
12:16:16,1336,8.467014759120023
12:16:17,1336,8.465470228158042
12:16:18,1337,8.465470228158042
12:16:19,1337,8.465470228158042
12:16:20,1337,8.468821239922157
12:16:21,1337,8.468821239922157
12:16:22,1337,8.468821239922157
12:16:23,1337,8.468821239922157
12:16:24,1339,8.468821239922157
12:16:25,1339,8.474333333333332
12:16:26,1339,8.474333333333332
12:16:27,1340,8.471301693033583
12:16:28,1340,8.471301693033583
12:16:29,1341,8.471301693033583
12:16:30,1341,8.471301693033583
12:16:31,1341,8.467595673876872
12:16:32,1341,8.467595673876872
12:16:33,1341,8.467595673876872
12:16:34,1342,8.464879467996674
12:16:35,1342,8.464879467996674
12:16:36,1342,8.463648947951274
12:16:37,1342,8.46136929460581
12:16:38,1342,8.46136929460581
12:16:39,1343,8.46136929460581
12:16:40,1344,8.46136929460581
12:16:41,1345,8.46136929460581
12:16:42,1345,8.46136929460581
12:16:43,1345,8.46136929460581
12:16:44,1346,8.46136929460581
12:16:45,1346,8.46136929460581
12:16:46,1346,8.46136929460581
12:16:47,1347,8.457490326147044
12:16:48,1348,8.457490326147044
12:16:49,1348,8.457490326147044
12:16:50,1349,8.457490326147044
12:16:51,1349,8.457490326147044
12:16:52,1349,8.45890637945319
12:16:53,1350,8.45890637945319
12:16:54,1350,8.45890637945319
12:16:55,1351,8.45890637945319
12:16:56,1352,8.45890637945319
12:16:57,1352,8.45890637945319
12:16:58,1353,8.464790286975717
12:16:59,1354,8.464790286975717
12:17:00,1354,8.464790286975717
12:17:01,1354,8.464790286975717
12:17:02,1356,8.464790286975717
12:17:03,1356,8.464790286975717
12:17:04,1356,8.464790286975717
12:17:05,1356,8.461345464571272
12:17:06,1357,8.461345464571272
12:17:07,1357,8.458994490358126
12:17:08,1358,8.462180016515276
12:17:09,1359,8.462180016515276
12:17:10,1359,8.462180016515276
12:17:11,1359,8.462180016515276
12:17:12,1360,8.460354785478549
12:17:13,1361,8.460354785478549
12:17:14,1361,8.460354785478549
12:17:15,1361,8.470744096650192
12:17:16,1362,8.470744096650192
12:17:17,1362,8.471728395061728
12:17:18,1364,8.471728395061728
12:17:19,1364,8.471728395061728
12:17:20,1365,8.471728395061728
12:17:21,1365,8.468433305943577
12:17:22,1366,8.468433305943577
12:17:23,1366,8.468433305943577
12:17:24,1367,8.468433305943577
12:17:25,1368,8.468433305943577
12:17:26,1368,8.468433305943577
12:17:27,1369,8.469006568144499
12:17:28,1370,8.469006568144499
12:17:29,1370,8.469006568144499
12:17:30,1370,8.469006568144499
12:17:31,1370,8.469006568144499
12:17:32,1371,8.473530216024063
12:17:33,1371,8.473530216024063
12:17:34,1371,8.473530216024063
12:17:35,1371,8.479877049180327
12:17:36,1371,8.479877049180327
12:17:37,1371,8.476344526344526
12:17:38,1371,8.476344526344526
12:17:39,1371,8.476344526344526
12:17:40,1371,8.476344526344526
12:17:41,1371,8.476344526344526
12:17:42,1371,8.482596835788325
12:17:43,1371,8.482596835788325
12:17:44,1371,8.482596835788325
12:17:45,1371,8.482596835788325
12:17:46,1371,8.482596835788325
12:17:47,1371,8.482842736440448
12:17:48,1371,8.482842736440448
12:17:49,1372,8.482842736440448
12:17:50,1372,8.482842736440448
12:17:51,1372,8.482842736440448
12:17:52,1372,8.482842736440448
12:17:53,1373,8.480269607843137
12:17:54,1373,8.480269607843137
12:17:55,1373,8.479959183673468
12:17:56,1373,8.479959183673468
12:17:57,1374,8.476400217509516
12:17:58,1374,8.476500950828578
12:17:59,1374,8.476500950828578
12:18:00,1374,8.476500950828578
12:18:01,1374,8.476500950828578
12:18:02,1374,8.476500950828578
12:18:03,1374,8.476500950828578
12:18:04,1374,8.476500950828578
12:18:05,1374,8.476500950828578
12:18:06,1374,8.478026601520087
12:18:07,1374,8.482750203417412
12:18:08,1374,8.482750203417412
12:18:09,1374,8.482750203417412
12:18:10,1374,8.482750203417412
12:18:11,1374,8.478861788617886
12:18:12,1374,8.478861788617886
12:18:13,1374,8.478861788617886
12:18:14,1374,8.477132412672624
12:18:15,1374,8.477132412672624
12:18:16,1374,8.477132412672624
12:18:17,1374,8.479586038961038
12:18:18,1374,8.479586038961038
12:18:19,1374,8.474601243579347
12:18:20,1374,8.474601243579347
12:18:21,1374,8.474601243579347
12:18:22,1374,8.474601243579347
12:18:23,1374,8.474601243579347
12:18:24,1374,8.481050783360347
12:18:25,1375,8.478798920377868
12:18:26,1375,8.479476806903993
12:18:27,1375,8.479476806903993
12:18:28,1375,8.479476806903993
12:18:29,1375,8.479476806903993
12:18:30,1376,8.479476806903993
12:18:31,1376,8.479749393694423
12:18:32,1376,8.479749393694423
12:18:33,1376,8.479749393694423
12:18:34,1377,8.479749393694423
12:18:35,1377,8.479749393694423
12:18:36,1377,8.477827140549273
12:18:37,1377,8.477827140549273
12:18:38,1378,8.477827140549273
12:18:39,1378,8.477827140549273
12:18:40,1379,8.477827140549273
12:18:41,1379,8.48126177024482
12:18:42,1380,8.48126177024482
12:18:43,1380,8.48126177024482
12:18:44,1380,8.47891129032258
12:18:45,1380,8.47891129032258
12:18:46,1380,8.47652430835348
12:18:47,1380,8.47652430835348
12:18:48,1381,8.47652430835348
12:18:49,1381,8.474771873322599
12:18:50,1381,8.474771873322599
12:18:51,1382,8.474771873322599
12:18:52,1382,8.477165459908823
12:18:53,1382,8.477165459908823
12:18:54,1383,8.477165459908823
12:18:55,1383,8.477165459908823
12:18:56,1383,8.4741961414791
12:18:57,1383,8.4741961414791
12:18:58,1384,8.4741961414791
12:18:59,1384,8.481392235609103
12:19:00,1385,8.481392235609103
12:19:01,1385,8.481392235609103
12:19:02,1386,8.48200909577314
12:19:03,1386,8.48200909577314
12:19:04,1386,8.481983426891206
12:19:05,1386,8.48255876068376
12:19:06,1387,8.48255876068376
12:19:07,1387,8.48255876068376
12:19:08,1387,8.48255876068376
12:19:09,1387,8.482639444889244
12:19:10,1387,8.482639444889244
12:19:11,1389,8.480053333333334
12:19:12,1389,8.480053333333334
12:19:13,1389,8.480053333333334
12:19:14,1390,8.480053333333334
12:19:15,1390,8.483772981614708
12:19:16,1390,8.483772981614708
12:19:17,1390,8.483772981614708
12:19:18,1390,8.481616080937167
12:19:19,1391,8.481616080937167
12:19:20,1391,8.481616080937167
12:19:21,1391,8.481616080937167
12:19:22,1392,8.481616080937167
12:19:23,1392,8.481616080937167
12:19:24,1392,8.481616080937167
12:19:25,1393,8.481616080937167
12:19:26,1393,8.481616080937167
12:19:27,1394,8.479808459696729
12:19:28,1394,8.479808459696729
12:19:29,1394,8.479808459696729
12:19:30,1394,8.479808459696729
12:19:31,1394,8.479808459696729
12:19:32,1394,8.479808459696729
12:19:33,1395,8.479808459696729
12:19:34,1395,8.479808459696729
12:19:35,1395,8.477511961722488
12:19:36,1395,8.477511961722488
12:19:37,1396,8.477511961722488
12:19:38,1396,8.475166002656042
12:19:39,1396,8.475166002656042
12:19:40,1396,8.475166002656042
12:19:41,1396,8.475166002656042
12:19:42,1396,8.475166002656042
12:19:43,1396,8.475166002656042
12:19:44,1396,8.475166002656042
12:19:45,1396,8.475166002656042
12:19:46,1397,8.475166002656042
12:19:47,1397,8.475166002656042
12:19:48,1397,8.481409235668789
12:19:49,1398,8.484473614425882
12:19:50,1398,8.484473614425882
12:19:51,1398,8.484473614425882
12:19:52,1398,8.482114467408586
12:19:53,1398,8.481175536139794
12:19:54,1399,8.481640211640212
12:19:55,1399,8.481640211640212
12:19:56,1400,8.485051546391752
12:19:57,1400,8.485051546391752
12:19:58,1401,8.485051546391752
12:19:59,1401,8.485051546391752
12:20:00,1401,8.48405969360803
12:20:01,1402,8.48405969360803
12:20:02,1402,8.48405969360803
12:20:03,1402,8.483491686460807
12:20:04,1403,8.483491686460807
12:20:05,1403,8.483491686460807
12:20:06,1403,8.483491686460807
12:20:07,1404,8.483491686460807
12:20:08,1404,8.482278481012658
12:20:09,1404,8.482278481012658
12:20:10,1404,8.482278481012658
12:20:11,1405,8.482278481012658
12:20:12,1406,8.48582345191041
12:20:13,1406,8.48582345191041
12:20:14,1407,8.48582345191041
12:20:15,1408,8.481924697209058
12:20:16,1408,8.481924697209058
12:20:17,1408,8.481924697209058
12:20:18,1408,8.481924697209058
12:20:19,1410,8.481924697209058
12:20:20,1410,8.481924697209058
12:20:21,1411,8.481924697209058
12:20:22,1412,8.486779794790845
12:20:23,1412,8.48855152471083
12:20:24,1412,8.48855152471083
12:20:25,1414,8.485093249277647
12:20:26,1414,8.485093249277647
12:20:27,1414,8.485093249277647
12:20:28,1414,8.485093249277647
12:20:29,1414,8.485093249277647
12:20:30,1414,8.485093249277647
12:20:31,1414,8.485708661417323
12:20:32,1414,8.485708661417323
12:20:33,1414,8.483634933123524
12:20:34,1414,8.483634933123524
12:20:35,1414,8.483634933123524
12:20:36,1414,8.483634933123524
12:20:37,1414,8.483883647798741
12:20:38,1414,8.483883647798741
12:20:39,1414,8.480479183032207
12:20:40,1414,8.480479183032207
12:20:41,1414,8.480479183032207
12:20:42,1414,8.479748822605965
12:20:43,1414,8.479748822605965
12:20:44,1414,8.479748822605965
12:20:45,1414,8.480169934640523
12:20:46,1414,8.480169934640523
12:20:47,1416,8.480169934640523
12:20:48,1416,8.48371212121212
12:20:49,1416,8.482824327851736
12:20:50,1416,8.482824327851736
12:20:51,1416,8.482824327851736
12:20:52,1416,8.482824327851736
12:20:53,1417,8.482824327851736
12:20:54,1417,8.482824327851736
12:20:55,1417,8.482824327851736
12:20:56,1417,8.482824327851736
12:20:57,1417,8.486932707355242
12:20:58,1417,8.485392233515768
12:20:59,1417,8.485392233515768
12:21:00,1417,8.485909445745511
12:21:01,1418,8.485909445745511
12:21:02,1418,8.485909445745511
12:21:03,1418,8.485909445745511
12:21:04,1419,8.485909445745511
12:21:05,1419,8.485909445745511
12:21:06,1419,8.485909445745511
12:21:07,1419,8.484529381175246
12:21:08,1419,8.484529381175246
12:21:09,1421,8.484529381175246
12:21:10,1421,8.484529381175246
12:21:11,1421,8.48434658352819
12:21:12,1421,8.481256490134994
12:21:13,1421,8.481256490134994
12:21:14,1421,8.481256490134994
12:21:15,1422,8.481256490134994
12:21:16,1422,8.485616083009079
12:21:17,1422,8.485616083009079
12:21:18,1422,8.485616083009079
12:21:19,1422,8.485616083009079
12:21:20,1423,8.485616083009079
12:21:21,1423,8.485616083009079
12:21:22,1424,8.485616083009079
12:21:23,1424,8.485616083009079
12:21:24,1424,8.485616083009079
12:21:25,1424,8.485616083009079
12:21:26,1424,8.485616083009079
12:21:27,1424,8.485616083009079
12:21:28,1424,8.485616083009079
12:21:29,1424,8.485199585277346
12:21:30,1424,8.484291634291633
12:21:31,1424,8.484291634291633
12:21:32,1424,8.484291634291633
12:21:33,1424,8.480590062111801
12:21:34,1424,8.480590062111801
12:21:35,1424,8.480747349366434
12:21:36,1424,8.480747349366434
12:21:37,1424,8.478165374677003
12:21:38,1424,8.478165374677003
12:21:39,1424,8.482082043343654
12:21:40,1424,8.482082043343654
12:21:41,1424,8.482082043343654
12:21:42,1424,8.482082043343654
12:21:43,1425,8.482082043343654
12:21:44,1425,8.482082043343654
12:21:45,1425,8.482082043343654
12:21:46,1425,8.480948698118072
12:21:47,1425,8.480948698118072
12:21:48,1425,8.480948698118072
12:21:49,1425,8.478001030396703
12:21:50,1425,8.478001030396703
12:21:51,1425,8.478001030396703
12:21:52,1425,8.478001030396703
12:21:53,1425,8.478082368082367
12:21:54,1425,8.478082368082367
12:21:55,1425,8.478082368082367
12:21:56,1425,8.478082368082367
12:21:57,1425,8.478082368082367
12:21:58,1425,8.478082368082367
12:21:59,1425,8.476710390946502
12:22:00,1425,8.476710390946502
12:22:01,1425,8.476710390946502
12:22:02,1425,8.476710390946502
12:22:03,1425,8.478630172192238
12:22:04,1425,8.478630172192238
12:22:05,1425,8.479237288135593
12:22:06,1425,8.479237288135593
12:22:07,1425,8.479237288135593
12:22:08,1425,8.476802668719527
12:22:09,1426,8.476802668719527
12:22:10,1427,8.476802668719527
12:22:11,1427,8.478551282051281
12:22:12,1428,8.476851140148604
12:22:13,1429,8.476851140148604
12:22:14,1429,8.477380952380953
12:22:15,1430,8.477380952380953
12:22:16,1432,8.477380952380953
12:22:17,1432,8.477380952380953
12:22:18,1432,8.477380952380953
12:22:19,1433,8.477380952380953
12:22:20,1433,8.474597083653109
12:22:21,1434,8.474597083653109
12:22:22,1434,8.474597083653109
12:22:23,1434,8.474597083653109
12:22:24,1434,8.473913599182005
12:22:25,1435,8.473913599182005
12:22:26,1435,8.473913599182005
12:22:27,1435,8.473913599182005
12:22:28,1436,8.473913599182005
12:22:29,1436,8.473913599182005
12:22:30,1436,8.473913599182005
12:22:31,1438,8.473913599182005
12:22:32,1438,8.474444444444444
12:22:33,1438,8.474444444444444
12:22:34,1438,8.46972945380296
12:22:35,1438,8.46972945380296
12:22:36,1438,8.474356031624586
12:22:37,1438,8.476337920489296
12:22:38,1439,8.476337920489296
12:22:39,1439,8.476337920489296
12:22:40,1439,8.474344283167813
12:22:41,1439,8.474344283167813
12:22:42,1439,8.473600508905852
12:22:43,1439,8.473600508905852
12:22:44,1440,8.474307144673277
12:22:45,1440,8.474307144673277
12:22:46,1440,8.472205284552846
12:22:47,1440,8.472205284552846
12:22:48,1440,8.472205284552846
12:22:49,1440,8.46994160954557
12:22:50,1440,8.468797564687977
12:22:51,1440,8.468797564687977
12:22:52,1440,8.468797564687977
12:22:53,1440,8.468797564687977
12:22:54,1440,8.468797564687977
12:22:55,1441,8.469074778200254
12:22:56,1441,8.469074778200254
12:22:57,1441,8.469074778200254
12:22:58,1441,8.472437357630978
12:22:59,1441,8.472437357630978
12:23:00,1441,8.472437357630978
12:23:01,1442,8.472437357630978
12:23:02,1442,8.474329792615073
12:23:03,1442,8.474329792615073
12:23:04,1443,8.474329792615073
12:23:05,1443,8.471215567349002
12:23:06,1443,8.471215567349002
12:23:07,1444,8.471215567349002
12:23:08,1444,8.471215567349002
12:23:09,1444,8.471215567349002
12:23:10,1444,8.471215567349002
12:23:11,1445,8.471215567349002
12:23:12,1445,8.473535353535354
12:23:13,1446,8.473535353535354
12:23:14,1446,8.473535353535354
12:23:15,1446,8.473535353535354
12:23:16,1446,8.473535353535354
12:23:17,1446,8.473535353535354
12:23:18,1447,8.473535353535354
12:23:19,1448,8.473535353535354
12:23:20,1448,8.473535353535354
12:23:21,1448,8.473535353535354
12:23:22,1449,8.473535353535354
12:23:23,1449,8.473535353535354
12:23:24,1449,8.473535353535354
12:23:25,1449,8.473535353535354
12:23:26,1450,8.473535353535354
12:23:27,1450,8.473535353535354
12:23:28,1450,8.473535353535354
12:23:29,1450,8.473535353535354
12:23:30,1451,8.477731516527884
12:23:31,1451,8.473298033282905
12:23:32,1451,8.473298033282905
12:23:33,1452,8.47111363063744
12:23:34,1453,8.472834843907352
12:23:35,1453,8.472834843907352
12:23:36,1453,8.470276729559748
12:23:37,1453,8.470276729559748
12:23:38,1454,8.470276729559748
12:23:39,1454,8.47114127702363
12:23:40,1454,8.47114127702363
12:23:41,1456,8.47114127702363
12:23:42,1456,8.47114127702363
12:23:43,1456,8.47114127702363
12:23:44,1457,8.468751569957297
12:23:45,1457,8.468751569957297
12:23:46,1458,8.468751569957297
12:23:47,1459,8.468751569957297
12:23:48,1459,8.467206325301204
12:23:49,1460,8.467206325301204
12:23:50,1461,8.467206325301204
12:23:51,1461,8.467206325301204
12:23:52,1461,8.467206325301204
12:23:53,1462,8.467206325301204
12:23:54,1462,8.467206325301204
12:23:55,1462,8.466290443942814
12:23:56,1463,8.466290443942814
12:23:57,1464,8.466290443942814
12:23:58,1465,8.466290443942814
12:23:59,1465,8.46577694235589
12:24:00,1465,8.46577694235589
12:24:01,1465,8.46577694235589
12:24:02,1466,8.46577694235589
12:24:03,1467,8.46352366641623
12:24:04,1467,8.46352366641623
12:24:05,1467,8.465753253253252
12:24:06,1468,8.465753253253252
12:24:07,1468,8.465753253253252
12:24:08,1468,8.465753253253252
12:24:09,1468,8.465753253253252
12:24:10,1468,8.465753253253252
12:24:11,1468,8.465753253253252
12:24:12,1468,8.465753253253252
12:24:13,1468,8.465753253253252
12:24:14,1468,8.465753253253252
12:24:15,1468,8.467304326081521
12:24:16,1468,8.467304326081521
12:24:17,1468,8.467304326081521
12:24:18,1468,8.467304326081521
12:24:19,1468,8.4662043978011
12:24:20,1468,8.4662043978011
12:24:21,1468,8.463970037453183
12:24:22,1468,8.463970037453183
12:24:23,1468,8.463473053892216
12:24:24,1468,8.463473053892216
12:24:25,1468,8.46133133881825
12:24:26,1468,8.463315894369707
12:24:27,1468,8.463315894369707
12:24:28,1468,8.463315894369707
12:24:29,1468,8.463315894369707
12:24:30,1468,8.463315894369707
12:24:31,1468,8.463315894369707
12:24:32,1468,8.463315894369707
12:24:33,1468,8.463315894369707
12:24:34,1469,8.463315894369707
12:24:35,1469,8.468098083146627
12:24:36,1469,8.468098083146627
12:24:37,1469,8.468098083146627
12:24:38,1469,8.468098083146627
12:24:39,1469,8.468098083146627
12:24:40,1469,8.468098083146627
12:24:41,1469,8.468098083146627
12:24:42,1469,8.46468905472637
12:24:43,1469,8.46468905472637
12:24:44,1469,8.46468905472637
12:24:45,1469,8.466181953765846
12:24:46,1470,8.466181953765846
12:24:47,1470,8.466181953765846
12:24:48,1470,8.466181953765846
12:24:49,1470,8.466181953765846
12:24:50,1470,8.465722801788376
12:24:51,1470,8.465722801788376
12:24:52,1471,8.467957309506081
12:24:53,1471,8.467957309506081
12:24:54,1472,8.466976456009913
12:24:55,1472,8.466976456009913
12:24:56,1472,8.466976456009913
12:24:57,1472,8.465118870728084
12:24:58,1472,8.465118870728084
12:24:59,1472,8.465118870728084
12:25:00,1472,8.465118870728084
12:25:01,1472,8.465118870728084
12:25:02,1472,8.465118870728084
12:25:03,1472,8.465118870728084
12:25:04,1473,8.465118870728084
12:25:05,1473,8.464625092798812
12:25:06,1473,8.464625092798812
12:25:07,1473,8.464625092798812
12:25:08,1473,8.464625092798812
12:25:09,1473,8.463983679525223
12:25:10,1474,8.46224363726217
12:25:11,1474,8.46224363726217
12:25:12,1474,8.46224363726217
12:25:13,1474,8.460432098765432
12:25:14,1474,8.460432098765432
12:25:15,1474,8.460432098765432
12:25:16,1474,8.463101406365656
12:25:17,1474,8.46339990138067
12:25:18,1474,8.46339990138067
12:25:19,1474,8.46339990138067
12:25:20,1474,8.46339990138067
12:25:21,1474,8.46339990138067
12:25:22,1474,8.46339990138067
12:25:23,1474,8.46339990138067
12:25:24,1474,8.467294900221729
12:25:25,1474,8.46335548990645
12:25:26,1475,8.465830258302583
12:25:27,1475,8.465830258302583
12:25:28,1476,8.467133726647
12:25:29,1477,8.467133726647
12:25:30,1477,8.467133726647
12:25:31,1477,8.465377057234095
12:25:32,1477,8.465377057234095
12:25:33,1477,8.465377057234095
12:25:34,1477,8.465377057234095
12:25:35,1478,8.465377057234095
12:25:36,1478,8.465377057234095
12:25:37,1478,8.465377057234095
12:25:38,1479,8.465377057234095
12:25:39,1480,8.465353460972018
12:25:40,1480,8.465353460972018
12:25:41,1480,8.465353460972018
12:25:42,1480,8.465353460972018
12:25:43,1482,8.465353460972018
12:25:44,1483,8.465353460972018
12:25:45,1484,8.467868530782438
12:25:46,1484,8.467868530782438
12:25:47,1486,8.465625
12:25:48,1487,8.465625
12:25:49,1487,8.465625
12:25:50,1487,8.465625
12:25:51,1487,8.465625
12:25:52,1488,8.465625
12:25:53,1489,8.465625
12:25:54,1490,8.466054371785452
12:25:55,1491,8.466054371785452
12:25:56,1491,8.466054371785452
12:25:57,1491,8.466054371785452
12:25:58,1494,8.466054371785452
12:25:59,1494,8.466054371785452
12:26:00,1495,8.464696524718551
12:26:01,1495,8.464696524718551
12:26:02,1497,8.464696524718551
12:26:03,1497,8.464808021521154
12:26:04,1497,8.464808021521154
12:26:05,1498,8.464808021521154
12:26:06,1499,8.46282991202346
12:26:07,1499,8.465494505494506
12:26:08,1500,8.465494505494506
12:26:09,1500,8.465494505494506
12:26:10,1500,8.465494505494506
12:26:11,1500,8.465494505494506
12:26:12,1502,8.465494505494506
12:26:13,1502,8.465494505494506
12:26:14,1503,8.465494505494506
12:26:15,1506,8.469277696437286
12:26:16,1506,8.469277696437286
12:26:17,1507,8.469277696437286
12:26:18,1508,8.469277696437286
12:26:19,1509,8.469277696437286
12:26:20,1510,8.469277696437286
12:26:21,1511,8.469277696437286
12:26:22,1512,8.469277696437286
12:26:23,1512,8.47149475737625
12:26:24,1513,8.47149475737625
12:26:25,1514,8.47149475737625
12:26:26,1514,8.469078947368422
12:26:27,1515,8.469078947368422
12:26:28,1515,8.467932797662527
12:26:29,1516,8.467932797662527
12:26:30,1517,8.467932797662527
12:26:31,1517,8.466630170316302
12:26:32,1517,8.466630170316302
12:26:33,1518,8.466630170316302
12:26:34,1518,8.46986384634087
12:26:35,1519,8.46986384634087
12:26:36,1519,8.46830660835763
12:26:37,1519,8.467115804806992
12:26:38,1519,8.467115804806992
12:26:39,1520,8.467115804806992
12:26:40,1520,8.467115804806992
12:26:41,1521,8.467115804806992
12:26:42,1521,8.467115804806992
12:26:43,1521,8.467115804806992
12:26:44,1522,8.467115804806992
12:26:45,1522,8.467115804806992
12:26:46,1522,8.467115804806992
12:26:47,1523,8.467115804806992
12:26:48,1523,8.467115804806992
12:26:49,1523,8.470111596312469
12:26:50,1523,8.471527272727274
12:26:51,1525,8.471527272727274
12:26:52,1525,8.46937984496124
12:26:53,1525,8.46937984496124
12:26:54,1525,8.466436698136045
12:26:55,1526,8.466436698136045
12:26:56,1526,8.466436698136045
12:26:57,1526,8.469980648282535
12:26:58,1526,8.469980648282535
12:26:59,1527,8.468056562726613
12:27:00,1527,8.468056562726613
12:27:01,1528,8.468056562726613
12:27:02,1529,8.468852657004831
12:27:03,1529,8.468852657004831
12:27:04,1529,8.46777697320782
12:27:05,1530,8.46777697320782
12:27:06,1531,8.46777697320782
12:27:07,1531,8.472346840328028
12:27:08,1532,8.472346840328028
12:27:09,1533,8.474373795761078
12:27:10,1533,8.474373795761078
12:27:11,1533,8.474373795761078
12:27:12,1533,8.474373795761078
12:27:13,1534,8.47581227436823
12:27:14,1534,8.47581227436823
12:27:15,1535,8.47581227436823
12:27:16,1535,8.47581227436823
12:27:17,1535,8.47581227436823
12:27:18,1535,8.47581227436823
12:27:19,1536,8.47581227436823
12:27:20,1536,8.47581227436823
12:27:21,1536,8.47581227436823
12:27:22,1537,8.47581227436823
12:27:23,1537,8.47581227436823
12:27:24,1537,8.47581227436823
12:27:25,1538,8.47581227436823
12:27:26,1538,8.47581227436823
12:27:27,1538,8.47581227436823
12:27:28,1539,8.4748075998076
12:27:29,1539,8.4748075998076
12:27:30,1540,8.4748075998076
12:27:31,1540,8.4748075998076
12:27:32,1540,8.4748075998076
12:27:33,1541,8.4748075998076
12:27:34,1542,8.4748075998076
12:27:35,1542,8.473419850997356
12:27:36,1543,8.473419850997356
12:27:37,1543,8.473419850997356
12:27:38,1543,8.472658501440922
12:27:39,1544,8.472658501440922
12:27:40,1544,8.47234221262299
12:27:41,1544,8.47234221262299
12:27:42,1544,8.47234221262299
12:27:43,1546,8.467948717948719
12:27:44,1546,8.467948717948719
12:27:45,1546,8.464140325670497
12:27:46,1547,8.464140325670497
12:27:47,1547,8.464140325670497
12:27:48,1547,8.466499162479062
12:27:49,1549,8.467539454806312
12:27:50,1549,8.467539454806312
12:27:51,1549,8.467539454806312
12:27:52,1550,8.467539454806312
12:27:53,1550,8.47205495818399
12:27:54,1550,8.47205495818399
12:27:55,1551,8.47205495818399
12:27:56,1551,8.47205495818399
12:27:57,1551,8.47205495818399
12:27:58,1553,8.47205495818399
12:27:59,1553,8.473603151862465
12:28:00,1553,8.473603151862465
12:28:01,1555,8.473603151862465
12:28:02,1556,8.473603151862465
12:28:03,1556,8.473603151862465
12:28:04,1556,8.473603151862465
12:28:05,1558,8.473603151862465
12:28:06,1558,8.473603151862465
12:28:07,1558,8.473603151862465
12:28:08,1558,8.473603151862465
12:28:09,1559,8.471629682653305
12:28:10,1559,8.469814020028613
12:28:11,1559,8.469814020028613
12:28:12,1559,8.469814020028613
12:28:13,1559,8.474600905408625
12:28:14,1559,8.474600905408625
12:28:15,1559,8.471654761904762
12:28:16,1559,8.470675707827743
12:28:17,1560,8.470675707827743
12:28:18,1560,8.472396576319543
12:28:19,1560,8.472396576319543
12:28:20,1560,8.472396576319543
12:28:21,1560,8.469897837966263
12:28:22,1560,8.469897837966263
12:28:23,1560,8.469897837966263
12:28:24,1560,8.469897837966263
12:28:25,1560,8.469897837966263
12:28:26,1561,8.469897837966263
12:28:27,1561,8.469897837966263
12:28:28,1561,8.469897837966263
12:28:29,1561,8.469897837966263
12:28:30,1562,8.469897837966263
12:28:31,1562,8.469897837966263
12:28:32,1562,8.468281101614435
12:28:33,1562,8.468281101614435
12:28:34,1563,8.465895610913405
12:28:35,1563,8.465895610913405
12:28:36,1563,8.463454243717402
12:28:37,1563,8.463454243717402
12:28:38,1564,8.463454243717402
12:28:39,1564,8.463454243717402
12:28:40,1564,8.465766406064914
12:28:41,1565,8.465766406064914
12:28:42,1565,8.465696022727274
12:28:43,1565,8.465696022727274
12:28:44,1566,8.465696022727274
12:28:45,1566,8.465803170096995
12:28:46,1566,8.465803170096995
12:28:47,1567,8.465803170096995
12:28:48,1567,8.465803170096995
12:28:49,1567,8.465803170096995
12:28:50,1567,8.465803170096995
12:28:51,1567,8.466843971631205
12:28:52,1567,8.466843971631205
12:28:53,1567,8.466843971631205
12:28:54,1567,8.468107725017719
12:28:55,1567,8.468107725017719
12:28:56,1567,8.468107725017719
12:28:57,1567,8.468107725017719
12:28:58,1567,8.468107725017719
12:28:59,1567,8.468107725017719
12:29:00,1567,8.466536827195467
12:29:01,1567,8.466536827195467
12:29:02,1567,8.464354800660534
12:29:03,1567,8.464354800660534
12:29:04,1567,8.464354800660534
12:29:05,1567,8.464354800660534
12:29:06,1567,8.463189533239039
12:29:07,1567,8.463189533239039
12:29:08,1567,8.459469964664311
12:29:09,1567,8.459469964664311
12:29:10,1567,8.459469964664311
12:29:11,1567,8.459469964664311
12:29:12,1567,8.459469964664311
12:29:13,1567,8.459469964664311
12:29:14,1567,8.459469964664311
12:29:15,1567,8.459469964664311
12:29:16,1567,8.464606873822976
12:29:17,1568,8.464606873822976
12:29:18,1568,8.464606873822976
12:29:19,1568,8.464606873822976
12:29:20,1569,8.464606873822976
12:29:21,1571,8.464606873822976
12:29:22,1571,8.464606873822976
12:29:23,1571,8.464606873822976
12:29:24,1571,8.464606873822976
12:29:25,1572,8.462632321806634
12:29:26,1573,8.462632321806634
12:29:27,1573,8.462632321806634
12:29:28,1573,8.460543018335684
12:29:29,1573,8.460543018335684
12:29:30,1574,8.460543018335684
12:29:31,1574,8.463319238900635
12:29:32,1574,8.463319238900635
12:29:33,1575,8.463319238900635
12:29:34,1576,8.46192488262911
12:29:35,1576,8.46192488262911
12:29:36,1576,8.46192488262911
12:29:37,1576,8.462796152943936
12:29:38,1578,8.462796152943936
12:29:39,1578,8.462796152943936
12:29:40,1578,8.467756680731364
12:29:41,1578,8.469173108456312
12:29:42,1579,8.469173108456312
12:29:43,1580,8.469173108456312
12:29:44,1581,8.469173108456312
12:29:45,1581,8.470084269662921
12:29:46,1581,8.470084269662921
12:29:47,1582,8.470084269662921
12:29:48,1582,8.470084269662921
12:29:49,1582,8.470084269662921
12:29:50,1582,8.468526315789473
12:29:51,1582,8.468526315789473
12:29:52,1582,8.46566152407667
12:29:53,1582,8.46566152407667
12:29:54,1582,8.46566152407667
12:29:55,1582,8.46566152407667
12:29:56,1582,8.46566152407667
12:29:57,1582,8.46566152407667
12:29:58,1582,8.46566152407667
12:29:59,1583,8.467250642373278
12:30:00,1583,8.467250642373278
12:30:01,1583,8.464414098972922
12:30:02,1583,8.464414098972922
12:30:03,1583,8.464414098972922
12:30:04,1583,8.464414098972922
12:30:05,1583,8.464414098972922
12:30:06,1583,8.464414098972922
12:30:07,1583,8.464414098972922
12:30:08,1583,8.464414098972922
12:30:09,1583,8.469010963377652
12:30:10,1583,8.469010963377652
12:30:11,1583,8.47348484848485
12:30:12,1583,8.47348484848485
12:30:13,1583,8.475320288842301
12:30:14,1583,8.475320288842301
12:30:15,1583,8.475320288842301
12:30:16,1583,8.473882681564245
12:30:17,1583,8.473882681564245
12:30:18,1583,8.470679227727379
12:30:19,1583,8.470679227727379
12:30:20,1584,8.470679227727379
12:30:21,1584,8.470443979544397
12:30:22,1584,8.470443979544397
12:30:23,1584,8.470443979544397
12:30:24,1584,8.470443979544397
12:30:25,1584,8.470443979544397
12:30:26,1584,8.470443979544397
12:30:27,1584,8.470443979544397
12:30:28,1584,8.469198606271778
12:30:29,1584,8.469198606271778
12:30:30,1584,8.469198606271778
12:30:31,1584,8.469198606271778
12:30:32,1584,8.469198606271778
12:30:33,1584,8.471111884865367
12:30:34,1584,8.471111884865367
12:30:35,1584,8.471111884865367
12:30:36,1585,8.471111884865367
12:30:37,1585,8.471111884865367
12:30:38,1585,8.470366504291347
12:30:39,1585,8.469135373203523
12:30:40,1585,8.469135373203523
12:30:41,1586,8.469135373203523
12:30:42,1587,8.469135373203523
12:30:43,1587,8.469135373203523
12:30:44,1587,8.466678248783877
12:30:45,1587,8.466678248783877
12:30:46,1588,8.468136574074075
12:30:47,1588,8.468136574074075
12:30:48,1588,8.468136574074075
12:30:49,1588,8.468136574074075
12:30:50,1588,8.468136574074075
12:30:51,1589,8.468136574074075
12:30:52,1589,8.468136574074075
12:30:53,1589,8.468136574074075
12:30:54,1589,8.468136574074075
12:30:55,1590,8.468136574074075
12:30:56,1590,8.468136574074075
12:30:57,1590,8.468136574074075
12:30:58,1590,8.468136574074075
12:30:59,1590,8.47203331020125
12:31:00,1590,8.47203331020125
12:31:01,1591,8.475843735552473
12:31:02,1591,8.475843735552473
12:31:03,1591,8.475843735552473
12:31:04,1591,8.475843735552473
12:31:05,1591,8.473030723030723
12:31:06,1592,8.473030723030723
12:31:07,1593,8.473030723030723
12:31:08,1593,8.470544783010157
12:31:09,1594,8.47076124567474
12:31:10,1594,8.47076124567474
12:31:11,1594,8.471438450899033
12:31:12,1594,8.47181524994241
12:31:13,1594,8.470407458563535
12:31:14,1594,8.468403496664367
12:31:15,1594,8.468403496664367
12:31:16,1594,8.468403496664367
12:31:17,1594,8.468403496664367
12:31:18,1594,8.468403496664367
12:31:19,1595,8.468403496664367
12:31:20,1595,8.468403496664367
12:31:21,1595,8.468403496664367
12:31:22,1596,8.468403496664367
12:31:23,1596,8.468403496664367
12:31:24,1598,8.468403496664367
12:31:25,1598,8.468403496664367
12:31:26,1599,8.468403496664367
12:31:27,1599,8.468403496664367
12:31:28,1601,8.468403496664367
12:31:29,1601,8.468390804597702
12:31:30,1602,8.468390804597702
12:31:31,1603,8.468390804597702
12:31:32,1603,8.466999770273373
12:31:33,1603,8.466999770273373
12:31:34,1603,8.464818640955006
12:31:35,1605,8.468914888735949
12:31:36,1605,8.468914888735949
12:31:37,1605,8.468914888735949
12:31:38,1606,8.468914888735949
12:31:39,1607,8.468914888735949
12:31:40,1608,8.468914888735949
12:31:41,1608,8.468914888735949
12:31:42,1609,8.468914888735949
12:31:43,1609,8.468914888735949
12:31:44,1609,8.468914888735949
12:31:45,1609,8.468914888735949
12:31:46,1610,8.468914888735949
12:31:47,1611,8.468914888735949
12:31:48,1611,8.468914888735949
12:31:49,1612,8.468914888735949
12:31:50,1612,8.466620816139386
12:31:51,1612,8.469851088201603
12:31:52,1612,8.469851088201603
12:31:53,1612,8.469851088201603
12:31:54,1614,8.474313186813186
12:31:55,1614,8.471837108213224
12:31:56,1615,8.471837108213224
12:31:57,1616,8.471837108213224
12:31:58,1616,8.471837108213224
12:31:59,1617,8.471837108213224
12:32:00,1617,8.471837108213224
12:32:01,1618,8.471837108213224
12:32:02,1618,8.471837108213224
12:32:03,1618,8.469970278920895
12:32:04,1619,8.469970278920895
12:32:05,1620,8.469970278920895
12:32:06,1620,8.469088416723784
12:32:07,1620,8.469088416723784
12:32:08,1622,8.469088416723784
12:32:09,1622,8.469463470319635
12:32:10,1623,8.469463470319635
12:32:11,1624,8.469463470319635
12:32:12,1624,8.469463470319635
12:32:13,1624,8.469463470319635
12:32:14,1624,8.469463470319635
12:32:15,1624,8.469463470319635
12:32:16,1624,8.469463470319635
12:32:17,1625,8.469463470319635
12:32:18,1625,8.469552817704768
12:32:19,1626,8.469552817704768
12:32:20,1626,8.469552817704768
12:32:21,1626,8.469552817704768
12:32:22,1627,8.469552817704768
12:32:23,1628,8.469552817704768
12:32:24,1628,8.468319653442773
12:32:25,1629,8.468319653442773
12:32:26,1629,8.473080428343586
12:32:27,1629,8.475500910746812
12:32:28,1630,8.475500910746812
12:32:29,1630,8.475500910746812
12:32:30,1631,8.475500910746812
12:32:31,1633,8.475500910746812
12:32:32,1633,8.475500910746812
12:32:33,1635,8.476097838452787
12:32:34,1635,8.476097838452787
12:32:35,1635,8.476097838452787
12:32:36,1635,8.476097838452787
12:32:37,1637,8.476097838452787
12:32:38,1637,8.473085662349467
12:32:39,1637,8.473085662349467
12:32:40,1637,8.471616712079927
12:32:41,1638,8.471616712079927
12:32:42,1638,8.471616712079927
12:32:43,1638,8.472248695257544
12:32:44,1639,8.472248695257544
12:32:45,1639,8.473408112395196
12:32:46,1639,8.473408112395196
12:32:47,1640,8.473408112395196
12:32:48,1640,8.476052989130434
12:32:49,1640,8.476052989130434
12:32:50,1641,8.476052989130434
12:32:51,1641,8.476052989130434
12:32:52,1641,8.476052989130434
12:32:53,1642,8.476052989130434
12:32:54,1642,8.476052989130434
12:32:55,1642,8.47458701063589
12:32:56,1642,8.47458701063589
12:32:57,1643,8.472489823609227
12:32:58,1643,8.472489823609227
12:32:59,1643,8.472489823609227
12:33:00,1644,8.472489823609227
12:33:01,1644,8.473853107344633
12:33:02,1644,8.473853107344633
12:33:03,1645,8.471646341463416
12:33:04,1645,8.471646341463416
12:33:05,1646,8.471646341463416
12:33:06,1646,8.471646341463416
12:33:07,1646,8.471646341463416
12:33:08,1647,8.471496276235612
12:33:09,1647,8.471496276235612
12:33:10,1647,8.471496276235612
12:33:11,1648,8.470523229589535
12:33:12,1648,8.470523229589535
12:33:13,1648,8.469754338517015
12:33:14,1649,8.469754338517015
12:33:15,1649,8.469481981981982
12:33:16,1649,8.469481981981982
12:33:17,1649,8.472672064777328
12:33:18,1649,8.472672064777328
12:33:19,1649,8.472672064777328
12:33:20,1649,8.472672064777328
12:33:21,1649,8.472672064777328
12:33:22,1649,8.472672064777328
12:33:23,1649,8.472672064777328
12:33:24,1649,8.472672064777328
12:33:25,1649,8.472672064777328
12:33:26,1649,8.472672064777328
12:33:27,1649,8.471282569631626
12:33:28,1649,8.471282569631626
12:33:29,1649,8.471282569631626
12:33:30,1649,8.471282569631626
12:33:31,1650,8.469472502805836
12:33:32,1651,8.469472502805836
12:33:33,1652,8.469472502805836
12:33:34,1652,8.469472502805836
12:33:35,1652,8.469472502805836
12:33:36,1653,8.469472502805836
12:33:37,1653,8.469472502805836
12:33:38,1654,8.47097353073127
12:33:39,1654,8.47097353073127
12:33:40,1654,8.47097353073127
12:33:41,1654,8.47097353073127
12:33:42,1655,8.47097353073127
12:33:43,1656,8.47097353073127
12:33:44,1656,8.47097353073127
12:33:45,1658,8.47097353073127
12:33:46,1658,8.47035418067698
12:33:47,1659,8.46926523297491
12:33:48,1660,8.46926523297491
12:33:49,1661,8.46926523297491
12:33:50,1661,8.46926523297491
12:33:51,1662,8.46926523297491
12:33:52,1662,8.470125363778823
12:33:53,1662,8.470125363778823
12:33:54,1663,8.470125363778823
12:33:55,1664,8.471297539149889
12:33:56,1664,8.471297539149889
12:33:57,1664,8.471297539149889
12:33:58,1664,8.467695059244354
12:33:59,1664,8.467695059244354
12:34:00,1664,8.467695059244354
12:34:01,1664,8.467695059244354
12:34:02,1664,8.467695059244354
12:34:03,1664,8.4658740790355
12:34:04,1664,8.4658740790355
12:34:05,1664,8.4658740790355
12:34:06,1664,8.469678714859437
12:34:07,1665,8.469676700111483
12:34:08,1665,8.469676700111483
12:34:09,1665,8.469676700111483
12:34:10,1665,8.469676700111483
12:34:11,1666,8.469676700111483
12:34:12,1666,8.469676700111483
12:34:13,1666,8.469676700111483
12:34:14,1666,8.469676700111483
12:34:15,1666,8.469676700111483
12:34:16,1667,8.469674688057042
12:34:17,1668,8.469674688057042
12:34:18,1668,8.469674688057042
12:34:19,1668,8.468837675350702
12:34:20,1668,8.468837675350702
12:34:21,1669,8.468837675350702
12:34:22,1669,8.468837675350702
12:34:23,1669,8.468837675350702
12:34:24,1669,8.468837675350702
12:34:25,1669,8.468837675350702
12:34:26,1670,8.468837675350702
12:34:27,1670,8.468837675350702
12:34:28,1670,8.468837675350702
12:34:29,1670,8.468837675350702
12:34:30,1670,8.471172674677348
12:34:31,1671,8.471172674677348
12:34:32,1671,8.471172674677348
12:34:33,1671,8.471172674677348
12:34:34,1671,8.471172674677348
12:34:35,1671,8.47110295752724
12:34:36,1671,8.47110295752724
12:34:37,1671,8.47110295752724
12:34:38,1671,8.47110295752724
12:34:39,1671,8.470266666666667
12:34:40,1672,8.470266666666667
12:34:41,1672,8.470575172107484
12:34:42,1673,8.470575172107484
12:34:43,1673,8.469296493564137
12:34:44,1673,8.470769571967177
12:34:45,1675,8.470769571967177
12:34:46,1675,8.470769571967177
12:34:47,1675,8.470769571967177
12:34:48,1675,8.470769571967177
12:34:49,1675,8.470769571967177
12:34:50,1675,8.470769571967177
12:34:51,1675,8.470769571967177
12:34:52,1675,8.469403812056738
12:34:53,1675,8.469403812056738
12:34:54,1675,8.47295681063123
12:34:55,1675,8.47295681063123
12:34:56,1676,8.47173528109783
12:34:57,1676,8.47173528109783
12:34:58,1676,8.471820393718204
12:34:59,1676,8.471820393718204
12:35:00,1676,8.471820393718204
12:35:01,1676,8.471820393718204
12:35:02,1676,8.471820393718204
12:35:03,1676,8.471820393718204
12:35:04,1677,8.472137488947833
12:35:05,1677,8.472137488947833
12:35:06,1677,8.471669980119284
12:35:07,1677,8.471669980119284
12:35:08,1677,8.47222958057395
12:35:09,1678,8.47222958057395
12:35:10,1678,8.47222958057395
12:35:11,1679,8.47222958057395
12:35:12,1679,8.475248180013235
12:35:13,1680,8.475248180013235
12:35:14,1680,8.475440917107584
12:35:15,1681,8.475440917107584
12:35:16,1681,8.475440917107584
12:35:17,1681,8.475440917107584
12:35:18,1681,8.475440917107584
12:35:19,1683,8.475440917107584
12:35:20,1683,8.475440917107584
12:35:21,1683,8.475440917107584
12:35:22,1683,8.47599691562018
12:35:23,1683,8.47599691562018
12:35:24,1684,8.47599691562018
12:35:25,1684,8.474394539850286
12:35:26,1684,8.474394539850286
12:35:27,1685,8.474394539850286
12:35:28,1686,8.474394539850286
12:35:29,1686,8.473212321232124
12:35:30,1686,8.476352242744063
12:35:31,1687,8.475939353988135
12:35:32,1688,8.475939353988135
12:35:33,1688,8.474945103205973
12:35:34,1690,8.477869212201009
12:35:35,1690,8.478070175438596
12:35:36,1690,8.478070175438596
12:35:37,1692,8.478070175438596
12:35:38,1692,8.478895463510847
12:35:39,1692,8.478895463510847
12:35:40,1692,8.478504161191415
12:35:41,1692,8.478504161191415
12:35:42,1693,8.478504161191415
12:35:43,1693,8.47894506456555
12:35:44,1693,8.47894506456555
12:35:45,1694,8.47894506456555
12:35:46,1694,8.47894506456555
12:35:47,1694,8.47894506456555
12:35:48,1694,8.47894506456555
12:35:49,1694,8.47894506456555
12:35:50,1694,8.47894506456555
12:35:51,1695,8.47894506456555
12:35:52,1695,8.47894506456555
12:35:53,1695,8.47894506456555
12:35:54,1695,8.478499562554681
12:35:55,1695,8.478499562554681
12:35:56,1695,8.478120218579235
12:35:57,1696,8.478120218579235
12:35:58,1696,8.478120218579235
12:35:59,1696,8.478120218579235
12:36:00,1696,8.478120218579235
12:36:01,1697,8.478120218579235
12:36:02,1697,8.478120218579235
12:36:03,1697,8.478120218579235
12:36:04,1697,8.478120218579235
12:36:05,1697,8.478120218579235
12:36:06,1698,8.478120218579235
12:36:07,1698,8.478120218579235
12:36:08,1699,8.478120218579235
12:36:09,1699,8.478120218579235
12:36:10,1700,8.478120218579235
12:36:11,1700,8.478120218579235
12:36:12,1700,8.478920926168632
12:36:13,1700,8.478920926168632
12:36:14,1701,8.479895219384414
12:36:15,1701,8.479895219384414
12:36:16,1702,8.479895219384414
12:36:17,1702,8.480322862129146
12:36:18,1703,8.480322862129146
12:36:19,1704,8.483267931109658
12:36:20,1704,8.483267931109658
12:36:21,1704,8.483267931109658
12:36:22,1704,8.483267931109658
12:36:23,1704,8.482178649237474
12:36:24,1704,8.485432985204525
12:36:25,1704,8.485432985204525
12:36:26,1704,8.485432985204525
12:36:27,1704,8.486725375081539
12:36:28,1704,8.486725375081539
12:36:29,1704,8.485788787483703
12:36:30,1704,8.485788787483703
12:36:31,1704,8.485787187839305
12:36:32,1705,8.485787187839305
12:36:33,1705,8.485787187839305
12:36:34,1706,8.485787187839305
12:36:35,1707,8.485787187839305
12:36:36,1707,8.485787187839305
12:36:37,1707,8.485787187839305
12:36:38,1707,8.485787187839305
12:36:39,1707,8.485787187839305
12:36:40,1707,8.485787187839305
12:36:41,1709,8.485787187839305
12:36:42,1709,8.486555989583334
12:36:43,1709,8.486555989583334
12:36:44,1709,8.486261114725655
12:36:45,1709,8.486261114725655
12:36:46,1709,8.487256176853055
12:36:47,1709,8.487256176853055
12:36:48,1709,8.487256176853055
12:36:49,1709,8.48648473034438
12:36:50,1709,8.48648473034438
12:36:51,1709,8.485021645021645
12:36:52,1709,8.48350638113779
12:36:53,1709,8.48350638113779
12:36:54,1709,8.48647859922179
12:36:55,1709,8.48647859922179
12:36:56,1709,8.48647859922179
12:36:57,1709,8.48647859922179
12:36:58,1709,8.48647859922179
12:36:59,1709,8.48647859922179
12:37:00,1709,8.48647859922179
12:37:01,1709,8.485709656513286
12:37:02,1709,8.485179188255612
12:37:03,1709,8.485480043149947
12:37:04,1709,8.485480043149947
12:37:05,1709,8.485480043149947
12:37:06,1709,8.485480043149947
12:37:07,1709,8.485480043149947
12:37:08,1709,8.485480043149947
12:37:09,1709,8.485480043149947
12:37:10,1710,8.485480043149947
12:37:11,1710,8.485480043149947
12:37:12,1710,8.485480043149947
12:37:13,1710,8.485480043149947
12:37:14,1710,8.485480043149947
12:37:15,1710,8.48762397585166
12:37:16,1710,8.48762397585166
12:37:17,1710,8.48762397585166
12:37:18,1712,8.487017884076709
12:37:19,1712,8.487017884076709
12:37:20,1712,8.487017884076709
12:37:21,1712,8.4864556416882
12:37:22,1712,8.4864556416882
12:37:23,1712,8.4864556416882
12:37:24,1712,8.4864556416882
12:37:25,1712,8.4864556416882
12:37:26,1712,8.4864556416882
12:37:27,1712,8.4864556416882
12:37:28,1712,8.4864556416882
12:37:29,1712,8.4864556416882
12:37:30,1712,8.4864556416882
12:37:31,1712,8.4864556416882
12:37:32,1712,8.487465031202927
12:37:33,1712,8.487465031202927
12:37:34,1712,8.487
12:37:35,1712,8.487
12:37:36,1712,8.487
12:37:37,1713,8.487
12:37:38,1713,8.487
12:37:39,1714,8.48511712873415
12:37:40,1714,8.48511712873415
12:37:41,1714,8.482195750160978
12:37:42,1714,8.482195750160978
12:37:43,1714,8.482195750160978
12:37:44,1714,8.482195750160978
12:37:45,1714,8.483547833547833
12:37:46,1714,8.483547833547833
12:37:47,1714,8.483547833547833
12:37:48,1714,8.483547833547833
12:37:49,1714,8.483547833547833
12:37:50,1715,8.483547833547833
12:37:51,1715,8.483547833547833
12:37:52,1715,8.484908896034298
12:37:53,1716,8.484908896034298
12:37:54,1716,8.484908896034298
12:37:55,1716,8.484908896034298
12:37:56,1717,8.484908896034298
12:37:57,1717,8.488378320479862
12:37:58,1717,8.488378320479862
12:37:59,1718,8.488378320479862
12:38:00,1718,8.488378320479862
12:38:01,1718,8.488378320479862
12:38:02,1719,8.488378320479862
12:38:03,1719,8.488378320479862
12:38:04,1719,8.488378320479862
12:38:05,1720,8.490515949475487
12:38:06,1721,8.490515949475487
12:38:07,1721,8.490515949475487
12:38:08,1721,8.490515949475487
12:38:09,1721,8.493014548566538
12:38:10,1722,8.493014548566538
12:38:11,1722,8.493014548566538
12:38:12,1722,8.495178533247808
12:38:13,1723,8.495178533247808
12:38:14,1723,8.494284188034188
12:38:15,1723,8.494284188034188
12:38:16,1724,8.494284188034188
12:38:17,1724,8.493647234678624
12:38:18,1724,8.493647234678624
12:38:19,1725,8.49530516431925
12:38:20,1725,8.49530516431925
12:38:21,1726,8.496737044145872
12:38:22,1726,8.496737044145872
12:38:23,1726,8.496737044145872
12:38:24,1726,8.495822676896845
12:38:25,1726,8.49517571884984
12:38:26,1726,8.49517571884984
12:38:27,1726,8.49517571884984
12:38:28,1726,8.49517571884984
12:38:29,1726,8.49517571884984
12:38:30,1726,8.49517571884984
12:38:31,1726,8.49343337590464
12:38:32,1726,8.49343337590464
12:38:33,1726,8.49343337590464
12:38:34,1726,8.49343337590464
12:38:35,1726,8.49343337590464
12:38:36,1727,8.49343337590464
12:38:37,1727,8.49343337590464
12:38:38,1727,8.49343337590464
12:38:39,1727,8.49343337590464
12:38:40,1728,8.49343337590464
12:38:41,1728,8.49343337590464
12:38:42,1728,8.492368197278912
12:38:43,1728,8.492368197278912
12:38:44,1728,8.491119609092841
12:38:45,1728,8.491119609092841
12:38:46,1728,8.491119609092841
12:38:47,1728,8.493906581740976
12:38:48,1728,8.493906581740976
12:38:49,1728,8.493906581740976
12:38:50,1728,8.493906581740976
12:38:51,1728,8.493906581740976
12:38:52,1728,8.493906581740976
12:38:53,1729,8.493906581740976
12:38:54,1730,8.495448758752387
12:38:55,1730,8.495494062765054
12:38:56,1731,8.495494062765054
12:38:57,1732,8.495494062765054
12:38:58,1733,8.495494062765054
12:38:59,1734,8.498357702903157
12:39:00,1735,8.498357702903157
12:39:01,1736,8.498357702903157
12:39:02,1736,8.499936467598475
12:39:03,1736,8.499936467598475
12:39:04,1737,8.497798941798942
12:39:05,1737,8.497229272419627
12:39:06,1738,8.497229272419627
12:39:07,1739,8.500095117311352
12:39:08,1739,8.500095117311352
12:39:09,1739,8.501943388255176
12:39:10,1740,8.501943388255176
12:39:11,1740,8.501943388255176
12:39:12,1740,8.501943388255176
12:39:13,1741,8.501256069242137
12:39:14,1741,8.501256069242137
12:39:15,1741,8.501256069242137
12:39:16,1743,8.501256069242137
12:39:17,1743,8.501256069242137
12:39:18,1743,8.500137130801688
12:39:19,1743,8.500137130801688
12:39:20,1744,8.500137130801688
12:39:21,1744,8.500137130801688
12:39:22,1745,8.49932532152646
12:39:23,1745,8.49932532152646
12:39:24,1745,8.49932532152646
12:39:25,1745,8.49932532152646
12:39:26,1745,8.49932532152646
12:39:27,1745,8.49932532152646
12:39:28,1747,8.49932532152646
12:39:29,1747,8.500884955752213
12:39:30,1747,8.500452726889872
12:39:31,1747,8.499736952861953
12:39:32,1749,8.499736952861953
12:39:33,1749,8.499736952861953
12:39:34,1749,8.499736952861953
12:39:35,1750,8.499736952861953
12:39:36,1751,8.499736952861953
12:39:37,1751,8.499736952861953
12:39:38,1751,8.498517350157728
12:39:39,1751,8.501775956284153
12:39:40,1751,8.501775956284153
12:39:41,1752,8.501775956284153
12:39:42,1752,8.501775956284153
12:39:43,1752,8.501775956284153
12:39:44,1752,8.501775956284153
12:39:45,1752,8.50453686200378
12:39:46,1752,8.50453686200378
12:39:47,1752,8.50453686200378
12:39:48,1752,8.50453686200378
12:39:49,1752,8.507871536523929
12:39:50,1752,8.507871536523929
12:39:51,1752,8.507871536523929
12:39:52,1752,8.507646318439269
12:39:53,1752,8.507646318439269
12:39:54,1752,8.507646318439269
12:39:55,1752,8.507641509433961
12:39:56,1752,8.507641509433961
12:39:57,1752,8.507641509433961
12:39:58,1752,8.507641509433961
12:39:59,1752,8.507641509433961
12:40:00,1752,8.507641509433961
12:40:01,1752,8.50992038550178
12:40:02,1753,8.50992038550178
12:40:03,1753,8.50992038550178
12:40:04,1753,8.511243718592965
12:40:05,1754,8.511243718592965
12:40:06,1755,8.511243718592965
12:40:07,1755,8.510598451558904
12:40:08,1755,8.510598451558904
12:40:09,1755,8.510598451558904
12:40:10,1756,8.509849435382685
12:40:11,1756,8.509373040752351
12:40:12,1756,8.509373040752351
12:40:13,1756,8.509373040752351
12:40:14,1757,8.509373040752351
12:40:15,1757,8.509373040752351
12:40:16,1758,8.509373040752351
12:40:17,1758,8.509373040752351
12:40:18,1758,8.509373040752351
12:40:19,1758,8.509373040752351
12:40:20,1759,8.509373040752351
12:40:21,1759,8.508939014202172
12:40:22,1760,8.508939014202172
12:40:23,1760,8.508939014202172
12:40:24,1760,8.508939014202172
12:40:25,1760,8.508939014202172
12:40:26,1760,8.508939014202172
12:40:27,1760,8.508939014202172
12:40:28,1760,8.508129826758505
12:40:29,1760,8.508129826758505
12:40:30,1760,8.508129826758505
12:40:31,1760,8.508129826758505
12:40:32,1760,8.508129826758505
12:40:33,1760,8.508129826758505
12:40:34,1760,8.51093032957864
12:40:35,1760,8.51093032957864
12:40:36,1760,8.51093032957864
12:40:37,1760,8.51093032957864
12:40:38,1760,8.509922868459453
12:40:39,1760,8.509922868459453
12:40:40,1760,8.50996252342286
12:40:41,1760,8.50996252342286
12:40:42,1760,8.50996252342286
12:40:43,1760,8.513597586350395
12:40:44,1760,8.513597586350395
12:40:45,1761,8.513597586350395
12:40:46,1761,8.513453940528176
12:40:47,1761,8.513453940528176
12:40:48,1762,8.513453940528176
12:40:49,1762,8.513453940528176
12:40:50,1762,8.517196591853699
12:40:51,1763,8.517196591853699
12:40:52,1763,8.517196591853699
12:40:53,1763,8.517196591853699
12:40:54,1763,8.517777777777777
12:40:55,1763,8.517777777777777
12:40:56,1764,8.517434620174347
12:40:57,1764,8.517434620174347
12:40:58,1765,8.517434620174347
12:40:59,1765,8.517164488695292
12:41:00,1765,8.517164488695292
12:41:01,1765,8.517164488695292
12:41:02,1766,8.516480099502488
12:41:03,1766,8.516480099502488
12:41:04,1766,8.519349492438367
12:41:05,1766,8.519349492438367
12:41:06,1767,8.519349492438367
12:41:07,1767,8.519349492438367
12:41:08,1767,8.519349492438367
12:41:09,1768,8.519349492438367
12:41:10,1768,8.519349492438367
12:41:11,1768,8.519349492438367
12:41:12,1769,8.519349492438367
12:41:13,1769,8.519349492438367
12:41:14,1769,8.519844720496895
12:41:15,1769,8.519844720496895
12:41:16,1769,8.519844720496895
12:41:17,1770,8.519635836954272
12:41:18,1770,8.519635836954272
12:41:19,1770,8.518992969396196
12:41:20,1770,8.518992969396196
12:41:21,1771,8.518992969396196
12:41:22,1771,8.518992969396196
12:41:23,1771,8.518992969396196
12:41:24,1772,8.518992969396196
12:41:25,1772,8.519797478817939
12:41:26,1772,8.519797478817939
12:41:27,1772,8.519797478817939
12:41:28,1772,8.519797478817939
12:41:29,1773,8.519072697232549
12:41:30,1773,8.51971104231166
12:41:31,1773,8.51971104231166
12:41:32,1773,8.519987623762377
12:41:33,1773,8.518563182848897
12:41:34,1773,8.518563182848897
12:41:35,1773,8.522661722290895
12:41:36,1773,8.522661722290895
12:41:37,1773,8.522661722290895
12:41:38,1773,8.522661722290895
12:41:39,1773,8.522661722290895
12:41:40,1774,8.522661722290895
12:41:41,1774,8.52639489396747
12:41:42,1774,8.52639489396747
12:41:43,1775,8.52639489396747
12:41:44,1775,8.52639489396747
12:41:45,1775,8.52639489396747
12:41:46,1775,8.52645061728395
12:41:47,1776,8.52645061728395
12:41:48,1776,8.52645061728395
12:41:49,1776,8.52645061728395
12:41:50,1776,8.52645061728395
12:41:51,1776,8.52645061728395
12:41:52,1776,8.52645061728395
12:41:53,1776,8.52906905055487
12:41:54,1776,8.52906905055487
12:41:55,1776,8.52906905055487
12:41:56,1776,8.52906905055487
12:41:57,1776,8.52906905055487
12:41:58,1776,8.52906905055487
12:41:59,1776,8.52906905055487
12:42:00,1776,8.52906905055487
12:42:01,1776,8.52906905055487
12:42:02,1776,8.52906905055487
12:42:03,1776,8.52906905055487
12:42:04,1776,8.529051139864448
12:42:05,1776,8.529051139864448
12:42:06,1776,8.529051139864448
12:42:07,1777,8.529597701149426
12:42:08,1777,8.529597701149426
12:42:09,1779,8.529597701149426
12:42:10,1780,8.529597701149426
12:42:11,1780,8.52891282051282
12:42:12,1780,8.52891282051282
12:42:13,1781,8.52891282051282
12:42:14,1781,8.52891282051282
12:42:15,1781,8.52891282051282
12:42:16,1782,8.530576055760557
12:42:17,1782,8.530576055760557
12:42:18,1783,8.530576055760557
12:42:19,1783,8.531878713378406
12:42:20,1783,8.531878713378406
12:42:21,1784,8.531582719082719
12:42:22,1785,8.531307550644566
12:42:23,1785,8.531307550644566
12:42:24,1786,8.531307550644566
12:42:25,1786,8.531973415132924
12:42:26,1787,8.535131820968731
12:42:27,1787,8.535131820968731
12:42:28,1787,8.535131820968731
12:42:29,1788,8.535131820968731
12:42:30,1788,8.535131820968731
12:42:31,1788,8.535131820968731
12:42:32,1789,8.535131820968731
12:42:33,1789,8.535131820968731
12:42:34,1789,8.535131820968731
12:42:35,1789,8.535131820968731
12:42:36,1790,8.53531454248366
12:42:37,1791,8.53531454248366
12:42:38,1791,8.536395182690345
12:42:39,1791,8.536395182690345
12:42:40,1791,8.536395182690345
12:42:41,1793,8.535342717258262
12:42:42,1793,8.535342717258262
12:42:43,1793,8.540668296658517
12:42:44,1793,8.540668296658517
12:42:45,1794,8.542653642653644
12:42:46,1795,8.542653642653644
12:42:47,1795,8.542653642653644
12:42:48,1795,8.542653642653644
12:42:49,1795,8.542653642653644
12:42:50,1795,8.542653642653644
12:42:51,1795,8.542653642653644
12:42:52,1796,8.542653642653644
12:42:53,1796,8.54263778726866
12:42:54,1796,8.54263778726866
12:42:55,1796,8.54263778726866
12:42:56,1796,8.54263778726866
12:42:57,1796,8.54263778726866
12:42:58,1797,8.54263778726866
12:42:59,1797,8.54263778726866
12:43:00,1797,8.54263778726866
12:43:01,1797,8.54263778726866
12:43:02,1797,8.54263778726866
12:43:03,1797,8.54263778726866
12:43:04,1797,8.54263778726866
12:43:05,1797,8.54263778726866
12:43:06,1797,8.54263778726866
12:43:07,1797,8.54263778726866
12:43:08,1797,8.543048780487805
12:43:09,1797,8.543048780487805
12:43:10,1797,8.544647572618322
12:43:11,1797,8.544041818920016
12:43:12,1797,8.544041818920016
12:43:13,1798,8.544041818920016
12:43:14,1798,8.544025157232705
12:43:15,1798,8.544025157232705
12:43:16,1798,8.544025157232705
12:43:17,1798,8.544687753446878
12:43:18,1798,8.549088145896658
12:43:19,1798,8.549088145896658
12:43:20,1798,8.551285945727015
12:43:21,1798,8.551285945727015
12:43:22,1798,8.549281521959118
12:43:23,1798,8.549281521959118
12:43:24,1798,8.549281521959118
12:43:25,1798,8.549281521959118
12:43:26,1798,8.549281521959118
12:43:27,1798,8.549281521959118
12:43:28,1798,8.549898928643621
12:43:29,1798,8.549898928643621
12:43:30,1799,8.549898928643621
12:43:31,1799,8.548889561881687
12:43:32,1799,8.548889561881687
12:43:33,1800,8.548889561881687
12:43:34,1800,8.548889561881687
12:43:35,1800,8.548889561881687
12:43:36,1800,8.547165052461661
12:43:37,1800,8.550443637830208
12:43:38,1800,8.550443637830208
12:43:39,1800,8.550443637830208
12:43:40,1800,8.550443637830208
12:43:41,1801,8.550443637830208
12:43:42,1801,8.550443637830208
12:43:43,1801,8.550443637830208
12:43:44,1801,8.550443637830208
12:43:45,1802,8.550443637830208
12:43:46,1802,8.550443637830208
12:43:47,1803,8.550443637830208
12:43:48,1803,8.551481257557437
12:43:49,1803,8.551481257557437
12:43:50,1804,8.551481257557437
12:43:51,1805,8.550725075528701
12:43:52,1805,8.550725075528701
12:43:53,1805,8.550725075528701
12:43:54,1806,8.550725075528701
12:43:55,1807,8.550725075528701
12:43:56,1808,8.550725075528701
12:43:57,1808,8.550251610305958
12:43:58,1808,8.550251610305958
12:43:59,1808,8.55245423456045
12:44:00,1808,8.55245423456045
12:44:01,1808,8.55245423456045
12:44:02,1808,8.55245423456045
12:44:03,1808,8.552503015681543
12:44:04,1808,8.552503015681543
12:44:05,1808,8.552129797066506
12:44:06,1808,8.552129797066506
12:44:07,1808,8.555873493975904
12:44:08,1808,8.555873493975904
12:44:09,1808,8.555873493975904
12:44:10,1808,8.558027292795506
12:44:11,1808,8.558027292795506
12:44:12,1808,8.558027292795506
12:44:13,1808,8.558027292795506
12:44:14,1808,8.558027292795506
12:44:15,1808,8.558027292795506
12:44:16,1808,8.559947853991174
12:44:17,1809,8.559947853991174
12:44:18,1809,8.55943074764482
12:44:19,1809,8.55943074764482
12:44:20,1810,8.55943074764482
12:44:21,1810,8.55943074764482
12:44:22,1810,8.55943074764482
12:44:23,1811,8.55943074764482
12:44:24,1811,8.55943074764482
12:44:25,1811,8.55943074764482
12:44:26,1811,8.56058058058058
12:44:27,1811,8.56058058058058
12:44:28,1811,8.559183673469388
12:44:29,1811,8.563947210557888
12:44:30,1811,8.563947210557888
12:44:31,1811,8.563947210557888
12:44:32,1811,8.565947242206233
12:44:33,1811,8.565947242206233
12:44:34,1811,8.565947242206233
12:44:35,1811,8.565947242206233
12:44:36,1812,8.565947242206233
12:44:37,1812,8.565947242206233
12:44:38,1812,8.565947242206233
12:44:39,1812,8.565947242206233
12:44:40,1812,8.565947242206233
12:44:41,1812,8.565018973437189
12:44:42,1812,8.565018973437189
12:44:43,1813,8.565018973437189
12:44:44,1813,8.565018973437189
12:44:45,1813,8.565018973437189
12:44:46,1814,8.565018973437189
12:44:47,1814,8.565018973437189
12:44:48,1814,8.565018973437189
12:44:49,1815,8.565018973437189
12:44:50,1815,8.565018973437189
12:44:51,1817,8.565018973437189
12:44:52,1817,8.565018973437189
12:44:53,1817,8.565379241516967
12:44:54,1817,8.565379241516967
12:44:55,1817,8.565379241516967
12:44:56,1817,8.566965888689406
12:44:57,1817,8.566965888689406
12:44:58,1817,8.566965888689406
12:44:59,1817,8.566965888689406
12:45:00,1817,8.566965888689406
12:45:01,1817,8.567254784688995
12:45:02,1817,8.567254784688995
12:45:03,1817,8.567254784688995
12:45:04,1817,8.567254784688995
12:45:05,1817,8.567254784688995
12:45:06,1817,8.567254784688995
12:45:07,1817,8.569655309822673
12:45:08,1817,8.570211071286339
12:45:09,1817,8.570211071286339
12:45:10,1817,8.570211071286339
12:45:11,1817,8.570211071286339
12:45:12,1817,8.570211071286339
12:45:13,1817,8.570211071286339
12:45:14,1817,8.576243038981703
12:45:15,1817,8.576243038981703
12:45:16,1817,8.57913933611608
12:45:17,1817,8.57913933611608
12:45:18,1817,8.57913933611608
12:45:19,1817,8.577711561382598
12:45:20,1817,8.577711561382598
12:45:21,1817,8.577711561382598
12:45:22,1817,8.577711561382598
12:45:23,1817,8.577711561382598
12:45:24,1817,8.578677784395474
12:45:25,1817,8.578677784395474
12:45:26,1817,8.578677784395474
12:45:27,1817,8.578677784395474
12:45:28,1818,8.57798611111111
12:45:29,1818,8.57798611111111
12:45:30,1818,8.576779694626214
12:45:31,1818,8.576779694626214
12:45:32,1818,8.574801823226318
12:45:33,1818,8.574801823226318
12:45:34,1818,8.574801823226318
12:45:35,1820,8.578015448603683
12:45:36,1820,8.578015448603683
12:45:37,1820,8.578015448603683
12:45:38,1820,8.578015448603683
12:45:39,1820,8.578015448603683
12:45:40,1820,8.578015448603683
12:45:41,1820,8.578015448603683
12:45:42,1820,8.578015448603683
12:45:43,1821,8.577503958828187
12:45:44,1822,8.577503958828187
12:45:45,1823,8.577503958828187
12:45:46,1823,8.578605341246291
12:45:47,1823,8.578605341246291
12:45:48,1823,8.578605341246291
12:45:49,1823,8.578605341246291
12:45:50,1823,8.578934361407672
12:45:51,1823,8.578934361407672
12:45:52,1824,8.578934361407672
12:45:53,1824,8.578934361407672
12:45:54,1824,8.581041296186525
12:45:55,1825,8.581041296186525
12:45:56,1825,8.581041296186525
12:45:57,1825,8.581041296186525
12:45:58,1826,8.581041296186525
12:45:59,1827,8.581041296186525
12:46:00,1827,8.581041296186525
12:46:01,1828,8.581041296186525
12:46:02,1828,8.581041296186525
12:46:03,1829,8.581041296186525
12:46:04,1830,8.58405410742496
12:46:05,1830,8.58405410742496
12:46:06,1830,8.587625814091178
12:46:07,1831,8.587625814091178
12:46:08,1832,8.587625814091178
12:46:09,1833,8.587625814091178
12:46:10,1833,8.587625814091178
12:46:11,1834,8.587625814091178
12:46:12,1834,8.587625814091178
12:46:13,1834,8.587625814091178
12:46:14,1835,8.589329388560158
12:46:15,1835,8.589329388560158
12:46:16,1835,8.589329388560158
12:46:17,1835,8.589329388560158
12:46:18,1835,8.589329388560158
12:46:19,1836,8.586958234830576
12:46:20,1836,8.586958234830576
12:46:21,1836,8.586958234830576
12:46:22,1836,8.585065957865721
12:46:23,1836,8.585065957865721
12:46:24,1836,8.585065957865721
12:46:25,1836,8.585065957865721
12:46:26,1837,8.585065957865721
12:46:27,1837,8.585065957865721
12:46:28,1837,8.585065957865721
12:46:29,1837,8.585065957865721
12:46:30,1838,8.585065957865721
12:46:31,1838,8.585065957865721
12:46:32,1838,8.58486816214089
12:46:33,1839,8.58486816214089
12:46:34,1839,8.58486816214089
12:46:35,1839,8.586361848574237
12:46:36,1840,8.586361848574237
12:46:37,1840,8.586320754716981
12:46:38,1840,8.585592221567472
12:46:39,1841,8.585592221567472
12:46:40,1841,8.588996859049864
12:46:41,1841,8.588996859049864
12:46:42,1842,8.588996859049864
12:46:43,1842,8.589474200510104
12:46:44,1842,8.589474200510104
12:46:45,1842,8.589474200510104
12:46:46,1842,8.592009803921568
12:46:47,1842,8.592009803921568
12:46:48,1842,8.592009803921568
12:46:49,1842,8.592009803921568
12:46:50,1842,8.592009803921568
12:46:51,1842,8.591407015481089
12:46:52,1842,8.591407015481089
12:46:53,1842,8.591407015481089
12:46:54,1842,8.598492855744764
12:46:55,1842,8.598492855744764
12:46:56,1842,8.598492855744764
12:46:57,1842,8.600469208211143
12:46:58,1842,8.600469208211143
12:46:59,1842,8.600469208211143
12:47:00,1842,8.600469208211143
12:47:01,1843,8.600469208211143
12:47:02,1843,8.602032043767098
12:47:03,1843,8.602032043767098
12:47:04,1843,8.603134153485648
12:47:05,1843,8.603134153485648
12:47:06,1843,8.603134153485648
12:47:07,1843,8.602234582357534
12:47:08,1844,8.602234582357534
12:47:09,1844,8.602234582357534
12:47:10,1844,8.602234582357534
12:47:11,1844,8.600721669592355
12:47:12,1844,8.600721669592355
12:47:13,1844,8.598635477582848
12:47:14,1844,8.598635477582848
12:47:15,1844,8.598635477582848
12:47:16,1844,8.598635477582848
12:47:17,1844,8.601256575102278
12:47:18,1844,8.601256575102278
12:47:19,1845,8.601256575102278
12:47:20,1845,8.601256575102278
12:47:21,1845,8.601256575102278
12:47:22,1845,8.601732866043614
12:47:23,1845,8.601732866043614
12:47:24,1846,8.601732866043614
12:47:25,1846,8.601732866043614
12:47:26,1847,8.601732866043614
12:47:27,1847,8.605623662191087
12:47:28,1847,8.605623662191087
12:47:29,1847,8.605571761960327
12:47:30,1848,8.605571761960327
12:47:31,1848,8.605571761960327
12:47:32,1849,8.605571761960327
12:47:33,1849,8.605571761960327
12:47:34,1849,8.605571761960327
12:47:35,1850,8.605571761960327
12:47:36,1850,8.605571761960327
12:47:37,1850,8.605571761960327
12:47:38,1851,8.605571761960327
12:47:39,1851,8.605571761960327
12:47:40,1851,8.604548104956269
12:47:41,1851,8.604548104956269
12:47:42,1851,8.602941176470587
12:47:43,1851,8.602941176470587
12:47:44,1852,8.602941176470587
12:47:45,1852,8.601202949165696
12:47:46,1852,8.604673259647083
12:47:47,1853,8.604673259647083
12:47:48,1853,8.606773255813954
12:47:49,1853,8.606773255813954
12:47:50,1853,8.606773255813954
12:47:51,1853,8.606773255813954
12:47:52,1855,8.606773255813954
12:47:53,1855,8.609161340306024
12:47:54,1855,8.609161340306024
12:47:55,1855,8.609161340306024
12:47:56,1857,8.609161340306024
12:47:57,1857,8.609161340306024
12:47:58,1857,8.609161340306024
12:47:59,1858,8.609161340306024
12:48:00,1859,8.609161340306024
12:48:01,1859,8.609161340306024
12:48:02,1859,8.609161340306024
12:48:03,1859,8.609161340306024
12:48:04,1859,8.609161340306024
12:48:05,1859,8.609161340306024
12:48:06,1859,8.609494773519165
12:48:07,1859,8.609494773519165
12:48:08,1859,8.609494773519165
12:48:09,1859,8.609494773519165
12:48:10,1859,8.609494773519165
12:48:11,1860,8.609494773519165
12:48:12,1860,8.609494773519165
12:48:13,1860,8.609494773519165
12:48:14,1860,8.608570323079899
12:48:15,1860,8.608570323079899
12:48:16,1860,8.608570323079899
12:48:17,1860,8.605381642512077
12:48:18,1860,8.605381642512077
12:48:19,1860,8.605381642512077
12:48:20,1860,8.603746620316723
12:48:21,1860,8.606359776104998
12:48:22,1860,8.606359776104998
12:48:23,1860,8.606359776104998
12:48:24,1860,8.606359776104998
12:48:25,1860,8.606359776104998
12:48:26,1860,8.606359776104998
12:48:27,1860,8.606359776104998
12:48:28,1860,8.606359776104998
12:48:29,1860,8.6055362654321
12:48:30,1860,8.6055362654321
12:48:31,1860,8.610160015423173
12:48:32,1860,8.610160015423173
12:48:33,1860,8.610160015423173
12:48:34,1860,8.610160015423173
12:48:35,1860,8.613728323699423
12:48:36,1860,8.613728323699423
12:48:37,1860,8.613728323699423
12:48:38,1861,8.613728323699423
12:48:39,1861,8.611881378779126
12:48:40,1861,8.615069284064665
12:48:41,1861,8.615069284064665
12:48:42,1862,8.615916522408156
12:48:43,1862,8.618262206843522
12:48:44,1862,8.618262206843522
12:48:45,1863,8.618262206843522
12:48:46,1864,8.61864553314121
12:48:47,1864,8.61864553314121
12:48:48,1864,8.620295698924732
12:48:49,1864,8.619161389368644
12:48:50,1865,8.618421557345608
12:48:51,1865,8.618421557345608
12:48:52,1865,8.618421557345608
12:48:53,1866,8.617021276595745
12:48:54,1866,8.617021276595745
12:48:55,1866,8.617021276595745
12:48:56,1866,8.617021276595745
12:48:57,1866,8.617021276595745
12:48:58,1868,8.617021276595745
12:48:59,1868,8.617021276595745
12:49:00,1868,8.617021276595745
12:49:01,1868,8.617624521072797
12:49:02,1870,8.617624521072797
12:49:03,1870,8.617624521072797
12:49:04,1871,8.617624521072797
12:49:05,1872,8.622266896419683
12:49:06,1872,8.622266896419683
12:49:07,1872,8.622266896419683
12:49:08,1873,8.622266896419683
12:49:09,1873,8.622266896419683
12:49:10,1874,8.622266896419683
12:49:11,1875,8.622266896419683
12:49:12,1875,8.624492920015308
12:49:13,1875,8.624492920015308
12:49:14,1876,8.62120864410021
12:49:15,1876,8.62120864410021
12:49:16,1876,8.624130351681957
12:49:17,1877,8.624130351681957
12:49:18,1878,8.623151862464182
12:49:19,1878,8.623151862464182
12:49:20,1878,8.623151862464182
12:49:21,1880,8.623151862464182
12:49:22,1880,8.623151862464182
12:49:23,1880,8.623151862464182
12:49:24,1881,8.626641848033602
12:49:25,1881,8.626641848033602
12:49:26,1881,8.626641848033602
12:49:27,1881,8.624623163518413
12:49:28,1883,8.624623163518413
12:49:29,1883,8.624623163518413
12:49:30,1883,8.624623163518413
12:49:31,1885,8.621834477498092
12:49:32,1885,8.621834477498092
12:49:33,1885,8.621834477498092
12:49:34,1886,8.621834477498092
12:49:35,1886,8.622904761904762
12:49:36,1886,8.622904761904762
12:49:37,1887,8.621768513230535
12:49:38,1887,8.621768513230535
12:49:39,1887,8.624719528427457
12:49:40,1887,8.624719528427457
12:49:41,1887,8.62397377423033
12:49:42,1887,8.62397377423033
12:49:43,1887,8.62397377423033
12:49:44,1887,8.62397377423033
12:49:45,1888,8.62397377423033
12:49:46,1888,8.62397377423033
12:49:47,1889,8.62397377423033
12:49:48,1889,8.62397377423033
12:49:49,1890,8.623418803418804
12:49:50,1891,8.623418803418804
12:49:51,1891,8.623418803418804
12:49:52,1891,8.623418803418804
12:49:53,1891,8.623418803418804
12:49:54,1891,8.623418803418804
12:49:55,1891,8.623418803418804
12:49:56,1891,8.623418803418804
12:49:57,1892,8.623418803418804
12:49:58,1892,8.623418803418804
12:49:59,1893,8.62194381169324
12:50:00,1893,8.62194381169324
12:50:01,1894,8.62194381169324
12:50:02,1894,8.62194381169324
12:50:03,1895,8.62194381169324
12:50:04,1895,8.62194381169324
12:50:05,1896,8.623705179282869
12:50:06,1896,8.623705179282869
12:50:07,1897,8.625113765642775
12:50:08,1897,8.625113765642775
12:50:09,1898,8.625113765642775
12:50:10,1898,8.625113765642775
12:50:11,1898,8.623772977070304
12:50:12,1899,8.623772977070304
12:50:13,1899,8.62721590909091
12:50:14,1899,8.62721590909091
12:50:15,1899,8.62721590909091
12:50:16,1901,8.62721590909091
12:50:17,1901,8.62721590909091
12:50:18,1901,8.62721590909091
12:50:19,1901,8.62721590909091
12:50:20,1902,8.62721590909091
12:50:21,1902,8.624531516183987
12:50:22,1902,8.624531516183987
12:50:23,1902,8.624531516183987
12:50:24,1902,8.624531516183987
12:50:25,1902,8.624531516183987
12:50:26,1902,8.624531516183987
12:50:27,1902,8.624531516183987
12:50:28,1903,8.628351295140858
12:50:29,1903,8.628351295140858
12:50:30,1903,8.628351295140858
12:50:31,1903,8.627787226001512
12:50:32,1903,8.627787226001512
12:50:33,1903,8.627787226001512
12:50:34,1903,8.627787226001512
12:50:35,1903,8.627787226001512
12:50:36,1903,8.63024551463645
12:50:37,1904,8.63024551463645
12:50:38,1904,8.63024551463645
12:50:39,1904,8.63024551463645
12:50:40,1904,8.629209135522839
12:50:41,1904,8.629209135522839
12:50:42,1904,8.629209135522839
12:50:43,1904,8.629209135522839
12:50:44,1904,8.629209135522839
12:50:45,1904,8.629209135522839
12:50:46,1904,8.629209135522839
12:50:47,1904,8.62840973401245
12:50:48,1904,8.62840973401245
12:50:49,1904,8.62840973401245
12:50:50,1905,8.625914404223229
12:50:51,1905,8.625914404223229
12:50:52,1905,8.625914404223229
12:50:53,1905,8.630112994350283
12:50:54,1905,8.630112994350283
12:50:55,1905,8.632844243792325
12:50:56,1905,8.632844243792325
12:50:57,1905,8.632844243792325
12:50:58,1906,8.632844243792325
12:50:59,1906,8.632844243792325
12:51:00,1906,8.632844243792325
12:51:01,1906,8.632844243792325
12:51:02,1906,8.630955066741869
12:51:03,1906,8.630955066741869
12:51:04,1906,8.630955066741869
12:51:05,1906,8.630955066741869
12:51:06,1906,8.630955066741869
12:51:07,1906,8.630955066741869
12:51:08,1907,8.630955066741869
12:51:09,1907,8.630955066741869
12:51:10,1907,8.630955066741869
12:51:11,1907,8.6282600526118
12:51:12,1907,8.631295774647889
12:51:13,1907,8.631295774647889
12:51:14,1907,8.633642843744138
12:51:15,1907,8.633642843744138
12:51:16,1907,8.633642843744138
12:51:17,1907,8.633642843744138
12:51:18,1907,8.633642843744138
12:51:19,1907,8.633642843744138
12:51:20,1907,8.633642843744138
12:51:21,1907,8.634616825932172
12:51:22,1907,8.634616825932172
12:51:23,1907,8.634616825932172
12:51:24,1908,8.633089887640448
12:51:25,1908,8.633089887640448
12:51:26,1908,8.633089887640448
12:51:27,1908,8.633089887640448
12:51:28,1909,8.63338012352611
12:51:29,1909,8.63338012352611
12:51:30,1909,8.63338012352611
12:51:31,1909,8.63338012352611
12:51:32,1909,8.63338012352611
12:51:33,1909,8.63338012352611
12:51:34,1909,8.63338012352611
12:51:35,1909,8.632304526748971
12:51:36,1909,8.632304526748971
12:51:37,1909,8.632304526748971
12:51:38,1909,8.632304526748971
12:51:39,1909,8.634931762946344
12:51:40,1909,8.634931762946344
12:51:41,1909,8.634931762946344
12:51:42,1909,8.63180119581465
12:51:43,1909,8.63180119581465
12:51:44,1909,8.63180119581465
12:51:45,1909,8.631391223155928
12:51:46,1909,8.62880739081747
12:51:47,1909,8.62880739081747
12:51:48,1909,8.62880739081747
12:51:49,1909,8.62880739081747
12:51:50,1909,8.62880739081747
12:51:51,1910,8.62880739081747
12:51:52,1910,8.62732699123298
12:51:53,1910,8.62732699123298
12:51:54,1910,8.62732699123298
12:51:55,1910,8.625521998508576
12:51:56,1911,8.625521998508576
12:51:57,1911,8.623989193217813
12:51:58,1911,8.623989193217813
12:51:59,1911,8.623989193217813
12:52:00,1911,8.626219739292365
12:52:01,1911,8.626219739292365
12:52:02,1911,8.626847198957753
12:52:03,1911,8.626847198957753
12:52:04,1911,8.626847198957753
12:52:05,1911,8.626847198957753
12:52:06,1911,8.626847198957753
12:52:07,1912,8.626847198957753
12:52:08,1912,8.626847198957753
12:52:09,1912,8.626847198957753
12:52:10,1912,8.629380580357143
12:52:11,1912,8.629380580357143
12:52:12,1912,8.63341699200595
12:52:13,1912,8.63341699200595
12:52:14,1912,8.63341699200595
12:52:15,1912,8.63341699200595
12:52:16,1913,8.635953177257525
12:52:17,1913,8.635953177257525
12:52:18,1913,8.635953177257525
12:52:19,1913,8.635953177257525
12:52:20,1914,8.635953177257525
12:52:21,1914,8.636480965645312
12:52:22,1914,8.636480965645312
12:52:23,1914,8.636480965645312
12:52:24,1915,8.636480965645312
12:52:25,1915,8.636480965645312
12:52:26,1915,8.636480965645312
12:52:27,1916,8.63372308834447
12:52:28,1916,8.63372308834447
12:52:29,1917,8.63372308834447
12:52:30,1917,8.63372308834447
12:52:31,1917,8.631033203487295
12:52:32,1917,8.631033203487295
12:52:33,1918,8.631033203487295
12:52:34,1918,8.633083055246571
12:52:35,1918,8.633083055246571
12:52:36,1918,8.633083055246571
12:52:37,1918,8.632592180841208
12:52:38,1918,8.632592180841208
12:52:39,1918,8.632592180841208
12:52:40,1919,8.632592180841208
12:52:41,1919,8.632592180841208
12:52:42,1919,8.631740740740742
12:52:43,1919,8.628956135480289
12:52:44,1919,8.628956135480289
12:52:45,1920,8.628956135480289
12:52:46,1920,8.628956135480289
12:52:47,1920,8.627839437661857
12:52:48,1920,8.627839437661857
12:52:49,1920,8.630412275836568
12:52:50,1921,8.630412275836568
12:52:51,1921,8.630412275836568
12:52:52,1921,8.630412275836568
12:52:53,1921,8.630412275836568
12:52:54,1921,8.630412275836568
12:52:55,1921,8.632954545454545
12:52:56,1921,8.632954545454545
12:52:57,1921,8.632954545454545
12:52:58,1922,8.632954545454545
12:52:59,1922,8.631468144044321
12:53:00,1923,8.631468144044321
12:53:01,1923,8.6383416343848
12:53:02,1923,8.6383416343848
12:53:03,1924,8.6383416343848
12:53:04,1924,8.63567477876106
12:53:05,1925,8.63567477876106
12:53:06,1925,8.63567477876106
12:53:07,1925,8.63567477876106
12:53:08,1925,8.638409802837662
12:53:09,1925,8.638409802837662
12:53:10,1925,8.638409802837662
12:53:11,1926,8.638409802837662
12:53:12,1926,8.638409802837662
12:53:13,1926,8.638409802837662
12:53:14,1927,8.638409802837662
12:53:15,1927,8.638581952117864
12:53:16,1927,8.638581952117864
12:53:17,1927,8.638581952117864
12:53:18,1927,8.638581952117864
12:53:19,1927,8.638581952117864
12:53:20,1927,8.638581952117864
12:53:21,1927,8.641717283268912
12:53:22,1928,8.641717283268912
12:53:23,1928,8.641717283268912
12:53:24,1928,8.641717283268912
12:53:25,1928,8.642411699779249
12:53:26,1928,8.641698841698842
12:53:27,1929,8.641698841698842
12:53:28,1929,8.641698841698842
12:53:29,1929,8.641698841698842
12:53:30,1929,8.641698841698842
12:53:31,1929,8.641698841698842
12:53:32,1930,8.641698841698842
12:53:33,1930,8.641698841698842
12:53:34,1930,8.639742883379247
12:53:35,1930,8.639742883379247
12:53:36,1931,8.639742883379247
12:53:37,1931,8.639742883379247
12:53:38,1931,8.639742883379247
12:53:39,1931,8.639742883379247
12:53:40,1932,8.639742883379247
12:53:41,1933,8.639742883379247
12:53:42,1933,8.639742883379247
12:53:43,1933,8.641051762114538
12:53:44,1934,8.641051762114538
12:53:45,1935,8.641051762114538
12:53:46,1935,8.639469822051
12:53:47,1935,8.639469822051
12:53:48,1935,8.639469822051
12:53:49,1935,8.639469822051
12:53:50,1935,8.641804180418042
12:53:51,1935,8.641804180418042
12:53:52,1935,8.641804180418042
12:53:53,1935,8.641804180418042
12:53:54,1935,8.641002382261316
12:53:55,1935,8.643690476190477
12:53:56,1935,8.643690476190477
12:53:57,1935,8.643690476190477
12:53:58,1935,8.643690476190477
12:53:59,1935,8.643690476190477
12:54:00,1935,8.643690476190477
12:54:01,1936,8.644481054365734
12:54:02,1936,8.644481054365734
12:54:03,1936,8.644849981705086
12:54:04,1936,8.644849981705086
12:54:05,1936,8.649853720972756
12:54:06,1936,8.649853720972756
12:54:07,1936,8.647889254385966
12:54:08,1936,8.647889254385966
12:54:09,1936,8.647889254385966
12:54:10,1936,8.647889254385966
12:54:11,1936,8.647889254385966
12:54:12,1936,8.647889254385966
12:54:13,1936,8.647889254385966
12:54:14,1936,8.647889254385966
12:54:15,1936,8.647589041095891
12:54:16,1936,8.647589041095891
12:54:17,1936,8.647589041095891
12:54:18,1936,8.647589041095891
12:54:19,1936,8.647589041095891
12:54:20,1936,8.647589041095891
12:54:21,1937,8.647426067907995
12:54:22,1937,8.647426067907995
12:54:23,1937,8.647426067907995
12:54:24,1937,8.647426067907995
12:54:25,1938,8.647426067907995
12:54:26,1938,8.643833242109105
12:54:27,1938,8.643833242109105
12:54:28,1938,8.647301239970824
12:54:29,1938,8.6460087479497
12:54:30,1938,8.6460087479497
12:54:31,1939,8.6460087479497
12:54:32,1939,8.6460087479497
12:54:33,1939,8.643998178506374
12:54:34,1939,8.643998178506374
12:54:35,1939,8.643998178506374
12:54:36,1940,8.643998178506374
12:54:37,1940,8.642881849626798
12:54:38,1940,8.642881849626798
12:54:39,1940,8.641821324599709
12:54:40,1940,8.641821324599709
12:54:41,1940,8.641821324599709
12:54:42,1940,8.640134569921804
12:54:43,1940,8.640134569921804
12:54:44,1940,8.640134569921804
12:54:45,1941,8.640134569921804
12:54:46,1941,8.640134569921804
12:54:47,1942,8.640134569921804
12:54:48,1943,8.640134569921804
12:54:49,1943,8.640134569921804
12:54:50,1943,8.640134569921804
12:54:51,1943,8.640134569921804
12:54:52,1944,8.640134569921804
12:54:53,1944,8.640134569921804
12:54:54,1945,8.64141689373297
12:54:55,1945,8.64141689373297
12:54:56,1945,8.64141689373297
12:54:57,1945,8.645452069716775
12:54:58,1946,8.645452069716775
12:54:59,1946,8.645452069716775
12:55:00,1946,8.645452069716775
12:55:01,1946,8.645452069716775
12:55:02,1946,8.645452069716775
12:55:03,1946,8.645452069716775
12:55:04,1947,8.645452069716775
12:55:05,1948,8.64462892397024
12:55:06,1948,8.64462892397024
12:55:07,1948,8.644523032281464
12:55:08,1949,8.645450425956136
12:55:09,1949,8.645450425956136
12:55:10,1949,8.645450425956136
12:55:11,1950,8.645450425956136
12:55:12,1950,8.645733695652174
12:55:13,1950,8.645733695652174
12:55:14,1950,8.645733695652174
12:55:15,1950,8.645733695652174
12:55:16,1950,8.645733695652174
12:55:17,1951,8.643789607097592
12:55:18,1952,8.643789607097592
12:55:19,1952,8.642263843648209
12:55:20,1952,8.642263843648209
12:55:21,1952,8.642263843648209
12:55:22,1953,8.642263843648209
12:55:23,1954,8.642263843648209
12:55:24,1954,8.642263843648209
12:55:25,1954,8.642263843648209
12:55:26,1955,8.64187013926569
12:55:27,1955,8.64187013926569
12:55:28,1955,8.64187013926569
12:55:29,1955,8.64187013926569
12:55:30,1955,8.64187013926569
12:55:31,1955,8.644170281995661
12:55:32,1957,8.644170281995661
12:55:33,1957,8.644170281995661
12:55:34,1957,8.643098464317976
12:55:35,1958,8.643098464317976
12:55:36,1958,8.643098464317976
12:55:37,1958,8.643098464317976
12:55:38,1958,8.643098464317976
12:55:39,1958,8.643098464317976
12:55:40,1958,8.643098464317976
12:55:41,1958,8.64380642831347
12:55:42,1958,8.64380642831347
12:55:43,1958,8.6418787222523
12:55:44,1958,8.6418787222523
12:55:45,1958,8.6418787222523
12:55:46,1959,8.64478096268253
12:55:47,1959,8.643234234234233
12:55:48,1959,8.643234234234233
12:55:49,1959,8.643234234234233
12:55:50,1959,8.647667927246534
12:55:51,1959,8.647667927246534
12:55:52,1959,8.647667927246534
12:55:53,1959,8.647667927246534
12:55:54,1959,8.647667927246534
12:55:55,1959,8.646571274298056
12:55:56,1959,8.646571274298056
12:55:57,1960,8.646571274298056
12:55:58,1960,8.646571274298056
12:55:59,1960,8.646571274298056
12:56:00,1961,8.646571274298056
12:56:01,1961,8.646571274298056
12:56:02,1961,8.646571274298056
12:56:03,1961,8.646571274298056
12:56:04,1962,8.646571274298056
12:56:05,1963,8.646571274298056
12:56:06,1963,8.645044072674942
12:56:07,1963,8.645044072674942
12:56:08,1963,8.642682488313557
12:56:09,1963,8.642682488313557
12:56:10,1963,8.642682488313557
12:56:11,1963,8.642682488313557
12:56:12,1963,8.642682488313557
12:56:13,1963,8.642682488313557
12:56:14,1963,8.642682488313557
12:56:15,1963,8.642533692722372
12:56:16,1963,8.643444683908047
12:56:17,1963,8.643444683908047
12:56:18,1963,8.640953150242327
12:56:19,1963,8.640953150242327
12:56:20,1963,8.640953150242327
12:56:21,1963,8.640953150242327
12:56:22,1963,8.643066020810908
12:56:23,1963,8.643066020810908
12:56:24,1963,8.643066020810908
12:56:25,1963,8.643066020810908
12:56:26,1963,8.643066020810908
12:56:27,1963,8.643066020810908
12:56:28,1963,8.643066020810908
12:56:29,1963,8.643066020810908
12:56:30,1963,8.643066020810908
12:56:31,1963,8.643066020810908
12:56:32,1963,8.643066020810908
12:56:33,1963,8.643066020810908
12:56:34,1963,8.643066020810908
12:56:35,1963,8.643066020810908
12:56:36,1963,8.645286738351254
12:56:37,1963,8.642665233745298
12:56:38,1963,8.641926244181883
12:56:39,1964,8.641926244181883
12:56:40,1964,8.643365522174536
12:56:41,1964,8.643365522174536
12:56:42,1964,8.643365522174536
12:56:43,1964,8.643365522174536
12:56:44,1964,8.643365522174536
12:56:45,1965,8.643365522174536
12:56:46,1965,8.643365522174536
12:56:47,1965,8.643365522174536
12:56:48,1965,8.643365522174536
12:56:49,1966,8.643365522174536
12:56:50,1966,8.643365522174536
12:56:51,1966,8.643365522174536
12:56:52,1966,8.643365522174536
12:56:53,1966,8.643365522174536
12:56:54,1967,8.643365522174536
12:56:55,1967,8.641394101876676
12:56:56,1967,8.641394101876676
12:56:57,1967,8.643372633083244
12:56:58,1968,8.643372633083244
12:56:59,1968,8.642608462774506
12:57:00,1968,8.642608462774506
12:57:01,1968,8.642608462774506
12:57:02,1968,8.642608462774506
12:57:03,1969,8.642608462774506
12:57:04,1970,8.642608462774506
12:57:05,1970,8.646225910064238
12:57:06,1970,8.646225910064238
12:57:07,1970,8.646225910064238
12:57:08,1970,8.646548956661317
12:57:09,1970,8.646548956661317
12:57:10,1970,8.644385026737968
12:57:11,1970,8.644385026737968
12:57:12,1970,8.644385026737968
12:57:13,1970,8.644385026737968
12:57:14,1970,8.642152146802067
12:57:15,1970,8.638782051282051
12:57:16,1970,8.640193984694784
12:57:17,1970,8.640193984694784
12:57:18,1971,8.640193984694784
12:57:19,1971,8.640193984694784
12:57:20,1971,8.640193984694784
12:57:21,1972,8.640193984694784
12:57:22,1972,8.640193984694784
12:57:23,1972,8.640193984694784
12:57:24,1972,8.640193984694784
12:57:25,1973,8.642444444444443
12:57:26,1974,8.642444444444443
12:57:27,1974,8.642444444444443
12:57:28,1974,8.64206645344705
12:57:29,1974,8.64206645344705
12:57:30,1974,8.64206645344705
12:57:31,1974,8.64206645344705
12:57:32,1975,8.64206645344705
12:57:33,1975,8.64206645344705
12:57:34,1975,8.64206645344705
12:57:35,1975,8.64206645344705
12:57:36,1975,8.64206645344705
12:57:37,1975,8.64206645344705
12:57:38,1976,8.64206645344705
12:57:39,1976,8.641813177055585
12:57:40,1977,8.639492367767128
12:57:41,1977,8.639492367767128
12:57:42,1977,8.639492367767128
12:57:43,1977,8.639492367767128
12:57:44,1977,8.639492367767128
12:57:45,1977,8.639492367767128
12:57:46,1977,8.639492367767128
12:57:47,1977,8.639492367767128
12:57:48,1977,8.639492367767128
12:57:49,1977,8.639036721660458
12:57:50,1977,8.639036721660458
12:57:51,1977,8.639036721660458
12:57:52,1977,8.639036721660458
12:57:53,1977,8.639036721660458
12:57:54,1977,8.639036721660458
12:57:55,1977,8.639036721660458
12:57:56,1977,8.639036721660458
12:57:57,1978,8.644202127659575
12:57:58,1978,8.641192628034734
12:57:59,1979,8.641192628034734
12:58:00,1979,8.640869642224583
12:58:01,1979,8.638573198796248
12:58:02,1979,8.638573198796248
12:58:03,1980,8.638573198796248
12:58:04,1980,8.636986907289456
12:58:05,1980,8.636986907289456
12:58:06,1980,8.636986907289456
12:58:07,1980,8.634871794871795
12:58:08,1980,8.634871794871795
12:58:09,1980,8.634871794871795
12:58:10,1981,8.634871794871795
12:58:11,1981,8.634871794871795
12:58:12,1981,8.634871794871795
12:58:13,1981,8.634871794871795
12:58:14,1981,8.634871794871795
12:58:15,1981,8.632529162248144
12:58:16,1981,8.632529162248144
12:58:17,1981,8.635647412118
12:58:18,1982,8.635647412118
12:58:19,1982,8.635647412118
12:58:20,1982,8.635647412118
12:58:21,1983,8.635647412118
12:58:22,1983,8.635647412118
12:58:23,1983,8.635647412118
12:58:24,1983,8.635647412118
12:58:25,1984,8.635647412118
12:58:26,1984,8.635647412118
12:58:27,1984,8.635647412118
12:58:28,1984,8.635647412118
12:58:29,1986,8.635655014124294
12:58:30,1986,8.635655014124294
12:58:31,1986,8.635655014124294
12:58:32,1986,8.635655014124294
12:58:33,1987,8.633624492676903
12:58:34,1987,8.633536155202822
12:58:35,1987,8.633536155202822
12:58:36,1987,8.633536155202822
12:58:37,1988,8.633536155202822
12:58:38,1988,8.633923537702607
12:58:39,1988,8.633923537702607
12:58:40,1988,8.633923537702607
12:58:41,1988,8.633923537702607
12:58:42,1989,8.633923537702607
12:58:43,1989,8.633923537702607
12:58:44,1989,8.633923537702607
12:58:45,1989,8.633923537702607
12:58:46,1990,8.633923537702607
12:58:47,1990,8.633923537702607
12:58:48,1990,8.631211480894525
12:58:49,1991,8.635295670538543
12:58:50,1991,8.635215479331574
12:58:51,1991,8.635215479331574
12:58:52,1991,8.632946554149084
12:58:53,1991,8.632946554149084
12:58:54,1991,8.632946554149084
12:58:55,1992,8.632946554149084
12:58:56,1992,8.632946554149084
12:58:57,1992,8.633649622210507
12:58:58,1992,8.633649622210507
12:58:59,1992,8.633649622210507
12:59:00,1992,8.633649622210507
12:59:01,1992,8.633649622210507
12:59:02,1992,8.633649622210507
12:59:03,1992,8.633649622210507
12:59:04,1992,8.633649622210507
12:59:05,1992,8.633649622210507
12:59:06,1992,8.633649622210507
12:59:07,1992,8.63098121818501
12:59:08,1992,8.63098121818501
12:59:09,1992,8.63098121818501
12:59:10,1992,8.635832018236016
12:59:11,1992,8.635832018236016
12:59:12,1992,8.635832018236016
12:59:13,1992,8.635832018236016
12:59:14,1992,8.635832018236016
12:59:15,1992,8.635832018236016
12:59:16,1992,8.635832018236016
12:59:17,1992,8.635832018236016
12:59:18,1992,8.635832018236016
12:59:19,1992,8.636295127935506
12:59:20,1992,8.636295127935506
12:59:21,1992,8.636295127935506
12:59:22,1992,8.636295127935506
12:59:23,1992,8.636295127935506
12:59:24,1992,8.636295127935506
12:59:25,1992,8.636295127935506
12:59:26,1992,8.634734629532318
12:59:27,1992,8.634734629532318
12:59:28,1992,8.634734629532318
12:59:29,1992,8.63359593837535
12:59:30,1992,8.63359593837535
12:59:31,1992,8.63359593837535
12:59:32,1992,8.63359593837535
12:59:33,1992,8.63359593837535
12:59:34,1992,8.63359593837535
12:59:35,1992,8.63359593837535
12:59:36,1992,8.63359593837535
12:59:37,1992,8.63359593837535
12:59:38,1993,8.63132983377078
12:59:39,1993,8.635650577124869
12:59:40,1993,8.635650577124869
12:59:41,1994,8.632765548567436
12:59:42,1994,8.632765548567436
12:59:43,1994,8.629474419416798
12:59:44,1995,8.629474419416798
12:59:45,1995,8.629474419416798
12:59:46,1995,8.630488656195462
12:59:47,1995,8.630488656195462
12:59:48,1995,8.630488656195462
12:59:49,1998,8.630488656195462
12:59:50,1998,8.630488656195462
12:59:51,1998,8.630488656195462
12:59:52,1998,8.630488656195462
12:59:53,2000,8.630488656195462
12:59:54,2000,8.629748822605965
12:59:55,2000,8.629748822605965
12:59:56,2000,8.629748822605965
12:59:57,2000,8.627588912133891
12:59:58,2000,8.627588912133891
12:59:59,2000,8.627588912133891
13:00:00,2000,8.625117616309462
13:00:01,2000,8.625117616309462
13:00:02,2000,8.627838732149078
13:00:03,2000,8.627838732149078
13:00:04,2000,8.627838732149078
13:00:05,2000,8.627838732149078
13:00:06,2000,8.627838732149078
13:00:07,2000,8.627838732149078
13:00:08,2001,8.627838732149078
13:00:09,2001,8.627838732149078
13:00:10,2001,8.627838732149078
13:00:11,2002,8.627838732149078
13:00:12,2003,8.625930758524705
13:00:13,2003,8.625930758524705
13:00:14,2004,8.628560250391237
13:00:15,2005,8.628560250391237
13:00:16,2005,8.628560250391237
13:00:17,2005,8.628560250391237
13:00:18,2006,8.628560250391237
13:00:19,2006,8.628560250391237
13:00:20,2006,8.628330727809622
13:00:21,2006,8.628330727809622
13:00:22,2006,8.628330727809622
13:00:23,2007,8.628330727809622
13:00:24,2007,8.628330727809622
13:00:25,2008,8.628330727809622
13:00:26,2009,8.628330727809622
13:00:27,2009,8.628330727809622
13:00:28,2009,8.628330727809622
13:00:29,2011,8.631987847222224
13:00:30,2011,8.629403088669097
13:00:31,2011,8.627471383975026
13:00:32,2012,8.627471383975026
13:00:33,2013,8.627471383975026
13:00:34,2013,8.627471383975026
13:00:35,2013,8.62532501300052
13:00:36,2013,8.62532501300052
13:00:37,2015,8.62532501300052
13:00:38,2015,8.622505197505198
13:00:39,2016,8.622505197505198
13:00:40,2016,8.622505197505198
13:00:41,2016,8.622505197505198
13:00:42,2017,8.622505197505198
13:00:43,2018,8.622505197505198
13:00:44,2018,8.619679653679652
13:00:45,2018,8.619679653679652
13:00:46,2019,8.619132917964693
13:00:47,2020,8.619132917964693
13:00:48,2020,8.619132917964693
13:00:49,2020,8.619132917964693
13:00:50,2021,8.619132917964693
13:00:51,2022,8.619132917964693
13:00:52,2023,8.619132917964693
13:00:53,2023,8.619132917964693
13:00:54,2023,8.619132917964693
13:00:55,2025,8.619132917964693
13:00:56,2025,8.619132917964693
13:00:57,2025,8.619132917964693
13:00:58,2025,8.619132917964693
13:00:59,2027,8.619132917964693
13:01:00,2027,8.619132917964693
13:01:01,2027,8.621622556651097
13:01:02,2028,8.621622556651097
13:01:03,2028,8.620381890444099
13:01:04,2029,8.620381890444099
13:01:05,2030,8.618540587219343
13:01:06,2030,8.618540587219343
13:01:07,2031,8.618540587219343
13:01:08,2031,8.618540587219343
13:01:09,2032,8.615889867080961
13:01:10,2032,8.615889867080961
13:01:11,2032,8.614432367149758
13:01:12,2032,8.614432367149758
13:01:13,2033,8.614432367149758
13:01:14,2033,8.614432367149758
13:01:15,2033,8.614432367149758
13:01:16,2035,8.613312640110363
13:01:17,2035,8.613312640110363
13:01:18,2035,8.613312640110363
13:01:19,2035,8.613312640110363
13:01:20,2038,8.616718372974837
13:01:21,2038,8.618372093023256
13:01:22,2038,8.618372093023256
13:01:23,2038,8.618372093023256
13:01:24,2038,8.618372093023256
13:01:25,2038,8.615702479338843
13:01:26,2038,8.615702479338843
13:01:27,2039,8.612605403545
13:01:28,2039,8.610999312005504
13:01:29,2039,8.610999312005504
13:01:30,2039,8.610999312005504
13:01:31,2039,8.610999312005504
13:01:32,2039,8.610999312005504
13:01:33,2040,8.610056730273337
13:01:34,2040,8.610056730273337
13:01:35,2040,8.610056730273337
13:01:36,2041,8.610056730273337
13:01:37,2041,8.611013745704467
13:01:38,2041,8.611013745704467
13:01:39,2041,8.611013745704467
13:01:40,2042,8.608371973209687
13:01:41,2042,8.610032612427052
13:01:42,2042,8.610032612427052
13:01:43,2043,8.610032612427052
13:01:44,2043,8.610032612427052
13:01:45,2044,8.610032612427052
13:01:46,2044,8.610032612427052
13:01:47,2045,8.612875278778521
13:01:48,2045,8.612875278778521
13:01:49,2045,8.61190843621399
13:01:50,2045,8.61190843621399
13:01:51,2046,8.61190843621399
13:01:52,2046,8.61190843621399
13:01:53,2046,8.61190843621399
13:01:54,2047,8.61190843621399
13:01:55,2047,8.61190843621399
13:01:56,2047,8.61190843621399
13:01:57,2047,8.61190843621399
13:01:58,2047,8.61190843621399
13:01:59,2047,8.608551842330764
13:02:00,2047,8.608551842330764
13:02:01,2047,8.608551842330764
13:02:02,2047,8.608551842330764
13:02:03,2047,8.608551842330764
13:02:04,2047,8.608551842330764
13:02:05,2049,8.608551842330764
13:02:06,2049,8.608551842330764
13:02:07,2049,8.608551842330764
13:02:08,2050,8.608551842330764
13:02:09,2051,8.608551842330764
13:02:10,2051,8.608551842330764
13:02:11,2051,8.608551842330764
13:02:12,2052,8.608551842330764
13:02:13,2052,8.608551842330764
13:02:14,2052,8.609146968139774
13:02:15,2052,8.609146968139774
13:02:16,2053,8.609146968139774
13:02:17,2053,8.609146968139774
13:02:18,2053,8.609146968139774
13:02:19,2053,8.60677966101695
13:02:20,2054,8.60677966101695
13:02:21,2054,8.60677966101695
13:02:22,2054,8.613152043783137
13:02:23,2054,8.613152043783137
13:02:24,2055,8.613152043783137
13:02:25,2055,8.611566717922434
13:02:26,2055,8.611566717922434
13:02:27,2055,8.611566717922434
13:02:28,2055,8.611566717922434
13:02:29,2055,8.611566717922434
13:02:30,2055,8.611566717922434
13:02:31,2055,8.611566717922434
13:02:32,2055,8.611566717922434
13:02:33,2055,8.611566717922434
13:02:34,2055,8.611566717922434
13:02:35,2056,8.611566717922434
13:02:36,2056,8.611566717922434
13:02:37,2056,8.611566717922434
13:02:38,2057,8.611566717922434
13:02:39,2057,8.611566717922434
13:02:40,2057,8.611566717922434
13:02:41,2057,8.611566717922434
13:02:42,2057,8.609340846994536
13:02:43,2057,8.609340846994536
13:02:44,2057,8.609340846994536
13:02:45,2059,8.609340846994536
13:02:46,2059,8.609340846994536
13:02:47,2059,8.606127325482165
13:02:48,2059,8.606127325482165
13:02:49,2059,8.606127325482165
13:02:50,2060,8.606127325482165
13:02:51,2060,8.606127325482165
13:02:52,2060,8.603053565336063
13:02:53,2061,8.603053565336063
13:02:54,2062,8.603053565336063
13:02:55,2062,8.603053565336063
13:02:56,2063,8.603053565336063
13:02:57,2063,8.600895140664962
13:02:58,2063,8.600895140664962
13:02:59,2063,8.600895140664962
13:03:00,2063,8.600895140664962
13:03:01,2063,8.600895140664962
13:03:02,2065,8.600895140664962
13:03:03,2065,8.600895140664962
13:03:04,2065,8.600895140664962
13:03:05,2067,8.600895140664962
13:03:06,2068,8.600895140664962
13:03:07,2068,8.597690865712337
13:03:08,2068,8.597690865712337
13:03:09,2069,8.597690865712337
13:03:10,2070,8.594804973599047
13:03:11,2070,8.597497446373852
13:03:12,2070,8.597497446373852
13:03:13,2070,8.597497446373852
13:03:14,2070,8.598231292517006
13:03:15,2070,8.598231292517006
13:03:16,2071,8.598231292517006
13:03:17,2071,8.601087880333163
13:03:18,2071,8.601087880333163
13:03:19,2072,8.598267074413863
13:03:20,2072,8.598267074413863
13:03:21,2072,8.598267074413863
13:03:22,2073,8.59538121922228
13:03:23,2073,8.595595723014258
13:03:24,2073,8.595595723014258
13:03:25,2073,8.595595723014258
13:03:26,2073,8.595595723014258
13:03:27,2074,8.592875318066158
13:03:28,2074,8.592875318066158
13:03:29,2074,8.592875318066158
13:03:30,2074,8.592875318066158
13:03:31,2074,8.592875318066158
13:03:32,2075,8.592875318066158
13:03:33,2075,8.592875318066158
13:03:34,2075,8.592875318066158
13:03:35,2075,8.592875318066158
13:03:36,2075,8.592875318066158
13:03:37,2075,8.592875318066158
13:03:38,2076,8.592875318066158
13:03:39,2076,8.592875318066158
13:03:40,2076,8.592875318066158
13:03:41,2076,8.59320956256358
13:03:42,2076,8.59320956256358
13:03:43,2076,8.59320956256358
13:03:44,2076,8.59320956256358
13:03:45,2076,8.59320956256358
13:03:46,2076,8.59320956256358
13:03:47,2076,8.59320956256358
13:03:48,2077,8.588617886178863
13:03:49,2077,8.588617886178863
13:03:50,2077,8.587497883866599
13:03:51,2078,8.587497883866599
13:03:52,2078,8.587497883866599
13:03:53,2079,8.587497883866599
13:03:54,2079,8.587497883866599
13:03:55,2079,8.587497883866599
13:03:56,2079,8.585059221658208
13:03:57,2079,8.585059221658208
13:03:58,2079,8.585059221658208
13:03:59,2080,8.585059221658208
13:04:00,2080,8.585059221658208
13:04:01,2080,8.585059221658208
13:04:02,2080,8.585059221658208
13:04:03,2080,8.588127853881279
13:04:04,2080,8.588127853881279
13:04:05,2080,8.588127853881279
13:04:06,2080,8.58569134550372
13:04:07,2080,8.58569134550372
13:04:08,2081,8.58569134550372
13:04:09,2081,8.58569134550372
13:04:10,2081,8.58569134550372
13:04:11,2081,8.58569134550372
13:04:12,2081,8.58569134550372
13:04:13,2081,8.58569134550372
13:04:14,2082,8.58569134550372
13:04:15,2082,8.587242485646742
13:04:16,2082,8.587242485646742
13:04:17,2082,8.584742616033756
13:04:18,2082,8.584742616033756
13:04:19,2082,8.584742616033756
13:04:20,2082,8.583130904183536
13:04:21,2082,8.583130904183536
13:04:22,2082,8.58049232844377
13:04:23,2082,8.58049232844377
13:04:24,2082,8.578100775193798
13:04:25,2082,8.578100775193798
13:04:26,2083,8.578100775193798
13:04:27,2083,8.578100775193798
13:04:28,2083,8.578100775193798
13:04:29,2084,8.578100775193798
13:04:30,2084,8.578100775193798
13:04:31,2084,8.578100775193798
13:04:32,2085,8.578100775193798
13:04:33,2085,8.578100775193798
13:04:34,2085,8.578100775193798
13:04:35,2085,8.578100775193798
13:04:36,2085,8.578100775193798
13:04:37,2085,8.578100775193798
13:04:38,2085,8.579610914603336
13:04:39,2085,8.579610914603336
13:04:40,2085,8.579610914603336
13:04:41,2085,8.57709595959596
13:04:42,2085,8.57522295137136
13:04:43,2085,8.57522295137136
13:04:44,2085,8.572838883282879
13:04:45,2085,8.572838883282879
13:04:46,2085,8.572838883282879
13:04:47,2085,8.572838883282879
13:04:48,2085,8.572838883282879
13:04:49,2085,8.572838883282879
13:04:50,2085,8.572838883282879
13:04:51,2085,8.572838883282879
13:04:52,2085,8.572838883282879
13:04:53,2085,8.571986888552697
13:04:54,2085,8.571986888552697
13:04:55,2085,8.574689180107526
13:04:56,2086,8.572569269521411
13:04:57,2086,8.572569269521411
13:04:58,2086,8.570384357166834
13:04:59,2086,8.570384357166834
13:05:00,2087,8.570384357166834
13:05:01,2087,8.570910920986412
13:05:02,2087,8.570910920986412
13:05:03,2087,8.568821260898725
13:05:04,2087,8.568821260898725
13:05:05,2087,8.568821260898725
13:05:06,2087,8.572716608010726
13:05:07,2087,8.572716608010726
13:05:08,2087,8.572716608010726
13:05:09,2087,8.572716608010726
13:05:10,2087,8.572716608010726
13:05:11,2087,8.573304871923657
13:05:12,2087,8.573304871923657
13:05:13,2087,8.573304871923657
13:05:14,2087,8.573304871923657
13:05:15,2087,8.573304871923657
13:05:16,2087,8.573304871923657
13:05:17,2087,8.570841700133867
13:05:18,2087,8.570841700133867
13:05:19,2087,8.570841700133867
13:05:20,2087,8.570841700133867
13:05:21,2087,8.570841700133867
13:05:22,2087,8.570841700133867
13:05:23,2087,8.570841700133867
13:05:24,2087,8.574025756815521
13:05:25,2087,8.574025756815521
13:05:26,2087,8.574025756815521
13:05:27,2088,8.571589769307925
13:05:28,2088,8.571589769307925
13:05:29,2088,8.571589769307925
13:05:30,2088,8.56952380952381
13:05:31,2088,8.56952380952381
13:05:32,2088,8.56952380952381
13:05:33,2088,8.56952380952381
13:05:34,2088,8.56952380952381
13:05:35,2088,8.56952380952381
13:05:36,2088,8.56952380952381
13:05:37,2088,8.56952380952381
13:05:38,2089,8.56952380952381
13:05:39,2089,8.56952380952381
13:05:40,2089,8.56952380952381
13:05:41,2090,8.56952380952381
13:05:42,2090,8.56952380952381
13:05:43,2091,8.567042418169674
13:05:44,2091,8.567042418169674
13:05:45,2092,8.56495576698381
13:05:46,2092,8.566116116116117
13:05:47,2092,8.566116116116117
13:05:48,2092,8.566116116116117
13:05:49,2092,8.564307153576788
13:05:50,2092,8.564307153576788
13:05:51,2092,8.564307153576788
13:05:52,2092,8.564307153576788
13:05:53,2092,8.564307153576788
13:05:54,2092,8.5623
13:05:55,2092,8.5623
13:05:56,2092,8.565950358154256
13:05:57,2092,8.568573093573093
13:05:58,2092,8.568573093573093
13:05:59,2092,8.568573093573093
13:06:00,2092,8.568573093573093
13:06:01,2092,8.567423864203695
13:06:02,2094,8.567423864203695
13:06:03,2094,8.567423864203695
13:06:04,2095,8.567423864203695
13:06:05,2095,8.567423864203695
13:06:06,2096,8.567423864203695
13:06:07,2096,8.567423864203695
13:06:08,2096,8.567423864203695
13:06:09,2096,8.567423864203695
13:06:10,2097,8.567423864203695
13:06:11,2097,8.567423864203695
13:06:12,2097,8.567423864203695
13:06:13,2097,8.567423864203695
13:06:14,2097,8.567423864203695
13:06:15,2097,8.567423864203695
13:06:16,2098,8.564953426480372
13:06:17,2098,8.564953426480372
13:06:18,2098,8.564953426480372
13:06:19,2098,8.5632502078138
13:06:20,2098,8.5632502078138
13:06:21,2098,8.5632502078138
13:06:22,2098,8.5632502078138
13:06:23,2098,8.5632502078138
13:06:24,2098,8.5632502078138
13:06:25,2099,8.5632502078138
13:06:26,2099,8.5632502078138
13:06:27,2099,8.5632502078138
13:06:28,2099,8.5632502078138
13:06:29,2099,8.5632502078138
13:06:30,2099,8.56646726487205
13:06:31,2099,8.56894203620661
13:06:32,2100,8.56894203620661
13:06:33,2100,8.56894203620661
13:06:34,2100,8.56894203620661
13:06:35,2100,8.56894203620661
13:06:36,2100,8.56941401062417
13:06:37,2100,8.56941401062417
13:06:38,2101,8.567073170731707
13:06:39,2101,8.567073170731707
13:06:40,2101,8.565630182421227
13:06:41,2102,8.565630182421227
13:06:42,2102,8.565630182421227
13:06:43,2102,8.565630182421227
13:06:44,2102,8.563765953920106
13:06:45,2103,8.563765953920106
13:06:46,2103,8.563765953920106
13:06:47,2103,8.563765953920106
13:06:48,2103,8.563765953920106
13:06:49,2103,8.563765953920106
13:06:50,2103,8.562342611000663
13:06:51,2103,8.562342611000663
13:06:52,2103,8.562342611000663
13:06:53,2103,8.562342611000663
13:06:54,2103,8.562342611000663
13:06:55,2103,8.562342611000663
13:06:56,2104,8.562342611000663
13:06:57,2104,8.562342611000663
13:06:58,2104,8.562342611000663
13:06:59,2104,8.562342611000663
13:07:00,2104,8.562342611000663
13:07:01,2104,8.562342611000663
13:07:02,2105,8.562342611000663
13:07:03,2105,8.562342611000663
13:07:04,2105,8.562342611000663
13:07:05,2105,8.56746938099967
13:07:06,2106,8.56746938099967
13:07:07,2106,8.565301902398677
13:07:08,2106,8.565301902398677
13:07:09,2107,8.563310185185184
13:07:10,2107,8.564220789952072
13:07:11,2107,8.564220789952072
13:07:12,2107,8.562504129501155
13:07:13,2108,8.562504129501155
13:07:14,2108,8.562504129501155
13:07:15,2108,8.56259699521215
13:07:16,2108,8.56259699521215
13:07:17,2109,8.56259699521215
13:07:18,2109,8.56259699521215
13:07:19,2109,8.56259699521215
13:07:20,2109,8.56259699521215
13:07:21,2109,8.56259699521215
13:07:22,2109,8.56259699521215
13:07:23,2109,8.560816831683168
13:07:24,2109,8.560816831683168
13:07:25,2109,8.560816831683168
13:07:26,2109,8.560816831683168
13:07:27,2110,8.559632195282862
13:07:28,2110,8.559632195282862
13:07:29,2110,8.559632195282862
13:07:30,2110,8.559632195282862
13:07:31,2111,8.558053082756347
13:07:32,2111,8.558053082756347
13:07:33,2112,8.556459054209919
13:07:34,2114,8.556459054209919
13:07:35,2114,8.556459054209919
13:07:36,2115,8.556459054209919
13:07:37,2116,8.556459054209919
13:07:38,2116,8.556459054209919
13:07:39,2116,8.555237154150198
13:07:40,2116,8.555237154150198
13:07:41,2116,8.555237154150198
13:07:42,2116,8.555237154150198
13:07:43,2116,8.555237154150198
13:07:44,2116,8.556353909465022
13:07:45,2117,8.556353909465022
13:07:46,2117,8.556353909465022
13:07:47,2117,8.556353909465022
13:07:48,2117,8.556353909465022
13:07:49,2117,8.556353909465022
13:07:50,2117,8.556353909465022
13:07:51,2117,8.556353909465022
13:07:52,2117,8.556353909465022
13:07:53,2117,8.556353909465022
13:07:54,2117,8.556353909465022
13:07:55,2117,8.556353909465022
13:07:56,2117,8.556353909465022
13:07:57,2117,8.556353909465022
13:07:58,2117,8.556353909465022
13:07:59,2117,8.556353909465022
13:08:00,2117,8.554549193813754
13:08:01,2117,8.554549193813754
13:08:02,2117,8.554549193813754
13:08:03,2117,8.554549193813754
13:08:04,2117,8.554549193813754
13:08:05,2117,8.554549193813754
13:08:06,2117,8.552277585923369
13:08:07,2117,8.552277585923369
13:08:08,2117,8.552277585923369
13:08:09,2117,8.552277585923369
13:08:10,2117,8.556826022671267
13:08:11,2117,8.556826022671267
13:08:12,2117,8.555779967159278
13:08:13,2117,8.555779967159278
13:08:14,2117,8.555779967159278
13:08:15,2117,8.555779967159278
13:08:16,2117,8.555779967159278
13:08:17,2117,8.55407845068111
13:08:18,2117,8.55407845068111
13:08:19,2117,8.55407845068111
13:08:20,2117,8.55401902887139
13:08:21,2117,8.55401902887139
13:08:22,2117,8.55277094605673
13:08:23,2117,8.55277094605673
13:08:24,2117,8.55277094605673
13:08:25,2117,8.551147164863979
13:08:26,2117,8.551147164863979
13:08:27,2117,8.551147164863979
13:08:28,2117,8.551147164863979
13:08:29,2117,8.553300573300573
13:08:30,2117,8.550286509495743
13:08:31,2117,8.550286509495743
13:08:32,2117,8.549214531173295
13:08:33,2117,8.550351651946352
13:08:34,2117,8.550351651946352
13:08:35,2117,8.550351651946352
13:08:36,2117,8.550351651946352
13:08:37,2117,8.550351651946352
13:08:38,2117,8.550351651946352
13:08:39,2117,8.550351651946352
13:08:40,2117,8.550351651946352
13:08:41,2117,8.550351651946352
13:08:42,2117,8.548683995422591
13:08:43,2117,8.548683995422591
13:08:44,2117,8.548683995422591
13:08:45,2117,8.548683995422591
13:08:46,2117,8.548683995422591
13:08:47,2117,8.550114379084967
13:08:48,2117,8.550114379084967
13:08:49,2117,8.550114379084967
13:08:50,2117,8.550114379084967
13:08:51,2117,8.548178997223582
13:08:52,2117,8.548178997223582
13:08:53,2117,8.548178997223582
13:08:54,2117,8.548155403199477
13:08:55,2118,8.548155403199477
13:08:56,2118,8.546899983684124
13:08:57,2118,8.546899983684124
13:08:58,2118,8.545319634703196
13:08:59,2119,8.545319634703196
13:09:00,2119,8.545319634703196
13:09:01,2119,8.545319634703196
13:09:02,2119,8.544205378973105
13:09:03,2119,8.54282339524275
13:09:04,2119,8.54282339524275
13:09:05,2119,8.54282339524275
13:09:06,2119,8.54282339524275
13:09:07,2119,8.541410193779514
13:09:08,2119,8.541410193779514
13:09:09,2119,8.541410193779514
13:09:10,2119,8.541410193779514
13:09:11,2119,8.541410193779514
13:09:12,2119,8.541410193779514
13:09:13,2119,8.541410193779514
13:09:14,2119,8.541410193779514
13:09:15,2119,8.541410193779514
13:09:16,2119,8.541410193779514
13:09:17,2119,8.539908854166667
13:09:18,2119,8.539908854166667
13:09:19,2119,8.542345859768993
13:09:20,2119,8.542345859768993
13:09:21,2119,8.542345859768993
13:09:22,2119,8.542345859768993
13:09:23,2119,8.542345859768993
13:09:24,2119,8.53981300813008
13:09:25,2119,8.53981300813008
13:09:26,2119,8.53981300813008
13:09:27,2119,8.53981300813008
13:09:28,2119,8.53981300813008
13:09:29,2120,8.53981300813008
13:09:30,2120,8.53981300813008
13:09:31,2120,8.53981300813008
13:09:32,2120,8.53981300813008
13:09:33,2122,8.53981300813008
13:09:34,2122,8.53981300813008
13:09:35,2122,8.538834714773282
13:09:36,2122,8.538834714773282
13:09:37,2124,8.538834714773282
13:09:38,2124,8.538834714773282
13:09:39,2124,8.541427179736969
13:09:40,2124,8.541427179736969
13:09:41,2124,8.541427179736969
13:09:42,2125,8.541427179736969
13:09:43,2126,8.541427179736969
13:09:44,2126,8.542632262252516
13:09:45,2126,8.542632262252516
13:09:46,2126,8.542632262252516
13:09:47,2126,8.542632262252516
13:09:48,2126,8.542632262252516
13:09:49,2126,8.542632262252516
13:09:50,2126,8.541046228710462
13:09:51,2126,8.541046228710462
13:09:52,2126,8.541046228710462
13:09:53,2126,8.539534695201038
13:09:54,2126,8.536517582239506
13:09:55,2126,8.535001619695496
13:09:56,2126,8.535001619695496
13:09:57,2127,8.532750526145378
13:09:58,2127,8.531011326860842
13:09:59,2127,8.531011326860842
13:10:00,2127,8.531011326860842
13:10:01,2127,8.53237956676366
13:10:02,2127,8.53237956676366
13:10:03,2127,8.53237956676366
13:10:04,2127,8.53237956676366
13:10:05,2127,8.53237956676366
13:10:06,2127,8.53237956676366
13:10:07,2127,8.53237956676366
13:10:08,2128,8.53237956676366
13:10:09,2128,8.531064276485788
13:10:10,2128,8.531064276485788
13:10:11,2128,8.52907183212268
13:10:12,2128,8.526766698935141
13:10:13,2128,8.526766698935141
13:10:14,2128,8.526766698935141
13:10:15,2128,8.526766698935141
13:10:16,2129,8.526766698935141
13:10:17,2129,8.526766698935141
13:10:18,2129,8.526766698935141
13:10:19,2129,8.526766698935141
13:10:20,2130,8.526766698935141
13:10:21,2130,8.526766698935141
13:10:22,2131,8.526766698935141
13:10:23,2132,8.526766698935141
13:10:24,2132,8.526766698935141
13:10:25,2132,8.526766698935141
13:10:26,2132,8.526766698935141
13:10:27,2132,8.528487340751491
13:10:28,2132,8.528487340751491
13:10:29,2132,8.528487340751491
13:10:30,2132,8.528989361702127
13:10:31,2132,8.528989361702127
13:10:32,2132,8.528989361702127
13:10:33,2132,8.52955534074432
13:10:34,2132,8.52955534074432
13:10:35,2132,8.52955534074432
13:10:36,2132,8.52955534074432
13:10:37,2132,8.52955534074432
13:10:38,2132,8.52955534074432
13:10:39,2132,8.52955534074432
13:10:40,2132,8.52955534074432
13:10:41,2132,8.52955534074432
13:10:42,2132,8.52955534074432
13:10:43,2132,8.527858293075685
13:10:44,2132,8.527858293075685
13:10:45,2132,8.527858293075685
13:10:46,2132,8.522755791505793
13:10:47,2132,8.522755791505793
13:10:48,2132,8.522755791505793
13:10:49,2133,8.522755791505793
13:10:50,2133,8.522755791505793
13:10:51,2133,8.522755791505793
13:10:52,2133,8.522755791505793
13:10:53,2133,8.522755791505793
13:10:54,2134,8.520155973629201
13:10:55,2134,8.520155973629201
13:10:56,2134,8.520155973629201
13:10:57,2134,8.520155973629201
13:10:58,2135,8.52109450337512
13:10:59,2135,8.519020080321285
13:11:00,2135,8.519020080321285
13:11:01,2135,8.519020080321285
13:11:02,2135,8.516835260115608
13:11:03,2135,8.516835260115608
13:11:04,2135,8.516835260115608
13:11:05,2135,8.516835260115608
13:11:06,2135,8.516835260115608
13:11:07,2135,8.516835260115608
13:11:08,2135,8.516835260115608
13:11:09,2135,8.514901299951854
13:11:10,2135,8.514901299951854
13:11:11,2135,8.514901299951854
13:11:12,2136,8.514901299951854
13:11:13,2136,8.514901299951854
13:11:14,2136,8.514901299951854
13:11:15,2136,8.514901299951854
13:11:16,2136,8.51584055181264
13:11:17,2136,8.51584055181264
13:11:18,2136,8.51584055181264
13:11:19,2136,8.518541666666668
13:11:20,2136,8.518541666666668
13:11:21,2136,8.518541666666668
13:11:22,2136,8.518541666666668
13:11:23,2136,8.518541666666668
13:11:24,2137,8.518541666666668
13:11:25,2137,8.518541666666668
13:11:26,2137,8.518541666666668
13:11:27,2137,8.518541666666668
13:11:28,2138,8.518541666666668
13:11:29,2138,8.518541666666668
13:11:30,2138,8.518541666666668
13:11:31,2138,8.518541666666668
13:11:32,2138,8.518541666666668
13:11:33,2138,8.518541666666668
13:11:34,2138,8.514473262888249
13:11:35,2138,8.514473262888249
13:11:36,2138,8.514473262888249
13:11:37,2139,8.512457993278925
13:11:38,2139,8.509365003198976
13:11:39,2139,8.51025579536371
13:11:40,2139,8.51025579536371
13:11:41,2139,8.51025579536371
13:11:42,2139,8.51025579536371
13:11:43,2139,8.508357302652605
13:11:44,2139,8.508357302652605
13:11:45,2139,8.508357302652605
13:11:46,2140,8.508357302652605
13:11:47,2140,8.505150934355534
13:11:48,2140,8.505150934355534
13:11:49,2140,8.505150934355534
13:11:50,2140,8.505150934355534
13:11:51,2140,8.504300303175363
13:11:52,2140,8.504300303175363
13:11:53,2140,8.504300303175363
13:11:54,2140,8.504300303175363
13:11:55,2140,8.504300303175363
13:11:56,2140,8.504300303175363
13:11:57,2140,8.505143540669856
13:11:58,2140,8.505143540669856
13:11:59,2140,8.505143540669856
13:12:00,2140,8.505143540669856
13:12:01,2140,8.505143540669856
13:12:02,2140,8.505143540669856
13:12:03,2140,8.505143540669856
13:12:04,2140,8.505143540669856
13:12:05,2140,8.505143540669856
13:12:06,2140,8.505143540669856
13:12:07,2140,8.505143540669856
13:12:08,2140,8.507022158456879
13:12:09,2140,8.507022158456879
13:12:10,2140,8.505369662205227
13:12:11,2140,8.505369662205227
13:12:12,2141,8.505369662205227
13:12:13,2141,8.505369662205227
13:12:14,2141,8.506290810638637
13:12:15,2142,8.506290810638637
13:12:16,2142,8.506290810638637
13:12:17,2142,8.506290810638637
13:12:18,2142,8.506290810638637
13:12:19,2143,8.506290810638637
13:12:20,2143,8.504473097739574
13:12:21,2144,8.504473097739574
13:12:22,2145,8.504473097739574
13:12:23,2145,8.504473097739574
13:12:24,2145,8.504473097739574
13:12:25,2145,8.50308524173028
13:12:26,2145,8.50308524173028
13:12:27,2146,8.500007947862025
13:12:28,2147,8.497640610104861
13:12:29,2147,8.494608543750992
13:12:30,2147,8.494608543750992
13:12:31,2147,8.495166666666666
13:12:32,2147,8.495166666666666
13:12:33,2147,8.495166666666666
13:12:34,2147,8.495166666666666
13:12:35,2147,8.495166666666666
13:12:36,2147,8.495166666666666
13:12:37,2147,8.495166666666666
13:12:38,2147,8.495166666666666
13:12:39,2147,8.495166666666666
13:12:40,2147,8.495166666666666
13:12:41,2147,8.495166666666666
13:12:42,2147,8.492614627954943
13:12:43,2147,8.492614627954943
13:12:44,2147,8.49393434823977
13:12:45,2147,8.491020763987954
13:12:46,2147,8.491020763987954
13:12:47,2147,8.491020763987954
13:12:48,2147,8.491020763987954
13:12:49,2148,8.491516159695816
13:12:50,2148,8.491516159695816
13:12:51,2148,8.491516159695816
13:12:52,2148,8.491516159695816
13:12:53,2148,8.491516159695816
13:12:54,2148,8.491516159695816
13:12:55,2148,8.491516159695816
13:12:56,2148,8.491516159695816
13:12:57,2148,8.49304829770388
13:12:58,2148,8.49304829770388
13:12:59,2148,8.49304829770388
13:13:00,2148,8.49304829770388
13:13:01,2149,8.49304829770388
13:13:02,2149,8.49304829770388
13:13:03,2149,8.49304829770388
13:13:04,2149,8.49304829770388
13:13:05,2149,8.4937480215258
13:13:06,2149,8.494328429046037
13:13:07,2150,8.494328429046037
13:13:08,2150,8.494328429046037
13:13:09,2150,8.494328429046037
13:13:10,2151,8.494328429046037
13:13:11,2152,8.494328429046037
13:13:12,2153,8.494328429046037
13:13:13,2154,8.494328429046037
13:13:14,2154,8.494328429046037
13:13:15,2154,8.491975015812777
13:13:16,2155,8.491975015812777
13:13:17,2156,8.489070649596965
13:13:18,2156,8.489070649596965
13:13:19,2156,8.489070649596965
13:13:20,2156,8.489070649596965
13:13:21,2156,8.489070649596965
13:13:22,2158,8.489070649596965
13:13:23,2159,8.489070649596965
13:13:24,2159,8.489070649596965
13:13:25,2160,8.489070649596965
13:13:26,2160,8.489070649596965
13:13:27,2162,8.489070649596965
13:13:28,2163,8.489070649596965
13:13:29,2163,8.489070649596965
13:13:30,2164,8.489070649596965
13:13:31,2165,8.489070649596965
13:13:32,2165,8.489070649596965
13:13:33,2165,8.489070649596965
13:13:34,2165,8.489070649596965
13:13:35,2168,8.489070649596965
13:13:36,2168,8.489070649596965
13:13:37,2168,8.489070649596965
13:13:38,2169,8.489070649596965
13:13:39,2170,8.489070649596965
13:13:40,2170,8.488846761453397
13:13:41,2170,8.488846761453397
13:13:42,2170,8.488846761453397
13:13:43,2171,8.488846761453397
13:13:44,2172,8.488846761453397
13:13:45,2172,8.488846761453397
13:13:46,2172,8.488846761453397
13:13:47,2173,8.488846761453397
13:13:48,2173,8.490478446234013
13:13:49,2174,8.491556186868687
13:13:50,2174,8.491556186868687
13:13:51,2174,8.491556186868687
13:13:52,2175,8.48852342640795
13:13:53,2175,8.48852342640795
13:13:54,2176,8.485887732576474
13:13:55,2176,8.485887732576474
13:13:56,2176,8.485887732576474
13:13:57,2176,8.485887732576474
13:13:58,2177,8.485887732576474
13:13:59,2177,8.485887732576474
13:14:00,2178,8.485887732576474
13:14:01,2179,8.485887732576474
13:14:02,2179,8.485887732576474
13:14:03,2179,8.485887732576474
13:14:04,2179,8.485887732576474
13:14:05,2180,8.483104806934595
13:14:06,2180,8.483104806934595
13:14:07,2180,8.483104806934595
13:14:08,2180,8.483104806934595
13:14:09,2181,8.483104806934595
13:14:10,2181,8.479962192816636
13:14:11,2181,8.479962192816636
13:14:12,2181,8.479962192816636
13:14:13,2181,8.479962192816636
13:14:14,2181,8.479962192816636
13:14:15,2181,8.479962192816636
13:14:16,2182,8.479962192816636
13:14:17,2182,8.479962192816636
13:14:18,2182,8.479962192816636
13:14:19,2182,8.479962192816636
13:14:20,2182,8.479962192816636
13:14:21,2182,8.477940481813887
13:14:22,2182,8.477940481813887
13:14:23,2182,8.474937047529115
13:14:24,2183,8.474937047529115
13:14:25,2184,8.47585338996382
13:14:26,2184,8.47585338996382
13:14:27,2184,8.47585338996382
13:14:28,2184,8.472845911949685
13:14:29,2185,8.472845911949685
13:14:30,2185,8.472845911949685
13:14:31,2185,8.472845911949685
13:14:32,2185,8.472845911949685
13:14:33,2185,8.46995128084237
13:14:34,2185,8.46995128084237
13:14:35,2185,8.46995128084237
13:14:36,2186,8.46995128084237
13:14:37,2186,8.46995128084237
13:14:38,2186,8.46995128084237
13:14:39,2186,8.46995128084237
13:14:40,2186,8.473253257968285
13:14:41,2186,8.473253257968285
13:14:42,2186,8.473253257968285
13:14:43,2186,8.473253257968285
13:14:44,2186,8.473253257968285
13:14:45,2186,8.473297237915881
13:14:46,2186,8.473297237915881
13:14:47,2186,8.473297237915881
13:14:48,2186,8.473297237915881
13:14:49,2186,8.473297237915881
13:14:50,2186,8.473297237915881
13:14:51,2186,8.473297237915881
13:14:52,2187,8.473297237915881
13:14:53,2187,8.473297237915881
13:14:54,2187,8.473297237915881
13:14:55,2188,8.473297237915881
13:14:56,2189,8.470862745098039
13:14:57,2189,8.470862745098039
13:14:58,2189,8.470862745098039
13:14:59,2191,8.470862745098039
13:15:00,2192,8.471362496080276
13:15:01,2192,8.471362496080276
13:15:02,2193,8.471362496080276
13:15:03,2195,8.471362496080276
13:15:04,2195,8.471362496080276
13:15:05,2195,8.471362496080276
13:15:06,2195,8.471362496080276
13:15:07,2195,8.471362496080276
13:15:08,2195,8.471362496080276
13:15:09,2195,8.471362496080276
13:15:10,2197,8.471362496080276
13:15:11,2197,8.471362496080276
13:15:12,2197,8.471362496080276
13:15:13,2197,8.471362496080276
13:15:14,2197,8.468367027111737
13:15:15,2198,8.468367027111737
13:15:16,2198,8.468367027111737
13:15:17,2198,8.465350877192982
13:15:18,2199,8.465350877192982
13:15:19,2199,8.465350877192982
13:15:20,2199,8.465350877192982
13:15:21,2199,8.465350877192982
13:15:22,2199,8.45978090766823
13:15:23,2200,8.45978090766823
13:15:24,2200,8.457179727827311
13:15:25,2200,8.457179727827311
13:15:26,2202,8.454338649155723
13:15:27,2202,8.454338649155723
13:15:28,2202,8.454338649155723
13:15:29,2202,8.454338649155723
13:15:30,2204,8.454338649155723
13:15:31,2204,8.451468979528052
13:15:32,2204,8.453428616057483
13:15:33,2204,8.453428616057483
13:15:34,2205,8.453428616057483
13:15:35,2205,8.453428616057483
13:15:36,2205,8.453428616057483
13:15:37,2206,8.453645589383294
13:15:38,2206,8.453645589383294
13:15:39,2206,8.453645589383294
13:15:40,2207,8.453645589383294
13:15:41,2207,8.453645589383294
13:15:42,2207,8.453645589383294
13:15:43,2208,8.453645589383294
13:15:44,2208,8.455243445692883
13:15:45,2208,8.455243445692883
13:15:46,2209,8.455243445692883
13:15:47,2209,8.455243445692883
13:15:48,2209,8.455243445692883
13:15:49,2210,8.452386523163314
13:15:50,2210,8.452386523163314
13:15:51,2211,8.452386523163314
13:15:52,2211,8.452386523163314
13:15:53,2211,8.452386523163314
13:15:54,2212,8.452386523163314
13:15:55,2212,8.449516682257562
13:15:56,2212,8.449516682257562
13:15:57,2214,8.446665108306062
13:15:58,2214,8.446665108306062
13:15:59,2214,8.446665108306062
13:16:00,2214,8.446665108306062
13:16:01,2214,8.446665108306062
13:16:02,2214,8.446665108306062
13:16:03,2214,8.446665108306062
13:16:04,2214,8.445724299065422
13:16:05,2214,8.445724299065422
13:16:06,2214,8.445724299065422
13:16:07,2214,8.445724299065422
13:16:08,2214,8.445724299065422
13:16:09,2214,8.445780787793867
13:16:10,2214,8.445780787793867
13:16:11,2214,8.443043884220355
13:16:12,2214,8.443043884220355
13:16:13,2215,8.443043884220355
13:16:14,2215,8.443043884220355
13:16:15,2215,8.443043884220355
13:16:16,2215,8.440449525587182
13:16:17,2215,8.440449525587182
13:16:18,2215,8.440449525587182
13:16:19,2215,8.440449525587182
13:16:20,2215,8.440449525587182
13:16:21,2215,8.435135975135974
13:16:22,2215,8.435135975135974
13:16:23,2215,8.432859583721653
13:16:24,2215,8.434264865704083
13:16:25,2216,8.434264865704083
13:16:26,2216,8.434264865704083
13:16:27,2216,8.434264865704083
13:16:28,2216,8.433581626319057
13:16:29,2216,8.433581626319057
13:16:30,2216,8.433581626319057
13:16:31,2216,8.433581626319057
13:16:32,2217,8.433581626319057
13:16:33,2217,8.433581626319057
13:16:34,2217,8.433581626319057
13:16:35,2217,8.433581626319057
13:16:36,2217,8.434713820381573
13:16:37,2217,8.434713820381573
13:16:38,2217,8.434713820381573
13:16:39,2217,8.434713820381573
13:16:40,2217,8.432248062015505
13:16:41,2217,8.432248062015505
13:16:42,2217,8.432248062015505
13:16:43,2217,8.429180226251356
13:16:44,2217,8.429180226251356
13:16:45,2217,8.429180226251356
13:16:46,2217,8.426587670384139
13:16:47,2217,8.426587670384139
13:16:48,2217,8.425445115342932
13:16:49,2217,8.422995976477871
13:16:50,2218,8.42508894044857
13:16:51,2218,8.422665429808287
13:16:52,2219,8.422665429808287
13:16:53,2220,8.419966002163498
13:16:54,2220,8.419966002163498
13:16:55,2220,8.419966002163498
13:16:56,2220,8.417794253938832
13:16:57,2220,8.417794253938832
13:16:58,2220,8.417794253938832
13:16:59,2220,8.417794253938832
13:17:00,2221,8.417794253938832
13:17:01,2221,8.417794253938832
13:17:02,2221,8.417794253938832
13:17:03,2221,8.417794253938832
13:17:04,2221,8.417794253938832
13:17:05,2222,8.417794253938832
13:17:06,2222,8.417794253938832
13:17:07,2222,8.417794253938832
13:17:08,2223,8.417794253938832
13:17:09,2223,8.417794253938832
13:17:10,2224,8.417794253938832
13:17:11,2224,8.417794253938832
13:17:12,2224,8.417794253938832
13:17:13,2224,8.417794253938832
13:17:14,2225,8.417794253938832
13:17:15,2226,8.415323452215532
13:17:16,2226,8.415323452215532
13:17:17,2226,8.412515432098765
13:17:18,2227,8.412515432098765
13:17:19,2227,8.412515432098765
13:17:20,2227,8.41015733456733
13:17:21,2228,8.407354301572617
13:17:22,2228,8.407354301572617
13:17:23,2229,8.405016181229774
13:17:24,2229,8.405016181229774
13:17:25,2230,8.405016181229774
13:17:26,2230,8.404436229205176
13:17:27,2230,8.404436229205176
13:17:28,2230,8.404436229205176
13:17:29,2230,8.402217090069284
13:17:30,2230,8.402217090069284
13:17:31,2230,8.402217090069284
13:17:32,2231,8.402217090069284
13:17:33,2231,8.402217090069284
13:17:34,2231,8.402217090069284
13:17:35,2232,8.402217090069284
13:17:36,2232,8.399299784549092
13:17:37,2232,8.399299784549092
13:17:38,2232,8.399299784549092
13:17:39,2232,8.399299784549092
13:17:40,2232,8.40067681895093
13:17:41,2233,8.40067681895093
13:17:42,2233,8.397778290282902
13:17:43,2233,8.397778290282902
13:17:44,2234,8.397778290282902
13:17:45,2234,8.395896726602121
13:17:46,2234,8.395896726602121
13:17:47,2234,8.395896726602121
13:17:48,2234,8.395896726602121
13:17:49,2234,8.393348694316437
13:17:50,2234,8.392438200522033
13:17:51,2234,8.392438200522033
13:17:52,2234,8.389533456108042
13:17:53,2234,8.389533456108042
13:17:54,2234,8.389533456108042
13:17:55,2234,8.389533456108042
13:17:56,2234,8.387283325663445
13:17:57,2234,8.387283325663445
13:17:58,2234,8.387283325663445
13:17:59,2234,8.387283325663445
13:18:00,2234,8.387283325663445
13:18:01,2234,8.387283325663445
13:18:02,2234,8.387283325663445
13:18:03,2234,8.387283325663445
13:18:04,2234,8.385372585096595
13:18:05,2234,8.382597701149425
13:18:06,2235,8.382597701149425
13:18:07,2235,8.382597701149425
13:18:08,2235,8.382597701149425
13:18:09,2235,8.382597701149425
13:18:10,2235,8.382597701149425
13:18:11,2235,8.382597701149425
13:18:12,2235,8.382597701149425
13:18:13,2235,8.382597701149425
13:18:14,2236,8.382597701149425
13:18:15,2236,8.382597701149425
13:18:16,2236,8.382597701149425
13:18:17,2236,8.38141850490196
13:18:18,2236,8.38141850490196
13:18:19,2237,8.379359975501455
13:18:20,2237,8.379359975501455
13:18:21,2238,8.379359975501455
13:18:22,2238,8.379359975501455
13:18:23,2238,8.379359975501455
13:18:24,2239,8.379359975501455
13:18:25,2239,8.377073767982859
13:18:26,2239,8.377073767982859
13:18:27,2239,8.377073767982859
13:18:28,2239,8.377073767982859
13:18:29,2240,8.377073767982859
13:18:30,2240,8.374751415022182
13:18:31,2240,8.374751415022182
13:18:32,2241,8.376406727828746
13:18:33,2241,8.376406727828746
13:18:34,2241,8.376406727828746
13:18:35,2241,8.373788781904326
13:18:36,2241,8.373788781904326
13:18:37,2241,8.37207454934311
13:18:38,2241,8.37207454934311
13:18:39,2243,8.37207454934311
13:18:40,2244,8.36747557997558
13:18:41,2245,8.36747557997558
13:18:42,2245,8.36747557997558
13:18:43,2246,8.366125095347064
13:18:44,2246,8.366125095347064
13:18:45,2247,8.366125095347064
13:18:46,2247,8.366125095347064
13:18:47,2247,8.366125095347064
13:18:48,2247,8.366125095347064
13:18:49,2249,8.366125095347064
13:18:50,2249,8.366125095347064
13:18:51,2249,8.366125095347064
13:18:52,2249,8.366125095347064
13:18:53,2250,8.366125095347064
13:18:54,2250,8.366125095347064
13:18:55,2250,8.366125095347064
13:18:56,2251,8.366125095347064
13:18:57,2251,8.366125095347064
13:18:58,2251,8.366125095347064
13:18:59,2252,8.366125095347064
13:19:00,2252,8.366125095347064
13:19:01,2252,8.366125095347064
13:19:02,2252,8.366125095347064
13:19:03,2253,8.366125095347064
13:19:04,2253,8.366125095347064
13:19:05,2253,8.366125095347064
13:19:06,2255,8.36491308325709
13:19:07,2255,8.36491308325709
13:19:08,2255,8.36491308325709
13:19:09,2256,8.36026812918952
13:19:10,2257,8.36026812918952
13:19:11,2257,8.358535099741129
13:19:12,2257,8.355791476407914
13:19:13,2257,8.355791476407914
13:19:14,2257,8.355791476407914
13:19:15,2257,8.353712155788832
13:19:16,2257,8.353712155788832
13:19:17,2257,8.353712155788832
13:19:18,2257,8.353712155788832
13:19:19,2257,8.351634732360099
13:19:20,2257,8.348776409788721
13:19:21,2257,8.348776409788721
13:19:22,2257,8.348776409788721
13:19:23,2257,8.350508963840777
13:19:24,2257,8.350508963840777
13:19:25,2258,8.350508963840777
13:19:26,2259,8.350508963840777
13:19:27,2259,8.350508963840777
13:19:28,2259,8.350508963840777
13:19:29,2260,8.350508963840777
13:19:30,2260,8.350508963840777
13:19:31,2260,8.350508963840777
13:19:32,2261,8.350508963840777
13:19:33,2261,8.350508963840777
13:19:34,2261,8.350508963840777
13:19:35,2261,8.350508963840777
13:19:36,2262,8.350508963840777
13:19:37,2262,8.34788914198937
13:19:38,2263,8.34788914198937
13:19:39,2263,8.34788914198937
13:19:40,2263,8.348945051608986
13:19:41,2263,8.348945051608986
13:19:42,2263,8.346844181459566
13:19:43,2263,8.346844181459566
13:19:44,2263,8.346844181459566
13:19:45,2263,8.346844181459566
13:19:46,2263,8.345010615711253
13:19:47,2263,8.342398059724117
13:19:48,2263,8.342398059724117
13:19:49,2263,8.342398059724117
13:19:50,2263,8.342398059724117
13:19:51,2263,8.342398059724117
13:19:52,2263,8.342398059724117
13:19:53,2263,8.342398059724117
13:19:54,2264,8.342398059724117
13:19:55,2265,8.340462121212122
13:19:56,2265,8.340462121212122
13:19:57,2265,8.340462121212122
13:19:58,2265,8.340462121212122
13:19:59,2266,8.340462121212122
13:20:00,2266,8.338914129940935
13:20:01,2266,8.338914129940935
13:20:02,2266,8.338914129940935
13:20:03,2266,8.336194368755677
13:20:04,2266,8.336194368755677
13:20:05,2266,8.336194368755677
13:20:06,2267,8.336194368755677
13:20:07,2268,8.336194368755677
13:20:08,2268,8.334089877439855
13:20:09,2268,8.333333333333334
13:20:10,2268,8.334285714285715
13:20:11,2268,8.334285714285715
13:20:12,2268,8.334285714285715
13:20:13,2268,8.334285714285715
13:20:14,2268,8.334285714285715
13:20:15,2268,8.334285714285715
13:20:16,2268,8.334285714285715
13:20:17,2269,8.334285714285715
13:20:18,2269,8.333484436385614
13:20:19,2269,8.333484436385614
13:20:20,2269,8.333484436385614
13:20:21,2269,8.331030055882797
13:20:22,2270,8.331030055882797
13:20:23,2270,8.331030055882797
13:20:24,2270,8.331030055882797
13:20:25,2272,8.331030055882797
13:20:26,2272,8.331030055882797
13:20:27,2273,8.328676026570047
13:20:28,2273,8.328676026570047
13:20:29,2274,8.325841255470047
13:20:30,2275,8.325841255470047
13:20:31,2275,8.325841255470047
13:20:32,2276,8.323627450980393
13:20:33,2277,8.323627450980393
13:20:34,2277,8.323627450980393
13:20:35,2278,8.323627450980393
13:20:36,2279,8.323627450980393
13:20:37,2279,8.323627450980393
13:20:38,2279,8.323627450980393
13:20:39,2282,8.323627450980393
13:20:40,2282,8.323627450980393
13:20:41,2282,8.32140811096035
13:20:42,2283,8.31907022302592
13:20:43,2285,8.31907022302592
13:20:44,2285,8.31907022302592
13:20:45,2286,8.31907022302592
13:20:46,2286,8.31907022302592
13:20:47,2287,8.31907022302592
13:20:48,2288,8.31907022302592
13:20:49,2288,8.31907022302592
13:20:50,2289,8.317510167193854
13:20:51,2290,8.317510167193854
13:20:52,2290,8.31470189701897
13:20:53,2290,8.312001504890896
13:20:54,2292,8.312001504890896
13:20:55,2292,8.312001504890896
13:20:56,2293,8.312001504890896
13:20:57,2294,8.312001504890896
13:20:58,2294,8.311484657039712
13:20:59,2295,8.311484657039712
13:21:00,2296,8.30878815215757
13:21:01,2296,8.30878815215757
13:21:02,2296,8.30878815215757
13:21:03,2298,8.306101593026751
13:21:04,2299,8.304025837464323
13:21:05,2299,8.304729729729731
13:21:06,2301,8.304729729729731
13:21:07,2301,8.302168692781029
13:21:08,2301,8.302168692781029
13:21:09,2303,8.302168692781029
13:21:10,2303,8.301432643264327
13:21:11,2304,8.301432643264327
13:21:12,2306,8.298635477582845
13:21:13,2306,8.298635477582845
13:21:14,2306,8.298635477582845
13:21:15,2307,8.298635477582845
13:21:16,2308,8.298635477582845
13:21:17,2308,8.298635477582845
13:21:18,2309,8.298635477582845
13:21:19,2310,8.298635477582845
13:21:20,2310,8.298635477582845
13:21:21,2310,8.298635477582845
13:21:22,2312,8.298635477582845
13:21:23,2313,8.296605215827338
13:21:24,2313,8.296605215827338
13:21:25,2313,8.296605215827338
13:21:26,2314,8.296605215827338
13:21:27,2314,8.296605215827338
13:21:28,2314,8.296605215827338
13:21:29,2314,8.296605215827338
13:21:30,2316,8.296605215827338
13:21:31,2316,8.293932584269664
13:21:32,2316,8.293932584269664
13:21:33,2316,8.293950284516322
13:21:34,2316,8.293950284516322
13:21:35,2316,8.291528214339172
13:21:36,2316,8.291528214339172
13:21:37,2317,8.291528214339172
13:21:38,2319,8.291528214339172
13:21:39,2319,8.290611909036505
13:21:40,2319,8.290611909036505
13:21:41,2319,8.28849259757739
13:21:42,2319,8.28849259757739
13:21:43,2319,8.28849259757739
13:21:44,2320,8.28849259757739
13:21:45,2320,8.28849259757739
13:21:46,2320,8.28849259757739
13:21:47,2320,8.285941704035874
13:21:48,2321,8.285679067682654
13:21:49,2321,8.283273596176821
13:21:50,2321,8.283273596176821
13:21:51,2321,8.283273596176821
13:21:52,2321,8.283273596176821
13:21:53,2322,8.283273596176821
13:21:54,2322,8.283273596176821
13:21:55,2323,8.283273596176821
13:21:56,2324,8.283273596176821
13:21:57,2325,8.283273596176821
13:21:58,2325,8.283273596176821
13:21:59,2325,8.283273596176821
13:22:00,2325,8.283273596176821
13:22:01,2325,8.283273596176821
13:22:02,2325,8.283273596176821
13:22:03,2325,8.283273596176821
13:22:04,2325,8.283273596176821
13:22:05,2325,8.283273596176821
13:22:06,2325,8.283273596176821
13:22:07,2325,8.283273596176821
13:22:08,2325,8.283273596176821
13:22:09,2325,8.283273596176821
13:22:10,2325,8.283273596176821
13:22:11,2325,8.28048962531721
13:22:12,2325,8.28048962531721
13:22:13,2325,8.27771560728141
13:22:14,2326,8.27771560728141
13:22:15,2327,8.27771560728141
13:22:16,2327,8.275548098434005
13:22:17,2327,8.275548098434005
13:22:18,2327,8.273606141920094
13:22:19,2328,8.273606141920094
13:22:20,2328,8.273606141920094
13:22:21,2328,8.273606141920094
13:22:22,2328,8.273606141920094
13:22:23,2328,8.273606141920094
13:22:24,2328,8.273606141920094
13:22:25,2328,8.273606141920094
13:22:26,2328,8.273606141920094
13:22:27,2328,8.273606141920094
13:22:28,2328,8.273606141920094
13:22:29,2328,8.272947399791388
13:22:30,2328,8.272947399791388
13:22:31,2328,8.272947399791388
13:22:32,2328,8.272947399791388
13:22:33,2328,8.2708072683944
13:22:34,2329,8.2708072683944
13:22:35,2330,8.2708072683944
13:22:36,2330,8.2708072683944
13:22:37,2330,8.271229715646866
13:22:38,2330,8.270915178571428
13:22:39,2331,8.268607764390897
13:22:40,2331,8.268607764390897
13:22:41,2331,8.26584151055605
13:22:42,2331,8.26584151055605
13:22:43,2331,8.26584151055605
13:22:44,2331,8.26584151055605
13:22:45,2331,8.26584151055605
13:22:46,2331,8.263560707385942
13:22:47,2331,8.263560707385942
13:22:48,2331,8.261155674390968
13:22:49,2331,8.26011135857461
13:22:50,2331,8.257465123181953
13:22:51,2331,8.257465123181953
13:22:52,2331,8.255310784750037
13:22:53,2331,8.253440094899169
13:22:54,2332,8.253440094899169
13:22:55,2332,8.253440094899169
13:22:56,2332,8.253440094899169
13:22:57,2332,8.253440094899169
13:22:58,2332,8.250822587816808
13:22:59,2332,8.250822587816808
13:23:00,2332,8.250822587816808
13:23:01,2332,8.250822587816808
13:23:02,2332,8.250822587816808
13:23:03,2332,8.250822587816808
13:23:04,2333,8.250822587816808
13:23:05,2333,8.250822587816808
13:23:06,2333,8.250822587816808
13:23:07,2335,8.250822587816808
13:23:08,2335,8.248185185185186
13:23:09,2335,8.248185185185186
13:23:10,2337,8.248185185185186
13:23:11,2337,8.24881534132978
13:23:12,2337,8.24632178804026
13:23:13,2338,8.24632178804026
13:23:14,2339,8.24632178804026
13:23:15,2339,8.24632178804026
13:23:16,2339,8.24632178804026
13:23:17,2340,8.24632178804026
13:23:18,2340,8.24632178804026
13:23:19,2340,8.24632178804026
13:23:20,2340,8.243815653203136
13:23:21,2340,8.241799763383614
13:23:22,2340,8.24090169992609
13:23:23,2340,8.24090169992609
13:23:24,2340,8.24090169992609
13:23:25,2340,8.23876329787234
13:23:26,2340,8.23876329787234
13:23:27,2340,8.23876329787234
13:23:28,2340,8.238746123172353
13:23:29,2340,8.238832299970476
13:23:30,2341,8.238832299970476
13:23:31,2341,8.236778810683193
13:23:32,2341,8.236778810683193
13:23:33,2341,8.236778810683193
13:23:34,2342,8.236778810683193
13:23:35,2342,8.236778810683193
13:23:36,2342,8.236778810683193
13:23:37,2342,8.236778810683193
13:23:38,2343,8.234402654867257
13:23:39,2343,8.234402654867257
13:23:40,2343,8.234402654867257
13:23:41,2343,8.232780480613298
13:23:42,2343,8.232780480613298
13:23:43,2344,8.230467138225759
13:23:44,2344,8.230467138225759
13:23:45,2344,8.225640459363957
13:23:46,2345,8.225640459363957
13:23:47,2345,8.225640459363957
13:23:48,2346,8.225640459363957
13:23:49,2346,8.223399558498896
13:23:50,2347,8.223399558498896
13:23:51,2347,8.223399558498896
13:23:52,2347,8.223399558498896
13:23:53,2347,8.223399558498896
13:23:54,2348,8.223399558498896
13:23:55,2348,8.223399558498896
13:23:56,2348,8.221153280376582
13:23:57,2349,8.221153280376582
13:23:58,2349,8.221153280376582
13:23:59,2350,8.221153280376582
13:24:00,2350,8.221153280376582
13:24:01,2351,8.221153280376582
13:24:02,2351,8.221153280376582
13:24:03,2351,8.221136597559182
13:24:04,2352,8.221136597559182
13:24:05,2352,8.221136597559182
13:24:06,2352,8.221136597559182
13:24:07,2353,8.221136597559182
13:24:08,2354,8.221136597559182
13:24:09,2354,8.220076425631982
13:24:10,2355,8.220076425631982
13:24:11,2356,8.220076425631982
13:24:12,2356,8.216049926578561
13:24:13,2356,8.216049926578561
13:24:14,2356,8.213716424482607
13:24:15,2356,8.213716424482607
13:24:16,2356,8.213716424482607
13:24:17,2357,8.213716424482607
13:24:18,2357,8.213716424482607
13:24:19,2358,8.213716424482607
13:24:20,2358,8.214069835680752
13:24:21,2359,8.214069835680752
13:24:22,2359,8.214069835680752
13:24:23,2359,8.214069835680752
13:24:24,2359,8.214069835680752
13:24:25,2359,8.214069835680752
13:24:26,2360,8.214069835680752
13:24:27,2361,8.214069835680752
13:24:28,2361,8.214069835680752
13:24:29,2361,8.214069835680752
13:24:30,2363,8.21201789118639
13:24:31,2363,8.21201789118639
13:24:32,2363,8.21201789118639
13:24:33,2364,8.209960422163588
13:24:34,2364,8.209960422163588
13:24:35,2364,8.208197802197803
13:24:36,2364,8.208197802197803
13:24:37,2365,8.20827475102519
13:24:38,2365,8.206324110671936
13:24:39,2366,8.206324110671936
13:24:40,2367,8.206324110671936
13:24:41,2367,8.206324110671936
13:24:42,2367,8.205340942347087
13:24:43,2368,8.205340942347087
13:24:44,2369,8.205340942347087
13:24:45,2369,8.205340942347087
13:24:46,2369,8.203115401491882
13:24:47,2370,8.203115401491882
13:24:48,2372,8.203115401491882
13:24:49,2372,8.203115401491882
13:24:50,2372,8.203115401491882
13:24:51,2373,8.20124269005848
13:24:52,2374,8.198933216425544
13:24:53,2374,8.198933216425544
13:24:54,2374,8.198933216425544
13:24:55,2375,8.197071282500731
13:24:56,2375,8.197071282500731
13:24:57,2375,8.197071282500731
13:24:58,2376,8.197071282500731
13:24:59,2376,8.197071282500731
13:25:00,2377,8.197071282500731
13:25:01,2377,8.195116075339465
13:25:02,2377,8.195116075339465
13:25:03,2377,8.193447168709865
13:25:04,2377,8.193447168709865
13:25:05,2378,8.193447168709865
13:25:06,2378,8.191619256017505
13:25:07,2378,8.191619256017505
13:25:08,2378,8.191619256017505
13:25:09,2378,8.191652085156022
13:25:10,2378,8.191652085156022
13:25:11,2378,8.191652085156022
13:25:12,2378,8.191652085156022
13:25:13,2378,8.191652085156022
13:25:14,2378,8.191652085156022
13:25:15,2379,8.189090511587231
13:25:16,2379,8.189090511587231
13:25:17,2379,8.188257575757577
13:25:18,2380,8.188257575757577
13:25:19,2381,8.188257575757577
13:25:20,2381,8.186500655307995
13:25:21,2381,8.186500655307995
13:25:22,2381,8.186500655307995
13:25:23,2381,8.186500655307995
13:25:24,2382,8.18504366812227
13:25:25,2382,8.18504366812227
13:25:26,2382,8.18504366812227
13:25:27,2382,8.18504366812227
13:25:28,2382,8.18504366812227
13:25:29,2382,8.18504366812227
13:25:30,2382,8.18504366812227
13:25:31,2382,8.18504366812227
13:25:32,2382,8.18504366812227
13:25:33,2382,8.18504366812227
13:25:34,2382,8.18504366812227
13:25:35,2382,8.18504366812227
13:25:36,2382,8.18504366812227
13:25:37,2384,8.18504366812227
13:25:38,2384,8.18504366812227
13:25:39,2385,8.18504366812227
13:25:40,2385,8.183544303797468
13:25:41,2386,8.18358784176847
13:25:42,2386,8.18358784176847
13:25:43,2387,8.181748800697775
13:25:44,2387,8.181748800697775
13:25:45,2387,8.180158384190642
13:25:46,2388,8.178554829339143
13:25:47,2388,8.178554829339143
13:25:48,2389,8.177736643437862
13:25:49,2389,8.177736643437862
13:25:50,2389,8.177736643437862
13:25:51,2389,8.177736643437862
13:25:52,2389,8.177736643437862
13:25:53,2389,8.177736643437862
13:25:54,2389,8.176215353359455
13:25:55,2389,8.176215353359455
13:25:56,2389,8.176215353359455
13:25:57,2389,8.176215353359455
13:25:58,2389,8.174644618508848
13:25:59,2389,8.174644618508848
13:26:00,2390,8.171811594202898
13:26:01,2390,8.171811594202898
13:26:02,2390,8.171811594202898
13:26:03,2390,8.170172388816457
13:26:04,2390,8.170236026643499
13:26:05,2391,8.170236026643499
13:26:06,2391,8.170236026643499
13:26:07,2391,8.168910117238385
13:26:08,2392,8.168910117238385
13:26:09,2392,8.168910117238385
13:26:10,2392,8.167411747685184
13:26:11,2392,8.167411747685184
13:26:12,2393,8.167411747685184
13:26:13,2393,8.167411747685184
13:26:14,2393,8.167411747685184
13:26:15,2393,8.167411747685184
13:26:16,2394,8.167411747685184
13:26:17,2394,8.16523499638467
13:26:18,2394,8.16523499638467
13:26:19,2395,8.16523499638467
13:26:20,2395,8.16523499638467
13:26:21,2395,8.16523499638467
13:26:22,2395,8.16523499638467
13:26:23,2396,8.16523499638467
13:26:24,2396,8.16523499638467
13:26:25,2396,8.16523499638467
13:26:26,2397,8.163963573287077
13:26:27,2397,8.163963573287077
13:26:28,2397,8.163963573287077
13:26:29,2397,8.163963573287077
13:26:30,2397,8.163963573287077
13:26:31,2397,8.163963573287077
13:26:32,2397,8.16213697442566
13:26:33,2398,8.16213697442566
13:26:34,2399,8.16213697442566
13:26:35,2399,8.160795782784517
13:26:36,2399,8.160795782784517
13:26:37,2399,8.160795782784517
13:26:38,2399,8.158199797892305
13:26:39,2399,8.158199797892305
13:26:40,2399,8.158199797892305
13:26:41,2399,8.158199797892305
13:26:42,2399,8.158199797892305
13:26:43,2399,8.158199797892305
13:26:44,2399,8.156572871572871
13:26:45,2399,8.156572871572871
13:26:46,2399,8.156572871572871
13:26:47,2399,8.156572871572871
13:26:48,2399,8.155271888071542
13:26:49,2399,8.155271888071542
13:26:50,2400,8.15494521337947
13:26:51,2400,8.152983138780804
13:26:52,2400,8.151001152405646
13:26:53,2400,8.151001152405646
13:26:54,2400,8.151001152405646
13:26:55,2400,8.150251979841613
13:26:56,2400,8.150251979841613
13:26:57,2400,8.149158031088083
13:26:58,2400,8.149158031088083
13:26:59,2400,8.148000287728385
13:27:00,2400,8.148000287728385
13:27:01,2401,8.148000287728385
13:27:02,2401,8.148000287728385
13:27:03,2401,8.148000287728385
13:27:04,2401,8.148000287728385
13:27:05,2402,8.148000287728385
13:27:06,2402,8.148000287728385
13:27:07,2402,8.146182053494393
13:27:08,2402,8.146182053494393
13:27:09,2403,8.146182053494393
13:27:10,2403,8.146182053494393
13:27:11,2403,8.146182053494393
13:27:12,2404,8.146182053494393
13:27:13,2404,8.145321259163433
13:27:14,2404,8.145321259163433
13:27:15,2405,8.145321259163433
13:27:16,2405,8.142816091954023
13:27:17,2405,8.142816091954023
13:27:18,2405,8.142816091954023
13:27:19,2406,8.140650581645842
13:27:20,2406,8.140877117427504
13:27:21,2406,8.140877117427504
13:27:22,2406,8.140877117427504
13:27:23,2406,8.140877117427504
13:27:24,2406,8.140877117427504
13:27:25,2406,8.140877117427504
13:27:26,2406,8.140877117427504
13:27:27,2406,8.140877117427504
13:27:28,2407,8.140877117427504
13:27:29,2407,8.140877117427504
13:27:30,2407,8.140877117427504
13:27:31,2407,8.13906586310805
13:27:32,2407,8.137478485370051
13:27:33,2408,8.137478485370051
13:27:34,2408,8.137478485370051
13:27:35,2409,8.137478485370051
13:27:36,2409,8.137478485370051
13:27:37,2409,8.135340501792115
13:27:38,2410,8.135340501792115
13:27:39,2410,8.135340501792115
13:27:40,2410,8.13493837775867
13:27:41,2410,8.133011029938405
13:27:42,2411,8.129762415915271
13:27:43,2411,8.129762415915271
13:27:44,2411,8.129762415915271
13:27:45,2411,8.129762415915271
13:27:46,2411,8.128769670958512
13:27:47,2411,8.128769670958512
13:27:48,2411,8.128769670958512
13:27:49,2411,8.128769670958512
13:27:50,2411,8.128769670958512
13:27:51,2411,8.126934076934077
13:27:52,2411,8.126934076934077
13:27:53,2411,8.1257822546078
13:27:54,2411,8.1257822546078
13:27:55,2411,8.1257822546078
13:27:56,2411,8.1257822546078
13:27:57,2411,8.1257822546078
13:27:58,2411,8.1257822546078
13:27:59,2411,8.12407169380177
13:28:00,2411,8.12407169380177
13:28:01,2411,8.12407169380177
13:28:02,2411,8.123254817987153
13:28:03,2411,8.123254817987153
13:28:04,2411,8.123254817987153
13:28:05,2412,8.123254817987153
13:28:06,2412,8.123254817987153
13:28:07,2412,8.123254817987153
13:28:08,2412,8.123254817987153
13:28:09,2412,8.121668093607306
13:28:10,2412,8.121668093607306
13:28:11,2412,8.121566110397946
13:28:12,2412,8.119617907043057
13:28:13,2412,8.119617907043057
13:28:14,2412,8.119617907043057
13:28:15,2412,8.119360125409719
13:28:16,2413,8.11758547008547
13:28:17,2413,8.11758547008547
13:28:18,2414,8.115007831411079
13:28:19,2414,8.115007831411079
13:28:20,2414,8.115007831411079
13:28:21,2415,8.115007831411079
13:28:22,2415,8.113556789069172
13:28:23,2415,8.113556789069172
13:28:24,2415,8.113556789069172
13:28:25,2415,8.113556789069172
13:28:26,2415,8.113556789069172
13:28:27,2415,8.111559254517001
13:28:28,2415,8.111559254517001
13:28:29,2415,8.111559254517001
13:28:30,2415,8.111559254517001
13:28:31,2415,8.111559254517001
13:28:32,2415,8.111559254517001
13:28:33,2415,8.111559254517001
13:28:34,2415,8.109762514220705
13:28:35,2415,8.109762514220705
13:28:36,2415,8.10818763326226
13:28:37,2415,8.10818763326226
13:28:38,2415,8.10818763326226
13:28:39,2415,8.10818763326226
13:28:40,2415,8.10818763326226
13:28:41,2415,8.10818763326226
13:28:42,2415,8.10818763326226
13:28:43,2415,8.106820119352088
13:28:44,2415,8.106820119352088
13:28:45,2415,8.106909529896322
13:28:46,2415,8.106909529896322
13:28:47,2415,8.106909529896322
13:28:48,2415,8.104457694491765
13:28:49,2415,8.104457694491765
13:28:50,2415,8.104457694491765
13:28:51,2415,8.104457694491765
13:28:52,2415,8.103973321980984
13:28:53,2416,8.103973321980984
13:28:54,2416,8.103973321980984
13:28:55,2416,8.103973321980984
13:28:56,2416,8.102404255319149
13:28:57,2416,8.102404255319149
13:28:58,2416,8.102404255319149
13:28:59,2416,8.102404255319149
13:29:00,2416,8.102404255319149
13:29:01,2416,8.102404255319149
13:29:02,2416,8.102404255319149
13:29:03,2416,8.102404255319149
13:29:04,2416,8.102404255319149
13:29:05,2416,8.100552956188857
13:29:06,2416,8.100552956188857
13:29:07,2416,8.097974217311235
13:29:08,2416,8.097974217311235
13:29:09,2416,8.097974217311235
13:29:10,2416,8.096509487397338
13:29:11,2416,8.096509487397338
13:29:12,2416,8.095123849964615
13:29:13,2417,8.095123849964615
13:29:14,2417,8.095123849964615
13:29:15,2417,8.094284097340125
13:29:16,2417,8.094284097340125
13:29:17,2418,8.094284097340125
13:29:18,2418,8.092808655070005
13:29:19,2418,8.092808655070005
13:29:20,2419,8.092808655070005
13:29:21,2419,8.091178965224767
13:29:22,2419,8.091178965224767
13:29:23,2420,8.091178965224767
13:29:24,2420,8.091178965224767
13:29:25,2420,8.087973163841808
13:29:26,2420,8.087973163841808
13:29:27,2420,8.087420584498094
13:29:28,2420,8.087420584498094
13:29:29,2420,8.087420584498094
13:29:30,2420,8.087420584498094
13:29:31,2420,8.085958227490828
13:29:32,2420,8.085958227490828
13:29:33,2420,8.086084073917338
13:29:34,2420,8.086084073917338
13:29:35,2420,8.086084073917338
13:29:36,2420,8.086084073917338
13:29:37,2420,8.086084073917338
13:29:38,2420,8.086084073917338
13:29:39,2420,8.086084073917338
13:29:40,2420,8.086084073917338
13:29:41,2420,8.086084073917338
13:29:42,2420,8.084708121827411
13:29:43,2420,8.084708121827411
13:29:44,2420,8.084708121827411
13:29:45,2420,8.084708121827411
13:29:46,2420,8.084708121827411
13:29:47,2420,8.084708121827411
13:29:48,2420,8.084708121827411
13:29:49,2420,8.084708121827411
13:29:50,2420,8.084708121827411
13:29:51,2420,8.084708121827411
13:29:52,2420,8.084708121827411
13:29:53,2420,8.084708121827411
13:29:54,2420,8.084708121827411
13:29:55,2420,8.084708121827411
13:29:56,2420,8.085017618040874
13:29:57,2420,8.085017618040874
13:29:58,2420,8.085017618040874
13:29:59,2420,8.083784164553396
13:30:00,2420,8.083784164553396
13:30:01,2421,8.081601182931982
13:30:02,2421,8.081601182931982
13:30:03,2421,8.08001126126126
13:30:04,2421,8.079098072323061
13:30:05,2421,8.079098072323061
13:30:06,2421,8.077545710267229
13:30:07,2421,8.077545710267229
13:30:08,2421,8.077545710267229
13:30:09,2422,8.076177421622381
13:30:10,2422,8.076177421622381
13:30:11,2422,8.076177421622381
13:30:12,2423,8.074683811129848
13:30:13,2423,8.074683811129848
13:30:14,2423,8.072503160556257
13:30:15,2423,8.07104745857905
13:30:16,2424,8.07104745857905
13:30:17,2424,8.070308771929824
13:30:18,2424,8.070308771929824
13:30:19,2424,8.070308771929824
13:30:20,2424,8.070308771929824
13:30:21,2424,8.070308771929824
13:30:22,2425,8.070693041526376
13:30:23,2425,8.070693041526376
13:30:24,2425,8.070693041526376
13:30:25,2426,8.070693041526376
13:30:26,2426,8.070693041526376
13:30:27,2426,8.068174169120741
13:30:28,2426,8.068174169120741
13:30:29,2427,8.068174169120741
13:30:30,2427,8.068174169120741
13:30:31,2427,8.068174169120741
13:30:32,2427,8.068174169120741
13:30:33,2428,8.06657555368657
13:30:34,2428,8.06657555368657
13:30:35,2428,8.064754098360655
13:30:36,2428,8.064754098360655
13:30:37,2428,8.064754098360655
13:30:38,2428,8.064754098360655
13:30:39,2428,8.064754098360655
13:30:40,2428,8.064754098360655
13:30:41,2428,8.064754098360655
13:30:42,2428,8.064754098360655
13:30:43,2428,8.064754098360655
13:30:44,2428,8.064754098360655
13:30:45,2428,8.064754098360655
13:30:46,2428,8.064754098360655
13:30:47,2428,8.064754098360655
13:30:48,2428,8.064754098360655
13:30:49,2428,8.063466386554621
13:30:50,2428,8.063466386554621
13:30:51,2428,8.063466386554621
13:30:52,2428,8.06264874702506
13:30:53,2428,8.06264874702506
13:30:54,2428,8.06264874702506
13:30:55,2428,8.06264874702506
13:30:56,2428,8.06264874702506
13:30:57,2428,8.063035264483627
13:30:58,2429,8.063035264483627
13:30:59,2429,8.063035264483627
13:31:00,2429,8.063687228983074
13:31:01,2429,8.063687228983074
13:31:02,2429,8.062374161073826
13:31:03,2429,8.062374161073826
13:31:04,2429,8.062374161073826
13:31:05,2429,8.062374161073826
13:31:06,2429,8.060964360587002
13:31:07,2429,8.060964360587002
13:31:08,2429,8.060964360587002
13:31:09,2429,8.060442861134396
13:31:10,2429,8.060442861134396
13:31:11,2429,8.060442861134396
13:31:12,2429,8.060442861134396
13:31:13,2429,8.060442861134396
13:31:14,2429,8.060442861134396
13:31:15,2429,8.060442861134396
13:31:16,2430,8.060442861134396
13:31:17,2430,8.060442861134396
13:31:18,2430,8.060442861134396
13:31:19,2430,8.060442861134396
13:31:20,2430,8.060442861134396
13:31:21,2430,8.060442861134396
13:31:22,2430,8.060442861134396
13:31:23,2430,8.060442861134396
13:31:24,2430,8.058818600754085
13:31:25,2430,8.058818600754085
13:31:26,2430,8.058818600754085
13:31:27,2430,8.058818600754085
13:31:28,2430,8.058818600754085
13:31:29,2430,8.058818600754085
13:31:30,2430,8.058818600754085
13:31:31,2430,8.058818600754085
13:31:32,2430,8.059331379117811
13:31:33,2430,8.059331379117811
13:31:34,2430,8.059331379117811
13:31:35,2430,8.05985768103809
13:31:36,2430,8.05985768103809
13:31:37,2430,8.05985768103809
13:31:38,2430,8.05831241283124
13:31:39,2430,8.05831241283124
13:31:40,2430,8.05831241283124
13:31:41,2430,8.05831241283124
13:31:42,2430,8.057751289558064
13:31:43,2430,8.057751289558064
13:31:44,2430,8.057751289558064
13:31:45,2430,8.057751289558064
13:31:46,2430,8.057751289558064
13:31:47,2430,8.057751289558064
13:31:48,2430,8.057751289558064
13:31:49,2430,8.057751289558064
13:31:50,2430,8.057751289558064
13:31:51,2430,8.057751289558064
13:31:52,2430,8.05514910813824
13:31:53,2430,8.05514910813824
13:31:54,2430,8.05514910813824
13:31:55,2430,8.05514910813824
13:31:56,2430,8.053607744811256
13:31:57,2430,8.053607744811256
13:31:58,2430,8.053607744811256
13:31:59,2430,8.053607744811256
13:32:00,2430,8.053607744811256
13:32:01,2430,8.053607744811256
13:32:02,2430,8.053607744811256
13:32:03,2430,8.053607744811256
13:32:04,2430,8.053607744811256
13:32:05,2430,8.053607744811256
13:32:06,2431,8.053607744811256
13:32:07,2431,8.053607744811256
13:32:08,2431,8.053607744811256
13:32:09,2431,8.053607744811256
13:32:10,2431,8.053607744811256
13:32:11,2431,8.053355611250348
13:32:12,2431,8.053355611250348
13:32:13,2431,8.053355611250348
13:32:14,2431,8.05187891440501
13:32:15,2431,8.051217306622148
13:32:16,2431,8.049596718119872
13:32:17,2432,8.049596718119872
13:32:18,2432,8.049596718119872
13:32:19,2432,8.049596718119872
13:32:20,2432,8.049596718119872
13:32:21,2432,8.049687239366138
13:32:22,2432,8.049687239366138
13:32:23,2433,8.049687239366138
13:32:24,2433,8.049687239366138
13:32:25,2433,8.049687239366138
13:32:26,2432,8.052287581699346
13:32:27,2432,8.052287581699346
13:32:28,2432,8.052287581699346
13:32:29,2432,8.052287581699346
13:32:30,2432,8.052287581699346
13:32:31,2431,8.05282992629676
13:32:32,2431,8.050820127884348
13:32:33,2431,8.050820127884348
13:32:34,2431,8.050820127884348
13:32:35,2431,8.050820127884348
13:32:36,2429,8.055794379521425
13:32:37,2429,8.055794379521425
13:32:38,2429,8.055794379521425
13:32:39,2429,8.056626338478655
13:32:40,2428,8.059112409571508
13:32:41,2428,8.059112409571508
13:32:42,2428,8.059112409571508
13:32:43,2428,8.059112409571508
13:32:44,2428,8.059112409571508
13:32:45,2428,8.059112409571508
13:32:46,2428,8.059112409571508
13:32:47,2427,8.061067056204786
13:32:48,2427,8.061067056204786
13:32:49,2427,8.059859546655542
13:32:50,2426,8.061493533583647
13:32:51,2427,8.061493533583647
13:32:52,2426,8.063974680022259
13:32:53,2425,8.066367432150313
13:32:54,2425,8.066367432150313
13:32:55,2425,8.066367432150313
13:32:56,2425,8.066367432150313
13:32:57,2425,8.066367432150313
13:32:58,2423,8.071165900543251
13:32:59,2423,8.071165900543251
13:33:00,2423,8.071165900543251
13:33:01,2422,8.073564659977704
13:33:02,2422,8.073564659977704
13:33:03,2422,8.073564659977704
13:33:04,2422,8.073564659977704
13:33:05,2422,8.073564659977704
13:33:06,2422,8.073564659977704
13:33:07,2423,8.073564659977704
13:33:08,2423,8.073564659977704
13:33:09,2423,8.073564659977704
13:33:10,2424,8.071395737567906
13:33:11,2423,8.073801560758083
13:33:12,2423,8.073801560758083
13:33:13,2423,8.074223429446999
13:33:14,2423,8.074798106377054
13:33:15,2422,8.07719738125087
13:33:16,2423,8.07719738125087
13:33:17,2423,8.075034809245336
13:33:18,2423,8.075034809245336
13:33:19,2424,8.075034809245336
13:33:20,2424,8.072519137091161
13:33:21,2425,8.072519137091161
13:33:22,2425,8.072519137091161
13:33:23,2425,8.072519137091161
13:33:24,2425,8.070840289371175
13:33:25,2425,8.070840289371175
13:33:26,2425,8.070840289371175
13:33:27,2426,8.070840289371175
13:33:28,2426,8.070840289371175
13:33:29,2426,8.070840289371175
13:33:30,2425,8.073059265442405
13:33:31,2425,8.073059265442405
13:33:32,2425,8.073059265442405
13:33:33,2425,8.073059265442405
13:33:34,2424,8.075330549756437
13:33:35,2423,8.077548036758563
13:33:36,2423,8.075497564370215
13:33:37,2422,8.077729044834308
13:33:38,2422,8.077729044834308
13:33:39,2422,8.077729044834308
13:33:40,2422,8.077729044834308
13:33:41,2421,8.079885777963504
13:33:42,2420,8.082058249721292
13:33:43,2419,8.084225568102607
13:33:44,2419,8.084225568102607
13:33:45,2419,8.084225568102607
13:33:46,2419,8.084225568102607
13:33:47,2418,8.08639470013947
13:33:48,2418,8.08639470013947
13:33:49,2417,8.08846797823357
13:33:50,2417,8.088298465829846
13:33:51,2417,8.088298465829846
13:33:52,2416,8.090379517231757
13:33:53,2416,8.090153417015342
13:33:54,2416,8.090153417015342
13:33:55,2416,8.090153417015342
13:33:56,2416,8.092332914748152
13:33:57,2416,8.092332914748152
13:33:58,2414,8.096697388632872
13:33:59,2414,8.096697388632872
13:34:00,2414,8.096697388632872
13:34:01,2414,8.096697388632872
13:34:02,2414,8.096697388632872
13:34:03,2414,8.096697388632872
13:34:04,2413,8.098805532271586
13:34:05,2413,8.099399525205977
13:34:06,2413,8.099399525205977
13:34:07,2412,8.101571668063706
13:34:08,2413,8.101571668063706
13:34:09,2413,8.101571668063706
13:34:10,2413,8.101571668063706
13:34:11,2413,8.101571668063706
13:34:12,2413,8.101571668063706
13:34:13,2413,8.101571668063706
13:34:14,2414,8.101571668063706
13:34:15,2414,8.101571668063706
13:34:16,2414,8.101571668063706
13:34:17,2414,8.101571668063706
13:34:18,2414,8.101571668063706
13:34:19,2414,8.101571668063706
13:34:20,2414,8.101571668063706
13:34:21,2414,8.101571668063706
13:34:22,2414,8.101571668063706
13:34:23,2413,8.10356394129979
13:34:24,2413,8.10356394129979
13:34:25,2412,8.105627796420581
13:34:26,2412,8.103200559049617
13:34:27,2411,8.10527125279642
13:34:28,2411,8.10527125279642
13:34:29,2411,8.10527125279642
13:34:30,2411,8.107203804727934
13:34:31,2411,8.107203804727934
13:34:32,2410,8.109263923873495
13:34:33,2410,8.109263923873495
13:34:34,2410,8.109263923873495
13:34:35,2410,8.109263923873495
13:34:36,2409,8.111136777264456
13:34:37,2409,8.111136777264456
13:34:38,2409,8.108711167086481
13:34:39,2410,8.108711167086481
13:34:40,2410,8.108700517554903
13:34:41,2409,8.107924185200726
13:34:42,2409,8.106284955257271
13:34:43,2409,8.10591893780573
13:34:44,2409,8.10591893780573
13:34:45,2408,8.105415793151643
13:34:46,2408,8.105415793151643
13:34:47,2408,8.105415793151643
13:34:48,2408,8.107284675615212
13:34:49,2408,8.107284675615212
13:34:50,2408,8.107284675615212
13:34:51,2408,8.107284675615212
13:34:52,2408,8.107284675615212
13:34:53,2407,8.109211078472514
13:34:54,2405,8.113061738765225
13:34:55,2405,8.113061738765225
13:34:56,2405,8.113061738765225
13:34:57,2405,8.113061738765225
13:34:58,2405,8.113061738765225
13:34:59,2405,8.112937307584662
13:35:00,2404,8.114804703905921
13:35:01,2404,8.114804703905921
13:35:02,2404,8.114804703905921
13:35:03,2404,8.114804703905921
13:35:04,2404,8.114804703905921
13:35:05,2404,8.114804703905921
13:35:06,2404,8.114804703905921
13:35:07,2404,8.114804703905921
13:35:08,2404,8.115729079205149
13:35:09,2404,8.115729079205149
13:35:10,2405,8.115729079205149
13:35:11,2405,8.115729079205149
13:35:12,2404,8.117429651406972
13:35:13,2404,8.117429651406972
13:35:14,2405,8.117429651406972
13:35:15,2405,8.117429651406972
13:35:16,2405,8.117429651406972
13:35:17,2405,8.116001959137979
13:35:18,2405,8.116001959137979
13:35:19,2404,8.117814643707126
13:35:20,2403,8.11967787114846
13:35:21,2402,8.121549670729998
13:35:22,2402,8.121549670729998
13:35:23,2401,8.123352957667509
13:35:24,2400,8.125122703688122
13:35:25,2401,8.122582001682085
13:35:26,2401,8.122582001682085
13:35:27,2401,8.124302341887534
13:35:28,2401,8.121867115222877
13:35:29,2401,8.121867115222877
13:35:30,2402,8.121867115222877
13:35:31,2400,8.125322671156004
13:35:32,2400,8.125322671156004
13:35:33,2400,8.125248913195906
13:35:34,2400,8.125248913195906
13:35:35,2400,8.125248913195906
13:35:36,2400,8.125248913195906
13:35:37,2400,8.125248913195906
13:35:38,2400,8.125248913195906
13:35:39,2400,8.125248913195906
13:35:40,2400,8.125248913195906
13:35:41,2400,8.125248913195906
13:35:42,2400,8.125248913195906
13:35:43,2400,8.12282029716849
13:35:44,2398,8.126248597081931
13:35:45,2398,8.126248597081931
13:35:46,2397,8.127705263157894
13:35:47,2396,8.129366750912665
13:35:48,2396,8.129094736842104
13:35:49,2396,8.129094736842104
13:35:50,2395,8.130777871384442
13:35:51,2395,8.130777871384442
13:35:52,2395,8.130777871384442
13:35:53,2395,8.130777871384442
13:35:54,2395,8.130777871384442
13:35:55,2395,8.130777871384442
13:35:56,2394,8.13244135412277
13:35:57,2394,8.13244135412277
13:35:58,2394,8.13244135412277
13:35:59,2394,8.13244135412277
13:36:00,2394,8.13338247683235
13:36:01,2394,8.13338247683235
13:36:02,2394,8.13338247683235
13:36:03,2394,8.13338247683235
13:36:04,2395,8.13338247683235
13:36:05,2394,8.13496277567074
13:36:06,2394,8.13496277567074
13:36:07,2393,8.136544406970208
13:36:08,2394,8.136544406970208
13:36:09,2394,8.136544406970208
13:36:10,2393,8.13804301982286
13:36:11,2392,8.139627285513361
13:36:12,2393,8.139627285513361
13:36:13,2393,8.139627285513361
13:36:14,2394,8.139627285513361
13:36:15,2395,8.139627285513361
13:36:16,2395,8.139627285513361
13:36:17,2394,8.141093288307303
13:36:18,2395,8.141093288307303
13:36:19,2395,8.141093288307303
13:36:20,2394,8.144141670187297
13:36:21,2395,8.144141670187297
13:36:22,2395,8.144141670187297
13:36:23,2396,8.143721846846848
13:36:24,2395,8.145204900718209
13:36:25,2396,8.145204900718209
13:36:26,2396,8.145204900718209
13:36:27,2396,8.146661031276416
13:36:28,2395,8.149647490129723
13:36:29,2395,8.147188160676533
13:36:30,2396,8.147188160676533
13:36:31,2397,8.147188160676533
13:36:32,2397,8.147188160676533
13:36:33,2396,8.14873801466441
13:36:34,2397,8.146272022551093
13:36:35,2398,8.146272022551093
13:36:36,2397,8.147715736040608
13:36:37,2398,8.145602536997886
13:36:38,2399,8.145602536997886
13:36:39,2398,8.147179921037788
13:36:40,2398,8.147019027484143
13:36:41,2398,8.147019027484143
13:36:42,2399,8.147019027484143
13:36:43,2399,8.148434856175973
13:36:44,2399,8.148434856175973
13:36:45,2398,8.147426677946983
13:36:46,2400,8.147426677946983
13:36:47,2400,8.147426677946983
13:36:48,2400,8.147426677946983
13:36:49,2401,8.147426677946983
13:36:50,2402,8.147426677946983
13:36:51,2402,8.147603946441157
13:36:52,2402,8.147603946441157
13:36:53,2403,8.147603946441157
13:36:54,2404,8.147603946441157
13:36:55,2404,8.147603946441157
13:36:56,2405,8.147603946441157
13:36:57,2405,8.147006198929276
13:36:58,2406,8.147006198929276
13:36:59,2406,8.147006198929276
13:37:00,2406,8.147006198929276
13:37:01,2406,8.14847075405215
13:37:02,2406,8.14847075405215
13:37:03,2407,8.14847075405215
13:37:04,2406,8.149866046249295
13:37:05,2407,8.149866046249295
13:37:06,2407,8.149866046249295
13:37:07,2407,8.149866046249295
13:37:08,2406,8.15111440259557
13:37:09,2406,8.148653412295545
13:37:10,2406,8.148653412295545
13:37:11,2405,8.149851883199323
13:37:12,2404,8.151044312729326
13:37:13,2404,8.151044312729326
13:37:14,2403,8.151742873271239
13:37:15,2403,8.151742873271239
13:37:16,2402,8.152971904560214
13:37:17,2402,8.152971904560214
13:37:18,2402,8.152971904560214
13:37:19,2401,8.154307909604519
13:37:20,2401,8.154307909604519
13:37:21,2402,8.151630664972469
13:37:22,2402,8.152980225988701
13:37:23,2402,8.152980225988701
13:37:24,2402,8.152980225988701
13:37:25,2401,8.154366256888512
13:37:26,2401,8.154366256888512
13:37:27,2401,8.154366256888512
13:37:28,2400,8.155569691829234
13:37:29,2400,8.155569691829234
13:37:30,2400,8.155569691829234
13:37:31,2399,8.154346904156064
13:37:32,2398,8.15548720124452
13:37:33,2398,8.15548720124452
13:37:34,2398,8.15548720124452
13:37:35,2398,8.15548720124452
13:37:36,2398,8.15548720124452
13:37:37,2398,8.15548720124452
13:37:38,2398,8.15548720124452
13:37:39,2398,8.15548720124452
13:37:40,2398,8.15548720124452
13:37:41,2398,8.15548720124452
13:37:42,2398,8.154877014418998
13:37:43,2398,8.154877014418998
13:37:44,2398,8.154877014418998
13:37:45,2398,8.154877014418998
13:37:46,2398,8.154410517387616
13:37:47,2398,8.154410517387616
13:37:48,2398,8.154410517387616
13:37:49,2398,8.154410517387616
13:37:50,2397,8.155982180738226
13:37:51,2396,8.157144878324845
13:37:52,2396,8.157144878324845
13:37:53,2395,8.158924274593065
13:37:54,2396,8.158924274593065
13:37:55,2396,8.158924274593065
13:37:56,2396,8.158924274593065
13:37:57,2396,8.158924274593065
13:37:58,2395,8.159841404701218
13:37:59,2396,8.159841404701218
13:38:00,2395,8.160745148037966
13:38:01,2394,8.161982709750568
13:38:02,2395,8.162902311073303
13:38:03,2395,8.162902311073303
13:38:04,2396,8.162902311073303
13:38:05,2397,8.162902311073303
13:38:06,2397,8.161479591836734
13:38:07,2397,8.161479591836734
13:38:08,2397,8.158783113755488
13:38:09,2398,8.158783113755488
13:38:10,2398,8.158783113755488
13:38:11,2397,8.159878117913832
13:38:12,2397,8.159878117913832
13:38:13,2397,8.159878117913832
13:38:14,2397,8.161023677867574
13:38:15,2397,8.161023677867574
13:38:16,2396,8.162042553191489
13:38:17,2397,8.162042553191489
13:38:18,2397,8.162042553191489
13:38:19,2397,8.162042553191489
13:38:20,2397,8.162042553191489
13:38:21,2398,8.1602013327662
13:38:22,2398,8.1602013327662
13:38:23,2398,8.1602013327662
13:38:24,2397,8.161248226950354
13:38:25,2397,8.161248226950354
13:38:26,2398,8.158776407202609
13:38:27,2398,8.158776407202609
13:38:28,2398,8.158776407202609
13:38:29,2398,8.158776407202609
13:38:30,2398,8.156306689342404
13:38:31,2398,8.156306689342404
13:38:32,2397,8.157549978732455
13:38:33,2398,8.155073696145125
13:38:34,2398,8.155073696145125
13:38:35,2397,8.156344817808025
13:38:36,2397,8.156344817808025
13:38:37,2396,8.155281440521764
13:38:38,2397,8.155281440521764
13:38:39,2397,8.155281440521764
13:38:40,2397,8.155281440521764
13:38:41,2397,8.152799036281179
13:38:42,2397,8.152799036281179
13:38:43,2397,8.152799036281179
13:38:44,2397,8.151346371882086
13:38:45,2396,8.152289805756416
13:38:46,2396,8.152289805756416
13:38:47,2397,8.152289805756416
13:38:48,2396,8.152921985815603
13:38:49,2396,8.152921985815603
13:38:50,2397,8.152921985815603
13:38:51,2396,8.15387398893146
13:38:52,2396,8.15387398893146
13:38:53,2396,8.15387398893146
13:38:54,2396,8.15387398893146
13:38:55,2394,8.155808833972447
13:38:56,2394,8.155808833972447
13:38:57,2395,8.155808833972447
13:38:58,2395,8.15447189097104
13:38:59,2395,8.15447189097104
13:39:00,2395,8.15447189097104
13:39:01,2395,8.151901518376613
13:39:02,2395,8.151901518376613
13:39:03,2394,8.152739920499716
13:39:04,2394,8.152739920499716
13:39:05,2394,8.152739920499716
13:39:06,2392,8.155314009661835
13:39:07,2392,8.155314009661835
13:39:08,2392,8.155314009661835
13:39:09,2392,8.155314009661835
13:39:10,2392,8.156268656716417
13:39:11,2393,8.1537936913896
13:39:12,2393,8.1537936913896
13:39:13,2393,8.152009657719073
13:39:14,2394,8.152009657719073
13:39:15,2394,8.152009657719073
13:39:16,2395,8.152009657719073
13:39:17,2395,8.152009657719073
13:39:18,2395,8.149758659852356
13:39:19,2394,8.1505396960659
13:39:20,2395,8.1505396960659
13:39:21,2395,8.1505396960659
13:39:22,2395,8.1505396960659
13:39:23,2395,8.1505396960659
13:39:24,2395,8.1505396960659
13:39:25,2395,8.151847115657857
13:39:26,2395,8.151847115657857
13:39:27,2395,8.151847115657857
13:39:28,2395,8.151847115657857
13:39:29,2396,8.151847115657857
13:39:30,2396,8.151847115657857
13:39:31,2396,8.151847115657857
13:39:32,2396,8.151847115657857
13:39:33,2396,8.152608386638237
13:39:34,2396,8.152608386638237
13:39:35,2396,8.152608386638237
13:39:36,2397,8.150461778914465
13:39:37,2396,8.151570717839375
13:39:38,2396,8.151570717839375
13:39:39,2396,8.149545325376527
13:39:40,2396,8.149545325376527
13:39:41,2395,8.150369423131572
13:39:42,2395,8.14825308904985
13:39:43,2395,8.14825308904985
13:39:44,2393,8.149921819474057
13:39:45,2393,8.14789712986644
13:39:46,2393,8.14789712986644
13:39:47,2393,8.14789712986644
13:39:48,2393,8.14789712986644
13:39:49,2393,8.14789712986644
13:39:50,2393,8.145859963073427
13:39:51,2393,8.145859963073427
13:39:52,2394,8.143277967064169
13:39:53,2395,8.143277967064169
13:39:54,2395,8.143277967064169
13:39:55,2393,8.145709008240978
13:39:56,2393,8.143665672489703
13:39:57,2392,8.1442242114237
13:39:58,2392,8.1442242114237
13:39:59,2391,8.14681592039801
13:40:00,2391,8.14681592039801
13:40:01,2391,8.14681592039801
13:40:02,2391,8.14681592039801
13:40:03,2391,8.149416951080774
13:40:04,2391,8.147420042643922
13:40:05,2392,8.147420042643922
13:40:06,2392,8.146034115138592
13:40:07,2392,8.144039499857914
13:40:08,2392,8.14456289978678
13:40:09,2392,8.14456289978678
13:40:10,2392,8.141979255470304
13:40:11,2391,8.142523098791756
13:40:12,2392,8.142523098791756
13:40:13,2393,8.142523098791756
13:40:14,2393,8.140586814435919
13:40:15,2393,8.140586814435919
13:40:16,2394,8.139163471097856
13:40:17,2393,8.141268826371128
13:40:18,2393,8.141268826371128
13:40:19,2393,8.141268826371128
13:40:20,2393,8.141268826371128
13:40:21,2393,8.141268826371128
13:40:22,2393,8.141268826371128
13:40:23,2394,8.141268826371128
13:40:24,2394,8.136896649630891
13:40:25,2394,8.136896649630891
13:40:26,2394,8.136896649630891
13:40:27,2394,8.134319568610756
13:40:28,2394,8.132531914893617
13:40:29,2394,8.132531914893617
13:40:30,2394,8.132531914893617
13:40:31,2394,8.132531914893617
13:40:32,2394,8.129958882744932
13:40:33,2394,8.129958882744932
13:40:34,2394,8.129958882744932
13:40:35,2394,8.127869897959183
13:40:36,2392,8.13049645390071
13:40:37,2392,8.128151141358288
13:40:38,2392,8.128151141358288
13:40:39,2391,8.130468085106383
13:40:40,2390,8.131197672768554
13:40:41,2390,8.131197672768554
13:40:42,2390,8.131197672768554
13:40:43,2390,8.131197672768554
13:40:44,2389,8.133659852356615
13:40:45,2389,8.131751099758763
13:40:46,2390,8.131751099758763
13:40:47,2388,8.132950028392958
13:40:48,2389,8.132950028392958
13:40:49,2388,8.133248118165033
13:40:50,2387,8.133688396534584
13:40:51,2387,8.133688396534584
13:40:52,2387,8.133688396534584
13:40:53,2387,8.133688396534584
13:40:54,2387,8.131949176604202
13:40:55,2387,8.129487725273167
13:40:56,2387,8.129487725273167
13:40:57,2386,8.128089967361998
13:40:58,2385,8.130444349801248
13:40:59,2385,8.127976443876827
13:41:00,2385,8.127976443876827
13:41:01,2385,8.127976443876827
13:41:02,2385,8.127976443876827
13:41:03,2385,8.12577304964539
13:41:04,2385,8.12577304964539
13:41:05,2385,8.12577304964539
13:41:06,2384,8.126025258975451
13:41:07,2383,8.128506530380466
13:41:08,2383,8.128506530380466
13:41:09,2383,8.126649638143892
13:41:10,2383,8.126649638143892
13:41:11,2383,8.126649638143892
13:41:12,2384,8.126649638143892
13:41:13,2384,8.125078014184398
13:41:14,2384,8.125078014184398
13:41:15,2384,8.125078014184398
13:41:16,2383,8.125209308925784
13:41:17,2383,8.125209308925784
13:41:18,2384,8.122744680851063
13:41:19,2384,8.122744680851063
13:41:20,2384,8.120069473982703
13:41:21,2384,8.118558673469387
13:41:22,2384,8.118558673469387
13:41:23,2383,8.121125762087056
13:41:24,2384,8.121125762087056
13:41:25,2384,8.121125762087056
13:41:26,2384,8.121125762087056
13:41:27,2382,8.123591599262097
13:41:28,2383,8.122007092198581
13:41:29,2384,8.119963136254077
13:41:30,2384,8.119963136254077
13:41:31,2383,8.122435078756917
13:41:32,2383,8.122435078756917
13:41:33,2383,8.122435078756917
13:41:34,2383,8.122435078756917
13:41:35,2385,8.12018439716312
13:41:36,2385,8.12018439716312
13:41:37,2385,8.12018439716312
13:41:38,2384,8.117751773049646
13:41:39,2385,8.117751773049646
13:41:40,2385,8.115730894654757
13:41:41,2385,8.114278628117914
13:41:42,2386,8.114278628117914
13:41:43,2386,8.111835954101148
13:41:44,2386,8.111835954101148
13:41:45,2386,8.112152777777778
13:41:46,2386,8.112152777777778
13:41:47,2386,8.112152777777778
13:41:48,2385,8.112122501063377
13:41:49,2385,8.112122501063377
13:41:50,2385,8.112122501063377
13:41:51,2386,8.112122501063377
13:41:52,2386,8.109956065759638
13:41:53,2386,8.109956065759638
13:41:54,2386,8.109956065759638
13:41:55,2385,8.107851473922903
13:41:56,2384,8.108145470012762
13:41:57,2384,8.108145470012762
13:41:58,2385,8.105697278911565
13:41:59,2385,8.103924068564952
13:42:00,2385,8.103924068564952
13:42:01,2385,8.103924068564952
13:42:02,2385,8.103924068564952
13:42:03,2385,8.101699235344094
13:42:04,2385,8.101699235344094
13:42:05,2384,8.102181612126364
13:42:06,2383,8.102317176870748
13:42:07,2383,8.102317176870748
13:42:08,2383,8.102317176870748
13:42:09,2384,8.102317176870748
13:42:10,2384,8.102317176870748
13:42:11,2384,8.102317176870748
13:42:12,2384,8.102317176870748
13:42:13,2384,8.102317176870748
13:42:14,2384,8.102317176870748
13:42:15,2385,8.102317176870748
13:42:16,2384,8.104884446334893
13:42:17,2385,8.104884446334893
13:42:18,2385,8.102324263038549
13:42:19,2384,8.104567375886525
13:42:20,2384,8.104567375886525
13:42:21,2384,8.102459946122217
13:42:22,2384,8.102459946122217
13:42:23,2384,8.102459946122217
13:42:24,2384,8.105014184397163
13:42:25,2384,8.105014184397163
13:42:26,2384,8.105014184397163
13:42:27,2384,8.105014184397163
13:42:28,2383,8.104921985815603
13:42:29,2383,8.104921985815603
13:42:30,2383,8.102587551396569
13:42:31,2383,8.102587551396569
13:42:32,2383,8.102587551396569
13:42:33,2383,8.102587551396569
13:42:34,2382,8.105028368794326
13:42:35,2381,8.10532141336739
13:42:36,2381,8.10532141336739
13:42:37,2381,8.10532141336739
13:42:38,2381,8.10532141336739
13:42:39,2380,8.105415956842704
13:42:40,2380,8.105415956842704
13:42:41,2379,8.107882403067746
13:42:42,2380,8.107882403067746
13:42:43,2380,8.105543725156162
13:42:44,2380,8.105543725156162
13:42:45,2380,8.105543725156162
13:42:46,2379,8.104237649063032
13:42:47,2379,8.104237649063032
13:42:48,2378,8.10200880181715
13:42:49,2378,8.10200880181715
13:42:50,2378,8.100007095217823
13:42:51,2378,8.098517730496454
13:42:52,2378,8.095959166312207
13:42:53,2378,8.095959166312207
13:42:54,2378,8.095959166312207
13:42:55,2377,8.096205673758865
13:42:56,2377,8.096205673758865
13:42:57,2377,8.096205673758865
13:42:58,2377,8.096205673758865
13:42:59,2377,8.096205673758865
13:43:00,2377,8.096205673758865
13:43:01,2377,8.096205673758865
13:43:02,2377,8.096205673758865
13:43:03,2377,8.096205673758865
13:43:04,2377,8.096205673758865
13:43:05,2377,8.096205673758865
13:43:06,2377,8.094399546292358
13:43:07,2377,8.094399546292358
13:43:08,2376,8.09391489361702
13:43:09,2376,8.09391489361702
13:43:10,2376,8.09391489361702
13:43:11,2376,8.09391489361702
13:43:12,2376,8.09391489361702
13:43:13,2376,8.09391489361702
13:43:14,2376,8.09391489361702
13:43:15,2375,8.092156028368795
13:43:16,2375,8.092156028368795
13:43:17,2375,8.092156028368795
13:43:18,2374,8.094394777919682
13:43:19,2374,8.092333333333334
13:43:20,2374,8.092333333333334
13:43:21,2374,8.092333333333334
13:43:22,2374,8.092333333333334
13:43:23,2374,8.092333333333334
13:43:24,2374,8.092333333333334
13:43:25,2374,8.092333333333334
13:43:26,2374,8.087570861678005
13:43:27,2373,8.087232383382958
13:43:28,2373,8.087232383382958
13:43:29,2373,8.087232383382958
13:43:30,2372,8.087198581560283
13:43:31,2373,8.087198581560283
13:43:32,2373,8.087198581560283
13:43:33,2373,8.087198581560283
13:43:34,2373,8.087198581560283
13:43:35,2373,8.087198581560283
13:43:36,2373,8.085190698993337
13:43:37,2372,8.084985815602836
13:43:38,2372,8.084985815602836
13:43:39,2372,8.084985815602836
13:43:40,2371,8.082397163120568
13:43:41,2371,8.082397163120568
13:43:42,2371,8.082397163120568
13:43:43,2370,8.082318717184616
13:43:44,2370,8.082318717184616
13:43:45,2370,8.079872340425531
13:43:46,2370,8.079872340425531
13:43:47,2369,8.079870867035618
13:43:48,2369,8.079870867035618
13:43:49,2369,8.079870867035618
13:43:50,2369,8.079870867035618
13:43:51,2369,8.079870867035618
13:43:52,2369,8.077326241134752
13:43:53,2368,8.077103732084575
13:43:54,2368,8.074673758865249
13:43:55,2367,8.077231446005392
13:43:56,2367,8.072678292924996
13:43:57,2367,8.072678292924996
13:43:58,2367,8.072678292924996
13:43:59,2367,8.072678292924996
13:44:00,2367,8.072678292924996
13:44:01,2368,8.072678292924996
13:44:02,2368,8.075120567375887
13:44:03,2368,8.075120567375887
13:44:04,2368,8.075120567375887
13:44:05,2368,8.07279171983553
13:44:06,2368,8.07279171983553
13:44:07,2367,8.072872340425532
13:44:08,2367,8.072872340425532
13:44:09,2367,8.070645390070922
13:44:10,2367,8.070645390070922
13:44:11,2367,8.070645390070922
13:44:12,2367,8.068205019140791
13:44:13,2367,8.068205019140791
13:44:14,2366,8.070652482269503
13:44:15,2366,8.068105770594073
13:44:16,2366,8.068105770594073
13:44:17,2366,8.068105770594073
13:44:18,2366,8.068105770594073
13:44:19,2367,8.068105770594073
13:44:20,2366,8.068070921985816
13:44:21,2367,8.068070921985816
13:44:22,2367,8.068070921985816
13:44:23,2367,8.065986105203459
13:44:24,2367,8.065986105203459
13:44:25,2367,8.063442460317459
13:44:26,2367,8.063442460317459
13:44:27,2367,8.063442460317459
13:44:28,2368,8.061536281179139
13:44:29,2368,8.061536281179139
13:44:30,2367,8.061250531688643
13:44:31,2367,8.061250531688643
13:44:32,2366,8.060992907801419
13:44:33,2366,8.060992907801419
13:44:34,2366,8.060992907801419
13:44:35,2366,8.060992907801419
13:44:36,2366,8.05881185311215
13:44:37,2366,8.05881185311215
13:44:38,2366,8.05881185311215
13:44:39,2365,8.058872340425532
13:44:40,2365,8.058872340425532
13:44:41,2365,8.058872340425532
13:44:42,2365,8.058872340425532
13:44:43,2365,8.058872340425532
13:44:44,2365,8.058872340425532
13:44:45,2363,8.061165530948324
13:44:46,2363,8.061165530948324
13:44:47,2363,8.061165530948324
13:44:48,2363,8.061165530948324
13:44:49,2363,8.061165530948324
13:44:50,2363,8.061165530948324
13:44:51,2363,8.061165530948324
13:44:52,2363,8.059074783595856
13:44:53,2363,8.059074783595856
13:44:54,2363,8.059074783595856
13:44:55,2362,8.05900056785917
13:44:56,2362,8.05900056785917
13:44:57,2361,8.05841499786962
13:44:58,2361,8.05841499786962
13:44:59,2361,8.05841499786962
13:45:00,2361,8.05841499786962
13:45:01,2361,8.05841499786962
13:45:02,2362,8.055969619534356
13:45:03,2361,8.055666808691948
13:45:04,2361,8.055666808691948
13:45:05,2361,8.055666808691948
13:45:06,2361,8.055666808691948
13:45:07,2361,8.055666808691948
13:45:08,2361,8.053577512776831
13:45:09,2361,8.053577512776831
13:45:10,2361,8.053577512776831
13:45:11,2360,8.053712379329927
13:45:12,2360,8.051858947069675
13:45:13,2359,8.051724872231686
13:45:14,2359,8.049545906059317
13:45:15,2359,8.049545906059317
13:45:16,2359,8.049545906059317
13:45:17,2358,8.049041737649063
13:45:18,2358,8.049041737649063
13:45:19,2358,8.049041737649063
13:45:20,2358,8.049041737649063
13:45:21,2358,8.049041737649063
13:45:22,2358,8.049041737649063
13:45:23,2358,8.049041737649063
13:45:24,2358,8.049041737649063
13:45:25,2358,8.049041737649063
13:45:26,2358,8.049041737649063
13:45:27,2358,8.04690648502909
13:45:28,2358,8.04690648502909
13:45:29,2357,8.046720613287905
13:45:30,2357,8.046720613287905
13:45:31,2357,8.046720613287905
13:45:32,2356,8.046009089617952
13:45:33,2356,8.046009089617952
13:45:34,2356,8.046009089617952
13:45:35,2355,8.045559818130151
13:45:36,2355,8.043012356199403
13:45:37,2355,8.043012356199403
13:45:38,2354,8.042504973003695
13:45:39,2354,8.042504973003695
13:45:40,2354,8.042504973003695
13:45:41,2354,8.042504973003695
13:45:42,2354,8.042504973003695
13:45:43,2354,8.042504973003695
13:45:44,2354,8.042504973003695
13:45:45,2354,8.042504973003695
13:45:46,2354,8.042504973003695
13:45:47,2355,8.042504973003695
13:45:48,2355,8.042504973003695
13:45:49,2355,8.042504973003695
13:45:50,2355,8.042504973003695
13:45:51,2355,8.042504973003695
13:45:52,2355,8.042504973003695
13:45:53,2356,8.042504973003695
13:45:54,2356,8.042504973003695
13:45:55,2356,8.042504973003695
13:45:56,2356,8.042504973003695
13:45:57,2355,8.042025586353946
13:45:58,2355,8.042025586353946
13:45:59,2355,8.042025586353946
13:46:00,2355,8.042025586353946
13:46:01,2356,8.042025586353946
13:46:02,2355,8.042064846416382
13:46:03,2354,8.041769810783896
13:46:04,2354,8.041769810783896
13:46:05,2354,8.041769810783896
13:46:06,2354,8.039220705346985
13:46:07,2354,8.039220705346985
13:46:08,2354,8.039220705346985
13:46:09,2353,8.0385830132309
13:46:10,2353,8.0385830132309
13:46:11,2353,8.0385830132309
13:46:12,2353,8.0385830132309
13:46:13,2354,8.0385830132309
13:46:14,2354,8.0385830132309
13:46:15,2354,8.036042377701934
13:46:16,2354,8.036042377701934
13:46:17,2354,8.036042377701934
13:46:18,2354,8.036042377701934
13:46:19,2354,8.036042377701934
13:46:20,2354,8.036042377701934
13:46:21,2353,8.035111680182103
13:46:22,2353,8.035111680182103
13:46:23,2353,8.035111680182103
13:46:24,2353,8.035111680182103
13:46:25,2353,8.035111680182103
13:46:26,2353,8.035111680182103
13:46:27,2353,8.035111680182103
13:46:28,2353,8.035111680182103
13:46:29,2353,8.035111680182103
13:46:30,2353,8.035111680182103
13:46:31,2354,8.035111680182103
13:46:32,2354,8.035111680182103
13:46:33,2354,8.035111680182103
13:46:34,2355,8.035111680182103
13:46:35,2355,8.035111680182103
13:46:36,2354,8.03248684023332
13:46:37,2353,8.03234415029889
13:46:38,2353,8.03234415029889
13:46:39,2352,8.032571875889554
13:46:40,2352,8.032571875889554
13:46:41,2351,8.03520575252741
13:46:42,2351,8.032785368630801
13:46:43,2349,8.03448717948718
13:46:44,2350,8.03448717948718
13:46:45,2350,8.03448717948718
13:46:46,2349,8.036924611657403
13:46:47,2349,8.036924611657403
13:46:48,2349,8.036924611657403
13:46:49,2349,8.03448717948718
13:46:50,2349,8.03448717948718
13:46:51,2349,8.03448717948718
13:46:52,2349,8.03448717948718
13:46:53,2349,8.03448717948718
13:46:54,2349,8.03448717948718
13:46:55,2349,8.03448717948718
13:46:56,2348,8.037145503776543
13:46:57,2348,8.037145503776543
13:46:58,2348,8.037145503776543
13:46:59,2349,8.037145503776543
13:47:00,2348,8.036334473909324
13:47:01,2347,8.038774782484667
13:47:02,2347,8.038774782484667
13:47:03,2347,8.038774782484667
13:47:04,2348,8.038774782484667
13:47:05,2349,8.038774782484667
13:47:06,2349,8.038774782484667
13:47:07,2348,8.04123144977169
13:47:08,2348,8.04123144977169
13:47:09,2348,8.04123144977169
13:47:10,2346,8.042437874892888
13:47:11,2346,8.042437874892888
13:47:12,2346,8.042437874892888
13:47:13,2346,8.042437874892888
13:47:14,2346,8.042437874892888
13:47:15,2346,8.042437874892888
13:47:16,2346,8.042437874892888
13:47:17,2345,8.041877411058723
13:47:18,2345,8.041877411058723
13:47:19,2345,8.041877411058723
13:47:20,2344,8.044432532875929
13:47:21,2344,8.044432532875929
13:47:22,2344,8.044432532875929
13:47:23,2344,8.044432532875929
13:47:24,2344,8.044432532875929
13:47:25,2344,8.044432532875929
13:47:26,2343,8.044158444158445
13:47:27,2343,8.044158444158445
13:47:28,2343,8.044158444158445
13:47:29,2342,8.043068669527896
13:47:30,2342,8.043068669527896
13:47:31,2341,8.043304721030044
13:47:32,2340,8.04552740804351
13:47:33,2339,8.044508877434135
13:47:34,2339,8.044508877434135
13:47:35,2339,8.044508877434135
13:47:36,2340,8.044508877434135
13:47:37,2340,8.044508877434135
13:47:38,2340,8.044508877434135
13:47:39,2340,8.044508877434135
13:47:40,2339,8.0443990832259
13:47:41,2339,8.0443990832259
13:47:42,2339,8.0443990832259
13:47:43,2339,8.0443990832259
13:47:44,2338,8.046560619088563
13:47:45,2338,8.046560619088563
13:47:46,2338,8.046560619088563
13:47:47,2338,8.046560619088563
13:47:48,2338,8.046560619088563
13:47:49,2338,8.046560619088563
13:47:50,2337,8.045433691756273
13:47:51,2337,8.045433691756273
13:47:52,2337,8.045433691756273
13:47:53,2337,8.045433691756273
13:47:54,2337,8.045433691756273
13:47:55,2337,8.045433691756273
13:47:56,2337,8.045433691756273
13:47:57,2336,8.047647733792312
13:47:58,2336,8.047647733792312
13:47:59,2335,8.050129198966408
13:48:00,2335,8.050129198966408
13:48:01,2334,8.052455838000862
13:48:02,2334,8.052455838000862
13:48:03,2333,8.051602011494252
13:48:04,2333,8.051602011494252
13:48:05,2333,8.051602011494252
13:48:06,2333,8.051602011494252
13:48:07,2332,8.048189655172413
13:48:08,2332,8.048189655172413
13:48:09,2332,8.048189655172413
13:48:10,2332,8.048189655172413
13:48:11,2332,8.048189655172413
13:48:12,2332,8.048189655172413
13:48:13,2332,8.048189655172413
13:48:14,2332,8.048189655172413
13:48:15,2332,8.045734597156398
13:48:16,2332,8.045734597156398
13:48:17,2332,8.045734597156398
13:48:18,2332,8.045734597156398
13:48:19,2332,8.045734597156398
13:48:20,2331,8.047852011494253
13:48:21,2332,8.045806405285079
13:48:22,2332,8.045806405285079
13:48:23,2331,8.04496408045977
13:48:24,2331,8.042618124371678
13:48:25,2331,8.042618124371678
13:48:26,2329,8.043668247807963
13:48:27,2329,8.043668247807963
13:48:28,2329,8.043668247807963
13:48:29,2329,8.043668247807963
13:48:30,2329,8.043668247807963
13:48:31,2328,8.043938740293356
13:48:32,2328,8.043938740293356
13:48:33,2327,8.044317364407998
13:48:34,2327,8.041630716134598
13:48:35,2326,8.041235260281853
13:48:36,2326,8.041235260281853
13:48:37,2326,8.041235260281853
13:48:38,2325,8.043396633577903
13:48:39,2325,8.043396633577903
13:48:40,2324,8.042609383995394
13:48:41,2324,8.042609383995394
13:48:42,2324,8.042609383995394
13:48:43,2323,8.04167026637869
13:48:44,2323,8.04167026637869
13:48:45,2323,8.04167026637869
13:48:46,2323,8.04167026637869
13:48:47,2322,8.043683376548545
13:48:48,2322,8.043683376548545
13:48:49,2322,8.043683376548545
13:48:50,2322,8.043683376548545
13:48:51,2322,8.043683376548545
13:48:52,2322,8.043683376548545
13:48:53,2322,8.043683376548545
13:48:54,2322,8.043683376548545
13:48:55,2323,8.043683376548545
13:48:56,2323,8.041223902087832
13:48:57,2323,8.041223902087832
13:48:58,2322,8.043222414289831
13:48:59,2322,8.042196281884998
13:49:00,2322,8.042196281884998
13:49:01,2322,8.042196281884998
13:49:02,2321,8.043973471741639
13:49:03,2321,8.043973471741639
13:49:04,2322,8.043973471741639
13:49:05,2322,8.043973471741639
13:49:06,2321,8.041673875432526
13:49:07,2320,8.043696812346747
13:49:08,2321,8.043696812346747
13:49:09,2321,8.041104382929642
13:49:10,2320,8.037449538638985
13:49:11,2320,8.037449538638985
13:49:12,2321,8.037449538638985
13:49:13,2322,8.037449538638985
13:49:14,2322,8.037449538638985
13:49:15,2321,8.039081205827204
13:49:16,2322,8.039081205827204
13:49:17,2322,8.039081205827204
13:49:18,2322,8.039081205827204
13:49:19,2323,8.039081205827204
13:49:20,2323,8.036613321799308
13:49:21,2323,8.036613321799308
13:49:22,2323,8.036737343141498
13:49:23,2322,8.038629148629148
13:49:24,2322,8.038629148629148
13:49:25,2322,8.038629148629148
13:49:26,2322,8.038629148629148
13:49:27,2321,8.040421538905731
13:49:28,2320,8.039565280184865
13:49:29,2321,8.039565280184865
13:49:30,2321,8.039565280184865
13:49:31,2321,8.039565280184865
13:49:32,2321,8.039565280184865
13:49:33,2321,8.039565280184865
13:49:34,2320,8.041359630111256
13:49:35,2320,8.041359630111256
13:49:36,2320,8.041359630111256
13:49:37,2320,8.041359630111256
13:49:38,2320,8.041359630111256
13:49:39,2320,8.041359630111256
13:49:40,2320,8.041359630111256
13:49:41,2319,8.040698178664353
13:49:42,2319,8.040698178664353
13:49:43,2318,8.042443962400577
13:49:44,2317,8.041333912037038
13:49:45,2317,8.041333912037038
13:49:46,2316,8.043153857287596
13:49:47,2316,8.043153857287596
13:49:48,2316,8.043153857287596
13:49:49,2316,8.043153857287596
13:49:50,2316,8.043153857287596
13:49:51,2316,8.043153857287596
13:49:52,2317,8.043153857287596
13:49:53,2317,8.043153857287596
13:49:54,2317,8.043153857287596
13:49:55,2318,8.043153857287596
13:49:56,2318,8.043153857287596
13:49:57,2318,8.043153857287596
13:49:58,2318,8.043153857287596
13:49:59,2317,8.042752678830004
13:50:00,2317,8.042752678830004
13:50:01,2317,8.042387367811097
13:50:02,2317,8.042387367811097
13:50:03,2316,8.041891304347827
13:50:04,2317,8.041891304347827
13:50:05,2317,8.041891304347827
13:50:06,2316,8.043366681165725
13:50:07,2316,8.043366681165725
13:50:08,2316,8.043366681165725
13:50:09,2316,8.043366681165725
13:50:10,2316,8.043366681165725
13:50:11,2315,8.043813460980562
13:50:12,2315,8.043813460980562
13:50:13,2316,8.043813460980562
13:50:14,2316,8.043813460980562
13:50:15,2315,8.0453925409955
13:50:16,2314,8.045753484320558
13:50:17,2314,8.045753484320558
13:50:18,2312,8.04698488811392
13:50:19,2313,8.04698488811392
13:50:20,2313,8.04698488811392
13:50:21,2313,8.044502541757444
13:50:22,2313,8.044502541757444
13:50:23,2313,8.044502541757444
13:50:24,2314,8.044502541757444
13:50:25,2315,8.044502541757444
13:50:26,2316,8.044502541757444
13:50:27,2316,8.041906213704994
13:50:28,2316,8.041906213704994
13:50:29,2316,8.041906213704994
13:50:30,2316,8.041906213704994
13:50:31,2316,8.041906213704994
13:50:32,2316,8.041906213704994
13:50:33,2315,8.043500363108206
13:50:34,2315,8.043500363108206
13:50:35,2314,8.04306887532694
13:50:36,2313,8.0445704317488
13:50:37,2313,8.0445704317488
13:50:38,2312,8.0440154159395
13:50:39,2311,8.045475047286484
13:50:40,2311,8.045475047286484
13:50:41,2311,8.045475047286484
13:50:42,2312,8.045475047286484
13:50:43,2312,8.045475047286484
13:50:44,2311,8.04590247452693
13:50:45,2311,8.04590247452693
13:50:46,2311,8.04590247452693
13:50:47,2311,8.04590247452693
13:50:48,2310,8.047451580020388
13:50:49,2311,8.047451580020388
13:50:50,2312,8.047451580020388
13:50:51,2311,8.048754370629371
13:50:52,2312,8.048754370629371
13:50:53,2311,8.048243696254191
13:50:54,2312,8.048243696254191
13:50:55,2311,8.049722951297754
13:50:56,2312,8.049722951297754
13:50:57,2311,8.05109409190372
13:50:58,2312,8.05109409190372
13:50:59,2312,8.05109409190372
13:51:00,2312,8.04847623213765
13:51:01,2312,8.04847623213765
13:51:02,2312,8.04847623213765
13:51:03,2311,8.047716994894238
13:51:04,2311,8.047716994894238
13:51:05,2312,8.047716994894238
13:51:06,2313,8.047716994894238
13:51:07,2312,8.047124927028605
13:51:08,2312,8.047124927028605
13:51:09,2311,8.047861001606075
13:51:10,2311,8.047861001606075
13:51:11,2311,8.047297692082969
13:51:12,2310,8.048567879584978
13:51:13,2310,8.048567879584978
13:51:14,2310,8.048567879584978
13:51:15,2309,8.04983918128655
13:51:16,2309,8.04983918128655
13:51:17,2309,8.04983918128655
13:51:18,2309,8.044602687700847
13:51:19,2308,8.045345608651177
13:51:20,2308,8.045345608651177
13:51:21,2308,8.045345608651177
13:51:22,2307,8.046513157894736
13:51:23,2307,8.046513157894736
13:51:24,2306,8.0478572473307
13:51:25,2306,8.0478572473307
13:51:26,2306,8.0478572473307
13:51:27,2305,8.049085455077554
13:51:28,2305,8.049085455077554
13:51:29,2305,8.046577446248355
13:51:30,2305,8.046577446248355
13:51:31,2305,8.046577446248355
13:51:32,2305,8.046577446248355
13:51:33,2305,8.046577446248355
13:51:34,2305,8.046577446248355
13:51:35,2306,8.046577446248355
13:51:36,2306,8.044188596491228
13:51:37,2306,8.044188596491228
13:51:38,2306,8.044188596491228
13:51:39,2306,8.044188596491228
13:51:40,2305,8.04474915898786
13:51:41,2305,8.042361111111111
13:51:42,2305,8.042361111111111
13:51:43,2304,8.042109112183706
13:51:44,2302,8.040035118525022
13:51:45,2302,8.040035118525022
13:51:46,2301,8.04107744107744
13:51:47,2301,8.04107744107744
13:51:48,2301,8.04107744107744
13:51:49,2301,8.04107744107744
13:51:50,2301,8.04107744107744
13:51:51,2301,8.04107744107744
13:51:52,2300,8.040180140597538
13:51:53,2300,8.040180140597538
13:51:54,2299,8.04170695970696
13:51:55,2299,8.04170695970696
13:51:56,2299,8.039316051552431
13:51:57,2298,8.040520146520146
13:51:58,2297,8.04020815010261
13:51:59,2296,8.041267047954245
13:52:00,2296,8.041267047954245
13:52:01,2295,8.042356220657277
13:52:02,2295,8.03960991347705
13:52:03,2295,8.03960991347705
13:52:04,2296,8.03960991347705
13:52:05,2295,8.040529636150234
13:52:06,2295,8.040529636150234
13:52:07,2295,8.03790878427922
13:52:08,2295,8.03790878427922
13:52:09,2295,8.03790878427922
13:52:10,2295,8.03790878427922
13:52:11,2295,8.03790878427922
13:52:12,2295,8.03790878427922
13:52:13,2294,8.039546654929577
13:52:14,2294,8.039546654929577
13:52:15,2293,8.037976819248827
13:52:16,2293,8.037976819248827
13:52:17,2293,8.037976819248827
13:52:18,2293,8.037976819248827
13:52:19,2292,8.036773767605634
13:52:20,2292,8.036773767605634
13:52:21,2292,8.036773767605634
13:52:22,2292,8.036773767605634
13:52:23,2292,8.036773767605634
13:52:24,2292,8.036773767605634
13:52:25,2292,8.034264554920076
13:52:26,2292,8.034264554920076
13:52:27,2292,8.034264554920076
13:52:28,2291,8.031228919196362
13:52:29,2291,8.031228919196362
13:52:30,2290,8.031081279342724
13:52:31,2289,8.032107735212096
13:52:32,2289,8.032107735212096
13:52:33,2288,8.031651982378854
13:52:34,2288,8.031651982378854
13:52:35,2287,8.03250330542089
13:52:36,2287,8.03250330542089
13:52:37,2287,8.03250330542089
13:52:38,2287,8.03250330542089
13:52:39,2288,8.03035242290749
13:52:40,2288,8.03035242290749
13:52:41,2288,8.027851166886835
13:52:42,2288,8.027851166886835
13:52:43,2288,8.027851166886835
13:52:44,2288,8.02511737089202
13:52:45,2287,8.026287978863937
13:52:46,2287,8.026287978863937
13:52:47,2288,8.026287978863937
13:52:48,2287,8.02313224717452
13:52:49,2287,8.02313224717452
13:52:50,2287,8.020532570422535
13:52:51,2286,8.021503008953472
13:52:52,2286,8.021503008953472
13:52:53,2285,8.02226872246696
13:52:54,2285,8.02226872246696
13:52:55,2285,8.02226872246696
13:52:56,2284,8.023130600852063
13:52:57,2284,8.023130600852063
13:52:58,2284,8.023130600852063
13:52:59,2283,8.023691945914168
13:53:00,2283,8.023691945914168
13:53:01,2283,8.023691945914168
13:53:02,2282,8.02523893545067
13:53:03,2282,8.02523893545067
13:53:04,2282,8.022868900646678
13:53:05,2282,8.022868900646678
13:53:06,2282,8.022868900646678
13:53:07,2282,8.022868900646678
13:53:08,2282,8.020846187747907
13:53:09,2282,8.020846187747907
13:53:10,2282,8.020846187747907
13:53:11,2282,8.018223201174743
13:53:12,2282,8.018223201174743
13:53:13,2282,8.015741963892559
13:53:14,2282,8.013248239436619
13:53:15,2281,8.01399530309702
13:53:16,2281,8.01399530309702
13:53:17,2281,8.011384976525822
13:53:18,2281,8.011384976525822
13:53:19,2280,8.010956993982093
13:53:20,2280,8.010956993982093
13:53:21,2279,8.011108663729809
13:53:22,2278,8.012332892610548
13:53:23,2278,8.012332892610548
13:53:24,2276,8.012740773415674
13:53:25,2276,8.012740773415674
13:53:26,2274,8.013384841795437
13:53:27,2274,8.013384841795437
13:53:28,2274,8.013384841795437
13:53:29,2275,8.013384841795437
13:53:30,2274,8.0137882803298
13:53:31,2274,8.0137882803298
13:53:32,2274,8.0137882803298
13:53:33,2274,8.0137882803298
13:53:34,2275,8.011633554083884
13:53:35,2275,8.011633554083884
13:53:36,2275,8.011633554083884
13:53:37,2275,8.011633554083884
13:53:38,2276,8.011633554083884
13:53:39,2275,8.011844817432273
13:53:40,2275,8.011844817432273
13:53:41,2275,8.011844817432273
13:53:42,2275,8.011844817432273
13:53:43,2274,8.012792752982767
13:53:44,2273,8.013321544356026
13:53:45,2273,8.013321544356026
13:53:46,2273,8.013321544356026
13:53:47,2273,8.013321544356026
13:53:48,2273,8.013321544356026
13:53:49,2273,8.013321544356026
13:53:50,2272,8.014558454960932
13:53:51,2273,8.014558454960932
13:53:52,2273,8.014558454960932
13:53:53,2272,8.013430635412059
13:53:54,2272,8.013430635412059
13:53:55,2271,8.013982300884956
13:53:56,2271,8.013982300884956
13:53:57,2271,8.013982300884956
13:53:58,2270,8.01439427475284
13:53:59,2270,8.01439427475284
13:54:00,2270,8.01439427475284
13:54:01,2270,8.01439427475284
13:54:02,2270,8.01439427475284
13:54:03,2271,8.01439427475284
13:54:04,2271,8.01439427475284
13:54:05,2270,8.014681133746679
13:54:06,2270,8.014681133746679
13:54:07,2270,8.014681133746679
13:54:08,2270,8.01252766710934
13:54:09,2270,8.01252766710934
13:54:10,2270,8.01252766710934
13:54:11,2270,8.01252766710934
13:54:12,2269,8.012658695010334
13:54:13,2268,8.013476591345444
13:54:14,2268,8.013476591345444
13:54:15,2268,8.011322704458221
13:54:16,2268,8.011322704458221
13:54:17,2268,8.011322704458221
13:54:18,2268,8.011322704458221
13:54:19,2268,8.011322704458221
13:54:20,2266,8.010955969267139
13:54:21,2266,8.010955969267139
13:54:22,2266,8.010955969267139
13:54:23,2266,8.00897208684094
13:54:24,2266,8.00897208684094
13:54:25,2266,8.00897208684094
13:54:26,2266,8.00897208684094
13:54:27,2266,8.00897208684094
13:54:28,2265,8.009980791962175
13:54:29,2265,8.01009608277901
13:54:30,2264,8.01081041112097
13:54:31,2264,8.01081041112097
13:54:32,2263,8.011436603047787
13:54:33,2263,8.011436603047787
13:54:34,2262,8.012189165186502
13:54:35,2262,8.012189165186502
13:54:36,2263,8.012189165186502
13:54:37,2263,8.012189165186502
13:54:38,2263,8.012189165186502
13:54:39,2263,8.012189165186502
13:54:40,2263,8.009779553188341
13:54:41,2263,8.009779553188341
13:54:42,2262,8.010975429248075
13:54:43,2262,8.00880307737831
13:54:44,2262,8.00880307737831
13:54:45,2262,8.00880307737831
13:54:46,2261,8.009606275902902
13:54:47,2261,8.009606275902902
13:54:48,2261,8.009606275902902
13:54:49,2261,8.009606275902902
13:54:50,2261,8.009606275902902
13:54:51,2259,8.01082962962963
13:54:52,2259,8.01082962962963
13:54:53,2260,8.01082962962963
13:54:54,2259,8.010886319845858
13:54:55,2259,8.010886319845858
13:54:56,2259,8.010886319845858
13:54:57,2259,8.010886319845858
13:54:58,2259,8.010886319845858
13:54:59,2258,8.010994958481612
13:55:00,2258,8.010994958481612
13:55:01,2257,8.009556642941874
13:55:02,2257,8.009556642941874
13:55:03,2257,8.009556642941874
13:55:04,2256,8.010132027889037
13:55:05,2256,8.010132027889037
13:55:06,2255,8.010789551795785
13:55:07,2255,8.010789551795785
13:55:08,2255,8.010789551795785
13:55:09,2254,8.01064587973274
13:55:10,2253,8.00974450386215
13:55:11,2253,8.00974450386215
13:55:12,2252,8.010558775449546
13:55:13,2252,8.010558775449546
13:55:14,2252,8.010558775449546
13:55:15,2252,8.010558775449546
13:55:16,2252,8.010558775449546
13:55:17,2252,8.010558775449546
13:55:18,2252,8.010558775449546
13:55:19,2251,8.010318168302112
13:55:20,2251,8.010318168302112
13:55:21,2251,8.010318168302112
13:55:22,2251,8.010318168302112
13:55:23,2251,8.010318168302112
13:55:24,2251,8.010318168302112
13:55:25,2251,8.007913508693713
13:55:26,2251,8.007913508693713
13:55:27,2250,8.008169788878977
13:55:28,2250,8.008169788878977
13:55:29,2250,8.008169788878977
13:55:30,2250,8.008169788878977
13:55:31,2250,8.008169788878977
13:55:32,2249,8.009103078982598
13:55:33,2249,8.009103078982598
13:55:34,2249,8.009103078982598
13:55:35,2249,8.008958333333334
13:55:36,2248,8.00944618133095
13:55:37,2248,8.00944618133095
13:55:38,2247,8.010128090557044
13:55:39,2246,8.01079570853822
13:55:40,2245,8.010889982110912
13:55:41,2245,8.010889982110912
13:55:42,2244,8.01159582401193
13:55:43,2245,8.01159582401193
13:55:44,2243,8.009997015816174
13:55:45,2243,8.009997015816174
13:55:46,2243,8.009997015816174
13:55:47,2243,8.009997015816174
13:55:48,2243,8.009997015816174
13:55:49,2244,8.007449664429531
13:55:50,2243,8.008385556550284
13:55:51,2243,8.008385556550284
13:55:52,2243,8.008385556550284
13:55:53,2243,8.005831469052945
13:55:54,2244,8.005831469052945
13:55:55,2244,8.005831469052945
13:55:56,2244,8.005831469052945
13:55:57,2243,8.006363772008354
13:55:58,2243,8.006363772008354
13:55:59,2244,8.006363772008354
13:56:00,2244,8.006363772008354
13:56:01,2244,8.006363772008354
13:56:02,2245,8.006363772008354
13:56:03,2244,8.00623973727422
13:56:04,2244,8.00623973727422
13:56:05,2244,8.00623973727422
13:56:06,2243,8.007026583034648
13:56:07,2243,8.007026583034648
13:56:08,2244,8.007026583034648
13:56:09,2243,8.008068130883013
13:56:10,2243,8.008068130883013
13:56:11,2243,8.008068130883013
13:56:12,2243,8.008068130883013
13:56:13,2243,8.005533154121864
13:56:14,2243,8.005533154121864
13:56:15,2243,8.005533154121864
13:56:16,2242,8.005953981772
13:56:17,2242,8.005953981772
13:56:18,2243,8.005953981772
13:56:19,2243,8.005953981772
13:56:20,2243,8.005953981772
13:56:21,2243,8.005953981772
13:56:22,2244,8.005953981772
13:56:23,2244,8.005953981772
13:56:24,2243,8.006420029895366
13:56:25,2243,8.006420029895366
13:56:26,2243,8.006420029895366
13:56:27,2243,8.006420029895366
13:56:28,2243,8.006420029895366
13:56:29,2243,8.006420029895366
13:56:30,2243,8.006420029895366
13:56:31,2244,8.006420029895366
13:56:32,2243,8.00702108568865
13:56:33,2242,8.007069120287253
13:56:34,2242,8.007069120287253
13:56:35,2242,8.004411544788395
13:56:36,2242,8.004411544788395
13:56:37,2243,8.004411544788395
13:56:38,2243,8.004411544788395
13:56:39,2242,8.004667863554758
13:56:40,2242,8.002243158366982
13:56:41,2241,8.00252842609216
13:56:42,2241,8.00252842609216
13:56:43,2241,8.00252842609216
13:56:44,2239,8.003009883198562
13:56:45,2240,8.003009883198562
13:56:46,2238,8.004151678657074
13:56:47,2238,8.004151678657074
13:56:48,2238,8.004151678657074
13:56:49,2237,8.004378467536363
13:56:50,2237,8.004378467536363
13:56:51,2238,8.004378467536363
13:56:52,2237,8.004620462046205
13:56:53,2236,8.004314873180249
13:56:54,2236,8.004314873180249
13:56:55,2235,8.004947447447448
13:56:56,2235,8.00238631247186
13:56:57,2236,8.00238631247186
13:56:58,2236,8.00238631247186
13:56:59,2236,8.00238631247186
13:57:00,2236,8.00238631247186
13:57:01,2236,8.00238631247186
13:57:02,2235,8.002672672672672
13:57:03,2236,8.002672672672672
13:57:04,2236,8.002672672672672
13:57:05,2236,8.002672672672672
13:57:06,2236,8.002672672672672
13:57:07,2234,8.003276224827172
13:57:08,2234,8.003276224827172
13:57:09,2234,8.003276224827172
13:57:10,2234,8.003276224827172
13:57:11,2234,8.003276224827172
13:57:12,2234,8.003276224827172
13:57:13,2234,8.000713534625207
13:57:14,2234,8.000713534625207
13:57:15,2233,8.00093177036369
13:57:16,2233,8.00093177036369
13:57:17,2232,8.001172755976546
13:57:18,2232,8.001172755976546
13:57:19,2232,8.001172755976546
13:57:20,2233,8.001172755976546
13:57:21,2233,8.001172755976546
13:57:22,2233,8.001172755976546
13:57:23,2233,8.001172755976546
13:57:24,2233,8.001172755976546
13:57:25,2233,8.001172755976546
13:57:26,2232,8.001293622141997
13:57:27,2233,8.001293622141997
13:57:28,2233,8.001293622141997
13:57:29,2232,8.001286681715575
13:57:30,2232,8.001286681715575
13:57:31,2232,8.001286681715575
13:57:32,2231,8.001904546823246
13:57:33,2231,8.001904546823246
13:57:34,2231,8.001904546823246
13:57:35,2230,8.002206657629161
13:57:36,2229,8.002162447257383
13:57:37,2229,8.002162447257383
13:57:38,2229,8.002162447257383
13:57:39,2229,8.002162447257383
13:57:40,2228,8.002193577566711
13:57:41,2228,8.002193577566711
13:57:42,2228,8.002193577566711
13:57:43,2228,8.002193577566711
13:57:44,2228,8.002193577566711
13:57:45,2227,8.002669683257919
13:57:46,2227,8.002669683257919
13:57:47,2226,8.001999396408632
13:57:48,2226,8.001999396408632
13:57:49,2225,8.002151268115941
13:57:50,2225,8.002151268115941
13:57:51,2224,8.002137139404924
13:57:52,2224,8.002946509519493
13:57:53,2224,8.002946509519493
13:57:54,2225,8.002946509519493
13:57:55,2225,8.002946509519493
13:57:56,2225,8.000377586467302
13:57:57,2225,8.000377586467302
13:57:58,2225,8.000400423088546
13:57:59,2225,8.000400423088546
13:58:00,2225,8.000400423088546
13:58:01,2226,8.000400423088546
13:58:02,2226,8.000400423088546
13:58:03,2226,8.000400423088546
13:58:04,2227,8.000400423088546
13:58:05,2227,8.000400423088546
13:58:06,2227,8.000400423088546
13:58:07,2228,8.000400423088546
13:58:08,2227,8.000536659108088
13:58:09,2228,8.000536659108088
13:58:10,2229,8.000536659108088
13:58:11,2229,8.000536659108088
13:58:12,2228,8.000151240169389
13:58:13,2228,8.000151240169389
13:58:14,2228,8.000151240169389
13:58:15,2229,7.997581254724111
13:58:16,2229,7.997581254724111
13:58:17,2229,7.997581254724111
13:58:18,2229,7.997581254724111
13:58:19,2229,7.997581254724111
13:58:20,2229,7.995134481716531
13:58:21,2229,7.995134481716531
13:58:22,2228,7.9948374905517765
13:58:23,2228,7.9948374905517765
13:58:24,2228,7.9948374905517765
13:58:25,2227,7.994978826376285
13:58:26,2226,7.992158197217181
13:58:27,2225,7.992268119231351
13:58:28,2225,7.992268119231351
13:58:29,2225,7.992268119231351
13:58:30,2225,7.992268119231351
13:58:31,2224,7.9919391462307
13:58:32,2225,7.9919391462307
13:58:33,2225,7.9919391462307
13:58:34,2224,7.99157201272149
13:58:35,2225,7.99157201272149
13:58:36,2225,7.99157201272149
13:58:37,2224,7.99175
13:58:38,2224,7.99175
13:58:39,2223,7.9910262240412315
13:58:40,2222,7.990673339399454
13:58:41,2222,7.990673339399454
13:58:42,2221,7.991215293582157
13:58:43,2221,7.991215293582157
13:58:44,2222,7.988648771610555
13:58:45,2221,7.98813533606433
13:58:46,2221,7.98813533606433
13:58:47,2220,7.987575895567699
13:58:48,2220,7.987575895567699
13:58:49,2220,7.987575895567699
13:58:50,2220,7.987575895567699
13:58:51,2220,7.984888484296769
13:58:52,2220,7.984888484296769
13:58:53,2220,7.980006063362135
13:58:54,2220,7.980006063362135
13:58:55,2220,7.980006063362135
13:58:56,2220,7.980006063362135
13:58:57,2220,7.980006063362135
13:58:58,2220,7.977333333333333
13:58:59,2219,7.976898590268304
13:59:00,2218,7.976827418865636
13:59:01,2218,7.976827418865636
13:59:02,2218,7.976827418865636
13:59:03,2218,7.976827418865636
13:59:04,2217,7.973635122838944
13:59:05,2217,7.973635122838944
13:59:06,2217,7.973635122838944
13:59:07,2217,7.973635122838944
13:59:08,2217,7.973635122838944
13:59:09,2217,7.973635122838944
13:59:10,2217,7.973635122838944
13:59:11,2216,7.973076923076922
13:59:12,2217,7.97088262056415
13:59:13,2217,7.97088262056415
13:59:14,2216,7.971286602943407
13:59:15,2216,7.971286602943407
13:59:16,2216,7.971286602943407
13:59:17,2215,7.9710686095932
13:59:18,2215,7.968874222424518
13:59:19,2215,7.968874222424518
13:59:20,2214,7.968184578020644
13:59:21,2214,7.968184578020644
13:59:22,2213,7.968367501898253
13:59:23,2212,7.967973260407171
13:59:24,2212,7.967973260407171
13:59:25,2213,7.967973260407171
13:59:26,2213,7.967973260407171
13:59:27,2213,7.967973260407171
13:59:28,2212,7.967525459796321
13:59:29,2212,7.967525459796321
13:59:30,2212,7.967525459796321
13:59:31,2212,7.967525459796321
13:59:32,2212,7.967525459796321
13:59:33,2213,7.967525459796321
13:59:34,2213,7.964851109085385
13:59:35,2213,7.964851109085385
13:59:36,2213,7.964851109085385
13:59:37,2213,7.964851109085385
13:59:38,2212,7.963869889040888
13:59:39,2212,7.963161496350365
13:59:40,2212,7.963161496350365
13:59:41,2212,7.960594315245478
13:59:42,2212,7.960594315245478
13:59:43,2211,7.961116180048662
13:59:44,2211,7.958314333485332
13:59:45,2211,7.956251899118809
13:59:46,2211,7.956251899118809
13:59:47,2210,7.956133150934792
13:59:48,2209,7.9526599787201695
13:59:49,2209,7.9526599787201695
13:59:50,2209,7.9526599787201695
13:59:51,2208,7.95161192214112
13:59:52,2208,7.95161192214112
13:59:53,2208,7.95161192214112
13:59:54,2208,7.95161192214112
13:59:55,2208,7.95161192214112
13:59:56,2207,7.951711547238704
13:59:57,2207,7.951711547238704
13:59:58,2207,7.948905109489051
13:59:59,2207,7.948905109489051
14:00:00,2207,7.948905109489051
14:00:01,2206,7.948075460216035
14:00:02,2206,7.948075460216035
14:00:03,2206,7.948075460216035
14:00:04,2206,7.948075460216035
14:00:05,2205,7.947907153729072
14:00:06,2205,7.947907153729072
14:00:07,2204,7.947647327546824
14:00:08,2204,7.945616438356165
14:00:09,2203,7.944548500076138
14:00:10,2203,7.944548500076138
14:00:11,2202,7.943487202925046
14:00:12,2202,7.938721461187215
14:00:13,2201,7.937985381452719
14:00:14,2202,7.937985381452719
14:00:15,2202,7.937985381452719
14:00:16,2202,7.937985381452719
14:00:17,2203,7.937985381452719
14:00:18,2203,7.937985381452719
14:00:19,2203,7.937985381452719
14:00:20,2203,7.937985381452719
14:00:21,2203,7.937985381452719
14:00:22,2204,7.937985381452719
14:00:23,2203,7.937279098110908
14:00:24,2203,7.937279098110908
14:00:25,2203,7.937279098110908
14:00:26,2204,7.937279098110908
14:00:27,2204,7.937279098110908
14:00:28,2204,7.937279098110908
14:00:29,2203,7.937357110196617
14:00:30,2203,7.936032326928942
14:00:31,2203,7.936032326928942
14:00:32,2203,7.936032326928942
14:00:33,2203,7.936032326928942
14:00:34,2203,7.936032326928942
14:00:35,2203,7.936032326928942
14:00:36,2202,7.935675057208238
14:00:37,2202,7.935675057208238
14:00:38,2202,7.935675057208238
14:00:39,2202,7.933241842025008
14:00:40,2201,7.932929061784898
14:00:41,2201,7.932929061784898
14:00:42,2201,7.932929061784898
14:00:43,2199,7.9313024889296075
14:00:44,2199,7.9313024889296075
14:00:45,2198,7.927775232859978
14:00:46,2198,7.927775232859978
14:00:47,2198,7.925335775335776
14:00:48,2197,7.924179264009772
14:00:49,2196,7.923029330889093
14:00:50,2196,7.923029330889093
14:00:51,2196,7.923029330889093
14:00:52,2195,7.919271310724107
14:00:53,2195,7.919271310724107
14:00:54,2195,7.919271310724107
14:00:55,2194,7.91881399969433
14:00:56,2194,7.91881399969433
14:00:57,2194,7.916498625114573
14:00:58,2194,7.916498625114573
14:00:59,2194,7.916498625114573
14:01:00,2194,7.916498625114573
14:01:01,2194,7.916498625114573
14:01:02,2193,7.915161241020939
14:01:03,2193,7.915161241020939
14:01:04,2191,7.913630105553007
14:01:05,2191,7.913630105553007
14:01:06,2191,7.913630105553007
14:01:07,2191,7.913630105553007
14:01:08,2191,7.913630105553007
14:01:09,2191,7.913630105553007
14:01:10,2191,7.913630105553007
14:01:11,2191,7.913630105553007
14:01:12,2191,7.913630105553007
14:01:13,2191,7.913630105553007
14:01:14,2190,7.910524705522411
14:01:15,2190,7.910524705522411
14:01:16,2190,7.910524705522411
14:01:17,2190,7.910524705522411
14:01:18,2190,7.910524705522411
14:01:19,2190,7.910524705522411
14:01:20,2190,7.910524705522411
14:01:21,2190,7.910524705522411
14:01:22,2190,7.910524705522411
14:01:23,2190,7.910524705522411
14:01:24,2190,7.910524705522411
14:01:25,2190,7.910524705522411
14:01:26,2190,7.910524705522411
14:01:27,2190,7.910524705522411
14:01:28,2190,7.910524705522411
14:01:29,2189,7.907855285299067
14:01:30,2189,7.907855285299067
14:01:31,2188,7.907346189164371
14:01:32,2187,7.905948553054662
14:01:33,2186,7.905660232843137
14:01:34,2185,7.904329501915709
14:01:35,2185,7.904329501915709
14:01:36,2185,7.904329501915709
14:01:37,2185,7.904329501915709
14:01:38,2185,7.904329501915709
14:01:39,2183,7.903083294983893
14:01:40,2183,7.90088163140141
14:01:41,2182,7.899401748734468
14:01:42,2181,7.89538272741218
14:01:43,2181,7.89538272741218
14:01:44,2181,7.89538272741218
14:01:45,2181,7.89538272741218
14:01:46,2180,7.894244935543279
14:01:47,2180,7.894244935543279
14:01:48,2179,7.894027329955474
14:01:49,2179,7.894027329955474
14:01:50,2178,7.892772657450077
14:01:51,2178,7.892772657450077
14:01:52,2177,7.891463039803289
14:01:53,2177,7.891463039803289
14:01:54,2177,7.891463039803289
14:01:55,2177,7.891463039803289
14:01:56,2176,7.891443726937269
14:01:57,2176,7.891443726937269
14:01:58,2176,7.891443726937269
14:01:59,2176,7.891443726937269
14:02:00,2176,7.891443726937269
14:02:01,2176,7.891443726937269
14:02:02,2176,7.891443726937269
14:02:03,2176,7.891443726937269
14:02:04,2176,7.891443726937269
14:02:05,2176,7.891443726937269
14:02:06,2176,7.891443726937269
14:02:07,2176,7.891443726937269
14:02:08,2176,7.891443726937269
14:02:09,2176,7.891443726937269
14:02:10,2176,7.889380666974028
14:02:11,2176,7.889380666974028
14:02:12,2176,7.889380666974028
14:02:13,2176,7.889380666974028
14:02:14,2176,7.889380666974028
14:02:15,2176,7.889380666974028
14:02:16,2176,7.889380666974028
14:02:17,2176,7.889380666974028
14:02:18,2176,7.889380666974028
14:02:19,2175,7.889137453874539
14:02:20,2175,7.889137453874539
14:02:21,2175,7.889137453874539
14:02:22,2175,7.889137453874539
14:02:23,2173,7.887411511234226
14:02:24,2173,7.887411511234226
14:02:25,2173,7.887411511234226
14:02:26,2173,7.887411511234226
14:02:27,2173,7.887411511234226
14:02:28,2172,7.88559661277906
14:02:29,2171,7.8840573012938995
14:02:30,2171,7.8840573012938995
14:02:31,2170,7.883872707659115
14:02:32,2169,7.879126213592233
14:02:33,2169,7.879126213592233
14:02:34,2169,7.879126213592233
14:02:35,2168,7.874949915241177
14:02:36,2168,7.874949915241177
14:02:37,2167,7.872445677300046
14:02:38,2167,7.872445677300046
14:02:39,2167,7.869893715341959
14:02:40,2167,7.869893715341959
14:02:41,2166,7.867722299275697
14:02:42,2165,7.866366019118101
14:02:43,2165,7.866366019118101
14:02:44,2164,7.865826006478482
14:02:45,2164,7.865826006478482
14:02:46,2164,7.865826006478482
14:02:47,2164,7.865826006478482
14:02:48,2164,7.865826006478482
14:02:49,2163,7.864212962962963
14:02:50,2163,7.864212962962963
14:02:51,2163,7.864212962962963
14:02:52,2163,7.864212962962963
14:02:53,2162,7.863771807935773
14:02:54,2162,7.863771807935773
14:02:55,2162,7.863771807935773
14:02:56,2161,7.863415199258572
14:02:57,2161,7.863415199258572
14:02:58,2161,7.863415199258572
14:02:59,2161,7.861309248108692
14:03:00,2160,7.859151992585727
14:03:01,2160,7.859151992585727
14:03:02,2160,7.859151992585727
14:03:03,2160,7.859151992585727
14:03:04,2160,7.859151992585727
14:03:05,2160,7.859151992585727
14:03:06,2160,7.859151992585727
14:03:07,2160,7.856716072255674
14:03:08,2160,7.856716072255674
14:03:09,2160,7.856716072255674
14:03:10,2159,7.85437905468026
14:03:11,2159,7.85437905468026
14:03:12,2159,7.85437905468026
14:03:13,2158,7.852889816102612
14:03:14,2158,7.852889816102612
14:03:15,2157,7.850579777365492
14:03:16,2157,7.850579777365492
14:03:17,2156,7.8487393658159315
14:03:18,2156,7.8487393658159315
14:03:19,2155,7.848243577839678
14:03:20,2155,7.848243577839678
14:03:21,2155,7.847607988852763
14:03:22,2155,7.847607988852763
14:03:23,2154,7.8473590458488225
14:03:24,2154,7.8473590458488225
14:03:25,2154,7.845123084068741
14:03:26,2154,7.845123084068741
14:03:27,2154,7.845123084068741
14:03:28,2153,7.843231102850061
14:03:29,2153,7.843231102850061
14:03:30,2151,7.840511627906976
14:03:31,2151,7.840511627906976
14:03:32,2150,7.838568326353342
14:03:33,2149,7.838780260707635
14:03:34,2149,7.838780260707635
14:03:35,2148,7.837098276665114
14:03:36,2148,7.837098276665114
14:03:37,2148,7.837098276665114
14:03:38,2147,7.834878844361603
14:03:39,2147,7.834878844361603
14:03:40,2147,7.834878844361603
14:03:41,2146,7.834413364413364
14:03:42,2146,7.834413364413364
14:03:43,2146,7.834413364413364
14:03:44,2146,7.834413364413364
14:03:45,2145,7.833379975124378
14:03:46,2145,7.833379975124378
14:03:47,2145,7.833379975124378
14:03:48,2145,7.833379975124378
14:03:49,2144,7.831529009177165
14:03:50,2144,7.831529009177165
14:03:51,2144,7.831529009177165
14:03:52,2143,7.830952380952381
14:03:53,2143,7.830952380952381
14:03:54,2143,7.830952380952381
14:03:55,2143,7.830952380952381
14:03:56,2143,7.830952380952381
14:03:57,2143,7.830952380952381
14:03:58,2143,7.830952380952381
14:03:59,2143,7.830952380952381
14:04:00,2143,7.830952380952381
14:04:01,2143,7.830952380952381
14:04:02,2143,7.830952380952381
14:04:03,2142,7.828958430639887
14:04:04,2141,7.828169781931464
14:04:05,2141,7.828169781931464
14:04:06,2141,7.828169781931464
14:04:07,2141,7.828169781931464
14:04:08,2140,7.827380395823594
14:04:09,2140,7.827380395823594
14:04:10,2139,7.825327408793265
14:04:11,2139,7.825327408793265
14:04:12,2139,7.825327408793265
14:04:13,2139,7.825327408793265
14:04:14,2139,7.825327408793265
14:04:15,2139,7.825327408793265
14:04:16,2139,7.825327408793265
14:04:17,2139,7.825327408793265
14:04:18,2139,7.825327408793265
14:04:19,2139,7.825327408793265
14:04:20,2139,7.825327408793265
14:04:21,2139,7.825327408793265
14:04:22,2139,7.825327408793265
14:04:23,2139,7.825327408793265
14:04:24,2138,7.8246373420683195
14:04:25,2138,7.8246373420683195
14:04:26,2137,7.82373595505618
14:04:27,2137,7.82373595505618
14:04:28,2136,7.8229586260733806
14:04:29,2136,7.8229586260733806
14:04:30,2134,7.820167213627129
14:04:31,2134,7.820167213627129
14:04:32,2134,7.820167213627129
14:04:33,2134,7.820167213627129
14:04:34,2133,7.818120700437774
14:04:35,2133,7.818120700437774
14:04:36,2133,7.818120700437774
14:04:37,2132,7.815845455967464
14:04:38,2132,7.815845455967464
14:04:39,2131,7.812887323943661
14:04:40,2131,7.812887323943661
14:04:41,2131,7.812887323943661
14:04:42,2130,7.810951933615156
14:04:43,2129,7.810267857142858
14:04:44,2129,7.810267857142858
14:04:45,2129,7.810267857142858
14:04:46,2129,7.810267857142858
14:04:47,2129,7.810267857142858
14:04:48,2129,7.810267857142858
14:04:49,2129,7.810267857142858
14:04:50,2129,7.810267857142858
14:04:51,2129,7.810267857142858
14:04:52,2128,7.808039492242595
14:04:53,2128,7.808039492242595
14:04:54,2127,7.807016306052054
14:04:55,2127,7.807016306052054
14:04:56,2127,7.807016306052054
14:04:57,2127,7.807016306052054
14:04:58,2127,7.807016306052054
14:04:59,2127,7.807016306052054
14:05:00,2126,7.806164705882353
14:05:01,2126,7.806164705882353
14:05:02,2125,7.803986189579409
14:05:03,2125,7.803986189579409
14:05:04,2125,7.803986189579409
14:05:05,2125,7.803986189579409
14:05:06,2125,7.803986189579409
14:05:07,2125,7.803986189579409
14:05:08,2125,7.803986189579409
14:05:09,2125,7.803986189579409
14:05:10,2125,7.803986189579409
14:05:11,2125,7.803986189579409
14:05:12,2124,7.801570105197048
14:05:13,2124,7.801570105197048
14:05:14,2124,7.801570105197048
14:05:15,2124,7.801570105197048
14:05:16,2123,7.801657241595978
14:05:17,2123,7.801657241595978
14:05:18,2122,7.8003771805752
14:05:19,2122,7.8003771805752
