11:00:00,0,0.0
11:00:01,0,0.0
11:00:02,0,0.0
11:00:03,0,0.0
11:00:04,0,0.0
11:00:05,0,0.0
11:00:06,0,0.0
11:00:07,0,0.0
11:00:08,0,0.0
11:00:09,0,0.0
11:00:10,0,0.0
11:00:11,0,0.0
11:00:12,0,0.0
11:00:13,0,0.0
11:00:14,0,0.0
11:00:15,0,0.0
11:00:16,0,0.0
11:00:17,0,0.0
11:00:18,0,0.0
11:00:19,0,0.0
11:00:20,0,0.0
11:00:21,0,0.0
11:00:22,0,0.0
11:00:23,0,0.0
11:00:24,0,0.0
11:00:25,0,0.0
11:00:26,0,0.0
11:00:27,1,0.0
11:00:28,2,0.0
11:00:29,3,0.0
11:00:30,3,0.0
11:00:31,4,0.0
11:00:32,5,0.0
11:00:33,6,0.0
11:00:34,6,0.0
11:00:35,7,0.0
11:00:36,8,0.0
11:00:37,9,0.0
11:00:38,9,0.0
11:00:39,11,0.0
11:00:40,13,0.0
11:00:41,13,0.0
11:00:42,13,0.0
11:00:43,15,0.0
11:00:44,16,0.0
11:00:45,16,0.0
11:00:46,16,0.0
11:00:47,19,0.0
11:00:48,19,0.0
11:00:49,19,0.0
11:00:50,20,0.0
11:00:51,22,0.0
11:00:52,22,0.0
11:00:53,23,0.0
11:00:54,24,0.0
11:00:55,25,0.0
11:00:56,25,0.0
11:00:57,25,0.0
11:00:58,27,0.0
11:00:59,28,0.0
11:01:00,29,0.0
11:01:01,30,0.0
11:01:02,30,0.0
11:01:03,32,0.0
11:01:04,33,0.0
11:01:05,33,0.0
11:01:06,34,0.0
11:01:07,35,0.0
11:01:08,35,0.0
11:01:09,35,0.0
11:01:10,37,0.0
11:01:11,37,0.0
11:01:12,38,0.0
11:01:13,38,0.0
11:01:14,38,0.0
11:01:15,39,0.0
11:01:16,39,0.0
11:01:17,39,0.0
11:01:18,42,0.0
11:01:19,42,0.0
11:01:20,43,0.0
11:01:21,43,0.0
11:01:22,43,0.0
11:01:23,46,0.0
11:01:24,46,0.0
11:01:25,46,0.0
11:01:26,46,0.0
11:01:27,48,0.0
11:01:28,48,0.0
11:01:29,50,0.0
11:01:30,50,0.0
11:01:31,51,0.0
11:01:32,51,0.0
11:01:33,53,0.0
11:01:34,54,0.0
11:01:35,55,0.0
11:01:36,55,0.0
11:01:37,56,0.0
11:01:38,56,0.0
11:01:39,57,0.0
11:01:40,59,0.0
11:01:41,59,0.0
11:01:42,60,0.0
11:01:43,62,0.0
11:01:44,63,0.0
11:01:45,63,0.0
11:01:46,65,0.0
11:01:47,66,0.0
11:01:48,66,0.0
11:01:49,66,0.0
11:01:50,69,0.0
11:01:51,69,0.0
11:01:52,70,0.0
11:01:53,71,0.0
11:01:54,72,0.0
11:01:55,73,0.0
11:01:56,75,0.0
11:01:57,75,0.0
11:01:58,75,0.0
11:01:59,77,0.0
11:02:00,78,0.0
11:02:01,78,0.0
11:02:02,80,0.0
11:02:03,81,0.0
11:02:04,81,0.0
11:02:05,81,0.0
11:02:06,82,0.0
11:02:07,83,0.0
11:02:08,83,0.0
11:02:09,83,0.0
11:02:10,83,0.0
11:02:11,84,0.0
11:02:12,85,0.0
11:02:13,85,0.0
11:02:14,85,0.0
11:02:15,86,0.0
11:02:16,86,0.0
11:02:17,87,0.0
11:02:18,88,0.0
11:02:19,88,0.0
11:02:20,88,0.0
11:02:21,88,0.0
11:02:22,89,0.0
11:02:23,89,0.0
11:02:24,90,0.0
11:02:25,91,0.0
11:02:26,91,0.0
11:02:27,91,1.8166666666666667
11:02:28,92,1.8166666666666667
11:02:29,92,1.8166666666666667
11:02:30,93,1.8166666666666667
11:02:31,94,1.8166666666666667
11:02:32,94,1.8166666666666667
11:02:33,94,1.95
11:02:34,95,1.95
11:02:35,95,1.9944444444444445
11:02:36,95,1.9944444444444445
11:02:37,96,1.9944444444444445
11:02:38,96,1.9944444444444445
11:02:39,96,2.0083333333333333
11:02:40,97,2.0083333333333333
11:02:41,97,2.0083333333333333
11:02:42,97,2.0083333333333333
11:02:43,97,2.0083333333333333
11:02:44,99,2.0083333333333333
11:02:45,99,2.0083333333333333
11:02:46,99,2.0083333333333333
11:02:47,100,2.0266666666666664
11:02:48,100,2.075
11:02:49,100,2.075
11:02:50,102,2.075
11:02:51,102,2.075
11:02:52,102,2.075
11:02:53,102,2.1142857142857143
11:02:54,103,2.1142857142857143
11:02:55,103,2.1142857142857143
11:02:56,103,2.1142857142857143
11:02:57,104,2.1416666666666666
11:02:58,105,2.1416666666666666
11:02:59,105,2.1416666666666666
11:03:00,105,2.1416666666666666
11:03:01,106,2.1416666666666666
11:03:02,106,2.1416666666666666
11:03:03,106,2.161111111111111
11:03:04,107,2.161111111111111
11:03:05,108,2.18
11:03:06,108,2.1954545454545453
11:03:07,108,2.1954545454545453
11:03:08,108,2.1954545454545453
11:03:09,109,2.2384615384615385
11:03:10,109,2.2384615384615385
11:03:11,110,2.248809523809524
11:03:12,110,2.248809523809524
11:03:13,111,2.248809523809524
11:03:14,111,2.248809523809524
11:03:15,111,2.248809523809524
11:03:16,112,2.248809523809524
11:03:17,113,2.2733333333333334
11:03:18,114,2.2733333333333334
11:03:19,114,2.277083333333333
11:03:20,114,2.277083333333333
11:03:21,116,2.277083333333333
11:03:22,116,2.277083333333333
11:03:23,117,2.277083333333333
11:03:24,117,2.277083333333333
11:03:25,119,2.277083333333333
11:03:26,119,2.311764705882353
11:03:27,119,2.311764705882353
11:03:28,120,2.311764705882353
11:03:29,120,2.311764705882353
11:03:30,120,2.311764705882353
11:03:31,120,2.311764705882353
11:03:32,122,2.311764705882353
11:03:33,122,2.343518518518519
11:03:34,122,2.3719298245614038
11:03:35,124,2.3719298245614038
11:03:36,124,2.3719298245614038
11:03:37,124,2.3719298245614038
11:03:38,124,2.3719298245614038
11:03:39,124,2.3719298245614038
11:03:40,125,2.3719298245614038
11:03:41,125,2.3719298245614038
11:03:42,125,2.3719298245614038
11:03:43,126,2.3719298245614038
11:03:44,127,2.3719298245614038
11:03:45,127,2.3719298245614038
11:03:46,127,2.3719298245614038
11:03:47,127,2.3719298245614038
11:03:48,127,2.3719298245614038
11:03:49,128,2.3719298245614038
11:03:50,128,2.3719298245614038
11:03:51,128,2.396666666666667
11:03:52,129,2.396666666666667
11:03:53,130,2.396666666666667
11:03:54,130,2.396666666666667
11:03:55,130,2.396666666666667
11:03:56,130,2.419047619047619
11:03:57,130,2.419047619047619
11:03:58,130,2.419047619047619
11:03:59,130,2.419047619047619
11:04:00,130,2.4746376811594204
11:04:01,130,2.4746376811594204
11:04:02,131,2.5034722222222223
11:04:03,131,2.529333333333333
11:04:04,131,2.553205128205128
11:04:05,131,2.553205128205128
11:04:06,131,2.553205128205128
11:04:07,131,2.553205128205128
11:04:08,131,2.553205128205128
11:04:09,131,2.553205128205128
11:04:10,131,2.553205128205128
11:04:11,132,2.553205128205128
11:04:12,132,2.553205128205128
11:04:13,133,2.5753086419753086
11:04:14,133,2.5753086419753086
11:04:15,133,2.604761904761905
11:04:16,133,2.604761904761905
11:04:17,134,2.604761904761905
11:04:18,135,2.604761904761905
11:04:19,135,2.6229885057471263
11:04:20,135,2.6229885057471263
11:04:21,136,2.6229885057471263
11:04:22,136,2.6229885057471263
11:04:23,136,2.6422222222222222
11:04:24,136,2.6422222222222222
11:04:25,137,2.6422222222222222
11:04:26,137,2.6422222222222222
11:04:27,137,2.6422222222222222
11:04:28,137,2.6422222222222222
11:04:29,138,2.6758064516129036
11:04:30,138,2.6758064516129036
11:04:31,138,2.6758064516129036
11:04:32,139,2.6758064516129036
11:04:33,139,2.6758064516129036
11:04:34,139,2.6758064516129036
11:04:35,139,2.721717171717172
11:04:36,139,2.721717171717172
11:04:37,139,2.721717171717172
11:04:38,140,2.7348039215686275
11:04:39,140,2.7348039215686275
11:04:40,140,2.7348039215686275
11:04:41,140,2.761904761904762
11:04:42,140,2.761904761904762
11:04:43,140,2.761904761904762
11:04:44,141,2.761904761904762
11:04:45,141,2.761904761904762
11:04:46,141,2.761904761904762
11:04:47,141,2.761904761904762
11:04:48,141,2.7847222222222223
11:04:49,142,2.7847222222222223
11:04:50,142,2.7847222222222223
11:04:51,142,2.815315315315315
11:04:52,142,2.815315315315315
11:04:53,143,2.815315315315315
11:04:54,143,2.815315315315315
11:04:55,143,2.8289473684210527
11:04:56,143,2.8289473684210527
11:04:57,143,2.8289473684210527
11:04:58,143,2.8435897435897437
11:04:59,143,2.8435897435897437
11:05:00,143,2.8625
11:05:01,144,2.8625
11:05:02,144,2.8625
11:05:03,144,2.8625
11:05:04,144,2.8890243902439026
11:05:05,145,2.8890243902439026
11:05:06,145,2.8890243902439026
11:05:07,145,2.8890243902439026
11:05:08,146,2.907539682539683
11:05:09,146,2.907539682539683
11:05:10,146,2.907539682539683
11:05:11,146,2.907539682539683
11:05:12,147,2.907539682539683
11:05:13,147,2.907539682539683
11:05:14,147,2.907539682539683
11:05:15,149,2.907539682539683
11:05:16,149,2.931782945736434
11:05:17,149,2.9545454545454546
11:05:18,150,2.9545454545454546
11:05:19,150,2.9545454545454546
11:05:20,150,2.9545454545454546
11:05:21,150,2.9545454545454546
11:05:22,151,2.9545454545454546
11:05:23,151,2.9545454545454546
11:05:24,151,2.9545454545454546
11:05:25,152,2.9851851851851854
11:05:26,152,2.9851851851851854
11:05:27,152,3.0101449275362318
11:05:28,152,3.023049645390071
11:05:29,153,3.023049645390071
11:05:30,153,3.023049645390071
11:05:31,153,3.039930555555556
11:05:32,153,3.039930555555556
11:05:33,153,3.039930555555556
11:05:34,153,3.039930555555556
11:05:35,153,3.039930555555556
11:05:36,153,3.039930555555556
11:05:37,153,3.0591836734693874
11:05:38,153,3.0591836734693874
11:05:39,153,3.0591836734693874
11:05:40,154,3.1062091503267975
11:05:41,154,3.1062091503267975
11:05:42,154,3.1062091503267975
11:05:43,154,3.1062091503267975
11:05:44,155,3.1062091503267975
11:05:45,155,3.1062091503267975
11:05:46,155,3.1062091503267975
11:05:47,156,3.1062091503267975
11:05:48,156,3.1062091503267975
11:05:49,156,3.1062091503267975
11:05:50,157,3.1256410256410256
11:05:51,157,3.1506289308176103
11:05:52,157,3.1506289308176103
11:05:53,158,3.1506289308176103
11:05:54,158,3.1731481481481483
11:05:55,158,3.1731481481481483
11:05:56,158,3.1731481481481483
11:05:57,159,3.1731481481481483
11:05:58,159,3.1731481481481483
11:05:59,159,3.1731481481481483
11:06:00,159,3.1921212121212124
11:06:01,160,3.217559523809524
11:06:02,160,3.217559523809524
11:06:03,160,3.24093567251462
11:06:04,160,3.24093567251462
11:06:05,160,3.24093567251462
11:06:06,161,3.24093567251462
11:06:07,161,3.24093567251462
11:06:08,161,3.24093567251462
11:06:09,162,3.24093567251462
11:06:10,163,3.261494252873563
11:06:11,163,3.261494252873563
11:06:12,164,3.261494252873563
11:06:13,164,3.3047222222222223
11:06:14,164,3.3047222222222223
11:06:15,165,3.3047222222222223
11:06:16,165,3.3047222222222223
11:06:17,165,3.3047222222222223
11:06:18,166,3.3047222222222223
11:06:19,166,3.3254098360655737
11:06:20,166,3.3254098360655737
11:06:21,166,3.35
11:06:22,167,3.35
11:06:23,167,3.35
11:06:24,167,3.35
11:06:25,167,3.35
11:06:26,167,3.35
11:06:27,168,3.35
11:06:28,168,3.35
11:06:29,168,3.3916666666666666
11:06:30,169,3.3916666666666666
11:06:31,169,3.3916666666666666
11:06:32,169,3.42979797979798
11:06:33,169,3.42979797979798
11:06:34,169,3.42979797979798
11:06:35,170,3.4612745098039217
11:06:36,170,3.4612745098039217
11:06:37,170,3.4612745098039217
11:06:38,170,3.4612745098039217
11:06:39,171,3.4612745098039217
11:06:40,171,3.4612745098039217
11:06:41,171,3.4612745098039217
11:06:42,172,3.4612745098039217
11:06:43,172,3.4612745098039217
11:06:44,172,3.4612745098039217
11:06:45,173,3.4612745098039217
11:06:46,173,3.4612745098039217
11:06:47,173,3.4612745098039217
11:06:48,173,3.484541062801932
11:06:49,174,3.484541062801932
11:06:50,174,3.484541062801932
11:06:51,174,3.4985714285714287
11:06:52,175,3.4985714285714287
11:06:53,175,3.5211267605633805
11:06:54,175,3.5211267605633805
11:06:55,176,3.5211267605633805
11:06:56,176,3.5435185185185185
11:06:57,176,3.5643835616438357
11:06:58,177,3.5643835616438357
11:06:59,177,3.5643835616438357
11:07:00,177,3.5795045045045044
11:07:01,177,3.5795045045045044
11:07:02,178,3.5795045045045044
11:07:03,179,3.5795045045045044
11:07:04,179,3.5986666666666665
11:07:05,180,3.623464912280702
11:07:06,180,3.623464912280702
11:07:07,180,3.623464912280702
11:07:08,180,3.623464912280702
11:07:09,180,3.623464912280702
11:07:10,180,3.623464912280702
11:07:11,180,3.623464912280702
11:07:12,180,3.623464912280702
11:07:13,180,3.623464912280702
11:07:14,180,3.6617521367521366
11:07:15,180,3.6617521367521366
11:07:16,180,3.6617521367521366
11:07:17,180,3.6617521367521366
11:07:18,180,3.6617521367521366
11:07:19,180,3.6617521367521366
11:07:20,180,3.6617521367521366
11:07:21,180,3.6837552742616038
11:07:22,180,3.6837552742616038
11:07:23,180,3.699791666666667
11:07:24,180,3.699791666666667
11:07:25,180,3.721604938271605
11:07:26,180,3.721604938271605
11:07:27,180,3.721604938271605
11:07:28,180,3.721604938271605
11:07:29,181,3.721604938271605
11:07:30,181,3.721604938271605
11:07:31,181,3.721604938271605
11:07:32,181,3.7420731707317074
11:07:33,182,3.7420731707317074
11:07:34,182,3.7558232931726905
11:07:35,182,3.7558232931726905
11:07:36,182,3.7558232931726905
11:07:37,183,3.774404761904762
11:07:38,183,3.774404761904762
11:07:39,183,3.798235294117647
11:07:40,183,3.798235294117647
11:07:41,184,3.798235294117647
11:07:42,184,3.8220930232558143
11:07:43,184,3.8220930232558143
11:07:44,184,3.8220930232558143
11:07:45,184,3.8220930232558143
11:07:46,185,3.8220930232558143
11:07:47,185,3.8220930232558143
11:07:48,185,3.8220930232558143
11:07:49,186,3.8220930232558143
11:07:50,186,3.8220930232558143
11:07:51,186,3.8220930232558143
11:07:52,186,3.845593869731801
11:07:53,187,3.860227272727273
11:07:54,188,3.860227272727273
11:07:55,189,3.860227272727273
11:07:56,190,3.860227272727273
11:07:57,190,3.860227272727273
11:07:58,191,3.8659176029962548
11:07:59,193,3.8659176029962548
11:08:00,193,3.883148148148148
11:08:01,193,3.883148148148148
11:08:02,193,3.8917582417582417
11:08:03,194,3.9099637681159423
11:08:04,194,3.9099637681159423
11:08:05,195,3.9099637681159423
11:08:06,195,3.9197132616487456
11:08:07,196,3.9197132616487456
11:08:08,196,3.9197132616487456
11:08:09,196,3.9197132616487456
11:08:10,196,3.943085106382979
11:08:11,196,3.9610526315789474
11:08:12,196,3.9610526315789474
11:08:13,197,3.9610526315789474
11:08:14,197,3.9610526315789474
11:08:15,197,3.9610526315789474
11:08:16,197,3.9610526315789474
11:08:17,197,3.9610526315789474
11:08:18,198,3.9610526315789474
11:08:19,198,3.9610526315789474
11:08:20,199,3.9610526315789474
11:08:21,201,3.9610526315789474
11:08:22,201,3.9610526315789474
11:08:23,201,3.9610526315789474
11:08:24,201,3.9610526315789474
11:08:25,202,3.9610526315789474
11:08:26,202,3.9610526315789474
11:08:27,202,3.9791666666666665
11:08:28,203,4.022619047619048
11:08:29,203,4.022619047619048
11:08:30,203,4.022619047619048
11:08:31,203,4.022619047619048
11:08:32,204,4.022619047619048
11:08:33,204,4.022619047619048
11:08:34,204,4.022619047619048
11:08:35,204,4.022619047619048
11:08:36,205,4.029461279461279
11:08:37,205,4.046833333333334
11:08:38,205,4.04009900990099
11:08:39,206,4.061437908496732
11:08:40,206,4.061437908496732
11:08:41,206,4.086245954692557
11:08:42,206,4.086245954692557
11:08:43,207,4.086245954692557
11:08:44,207,4.10224358974359
11:08:45,207,4.10224358974359
11:08:46,208,4.110952380952381
11:08:47,209,4.110952380952381
11:08:48,209,4.110952380952381
11:08:49,209,4.110952380952381
11:08:50,209,4.110952380952381
11:08:51,209,4.110952380952381
11:08:52,209,4.110952380952381
11:08:53,209,4.110952380952381
11:08:54,209,4.110952380952381
11:08:55,209,4.110952380952381
11:08:56,209,4.110952380952381
11:08:57,209,4.110952380952381
11:08:58,209,4.110952380952381
11:08:59,209,4.110952380952381
11:09:00,209,4.110952380952381
11:09:01,209,4.127987421383648
11:09:02,209,4.146105919003115
11:09:03,209,4.160030864197531
11:09:04,209,4.1772171253822625
11:09:05,210,4.1772171253822625
11:09:06,211,4.1772171253822625
11:09:07,211,4.1772171253822625
11:09:08,211,4.158030303030303
11:09:09,211,4.158030303030303
11:09:10,211,4.158030303030303
11:09:11,211,4.177627627627627
11:09:12,211,4.177627627627627
11:09:13,211,4.177627627627627
11:09:14,211,4.177627627627627
11:09:15,211,4.177627627627627
11:09:16,212,4.177627627627627
11:09:17,212,4.177627627627627
11:09:18,212,4.177627627627627
11:09:19,213,4.177627627627627
11:09:20,214,4.177627627627627
11:09:21,214,4.177627627627627
11:09:22,214,4.177627627627627
11:09:23,214,4.177627627627627
11:09:24,214,4.177627627627627
11:09:25,215,4.177627627627627
11:09:26,215,4.177627627627627
11:09:27,215,4.177627627627627
11:09:28,215,4.177627627627627
11:09:29,215,4.177627627627627
11:09:30,215,4.225073746312685
11:09:31,215,4.225073746312685
11:09:32,215,4.249561403508772
11:09:33,215,4.249561403508772
11:09:34,215,4.267101449275362
11:09:35,215,4.267101449275362
11:09:36,215,4.2781609195402295
11:09:37,215,4.2781609195402295
11:09:38,215,4.2781609195402295
11:09:39,215,4.297720797720798
11:09:40,215,4.297720797720798
11:09:41,215,4.307768361581921
11:09:42,215,4.307768361581921
11:09:43,215,4.307768361581921
11:09:44,215,4.307768361581921
11:09:45,215,4.307768361581921
11:09:46,215,4.286834733893557
11:09:47,215,4.286834733893557
11:09:48,215,4.286834733893557
11:09:49,215,4.286834733893557
11:09:50,215,4.266527777777778
11:09:51,215,4.286225895316805
11:09:52,215,4.286225895316805
11:09:53,215,4.286225895316805
11:09:54,215,4.304644808743169
11:09:55,215,4.304644808743169
11:09:56,215,4.304644808743169
11:09:57,215,4.304644808743169
11:09:58,215,4.304644808743169
11:09:59,215,4.304644808743169
11:10:00,215,4.293224932249322
11:10:01,215,4.293224932249322
11:10:02,215,4.30470430107527
11:10:03,215,4.30470430107527
11:10:04,215,4.30470430107527
11:10:05,215,4.3221333333333325
11:10:06,215,4.3221333333333325
11:10:07,215,4.3221333333333325
11:10:08,215,4.337830687830688
11:10:09,215,4.337830687830688
11:10:10,217,4.337830687830688
11:10:11,217,4.354855643044619
11:10:12,217,4.354855643044619
11:10:13,218,4.338932291666667
11:10:14,218,4.338932291666667
11:10:15,218,4.338932291666667
11:10:16,219,4.338932291666667
11:10:17,219,4.338932291666667
11:10:18,219,4.338932291666667
11:10:19,219,4.338932291666667
11:10:20,220,4.338932291666667
11:10:21,220,4.338932291666667
11:10:22,220,4.338932291666667
11:10:23,220,4.365374677002584
11:10:24,220,4.365374677002584
11:10:25,220,4.387051282051282
11:10:26,221,4.369338422391857
11:10:27,221,4.381818181818182
11:10:28,221,4.381818181818182
11:10:29,221,4.381818181818182
11:10:30,221,4.381818181818182
11:10:31,221,4.381818181818182
11:10:32,221,4.381818181818182
11:10:33,221,4.381818181818182
11:10:34,221,4.381818181818182
11:10:35,221,4.381818181818182
11:10:36,221,4.381818181818182
11:10:37,221,4.381818181818182
11:10:38,221,4.381818181818182
11:10:39,221,4.381818181818182
11:10:40,221,4.381818181818182
11:10:41,221,4.396365914786967
11:10:42,221,4.396365914786967
11:10:43,221,4.396365914786967
11:10:44,222,4.418034825870647
11:10:45,222,4.4403703703703705
11:10:46,222,4.4403703703703705
11:10:47,222,4.4403703703703705
11:10:48,222,4.459681372549019
11:10:49,222,4.459681372549019
11:10:50,223,4.459681372549019
11:10:51,223,4.442092457420925
11:10:52,223,4.442092457420925
11:10:53,223,4.443961352657005
11:10:54,223,4.443961352657005
11:10:55,223,4.443961352657005
11:10:56,223,4.443961352657005
11:10:57,223,4.443961352657005
11:10:58,223,4.453836930455636
11:10:59,224,4.453836930455636
11:11:00,224,4.453836930455636
11:11:01,224,4.475833333333333
11:11:02,224,4.475833333333333
11:11:03,224,4.466193853427896
11:11:04,225,4.466193853427896
11:11:05,225,4.466193853427896
11:11:06,226,4.466193853427896
11:11:07,226,4.466193853427896
11:11:08,226,4.466193853427896
11:11:09,226,4.466193853427896
11:11:10,226,4.449295774647887
11:11:11,227,4.449295774647887
11:11:12,227,4.449295774647887
11:11:13,227,4.449295774647887
11:11:14,228,4.476340326340326
11:11:15,228,4.476340326340326
11:11:16,228,4.476340326340326
11:11:17,229,4.476340326340326
11:11:18,229,4.476340326340326
11:11:19,229,4.491550925925925
11:11:20,229,4.491550925925925
11:11:21,230,4.491550925925925
11:11:22,230,4.491550925925925
11:11:23,230,4.483908045977012
11:11:24,230,4.483908045977012
11:11:25,231,4.467808219178083
11:11:26,231,4.467808219178083
11:11:27,231,4.467808219178083
11:11:28,231,4.467808219178083
11:11:29,231,4.467808219178083
11:11:30,231,4.482766439909297
11:11:31,232,4.482766439909297
11:11:32,232,4.482766439909297
11:11:33,232,4.482766439909297
11:11:34,232,4.482766439909297
11:11:35,233,4.506756756756757
11:11:36,233,4.506756756756757
11:11:37,233,4.499888143176734
11:11:38,234,4.499888143176734
11:11:39,234,4.499888143176734
11:11:40,235,4.499888143176734
11:11:41,236,4.499888143176734
11:11:42,236,4.499888143176734
11:11:43,236,4.499888143176734
11:11:44,236,4.492444444444445
11:11:45,237,4.492444444444445
11:11:46,237,4.492444444444445
11:11:47,237,4.492444444444445
11:11:48,237,4.506291390728477
11:11:49,239,4.506291390728477
11:11:50,239,4.506291390728477
11:11:51,239,4.52905701754386
11:11:52,240,4.52905701754386
11:11:53,241,4.52905701754386
11:11:54,241,4.52905701754386
11:11:55,241,4.52905701754386
11:11:56,241,4.52905701754386
11:11:57,241,4.52905701754386
11:11:58,241,4.521023965141612
11:11:59,241,4.521023965141612
11:12:00,241,4.521023965141612
11:12:01,242,4.521023965141612
11:12:02,242,4.521023965141612
11:12:03,242,4.503787878787879
11:12:04,242,4.503787878787879
11:12:05,242,4.503787878787879
11:12:06,242,4.530645161290322
11:12:07,242,4.530645161290322
11:12:08,242,4.550213675213675
11:12:09,242,4.550213675213675
11:12:10,242,4.567515923566878
11:12:11,242,4.567515923566878
11:12:12,242,4.556751054852321
11:12:13,242,4.556751054852321
11:12:14,242,4.556751054852321
11:12:15,242,4.556751054852321
11:12:16,242,4.556751054852321
11:12:17,242,4.556751054852321
11:12:18,242,4.556751054852321
11:12:19,242,4.556751054852321
11:12:20,242,4.556751054852321
11:12:21,242,4.556751054852321
11:12:22,242,4.556751054852321
11:12:23,242,4.569182389937107
11:12:24,243,4.569182389937107
11:12:25,243,4.590104166666666
11:12:26,243,4.590104166666666
11:12:27,243,4.590104166666666
11:12:28,243,4.590104166666666
11:12:29,243,4.575879917184265
11:12:30,243,4.575879917184265
11:12:31,243,4.560390946502057
11:12:32,243,4.560390946502057
11:12:33,244,4.546625766871165
11:12:34,244,4.5619918699187
11:12:35,244,4.5619918699187
11:12:36,244,4.5619918699187
11:12:37,244,4.5619918699187
11:12:38,244,4.5619918699187
11:12:39,244,4.5619918699187
11:12:40,244,4.5619918699187
11:12:41,244,4.5619918699187
11:12:42,244,4.58040404040404
11:12:43,244,4.58040404040404
11:12:44,244,4.58040404040404
11:12:45,244,4.58040404040404
11:12:46,244,4.58040404040404
11:12:47,244,4.58040404040404
11:12:48,244,4.58040404040404
11:12:49,244,4.58040404040404
11:12:50,244,4.58040404040404
11:12:51,244,4.58040404040404
11:12:52,244,4.58040404040404
11:12:53,244,4.58040404040404
11:12:54,244,4.58040404040404
11:12:55,244,4.58040404040404
11:12:56,244,4.58040404040404
11:12:57,245,4.597405189620758
11:12:58,245,4.597405189620758
11:12:59,245,4.615674603174603
11:13:00,245,4.615674603174603
11:13:01,246,4.615674603174603
11:13:02,246,4.615674603174603
11:13:03,246,4.615674603174603
11:13:04,247,4.615674603174603
11:13:05,247,4.615674603174603
11:13:06,247,4.605029585798817
11:13:07,247,4.605029585798817
11:13:08,248,4.6213725490196085
11:13:09,248,4.6213725490196085
11:13:10,248,4.6213725490196085
11:13:11,249,4.6213725490196085
11:13:12,249,4.6213725490196085
11:13:13,249,4.6213725490196085
11:13:14,249,4.643957115009746
11:13:15,250,4.643957115009746
11:13:16,250,4.657364341085271
11:13:17,250,4.657364341085271
11:13:18,250,4.6728323699421965
11:13:19,250,4.6728323699421965
11:13:20,250,4.6728323699421965
11:13:21,250,4.6728323699421965
11:13:22,250,4.6728323699421965
11:13:23,250,4.6728323699421965
11:13:24,250,4.6728323699421965
11:13:25,250,4.6728323699421965
11:13:26,250,4.6728323699421965
11:13:27,251,4.6728323699421965
11:13:28,251,4.6728323699421965
11:13:29,251,4.6728323699421965
11:13:30,251,4.656417624521072
11:13:31,251,4.656417624521072
11:13:32,251,4.676380952380953
11:13:33,251,4.676380952380953
11:13:34,251,4.676380952380953
11:13:35,251,4.676380952380953
11:13:36,251,4.676380952380953
11:13:37,251,4.676380952380953
11:13:38,252,4.676380952380953
11:13:39,252,4.676380952380953
11:13:40,252,4.676380952380953
11:13:41,252,4.676380952380953
11:13:42,252,4.676380952380953
11:13:43,252,4.676380952380953
11:13:44,252,4.676380952380953
11:13:45,252,4.676380952380953
11:13:46,252,4.676380952380953
11:13:47,252,4.70407196969697
11:13:48,252,4.70407196969697
11:13:49,252,4.724858757062147
11:13:50,252,4.724858757062147
11:13:51,252,4.738389513108614
11:13:52,252,4.738389513108614
11:13:53,252,4.738389513108614
11:13:54,252,4.723463687150838
11:13:55,252,4.723463687150838
11:13:56,252,4.723463687150838
11:13:57,252,4.7404629629629635
11:13:58,252,4.725690607734807
11:13:59,252,4.725690607734807
11:14:00,252,4.725690607734807
11:14:01,252,4.725690607734807
11:14:02,252,4.725690607734807
11:14:03,252,4.725690607734807
11:14:04,252,4.725690607734807
11:14:05,252,4.742948717948718
11:14:06,253,4.742948717948718
11:14:07,253,4.742948717948718
11:14:08,253,4.742948717948718
11:14:09,253,4.742948717948718
11:14:10,253,4.742948717948718
11:14:11,253,4.742948717948718
11:14:12,253,4.742948717948718
11:14:13,253,4.742948717948718
11:14:14,253,4.742948717948718
11:14:15,253,4.742948717948718
11:14:16,253,4.742948717948718
11:14:17,253,4.759744990892532
11:14:18,254,4.759744990892532
11:14:19,254,4.759744990892532
11:14:20,254,4.759744990892532
11:14:21,254,4.759744990892532
11:14:22,255,4.759744990892532
11:14:23,255,4.779981884057971
11:14:24,256,4.779981884057971
11:14:25,256,4.779981884057971
11:14:26,256,4.779981884057971
11:14:27,256,4.779981884057971
11:14:28,256,4.779981884057971
11:14:29,256,4.765315315315315
11:14:30,257,4.765315315315315
11:14:31,257,4.765315315315315
11:14:32,257,4.765315315315315
11:14:33,258,4.765315315315315
11:14:34,258,4.765315315315315
11:14:35,258,4.765315315315315
11:14:36,258,4.78763440860215
11:14:37,258,4.78763440860215
11:14:38,259,4.81729055258467
11:14:39,260,4.81729055258467
11:14:40,260,4.81729055258467
11:14:41,261,4.81729055258467
11:14:42,261,4.81729055258467
11:14:43,261,4.81729055258467
11:14:44,262,4.81729055258467
11:14:45,263,4.81729055258467
11:14:46,263,4.81729055258467
11:14:47,265,4.81729055258467
11:14:48,265,4.81729055258467
11:14:49,266,4.81729055258467
11:14:50,267,4.81729055258467
11:14:51,267,4.81729055258467
11:14:52,268,4.81729055258467
11:14:53,269,4.81729055258467
11:14:54,269,4.804078014184397
11:14:55,269,4.82310405643739
11:14:56,270,4.82310405643739
11:14:57,271,4.840438596491228
11:14:58,271,4.840438596491228
11:14:59,271,4.840438596491228
11:15:00,272,4.840438596491228
11:15:01,273,4.840438596491228
11:15:02,273,4.840438596491228
11:15:03,273,4.840438596491228
11:15:04,274,4.840438596491228
11:15:05,275,4.840438596491228
11:15:06,276,4.840438596491228
11:15:07,276,4.840438596491228
11:15:08,276,4.840438596491228
11:15:09,276,4.840438596491228
11:15:10,277,4.840438596491228
11:15:11,277,4.861780104712042
11:15:12,277,4.861780104712042
11:15:13,278,4.861780104712042
11:15:14,278,4.861780104712042
11:15:15,278,4.861780104712042
11:15:16,278,4.884548611111112
11:15:17,279,4.884548611111112
11:15:18,279,4.884548611111112
11:15:19,279,4.884548611111112
11:15:20,280,4.884548611111112
11:15:21,280,4.884548611111112
11:15:22,281,4.884548611111112
11:15:23,281,4.884548611111112
11:15:24,281,4.884548611111112
11:15:25,282,4.884548611111112
11:15:26,282,4.884548611111112
11:15:27,282,4.913212435233161
11:15:28,282,4.913212435233161
11:15:29,282,4.932817869415808
11:15:30,282,4.932817869415808
11:15:31,284,4.954358974358974
11:15:32,284,4.954358974358974
11:15:33,284,4.954358974358974
11:15:34,285,4.954358974358974
11:15:35,285,4.954358974358974
11:15:36,285,4.973044217687075
11:15:37,285,4.973044217687075
11:15:38,286,4.973044217687075
11:15:39,287,4.973044217687075
11:15:40,288,4.973044217687075
11:15:41,289,4.973044217687075
11:15:42,289,4.973044217687075
11:15:43,290,4.973044217687075
11:15:44,290,4.973044217687075
11:15:45,291,4.973044217687075
11:15:46,292,4.973044217687075
11:15:47,292,4.973044217687075
11:15:48,294,4.989593908629442
11:15:49,294,4.989593908629442
11:15:50,294,4.989593908629442
11:15:51,295,4.989593908629442
11:15:52,295,4.989593908629442
11:15:53,296,4.989593908629442
11:15:54,296,4.989593908629442
11:15:55,297,5.005218855218855
11:15:56,297,5.005218855218855
11:15:57,298,5.005218855218855
11:15:58,299,5.005218855218855
11:15:59,299,5.005218855218855
11:16:00,300,5.005218855218855
11:16:01,301,5.005218855218855
11:16:02,301,5.005218855218855
11:16:03,301,5.005218855218855
11:16:04,303,5.025376884422111
11:16:05,304,5.025376884422111
11:16:06,305,5.025376884422111
11:16:07,305,5.025376884422111
11:16:08,306,5.047916666666667
11:16:09,306,5.047916666666667
11:16:10,307,5.047916666666667
11:16:11,307,5.047916666666667
11:16:12,308,5.047916666666667
11:16:13,309,5.047916666666667
11:16:14,309,5.047916666666667
11:16:15,309,5.047916666666667
11:16:16,311,5.047916666666667
11:16:17,311,5.047916666666667
11:16:18,311,5.066583747927031
11:16:19,312,5.066583747927031
11:16:20,313,5.096287128712872
11:16:21,313,5.096287128712872
11:16:22,314,5.096287128712872
11:16:23,315,5.096287128712872
11:16:24,315,5.114367816091955
11:16:25,316,5.114367816091955
11:16:26,316,5.114367816091955
11:16:27,318,5.114367816091955
11:16:28,319,5.114367816091955
11:16:29,319,5.114367816091955
11:16:30,319,5.114367816091955
11:16:31,320,5.114367816091955
11:16:32,320,5.114367816091955
11:16:33,320,5.114367816091955
11:16:34,321,5.114367816091955
11:16:35,321,5.114367816091955
11:16:36,321,5.114367816091955
11:16:37,322,5.114367816091955
11:16:38,323,5.114367816091955
11:16:39,323,5.114367816091955
11:16:40,323,5.114367816091955
11:16:41,324,5.114367816091955
11:16:42,325,5.114367816091955
11:16:43,325,5.12910569105691
11:16:44,326,5.12910569105691
11:16:45,326,5.146359223300971
11:16:46,326,5.146359223300971
11:16:47,328,5.1643317230273755
11:16:48,328,5.1643317230273755
11:16:49,328,5.1643317230273755
11:16:50,329,5.1643317230273755
11:16:51,330,5.1643317230273755
11:16:52,330,5.149439102564102
11:16:53,331,5.149439102564102
11:16:54,332,5.149439102564102
11:16:55,332,5.149439102564102
11:16:56,333,5.149439102564102
11:16:57,333,5.149439102564102
11:16:58,333,5.158253968253969
11:16:59,334,5.158253968253969
11:17:00,335,5.158253968253969
11:17:01,335,5.145023696682464
11:17:02,335,5.145023696682464
11:17:03,335,5.145023696682464
11:17:04,335,5.1600628930817605
11:17:05,335,5.1600628930817605
11:17:06,335,5.147965571205008
11:17:07,336,5.1636292834890964
11:17:08,336,5.151550387596899
11:17:09,336,5.151550387596899
11:17:10,336,5.151550387596899
11:17:11,337,5.151550387596899
11:17:12,337,5.151550387596899
11:17:13,338,5.151550387596899
11:17:14,338,5.151550387596899
11:17:15,338,5.151550387596899
11:17:16,338,5.151550387596899
11:17:17,338,5.151550387596899
11:17:18,339,5.151550387596899
11:17:19,339,5.151550387596899
11:17:20,339,5.151550387596899
11:17:21,340,5.151550387596899
11:17:22,340,5.169598765432099
11:17:23,340,5.169598765432099
11:17:24,340,5.169598765432099
11:17:25,340,5.169598765432099
11:17:26,340,5.169598765432099
11:17:27,340,5.169598765432099
11:17:28,340,5.169598765432099
11:17:29,340,5.188402457757296
11:17:30,340,5.188402457757296
11:17:31,340,5.188402457757296
11:17:32,340,5.188402457757296
11:17:33,340,5.188402457757296
11:17:34,340,5.179051987767584
11:17:35,340,5.195984848484849
11:17:36,340,5.195984848484849
11:17:37,340,5.195984848484849
11:17:38,340,5.195984848484849
11:17:39,340,5.195984848484849
11:17:40,340,5.195984848484849
11:17:41,340,5.214630467571643
11:17:42,340,5.214630467571643
11:17:43,340,5.214630467571643
11:17:44,341,5.214630467571643
11:17:45,341,5.214630467571643
11:17:46,341,5.214630467571643
11:17:47,341,5.214630467571643
11:17:48,341,5.202927927927928
11:17:49,342,5.202927927927928
11:17:50,343,5.225037369207772
11:17:51,343,5.215550595238096
11:17:52,344,5.215550595238096
11:17:53,344,5.223629629629629
11:17:54,345,5.223629629629629
11:17:55,345,5.223629629629629
11:17:56,345,5.238126843657818
11:17:57,346,5.227679882525697
11:17:58,346,5.227679882525697
11:17:59,347,5.227679882525697
11:18:00,347,5.227679882525697
11:18:01,348,5.227679882525697
11:18:02,348,5.2195175438596495
11:18:03,348,5.238719068413391
11:18:04,349,5.238719068413391
11:18:05,349,5.230652173913043
11:18:06,350,5.230652173913043
11:18:07,350,5.230652173913043
11:18:08,350,5.230652173913043
11:18:09,350,5.230652173913043
11:18:10,351,5.230652173913043
11:18:11,351,5.230652173913043
11:18:12,351,5.230652173913043
11:18:13,352,5.230652173913043
11:18:14,352,5.230652173913043
11:18:15,352,5.248989898989899
11:18:16,353,5.248989898989899
11:18:17,353,5.248989898989899
11:18:18,354,5.248989898989899
11:18:19,355,5.248989898989899
11:18:20,355,5.248989898989899
11:18:21,355,5.248989898989899
11:18:22,356,5.265229885057471
11:18:23,356,5.256723891273248
11:18:24,356,5.256723891273248
11:18:25,357,5.256723891273248
11:18:26,357,5.256723891273248
11:18:27,357,5.256723891273248
11:18:28,357,5.256723891273248
11:18:29,358,5.256723891273248
11:18:30,358,5.256723891273248
11:18:31,358,5.265099715099715
11:18:32,360,5.265099715099715
11:18:33,360,5.265099715099715
11:18:34,360,5.265099715099715
11:18:35,361,5.265099715099715
11:18:36,361,5.265099715099715
11:18:37,362,5.29354609929078
11:18:38,362,5.287358757062147
11:18:39,363,5.287358757062147
11:18:40,363,5.281153305203938
11:18:41,363,5.281153305203938
11:18:42,364,5.272689075630252
11:18:43,364,5.2818688981868895
11:18:44,364,5.2818688981868895
11:18:45,364,5.2818688981868895
11:18:46,364,5.2818688981868895
11:18:47,364,5.2818688981868895
11:18:48,364,5.274097222222222
11:18:49,364,5.274097222222222
11:18:50,364,5.296749654218534
11:18:51,364,5.296749654218534
11:18:52,364,5.296749654218534
11:18:53,364,5.296749654218534
11:18:54,364,5.296749654218534
11:18:55,364,5.290909090909091
11:18:56,364,5.318518518518518
11:18:57,364,5.318518518518518
11:18:58,364,5.310314207650274
11:18:59,365,5.310314207650274
11:19:00,365,5.310314207650274
11:19:01,365,5.319591836734694
11:19:02,367,5.319591836734694
11:19:03,367,5.319591836734694
11:19:04,367,5.329945799457994
11:19:05,367,5.329945799457994
11:19:06,369,5.338529014844805
11:19:07,370,5.338529014844805
11:19:08,370,5.338529014844805
11:19:09,370,5.338529014844805
11:19:10,371,5.349932795698924
11:19:11,372,5.349932795698924
11:19:12,372,5.349932795698924
11:19:13,373,5.34417670682731
11:19:14,374,5.34417670682731
11:19:15,375,5.34417670682731
11:19:16,376,5.34417670682731
11:19:17,378,5.34417670682731
11:19:18,378,5.34417670682731
11:19:19,379,5.34417670682731
11:19:20,381,5.34417670682731
11:19:21,382,5.34417670682731
11:19:22,383,5.34417670682731
11:19:23,383,5.354866666666666
11:19:24,386,5.354866666666666
11:19:25,386,5.354866666666666
11:19:26,387,5.354866666666666
11:19:27,388,5.348937583001328
11:19:28,389,5.348937583001328
11:19:29,390,5.343386243386243
11:19:30,390,5.343386243386243
11:19:31,390,5.343386243386243
11:19:32,391,5.339262187088274
11:19:33,391,5.339262187088274
11:19:34,392,5.339262187088274
11:19:35,394,5.349015748031496
11:19:36,395,5.349015748031496
11:19:37,395,5.349015748031496
11:19:38,397,5.349015748031496
11:19:39,397,5.371830065359477
11:19:40,398,5.371830065359477
11:19:41,399,5.371830065359477
11:19:42,401,5.371830065359477
11:19:43,401,5.371830065359477
11:19:44,402,5.371830065359477
11:19:45,402,5.382682291666667
11:19:46,403,5.382682291666667
11:19:47,405,5.382682291666667
11:19:48,405,5.408495460440986
11:19:49,407,5.408495460440986
11:19:50,409,5.408495460440986
11:19:51,409,5.408495460440986
11:19:52,410,5.408495460440986
11:19:53,412,5.404392764857881
11:19:54,412,5.414478764478764
11:19:55,413,5.414478764478764
11:19:56,413,5.414478764478764
11:19:57,414,5.414478764478764
11:19:58,414,5.414478764478764
11:19:59,416,5.414478764478764
11:20:00,416,5.414478764478764
11:20:01,417,5.414478764478764
11:20:02,418,5.410192307692308
11:20:03,418,5.410192307692308
11:20:04,418,5.407535121328225
11:20:05,419,5.407535121328225
11:20:06,420,5.407535121328225
11:20:07,421,5.40381679389313
11:20:08,421,5.40381679389313
11:20:09,422,5.399936628643853
11:20:10,424,5.399936628643853
11:20:11,424,5.406818181818182
11:20:12,425,5.406818181818182
11:20:13,427,5.403018867924528
11:20:14,428,5.403018867924528
11:20:15,428,5.403018867924528
11:20:16,428,5.403018867924528
11:20:17,430,5.403018867924528
11:20:18,430,5.403018867924528
11:20:19,430,5.403018867924528
11:20:20,431,5.403018867924528
11:20:21,432,5.403018867924528
11:20:22,432,5.403018867924528
11:20:23,432,5.3996867167919795
11:20:24,434,5.3996867167919795
11:20:25,434,5.3996867167919795
11:20:26,435,5.3996867167919795
11:20:27,435,5.3996867167919795
11:20:28,435,5.407116104868914
11:20:29,436,5.407116104868914
11:20:30,436,5.407116104868914
11:20:31,437,5.4144278606965175
11:20:32,438,5.4144278606965175
11:20:33,439,5.4144278606965175
11:20:34,440,5.441016109045849
11:20:35,441,5.441016109045849
11:20:36,442,5.437962962962962
11:20:37,442,5.437962962962962
11:20:38,443,5.458455882352941
11:20:39,443,5.458455882352941
11:20:40,444,5.4635644768856455
11:20:41,444,5.4635644768856455
11:20:42,445,5.461151515151515
11:20:43,447,5.461151515151515
11:20:44,448,5.461151515151515
11:20:45,448,5.461151515151515
11:20:46,450,5.461151515151515
11:20:47,450,5.461151515151515
11:20:48,452,5.461151515151515
11:20:49,452,5.461151515151515
11:20:50,453,5.473248792270531
11:20:51,453,5.473248792270531
11:20:52,455,5.473248792270531
11:20:53,456,5.473248792270531
11:20:54,456,5.473248792270531
11:20:55,456,5.473248792270531
11:20:56,456,5.471419975932611
11:20:57,456,5.471419975932611
11:20:58,456,5.471419975932611
11:20:59,457,5.471419975932611
11:21:00,457,5.471419975932611
11:21:01,457,5.471419975932611
11:21:02,457,5.471419975932611
11:21:03,458,5.471419975932611
11:21:04,458,5.471419975932611
11:21:05,458,5.469964028776979
11:21:06,459,5.469964028776979
11:21:07,459,5.469964028776979
11:21:08,459,5.469964028776979
11:21:09,459,5.469964028776979
11:21:10,459,5.468757467144564
11:21:11,460,5.468757467144564
11:21:12,460,5.4675
11:21:13,460,5.484104389086595
11:21:14,461,5.484104389086595
11:21:15,461,5.483510638297872
11:21:16,462,5.483510638297872
11:21:17,462,5.482391048292109
11:21:18,462,5.486091549295775
11:21:19,462,5.486091549295775
11:21:20,462,5.486091549295775
11:21:21,462,5.492222222222223
11:21:22,462,5.492222222222223
11:21:23,462,5.492222222222223
11:21:24,462,5.492222222222223
11:21:25,462,5.518006993006993
11:21:26,463,5.518006993006993
11:21:27,463,5.518006993006993
11:21:28,463,5.518006993006993
11:21:29,463,5.517595818815331
11:21:30,463,5.517595818815331
11:21:31,463,5.517595818815331
11:21:32,464,5.532581018518518
11:21:33,464,5.532581018518518
11:21:34,465,5.532581018518518
11:21:35,465,5.532581018518518
11:21:36,465,5.532581018518518
11:21:37,466,5.532581018518518
11:21:38,466,5.534083044982698
11:21:39,466,5.534083044982698
11:21:40,467,5.543965517241379
11:21:41,468,5.543965517241379
11:21:42,468,5.543965517241379
11:21:43,468,5.543965517241379
11:21:44,469,5.550400916380298
11:21:45,469,5.5501141552511415
11:21:46,470,5.5501141552511415
11:21:47,471,5.5501141552511415
11:21:48,471,5.5501141552511415
11:21:49,471,5.5501141552511415
11:21:50,471,5.550341296928328
11:21:51,472,5.550341296928328
11:21:52,472,5.550341296928328
11:21:53,472,5.550341296928328
11:21:54,472,5.550341296928328
11:21:55,475,5.55
11:21:56,475,5.55
11:21:57,475,5.550564971751412
11:21:58,477,5.550564971751412
11:21:59,478,5.550564971751412
11:22:00,478,5.5511261261261255
11:22:01,479,5.5511261261261255
11:22:02,480,5.552244668911336
11:22:03,481,5.552244668911336
11:22:04,481,5.552244668911336
11:22:05,481,5.552460850111856
11:22:06,482,5.552460850111856
11:22:07,484,5.552460850111856
11:22:08,484,5.552460850111856
11:22:09,485,5.552460850111856
11:22:10,486,5.552460850111856
11:22:11,486,5.552460850111856
11:22:12,486,5.552460850111856
11:22:13,486,5.552460850111856
11:22:14,487,5.552460850111856
11:22:15,487,5.54866220735786
11:22:16,487,5.54866220735786
11:22:17,487,5.54866220735786
11:22:18,487,5.5562015503875966
11:22:19,487,5.5562015503875966
11:22:20,487,5.576158940397351
11:22:21,487,5.578107810781078
11:22:22,488,5.578107810781078
11:22:23,488,5.583991228070175
11:22:24,488,5.585081967213115
11:22:25,488,5.601416122004357
11:22:26,489,5.601416122004357
11:22:27,489,5.601416122004357
11:22:28,490,5.601416122004357
11:22:29,490,5.601416122004357
11:22:30,490,5.601416122004357
11:22:31,490,5.601416122004357
11:22:32,490,5.601416122004357
11:22:33,490,5.601416122004357
11:22:34,491,5.6034744842562425
11:22:35,491,5.6034744842562425
11:22:36,491,5.6034744842562425
11:22:37,491,5.6034744842562425
11:22:38,491,5.6034744842562425
11:22:39,491,5.600270562770563
11:22:40,491,5.600270562770563
11:22:41,492,5.600270562770563
11:22:42,492,5.600270562770563
11:22:43,492,5.600270562770563
11:22:44,492,5.600270562770563
11:22:45,493,5.600270562770563
11:22:46,493,5.600270562770563
11:22:47,493,5.602804746494067
11:22:48,493,5.602804746494067
11:22:49,494,5.606397849462366
11:22:50,494,5.606397849462366
11:22:51,494,5.606397849462366
11:22:52,495,5.608735262593783
11:22:53,495,5.615651709401709
11:22:54,495,5.615651709401709
11:22:55,496,5.617784877529287
11:22:56,496,5.617784877529287
11:22:57,496,5.617784877529287
11:22:58,496,5.617784877529287
11:22:59,497,5.617784877529287
11:23:00,497,5.617784877529287
11:23:01,497,5.617784877529287
11:23:02,497,5.617784877529287
11:23:03,497,5.6149150743099785
11:23:04,497,5.6149150743099785
11:23:05,497,5.635079365079365
11:23:06,497,5.635079365079365
11:23:07,497,5.635079365079365
11:23:08,497,5.638449367088608
11:23:09,497,5.641377497371189
11:23:10,498,5.641377497371189
11:23:11,498,5.641377497371189
11:23:12,498,5.641377497371189
11:23:13,498,5.643815513626834
11:23:14,498,5.656165099268548
11:23:15,498,5.656165099268548
11:23:16,498,5.656165099268548
11:23:17,498,5.656165099268548
11:23:18,498,5.656165099268548
11:23:19,498,5.656165099268548
11:23:20,498,5.656165099268548
11:23:21,498,5.656165099268548
11:23:22,498,5.656165099268548
11:23:23,498,5.656165099268548
11:23:24,499,5.656165099268548
11:23:25,499,5.656165099268548
11:23:26,499,5.656165099268548
11:23:27,499,5.6575
11:23:28,499,5.6575
11:23:29,499,5.656593977154725
11:23:30,499,5.656593977154725
11:23:31,499,5.656593977154725
11:23:32,499,5.656593977154725
11:23:33,499,5.656593977154725
11:23:34,499,5.656593977154725
11:23:35,499,5.656593977154725
11:23:36,500,5.659907120743034
11:23:37,500,5.659907120743034
11:23:38,500,5.66059670781893
11:23:39,500,5.66059670781893
11:23:40,502,5.66059670781893
11:23:41,502,5.663897435897436
11:23:42,502,5.663897435897436
11:23:43,502,5.667433537832311
11:23:44,502,5.667433537832311
11:23:45,502,5.667433537832311
11:23:46,503,5.667433537832311
11:23:47,503,5.667433537832311
11:23:48,503,5.667433537832311
11:23:49,504,5.677573904179409
11:23:50,504,5.677573904179409
11:23:51,504,5.677573904179409
11:23:52,505,5.681808943089432
11:23:53,505,5.681808943089432
11:23:54,506,5.702127659574469
11:23:55,507,5.702127659574469
11:23:56,507,5.702121212121212
11:23:57,508,5.702121212121212
11:23:58,510,5.702121212121212
11:23:59,510,5.705991943605237
11:24:00,512,5.705991943605237
11:24:01,512,5.705773092369478
11:24:02,514,5.71001001001001
11:24:03,514,5.71001001001001
11:24:04,514,5.71001001001001
11:24:05,515,5.7149700598802395
11:24:06,516,5.7149700598802395
11:24:07,516,5.7196019900497514
11:24:08,516,5.7196019900497514
11:24:09,517,5.7196019900497514
11:24:10,517,5.7196019900497514
11:24:11,517,5.7196019900497514
11:24:12,518,5.7196019900497514
11:24:13,518,5.7196019900497514
11:24:14,518,5.7196019900497514
11:24:15,518,5.7196019900497514
11:24:16,519,5.7196019900497514
11:24:17,519,5.7196019900497514
11:24:18,519,5.7196019900497514
11:24:19,519,5.7196019900497514
11:24:20,519,5.7196019900497514
11:24:21,519,5.7196019900497514
11:24:22,520,5.7196019900497514
11:24:23,520,5.7196019900497514
11:24:24,520,5.7196019900497514
11:24:25,520,5.7196019900497514
11:24:26,520,5.7196019900497514
11:24:27,521,5.72579365079365
11:24:28,521,5.72579365079365
11:24:29,521,5.72579365079365
11:24:30,521,5.724431256181998
11:24:31,522,5.724431256181998
11:24:32,522,5.724431256181998
11:24:33,522,5.724431256181998
11:24:34,522,5.724431256181998
11:24:35,522,5.72534516765286
11:24:36,522,5.72534516765286
11:24:37,522,5.726204523107177
11:24:38,522,5.726204523107177
11:24:39,522,5.726204523107177
11:24:40,523,5.726204523107177
11:24:41,523,5.726204523107177
11:24:42,523,5.726204523107177
11:24:43,523,5.732450980392157
11:24:44,523,5.733431085043988
11:24:45,523,5.733431085043988
11:24:46,523,5.750974658869396
11:24:47,523,5.750974658869396
11:24:48,523,5.750974658869396
11:24:49,523,5.750974658869396
11:24:50,523,5.750974658869396
11:24:51,523,5.754616132167153
11:24:52,523,5.754616132167153
11:24:53,523,5.754616132167153
11:24:54,523,5.771304347826087
11:24:55,523,5.771304347826087
11:24:56,523,5.771304347826087
11:24:57,524,5.771304347826087
11:24:58,524,5.771304347826087
11:24:59,524,5.771304347826087
11:25:00,524,5.771304347826087
11:25:01,525,5.771304347826087
11:25:02,526,5.771304347826087
11:25:03,526,5.777842003853564
11:25:04,527,5.777842003853564
11:25:05,527,5.777842003853564
11:25:06,527,5.777842003853564
11:25:07,528,5.776945244956773
11:25:08,528,5.781232091690544
11:25:09,528,5.781232091690544
11:25:10,528,5.781232091690544
11:25:11,528,5.781232091690544
11:25:12,529,5.781232091690544
11:25:13,529,5.781232091690544
11:25:14,529,5.781232091690544
11:25:15,529,5.781232091690544
11:25:16,530,5.781232091690544
11:25:17,531,5.781232091690544
11:25:18,531,5.782571428571429
11:25:19,531,5.782571428571429
11:25:20,531,5.782571428571429
11:25:21,532,5.782571428571429
11:25:22,532,5.782571428571429
11:25:23,532,5.782571428571429
11:25:24,532,5.782571428571429
11:25:25,533,5.79034090909091
11:25:26,533,5.79034090909091
11:25:27,533,5.79034090909091
11:25:28,533,5.792256846081208
11:25:29,533,5.792256846081208
11:25:30,534,5.792256846081208
11:25:31,534,5.792256846081208
11:25:32,534,5.799623352165725
11:25:33,535,5.799623352165725
11:25:34,535,5.799623352165725
11:25:35,535,5.799623352165725
11:25:36,536,5.799623352165725
11:25:37,537,5.799623352165725
11:25:38,537,5.804788732394367
11:25:39,538,5.804788732394367
11:25:40,538,5.804788732394367
11:25:41,539,5.808286516853932
11:25:42,540,5.8087768440709615
11:25:43,541,5.8087768440709615
11:25:44,541,5.814245810055866
11:25:45,541,5.819405756731663
11:25:46,542,5.826944444444445
11:25:47,542,5.826944444444445
11:25:48,542,5.844967682363804
11:25:49,542,5.844967682363804
11:25:50,543,5.844967682363804
11:25:51,543,5.844967682363804
11:25:52,543,5.844967682363804
11:25:53,544,5.844967682363804
11:25:54,544,5.844967682363804
11:25:55,544,5.844967682363804
11:25:56,544,5.844967682363804
11:25:57,544,5.844967682363804
11:25:58,545,5.844967682363804
11:25:59,545,5.844967682363804
11:26:00,545,5.848020257826888
11:26:01,545,5.848020257826888
11:26:02,545,5.848020257826888
11:26:03,545,5.848020257826888
11:26:04,546,5.848020257826888
11:26:05,546,5.848020257826888
11:26:06,546,5.848020257826888
11:26:07,546,5.86267217630854
11:26:08,547,5.8647893772893775
11:26:09,548,5.8647893772893775
11:26:10,548,5.8647893772893775
11:26:11,549,5.8647893772893775
11:26:12,549,5.868082191780823
11:26:13,549,5.868082191780823
11:26:14,549,5.868082191780823
11:26:15,549,5.873724954462659
11:26:16,549,5.874296094459582
11:26:17,550,5.874296094459582
11:26:18,551,5.87740036231884
11:26:19,551,5.87740036231884
11:26:20,551,5.87740036231884
11:26:21,551,5.892162162162163
11:26:22,552,5.892162162162163
11:26:23,552,5.892162162162163
11:26:24,552,5.892162162162163
11:26:25,553,5.892162162162163
11:26:26,553,5.892162162162163
11:26:27,555,5.893306379155436
11:26:28,555,5.893306379155436
11:26:29,556,5.893306379155436
11:26:30,558,5.896818996415771
11:26:31,558,5.896818996415771
11:26:32,558,5.900893655049151
11:26:33,558,5.900893655049151
11:26:34,559,5.900893655049151
11:26:35,561,5.904857397504457
11:26:36,561,5.904857397504457
11:26:37,561,5.904857397504457
11:26:38,561,5.904857397504457
11:26:39,562,5.904857397504457
11:26:40,563,5.904857397504457
11:26:41,564,5.904857397504457
11:26:42,564,5.907244444444444
11:26:43,564,5.907244444444444
11:26:44,565,5.907244444444444
11:26:45,566,5.907244444444444
11:26:46,566,5.907244444444444
11:26:47,566,5.907244444444444
11:26:48,566,5.907244444444444
11:26:49,566,5.907244444444444
11:26:50,566,5.908909574468085
11:26:51,566,5.908909574468085
11:26:52,567,5.908909574468085
11:26:53,567,5.9148983200707335
11:26:54,567,5.9148983200707335
11:26:55,567,5.9148983200707335
11:26:56,567,5.919047619047619
11:26:57,567,5.919047619047619
11:26:58,567,5.919047619047619
11:26:59,567,5.928935795954265
11:27:00,567,5.928935795954265
11:27:01,567,5.928935795954265
11:27:02,567,5.9337719298245615
11:27:03,567,5.9337719298245615
11:27:04,567,5.938276465441819
11:27:05,567,5.938276465441819
11:27:06,567,5.938276465441819
11:27:07,567,5.945157068062827
11:27:08,567,5.945157068062827
11:27:09,568,5.950609225413403
11:27:10,568,5.950609225413403
11:27:11,568,5.955512152777778
11:27:12,568,5.955512152777778
11:27:13,568,5.955512152777778
11:27:14,568,5.955512152777778
11:27:15,568,5.955512152777778
11:27:16,568,5.955512152777778
11:27:17,568,5.958008658008658
11:27:18,568,5.958008658008658
11:27:19,569,5.963644214162349
11:27:20,569,5.963644214162349
11:27:21,570,5.963644214162349
11:27:22,570,5.968776916451335
11:27:23,570,5.968776916451335
11:27:24,570,5.968776916451335
11:27:25,570,5.968776916451335
11:27:26,570,5.968776916451335
11:27:27,570,5.968776916451335
11:27:28,570,5.968776916451335
11:27:29,570,5.968776916451335
11:27:30,571,5.978178694158076
11:27:31,571,5.978178694158076
11:27:32,571,5.9808911739503
11:27:33,572,5.9808911739503
11:27:34,572,5.9808911739503
11:27:35,572,5.9808911739503
11:27:36,572,5.9808911739503
11:27:37,575,5.9861538461538455
11:27:38,575,5.9861538461538455
11:27:39,575,5.9889599317988065
11:27:40,575,5.9889599317988065
11:27:41,577,5.993664965986395
11:27:42,577,5.993664965986395
11:27:43,579,5.993664965986395
11:27:44,579,5.993664965986395
11:27:45,580,5.993664965986395
11:27:46,582,5.993664965986395
11:27:47,582,5.993664965986395
11:27:48,582,5.993664965986395
11:27:49,583,5.993664965986395
11:27:50,584,5.993664965986395
11:27:51,584,5.993664965986395
11:27:52,584,5.997031382527566
11:27:53,585,5.997031382527566
11:27:54,585,6.002622673434856
11:27:55,585,6.002622673434856
11:27:56,585,6.002622673434856
11:27:57,585,6.009451476793249
11:27:58,586,6.0160353535353535
11:27:59,586,6.0160353535353535
11:28:00,586,6.022712006717044
11:28:01,586,6.022712006717044
11:28:02,587,6.022712006717044
11:28:03,587,6.022712006717044
11:28:04,587,6.022712006717044
11:28:05,587,6.022712006717044
11:28:06,587,6.022712006717044
11:28:07,588,6.022712006717044
11:28:08,588,6.029145728643216
11:28:09,588,6.029145728643216
11:28:10,588,6.029145728643216
11:28:11,588,6.035171261487051
11:28:12,588,6.035171261487051
11:28:13,588,6.045635910224439
11:28:14,588,6.045635910224439
11:28:15,588,6.045635910224439
11:28:16,588,6.050041459369818
11:28:17,588,6.050041459369818
11:28:18,588,6.057071960297766
11:28:19,588,6.057071960297766
11:28:20,588,6.061179867986798
11:28:21,588,6.071316872427984
11:28:22,588,6.071316872427984
11:28:23,588,6.071316872427984
11:28:24,588,6.071316872427984
11:28:25,588,6.071316872427984
11:28:26,588,6.071316872427984
11:28:27,588,6.071316872427984
11:28:28,588,6.071316872427984
11:28:29,588,6.071316872427984
11:28:30,588,6.078817733990148
11:28:31,588,6.078817733990148
11:28:32,589,6.082637182637183
11:28:33,590,6.082637182637183
11:28:34,590,6.082637182637183
11:28:35,590,6.082637182637183
11:28:36,591,6.082637182637183
11:28:37,592,6.082637182637183
11:28:38,592,6.082637182637183
11:28:39,592,6.082637182637183
11:28:40,593,6.085416666666666
11:28:41,593,6.085416666666666
11:28:42,593,6.085416666666666
11:28:43,593,6.085416666666666
11:28:44,593,6.092257538712306
11:28:45,594,6.092257538712306
11:28:46,594,6.099471544715446
11:28:47,594,6.099471544715446
11:28:48,594,6.099471544715446
11:28:49,594,6.099471544715446
11:28:50,594,6.1068937550689375
11:28:51,595,6.1068937550689375
11:28:52,595,6.1068937550689375
11:28:53,595,6.1068937550689375
11:28:54,596,6.1068937550689375
11:28:55,596,6.111286407766991
11:28:56,596,6.111286407766991
11:28:57,596,6.111286407766991
11:28:58,596,6.111286407766991
11:28:59,597,6.111286407766991
11:29:00,597,6.111286407766991
11:29:01,597,6.1188054882970135
11:29:02,597,6.1188054882970135
11:29:03,597,6.1188054882970135
11:29:04,597,6.125080515297907
11:29:05,597,6.125080515297907
11:29:06,597,6.132489959839358
11:29:07,597,6.139663461538461
11:29:08,597,6.139663461538461
11:29:09,597,6.148161470823341
11:29:10,597,6.148161470823341
11:29:11,597,6.148161470823341
11:29:12,597,6.151435406698565
11:29:13,597,6.151435406698565
11:29:14,597,6.151435406698565
11:29:15,597,6.1624105011933175
11:29:16,597,6.1624105011933175
11:29:17,597,6.1624105011933175
11:29:18,597,6.166825396825397
11:29:19,597,6.166825396825397
11:29:20,597,6.166825396825397
11:29:21,597,6.17264449722882
11:29:22,597,6.181121642969984
11:29:23,597,6.181121642969984
11:29:24,597,6.181121642969984
11:29:25,598,6.188219070133964
11:29:26,598,6.188219070133964
11:29:27,598,6.188219070133964
11:29:28,598,6.188219070133964
11:29:29,598,6.188219070133964
11:29:30,598,6.188219070133964
11:29:31,598,6.196894654088051
11:29:32,598,6.196894654088051
11:29:33,598,6.196894654088051
11:29:34,598,6.196894654088051
11:29:35,598,6.196894654088051
11:29:36,598,6.196894654088051
11:29:37,598,6.200823529411765
11:29:38,599,6.200823529411765
11:29:39,599,6.200823529411765
11:29:40,599,6.200823529411765
11:29:41,600,6.200823529411765
11:29:42,601,6.209115805946792
11:29:43,601,6.209115805946792
11:29:44,601,6.209115805946792
11:29:45,602,6.209115805946792
11:29:46,602,6.209115805946792
11:29:47,603,6.209115805946792
11:29:48,603,6.209115805946792
11:29:49,604,6.213348946135832
11:29:50,604,6.213348946135832
11:29:51,604,6.221767912772586
11:29:52,604,6.221767912772586
11:29:53,604,6.221767912772586
11:29:54,604,6.23034188034188
11:29:55,605,6.23034188034188
11:29:56,605,6.237984496124031
11:29:57,605,6.237984496124031
11:29:58,605,6.237984496124031
11:29:59,606,6.237984496124031
11:30:00,606,6.237984496124031
11:30:01,606,6.248221191028616
11:30:02,606,6.248221191028616
11:30:03,607,6.253086419753086
11:30:04,607,6.253086419753086
11:30:05,608,6.261816782140107
11:30:06,608,6.261816782140107
11:30:07,608,6.261816782140107
11:30:08,608,6.261816782140107
11:30:09,609,6.261816782140107
11:30:10,609,6.261816782140107
11:30:11,609,6.261816782140107
11:30:12,609,6.266321044546851
11:30:13,610,6.266321044546851
11:30:14,611,6.266321044546851
11:30:15,611,6.266321044546851
11:30:16,611,6.266321044546851
11:30:17,611,6.266321044546851
11:30:18,611,6.276091954022989
11:30:19,612,6.276091954022989
11:30:20,612,6.276091954022989
11:30:21,612,6.276091954022989
11:30:22,612,6.276091954022989
11:30:23,613,6.285894495412844
11:30:24,613,6.285894495412844
11:30:25,613,6.285894495412844
11:30:26,613,6.285894495412844
11:30:27,613,6.30220700152207
11:30:28,615,6.30220700152207
11:30:29,616,6.30220700152207
11:30:30,616,6.309908883826879
11:30:31,617,6.309908883826879
11:30:32,617,6.309908883826879
11:30:33,617,6.309908883826879
11:30:34,618,6.309908883826879
11:30:35,618,6.309908883826879
11:30:36,618,6.309908883826879
11:30:37,618,6.309908883826879
11:30:38,619,6.32358276643991
11:30:39,620,6.32358276643991
11:30:40,621,6.32358276643991
11:30:41,621,6.32358276643991
11:30:42,621,6.32358276643991
11:30:43,623,6.333672699849171
11:30:44,623,6.333672699849171
11:30:45,623,6.333672699849171
11:30:46,624,6.333672699849171
11:30:47,626,6.333672699849171
11:30:48,626,6.333672699849171
11:30:49,627,6.333672699849171
11:30:50,627,6.333672699849171
11:30:51,627,6.333672699849171
11:30:52,627,6.344808126410835
11:30:53,627,6.344808126410835
11:30:54,627,6.344808126410835
11:30:55,627,6.3505255255255255
11:30:56,627,6.3505255255255255
11:30:57,627,6.3505255255255255
11:30:58,627,6.363602391629297
11:30:59,627,6.363602391629297
11:31:00,627,6.363602391629297
11:31:01,627,6.367300521998508
11:31:02,627,6.367300521998508
11:31:03,627,6.367300521998508
11:31:04,627,6.374330357142857
11:31:05,627,6.374330357142857
11:31:06,627,6.374330357142857
11:31:07,627,6.374330357142857
11:31:08,627,6.374330357142857
11:31:09,627,6.374330357142857
11:31:10,627,6.374330357142857
11:31:11,627,6.374330357142857
11:31:12,627,6.374330357142857
11:31:13,627,6.391
11:31:14,628,6.391
11:31:15,629,6.401515151515151
11:31:16,629,6.401515151515151
11:31:17,629,6.401515151515151
11:31:18,629,6.411946902654867
11:31:19,631,6.411946902654867
11:31:20,631,6.411946902654867
11:31:21,631,6.422185430463576
11:31:22,631,6.422185430463576
11:31:23,631,6.422185430463576
11:31:24,631,6.422185430463576
11:31:25,631,6.422185430463576
11:31:26,631,6.422185430463576
11:31:27,631,6.422185430463576
11:31:28,631,6.422185430463576
11:31:29,631,6.422185430463576
11:31:30,631,6.422185430463576
11:31:31,631,6.422185430463576
11:31:32,631,6.422185430463576
11:31:33,631,6.4321953010279005
11:31:34,631,6.438021978021978
11:31:35,631,6.438021978021978
11:31:36,631,6.440826023391812
11:31:37,631,6.440826023391812
11:31:38,631,6.440826023391812
11:31:39,631,6.440826023391812
11:31:40,631,6.440826023391812
11:31:41,631,6.440826023391812
11:31:42,631,6.452771699489423
11:31:43,631,6.452771699489423
11:31:44,631,6.452771699489423
11:31:45,631,6.458042212518195
11:31:46,631,6.458042212518195
11:31:47,632,6.458042212518195
11:31:48,632,6.463507625272331
11:31:49,632,6.463507625272331
11:31:50,632,6.474710144927537
11:31:51,632,6.474710144927537
11:31:52,632,6.491810966810967
11:31:53,632,6.491810966810967
11:31:54,632,6.491810966810967
11:31:55,633,6.491810966810967
11:31:56,633,6.491810966810967
11:31:57,633,6.491810966810967
11:31:58,633,6.491810966810967
11:31:59,633,6.491810966810967
11:32:00,633,6.491810966810967
11:32:01,633,6.491810966810967
11:32:02,633,6.491810966810967
11:32:03,633,6.491810966810967
11:32:04,633,6.491810966810967
11:32:05,634,6.504139668826494
11:32:06,634,6.504139668826494
11:32:07,634,6.504139668826494
11:32:08,634,6.5153735632183905
11:32:09,634,6.5153735632183905
11:32:10,634,6.5153735632183905
11:32:11,634,6.5153735632183905
11:32:12,635,6.519462365591398
11:32:13,635,6.519462365591398
11:32:14,635,6.519462365591398
11:32:15,635,6.519462365591398
11:32:16,635,6.519462365591398
11:32:17,635,6.519462365591398
11:32:18,635,6.519462365591398
11:32:19,636,6.519462365591398
11:32:20,637,6.519462365591398
11:32:21,637,6.524070100143062
11:32:22,639,6.524070100143062
11:32:23,639,6.524070100143062
11:32:24,639,6.5347608850820835
11:32:25,640,6.5347608850820835
11:32:26,640,6.5347608850820835
11:32:27,640,6.5347608850820835
11:32:28,641,6.545904558404558
11:32:29,643,6.545904558404558
11:32:30,643,6.545904558404558
11:32:31,644,6.545904558404558
11:32:32,644,6.5581734186211795
11:32:33,645,6.5581734186211795
11:32:34,645,6.569574468085106
11:32:35,647,6.569574468085106
11:32:36,648,6.569574468085106
11:32:37,648,6.569574468085106
11:32:38,648,6.569574468085106
11:32:39,651,6.569574468085106
11:32:40,651,6.578308563340411
11:32:41,651,6.582309322033898
11:32:42,652,6.582309322033898
11:32:43,653,6.582309322033898
11:32:44,653,6.589605355884426
11:32:45,653,6.589605355884426
11:32:46,654,6.593846694796062
11:32:47,654,6.593846694796062
11:32:48,654,6.593846694796062
11:32:49,655,6.593846694796062
11:32:50,655,6.593846694796062
11:32:51,656,6.593846694796062
11:32:52,656,6.593846694796062
11:32:53,656,6.614110644257703
11:32:54,657,6.614110644257703
11:32:55,657,6.614110644257703
11:32:56,657,6.624842767295598
11:32:57,659,6.624842767295598
11:32:58,659,6.636994421199442
11:32:59,659,6.636994421199442
11:33:00,660,6.636994421199442
11:33:01,662,6.636994421199442
11:33:02,662,6.636994421199442
11:33:03,664,6.636994421199442
11:33:04,665,6.642032011134307
11:33:05,665,6.642032011134307
11:33:06,666,6.642032011134307
11:33:07,667,6.642032011134307
11:33:08,667,6.642032011134307
11:33:09,668,6.642032011134307
11:33:10,668,6.642032011134307
11:33:11,669,6.642032011134307
11:33:12,669,6.651388888888889
11:33:13,670,6.657068607068608
11:33:14,670,6.657068607068608
11:33:15,670,6.669502074688796
11:33:16,672,6.669502074688796
11:33:17,672,6.669502074688796
11:33:18,672,6.669502074688796
11:33:19,673,6.683057280883367
11:33:20,674,6.683057280883367
11:33:21,674,6.683057280883367
11:33:22,674,6.683057280883367
11:33:23,675,6.683057280883367
11:33:24,676,6.683057280883367
11:33:25,676,6.683057280883367
11:33:26,677,6.683057280883367
11:33:27,678,6.683057280883367
11:33:28,678,6.683057280883367
11:33:29,678,6.683057280883367
11:33:30,679,6.700618556701031
11:33:31,679,6.700618556701031
11:33:32,679,6.700618556701031
11:33:33,679,6.704355281207133
11:33:34,681,6.704355281207133
11:33:35,681,6.704355281207133
11:33:36,681,6.716906228610541
11:33:37,681,6.716906228610541
11:33:38,682,6.716906228610541
11:33:39,682,6.716906228610541
11:33:40,682,6.716906228610541
11:33:41,683,6.716906228610541
11:33:42,684,6.716906228610541
11:33:43,684,6.716906228610541
11:33:44,685,6.716906228610541
11:33:45,686,6.727356557377049
11:33:46,687,6.7315950920245395
11:33:47,688,6.7315950920245395
11:33:48,689,6.743843537414966
11:33:49,689,6.743843537414966
11:33:50,689,6.754344874405974
11:33:51,690,6.754344874405974
11:33:52,691,6.754344874405974
11:33:53,691,6.754344874405974
11:33:54,691,6.759959349593497
11:33:55,693,6.759959349593497
11:33:56,693,6.759959349593497
11:33:57,693,6.759959349593497
11:33:58,693,6.759959349593497
11:33:59,694,6.759959349593497
11:34:00,694,6.759959349593497
11:34:01,694,6.7703853955375255
11:34:02,695,6.776754385964912
11:34:03,695,6.776754385964912
11:34:04,695,6.7835353535353535
11:34:05,695,6.789247311827958
11:34:06,695,6.793326626425218
11:34:07,695,6.804016064257028
11:34:08,696,6.804016064257028
11:34:09,696,6.804016064257028
11:34:10,696,6.804016064257028
11:34:11,697,6.804016064257028
11:34:12,697,6.804016064257028
11:34:13,697,6.804016064257028
11:34:14,697,6.804016064257028
11:34:15,698,6.804016064257028
11:34:16,698,6.804016064257028
11:34:17,698,6.804016064257028
11:34:18,698,6.804016064257028
11:34:19,699,6.804016064257028
11:34:20,699,6.808049432197729
11:34:21,700,6.808049432197729
11:34:22,700,6.808049432197729
11:34:23,700,6.8215
11:34:24,700,6.835163007318696
11:34:25,702,6.835163007318696
11:34:26,702,6.842231075697211
11:34:27,702,6.842231075697211
11:34:28,703,6.842231075697211
11:34:29,703,6.846885354539429
11:34:30,703,6.846885354539429
11:34:31,703,6.846885354539429
11:34:32,703,6.8542328042328045
11:34:33,703,6.8542328042328045
11:34:34,703,6.8542328042328045
11:34:35,703,6.8542328042328045
11:34:36,703,6.8542328042328045
11:34:37,703,6.862310231023102
11:34:38,703,6.862310231023102
11:34:39,703,6.875494071146245
11:34:40,703,6.875494071146245
11:34:41,703,6.875494071146245
11:34:42,703,6.875494071146245
11:34:43,704,6.875494071146245
11:34:44,704,6.889107611548556
11:34:45,705,6.889107611548556
11:34:46,705,6.889107611548556
11:34:47,705,6.889107611548556
11:34:48,705,6.889107611548556
11:34:49,706,6.889107611548556
11:34:50,706,6.900294695481336
11:34:51,706,6.906993464052288
11:34:52,706,6.906993464052288
11:34:53,707,6.906993464052288
11:34:54,707,6.910926288323549
11:34:55,707,6.910926288323549
11:34:56,708,6.910926288323549
11:34:57,708,6.910926288323549
11:34:58,708,6.910926288323549
11:34:59,708,6.922526041666667
11:35:00,709,6.922526041666667
11:35:01,709,6.922526041666667
11:35:02,709,6.922526041666667
11:35:03,710,6.922526041666667
11:35:04,710,6.922526041666667
11:35:05,710,6.922526041666667
11:35:06,710,6.922526041666667
11:35:07,710,6.922526041666667
11:35:08,710,6.922526041666667
11:35:09,710,6.922526041666667
11:35:10,710,6.922526041666667
11:35:11,710,6.936907082521118
11:35:12,710,6.9429961089494165
11:35:13,710,6.9429961089494165
11:35:14,710,6.9429961089494165
11:35:15,710,6.947766990291262
11:35:16,711,6.947766990291262
11:35:17,711,6.947766990291262
11:35:18,711,6.947766990291262
11:35:19,711,6.947766990291262
11:35:20,711,6.947766990291262
11:35:21,711,6.95610465116279
11:35:22,711,6.95610465116279
11:35:23,711,6.95610465116279
11:35:24,711,6.963378465506125
11:35:25,711,6.963378465506125
11:35:26,711,6.963378465506125
11:35:27,711,6.968693693693694
11:35:28,713,6.9725112395632625
11:35:29,713,6.9725112395632625
11:35:30,713,6.9725112395632625
11:35:31,714,6.9725112395632625
11:35:32,714,6.9725112395632625
11:35:33,714,6.9812179487179495
11:35:34,714,6.9812179487179495
11:35:35,714,6.9812179487179495
11:35:36,715,6.9812179487179495
11:35:37,716,6.9812179487179495
11:35:38,717,6.9812179487179495
11:35:39,717,6.996647509578543
11:35:40,717,6.996647509578543
11:35:41,718,6.996647509578543
11:35:42,718,7.001242829827916
11:35:43,719,7.006106870229007
11:35:44,719,7.006106870229007
11:35:45,719,7.006106870229007
11:35:46,721,7.012444444444444
11:35:47,721,7.012444444444444
11:35:48,721,7.012444444444444
11:35:49,721,7.012444444444444
11:35:50,723,7.0246831432192645
11:35:51,723,7.0246831432192645
11:35:52,724,7.0246831432192645
11:35:53,724,7.0246831432192645
11:35:54,724,7.0246831432192645
11:35:55,724,7.0246831432192645
11:35:56,724,7.0246831432192645
11:35:57,724,7.040132827324479
11:35:58,724,7.040132827324479
11:35:59,724,7.040132827324479
11:36:00,724,7.044854797979798
11:36:01,724,7.044854797979798
11:36:02,724,7.044854797979798
11:36:03,724,7.058506616257089
11:36:04,724,7.058506616257089
11:36:05,724,7.058506616257089
11:36:06,724,7.063427672955975
11:36:07,724,7.063427672955975
11:36:08,725,7.063427672955975
11:36:09,726,7.063427672955975
11:36:10,726,7.063427672955975
11:36:11,726,7.063427672955975
11:36:12,726,7.063427672955975
11:36:13,727,7.063427672955975
11:36:14,727,7.063427672955975
11:36:15,727,7.066352793471437
11:36:16,727,7.066352793471437
11:36:17,728,7.066352793471437
11:36:18,728,7.066352793471437
11:36:19,728,7.066352793471437
11:36:20,729,7.072681704260651
11:36:21,729,7.072681704260651
11:36:22,729,7.072681704260651
11:36:23,729,7.072681704260651
11:36:24,729,7.072681704260651
11:36:25,729,7.086366479049405
11:36:26,729,7.086366479049405
11:36:27,730,7.086366479049405
11:36:28,730,7.094475655430712
11:36:29,730,7.100218068535826
11:36:30,732,7.100218068535826
11:36:31,732,7.110292288557214
11:36:32,732,7.110292288557214
11:36:33,732,7.115394165114836
11:36:34,733,7.12233581164808
11:36:35,733,7.12752009894867
11:36:36,733,7.13074074074074
11:36:37,733,7.13074074074074
11:36:38,733,7.13074074074074
11:36:39,733,7.13074074074074
11:36:40,733,7.13074074074074
11:36:41,733,7.13074074074074
11:36:42,733,7.13074074074074
11:36:43,733,7.13074074074074
11:36:44,733,7.13074074074074
11:36:45,733,7.13074074074074
11:36:46,733,7.13074074074074
11:36:47,733,7.135335797905114
11:36:48,733,7.135335797905114
11:36:49,733,7.14920049200492
11:36:50,733,7.14920049200492
11:36:51,733,7.14920049200492
11:36:52,733,7.14920049200492
11:36:53,733,7.163198281154082
11:36:54,733,7.163198281154082
11:36:55,733,7.166329656862745
11:36:56,733,7.166329656862745
11:36:57,733,7.17256880733945
11:36:58,733,7.17256880733945
11:36:59,733,7.17256880733945
11:37:00,733,7.17256880733945
11:37:01,733,7.17256880733945
11:37:02,733,7.17256880733945
11:37:03,733,7.17256880733945
11:37:04,733,7.17256880733945
11:37:05,733,7.17256880733945
11:37:06,734,7.176770451770452
11:37:07,734,7.176770451770452
11:37:08,734,7.176770451770452
11:37:09,734,7.176770451770452
11:37:10,735,7.176770451770452
11:37:11,735,7.176770451770452
11:37:12,735,7.176770451770452
11:37:13,736,7.176770451770452
11:37:14,736,7.176770451770452
11:37:15,736,7.176770451770452
11:37:16,736,7.176770451770452
11:37:17,736,7.184673979280927
11:37:18,737,7.184673979280927
11:37:19,737,7.184673979280927
11:37:20,737,7.191392944038929
11:37:21,737,7.195992714025501
11:37:22,737,7.195992714025501
11:37:23,738,7.195992714025501
11:37:24,738,7.205060606060607
11:37:25,738,7.205060606060607
11:37:26,739,7.209286146400484
11:37:27,739,7.209286146400484
11:37:28,739,7.209286146400484
11:37:29,739,7.216666666666667
11:37:30,740,7.216666666666667
11:37:31,740,7.216666666666667
11:37:32,740,7.216666666666667
11:37:33,740,7.216666666666667
11:37:34,740,7.216666666666667
11:37:35,740,7.216666666666667
11:37:36,740,7.216666666666667
11:37:37,740,7.216666666666667
11:37:38,740,7.216666666666667
11:37:39,740,7.216666666666667
11:37:40,740,7.233874849578821
11:37:41,740,7.233874849578821
11:37:42,740,7.233874849578821
11:37:43,740,7.233874849578821
11:37:44,740,7.246636636636636
11:37:45,740,7.246636636636636
11:37:46,741,7.252368105515587
11:37:47,741,7.252368105515587
11:37:48,741,7.252368105515587
11:37:49,741,7.252368105515587
11:37:50,742,7.252368105515587
11:37:51,742,7.252368105515587
11:37:52,742,7.252368105515587
11:37:53,742,7.252368105515587
11:37:54,742,7.257510472770796
11:37:55,742,7.2612903225806456
11:37:56,743,7.2612903225806456
11:37:57,743,7.2612903225806456
11:37:58,743,7.2612903225806456
11:37:59,744,7.2612903225806456
11:38:00,744,7.2612903225806456
11:38:01,745,7.2612903225806456
11:38:02,745,7.2612903225806456
11:38:03,745,7.2612903225806456
11:38:04,746,7.2612903225806456
11:38:05,747,7.2612903225806456
11:38:06,748,7.2612903225806456
11:38:07,748,7.2612903225806456
11:38:08,748,7.270661896243292
11:38:09,748,7.270661896243292
11:38:10,748,7.270661896243292
11:38:11,748,7.283065476190476
11:38:12,748,7.283065476190476
11:38:13,748,7.283065476190476
11:38:14,748,7.296137849079026
11:38:15,748,7.296137849079026
11:38:16,748,7.298398576512455
11:38:17,748,7.298398576512455
11:38:18,748,7.304588513913559
11:38:19,748,7.304588513913559
11:38:20,748,7.304588513913559
11:38:21,749,7.304588513913559
11:38:22,749,7.304588513913559
11:38:23,749,7.304588513913559
11:38:24,750,7.314154846335698
11:38:25,750,7.314154846335698
11:38:26,750,7.314154846335698
11:38:27,750,7.314154846335698
11:38:28,750,7.322241887905605
11:38:29,750,7.326737338044759
11:38:30,750,7.33286302175191
11:38:31,750,7.33286302175191
11:38:32,750,7.341872065727699
11:38:33,751,7.341872065727699
11:38:34,751,7.341872065727699
11:38:35,751,7.341872065727699
11:38:36,752,7.354657293497364
11:38:37,752,7.354657293497364
11:38:38,752,7.354657293497364
11:38:39,752,7.354657293497364
11:38:40,752,7.354657293497364
11:38:41,752,7.354657293497364
11:38:42,752,7.354657293497364
11:38:43,752,7.360584795321638
11:38:44,752,7.360584795321638
11:38:45,752,7.3636310566258025
11:38:46,752,7.3636310566258025
11:38:47,752,7.365268065268065
11:38:48,752,7.365268065268065
11:38:49,752,7.373054587688734
11:38:50,752,7.373054587688734
11:38:51,752,7.373054587688734
11:38:52,752,7.373054587688734
11:38:53,752,7.373054587688734
11:38:54,752,7.373054587688734
11:38:55,752,7.373054587688734
11:38:56,752,7.373054587688734
11:38:57,752,7.373054587688734
11:38:58,752,7.373054587688734
11:38:59,752,7.373054587688734
11:39:00,752,7.381652173913043
11:39:01,752,7.381652173913043
11:39:02,752,7.391203703703704
11:39:03,752,7.391203703703704
11:39:04,753,7.391203703703704
11:39:05,753,7.404043905257077
11:39:06,753,7.404043905257077
11:39:07,754,7.413062283737024
11:39:08,754,7.413062283737024
11:39:09,754,7.413062283737024
11:39:10,754,7.420293609671848
11:39:11,755,7.420293609671848
11:39:12,755,7.420293609671848
11:39:13,756,7.420293609671848
11:39:14,757,7.420293609671848
11:39:15,757,7.420293609671848
11:39:16,757,7.420293609671848
11:39:17,757,7.427194492254733
11:39:18,758,7.427194492254733
11:39:19,758,7.429524627720505
11:39:20,758,7.431417953116067
11:39:21,758,7.431417953116067
11:39:22,759,7.431417953116067
11:39:23,759,7.431417953116067
11:39:24,759,7.431417953116067
11:39:25,760,7.431417953116067
11:39:26,760,7.431417953116067
11:39:27,760,7.4369863013698625
11:39:28,760,7.4369863013698625
11:39:29,760,7.4369863013698625
11:39:30,760,7.444330484330484
11:39:31,760,7.444330484330484
11:39:32,760,7.444330484330484
11:39:33,760,7.444330484330484
11:39:34,760,7.444330484330484
11:39:35,760,7.446814562002276
11:39:36,760,7.448211243611584
11:39:37,760,7.448211243611584
11:39:38,760,7.448211243611584
11:39:39,760,7.448211243611584
11:39:40,760,7.448211243611584
11:39:41,760,7.454450113378685
11:39:42,761,7.454450113378685
11:39:43,761,7.454450113378685
11:39:44,761,7.454450113378685
11:39:45,761,7.454450113378685
11:39:46,761,7.459337860780985
11:39:47,761,7.459337860780985
11:39:48,761,7.459337860780985
11:39:49,761,7.459337860780985
11:39:50,761,7.459337860780985
11:39:51,761,7.469152542372881
11:39:52,761,7.469152542372881
11:39:53,761,7.469152542372881
11:39:54,761,7.473547659334461
11:39:55,761,7.473547659334461
11:39:56,761,7.473547659334461
11:39:57,762,7.486036036036037
11:39:58,763,7.486036036036037
11:39:59,763,7.486036036036037
11:40:00,763,7.486036036036037
11:40:01,763,7.486036036036037
11:40:02,764,7.486036036036037
11:40:03,764,7.486036036036037
11:40:04,764,7.496261944912873
11:40:05,764,7.496261944912873
11:40:06,764,7.496261944912873
11:40:07,764,7.496261944912873
11:40:08,764,7.499298540965208
11:40:09,765,7.501512605042017
11:40:10,765,7.501512605042017
11:40:11,765,7.504921700223714
11:40:12,765,7.509547738693468
11:40:13,766,7.5214882943143815
11:40:14,766,7.5214882943143815
11:40:15,766,7.52212020033389
11:40:16,766,7.52212020033389
11:40:17,766,7.52212020033389
11:40:18,767,7.52212020033389
11:40:19,767,7.52212020033389
11:40:20,767,7.529916666666667
11:40:21,769,7.529916666666667
11:40:22,769,7.529916666666667
11:40:23,770,7.534109816971713
11:40:24,770,7.534109816971713
11:40:25,770,7.534109816971713
11:40:26,770,7.534109816971713
11:40:27,770,7.534109816971713
11:40:28,772,7.538565891472868
11:40:29,772,7.538565891472868
11:40:30,772,7.538565891472868
11:40:31,772,7.545163073521282
11:40:32,772,7.555463576158941
11:40:33,772,7.555463576158941
11:40:34,772,7.555463576158941
11:40:35,772,7.555463576158941
11:40:36,772,7.555463576158941
11:40:37,772,7.555463576158941
11:40:38,773,7.555463576158941
11:40:39,773,7.555463576158941
11:40:40,773,7.555463576158941
11:40:41,773,7.562892561983471
11:40:42,773,7.562892561983471
11:40:43,773,7.564438943894389
11:40:44,773,7.564438943894389
11:40:45,773,7.573256452498627
11:40:46,773,7.573256452498627
11:40:47,774,7.574424342105263
11:40:48,774,7.574424342105263
11:40:49,774,7.574424342105263
11:40:50,774,7.574424342105263
11:40:51,774,7.574424342105263
11:40:52,775,7.574424342105263
11:40:53,775,7.574424342105263
11:40:54,775,7.583524904214559
11:40:55,776,7.583524904214559
11:40:56,776,7.583524904214559
11:40:57,777,7.583524904214559
11:40:58,777,7.584125683060109
11:40:59,778,7.584125683060109
11:41:00,778,7.584125683060109
11:41:01,778,7.588652482269504
11:41:02,778,7.588652482269504
11:41:03,779,7.588652482269504
11:41:04,779,7.588652482269504
11:41:05,779,7.588652482269504
11:41:06,779,7.588652482269504
11:41:07,779,7.588652482269504
11:41:08,779,7.588652482269504
11:41:09,779,7.588652482269504
11:41:10,779,7.594117647058823
11:41:11,780,7.594117647058823
11:41:12,780,7.594117647058823
11:41:13,780,7.604323001631321
11:41:14,780,7.604323001631321
11:41:15,781,7.604323001631321
11:41:16,781,7.604323001631321
11:41:17,781,7.604323001631321
11:41:18,782,7.604323001631321
11:41:19,782,7.604323001631321
11:41:20,782,7.609609120521172
11:41:21,782,7.610352303523035
11:41:22,782,7.610352303523035
11:41:23,783,7.621536796536797
11:41:24,783,7.621536796536797
11:41:25,783,7.621536796536797
11:41:26,784,7.621536796536797
11:41:27,784,7.627579686655862
11:41:28,784,7.627579686655862
11:41:29,785,7.627579686655862
11:41:30,785,7.629989212513484
11:41:31,786,7.629989212513484
11:41:32,786,7.632444803446419
11:41:33,786,7.632444803446419
11:41:34,787,7.632444803446419
11:41:35,788,7.639193548387097
11:41:36,788,7.639193548387097
11:41:37,788,7.644793344068706
11:41:38,788,7.658172561629153
11:41:39,788,7.661476725521669
11:41:40,789,7.661476725521669
11:41:41,789,7.661476725521669
11:41:42,789,7.661476725521669
11:41:43,789,7.661476725521669
11:41:44,790,7.665117521367521
11:41:45,790,7.665117521367521
11:41:46,790,7.672
11:41:47,790,7.673722044728435
11:41:48,790,7.673722044728435
11:41:49,791,7.676368952684742
11:41:50,791,7.676368952684742
11:41:51,791,7.679140127388535
11:41:52,791,7.679140127388535
11:41:53,791,7.679140127388535
11:41:54,792,7.679140127388535
11:41:55,793,7.681160572337044
11:41:56,793,7.681160572337044
11:41:57,793,7.681160572337044
11:41:58,794,7.693359788359788
11:41:59,795,7.693359788359788
11:42:00,795,7.693359788359788
11:42:01,796,7.703618594823032
11:42:02,798,7.703618594823032
11:42:03,798,7.703618594823032
11:42:04,799,7.703618594823032
11:42:05,799,7.703618594823032
11:42:06,799,7.7085970464135025
11:42:07,800,7.7098999473407055
11:42:08,800,7.7098999473407055
11:42:09,800,7.7098999473407055
11:42:10,800,7.7098999473407055
11:42:11,802,7.7098999473407055
11:42:12,802,7.718950131233596
11:42:13,802,7.718950131233596
11:42:14,804,7.718950131233596
11:42:15,804,7.718950131233596
11:42:16,804,7.718950131233596
11:42:17,805,7.718950131233596
11:42:18,805,7.72164570230608
11:42:19,805,7.72164570230608
11:42:20,806,7.72164570230608
11:42:21,806,7.7236787022501305
11:42:22,806,7.7236787022501305
11:42:23,809,7.7236787022501305
11:42:24,809,7.7297544409613375
11:42:25,809,7.7297544409613375
11:42:26,811,7.7297544409613375
11:42:27,812,7.7327073552425665
11:42:28,812,7.7327073552425665
11:42:29,814,7.7327073552425665
11:42:30,815,7.7327073552425665
11:42:31,815,7.7327073552425665
11:42:32,816,7.7327073552425665
11:42:33,816,7.7327073552425665
11:42:34,818,7.7327073552425665
11:42:35,818,7.7327073552425665
11:42:36,820,7.7327073552425665
11:42:37,820,7.73625
11:42:38,820,7.73625
11:42:39,820,7.73625
11:42:40,822,7.739677587103484
11:42:41,822,7.741692627206646
11:42:42,823,7.741692627206646
11:42:43,824,7.741692627206646
11:42:44,824,7.741692627206646
11:42:45,825,7.744504924831519
11:42:46,825,7.744504924831519
11:42:47,825,7.744504924831519
11:42:48,826,7.744504924831519
11:42:49,826,7.744504924831519
11:42:50,826,7.744504924831519
11:42:51,827,7.744504924831519
11:42:52,827,7.754503105590062
11:42:53,827,7.754503105590062
11:42:54,829,7.754503105590062
11:42:55,830,7.761274509803922
11:42:56,830,7.761274509803922
11:42:57,830,7.761274509803922
11:42:58,831,7.761274509803922
11:42:59,832,7.761274509803922
11:43:00,832,7.763833075734158
11:43:01,833,7.763833075734158
11:43:02,833,7.763833075734158
11:43:03,833,7.771058038007191
11:43:04,834,7.784205128205128
11:43:05,834,7.784205128205128
11:43:06,834,7.784205128205128
11:43:07,834,7.784205128205128
11:43:08,835,7.784205128205128
11:43:09,835,7.784205128205128
11:43:10,835,7.786635944700461
11:43:11,836,7.786635944700461
11:43:12,836,7.790286298568507
11:43:13,838,7.790286298568507
11:43:14,839,7.790286298568507
11:43:15,839,7.79395099540582
11:43:16,839,7.79395099540582
11:43:17,840,7.79395099540582
11:43:18,840,7.79395099540582
11:43:19,840,7.79395099540582
11:43:20,841,7.79395099540582
11:43:21,841,7.79395099540582
11:43:22,841,7.79395099540582
11:43:23,842,7.79395099540582
11:43:24,842,7.79395099540582
11:43:25,842,7.79395099540582
11:43:26,842,7.79395099540582
11:43:27,842,7.79395099540582
11:43:28,842,7.800688073394496
11:43:29,842,7.802849872773537
11:43:30,842,7.802849872773537
11:43:31,842,7.802849872773537
11:43:32,842,7.806377032520325
11:43:33,842,7.806377032520325
11:43:34,842,7.806377032520325
11:43:35,842,7.806377032520325
11:43:36,842,7.806377032520325
11:43:37,842,7.806377032520325
11:43:38,842,7.806377032520325
11:43:39,843,7.806377032520325
11:43:40,843,7.806377032520325
11:43:41,843,7.815068493150685
11:43:42,844,7.815068493150685
11:43:43,844,7.815068493150685
11:43:44,844,7.823166413758219
11:43:45,844,7.823166413758219
11:43:46,844,7.823166413758219
11:43:47,844,7.823166413758219
11:43:48,844,7.823166413758219
11:43:49,844,7.823166413758219
11:43:50,844,7.823166413758219
11:43:51,844,7.823166413758219
11:43:52,845,7.823166413758219
11:43:53,845,7.835782828282828
11:43:54,845,7.835782828282828
11:43:55,847,7.839838628340898
11:43:56,847,7.839838628340898
11:43:57,847,7.839838628340898
11:43:58,847,7.839838628340898
11:43:59,848,7.839838628340898
11:44:00,848,7.839838628340898
11:44:01,848,7.8431268882175225
11:44:02,848,7.847586726998491
11:44:03,849,7.850251004016064
11:44:04,849,7.850251004016064
11:44:05,849,7.854937343358396
11:44:06,849,7.854937343358396
11:44:07,849,7.854937343358396
11:44:08,850,7.8597597597597595
11:44:09,850,7.8597597597597595
11:44:10,850,7.8597597597597595
11:44:11,850,7.864042978510744
11:44:12,850,7.864042978510744
11:44:13,850,7.864042978510744
11:44:14,850,7.864042978510744
11:44:15,850,7.864042978510744
11:44:16,850,7.867564870259481
11:44:17,850,7.867564870259481
11:44:18,850,7.873692077727952
11:44:19,850,7.873692077727952
11:44:20,850,7.873692077727952
11:44:21,850,7.873692077727952
11:44:22,850,7.874651741293532
11:44:23,850,7.874651741293532
11:44:24,850,7.878688524590164
11:44:25,850,7.878688524590164
11:44:26,850,7.8901289682539675
11:44:27,850,7.8901289682539675
11:44:28,850,7.8901289682539675
11:44:29,850,7.8901289682539675
11:44:30,850,7.8901289682539675
11:44:31,850,7.899108469539375
11:44:32,850,7.899108469539375
11:44:33,850,7.899108469539375
11:44:34,850,7.899108469539375
11:44:35,850,7.899108469539375
11:44:36,851,7.901978239366963
11:44:37,851,7.901978239366963
11:44:38,851,7.901978239366963
11:44:39,851,7.903407407407408
11:44:40,851,7.903407407407408
11:44:41,851,7.903407407407408
11:44:42,851,7.903407407407408
11:44:43,851,7.903407407407408
11:44:44,852,7.903407407407408
11:44:45,852,7.903407407407408
11:44:46,852,7.9080867850098615
11:44:47,852,7.9080867850098615
11:44:48,852,7.9080867850098615
11:44:49,853,7.9080867850098615
11:44:50,853,7.9080867850098615
11:44:51,853,7.9080867850098615
11:44:52,853,7.9080867850098615
11:44:53,853,7.9080867850098615
11:44:54,853,7.9080867850098615
11:44:55,853,7.9080867850098615
11:44:56,853,7.9080867850098615
11:44:57,853,7.9080867850098615
11:44:58,853,7.9080867850098615
11:44:59,853,7.909453471196455
11:45:00,853,7.909453471196455
11:45:01,853,7.909453471196455
11:45:02,853,7.9158554572271385
11:45:03,853,7.9158554572271385
11:45:04,853,7.9158554572271385
11:45:05,853,7.9158554572271385
11:45:06,854,7.920962199312714
11:45:07,854,7.920962199312714
11:45:08,854,7.920962199312714
11:45:09,854,7.920962199312714
11:45:10,854,7.927794117647059
11:45:11,854,7.931253059226628
11:45:12,854,7.933870967741936
11:45:13,854,7.933870967741936
11:45:14,854,7.944460712542704
11:45:15,854,7.944460712542704
11:45:16,854,7.9471491228070175
11:45:17,854,7.9471491228070175
11:45:18,854,7.9471491228070175
11:45:19,854,7.951362530413625
11:45:20,854,7.951362530413625
11:45:21,854,7.961005830903789
11:45:22,854,7.961005830903789
11:45:23,854,7.961005830903789
11:45:24,854,7.961005830903789
11:45:25,854,7.966375545851529
11:45:26,854,7.966375545851529
11:45:27,854,7.966375545851529
11:45:28,855,7.966375545851529
11:45:29,855,7.966375545851529
11:45:30,855,7.966375545851529
11:45:31,855,7.966375545851529
11:45:32,855,7.966375545851529
11:45:33,857,7.976816860465116
11:45:34,857,7.979511369134011
11:45:35,858,7.979511369134011
11:45:36,858,7.979511369134011
11:45:37,858,7.984492753623188
11:45:38,858,7.984492753623188
11:45:39,858,7.984492753623188
11:45:40,858,7.984492753623188
11:45:41,859,7.984492753623188
11:45:42,859,7.984492753623188
11:45:43,859,7.984492753623188
11:45:44,859,7.984492753623188
11:45:45,859,7.990679190751446
11:45:46,859,7.990679190751446
11:45:47,860,7.993482443482444
11:45:48,860,7.995749279538905
11:45:49,860,7.995749279538905
11:45:50,860,7.995749279538905
11:45:51,860,7.995749279538905
11:45:52,861,7.995749279538905
11:45:53,861,7.999808153477218
11:45:54,861,7.997198275862069
11:45:55,862,7.997198275862069
11:45:56,862,7.997198275862069
11:45:57,862,7.997198275862069
11:45:58,862,7.997198275862069
11:45:59,862,7.997198275862069
11:46:00,862,8.004854136776663
11:46:01,862,8.004854136776663
11:46:02,862,8.01246418338109
11:46:03,862,8.01246418338109
11:46:04,862,8.01246418338109
11:46:05,862,8.019837863614688
11:46:06,862,8.019837863614688
11:46:07,862,8.028404761904762
11:46:08,862,8.028404761904762
11:46:09,863,8.028404761904762
11:46:10,863,8.028404761904762
11:46:11,863,8.028404761904762
11:46:12,863,8.028404761904762
11:46:13,864,8.036376604850213
11:46:14,864,8.036376604850213
11:46:15,864,8.036376604850213
11:46:16,864,8.038817663817664
11:46:17,864,8.038817663817664
11:46:18,865,8.038817663817664
11:46:19,865,8.038817663817664
11:46:20,865,8.045234708392604
11:46:21,865,8.045234708392604
11:46:22,866,8.045234708392604
11:46:23,866,8.045234708392604
11:46:24,866,8.045234708392604
11:46:25,867,8.045234708392604
11:46:26,867,8.05094696969697
11:46:27,867,8.05094696969697
11:46:28,867,8.05094696969697
11:46:29,867,8.05094696969697
11:46:30,867,8.05094696969697
11:46:31,868,8.05094696969697
11:46:32,868,8.05094696969697
11:46:33,868,8.05094696969697
11:46:34,868,8.054018912529552
11:46:35,868,8.054018912529552
11:46:36,868,8.055878186968839
11:46:37,868,8.055878186968839
11:46:38,868,8.055878186968839
11:46:39,868,8.055878186968839
11:46:40,868,8.055878186968839
11:46:41,868,8.064309288071664
11:46:42,868,8.068196798493409
11:46:43,868,8.068196798493409
11:46:44,868,8.065397273154678
11:46:45,868,8.065397273154678
11:46:46,868,8.065397273154678
11:46:47,868,8.065397273154678
11:46:48,868,8.065397273154678
11:46:49,868,8.065397273154678
11:46:50,868,8.073333333333332
11:46:51,868,8.073333333333332
11:46:52,868,8.081528363806845
11:46:53,870,8.081528363806845
11:46:54,870,8.082982209737828
11:46:55,870,8.082982209737828
11:46:56,871,8.082445067788687
11:46:57,871,8.082445067788687
11:46:58,871,8.082445067788687
11:46:59,872,8.09047619047619
11:47:00,872,8.09047619047619
11:47:01,872,8.09047619047619
11:47:02,872,8.09047619047619
11:47:03,872,8.09047619047619
11:47:04,872,8.09047619047619
11:47:05,872,8.098228438228439
11:47:06,872,8.098228438228439
11:47:07,872,8.098228438228439
11:47:08,872,8.098228438228439
11:47:09,872,8.098228438228439
11:47:10,872,8.100488826815642
11:47:11,872,8.100488826815642
11:47:12,872,8.100488826815642
11:47:13,872,8.100488826815642
11:47:14,872,8.100488826815642
11:47:15,872,8.105880985588099
11:47:16,872,8.105880985588099
11:47:17,873,8.111675951717734
11:47:18,873,8.111675951717734
11:47:19,873,8.111675951717734
11:47:20,874,8.111675951717734
11:47:21,874,8.111675951717734
11:47:22,874,8.112633286972647
11:47:23,874,8.115231481481482
11:47:24,874,8.115231481481482
11:47:25,874,8.115231481481482
11:47:26,877,8.115231481481482
11:47:27,877,8.115231481481482
11:47:28,877,8.115231481481482
11:47:29,878,8.11925566343042
11:47:30,879,8.12797783933518
11:47:31,879,8.12797783933518
11:47:32,880,8.12797783933518
11:47:33,881,8.127532228360957
11:47:34,881,8.127532228360957
11:47:35,881,8.127532228360957
11:47:36,882,8.127532228360957
11:47:37,882,8.127532228360957
11:47:38,883,8.127532228360957
11:47:39,883,8.127532228360957
11:47:40,883,8.127532228360957
11:47:41,883,8.127532228360957
11:47:42,884,8.127532228360957
11:47:43,884,8.127532228360957
11:47:44,884,8.127532228360957
11:47:45,884,8.129770114942529
11:47:46,886,8.129770114942529
11:47:47,886,8.129770114942529
11:47:48,886,8.129770114942529
11:47:49,887,8.129770114942529
11:47:50,887,8.138292011019283
11:47:51,887,8.138292011019283
11:47:52,888,8.138292011019283
11:47:53,888,8.138292011019283
11:47:54,888,8.137895460797798
11:47:55,889,8.146176739926739
11:47:56,889,8.146176739926739
11:47:57,889,8.151874714220392
11:47:58,889,8.151874714220392
11:47:59,889,8.151874714220392
11:48:00,889,8.151874714220392
11:48:01,890,8.151874714220392
11:48:02,891,8.151874714220392
11:48:03,891,8.151874714220392
11:48:04,891,8.151874714220392
11:48:05,892,8.160182648401825
11:48:06,894,8.160182648401825
11:48:07,894,8.163520291837665
11:48:08,894,8.163520291837665
11:48:09,895,8.163520291837665
11:48:10,895,8.169285063752277
11:48:11,897,8.169285063752277
11:48:12,897,8.169285063752277
11:48:13,898,8.166552978626648
11:48:14,899,8.166552978626648
11:48:15,900,8.166552978626648
11:48:16,901,8.16930063578565
11:48:17,902,8.16930063578565
11:48:18,902,8.16930063578565
11:48:19,903,8.174240362811792
11:48:20,903,8.174240362811792
11:48:21,904,8.174240362811792
11:48:22,904,8.175679347826087
11:48:23,905,8.175679347826087
11:48:24,905,8.175679347826087
11:48:25,905,8.175679347826087
11:48:26,906,8.180664857530529
11:48:27,906,8.180664857530529
11:48:28,906,8.180664857530529
11:48:29,906,8.182949412827462
11:48:30,906,8.182949412827462
11:48:31,906,8.180288678394227
11:48:32,906,8.180288678394227
11:48:33,906,8.180288678394227
11:48:34,906,8.180288678394227
11:48:35,906,8.180288678394227
11:48:36,907,8.180288678394227
11:48:37,907,8.180288678394227
11:48:38,907,8.180288678394227
11:48:39,907,8.19671614934773
11:48:40,907,8.19671614934773
11:48:41,907,8.19671614934773
11:48:42,907,8.19671614934773
11:48:43,908,8.19671614934773
11:48:44,909,8.205323450134772
11:48:45,909,8.205323450134772
11:48:46,909,8.205323450134772
11:48:47,909,8.205323450134772
11:48:48,910,8.205323450134772
11:48:49,910,8.205323450134772
11:48:50,910,8.205323450134772
11:48:51,910,8.205323450134772
11:48:52,910,8.205720053835801
11:48:53,912,8.205720053835801
11:48:54,913,8.20535394265233
11:48:55,913,8.20738255033557
11:48:56,913,8.20738255033557
11:48:57,914,8.20738255033557
11:48:58,914,8.20738255033557
11:48:59,915,8.20738255033557
11:49:00,915,8.20738255033557
11:49:01,916,8.20738255033557
11:49:02,916,8.205697050938337
11:49:03,917,8.205697050938337
11:49:04,917,8.206894243641232
11:49:05,918,8.20548128342246
11:49:06,918,8.207587894971073
11:49:07,918,8.207587894971073
11:49:08,919,8.205555555555556
11:49:09,919,8.205555555555556
11:49:10,919,8.205555555555556
11:49:11,919,8.204416333777186
11:49:12,919,8.204416333777186
11:49:13,919,8.204416333777186
11:49:14,919,8.206781914893616
11:49:15,920,8.206781914893616
11:49:16,920,8.206781914893616
11:49:17,921,8.206781914893616
11:49:18,921,8.210956175298806
11:49:19,921,8.210956175298806
11:49:20,921,8.210956175298806
11:49:21,921,8.210956175298806
11:49:22,921,8.211958443854995
11:49:23,921,8.211958443854995
11:49:24,921,8.211958443854995
11:49:25,922,8.211958443854995
11:49:26,922,8.211958443854995
11:49:27,923,8.22057395143488
11:49:28,923,8.22057395143488
11:49:29,923,8.230335097001763
11:49:30,925,8.230335097001763
11:49:31,925,8.230335097001763
11:49:32,925,8.230335097001763
11:49:33,926,8.230335097001763
11:49:34,926,8.230335097001763
11:49:35,927,8.230335097001763
11:49:36,928,8.230335097001763
11:49:37,929,8.230335097001763
11:49:38,930,8.230335097001763
11:49:39,930,8.230335097001763
11:49:40,931,8.231924262439454
11:49:41,931,8.231024626209322
11:49:42,932,8.23129117259552
11:49:43,932,8.23129117259552
11:49:44,932,8.23129117259552
11:49:45,933,8.242356548401226
11:49:46,933,8.242356548401226
11:49:47,933,8.242356548401226
11:49:48,933,8.251181102362205
11:49:49,933,8.251181102362205
11:49:50,934,8.251181102362205
11:49:51,934,8.251181102362205
11:49:52,934,8.250152905198776
11:49:53,934,8.250152905198776
11:49:54,935,8.250152905198776
11:49:55,935,8.250239965095986
11:49:56,935,8.250239965095986
11:49:57,935,8.250239965095986
11:49:58,935,8.249106753812637
11:49:59,935,8.249106753812637
11:50:00,935,8.249106753812637
11:50:01,935,8.249106753812637
11:50:02,935,8.249106753812637
11:50:03,935,8.249106753812637
11:50:04,935,8.249106753812637
11:50:05,936,8.249106753812637
11:50:06,936,8.249106753812637
11:50:07,936,8.249106753812637
11:50:08,936,8.249106753812637
11:50:09,937,8.249106753812637
11:50:10,937,8.253742384682333
11:50:11,937,8.253742384682333
11:50:12,938,8.253742384682333
11:50:13,938,8.253742384682333
11:50:14,939,8.252216427640157
11:50:15,940,8.252216427640157
11:50:16,940,8.252216427640157
11:50:17,940,8.2548828125
11:50:18,941,8.2548828125
11:50:19,941,8.2548828125
11:50:20,941,8.265474642392718
11:50:21,941,8.265474642392718
11:50:22,941,8.265474642392718
11:50:23,941,8.265474642392718
11:50:24,942,8.265474642392718
11:50:25,942,8.266883116883117
11:50:26,942,8.266883116883117
11:50:27,942,8.266883116883117
11:50:28,942,8.266883116883117
11:50:29,942,8.266883116883117
11:50:30,942,8.26915261565067
11:50:31,942,8.26915261565067
11:50:32,942,8.26915261565067
11:50:33,942,8.270120898100172
11:50:34,942,8.270120898100172
11:50:35,942,8.278072445019406
11:50:36,943,8.278072445019406
11:50:37,943,8.278072445019406
11:50:38,943,8.287639965546942
11:50:39,943,8.287639965546942
11:50:40,944,8.287639965546942
11:50:41,944,8.286752688172042
11:50:42,944,8.286752688172042
11:50:43,944,8.286752688172042
11:50:44,944,8.287285223367698
11:50:45,945,8.287285223367698
11:50:46,945,8.287285223367698
11:50:47,945,8.286121836121836
11:50:48,945,8.286121836121836
11:50:49,946,8.286289631533847
11:50:50,946,8.286289631533847
11:50:51,947,8.286289631533847
11:50:52,947,8.290329482242191
11:50:53,948,8.290329482242191
11:50:54,948,8.290329482242191
11:50:55,948,8.290329482242191
11:50:56,948,8.290329482242191
11:50:57,949,8.290329482242191
11:50:58,949,8.290329482242191
11:50:59,949,8.290329482242191
11:51:00,950,8.290918803418803
11:51:01,951,8.290918803418803
11:51:02,951,8.290918803418803
11:51:03,951,8.290918803418803
11:51:04,951,8.290918803418803
11:51:05,951,8.290918803418803
11:51:06,951,8.290918803418803
11:51:07,951,8.290918803418803
11:51:08,952,8.290918803418803
11:51:09,952,8.290918803418803
11:51:10,952,8.290918803418803
11:51:11,952,8.290918803418803
11:51:12,952,8.290918803418803
11:51:13,952,8.297097737942808
11:51:14,953,8.297097737942808
11:51:15,953,8.299297573435505
11:51:16,953,8.299297573435505
11:51:17,954,8.299297573435505
11:51:18,954,8.299297573435505
11:51:19,954,8.301464968152866
11:51:20,955,8.301464968152866
11:51:21,955,8.301464968152866
11:51:22,955,8.310821685726387
11:51:23,956,8.310821685726387
11:51:24,957,8.310821685726387
11:51:25,957,8.310821685726387
11:51:26,958,8.310821685726387
11:51:27,958,8.310821685726387
11:51:28,959,8.310821685726387
11:51:29,959,8.310821685726387
11:51:30,960,8.310821685726387
11:51:31,960,8.310821685726387
11:51:32,960,8.310821685726387
11:51:33,961,8.310821685726387
11:51:34,961,8.311780879864637
11:51:35,961,8.31408956485002
11:51:36,961,8.31408956485002
11:51:37,961,8.31408956485002
11:51:38,961,8.314978902953587
11:51:39,961,8.316013485040035
11:51:40,961,8.3256734006734
11:51:41,961,8.3256734006734
11:51:42,961,8.3256734006734
11:51:43,961,8.329739386296763
11:51:44,961,8.329739386296763
11:51:45,961,8.329739386296763
11:51:46,961,8.329739386296763
11:51:47,961,8.329739386296763
11:51:48,961,8.330856423173804
11:51:49,961,8.330856423173804
11:51:50,961,8.330856423173804
11:51:51,961,8.330856423173804
11:51:52,961,8.330856423173804
11:51:53,961,8.33188679245283
11:51:54,961,8.33188679245283
11:51:55,961,8.33188679245283
11:51:56,961,8.33188679245283
11:51:57,961,8.33188679245283
11:51:58,961,8.333500837520939
11:51:59,961,8.333500837520939
11:52:00,961,8.333500837520939
11:52:01,961,8.333500837520939
11:52:02,961,8.333500837520939
11:52:03,961,8.340526976160602
11:52:04,962,8.340526976160602
11:52:05,962,8.340526976160602
11:52:06,962,8.340526976160602
11:52:07,962,8.340526976160602
11:52:08,963,8.341478696741854
11:52:09,963,8.344263662911974
11:52:10,963,8.343104166666667
11:52:11,964,8.343104166666667
11:52:12,964,8.343104166666667
11:52:13,964,8.344298793175197
11:52:14,964,8.344298793175197
11:52:15,964,8.344298793175197
11:52:16,964,8.351870324189527
11:52:17,966,8.351870324189527
11:52:18,966,8.351870324189527
11:52:19,966,8.351870324189527
11:52:20,966,8.351870324189527
11:52:21,966,8.351870324189527
11:52:22,966,8.351870324189527
11:52:23,966,8.35433789954338
11:52:24,967,8.35433789954338
11:52:25,967,8.35433789954338
11:52:26,967,8.35433789954338
11:52:27,967,8.35433789954338
11:52:28,969,8.35433789954338
11:52:29,969,8.35584577114428
11:52:30,969,8.364575569358177
11:52:31,969,8.364575569358177
11:52:32,969,8.364575569358177
11:52:33,969,8.368775847808106
11:52:34,969,8.368775847808106
11:52:35,969,8.368775847808106
11:52:36,969,8.368775847808106
11:52:37,969,8.368775847808106
11:52:38,969,8.370735233374639
11:52:39,969,8.370735233374639
11:52:40,969,8.370735233374639
11:52:41,969,8.370735233374639
11:52:42,971,8.372132838283829
11:52:43,971,8.372132838283829
11:52:44,971,8.372132838283829
11:52:45,971,8.372132838283829
11:52:46,972,8.37478368355995
11:52:47,972,8.37478368355995
11:52:48,972,8.37478368355995
11:52:49,973,8.37478368355995
11:52:50,973,8.37478368355995
11:52:51,973,8.37478368355995
11:52:52,973,8.377962962962963
11:52:53,973,8.377962962962963
11:52:54,973,8.377962962962963
11:52:55,973,8.377962962962963
11:52:56,973,8.377962962962963
11:52:57,973,8.377962962962963
11:52:58,974,8.377962962962963
11:52:59,974,8.377216748768472
11:53:00,975,8.377216748768472
11:53:01,975,8.377216748768472
11:53:02,976,8.383722358722359
11:53:03,977,8.383722358722359
11:53:04,977,8.383722358722359
11:53:05,977,8.383824130879345
11:53:06,978,8.392892156862745
11:53:07,978,8.392892156862745
11:53:08,978,8.392892156862745
11:53:09,978,8.392892156862745
11:53:10,978,8.392892156862745
11:53:11,978,8.391942064463484
11:53:12,978,8.391942064463484
11:53:13,978,8.394722901385494
11:53:14,978,8.394722901385494
11:53:15,978,8.394722901385494
11:53:16,978,8.394722901385494
11:53:17,978,8.394722901385494
11:53:18,978,8.394722901385494
11:53:19,978,8.394722901385494
11:53:20,978,8.394722901385494
11:53:21,978,8.394722901385494
11:53:22,978,8.394722901385494
11:53:23,978,8.394722901385494
11:53:24,978,8.394722901385494
11:53:25,978,8.3993894993895
11:53:26,978,8.3993894993895
11:53:27,978,8.3993894993895
11:53:28,979,8.3993894993895
11:53:29,979,8.3993894993895
11:53:30,979,8.3993894993895
11:53:31,980,8.3993894993895
11:53:32,980,8.3993894993895
11:53:33,980,8.3993894993895
11:53:34,980,8.3993894993895
11:53:35,980,8.3993894993895
11:53:36,980,8.397947154471545
11:53:37,980,8.401380430369468
11:53:38,980,8.401380430369468
11:53:39,980,8.410158150851581
11:53:40,980,8.410158150851581
11:53:41,980,8.410158150851581
11:53:42,980,8.413912515188336
11:53:43,980,8.413912515188336
11:53:44,980,8.41288430420712
11:53:45,980,8.41288430420712
11:53:46,980,8.41288430420712
11:53:47,980,8.41288430420712
11:53:48,980,8.41288430420712
11:53:49,980,8.413034705407586
11:53:50,980,8.413034705407586
11:53:51,980,8.413034705407586
11:53:52,980,8.413034705407586
11:53:53,980,8.413034705407586
11:53:54,980,8.413034705407586
11:53:55,980,8.413034705407586
11:53:56,981,8.413034705407586
11:53:57,981,8.419145505844417
11:53:58,982,8.419145505844417
11:53:59,982,8.419145505844417
11:54:00,982,8.419145505844417
11:54:01,982,8.419145505844417
11:54:02,982,8.419145505844417
11:54:03,982,8.420933977455716
11:54:04,982,8.420933977455716
11:54:05,982,8.420933977455716
11:54:06,983,8.427342179332529
11:54:07,983,8.427342179332529
11:54:08,983,8.429477911646586
11:54:09,984,8.429477911646586
11:54:10,985,8.429477911646586
11:54:11,985,8.429477911646586
11:54:12,986,8.429477911646586
11:54:13,987,8.429477911646586
11:54:14,987,8.429477911646586
11:54:15,988,8.429477911646586
11:54:16,988,8.434095467308463
11:54:17,989,8.434095467308463
11:54:18,990,8.434095467308463
11:54:19,990,8.437840544871795
11:54:20,990,8.437840544871795
11:54:21,991,8.437840544871795
11:54:22,991,8.437840544871795
11:54:23,991,8.437840544871795
11:54:24,991,8.437840544871795
11:54:25,991,8.4359343737495
11:54:26,992,8.4359343737495
11:54:27,992,8.4359343737495
11:54:28,992,8.4359343737495
11:54:29,993,8.4359343737495
11:54:30,993,8.4359343737495
11:54:31,993,8.4359343737495
11:54:32,994,8.4359343737495
11:54:33,994,8.433433253397281
11:54:34,994,8.433433253397281
11:54:35,996,8.43816367265469
11:54:36,997,8.43816367265469
11:54:37,997,8.441686602870814
11:54:38,997,8.439784946236559
11:54:39,999,8.439784946236559
11:54:40,999,8.44244232299125
11:54:41,999,8.442808899483513
11:54:42,1001,8.442808899483513
11:54:43,1001,8.447301587301588
11:54:44,1001,8.445124851367419
11:54:45,1001,8.445124851367419
11:54:46,1003,8.456880189798339
11:54:47,1003,8.456880189798339
11:54:48,1003,8.456880189798339
11:54:49,1004,8.456880189798339
11:54:50,1005,8.456880189798339
11:54:51,1005,8.456880189798339
11:54:52,1006,8.456880189798339
11:54:53,1006,8.456880189798339
11:54:54,1006,8.456880189798339
11:54:55,1006,8.464158767772512
11:54:56,1006,8.464158767772512
11:54:57,1006,8.464158767772512
11:54:58,1006,8.464158767772512
11:54:59,1006,8.464158767772512
11:55:00,1006,8.464158767772512
11:55:01,1006,8.464158767772512
11:55:02,1007,8.464158767772512
11:55:03,1007,8.464158767772512
11:55:04,1007,8.464158767772512
11:55:05,1007,8.464158767772512
11:55:06,1007,8.464158767772512
11:55:07,1009,8.464158767772512
11:55:08,1009,8.464158767772512
11:55:09,1010,8.464158767772512
11:55:10,1012,8.464158767772512
11:55:11,1012,8.465364891518737
11:55:12,1012,8.465364891518737
11:55:13,1014,8.465364891518737
11:55:14,1014,8.463179669030733
11:55:15,1014,8.463179669030733
11:55:16,1015,8.4676702085793
11:55:17,1015,8.4676702085793
11:55:18,1016,8.4676702085793
11:55:19,1017,8.4676702085793
11:55:20,1017,8.4676702085793
11:55:21,1018,8.474744496855346
11:55:22,1018,8.473085983510012
11:55:23,1019,8.473085983510012
11:55:24,1020,8.473085983510012
11:55:25,1020,8.470764705882353
11:55:26,1020,8.470764705882353
11:55:27,1020,8.470764705882353
11:55:28,1020,8.477230046948357
11:55:29,1020,8.477230046948357
11:55:30,1020,8.477230046948357
11:55:31,1020,8.48229777256741
11:55:32,1020,8.48229777256741
11:55:33,1020,8.486709601873537
11:55:34,1020,8.486709601873537
11:55:35,1020,8.486709601873537
11:55:36,1020,8.486709601873537
11:55:37,1020,8.486709601873537
11:55:38,1020,8.486709601873537
11:55:39,1020,8.486709601873537
11:55:40,1020,8.486709601873537
11:55:41,1020,8.485458089668617
11:55:42,1020,8.485458089668617
11:55:43,1020,8.485458089668617
11:55:44,1020,8.485864485981308
11:55:45,1020,8.485864485981308
11:55:46,1020,8.49319330999611
11:55:47,1021,8.49319330999611
11:55:48,1021,8.49319330999611
11:55:49,1021,8.49319330999611
11:55:50,1021,8.49319330999611
11:55:51,1022,8.49302641802642
11:55:52,1022,8.49302641802642
11:55:53,1022,8.49302641802642
11:55:54,1023,8.49302641802642
11:55:55,1023,8.49302641802642
11:55:56,1023,8.499941792782305
11:55:57,1024,8.499941792782305
11:55:58,1024,8.499941792782305
11:55:59,1024,8.499941792782305
11:56:00,1025,8.499941792782305
11:56:01,1025,8.499941792782305
11:56:02,1025,8.499941792782305
11:56:03,1025,8.499941792782305
11:56:04,1025,8.499941792782305
11:56:05,1025,8.499941792782305
11:56:06,1025,8.499205426356589
11:56:07,1025,8.499205426356589
11:56:08,1025,8.503348819202477
11:56:09,1025,8.503348819202477
11:56:10,1025,8.503348819202477
11:56:11,1025,8.503348819202477
11:56:12,1025,8.503348819202477
11:56:13,1025,8.503348819202477
11:56:14,1025,8.508855375096674
11:56:15,1025,8.508855375096674
11:56:16,1025,8.507233796296296
11:56:17,1025,8.507233796296296
11:56:18,1026,8.507233796296296
11:56:19,1026,8.50806389530408
11:56:20,1026,8.50806389530408
11:56:21,1026,8.50806389530408
11:56:22,1027,8.50674740484429
11:56:23,1027,8.50674740484429
11:56:24,1027,8.50674740484429
11:56:25,1027,8.507450076804917
11:56:26,1027,8.507450076804917
11:56:27,1027,8.507450076804917
11:56:28,1027,8.507450076804917
11:56:29,1027,8.507450076804917
11:56:30,1027,8.507450076804917
11:56:31,1027,8.514652857690832
11:56:32,1027,8.514652857690832
11:56:33,1027,8.514652857690832
11:56:34,1027,8.514652857690832
11:56:35,1027,8.522413793103448
11:56:36,1027,8.522413793103448
11:56:37,1027,8.522413793103448
11:56:38,1027,8.522413793103448
11:56:39,1027,8.522413793103448
11:56:40,1028,8.522413793103448
11:56:41,1028,8.522413793103448
11:56:42,1029,8.524646000765404
11:56:43,1029,8.524646000765404
11:56:44,1029,8.524646000765404
11:56:45,1029,8.524646000765404
11:56:46,1029,8.524646000765404
11:56:47,1029,8.524646000765404
11:56:48,1029,8.524646000765404
11:56:49,1029,8.524646000765404
11:56:50,1029,8.523260703363913
11:56:51,1029,8.523260703363913
11:56:52,1029,8.523260703363913
11:56:53,1029,8.52430316914853
11:56:54,1029,8.524351639969488
11:56:55,1029,8.524351639969488
11:56:56,1029,8.524351639969488
11:56:57,1029,8.524351639969488
11:56:58,1029,8.524351639969488
11:56:59,1029,8.526666666666667
11:57:00,1029,8.526666666666667
11:57:01,1029,8.526666666666667
11:57:02,1029,8.526666666666667
11:57:03,1029,8.533409436834095
11:57:04,1029,8.533409436834095
11:57:05,1029,8.533409436834095
11:57:06,1029,8.532953249714938
11:57:07,1029,8.532953249714938
11:57:08,1029,8.532953249714938
11:57:09,1029,8.533788914198936
11:57:10,1029,8.533788914198936
11:57:11,1029,8.533788914198936
11:57:12,1029,8.533788914198936
11:57:13,1029,8.533788914198936
11:57:14,1030,8.533788914198936
11:57:15,1030,8.533788914198936
11:57:16,1030,8.533788914198936
11:57:17,1030,8.53503981797497
11:57:18,1031,8.53503981797497
11:57:19,1031,8.53503981797497
11:57:20,1031,8.542253787878789
11:57:21,1032,8.542253787878789
11:57:22,1032,8.542253787878789
11:57:23,1032,8.542253787878789
11:57:24,1032,8.542253787878789
11:57:25,1033,8.5420355656451
11:57:26,1033,8.5420355656451
11:57:27,1034,8.5420355656451
11:57:28,1034,8.5420355656451
11:57:29,1034,8.543650793650793
11:57:30,1035,8.543650793650793
11:57:31,1035,8.543650793650793
11:57:32,1035,8.544488486221216
11:57:33,1036,8.544488486221216
11:57:34,1037,8.544488486221216
11:57:35,1037,8.544488486221216
11:57:36,1038,8.544488486221216
11:57:37,1038,8.544488486221216
11:57:38,1038,8.544488486221216
11:57:39,1038,8.552884615384615
11:57:40,1038,8.551412429378532
11:57:41,1039,8.551412429378532
11:57:42,1040,8.551412429378532
11:57:43,1040,8.551412429378532
11:57:44,1041,8.550300978179083
11:57:45,1041,8.550300978179083
11:57:46,1041,8.550300978179083
11:57:47,1041,8.550300978179083
11:57:48,1041,8.550300978179083
11:57:49,1041,8.550300978179083
11:57:50,1041,8.550300978179083
11:57:51,1041,8.550300978179083
11:57:52,1041,8.550300978179083
11:57:53,1041,8.556632844795189
11:57:54,1041,8.556632844795189
11:57:55,1042,8.556325075075076
11:57:56,1042,8.556325075075076
11:57:57,1042,8.556325075075076
11:57:58,1042,8.556325075075076
11:57:59,1042,8.553974503187101
11:58:00,1042,8.555468164794007
11:58:01,1043,8.555468164794007
11:58:02,1043,8.555468164794007
11:58:03,1043,8.555468164794007
11:58:04,1044,8.555468164794007
11:58:05,1044,8.555468164794007
11:58:06,1044,8.555468164794007
11:58:07,1044,8.556378600823045
11:58:08,1044,8.556378600823045
11:58:09,1044,8.556378600823045
11:58:10,1044,8.56141629297459
11:58:11,1044,8.56141629297459
11:58:12,1044,8.56141629297459
11:58:13,1045,8.561347517730496
11:58:14,1045,8.561347517730496
11:58:15,1045,8.561347517730496
11:58:16,1045,8.561347517730496
11:58:17,1046,8.561347517730496
11:58:18,1046,8.566908752327747
11:58:19,1046,8.566908752327747
11:58:20,1047,8.566908752327747
11:58:21,1047,8.566908752327747
11:58:22,1047,8.566908752327747
11:58:23,1048,8.566908752327747
11:58:24,1048,8.566908752327747
11:58:25,1048,8.566908752327747
11:58:26,1049,8.566908752327747
11:58:27,1049,8.566908752327747
11:58:28,1049,8.570256696428572
11:58:29,1050,8.578112225938314
11:58:30,1050,8.578112225938314
11:58:31,1050,8.579268745360059
11:58:32,1050,8.580533926585096
11:58:33,1050,8.580533926585096
11:58:34,1050,8.580533926585096
11:58:35,1050,8.579851851851853
11:58:36,1051,8.582278949315574
11:58:37,1051,8.582278949315574
11:58:38,1051,8.582278949315574
11:58:39,1051,8.582278949315574
11:58:40,1052,8.582278949315574
11:58:41,1052,8.582278949315574
11:58:42,1052,8.582278949315574
11:58:43,1052,8.582278949315574
11:58:44,1052,8.582278949315574
11:58:45,1053,8.581319290465633
11:58:46,1053,8.581319290465633
11:58:47,1053,8.581319290465633
11:58:48,1053,8.581319290465633
11:58:49,1054,8.581319290465633
11:58:50,1054,8.581319290465633
11:58:51,1054,8.581319290465633
11:58:52,1054,8.584274640088593
11:58:53,1055,8.584274640088593
11:58:54,1055,8.584274640088593
11:58:55,1055,8.583573008849557
11:58:56,1056,8.583573008849557
11:58:57,1056,8.586151012891344
11:58:58,1056,8.581824871228845
11:58:59,1059,8.581824871228845
11:59:00,1059,8.588974641675854
11:59:01,1060,8.588974641675854
11:59:02,1061,8.588974641675854
11:59:03,1061,8.596457415565345
11:59:04,1061,8.596457415565345
11:59:05,1062,8.596457415565345
11:59:06,1062,8.596457415565345
11:59:07,1062,8.596457415565345
11:59:08,1062,8.599064906490648
11:59:09,1062,8.599064906490648
11:59:10,1062,8.599064906490648
11:59:11,1062,8.599064906490648
11:59:12,1062,8.599064906490648
11:59:13,1062,8.599064906490648
11:59:14,1062,8.599064906490648
11:59:15,1062,8.599064906490648
11:59:16,1063,8.599064906490648
11:59:17,1063,8.599064906490648
11:59:18,1063,8.599064906490648
11:59:19,1063,8.599064906490648
11:59:20,1063,8.599064906490648
11:59:21,1063,8.6003663003663
11:59:22,1063,8.60525064032199
11:59:23,1063,8.60525064032199
11:59:24,1063,8.603600146198831
11:59:25,1063,8.603600146198831
11:59:26,1063,8.60543994158452
11:59:27,1063,8.60756746900073
11:59:28,1063,8.60756746900073
11:59:29,1063,8.60756746900073
11:59:30,1063,8.60756746900073
11:59:31,1063,8.614207650273224
11:59:32,1063,8.614207650273224
11:59:33,1063,8.614207650273224
11:59:34,1063,8.614207650273224
11:59:35,1063,8.614207650273224
11:59:36,1063,8.614207650273224
11:59:37,1063,8.614207650273224
11:59:38,1063,8.614207650273224
11:59:39,1063,8.614207650273224
11:59:40,1063,8.611954148471616
11:59:41,1063,8.611954148471616
11:59:42,1063,8.611954148471616
11:59:43,1063,8.61523082515449
11:59:44,1063,8.61523082515449
11:59:45,1063,8.61523082515449
11:59:46,1063,8.613398692810456
11:59:47,1063,8.613398692810456
11:59:48,1063,8.615107000362713
11:59:49,1063,8.615107000362713
11:59:50,1063,8.62125
11:59:51,1063,8.62125
11:59:52,1063,8.619905899384726
11:59:53,1063,8.619905899384726
11:59:54,1063,8.619905899384726
11:59:55,1063,8.619905899384726
11:59:56,1063,8.619905899384726
11:59:57,1063,8.619905899384726
11:59:58,1063,8.619905899384726
11:59:59,1063,8.619905899384726
12:00:00,1064,8.619905899384726
12:00:01,1064,8.619905899384726
12:00:02,1064,8.621963123644253
12:00:03,1065,8.621963123644253
12:00:04,1065,8.621963123644253
12:00:05,1065,8.621963123644253
12:00:06,1066,8.621963123644253
12:00:07,1066,8.628042614662332
12:00:08,1066,8.628042614662332
12:00:09,1067,8.628042614662332
12:00:10,1067,8.628042614662332
12:00:11,1067,8.629888167388168
12:00:12,1068,8.629888167388168
12:00:13,1068,8.629888167388168
12:00:14,1068,8.629888167388168
12:00:15,1069,8.629888167388168
12:00:16,1070,8.631423423423424
12:00:17,1070,8.631423423423424
12:00:18,1070,8.631423423423424
12:00:19,1070,8.631423423423424
12:00:20,1071,8.631423423423424
12:00:21,1071,8.63797195253506
12:00:22,1071,8.63797195253506
12:00:23,1071,8.640193965517243
12:00:24,1071,8.640193965517243
12:00:25,1071,8.640193965517243
12:00:26,1071,8.640193965517243
12:00:27,1071,8.644241119483317
12:00:28,1071,8.644241119483317
12:00:29,1071,8.644241119483317
12:00:30,1071,8.641218637992832
12:00:31,1071,8.641218637992832
12:00:32,1071,8.644969566774078
12:00:33,1071,8.644969566774078
12:00:34,1071,8.644969566774078
12:00:35,1071,8.644969566774078
12:00:36,1071,8.644969566774078
12:00:37,1071,8.644908896034298
12:00:38,1071,8.644908896034298
12:00:39,1071,8.644700214132763
12:00:40,1071,8.644700214132763
12:00:41,1071,8.644700214132763
12:00:42,1072,8.644700214132763
12:00:43,1072,8.644700214132763
12:00:44,1072,8.644700214132763
12:00:45,1072,8.644700214132763
12:00:46,1073,8.644700214132763
12:00:47,1073,8.644700214132763
12:00:48,1073,8.644700214132763
12:00:49,1073,8.644700214132763
12:00:50,1073,8.644700214132763
12:00:51,1073,8.644700214132763
12:00:52,1073,8.644700214132763
12:00:53,1073,8.644700214132763
12:00:54,1073,8.644700214132763
12:00:55,1073,8.644700214132763
12:00:56,1074,8.644700214132763
12:00:57,1074,8.649536541889484
12:00:58,1074,8.649536541889484
12:00:59,1074,8.649536541889484
12:01:00,1074,8.649536541889484
12:01:01,1075,8.651798433048434
12:01:02,1075,8.651798433048434
12:01:03,1075,8.651798433048434
12:01:04,1076,8.651798433048434
12:01:05,1076,8.651209533973676
12:01:06,1077,8.651209533973676
12:01:07,1077,8.651209533973676
12:01:08,1078,8.651209533973676
12:01:09,1079,8.651209533973676
12:01:10,1080,8.651209533973676
12:01:11,1081,8.658724235963042
12:01:12,1082,8.658724235963042
12:01:13,1083,8.658724235963042
12:01:14,1083,8.660649627263046
12:01:15,1084,8.660649627263046
12:01:16,1086,8.660649627263046
12:01:17,1086,8.665354609929077
12:01:18,1086,8.665354609929077
12:01:19,1086,8.665354609929077
12:01:20,1087,8.665354609929077
12:01:21,1088,8.665354609929077
12:01:22,1088,8.665354609929077
12:01:23,1089,8.665354609929077
12:01:24,1089,8.665354609929077
12:01:25,1089,8.665354609929077
12:01:26,1089,8.66340772228126
12:01:27,1091,8.665481245576787
12:01:28,1091,8.663449982325911
12:01:29,1091,8.663449982325911
12:01:30,1091,8.663449982325911
12:01:31,1091,8.667213983050848
12:01:32,1092,8.667213983050848
12:01:33,1093,8.667213983050848
12:01:34,1094,8.667724867724868
12:01:35,1094,8.667724867724868
12:01:36,1095,8.667724867724868
12:01:37,1096,8.667724867724868
12:01:38,1096,8.667724867724868
12:01:39,1097,8.667724867724868
12:01:40,1098,8.667724867724868
12:01:41,1098,8.667724867724868
12:01:42,1098,8.667724867724868
12:01:43,1099,8.667724867724868
12:01:44,1100,8.667724867724868
12:01:45,1100,8.667724867724868
12:01:46,1100,8.667724867724868
12:01:47,1102,8.668426610348469
12:01:48,1102,8.668426610348469
12:01:49,1102,8.668426610348469
12:01:50,1104,8.668426610348469
12:01:51,1104,8.668426610348469
12:01:52,1104,8.668426610348469
12:01:53,1104,8.670868495077356
12:01:54,1105,8.66988057604496
12:01:55,1105,8.66988057604496
12:01:56,1105,8.66988057604496
12:01:57,1106,8.66988057604496
12:01:58,1106,8.66988057604496
12:01:59,1106,8.66988057604496
12:02:00,1106,8.66988057604496
12:02:01,1106,8.67619298245614
12:02:02,1106,8.678408692604277
12:02:03,1106,8.678408692604277
12:02:04,1107,8.678408692604277
12:02:05,1107,8.678408692604277
12:02:06,1107,8.683630952380952
12:02:07,1107,8.683630952380952
12:02:08,1108,8.683630952380952
12:02:09,1108,8.685781741867787
12:02:10,1109,8.685781741867787
12:02:11,1109,8.685781741867787
12:02:12,1109,8.685781741867787
12:02:13,1109,8.685781741867787
12:02:14,1110,8.685781741867787
12:02:15,1110,8.68445143256464
12:02:16,1110,8.68445143256464
12:02:17,1110,8.68445143256464
12:02:18,1111,8.68445143256464
12:02:19,1111,8.68445143256464
12:02:20,1111,8.68445143256464
12:02:21,1112,8.6904537521815
12:02:22,1112,8.6904537521815
12:02:23,1112,8.689504881450489
12:02:24,1112,8.689504881450489
12:02:25,1112,8.689504881450489
12:02:26,1112,8.689504881450489
12:02:27,1112,8.689504881450489
12:02:28,1113,8.689504881450489
12:02:29,1115,8.693834900731453
12:02:30,1115,8.693834900731453
12:02:31,1115,8.693834900731453
12:02:32,1116,8.693834900731453
12:02:33,1116,8.693834900731453
12:02:34,1117,8.693834900731453
12:02:35,1117,8.696346555323592
12:02:36,1118,8.696346555323592
12:02:37,1118,8.697534722222223
12:02:38,1118,8.697534722222223
12:02:39,1118,8.69630593132154
12:02:40,1118,8.69630593132154
12:02:41,1119,8.69630593132154
12:02:42,1119,8.69630593132154
12:02:43,1119,8.701420651420651
12:02:44,1119,8.701420651420651
12:02:45,1120,8.702492211838006
12:02:46,1120,8.702492211838006
12:02:47,1120,8.706448824343015
12:02:48,1120,8.706448824343015
12:02:49,1121,8.706448824343015
12:02:50,1121,8.706448824343015
12:02:51,1121,8.706448824343015
12:02:52,1122,8.713126079447324
12:02:53,1122,8.713126079447324
12:02:54,1122,8.713126079447324
12:02:55,1122,8.718064182194617
12:02:56,1123,8.723733195449846
12:02:57,1123,8.723733195449846
12:02:58,1123,8.723733195449846
12:02:59,1123,8.723622589531681
12:03:00,1124,8.723622589531681
12:03:01,1124,8.723622589531681
12:03:02,1124,8.723959408324733
12:03:03,1125,8.723959408324733
12:03:04,1125,8.723959408324733
12:03:05,1125,8.724810996563575
12:03:06,1125,8.724810996563575
12:03:07,1126,8.724810996563575
12:03:08,1126,8.73034672159286
12:03:09,1126,8.73034672159286
12:03:10,1126,8.732355967078188
12:03:11,1126,8.732355967078188
12:03:12,1126,8.732355967078188
12:03:13,1126,8.732355967078188
12:03:14,1126,8.728725590955806
12:03:15,1126,8.728725590955806
12:03:16,1126,8.728725590955806
12:03:17,1126,8.733812457221083
12:03:18,1127,8.733812457221083
12:03:19,1127,8.733812457221083
12:03:20,1127,8.733812457221083
12:03:21,1127,8.733812457221083
12:03:22,1128,8.732393162393162
12:03:23,1128,8.732393162393162
12:03:24,1128,8.732393162393162
12:03:25,1128,8.732462431693989
12:03:26,1128,8.732462431693989
12:03:27,1128,8.732462431693989
12:03:28,1128,8.732462431693989
12:03:29,1128,8.732462431693989
12:03:30,1128,8.73742749914705
12:03:31,1128,8.73742749914705
12:03:32,1128,8.73742749914705
12:03:33,1128,8.73742749914705
12:03:34,1128,8.73742749914705
12:03:35,1128,8.73742749914705
12:03:36,1128,8.73742749914705
12:03:37,1128,8.738139059304704
12:03:38,1128,8.738139059304704
12:03:39,1128,8.738139059304704
12:03:40,1128,8.738139059304704
12:03:41,1128,8.738139059304704
12:03:42,1128,8.744960844399047
12:03:43,1128,8.744960844399047
12:03:44,1128,8.744960844399047
12:03:45,1128,8.744960844399047
12:03:46,1128,8.744960844399047
12:03:47,1128,8.744960844399047
12:03:48,1128,8.744960844399047
12:03:49,1129,8.749438775510205
12:03:50,1129,8.746890927624872
12:03:51,1130,8.746890927624872
12:03:52,1130,8.746890927624872
12:03:53,1130,8.747250509164969
12:03:54,1131,8.747250509164969
12:03:55,1131,8.747250509164969
12:03:56,1131,8.747250509164969
12:03:57,1131,8.747250509164969
12:03:58,1132,8.747250509164969
12:03:59,1132,8.747250509164969
12:04:00,1132,8.747250509164969
12:04:01,1132,8.74735503560529
12:04:02,1132,8.74735503560529
12:04:03,1132,8.74735503560529
12:04:04,1132,8.74735503560529
12:04:05,1132,8.74735503560529
12:04:06,1132,8.751626016260163
12:04:07,1133,8.751626016260163
12:04:08,1133,8.751626016260163
12:04:09,1133,8.751626016260163
12:04:10,1133,8.751626016260163
12:04:11,1133,8.751626016260163
12:04:12,1133,8.752030456852792
12:04:13,1134,8.752030456852792
12:04:14,1134,8.75077755240027
12:04:15,1134,8.752178318135766
12:04:16,1134,8.752178318135766
12:04:17,1134,8.752178318135766
12:04:18,1135,8.752178318135766
12:04:19,1136,8.752178318135766
12:04:20,1136,8.752178318135766
12:04:21,1136,8.752178318135766
12:04:22,1136,8.752178318135766
12:04:23,1136,8.746558704453442
12:04:24,1136,8.746558704453442
12:04:25,1136,8.746558704453442
12:04:26,1136,8.74706774519717
12:04:27,1136,8.74706774519717
12:04:28,1136,8.75010101010101
12:04:29,1136,8.75010101010101
12:04:30,1138,8.75010101010101
12:04:31,1139,8.75010101010101
12:04:32,1139,8.756676757484023
12:04:33,1139,8.756676757484023
12:04:34,1139,8.756676757484023
12:04:35,1139,8.754498153742867
12:04:36,1139,8.754498153742867
12:04:37,1140,8.754498153742867
12:04:38,1141,8.754498153742867
12:04:39,1141,8.754498153742867
12:04:40,1141,8.754498153742867
12:04:41,1141,8.754498153742867
12:04:42,1141,8.754498153742867
12:04:43,1141,8.75523138832998
12:04:44,1141,8.75523138832998
12:04:45,1142,8.75523138832998
12:04:46,1142,8.756934673366834
12:04:47,1142,8.756934673366834
12:04:48,1143,8.756934673366834
12:04:49,1143,8.756934673366834
12:04:50,1144,8.756934673366834
12:04:51,1144,8.756934673366834
12:04:52,1144,8.756934673366834
12:04:53,1144,8.761780455153948
12:04:54,1145,8.761780455153948
12:04:55,1145,8.761780455153948
12:04:56,1145,8.761780455153948
12:04:57,1145,8.761780455153948
12:04:58,1145,8.761780455153948
12:04:59,1146,8.763741223671014
12:05:00,1146,8.763741223671014
12:05:01,1147,8.763741223671014
12:05:02,1147,8.766065464261857
12:05:03,1147,8.766065464261857
12:05:04,1147,8.764848181514848
12:05:05,1148,8.766316666666667
12:05:06,1148,8.764568764568764
12:05:07,1148,8.764568764568764
12:05:08,1149,8.765518962075848
12:05:09,1149,8.765518962075848
12:05:10,1149,8.765518962075848
12:05:11,1149,8.769142572283151
12:05:12,1150,8.764193227091633
12:05:13,1150,8.764193227091633
12:05:14,1150,8.764193227091633
12:05:15,1151,8.764193227091633
12:05:16,1151,8.764193227091633
12:05:17,1151,8.764193227091633
12:05:18,1151,8.764193227091633
12:05:19,1151,8.764193227091633
12:05:20,1152,8.764193227091633
12:05:21,1152,8.770431177446104
12:05:22,1152,8.770431177446104
12:05:23,1152,8.770431177446104
12:05:24,1152,8.770431177446104
12:05:25,1152,8.770431177446104
12:05:26,1152,8.770431177446104
12:05:27,1153,8.76850563286945
12:05:28,1153,8.76850563286945
12:05:29,1153,8.76850563286945
12:05:30,1153,8.76850563286945
12:05:31,1155,8.76850563286945
12:05:32,1155,8.769347898047005
12:05:33,1155,8.769347898047005
12:05:34,1155,8.774652777777778
12:05:35,1155,8.774652777777778
12:05:36,1156,8.774652777777778
12:05:37,1156,8.774652777777778
12:05:38,1157,8.774652777777778
12:05:39,1157,8.774652777777778
12:05:40,1157,8.774652777777778
12:05:41,1157,8.774652777777778
12:05:42,1157,8.779451602246448
12:05:43,1158,8.779451602246448
12:05:44,1159,8.779451602246448
12:05:45,1159,8.779451602246448
12:05:46,1159,8.783349834983499
12:05:47,1160,8.783349834983499
12:05:48,1160,8.783349834983499
12:05:49,1160,8.783349834983499
12:05:50,1161,8.783349834983499
12:05:51,1161,8.784998351467193
12:05:52,1161,8.784998351467193
12:05:53,1162,8.784998351467193
12:05:54,1162,8.786758893280632
12:05:55,1163,8.786758893280632
12:05:56,1164,8.788515959197104
12:05:57,1164,8.788515959197104
12:05:58,1164,8.788515959197104
12:05:59,1165,8.788515959197104
12:06:00,1165,8.788515959197104
12:06:01,1165,8.788515959197104
12:06:02,1166,8.793392504930967
12:06:03,1166,8.793392504930967
12:06:04,1167,8.792331691297209
12:06:05,1167,8.792331691297209
12:06:06,1169,8.792331691297209
12:06:07,1169,8.792331691297209
12:06:08,1169,8.792331691297209
12:06:09,1169,8.792331691297209
12:06:10,1170,8.792331691297209
12:06:11,1170,8.789698162729659
12:06:12,1170,8.789698162729659
12:06:13,1170,8.796902654867257
12:06:14,1170,8.79591102387962
12:06:15,1171,8.79591102387962
12:06:16,1171,8.79591102387962
12:06:17,1171,8.79591102387962
12:06:18,1172,8.79591102387962
12:06:19,1172,8.79591102387962
12:06:20,1172,8.79591102387962
12:06:21,1173,8.796143790849673
12:06:22,1173,8.796143790849673
12:06:23,1173,8.796143790849673
12:06:24,1173,8.796143790849673
12:06:25,1174,8.799200130590924
12:06:26,1174,8.799200130590924
12:06:27,1175,8.799200130590924
12:06:28,1176,8.799200130590924
12:06:29,1177,8.799200130590924
12:06:30,1177,8.799200130590924
12:06:31,1177,8.799200130590924
12:06:32,1178,8.799200130590924
12:06:33,1178,8.800945857795172
12:06:34,1178,8.800945857795172
12:06:35,1178,8.807184750733137
12:06:36,1178,8.807184750733137
12:06:37,1178,8.807184750733137
12:06:38,1178,8.807184750733137
12:06:39,1179,8.807184750733137
12:06:40,1179,8.807184750733137
12:06:41,1179,8.807184750733137
12:06:42,1179,8.807184750733137
12:06:43,1179,8.807184750733137
12:06:44,1180,8.807184750733137
12:06:45,1180,8.807184750733137
12:06:46,1181,8.8033203125
12:06:47,1181,8.8033203125
12:06:48,1181,8.801689408706952
12:06:49,1181,8.801689408706952
12:06:50,1181,8.801689408706952
12:06:51,1181,8.80210970464135
12:06:52,1181,8.80210970464135
12:06:53,1181,8.80210970464135
12:06:54,1181,8.80210970464135
12:06:55,1181,8.801556420233462
12:06:56,1183,8.801556420233462
12:06:57,1183,8.801556420233462
12:06:58,1183,8.801556420233462
12:06:59,1183,8.801556420233462
12:07:00,1184,8.801556420233462
12:07:01,1184,8.801556420233462
12:07:02,1185,8.801556420233462
12:07:03,1186,8.806932296728215
12:07:04,1186,8.806932296728215
12:07:05,1187,8.806932296728215
12:07:06,1187,8.810339805825242
12:07:07,1187,8.810339805825242
12:07:08,1187,8.806928294573645
12:07:09,1187,8.806928294573645
12:07:10,1189,8.810616327847693
12:07:11,1189,8.810589941972921
12:07:12,1190,8.810589941972921
12:07:13,1191,8.810589941972921
12:07:14,1192,8.810589941972921
12:07:15,1192,8.810589941972921
12:07:16,1193,8.810589941972921
12:07:17,1194,8.810589941972921
12:07:18,1195,8.808051529790662
12:07:19,1195,8.808051529790662
12:07:20,1195,8.808051529790662
12:07:21,1195,8.808051529790662
12:07:22,1195,8.808832046332046
12:07:23,1195,8.808832046332046
12:07:24,1196,8.808832046332046
12:07:25,1196,8.808832046332046
12:07:26,1196,8.808832046332046
12:07:27,1196,8.808832046332046
12:07:28,1196,8.810838150289017
12:07:29,1196,8.810838150289017
12:07:30,1196,8.810838150289017
12:07:31,1196,8.810838150289017
12:07:32,1196,8.810838150289017
12:07:33,1197,8.808100737888996
12:07:34,1197,8.808100737888996
12:07:35,1197,8.808100737888996
12:07:36,1197,8.808100737888996
12:07:37,1197,8.808100737888996
12:07:38,1197,8.809503205128205
12:07:39,1197,8.809503205128205
12:07:40,1198,8.809503205128205
12:07:41,1198,8.806916426512968
12:07:42,1198,8.80678182981446
12:07:43,1198,8.80669542984979
12:07:44,1199,8.80669542984979
12:07:45,1199,8.810999361430396
12:07:46,1199,8.810999361430396
12:07:47,1200,8.810999361430396
12:07:48,1200,8.813205741626795
12:07:49,1200,8.813205741626795
12:07:50,1200,8.813205741626795
12:07:51,1200,8.813205741626795
12:07:52,1200,8.813205741626795
12:07:53,1200,8.821048438495858
12:07:54,1201,8.821048438495858
12:07:55,1201,8.818895256287806
12:07:56,1201,8.818895256287806
12:07:57,1201,8.818895256287806
12:07:58,1201,8.818895256287806
12:07:59,1201,8.82256679389313
12:08:00,1202,8.820225611693676
12:08:01,1202,8.820225611693676
12:08:02,1202,8.820225611693676
12:08:03,1202,8.820225611693676
12:08:04,1203,8.820225611693676
12:08:05,1204,8.820225611693676
12:08:06,1204,8.820225611693676
12:08:07,1204,8.820225611693676
12:08:08,1205,8.820225611693676
12:08:09,1205,8.820225611693676
12:08:10,1205,8.820225611693676
12:08:11,1206,8.818015873015872
12:08:12,1206,8.819108785283856
12:08:13,1206,8.819108785283856
12:08:14,1206,8.819108785283856
12:08:15,1207,8.819040835707503
12:08:16,1208,8.819040835707503
12:08:17,1208,8.819040835707503
12:08:18,1208,8.81756799493991
12:08:19,1208,8.81756799493991
12:08:20,1208,8.819273301737756
12:08:21,1208,8.819273301737756
12:08:22,1208,8.819273301737756
12:08:23,1208,8.819273301737756
12:08:24,1208,8.819273301737756
12:08:25,1208,8.819273301737756
12:08:26,1208,8.819273301737756
12:08:27,1208,8.819273301737756
12:08:28,1208,8.819273301737756
12:08:29,1208,8.819273301737756
12:08:30,1208,8.819273301737756
12:08:31,1208,8.818718434343433
12:08:32,1208,8.818718434343433
12:08:33,1208,8.817926906112161
12:08:34,1209,8.817926906112161
12:08:35,1209,8.817926906112161
12:08:36,1209,8.817926906112161
12:08:37,1209,8.817926906112161
12:08:38,1210,8.817926906112161
12:08:39,1210,8.817926906112161
12:08:40,1211,8.817926906112161
12:08:41,1211,8.817926906112161
12:08:42,1211,8.817926906112161
12:08:43,1211,8.817926906112161
12:08:44,1212,8.826329870947434
12:08:45,1212,8.826329870947434
12:08:46,1213,8.826329870947434
12:08:47,1214,8.826329870947434
12:08:48,1214,8.830801886792452
12:08:49,1214,8.827824858757062
12:08:50,1215,8.827824858757062
12:08:51,1215,8.827824858757062
12:08:52,1215,8.831326434619003
12:08:53,1215,8.831326434619003
12:08:54,1215,8.831326434619003
12:08:55,1215,8.831326434619003
12:08:56,1216,8.831326434619003
12:08:57,1217,8.831326434619003
12:08:58,1217,8.831326434619003
12:08:59,1218,8.831326434619003
12:09:00,1219,8.831326434619003
12:09:01,1219,8.831326434619003
12:09:02,1220,8.831326434619003
12:09:03,1220,8.831326434619003
12:09:04,1221,8.831326434619003
12:09:05,1221,8.831326434619003
12:09:06,1222,8.831326434619003
12:09:07,1223,8.831326434619003
12:09:08,1223,8.831326434619003
12:09:09,1224,8.8296679197995
12:09:10,1224,8.834413145539907
12:09:11,1225,8.834413145539907
12:09:12,1225,8.834413145539907
12:09:13,1226,8.834413145539907
12:09:14,1226,8.834413145539907
12:09:15,1226,8.829502814258912
12:09:16,1226,8.829502814258912
12:09:17,1227,8.831333958138082
12:09:18,1227,8.831333958138082
12:09:19,1227,8.829946941323346
12:09:20,1228,8.830261927034611
12:09:21,1229,8.830261927034611
12:09:22,1229,8.830261927034611
12:09:23,1230,8.831666666666667
12:09:24,1230,8.831666666666667
12:09:25,1230,8.831666666666667
12:09:26,1230,8.831139122315593
12:09:27,1231,8.831139122315593
12:09:28,1233,8.831139122315593
12:09:29,1233,8.831139122315593
12:09:30,1233,8.831139122315593
12:09:31,1233,8.831139122315593
12:09:32,1233,8.831139122315593
12:09:33,1233,8.831139122315593
12:09:34,1233,8.839148009950248
12:09:35,1233,8.839148009950248
12:09:36,1234,8.839148009950248
12:09:37,1234,8.836719478098788
12:09:38,1234,8.836719478098788
12:09:39,1234,8.836719478098788
12:09:40,1234,8.832294573643411
12:09:41,1234,8.832294573643411
12:09:42,1235,8.831923791821561
12:09:43,1235,8.835128443206438
12:09:44,1235,8.835128443206438
12:09:45,1235,8.835128443206438
12:09:46,1236,8.835128443206438
12:09:47,1236,8.835128443206438
12:09:48,1236,8.835128443206438
12:09:49,1236,8.835128443206438
12:09:50,1236,8.835128443206438
12:09:51,1236,8.835128443206438
12:09:52,1237,8.835128443206438
12:09:53,1237,8.834106369820656
12:09:54,1237,8.834106369820656
12:09:55,1237,8.834106369820656
12:09:56,1237,8.834106369820656
12:09:57,1237,8.834106369820656
12:09:58,1237,8.831464318813717
12:09:59,1237,8.830108024691357
12:10:00,1237,8.830108024691357
12:10:01,1237,8.832130743139068
12:10:02,1237,8.832130743139068
12:10:03,1237,8.832130743139068
12:10:04,1237,8.832130743139068
12:10:05,1237,8.832130743139068
12:10:06,1237,8.829639889196676
12:10:07,1237,8.829639889196676
12:10:08,1237,8.829639889196676
12:10:09,1237,8.829639889196676
12:10:10,1237,8.829639889196676
12:10:11,1238,8.828813038130383
12:10:12,1238,8.831981566820277
12:10:13,1238,8.831981566820277
12:10:14,1238,8.828836709637814
12:10:15,1239,8.826249616681999
12:10:16,1239,8.826249616681999
12:10:17,1239,8.829702818627451
12:10:18,1239,8.829702818627451
12:10:19,1241,8.829702818627451
12:10:20,1241,8.829702818627451
12:10:21,1242,8.829702818627451
12:10:22,1242,8.829702818627451
12:10:23,1242,8.829702818627451
12:10:24,1242,8.829702818627451
12:10:25,1242,8.829702818627451
12:10:26,1242,8.829702818627451
12:10:27,1242,8.829702818627451
12:10:28,1242,8.829702818627451
12:10:29,1242,8.828879706152433
12:10:30,1242,8.828879706152433
12:10:31,1242,8.828879706152433
12:10:32,1242,8.825535168195719
12:10:33,1243,8.825535168195719
12:10:34,1243,8.825535168195719
12:10:35,1243,8.825535168195719
12:10:36,1243,8.825535168195719
12:10:37,1243,8.825535168195719
12:10:38,1243,8.833547204399633
12:10:39,1243,8.833547204399633
12:10:40,1243,8.833547204399633
12:10:41,1243,8.831288156288156
12:10:42,1243,8.831288156288156
12:10:43,1243,8.831288156288156
12:10:44,1243,8.831288156288156
12:10:45,1243,8.83104605062519
12:10:46,1243,8.82739183424741
12:10:47,1243,8.82739183424741
12:10:48,1243,8.82739183424741
12:10:49,1243,8.824642313546423
12:10:50,1243,8.823889902676399
12:10:51,1243,8.823889902676399
12:10:52,1243,8.825508963840777
12:10:53,1245,8.825508963840777
12:10:54,1245,8.825508963840777
12:10:55,1245,8.825508963840777
12:10:56,1246,8.825508963840777
12:10:57,1247,8.825508963840777
12:10:58,1247,8.825508963840777
12:10:59,1247,8.826608986035215
12:11:00,1247,8.826608986035215
12:11:01,1247,8.829253867151955
12:11:02,1247,8.829253867151955
12:11:03,1247,8.829253867151955
12:11:04,1248,8.826060606060606
12:11:05,1248,8.826060606060606
12:11:06,1248,8.826060606060606
12:11:07,1249,8.82954889494399
12:11:08,1249,8.82954889494399
12:11:09,1249,8.82954889494399
12:11:10,1250,8.82954889494399
12:11:11,1250,8.82954889494399
12:11:12,1250,8.82954889494399
12:11:13,1250,8.82954889494399
12:11:14,1251,8.82954889494399
12:11:15,1251,8.82954889494399
12:11:16,1251,8.82954889494399
12:11:17,1251,8.82954889494399
12:11:18,1252,8.829007864488808
12:11:19,1252,8.829007864488808
12:11:20,1252,8.830628588697492
12:11:21,1252,8.830628588697492
12:11:22,1252,8.830628588697492
12:11:23,1252,8.830628588697492
12:11:24,1252,8.830628588697492
12:11:25,1254,8.830628588697492
12:11:26,1254,8.830628588697492
12:11:27,1254,8.830628588697492
12:11:28,1254,8.830628588697492
12:11:29,1254,8.83786231884058
12:11:30,1254,8.83786231884058
12:11:31,1254,8.83786231884058
12:11:32,1254,8.83786231884058
12:11:33,1254,8.83786231884058
12:11:34,1254,8.83921568627451
12:11:35,1254,8.83921568627451
12:11:36,1255,8.83921568627451
12:11:37,1255,8.836543098251958
12:11:38,1255,8.836735922914785
12:11:39,1257,8.836735922914785
12:11:40,1257,8.83653441538924
12:11:41,1257,8.83653441538924
12:11:42,1257,8.83653441538924
12:11:43,1259,8.832867867867867
12:11:44,1259,8.832867867867867
12:11:45,1259,8.832867867867867
12:11:46,1259,8.828382838283828
12:11:47,1260,8.828382838283828
12:11:48,1261,8.828382838283828
12:11:49,1261,8.828382838283828
12:11:50,1261,8.828382838283828
12:11:51,1262,8.82626534890686
12:11:52,1262,8.82626534890686
12:11:53,1262,8.82626534890686
12:11:54,1262,8.82626534890686
12:11:55,1262,8.826795332136445
12:11:56,1263,8.828355754857997
12:11:57,1263,8.826986260454001
12:11:58,1263,8.826986260454001
12:11:59,1263,8.828364667263504
12:12:00,1264,8.828364667263504
12:12:01,1264,8.828364667263504
12:12:02,1264,8.828364667263504
12:12:03,1265,8.828364667263504
12:12:04,1266,8.828364667263504
12:12:05,1266,8.828364667263504
12:12:06,1266,8.828364667263504
12:12:07,1266,8.828364667263504
12:12:08,1266,8.828364667263504
12:12:09,1266,8.82892069171139
12:12:10,1266,8.82892069171139
12:12:11,1266,8.82892069171139
12:12:12,1267,8.82892069171139
12:12:13,1267,8.82892069171139
12:12:14,1267,8.8328125
12:12:15,1267,8.8328125
12:12:16,1268,8.8328125
12:12:17,1268,8.8328125
12:12:18,1268,8.829646149271484
12:12:19,1269,8.829646149271484
12:12:20,1269,8.826470588235294
12:12:21,1269,8.826470588235294
12:12:22,1269,8.826470588235294
12:12:23,1269,8.827990501632533
12:12:24,1269,8.827990501632533
12:12:25,1269,8.82664590747331
12:12:26,1269,8.82664590747331
12:12:27,1269,8.82664590747331
12:12:28,1269,8.82725925925926
12:12:29,1270,8.82725925925926
12:12:30,1271,8.826406157489638
12:12:31,1271,8.826406157489638
12:12:32,1271,8.826406157489638
12:12:33,1272,8.833984028393965
12:12:34,1273,8.833984028393965
12:12:35,1273,8.833984028393965
12:12:36,1274,8.833984028393965
12:12:37,1274,8.833984028393965
12:12:38,1274,8.833984028393965
12:12:39,1274,8.833984028393965
12:12:40,1274,8.833984028393965
12:12:41,1274,8.832491134751772
12:12:42,1274,8.832491134751772
12:12:43,1275,8.832491134751772
12:12:44,1275,8.832491134751772
12:12:45,1276,8.832491134751772
12:12:46,1276,8.832491134751772
12:12:47,1276,8.828653675819309
12:12:48,1278,8.828653675819309
12:12:49,1278,8.830648967551621
12:12:50,1278,8.830648967551621
12:12:51,1278,8.830648967551621
12:12:52,1278,8.830648967551621
12:12:53,1279,8.828264073091658
12:12:54,1279,8.828264073091658
12:12:55,1280,8.828264073091658
12:12:56,1280,8.828264073091658
12:12:57,1280,8.82981448763251
12:12:58,1280,8.82981448763251
12:12:59,1281,8.82981448763251
12:13:00,1281,8.82981448763251
12:13:01,1281,8.82981448763251
12:13:02,1282,8.82981448763251
12:13:03,1283,8.82981448763251
12:13:04,1283,8.83666960611405
12:13:05,1283,8.83666960611405
12:13:06,1284,8.83666960611405
12:13:07,1284,8.83666960611405
12:13:08,1285,8.83666960611405
12:13:09,1286,8.83666960611405
12:13:10,1287,8.83666960611405
12:13:11,1288,8.83666960611405
12:13:12,1288,8.83666960611405
12:13:13,1289,8.83666960611405
12:13:14,1290,8.83666960611405
12:13:15,1290,8.835198237885463
12:13:16,1290,8.835198237885463
12:13:17,1291,8.835198237885463
12:13:18,1292,8.83575410798122
12:13:19,1293,8.83575410798122
12:13:20,1294,8.833289357959542
12:13:21,1295,8.833289357959542
12:13:22,1295,8.833289357959542
12:13:23,1297,8.833289357959542
12:13:24,1297,8.833289357959542
12:13:25,1297,8.84348844015218
12:13:26,1298,8.84348844015218
12:13:27,1298,8.84348844015218
12:13:28,1298,8.84348844015218
12:13:29,1298,8.840198656149576
12:13:30,1299,8.840198656149576
12:13:31,1300,8.840198656149576
12:13:32,1300,8.840198656149576
12:13:33,1300,8.840198656149576
12:13:34,1300,8.840198656149576
12:13:35,1301,8.840198656149576
12:13:36,1301,8.840198656149576
12:13:37,1301,8.839136774569846
12:13:38,1301,8.839136774569846
12:13:39,1302,8.839136774569846
12:13:40,1302,8.839136774569846
12:13:41,1302,8.839136774569846
12:13:42,1303,8.839136774569846
12:13:43,1303,8.835751748251747
12:13:44,1304,8.835751748251747
12:13:45,1304,8.835751748251747
12:13:46,1304,8.835751748251747
12:13:47,1304,8.837438136826783
12:13:48,1305,8.837438136826783
12:13:49,1306,8.837438136826783
12:13:50,1306,8.83632926119837
12:13:51,1307,8.83632926119837
12:13:52,1308,8.83632926119837
12:13:53,1308,8.837125835512932
12:13:54,1308,8.837125835512932
12:13:55,1309,8.837125835512932
12:13:56,1309,8.837125835512932
12:13:57,1309,8.837125835512932
12:13:58,1309,8.837125835512932
12:13:59,1310,8.837125835512932
12:14:00,1310,8.837125835512932
12:14:01,1310,8.837125835512932
12:14:02,1310,8.837125835512932
12:14:03,1311,8.837125835512932
12:14:04,1311,8.836411149825784
12:14:05,1311,8.836411149825784
12:14:06,1311,8.840803597331012
12:14:07,1311,8.840803597331012
12:14:08,1311,8.83785507246377
12:14:09,1311,8.838097306689836
12:14:10,1311,8.838097306689836
12:14:11,1312,8.838469328703702
12:14:12,1312,8.837756577045388
12:14:13,1312,8.837756577045388
12:14:14,1313,8.837756577045388
12:14:15,1313,8.844829578278452
12:14:16,1313,8.844829578278452
12:14:17,1313,8.841933621933622
12:14:18,1313,8.841933621933622
12:14:19,1313,8.841933621933622
12:14:20,1313,8.841933621933622
12:14:21,1313,8.841933621933622
12:14:22,1313,8.841933621933622
12:14:23,1313,8.841933621933622
12:14:24,1313,8.841933621933622
12:14:25,1313,8.841933621933622
12:14:26,1313,8.841933621933622
12:14:27,1313,8.840484429065745
12:14:28,1314,8.840484429065745
12:14:29,1314,8.840348602708154
12:14:30,1314,8.840348602708154
12:14:31,1314,8.840348602708154
12:14:32,1314,8.83766551525619
12:14:33,1314,8.83766551525619
12:14:34,1314,8.83766551525619
12:14:35,1314,8.83766551525619
12:14:36,1314,8.83766551525619
12:14:37,1314,8.83766551525619
12:14:38,1314,8.83766551525619
12:14:39,1314,8.83766551525619
12:14:40,1314,8.83766551525619
12:14:41,1314,8.83766551525619
12:14:42,1314,8.838826574633305
12:14:43,1315,8.838826574633305
12:14:44,1315,8.838826574633305
12:14:45,1315,8.839813218390805
12:14:46,1315,8.839813218390805
12:14:47,1315,8.837080103359172
12:14:48,1315,8.837080103359172
12:14:49,1316,8.837080103359172
12:14:50,1316,8.837080103359172
12:14:51,1316,8.834193918531268
12:14:52,1316,8.834193918531268
12:14:53,1316,8.833104041272572
12:14:54,1316,8.832846506300115
12:14:55,1316,8.832846506300115
12:14:56,1316,8.833333333333334
12:14:57,1316,8.833333333333334
12:14:58,1316,8.837564322469982
12:14:59,1316,8.837564322469982
12:15:00,1317,8.837564322469982
12:15:01,1317,8.837564322469982
12:15:02,1317,8.837564322469982
12:15:03,1318,8.837564322469982
12:15:04,1318,8.837564322469982
12:15:05,1318,8.845001428163382
12:15:06,1319,8.845001428163382
12:15:07,1319,8.845001428163382
12:15:08,1319,8.845001428163382
12:15:09,1321,8.842023401826484
12:15:10,1321,8.842023401826484
12:15:11,1322,8.842023401826484
12:15:12,1323,8.837681779298546
12:15:13,1324,8.837681779298546
12:15:14,1324,8.837681779298546
12:15:15,1324,8.83849002849003
12:15:16,1325,8.83849002849003
12:15:17,1325,8.838499857671506
12:15:18,1326,8.838499857671506
12:15:19,1328,8.835935722411831
12:15:20,1328,8.835935722411831
12:15:21,1328,8.835935722411831
12:15:22,1329,8.835935722411831
12:15:23,1329,8.835935722411831
12:15:24,1329,8.835935722411831
12:15:25,1329,8.835935722411831
12:15:26,1329,8.835935722411831
12:15:27,1329,8.835935722411831
12:15:28,1329,8.834754191531685
12:15:29,1330,8.834754191531685
12:15:30,1330,8.834754191531685
12:15:31,1330,8.83439806927882
12:15:32,1330,8.834893617021276
12:15:33,1330,8.834893617021276
12:15:34,1330,8.834893617021276
12:15:35,1330,8.834325396825397
12:15:36,1330,8.834325396825397
12:15:37,1330,8.841532143868593
12:15:38,1330,8.841532143868593
12:15:39,1330,8.841532143868593
12:15:40,1330,8.841532143868593
12:15:41,1330,8.841532143868593
12:15:42,1330,8.841532143868593
12:15:43,1330,8.841532143868593
12:15:44,1330,8.841532143868593
12:15:45,1331,8.840938648572235
12:15:46,1331,8.840938648572235
12:15:47,1331,8.840938648572235
12:15:48,1331,8.840938648572235
12:15:49,1331,8.841200564971752
12:15:50,1331,8.842040643522438
12:15:51,1334,8.842040643522438
12:15:52,1334,8.842040643522438
12:15:53,1334,8.842040643522438
12:15:54,1335,8.842040643522438
12:15:55,1335,8.842040643522438
12:15:56,1335,8.842040643522438
12:15:57,1335,8.842040643522438
12:15:58,1336,8.842040643522438
12:15:59,1336,8.842040643522438
12:16:00,1336,8.839734912577551
12:16:01,1336,8.839734912577551
12:16:02,1336,8.839734912577551
12:16:03,1336,8.839734912577551
12:16:04,1336,8.839734912577551
12:16:05,1336,8.839363200901662
12:16:06,1336,8.839363200901662
12:16:07,1337,8.83795045045045
12:16:08,1337,8.83795045045045
12:16:09,1337,8.83795045045045
12:16:10,1337,8.83795045045045
12:16:11,1338,8.834247538677918
12:16:12,1338,8.834247538677918
12:16:13,1338,8.834247538677918
12:16:14,1338,8.834247538677918
12:16:15,1338,8.834247538677918
12:16:16,1338,8.834247538677918
12:16:17,1338,8.834247538677918
12:16:18,1339,8.83858909499719
12:16:19,1339,8.83858909499719
12:16:20,1340,8.83858909499719
12:16:21,1340,8.838051109238979
12:16:22,1340,8.84030583613917
12:16:23,1341,8.84030583613917
12:16:24,1342,8.84030583613917
12:16:25,1342,8.84030583613917
12:16:26,1342,8.84030583613917
12:16:27,1343,8.847546958228204
12:16:28,1343,8.847546958228204
12:16:29,1343,8.847546958228204
12:16:30,1344,8.847546958228204
12:16:31,1344,8.847546958228204
12:16:32,1344,8.847546958228204
12:16:33,1345,8.847546958228204
12:16:34,1345,8.847546958228204
12:16:35,1345,8.847546958228204
12:16:36,1345,8.847546958228204
12:16:37,1346,8.847546958228204
12:16:38,1346,8.847299188357121
12:16:39,1346,8.847299188357121
12:16:40,1347,8.844761106454317
12:16:41,1347,8.844761106454317
12:16:42,1347,8.842685650474596
12:16:43,1347,8.842685650474596
12:16:44,1348,8.842685650474596
12:16:45,1348,8.842685650474596
12:16:46,1348,8.842685650474596
12:16:47,1349,8.842685650474596
12:16:48,1349,8.842685650474596
12:16:49,1349,8.842685650474596
12:16:50,1349,8.842685650474596
12:16:51,1350,8.842685650474596
12:16:52,1350,8.839400278940028
12:16:53,1350,8.839400278940028
12:16:54,1351,8.839400278940028
12:16:55,1351,8.840677257525083
12:16:56,1351,8.840677257525083
12:16:57,1351,8.840677257525083
12:16:58,1352,8.842049568365358
12:16:59,1352,8.842097941012799
12:17:00,1352,8.842097941012799
12:17:01,1352,8.848818459827635
12:17:02,1352,8.848818459827635
12:17:03,1352,8.845180555555554
12:17:04,1352,8.845180555555554
12:17:05,1352,8.841992783791286
12:17:06,1352,8.841992783791286
12:17:07,1352,8.841992783791286
12:17:08,1353,8.84658901830283
12:17:09,1353,8.84658901830283
12:17:10,1353,8.84658901830283
12:17:11,1353,8.84658901830283
12:17:12,1353,8.844975083056479
12:17:13,1355,8.844975083056479
12:17:14,1355,8.846307053941908
12:17:15,1355,8.846307053941908
12:17:16,1356,8.845494748479824
12:17:17,1356,8.845494748479824
12:17:18,1358,8.845494748479824
12:17:19,1358,8.845494748479824
12:17:20,1359,8.845494748479824
12:17:21,1359,8.845494748479824
12:17:22,1360,8.845494748479824
12:17:23,1360,8.845494748479824
12:17:24,1361,8.845494748479824
12:17:25,1362,8.845494748479824
12:17:26,1362,8.845494748479824
12:17:27,1363,8.845494748479824
12:17:28,1364,8.850248550124274
12:17:29,1364,8.850248550124274
12:17:30,1365,8.850248550124274
12:17:31,1365,8.847987317342156
12:17:32,1365,8.847987317342156
12:17:33,1365,8.847987317342156
12:17:34,1365,8.847685950413224
12:17:35,1365,8.847685950413224
12:17:36,1365,8.847685950413224
12:17:37,1365,8.847685950413224
12:17:38,1365,8.847685950413224
12:17:39,1365,8.847685950413224
12:17:40,1365,8.847685950413224
12:17:41,1365,8.847685950413224
12:17:42,1365,8.847685950413224
12:17:43,1365,8.847685950413224
12:17:44,1365,8.847685950413224
12:17:45,1365,8.847685950413224
12:17:46,1365,8.847685950413224
12:17:47,1365,8.844880264244427
12:17:48,1365,8.844880264244427
12:17:49,1366,8.844880264244427
12:17:50,1367,8.843825632563258
12:17:51,1367,8.843825632563258
12:17:52,1368,8.850370981038747
12:17:53,1369,8.847748489840747
12:17:54,1370,8.847748489840747
12:17:55,1370,8.847748489840747
12:17:56,1370,8.847748489840747
12:17:57,1371,8.847748489840747
12:17:58,1371,8.84514403292181
12:17:59,1371,8.84514403292181
12:18:00,1371,8.84514403292181
12:18:01,1371,8.844298245614034
12:18:02,1371,8.845480690221857
12:18:03,1371,8.84663382594417
12:18:04,1371,8.84663382594417
12:18:05,1371,8.84663382594417
12:18:06,1371,8.84663382594417
12:18:07,1371,8.846568225321302
12:18:08,1372,8.846568225321302
12:18:09,1372,8.846568225321302
12:18:10,1372,8.846568225321302
12:18:11,1372,8.846568225321302
12:18:12,1372,8.846568225321302
12:18:13,1374,8.846568225321302
12:18:14,1374,8.846568225321302
12:18:15,1375,8.846568225321302
12:18:16,1375,8.846568225321302
12:18:17,1375,8.84860655737705
12:18:18,1375,8.84860655737705
12:18:19,1375,8.84860655737705
12:18:20,1375,8.846478296478296
12:18:21,1375,8.846478296478296
12:18:22,1375,8.843385160938352
12:18:23,1375,8.843385160938352
12:18:24,1375,8.843385160938352
12:18:25,1376,8.843385160938352
12:18:26,1376,8.843385160938352
12:18:27,1376,8.843385160938352
12:18:28,1376,8.843385160938352
12:18:29,1376,8.843385160938352
12:18:30,1377,8.843385160938352
12:18:31,1377,8.843385160938352
12:18:32,1377,8.8481057508858
12:18:33,1377,8.8481057508858
12:18:34,1377,8.8481057508858
12:18:35,1377,8.8481057508858
12:18:36,1378,8.8481057508858
12:18:37,1378,8.849074074074075
12:18:38,1378,8.849074074074075
12:18:39,1379,8.847591836734694
12:18:40,1380,8.847591836734694
12:18:41,1380,8.847591836734694
12:18:42,1380,8.843982613420268
12:18:43,1380,8.843982613420268
12:18:44,1380,8.850570032573291
12:18:45,1380,8.850570032573291
12:18:46,1380,8.850570032573291
12:18:47,1381,8.850570032573291
12:18:48,1381,8.848277732573909
12:18:49,1381,8.848277732573909
12:18:50,1381,8.848277732573909
12:18:51,1381,8.848822095857027
12:18:52,1381,8.848822095857027
12:18:53,1381,8.848822095857027
12:18:54,1381,8.846766774891774
12:18:55,1381,8.846766774891774
12:18:56,1381,8.849080832657474
12:18:57,1381,8.846528903295516
12:18:58,1381,8.846528903295516
12:18:59,1381,8.846528903295516
12:19:00,1382,8.852064777327936
12:19:01,1382,8.852064777327936
12:19:02,1382,8.852064777327936
12:19:03,1382,8.852064777327936
12:19:04,1382,8.852064777327936
12:19:05,1382,8.8555690399137
12:19:06,1382,8.8555690399137
12:19:07,1383,8.8555690399137
12:19:08,1383,8.8555690399137
12:19:09,1383,8.8555690399137
12:19:10,1383,8.85658852061439
12:19:11,1385,8.853890683898761
12:19:12,1385,8.853890683898761
12:19:13,1385,8.851183750336293
12:19:14,1385,8.851183750336293
12:19:15,1386,8.85034946236559
12:19:16,1386,8.85034946236559
12:19:17,1386,8.85034946236559
12:19:18,1386,8.85034946236559
12:19:19,1386,8.85034946236559
12:19:20,1387,8.85034946236559
12:19:21,1387,8.85034946236559
12:19:22,1387,8.85034946236559
12:19:23,1387,8.85034946236559
12:19:24,1387,8.85034946236559
12:19:25,1387,8.851504163309158
12:19:26,1387,8.851504163309158
12:19:27,1388,8.851504163309158
12:19:28,1388,8.851504163309158
12:19:29,1388,8.851504163309158
12:19:30,1388,8.851504163309158
12:19:31,1388,8.851504163309158
12:19:32,1388,8.849785292538915
12:19:33,1389,8.849785292538915
12:19:34,1389,8.849785292538915
12:19:35,1389,8.849785292538915
12:19:36,1389,8.849785292538915
12:19:37,1390,8.84750603378922
12:19:38,1390,8.84750603378922
12:19:39,1390,8.84750603378922
12:19:40,1390,8.848795180722892
12:19:41,1391,8.848795180722892
12:19:42,1391,8.848795180722892
12:19:43,1391,8.848795180722892
12:19:44,1391,8.848795180722892
12:19:45,1391,8.848795180722892
12:19:46,1392,8.846803103263778
12:19:47,1392,8.846803103263778
12:19:48,1392,8.846803103263778
12:19:49,1393,8.846803103263778
12:19:50,1394,8.853622026196204
12:19:51,1394,8.853622026196204
12:19:52,1395,8.853622026196204
12:19:53,1395,8.853622026196204
12:19:54,1397,8.857572115384615
12:19:55,1397,8.857572115384615
12:19:56,1399,8.857572115384615
12:19:57,1399,8.857572115384615
12:19:58,1400,8.859073925807312
12:19:59,1400,8.859073925807312
12:20:00,1400,8.859073925807312
12:20:01,1401,8.856906666666667
12:20:02,1401,8.856906666666667
12:20:03,1401,8.856906666666667
12:20:04,1403,8.854876099120704
12:20:05,1403,8.854876099120704
12:20:06,1403,8.854876099120704
12:20:07,1404,8.85335463258786
12:20:08,1405,8.85335463258786
12:20:09,1405,8.851569566374035
12:20:10,1405,8.851569566374035
12:20:11,1405,8.851569566374035
12:20:12,1406,8.851569566374035
12:20:13,1406,8.853482190324295
12:20:14,1407,8.85309428950863
12:20:15,1407,8.85309428950863
12:20:16,1407,8.85309428950863
12:20:17,1407,8.85309428950863
12:20:18,1407,8.85309428950863
12:20:19,1408,8.85309428950863
12:20:20,1408,8.85309428950863
12:20:21,1409,8.850145966029723
12:20:22,1410,8.850145966029723
12:20:23,1410,8.850145966029723
12:20:24,1410,8.850145966029723
12:20:25,1411,8.850145966029723
12:20:26,1411,8.850145966029723
12:20:27,1411,8.850145966029723
12:20:28,1411,8.850145966029723
12:20:29,1411,8.850145966029723
12:20:30,1411,8.850145966029723
12:20:31,1411,8.850145966029723
12:20:32,1411,8.850159108989658
12:20:33,1411,8.851218865924748
12:20:34,1411,8.851218865924748
12:20:35,1411,8.852819698173153
12:20:36,1411,8.850648148148148
12:20:37,1411,8.849748876553
12:20:38,1411,8.849748876553
12:20:39,1411,8.85661648177496
12:20:40,1411,8.855674320401162
12:20:41,1411,8.855050105485232
12:20:42,1411,8.855050105485232
12:20:43,1411,8.85844532279315
12:20:44,1411,8.85844532279315
12:20:45,1411,8.85844532279315
12:20:46,1411,8.85844532279315
12:20:47,1412,8.85844532279315
12:20:48,1412,8.85844532279315
12:20:49,1412,8.85844532279315
12:20:50,1412,8.85844532279315
12:20:51,1412,8.85844532279315
12:20:52,1412,8.85844532279315
12:20:53,1413,8.85844532279315
12:20:54,1413,8.85844532279315
12:20:55,1413,8.85844532279315
12:20:56,1413,8.85626645602949
12:20:57,1414,8.85626645602949
12:20:58,1414,8.85626645602949
12:20:59,1414,8.854735595895818
12:21:00,1414,8.854735595895818
12:21:01,1415,8.854735595895818
12:21:02,1415,8.854735595895818
12:21:03,1415,8.859371713985277
12:21:04,1416,8.859371713985277
12:21:05,1418,8.859371713985277
12:21:06,1418,8.859167323351722
12:21:07,1418,8.859167323351722
12:21:08,1418,8.859167323351722
12:21:09,1420,8.859167323351722
12:21:10,1420,8.859167323351722
12:21:11,1420,8.859167323351722
12:21:12,1420,8.859167323351722
12:21:13,1420,8.859167323351722
12:21:14,1420,8.859167323351722
12:21:15,1422,8.859167323351722
12:21:16,1422,8.859167323351722
12:21:17,1422,8.856876640419948
12:21:18,1422,8.856876640419948
12:21:19,1422,8.856876640419948
12:21:20,1423,8.856876640419948
12:21:21,1423,8.856876640419948
12:21:22,1424,8.856876640419948
12:21:23,1425,8.857429245283019
12:21:24,1425,8.857429245283019
12:21:25,1425,8.85840534171249
12:21:26,1426,8.8570905285191
12:21:27,1426,8.8570905285191
12:21:28,1426,8.8570905285191
12:21:29,1426,8.856013071895426
12:21:30,1426,8.855472831765935
12:21:31,1426,8.855472831765935
12:21:32,1427,8.861515388628066
12:21:33,1427,8.861515388628066
12:21:34,1428,8.861515388628066
12:21:35,1428,8.861515388628066
12:21:36,1428,8.861515388628066
12:21:37,1428,8.861515388628066
12:21:38,1428,8.861515388628066
12:21:39,1428,8.861515388628066
12:21:40,1429,8.8617409434454
12:21:41,1429,8.8617409434454
12:21:42,1429,8.8617409434454
12:21:43,1430,8.8617409434454
12:21:44,1430,8.8617409434454
12:21:45,1430,8.8617409434454
12:21:46,1431,8.858880208333334
12:21:47,1431,8.858880208333334
12:21:48,1431,8.858652094717668
12:21:49,1431,8.858652094717668
12:21:50,1431,8.864703588143525
12:21:51,1431,8.864703588143525
12:21:52,1431,8.869342686412056
12:21:53,1432,8.869342686412056
12:21:54,1432,8.869342686412056
12:21:55,1432,8.869342686412056
12:21:56,1432,8.869342686412056
12:21:57,1432,8.867679127725857
12:21:58,1432,8.867679127725857
12:21:59,1432,8.867679127725857
12:22:00,1432,8.867730220492867
12:22:01,1432,8.867730220492867
12:22:02,1432,8.867730220492867
12:22:03,1432,8.867730220492867
12:22:04,1432,8.86627786417833
12:22:05,1432,8.864763014763014
12:22:06,1432,8.864763014763014
12:22:07,1432,8.864763014763014
12:22:08,1432,8.864763014763014
12:22:09,1433,8.864763014763014
12:22:10,1434,8.864763014763014
12:22:11,1434,8.864763014763014
12:22:12,1435,8.864763014763014
12:22:13,1436,8.867663043478261
12:22:14,1436,8.867663043478261
12:22:15,1437,8.867663043478261
12:22:16,1439,8.867663043478261
12:22:17,1440,8.866343418670803
12:22:18,1440,8.866343418670803
12:22:19,1441,8.866343418670803
12:22:20,1441,8.866343418670803
12:22:21,1442,8.866343418670803
12:22:22,1442,8.866343418670803
12:22:23,1442,8.86374677002584
12:22:24,1442,8.86374677002584
12:22:25,1443,8.86374677002584
12:22:26,1443,8.867906016008261
12:22:27,1443,8.867906016008261
12:22:28,1444,8.867906016008261
12:22:29,1444,8.867906016008261
12:22:30,1444,8.867906016008261
12:22:31,1446,8.868163054695563
12:22:32,1446,8.868163054695563
12:22:33,1446,8.868163054695563
12:22:34,1446,8.868163054695563
12:22:35,1447,8.868163054695563
12:22:36,1447,8.867800979633927
12:22:37,1447,8.867800979633927
12:22:38,1448,8.867800979633927
12:22:39,1449,8.866099948480164
12:22:40,1449,8.872162162162162
12:22:41,1449,8.872162162162162
12:22:42,1450,8.872162162162162
12:22:43,1450,8.872162162162162
12:22:44,1451,8.872162162162162
12:22:45,1451,8.872162162162162
12:22:46,1451,8.870267489711933
12:22:47,1451,8.870267489711933
12:22:48,1451,8.868735543562066
12:22:49,1451,8.868735543562066
12:22:50,1451,8.868735543562066
12:22:51,1451,8.870403184386236
12:22:52,1451,8.86850141134206
12:22:53,1451,8.86850141134206
12:22:54,1451,8.867089743589743
12:22:55,1452,8.867089743589743
12:22:56,1452,8.867089743589743
12:22:57,1452,8.867089743589743
12:22:58,1452,8.867089743589743
12:22:59,1453,8.87086856264412
12:23:00,1453,8.871582181259601
12:23:01,1454,8.871582181259601
12:23:02,1454,8.871582181259601
12:23:03,1454,8.871582181259601
12:23:04,1455,8.871582181259601
12:23:05,1455,8.871582181259601
12:23:06,1455,8.870746994116141
12:23:07,1456,8.870746994116141
12:23:08,1456,8.870746994116141
12:23:09,1456,8.867369631901841
12:23:10,1456,8.867369631901841
12:23:11,1457,8.867369631901841
12:23:12,1457,8.867369631901841
12:23:13,1458,8.867369631901841
12:23:14,1458,8.865108556832695
12:23:15,1458,8.865108556832695
12:23:16,1458,8.865108556832695
12:23:17,1458,8.867215416028586
12:23:18,1460,8.867215416028586
12:23:19,1461,8.868018362662585
12:23:20,1461,8.868018362662585
12:23:21,1461,8.868018362662585
12:23:22,1462,8.868018362662585
12:23:23,1462,8.868018362662585
12:23:24,1462,8.868018362662585
12:23:25,1462,8.868018362662585
12:23:26,1463,8.868018362662585
12:23:27,1463,8.868018362662585
12:23:28,1463,8.867048929663609
12:23:29,1463,8.867048929663609
12:23:30,1464,8.867048929663609
12:23:31,1464,8.867048929663609
12:23:32,1464,8.867048929663609
12:23:33,1465,8.871033868092692
12:23:34,1466,8.871033868092692
12:23:35,1466,8.871033868092692
12:23:36,1466,8.869541984732825
12:23:37,1466,8.869541984732825
12:23:38,1467,8.868777015001273
12:23:39,1467,8.868777015001273
12:23:40,1467,8.870033028455284
12:23:41,1469,8.870033028455284
12:23:42,1469,8.870033028455284
12:23:43,1469,8.87453069507864
12:23:44,1470,8.87453069507864
12:23:45,1470,8.87453069507864
12:23:46,1471,8.87453069507864
12:23:47,1472,8.87453069507864
12:23:48,1472,8.87453069507864
12:23:49,1473,8.87453069507864
12:23:50,1474,8.87453069507864
12:23:51,1474,8.87453069507864
12:23:52,1474,8.873016476552598
12:23:53,1475,8.874594731509626
12:23:54,1475,8.874594731509626
12:23:55,1475,8.877739812705643
12:23:56,1476,8.877739812705643
12:23:57,1476,8.877739812705643
12:23:58,1477,8.878692463328274
12:23:59,1477,8.878692463328274
12:24:00,1477,8.877546120798586
12:24:01,1477,8.877546120798586
12:24:02,1477,8.877546120798586
12:24:03,1478,8.882866515266212
12:24:04,1478,8.882866515266212
12:24:05,1478,8.882866515266212
12:24:06,1478,8.882866515266212
12:24:07,1478,8.882866515266212
12:24:08,1478,8.882866515266212
12:24:09,1478,8.882866515266212
12:24:10,1478,8.882866515266212
12:24:11,1478,8.883988905698436
12:24:12,1479,8.883988905698436
12:24:13,1479,8.882060972537165
12:24:14,1479,8.882060972537165
12:24:15,1479,8.882060972537165
12:24:16,1479,8.882060972537165
12:24:17,1479,8.881294058408862
12:24:18,1479,8.881294058408862
12:24:19,1479,8.879798742138366
12:24:20,1479,8.879798742138366
12:24:21,1479,8.878469079939668
12:24:22,1480,8.878469079939668
12:24:23,1480,8.878469079939668
12:24:24,1480,8.878469079939668
12:24:25,1480,8.878469079939668
12:24:26,1481,8.880130620447124
12:24:27,1481,8.880346385542168
12:24:28,1481,8.880346385542168
12:24:29,1481,8.880346385542168
12:24:30,1481,8.87894406822172
12:24:31,1481,8.87894406822172
12:24:32,1481,8.87894406822172
12:24:33,1481,8.87894406822172
12:24:34,1482,8.87894406822172
12:24:35,1482,8.87894406822172
12:24:36,1482,8.87894406822172
12:24:37,1482,8.87894406822172
12:24:38,1482,8.87894406822172
12:24:39,1482,8.87894406822172
12:24:40,1482,8.87894406822172
12:24:41,1482,8.87894406822172
12:24:42,1482,8.882468671679197
12:24:43,1482,8.882468671679197
12:24:44,1482,8.882468671679197
12:24:45,1482,8.880365639869773
12:24:46,1483,8.880365639869773
12:24:47,1483,8.880365639869773
12:24:48,1483,8.880365639869773
12:24:49,1483,8.880365639869773
12:24:50,1483,8.878653653653654
12:24:51,1483,8.878653653653654
12:24:52,1484,8.878653653653654
12:24:53,1484,8.884458614653663
12:24:54,1485,8.884458614653663
12:24:55,1485,8.883095952023988
12:24:56,1485,8.883095952023988
12:24:57,1485,8.880162297128589
12:24:58,1485,8.880162297128589
12:24:59,1485,8.880162297128589
12:25:00,1485,8.880162297128589
12:25:01,1485,8.88002744510978
12:25:02,1485,8.88002744510978
12:25:03,1485,8.88002744510978
12:25:04,1486,8.88002744510978
12:25:05,1486,8.88002744510978
12:25:06,1486,8.88002744510978
12:25:07,1486,8.88002744510978
12:25:08,1486,8.88002744510978
12:25:09,1486,8.88002744510978
12:25:10,1487,8.88002744510978
12:25:11,1487,8.88002744510978
12:25:12,1487,8.88002744510978
12:25:13,1487,8.88002744510978
12:25:14,1487,8.88002744510978
12:25:15,1487,8.88002744510978
12:25:16,1487,8.878945400149588
12:25:17,1487,8.878945400149588
12:25:18,1487,8.877590931738915
12:25:19,1487,8.878018421707742
12:25:20,1487,8.878018421707742
12:25:21,1487,8.880808457711444
12:25:22,1487,8.880808457711444
12:25:23,1487,8.880808457711444
12:25:24,1487,8.878142076502733
12:25:25,1487,8.878142076502733
12:25:26,1488,8.878142076502733
12:25:27,1488,8.876185157607347
12:25:28,1488,8.876185157607347
12:25:29,1489,8.876185157607347
12:25:30,1489,8.876185157607347
12:25:31,1489,8.876185157607347
12:25:32,1489,8.87717013888889
12:25:33,1489,8.87717013888889
12:25:34,1489,8.87717013888889
12:25:35,1489,8.87717013888889
12:25:36,1489,8.87717013888889
12:25:37,1489,8.87717013888889
12:25:38,1490,8.87717013888889
12:25:39,1490,8.87717013888889
12:25:40,1490,8.87717013888889
12:25:41,1490,8.87717013888889
12:25:42,1490,8.87717013888889
12:25:43,1492,8.87717013888889
12:25:44,1492,8.882998760842629
12:25:45,1492,8.880943536404162
12:25:46,1492,8.880943536404162
12:25:47,1493,8.879745112595891
12:25:48,1494,8.879745112595891
12:25:49,1494,8.879745112595891
12:25:50,1494,8.879745112595891
12:25:51,1494,8.88107239930813
12:25:52,1495,8.87972839506173
12:25:53,1495,8.87972839506173
12:25:54,1496,8.87972839506173
12:25:55,1496,8.877658524549718
12:25:56,1496,8.877658524549718
12:25:57,1496,8.877658524549718
12:25:58,1498,8.877658524549718
12:25:59,1498,8.877354536489152
12:26:00,1499,8.877354536489152
12:26:01,1499,8.877354536489152
12:26:02,1501,8.877354536489152
12:26:03,1501,8.877354536489152
12:26:04,1501,8.877354536489152
12:26:05,1502,8.877354536489152
12:26:06,1503,8.875018477457502
12:26:07,1503,8.875018477457502
12:26:08,1504,8.878028064992614
12:26:09,1504,8.87610086100861
12:26:10,1504,8.876143067846607
12:26:11,1504,8.876143067846607
12:26:12,1506,8.876143067846607
12:26:13,1506,8.87554654875952
12:26:14,1506,8.87554654875952
12:26:15,1509,8.87554654875952
12:26:16,1509,8.87554654875952
12:26:17,1509,8.87554654875952
12:26:18,1510,8.880314187530681
12:26:19,1511,8.880314187530681
12:26:20,1511,8.880314187530681
12:26:21,1512,8.880314187530681
12:26:22,1513,8.880314187530681
12:26:23,1513,8.880314187530681
12:26:24,1513,8.880314187530681
12:26:25,1514,8.87774098601913
12:26:26,1514,8.87774098601913
12:26:27,1514,8.87774098601913
12:26:28,1514,8.87774098601913
12:26:29,1516,8.87774098601913
12:26:30,1516,8.87774098601913
12:26:31,1516,8.87774098601913
12:26:32,1517,8.876495098039216
12:26:33,1518,8.875177565515552
12:26:34,1519,8.875177565515552
12:26:35,1519,8.875177565515552
12:26:36,1519,8.873482623592757
12:26:37,1519,8.873482623592757
12:26:38,1520,8.873482623592757
12:26:39,1521,8.873482623592757
12:26:40,1521,8.873482623592757
12:26:41,1521,8.873482623592757
12:26:42,1521,8.871924675959892
12:26:43,1522,8.871924675959892
12:26:44,1522,8.873655913978494
12:26:45,1522,8.873655913978494
12:26:46,1522,8.873655913978494
12:26:47,1523,8.872283272283273
12:26:48,1523,8.872283272283273
12:26:49,1523,8.872283272283273
12:26:50,1523,8.872283272283273
12:26:51,1524,8.876854563201562
12:26:52,1524,8.875140209704949
12:26:53,1524,8.875140209704949
12:26:54,1524,8.875140209704949
12:26:55,1525,8.872782651072125
12:26:56,1525,8.872782651072125
12:26:57,1525,8.872782651072125
12:26:58,1525,8.870379839298758
12:26:59,1526,8.870379839298758
12:27:00,1526,8.873442822384428
12:27:01,1527,8.872672015560418
12:27:02,1528,8.872672015560418
12:27:03,1528,8.872672015560418
12:27:04,1528,8.872672015560418
12:27:05,1529,8.872672015560418
12:27:06,1530,8.872672015560418
12:27:07,1530,8.871428571428572
12:27:08,1531,8.871428571428572
12:27:09,1532,8.871428571428572
12:27:10,1532,8.871428571428572
12:27:11,1532,8.871428571428572
12:27:12,1532,8.871428571428572
12:27:13,1533,8.871428571428572
12:27:14,1533,8.871428571428572
12:27:15,1534,8.871428571428572
12:27:16,1534,8.871428571428572
12:27:17,1534,8.869616411750425
12:27:18,1534,8.869616411750425
12:27:19,1535,8.869616411750425
12:27:20,1535,8.867115477923338
12:27:21,1535,8.867115477923338
12:27:22,1536,8.87380606060606
12:27:23,1536,8.87380606060606
12:27:24,1536,8.87380606060606
12:27:25,1537,8.87380606060606
12:27:26,1537,8.87249273255814
12:27:27,1537,8.87249273255814
12:27:28,1538,8.87249273255814
12:27:29,1538,8.870225127087872
12:27:30,1539,8.870225127087872
12:27:31,1539,8.870225127087872
12:27:32,1539,8.871153846153845
12:27:33,1540,8.871153846153845
12:27:34,1540,8.871153846153845
12:27:35,1540,8.871153846153845
12:27:36,1541,8.871153846153845
12:27:37,1541,8.871153846153845
12:27:38,1541,8.871153846153845
12:27:39,1542,8.871153846153845
12:27:40,1542,8.871153846153845
12:27:41,1542,8.869591491418902
12:27:42,1542,8.869591491418902
12:27:43,1544,8.869591491418902
12:27:44,1544,8.869591491418902
12:27:45,1544,8.869591491418902
12:27:46,1545,8.869591491418902
12:27:47,1545,8.869591491418902
12:27:48,1545,8.869951690821257
12:27:49,1547,8.873002655080859
12:27:50,1547,8.873002655080859
12:27:51,1547,8.873002655080859
12:27:52,1547,8.873002655080859
12:27:53,1547,8.873002655080859
12:27:54,1547,8.873002655080859
12:27:55,1547,8.873002655080859
12:27:56,1547,8.873002655080859
12:27:57,1547,8.873002655080859
12:27:58,1547,8.873002655080859
12:27:59,1547,8.873002655080859
12:28:00,1547,8.873002655080859
12:28:01,1547,8.873002655080859
12:28:02,1547,8.876000964785336
12:28:03,1547,8.876000964785336
12:28:04,1547,8.876000964785336
12:28:05,1547,8.876934201012292
12:28:06,1547,8.876934201012292
12:28:07,1547,8.87473506743738
12:28:08,1547,8.87473506743738
12:28:09,1548,8.874115523465703
12:28:10,1548,8.874115523465703
12:28:11,1548,8.874115523465703
12:28:12,1548,8.874115523465703
12:28:13,1549,8.874115523465703
12:28:14,1549,8.880170755170756
12:28:15,1549,8.878154289834175
12:28:16,1549,8.876705091258405
12:28:17,1551,8.876705091258405
12:28:18,1551,8.876705091258405
12:28:19,1552,8.876705091258405
12:28:20,1552,8.881089512838972
12:28:21,1552,8.881089512838972
12:28:22,1553,8.881089512838972
12:28:23,1553,8.881089512838972
12:28:24,1553,8.881089512838972
12:28:25,1553,8.881089512838972
12:28:26,1554,8.881089512838972
12:28:27,1554,8.881089512838972
12:28:28,1554,8.881089512838972
12:28:29,1554,8.881089512838972
12:28:30,1554,8.880239808153478
12:28:31,1554,8.880239808153478
12:28:32,1554,8.880239808153478
12:28:33,1554,8.880239808153478
12:28:34,1554,8.880239808153478
12:28:35,1554,8.880239808153478
12:28:36,1554,8.880239808153478
12:28:37,1554,8.883369278696382
12:28:38,1554,8.883369278696382
12:28:39,1554,8.883369278696382
12:28:40,1554,8.88327346743295
12:28:41,1554,8.88327346743295
12:28:42,1554,8.88327346743295
12:28:43,1554,8.88327346743295
12:28:44,1555,8.88327346743295
12:28:45,1556,8.88327346743295
12:28:46,1556,8.882280449868391
12:28:47,1557,8.882280449868391
12:28:48,1557,8.882280449868391
12:28:49,1557,8.880667144906743
12:28:50,1557,8.879426523297491
12:28:51,1557,8.879426523297491
12:28:52,1557,8.8783070678128
12:28:53,1557,8.8783070678128
12:28:54,1558,8.876688141255071
12:28:55,1558,8.875929899856938
12:28:56,1558,8.875929899856938
12:28:57,1558,8.876602335001191
12:28:58,1558,8.876602335001191
12:28:59,1558,8.876602335001191
12:29:00,1558,8.874488095238094
12:29:01,1558,8.874488095238094
12:29:02,1559,8.878967404235071
12:29:03,1559,8.878967404235071
12:29:04,1559,8.878967404235071
12:29:05,1559,8.878967404235071
12:29:06,1559,8.878967404235071
12:29:07,1559,8.878967404235071
12:29:08,1559,8.878967404235071
12:29:09,1559,8.878967404235071
12:29:10,1559,8.878967404235071
12:29:11,1559,8.881894912030434
12:29:12,1559,8.881894912030434
12:29:13,1559,8.881894912030434
12:29:14,1559,8.881894912030434
12:29:15,1559,8.881894912030434
12:29:16,1559,8.881894912030434
12:29:17,1560,8.881894912030434
12:29:18,1560,8.881894912030434
12:29:19,1560,8.881894912030434
12:29:20,1561,8.881894912030434
12:29:21,1561,8.881894912030434
12:29:22,1561,8.881894912030434
12:29:23,1561,8.881894912030434
12:29:24,1561,8.881894912030434
12:29:25,1562,8.881894912030434
12:29:26,1562,8.880648610121169
12:29:27,1562,8.880648610121169
12:29:28,1562,8.880648610121169
12:29:29,1562,8.880246913580246
12:29:30,1562,8.880246913580246
12:29:31,1562,8.880246913580246
12:29:32,1562,8.880246913580246
12:29:33,1562,8.880246913580246
12:29:34,1562,8.877841043890866
12:29:35,1562,8.877841043890866
12:29:36,1562,8.876552868658132
12:29:37,1562,8.876552868658132
12:29:38,1562,8.876552868658132
12:29:39,1562,8.874733475479745
12:29:40,1562,8.874733475479745
12:29:41,1562,8.873544034090909
12:29:42,1562,8.873544034090909
12:29:43,1562,8.87669742133901
12:29:44,1562,8.87669742133901
12:29:45,1562,8.875591016548464
12:29:46,1562,8.875591016548464
12:29:47,1563,8.87351759981101
12:29:48,1563,8.874114730878187
12:29:49,1563,8.874114730878187
12:29:50,1563,8.874114730878187
12:29:51,1563,8.874114730878187
12:29:52,1563,8.874114730878187
12:29:53,1563,8.874114730878187
12:29:54,1563,8.880103724658179
12:29:55,1564,8.880103724658179
12:29:56,1564,8.880103724658179
12:29:57,1564,8.880103724658179
12:29:58,1564,8.87833922261484
12:29:59,1564,8.87833922261484
12:30:00,1564,8.87833922261484
12:30:01,1564,8.877569983533286
12:30:02,1564,8.877569983533286
12:30:03,1565,8.88020686412788
12:30:04,1565,8.879927178764387
12:30:05,1565,8.879927178764387
12:30:06,1566,8.879927178764387
12:30:07,1566,8.879927178764387
12:30:08,1566,8.879927178764387
12:30:09,1566,8.879927178764387
12:30:10,1566,8.879927178764387
12:30:11,1566,8.879927178764387
12:30:12,1567,8.879927178764387
12:30:13,1567,8.879927178764387
12:30:14,1567,8.879927178764387
12:30:15,1567,8.879014084507043
12:30:16,1568,8.879014084507043
12:30:17,1569,8.879014084507043
12:30:18,1569,8.879014084507043
12:30:19,1569,8.879014084507043
12:30:20,1569,8.879014084507043
12:30:21,1570,8.879014084507043
12:30:22,1571,8.879014084507043
12:30:23,1571,8.879014084507043
12:30:24,1572,8.877304714989444
12:30:25,1572,8.877304714989444
12:30:26,1572,8.877304714989444
12:30:27,1572,8.877304714989444
12:30:28,1572,8.877304714989444
12:30:29,1572,8.877304714989444
12:30:30,1572,8.877304714989444
12:30:31,1572,8.877304714989444
12:30:32,1572,8.877304714989444
12:30:33,1572,8.876371308016877
12:30:34,1572,8.876371308016877
12:30:35,1572,8.876371308016877
12:30:36,1573,8.878273600374795
12:30:37,1573,8.878273600374795
12:30:38,1573,8.878273600374795
12:30:39,1573,8.876299157303372
12:30:40,1573,8.876299157303372
12:30:41,1574,8.876299157303372
12:30:42,1574,8.876299157303372
12:30:43,1574,8.883345029239766
12:30:44,1574,8.881287985039737
12:30:45,1574,8.879806120065405
12:30:46,1575,8.879806120065405
12:30:47,1575,8.879806120065405
12:30:48,1575,8.877731092436976
12:30:49,1575,8.877731092436976
12:30:50,1575,8.877820512820513
12:30:51,1576,8.877820512820513
12:30:52,1576,8.876846028418356
12:30:53,1576,8.876846028418356
12:30:54,1576,8.87967877094972
12:30:55,1577,8.87967877094972
12:30:56,1577,8.87967877094972
12:30:57,1577,8.87967877094972
12:30:58,1577,8.87967877094972
12:30:59,1577,8.87967877094972
12:31:00,1577,8.87967877094972
12:31:01,1578,8.87967877094972
12:31:02,1578,8.87967877094972
12:31:03,1578,8.87967877094972
12:31:04,1578,8.87967877094972
12:31:05,1578,8.87967877094972
12:31:06,1579,8.87967877094972
12:31:07,1580,8.87967877094972
12:31:08,1580,8.879437078390323
12:31:09,1581,8.879437078390323
12:31:10,1581,8.878451882845187
12:31:11,1582,8.878451882845187
12:31:12,1583,8.878451882845187
12:31:13,1583,8.878451882845187
12:31:14,1583,8.878451882845187
12:31:15,1583,8.878451882845187
12:31:16,1584,8.878451882845187
12:31:17,1584,8.878451882845187
12:31:18,1584,8.878451882845187
12:31:19,1586,8.878451882845187
12:31:20,1586,8.878451882845187
12:31:21,1586,8.878451882845187
12:31:22,1587,8.878451882845187
12:31:23,1587,8.87808362369338
12:31:24,1589,8.87808362369338
12:31:25,1589,8.87808362369338
12:31:26,1590,8.882126276694521
12:31:27,1590,8.882126276694521
12:31:28,1592,8.882126276694521
12:31:29,1593,8.882126276694521
12:31:30,1594,8.882126276694521
12:31:31,1595,8.882126276694521
12:31:32,1596,8.886335187760778
12:31:33,1596,8.886335187760778
12:31:34,1596,8.886335187760778
12:31:35,1598,8.886335187760778
12:31:36,1599,8.884618948343757
12:31:37,1599,8.884618948343757
12:31:38,1600,8.887731481481483
12:31:39,1601,8.887731481481483
12:31:40,1603,8.885311126532502
12:31:41,1603,8.886442441054092
12:31:42,1604,8.886442441054092
12:31:43,1605,8.884325946445061
12:31:44,1606,8.884325946445061
12:31:45,1606,8.884325946445061
12:31:46,1607,8.883760092272203
12:31:47,1607,8.883760092272203
12:31:48,1607,8.883609958506224
12:31:49,1608,8.883609958506224
12:31:50,1608,8.883609958506224
12:31:51,1608,8.883609958506224
12:31:52,1608,8.881709283575214
12:31:53,1608,8.881709283575214
12:31:54,1609,8.881709283575214
12:31:55,1609,8.881709283575214
12:31:56,1610,8.881709283575214
12:31:57,1611,8.881709283575214
12:31:58,1611,8.881709283575214
12:31:59,1611,8.881709283575214
12:32:00,1611,8.884069981583794
12:32:01,1611,8.884069981583794
12:32:02,1611,8.884069981583794
12:32:03,1611,8.884069981583794
12:32:04,1611,8.890264367816092
12:32:05,1611,8.890264367816092
12:32:06,1611,8.890264367816092
12:32:07,1611,8.890264367816092
12:32:08,1611,8.890264367816092
12:32:09,1611,8.890264367816092
12:32:10,1611,8.890264367816092
12:32:11,1612,8.888536641396739
12:32:12,1612,8.888536641396739
12:32:13,1612,8.888536641396739
12:32:14,1612,8.886065197428833
12:32:15,1612,8.886065197428833
12:32:16,1612,8.886065197428833
12:32:17,1614,8.885983023629274
12:32:18,1614,8.885983023629274
12:32:19,1616,8.885983023629274
12:32:20,1616,8.885706098120128
12:32:21,1616,8.885706098120128
12:32:22,1617,8.883482142857142
12:32:23,1618,8.883482142857142
12:32:24,1618,8.883482142857142
12:32:25,1619,8.883482142857142
12:32:26,1619,8.88185769846717
12:32:27,1619,8.88185769846717
12:32:28,1619,8.88185769846717
12:32:29,1619,8.88462505715592
12:32:30,1619,8.88462505715592
12:32:31,1620,8.88462505715592
12:32:32,1620,8.88325336988805
12:32:33,1621,8.88325336988805
12:32:34,1621,8.88325336988805
12:32:35,1621,8.88325336988805
12:32:36,1621,8.88325336988805
12:32:37,1623,8.88325336988805
12:32:38,1623,8.88325336988805
12:32:39,1623,8.88325336988805
12:32:40,1623,8.88325336988805
12:32:41,1623,8.879306411133927
12:32:42,1623,8.879306411133927
12:32:43,1623,8.879306411133927
12:32:44,1623,8.879306411133927
12:32:45,1623,8.877770177838578
12:32:46,1623,8.877770177838578
12:32:47,1623,8.877770177838578
12:32:48,1623,8.880394167236272
12:32:49,1623,8.881272768670309
12:32:50,1623,8.881272768670309
12:32:51,1623,8.881272768670309
12:32:52,1623,8.881272768670309
12:32:53,1623,8.881272768670309
12:32:54,1623,8.881272768670309
12:32:55,1623,8.882480091012514
12:32:56,1623,8.88761937244202
12:32:57,1623,8.88761937244202
12:32:58,1623,8.88761937244202
12:32:59,1623,8.88761937244202
12:33:00,1623,8.88761937244202
12:33:01,1623,8.88761937244202
12:33:02,1623,8.88761937244202
12:33:03,1623,8.88552601681436
12:33:04,1623,8.88552601681436
12:33:05,1623,8.88552601681436
12:33:06,1623,8.88552601681436
12:33:07,1623,8.88552601681436
12:33:08,1623,8.88576294277929
12:33:09,1623,8.88576294277929
12:33:10,1623,8.88576294277929
12:33:11,1623,8.88576294277929
12:33:12,1623,8.88576294277929
12:33:13,1623,8.88576294277929
12:33:14,1623,8.88576294277929
12:33:15,1624,8.888412698412699
12:33:16,1624,8.888412698412699
12:33:17,1624,8.893337865397688
12:33:18,1624,8.892266757246377
12:33:19,1624,8.892266757246377
12:33:20,1624,8.892266757246377
12:33:21,1624,8.895123331070378
12:33:22,1624,8.895123331070378
12:33:23,1624,8.893000904568067
12:33:24,1624,8.891977401129942
12:33:25,1624,8.891977401129942
12:33:26,1624,8.891977401129942
12:33:27,1624,8.891977401129942
12:33:28,1624,8.891977401129942
12:33:29,1624,8.891977401129942
12:33:30,1624,8.891977401129942
12:33:31,1625,8.891977401129942
12:33:32,1625,8.891977401129942
12:33:33,1625,8.89088753387534
12:33:34,1625,8.89088753387534
12:33:35,1625,8.89088753387534
12:33:36,1626,8.889302640487475
12:33:37,1626,8.889302640487475
12:33:38,1626,8.889302640487475
12:33:39,1626,8.889302640487475
12:33:40,1626,8.889302640487475
12:33:41,1626,8.889302640487475
12:33:42,1627,8.889302640487475
12:33:43,1628,8.889302640487475
12:33:44,1628,8.889302640487475
12:33:45,1630,8.889302640487475
12:33:46,1630,8.890741993685161
12:33:47,1631,8.890741993685161
12:33:48,1632,8.890741993685161
12:33:49,1632,8.890741993685161
12:33:50,1632,8.890741993685161
12:33:51,1632,8.88903538426865
12:33:52,1632,8.888006756756758
12:33:53,1632,8.888006756756758
12:33:54,1632,8.890659464325905
12:33:55,1633,8.890659464325905
12:33:56,1633,8.890659464325905
12:33:57,1634,8.889237516869095
12:33:58,1634,8.889237516869095
12:33:59,1634,8.889237516869095
12:34:00,1634,8.889237516869095
12:34:01,1634,8.889237516869095
12:34:02,1634,8.889237516869095
12:34:03,1634,8.889237516869095
12:34:04,1634,8.89488649134637
12:34:05,1634,8.89488649134637
12:34:06,1634,8.89488649134637
12:34:07,1635,8.899820305480683
12:34:08,1635,8.899820305480683
12:34:09,1635,8.899820305480683
12:34:10,1635,8.898574635241301
12:34:11,1635,8.898574635241301
12:34:12,1635,8.898070883804396
12:34:13,1635,8.898070883804396
12:34:14,1635,8.898070883804396
12:34:15,1635,8.898070883804396
12:34:16,1636,8.898070883804396
12:34:17,1637,8.896054696256444
12:34:18,1637,8.896054696256444
12:34:19,1637,8.89464605734767
12:34:20,1637,8.89464605734767
12:34:21,1638,8.89464605734767
12:34:22,1638,8.894145959256772
12:34:23,1638,8.894145959256772
12:34:24,1639,8.894145959256772
12:34:25,1639,8.894145959256772
12:34:26,1640,8.894145959256772
12:34:27,1640,8.892651006711409
12:34:28,1641,8.892651006711409
12:34:29,1641,8.892651006711409
12:34:30,1641,8.891225128549072
12:34:31,1642,8.891225128549072
12:34:32,1643,8.889935210008936
12:34:33,1643,8.889935210008936
12:34:34,1643,8.889935210008936
12:34:35,1645,8.889935210008936
12:34:36,1645,8.889935210008936
12:34:37,1645,8.889935210008936
12:34:38,1646,8.889935210008936
12:34:39,1646,8.889935210008936
12:34:40,1647,8.889935210008936
12:34:41,1647,8.889935210008936
12:34:42,1648,8.889935210008936
12:34:43,1648,8.889935210008936
12:34:44,1648,8.889935210008936
12:34:45,1650,8.889935210008936
12:34:46,1650,8.889935210008936
12:34:47,1650,8.8910582719357
12:34:48,1651,8.8910582719357
12:34:49,1651,8.8910582719357
12:34:50,1651,8.8910582719357
12:34:51,1651,8.8910582719357
12:34:52,1651,8.8910582719357
12:34:53,1651,8.8910582719357
12:34:54,1651,8.8910582719357
12:34:55,1651,8.888777331548416
12:34:56,1652,8.894061942959002
12:34:57,1652,8.894061942959002
12:34:58,1652,8.898218659541305
12:34:59,1652,8.898218659541305
12:35:00,1652,8.900133511348464
12:35:01,1652,8.900133511348464
12:35:02,1652,8.900133511348464
12:35:03,1653,8.900133511348464
12:35:04,1654,8.89995552590616
12:35:05,1654,8.897366666666667
12:35:06,1654,8.897366666666667
12:35:07,1655,8.897366666666667
12:35:08,1655,8.897366666666667
12:35:09,1656,8.897366666666667
12:35:10,1656,8.897366666666667
12:35:11,1657,8.897366666666667
12:35:12,1658,8.897346213635355
12:35:13,1659,8.897346213635355
12:35:14,1659,8.897346213635355
12:35:15,1660,8.897346213635355
12:35:16,1660,8.897346213635355
12:35:17,1660,8.896382600976475
12:35:18,1660,8.896382600976475
12:35:19,1662,8.89513195830561
12:35:20,1662,8.89513195830561
12:35:21,1662,8.89513195830561
12:35:22,1662,8.89513195830561
12:35:23,1662,8.89513195830561
12:35:24,1662,8.89513195830561
12:35:25,1662,8.89513195830561
12:35:26,1662,8.89513195830561
12:35:27,1663,8.89513195830561
12:35:28,1663,8.895146276595744
12:35:29,1663,8.898626799557032
12:35:30,1663,8.898626799557032
12:35:31,1663,8.898626799557032
12:35:32,1664,8.898626799557032
12:35:33,1664,8.898626799557032
12:35:34,1665,8.896547144754317
12:35:35,1665,8.896547144754317
12:35:36,1665,8.896547144754317
12:35:37,1666,8.896547144754317
12:35:38,1666,8.896547144754317
12:35:39,1666,8.896547144754317
12:35:40,1666,8.893994691439948
12:35:41,1666,8.893994691439948
12:35:42,1666,8.893994691439948
12:35:43,1666,8.893994691439948
12:35:44,1666,8.893994691439948
12:35:45,1666,8.893015030946065
12:35:46,1666,8.893015030946065
12:35:47,1666,8.896920529801324
12:35:48,1666,8.896920529801324
12:35:49,1666,8.896920529801324
12:35:50,1666,8.896920529801324
12:35:51,1667,8.898157952790648
12:35:52,1667,8.898544973544974
12:35:53,1667,8.897763824630976
12:35:54,1667,8.897763824630976
12:35:55,1667,8.897763824630976
12:35:56,1667,8.897763824630976
12:35:57,1668,8.897763824630976
12:35:58,1668,8.897763824630976
12:35:59,1668,8.897763824630976
12:36:00,1669,8.897763824630976
12:36:01,1670,8.897763824630976
12:36:02,1670,8.897763824630976
12:36:03,1670,8.897763824630976
12:36:04,1670,8.901023778071334
12:36:05,1670,8.901023778071334
12:36:06,1671,8.901023778071334
12:36:07,1671,8.898987898789878
12:36:08,1672,8.898987898789878
12:36:09,1672,8.898987898789878
12:36:10,1672,8.898987898789878
12:36:11,1672,8.89735223027906
12:36:12,1672,8.89735223027906
12:36:13,1672,8.89735223027906
12:36:14,1673,8.89735223027906
12:36:15,1673,8.89735223027906
12:36:16,1674,8.89735223027906
12:36:17,1675,8.89735223027906
12:36:18,1675,8.897518664909969
12:36:19,1675,8.897518664909969
12:36:20,1675,8.897518664909969
12:36:21,1675,8.901250822909809
12:36:22,1675,8.901250822909809
12:36:23,1675,8.901250822909809
12:36:24,1675,8.901250822909809
12:36:25,1675,8.899539473684209
12:36:26,1675,8.899539473684209
12:36:27,1675,8.900525969756739
12:36:28,1675,8.900525969756739
12:36:29,1675,8.900525969756739
12:36:30,1675,8.89799605781866
12:36:31,1675,8.89799605781866
12:36:32,1676,8.89799605781866
12:36:33,1676,8.89799605781866
12:36:34,1676,8.89799605781866
12:36:35,1677,8.89799605781866
12:36:36,1677,8.89799605781866
12:36:37,1678,8.89799605781866
12:36:38,1678,8.900973954913548
12:36:39,1678,8.905774278215224
12:36:40,1679,8.905774278215224
12:36:41,1679,8.905774278215224
12:36:42,1679,8.906579234972677
12:36:43,1680,8.90615989515072
12:36:44,1680,8.90615989515072
12:36:45,1680,8.903689150840428
12:36:46,1680,8.903689150840428
12:36:47,1681,8.903689150840428
12:36:48,1681,8.903689150840428
12:36:49,1681,8.903689150840428
12:36:50,1681,8.903689150840428
12:36:51,1682,8.903689150840428
12:36:52,1682,8.903689150840428
12:36:53,1682,8.903689150840428
12:36:54,1682,8.903795811518325
12:36:55,1683,8.903795811518325
12:36:56,1683,8.903795811518325
12:36:57,1683,8.903795811518325
12:36:58,1683,8.903795811518325
12:36:59,1684,8.903795811518325
12:37:00,1684,8.903795811518325
12:37:01,1684,8.904937867887508
12:37:02,1685,8.904937867887508
12:37:03,1685,8.904937867887508
12:37:04,1685,8.903004572175048
12:37:05,1685,8.903004572175048
12:37:06,1685,8.903004572175048
12:37:07,1686,8.903004572175048
12:37:08,1686,8.903004572175048
12:37:09,1686,8.903004572175048
12:37:10,1687,8.906066536203523
12:37:11,1687,8.906066536203523
12:37:12,1687,8.906066536203523
12:37:13,1687,8.906066536203523
12:37:14,1688,8.906066536203523
12:37:15,1688,8.906066536203523
12:37:16,1688,8.906066536203523
12:37:17,1688,8.904215558452847
12:37:18,1689,8.904215558452847
12:37:19,1689,8.901748099891423
12:37:20,1689,8.901748099891423
12:37:21,1690,8.901748099891423
12:37:22,1690,8.901748099891423
12:37:23,1690,8.901748099891423
12:37:24,1690,8.902701822916667
12:37:25,1691,8.902701822916667
12:37:26,1691,8.90470613749729
12:37:27,1691,8.90470613749729
12:37:28,1692,8.909557867360208
12:37:29,1692,8.909557867360208
12:37:30,1692,8.909557867360208
12:37:31,1692,8.909557867360208
12:37:32,1693,8.908706952566602
12:37:33,1693,8.908706952566602
12:37:34,1693,8.908706952566602
12:37:35,1694,8.908706952566602
12:37:36,1694,8.908706952566602
12:37:37,1695,8.908706952566602
12:37:38,1695,8.908706952566602
12:37:39,1697,8.908706952566602
12:37:40,1697,8.908706952566602
12:37:41,1697,8.908706952566602
12:37:42,1697,8.908706952566602
12:37:43,1697,8.908706952566602
12:37:44,1697,8.908560606060606
12:37:45,1697,8.908560606060606
12:37:46,1697,8.908560606060606
12:37:47,1697,8.910750594851828
12:37:48,1697,8.909165585819283
12:37:49,1697,8.909165585819283
12:37:50,1697,8.909165585819283
12:37:51,1697,8.909165585819283
12:37:52,1697,8.909165585819283
12:37:53,1697,8.906794124000864
12:37:54,1697,8.906794124000864
12:37:55,1697,8.906794124000864
12:37:56,1697,8.91254317789292
12:37:57,1697,8.91254317789292
12:37:58,1697,8.91254317789292
12:37:59,1697,8.911704422869471
12:38:00,1697,8.911704422869471
12:38:01,1697,8.911704422869471
12:38:02,1697,8.911704422869471
12:38:03,1697,8.911704422869471
12:38:04,1697,8.911704422869471
12:38:05,1697,8.911704422869471
12:38:06,1697,8.913702026735661
12:38:07,1697,8.91163542340013
12:38:08,1697,8.91163542340013
12:38:09,1697,8.909959086993972
12:38:10,1697,8.909959086993972
12:38:11,1697,8.908370992037874
12:38:12,1697,8.908370992037874
12:38:13,1697,8.907064516129031
12:38:14,1697,8.904201590371803
12:38:15,1697,8.904201590371803
12:38:16,1697,8.908483676975946
12:38:17,1697,8.908483676975946
12:38:18,1697,8.908483676975946
12:38:19,1697,8.907115260785577
12:38:20,1697,8.907115260785577
12:38:21,1698,8.907115260785577
12:38:22,1698,8.907115260785577
12:38:23,1698,8.907115260785577
12:38:24,1698,8.907115260785577
12:38:25,1699,8.907115260785577
12:38:26,1699,8.907115260785577
12:38:27,1699,8.907115260785577
12:38:28,1699,8.907115260785577
12:38:29,1699,8.907115260785577
12:38:30,1699,8.907115260785577
12:38:31,1699,8.907115260785577
12:38:32,1699,8.907115260785577
12:38:33,1699,8.907115260785577
12:38:34,1699,8.90948090948091
12:38:35,1699,8.90948090948091
12:38:36,1700,8.90948090948091
12:38:37,1700,8.90948090948091
12:38:38,1700,8.908853161843517
12:38:39,1700,8.908853161843517
12:38:40,1701,8.907669237360754
12:38:41,1701,8.907669237360754
12:38:42,1701,8.907669237360754
12:38:43,1701,8.913037893384715
12:38:44,1701,8.913037893384715
12:38:45,1701,8.913037893384715
12:38:46,1701,8.911863500213949
12:38:47,1701,8.912475946119308
12:38:48,1701,8.913856837606836
12:38:49,1701,8.913856837606836
12:38:50,1701,8.913856837606836
12:38:51,1701,8.913856837606836
12:38:52,1701,8.913856837606836
12:38:53,1702,8.913856837606836
12:38:54,1703,8.912961776638905
12:38:55,1703,8.912961776638905
12:38:56,1704,8.912198763062486
12:38:57,1705,8.912198763062486
12:38:58,1706,8.912198763062486
12:38:59,1706,8.912198763062486
12:39:00,1707,8.912198763062486
12:39:01,1708,8.912198763062486
12:39:02,1708,8.912198763062486
12:39:03,1708,8.912198763062486
12:39:04,1709,8.912198763062486
12:39:05,1709,8.916368286445014
12:39:06,1710,8.916368286445014
12:39:07,1711,8.915729499467519
12:39:08,1711,8.915729499467519
12:39:09,1711,8.915729499467519
12:39:10,1712,8.918241805023415
12:39:11,1713,8.918241805023415
12:39:12,1713,8.918241805023415
12:39:13,1714,8.918241805023415
12:39:14,1715,8.918241805023415
12:39:15,1715,8.918241805023415
12:39:16,1717,8.918241805023415
12:39:17,1717,8.918241805023415
12:39:18,1717,8.918241805023415
12:39:19,1718,8.915677515422251
12:39:20,1719,8.915677515422251
12:39:21,1719,8.915677515422251
12:39:22,1720,8.915677515422251
12:39:23,1720,8.915677515422251
12:39:24,1720,8.915677515422251
12:39:25,1720,8.915677515422251
12:39:26,1720,8.91498724489796
12:39:27,1720,8.91498724489796
12:39:28,1722,8.916103675377098
12:39:29,1722,8.916103675377098
12:39:30,1722,8.916103675377098
12:39:31,1722,8.916103675377098
12:39:32,1723,8.916103675377098
12:39:33,1723,8.916103675377098
12:39:34,1723,8.916103675377098
12:39:35,1724,8.92084659452578
12:39:36,1724,8.92084659452578
12:39:37,1724,8.92084659452578
12:39:38,1724,8.918299406276505
12:39:39,1724,8.918299406276505
12:39:40,1724,8.918299406276505
12:39:41,1725,8.918299406276505
12:39:42,1725,8.918299406276505
12:39:43,1725,8.918299406276505
12:39:44,1726,8.918299406276505
12:39:45,1726,8.918299406276505
12:39:46,1726,8.917270224481152
12:39:47,1726,8.917270224481152
12:39:48,1727,8.915302453468696
12:39:49,1727,8.915302453468696
12:39:50,1727,8.915302453468696
12:39:51,1727,8.915302453468696
12:39:52,1727,8.915302453468696
12:39:53,1727,8.915302453468696
12:39:54,1727,8.920407947579793
12:39:55,1727,8.920407947579793
12:39:56,1727,8.922060375765252
12:39:57,1727,8.922060375765252
12:39:58,1727,8.922060375765252
12:39:59,1727,8.921793248945146
12:40:00,1727,8.921793248945146
12:40:01,1727,8.921793248945146
12:40:02,1728,8.921793248945146
12:40:03,1728,8.921793248945146
12:40:04,1728,8.921793248945146
12:40:05,1729,8.921793248945146
12:40:06,1729,8.920187644950454
12:40:07,1729,8.920187644950454
12:40:08,1730,8.920187644950454
12:40:09,1730,8.920187644950454
12:40:10,1730,8.920187644950454
12:40:11,1730,8.920187644950454
12:40:12,1730,8.920187644950454
12:40:13,1730,8.920187644950454
12:40:14,1730,8.920187644950454
12:40:15,1730,8.920187644950454
12:40:16,1731,8.920187644950454
12:40:17,1731,8.920187644950454
12:40:18,1731,8.920187644950454
12:40:19,1731,8.920187644950454
12:40:20,1732,8.917909033480733
12:40:21,1732,8.917909033480733
12:40:22,1733,8.917909033480733
12:40:23,1733,8.917909033480733
12:40:24,1733,8.917909033480733
12:40:25,1733,8.923074494949496
12:40:26,1734,8.923074494949496
12:40:27,1734,8.923074494949496
12:40:28,1734,8.923074494949496
12:40:29,1734,8.923074494949496
12:40:30,1736,8.923074494949496
12:40:31,1736,8.926288117770769
12:40:32,1736,8.926288117770769
12:40:33,1736,8.926288117770769
12:40:34,1736,8.926271542664985
12:40:35,1738,8.926271542664985
12:40:36,1738,8.929479101029195
12:40:37,1738,8.929479101029195
12:40:38,1738,8.929479101029195
12:40:39,1739,8.927529387069688
12:40:40,1739,8.927386196769456
12:40:41,1739,8.927386196769456
12:40:42,1742,8.925607966457022
12:40:43,1742,8.925607966457022
12:40:44,1742,8.9288393044207
12:40:45,1744,8.9288393044207
12:40:46,1744,8.9288393044207
12:40:47,1744,8.927732412060301
12:40:48,1745,8.927732412060301
12:40:49,1745,8.927732412060301
12:40:50,1745,8.927732412060301
12:40:51,1746,8.927882402176188
12:40:52,1746,8.927882402176188
12:40:53,1746,8.927882402176188
12:40:54,1746,8.92962382445141
12:40:55,1746,8.92962382445141
12:40:56,1747,8.92962382445141
12:40:57,1747,8.928195488721805
12:40:58,1747,8.928195488721805
12:40:59,1747,8.928195488721805
12:41:00,1747,8.928195488721805
12:41:01,1747,8.928195488721805
12:41:02,1747,8.928195488721805
12:41:03,1747,8.928195488721805
12:41:04,1747,8.928195488721805
12:41:05,1747,8.928195488721805
12:41:06,1747,8.928195488721805
12:41:07,1747,8.928195488721805
12:41:08,1747,8.928195488721805
12:41:09,1747,8.928195488721805
12:41:10,1747,8.928195488721805
12:41:11,1747,8.929471926528908
12:41:12,1747,8.929471926528908
12:41:13,1747,8.93508552357113
12:41:14,1748,8.93508552357113
12:41:15,1748,8.93508552357113
12:41:16,1748,8.93508552357113
12:41:17,1748,8.93508552357113
12:41:18,1748,8.93508552357113
12:41:19,1748,8.938451115280383
12:41:20,1748,8.940354166666667
12:41:21,1748,8.940354166666667
12:41:22,1748,8.940354166666667
12:41:23,1748,8.940354166666667
12:41:24,1748,8.940354166666667
12:41:25,1748,8.940354166666667
12:41:26,1748,8.940354166666667
12:41:27,1748,8.940511860174782
12:41:28,1748,8.940511860174782
12:41:29,1748,8.940511860174782
12:41:30,1748,8.938646288209608
12:41:31,1748,8.937905236907731
12:41:32,1748,8.943416407061267
12:41:33,1748,8.943416407061267
12:41:34,1748,8.943416407061267
12:41:35,1748,8.941407222914073
12:41:36,1748,8.941407222914073
12:41:37,1748,8.940707322132338
12:41:38,1748,8.940707322132338
12:41:39,1748,8.940707322132338
12:41:40,1749,8.940707322132338
12:41:41,1749,8.940930762852405
12:41:42,1749,8.940930762852405
12:41:43,1749,8.940930762852405
12:41:44,1749,8.940930762852405
12:41:45,1749,8.939206546509219
12:41:46,1749,8.939206546509219
12:41:47,1749,8.939206546509219
12:41:48,1749,8.939206546509219
12:41:49,1749,8.939206546509219
12:41:50,1749,8.939206546509219
12:41:51,1749,8.939206546509219
12:41:52,1749,8.939206546509219
12:41:53,1749,8.939206546509219
12:41:54,1749,8.939206546509219
12:41:55,1749,8.939206546509219
12:41:56,1749,8.939206546509219
12:41:57,1749,8.939206546509219
12:41:58,1749,8.939206546509219
12:41:59,1749,8.939206546509219
12:42:00,1749,8.93796066252588
12:42:01,1749,8.93796066252588
12:42:02,1749,8.93728287841191
12:42:03,1749,8.936846455879314
12:42:04,1749,8.936846455879314
12:42:05,1749,8.942234613795952
12:42:06,1749,8.942234613795952
12:42:07,1749,8.942234613795952
12:42:08,1749,8.942234613795952
12:42:09,1751,8.945841073271415
12:42:10,1751,8.945841073271415
12:42:11,1751,8.94674092409241
12:42:12,1751,8.94674092409241
12:42:13,1752,8.94674092409241
12:42:14,1752,8.950793650793651
12:42:15,1752,8.950793650793651
12:42:16,1752,8.950793650793651
12:42:17,1752,8.950793650793651
12:42:18,1753,8.950793650793651
12:42:19,1753,8.94898022249691
12:42:20,1753,8.94898022249691
12:42:21,1753,8.94898022249691
12:42:22,1753,8.94898022249691
12:42:23,1753,8.947879349392629
12:42:24,1753,8.947879349392629
12:42:25,1753,8.945864197530863
12:42:26,1754,8.945864197530863
12:42:27,1754,8.945864197530863
12:42:28,1754,8.945198437178696
12:42:29,1754,8.945198437178696
12:42:30,1754,8.945198437178696
12:42:31,1754,8.944214960953556
12:42:32,1754,8.944214960953556
12:42:33,1754,8.944214960953556
12:42:34,1754,8.944214960953556
12:42:35,1754,8.944214960953556
12:42:36,1754,8.944214960953556
12:42:37,1755,8.943253234750463
12:42:38,1755,8.943253234750463
12:42:39,1755,8.943253234750463
12:42:40,1755,8.943253234750463
12:42:41,1756,8.943253234750463
12:42:42,1756,8.943253234750463
12:42:43,1756,8.947157224958948
12:42:44,1756,8.947157224958948
12:42:45,1757,8.947157224958948
12:42:46,1758,8.947157224958948
12:42:47,1758,8.947157224958948
12:42:48,1758,8.947157224958948
12:42:49,1759,8.945835897435897
12:42:50,1759,8.947355473554735
12:42:51,1759,8.947355473554735
12:42:52,1760,8.947355473554735
12:42:53,1760,8.947355473554735
12:42:54,1761,8.947355473554735
12:42:55,1761,8.947355473554735
12:42:56,1762,8.947355473554735
12:42:57,1762,8.947355473554735
12:42:58,1763,8.947355473554735
12:42:59,1763,8.947355473554735
12:43:00,1763,8.947355473554735
12:43:01,1763,8.948658061872568
12:43:02,1763,8.948658061872568
12:43:03,1764,8.948658061872568
12:43:04,1764,8.951955364455364
12:43:05,1764,8.951955364455364
12:43:06,1764,8.951955364455364
12:43:07,1764,8.951955364455364
12:43:08,1764,8.956850715746421
12:43:09,1764,8.956850715746421
12:43:10,1764,8.956850715746421
12:43:11,1764,8.954761904761906
12:43:12,1764,8.954761904761906
12:43:13,1765,8.953165849673203
12:43:14,1765,8.953165849673203
12:43:15,1765,8.95287813839559
12:43:16,1765,8.95287813839559
12:43:17,1765,8.95287813839559
12:43:18,1765,8.95287813839559
12:43:19,1765,8.95287813839559
12:43:20,1765,8.951866585067318
12:43:21,1765,8.951866585067318
12:43:22,1765,8.951866585067318
12:43:23,1765,8.951866585067318
12:43:24,1765,8.953577981651375
12:43:25,1765,8.953577981651375
12:43:26,1765,8.953577981651375
12:43:27,1765,8.953577981651375
12:43:28,1765,8.953577981651375
12:43:29,1765,8.953577981651375
12:43:30,1766,8.953577981651375
12:43:31,1766,8.953577981651375
12:43:32,1766,8.957416462917685
12:43:33,1767,8.957416462917685
12:43:34,1767,8.957416462917685
12:43:35,1767,8.957416462917685
12:43:36,1767,8.957416462917685
12:43:37,1767,8.957416462917685
12:43:38,1767,8.957416462917685
12:43:39,1767,8.956230910201588
12:43:40,1767,8.953591778591779
12:43:41,1768,8.953591778591779
12:43:42,1768,8.953591778591779
12:43:43,1769,8.953591778591779
12:43:44,1769,8.953591778591779
12:43:45,1770,8.953591778591779
12:43:46,1770,8.953591778591779
12:43:47,1772,8.953591778591779
12:43:48,1772,8.953591778591779
12:43:49,1772,8.953591778591779
12:43:50,1773,8.953591778591779
12:43:51,1774,8.956101281269067
12:43:52,1774,8.956101281269067
12:43:53,1774,8.956101281269067
12:43:54,1775,8.956101281269067
12:43:55,1776,8.956270325203253
12:43:56,1777,8.956270325203253
12:43:57,1777,8.955484460694699
12:43:58,1777,8.955484460694699
12:43:59,1777,8.95750101502233
12:44:00,1778,8.962193142625278
12:44:01,1778,8.962193142625278
12:44:02,1778,8.962193142625278
12:44:03,1778,8.962193142625278
12:44:04,1778,8.96088807785888
12:44:05,1778,8.96088807785888
12:44:06,1778,8.96088807785888
12:44:07,1778,8.96088807785888
12:44:08,1778,8.96088807785888
12:44:09,1778,8.96088807785888
12:44:10,1778,8.960729483282675
12:44:11,1778,8.960729483282675
12:44:12,1778,8.960729483282675
12:44:13,1778,8.9597104090725
12:44:14,1778,8.9597104090725
12:44:15,1778,8.9597104090725
12:44:16,1778,8.9597104090725
12:44:17,1779,8.9597104090725
12:44:18,1779,8.9597104090725
12:44:19,1779,8.9597104090725
12:44:20,1780,8.9597104090725
12:44:21,1780,8.9597104090725
12:44:22,1780,8.9597104090725
12:44:23,1781,8.9597104090725
12:44:24,1781,8.962780813600485
12:44:25,1781,8.962780813600485
12:44:26,1782,8.962780813600485
12:44:27,1782,8.962780813600485
12:44:28,1782,8.962780813600485
12:44:29,1782,8.962780813600485
12:44:30,1783,8.962780813600485
12:44:31,1783,8.96032564724919
12:44:32,1783,8.96032564724919
12:44:33,1784,8.96032564724919
12:44:34,1784,8.960572063877096
12:44:35,1784,8.960572063877096
12:44:36,1785,8.960572063877096
12:44:37,1785,8.960572063877096
12:44:38,1785,8.960572063877096
12:44:39,1785,8.960572063877096
12:44:40,1785,8.960572063877096
12:44:41,1785,8.963363636363635
12:44:42,1785,8.963363636363635
12:44:43,1786,8.963363636363635
12:44:44,1786,8.963363636363635
12:44:45,1786,8.961649505350293
12:44:46,1786,8.961649505350293
12:44:47,1786,8.961390234059726
12:44:48,1786,8.960465819721717
12:44:49,1787,8.960465819721717
12:44:50,1787,8.962545344619105
12:44:51,1789,8.962545344619105
12:44:52,1789,8.962545344619105
12:44:53,1789,8.962545344619105
12:44:54,1789,8.96154078549849
12:44:55,1789,8.96154078549849
12:44:56,1789,8.96154078549849
12:44:57,1789,8.96154078549849
12:44:58,1789,8.96154078549849
12:44:59,1789,8.961996779388084
12:45:00,1789,8.961996779388084
12:45:01,1789,8.961996779388084
12:45:02,1789,8.961996779388084
12:45:03,1789,8.961996779388084
12:45:04,1789,8.967089116877892
12:45:05,1789,8.967089116877892
12:45:06,1790,8.967089116877892
12:45:07,1790,8.967089116877892
12:45:08,1790,8.967089116877892
12:45:09,1790,8.965269400884601
12:45:10,1790,8.965269400884601
12:45:11,1790,8.965269400884601
12:45:12,1790,8.965269400884601
12:45:13,1790,8.965269400884601
12:45:14,1790,8.965269400884601
12:45:15,1790,8.968284106891701
12:45:16,1790,8.968284106891701
12:45:17,1790,8.968284106891701
12:45:18,1790,8.966526104417671
12:45:19,1790,8.966526104417671
12:45:20,1790,8.966526104417671
12:45:21,1790,8.966526104417671
12:45:22,1790,8.964790286975719
12:45:23,1790,8.964790286975719
12:45:24,1790,8.964790286975719
12:45:25,1790,8.964790286975719
12:45:26,1790,8.964790286975719
12:45:27,1790,8.964219815483354
12:45:28,1791,8.964219815483354
12:45:29,1791,8.963900581278812
12:45:30,1791,8.963900581278812
12:45:31,1791,8.966987179487178
12:45:32,1791,8.966987179487178
12:45:33,1791,8.966987179487178
12:45:34,1791,8.966987179487178
12:45:35,1793,8.966987179487178
12:45:36,1793,8.964734734734735
12:45:37,1793,8.964734734734735
12:45:38,1793,8.969797919167666
12:45:39,1793,8.97113577284543
12:45:40,1793,8.97113577284543
12:45:41,1793,8.97113577284543
12:45:42,1793,8.97113577284543
12:45:43,1793,8.974250599520383
12:45:44,1794,8.974250599520383
12:45:45,1795,8.972148991412023
12:45:46,1795,8.972148991412023
12:45:47,1795,8.973512974051896
12:45:48,1795,8.973512974051896
12:45:49,1795,8.973512974051896
12:45:50,1795,8.973512974051896
12:45:51,1795,8.973512974051896
12:45:52,1796,8.97183323359266
12:45:53,1796,8.97183323359266
12:45:54,1796,8.97183323359266
12:45:55,1797,8.97183323359266
12:45:56,1797,8.969956140350877
12:45:57,1797,8.969956140350877
12:45:58,1798,8.969956140350877
12:45:59,1799,8.968539549711098
12:46:00,1800,8.968539549711098
12:46:01,1801,8.968539549711098
12:46:02,1801,8.968539549711098
12:46:03,1802,8.968539549711098
12:46:04,1803,8.968539549711098
12:46:05,1803,8.96820987654321
12:46:06,1803,8.96820987654321
12:46:07,1804,8.96820987654321
12:46:08,1805,8.96820987654321
12:46:09,1806,8.96820987654321
12:46:10,1806,8.96702487562189
12:46:11,1807,8.96702487562189
12:46:12,1807,8.96702487562189
12:46:13,1807,8.96702487562189
12:46:14,1807,8.96702487562189
12:46:15,1807,8.96702487562189
12:46:16,1807,8.96702487562189
12:46:17,1807,8.96702487562189
12:46:18,1807,8.96714399363564
12:46:19,1808,8.96714399363564
12:46:20,1808,8.970393559928445
12:46:21,1808,8.970393559928445
12:46:22,1808,8.970393559928445
12:46:23,1808,8.970393559928445
12:46:24,1808,8.970393559928445
12:46:25,1808,8.970393559928445
12:46:26,1809,8.970393559928445
12:46:27,1809,8.970393559928445
12:46:28,1809,8.970393559928445
12:46:29,1809,8.970393559928445
12:46:30,1810,8.968613428684941
12:46:31,1810,8.968613428684941
12:46:32,1810,8.968613428684941
12:46:33,1811,8.971758983521937
12:46:34,1811,8.971758983521937
12:46:35,1811,8.968561507936508
12:46:36,1812,8.968561507936508
12:46:37,1812,8.968094388260957
12:46:38,1812,8.968094388260957
12:46:39,1813,8.968094388260957
12:46:40,1813,8.968094388260957
12:46:41,1813,8.968094388260957
12:46:42,1814,8.968094388260957
12:46:43,1814,8.973915626856803
12:46:44,1814,8.973915626856803
12:46:45,1814,8.973915626856803
12:46:46,1814,8.973915626856803
12:46:47,1814,8.973915626856803
12:46:48,1814,8.973915626856803
12:46:49,1814,8.973915626856803
12:46:50,1814,8.973915626856803
12:46:51,1814,8.973915626856803
12:46:52,1814,8.973915626856803
12:46:53,1814,8.973915626856803
12:46:54,1814,8.973915626856803
12:46:55,1814,8.973915626856803
12:46:56,1814,8.973915626856803
12:46:57,1814,8.973915626856803
12:46:58,1814,8.973915626856803
12:46:59,1814,8.973915626856803
12:47:00,1814,8.973915626856803
12:47:01,1815,8.973915626856803
12:47:02,1815,8.973915626856803
12:47:03,1815,8.978543151227235
12:47:04,1815,8.975677546983185
12:47:05,1815,8.975677546983185
12:47:06,1815,8.975677546983185
12:47:07,1815,8.975677546983185
12:47:08,1816,8.975677546983185
12:47:09,1816,8.975677546983185
12:47:10,1816,8.974396994859628
12:47:11,1816,8.973849041691365
12:47:12,1816,8.973849041691365
12:47:13,1816,8.973849041691365
12:47:14,1816,8.973849041691365
12:47:15,1816,8.973252369668247
12:47:16,1816,8.973252369668247
12:47:17,1816,8.973252369668247
12:47:18,1816,8.973252369668247
12:47:19,1817,8.973252369668247
12:47:20,1817,8.972824156305506
12:47:21,1817,8.973313609467455
12:47:22,1817,8.973313609467455
12:47:23,1817,8.971919968460476
12:47:24,1818,8.975541765169424
12:47:25,1818,8.975541765169424
12:47:26,1819,8.975541765169424
12:47:27,1819,8.975541765169424
12:47:28,1819,8.975290411498326
12:47:29,1819,8.975290411498326
12:47:30,1820,8.975290411498326
12:47:31,1820,8.97315033451397
12:47:32,1821,8.97315033451397
12:47:33,1821,8.97315033451397
12:47:34,1821,8.974355948869224
12:47:35,1822,8.974355948869224
12:47:36,1822,8.974355948869224
12:47:37,1822,8.978419811320755
12:47:38,1823,8.978419811320755
12:47:39,1823,8.978419811320755
12:47:40,1823,8.97708701630328
12:47:41,1823,8.97708701630328
12:47:42,1823,8.97708701630328
12:47:43,1823,8.97708701630328
12:47:44,1824,8.97708701630328
12:47:45,1824,8.97708701630328
12:47:46,1824,8.97708701630328
12:47:47,1825,8.97708701630328
12:47:48,1825,8.97708701630328
12:47:49,1825,8.97708701630328
12:47:50,1825,8.97708701630328
12:47:51,1825,8.97708701630328
12:47:52,1827,8.981811935610523
12:47:53,1827,8.981811935610523
12:47:54,1827,8.981811935610523
12:47:55,1827,8.981811935610523
12:47:56,1829,8.981811935610523
12:47:57,1829,8.981811935610523
12:47:58,1829,8.980704335883853
12:47:59,1830,8.978843137254902
12:48:00,1831,8.978843137254902
12:48:01,1831,8.978843137254902
12:48:02,1831,8.978843137254902
12:48:03,1831,8.978600823045268
12:48:04,1831,8.978600823045268
12:48:05,1831,8.978600823045268
12:48:06,1831,8.977095573834704
12:48:07,1831,8.977095573834704
12:48:08,1831,8.977095573834704
12:48:09,1831,8.976521824231748
12:48:10,1831,8.976521824231748
12:48:11,1832,8.976521824231748
12:48:12,1832,8.979861111111111
12:48:13,1832,8.979861111111111
12:48:14,1832,8.979804496578689
12:48:15,1832,8.983870652598672
12:48:16,1832,8.983870652598672
12:48:17,1832,8.983870652598672
12:48:18,1832,8.983079476664715
12:48:19,1832,8.982991803278688
12:48:20,1832,8.982991803278688
12:48:21,1832,8.983391847084066
12:48:22,1832,8.983391847084066
12:48:23,1832,8.979668615984405
12:48:24,1832,8.979668615984405
12:48:25,1832,8.984307422559906
12:48:26,1832,8.984307422559906
12:48:27,1832,8.984307422559906
12:48:28,1832,8.984307422559906
12:48:29,1832,8.984307422559906
12:48:30,1832,8.984307422559906
12:48:31,1832,8.984307422559906
12:48:32,1832,8.984307422559906
12:48:33,1832,8.984307422559906
12:48:34,1832,8.984307422559906
12:48:35,1832,8.984307422559906
12:48:36,1832,8.984307422559906
12:48:37,1832,8.984307422559906
12:48:38,1833,8.984307422559906
12:48:39,1833,8.984307422559906
12:48:40,1833,8.984307422559906
12:48:41,1833,8.98477414330218
12:48:42,1834,8.981766880716092
12:48:43,1834,8.981766880716092
12:48:44,1834,8.981766880716092
12:48:45,1835,8.981766880716092
12:48:46,1836,8.981766880716092
12:48:47,1836,8.981766880716092
12:48:48,1836,8.981766880716092
12:48:49,1836,8.981766880716092
12:48:50,1837,8.981766880716092
12:48:51,1837,8.981766880716092
12:48:52,1837,8.983061065733178
12:48:53,1838,8.983061065733178
12:48:54,1838,8.983061065733178
12:48:55,1838,8.981486880466472
12:48:56,1838,8.981486880466472
12:48:57,1838,8.981486880466472
12:48:58,1839,8.97975912975913
12:48:59,1839,8.984090467870317
12:49:00,1839,8.984090467870317
12:49:01,1839,8.98796781074268
12:49:02,1841,8.98796781074268
12:49:03,1841,8.98796781074268
12:49:04,1842,8.987664728682171
12:49:05,1843,8.987664728682171
12:49:06,1843,8.987664728682171
12:49:07,1843,8.99059655239202
12:49:08,1844,8.99059655239202
12:49:09,1844,8.99059655239202
12:49:10,1845,8.99059655239202
12:49:11,1846,8.99059655239202
12:49:12,1846,8.99059655239202
12:49:13,1846,8.99059655239202
12:49:14,1847,8.99059655239202
12:49:15,1847,8.99059655239202
12:49:16,1847,8.99059655239202
12:49:17,1848,8.99059655239202
12:49:18,1849,8.99059655239202
12:49:19,1849,8.99059655239202
12:49:20,1850,8.99390243902439
12:49:21,1852,8.99390243902439
12:49:22,1852,8.992445347262526
12:49:23,1853,8.992445347262526
12:49:24,1854,8.992445347262526
12:49:25,1854,8.992445347262526
12:49:26,1854,8.98783574879227
12:49:27,1854,8.98783574879227
12:49:28,1856,8.98783574879227
12:49:29,1856,8.98783574879227
12:49:30,1857,8.98783574879227
12:49:31,1859,8.98783574879227
12:49:32,1859,8.98783574879227
12:49:33,1859,8.991560448049439
12:49:34,1861,8.991560448049439
12:49:35,1861,8.991560448049439
12:49:36,1861,8.991560448049439
12:49:37,1862,8.991560448049439
12:49:38,1862,8.991560448049439
12:49:39,1862,8.991560448049439
12:49:40,1863,8.991560448049439
12:49:41,1863,8.989413240687126
12:49:42,1863,8.989413240687126
12:49:43,1864,8.989413240687126
12:49:44,1864,8.986043595679012
12:49:45,1865,8.986043595679012
12:49:46,1865,8.986043595679012
12:49:47,1866,8.986043595679012
12:49:48,1866,8.983776749566223
12:49:49,1867,8.983776749566223
12:49:50,1868,8.983776749566223
12:49:51,1868,8.983776749566223
12:49:52,1869,8.983776749566223
12:49:53,1870,8.980057803468208
12:49:54,1870,8.980057803468208
12:49:55,1870,8.980057803468208
12:49:56,1871,8.979955735180909
12:49:57,1872,8.98320830929025
12:49:58,1872,8.98320830929025
12:49:59,1873,8.98611111111111
12:50:00,1873,8.98314121037464
12:50:01,1874,8.98314121037464
12:50:02,1874,8.98314121037464
12:50:03,1875,8.98314121037464
12:50:04,1875,8.98314121037464
12:50:05,1876,8.98314121037464
12:50:06,1876,8.987862214546151
12:50:07,1877,8.987862214546151
12:50:08,1877,8.987862214546151
12:50:09,1878,8.984263521288836
12:50:10,1878,8.984263521288836
12:50:11,1878,8.984263521288836
12:50:12,1879,8.984263521288836
12:50:13,1879,8.984263521288836
12:50:14,1879,8.984263521288836
12:50:15,1879,8.984263521288836
12:50:16,1881,8.982815794517922
12:50:17,1881,8.982815794517922
12:50:18,1881,8.982815794517922
12:50:19,1881,8.982815794517922
12:50:20,1883,8.982815794517922
12:50:21,1883,8.982815794517922
12:50:22,1883,8.982815794517922
12:50:23,1883,8.982815794517922
12:50:24,1883,8.982815794517922
12:50:25,1884,8.982815794517922
12:50:26,1884,8.982815794517922
12:50:27,1884,8.982815794517922
12:50:28,1885,8.982815794517922
12:50:29,1885,8.98461685823755
12:50:30,1885,8.98461685823755
12:50:31,1885,8.98461685823755
12:50:32,1885,8.981026230135937
12:50:33,1885,8.981026230135937
12:50:34,1885,8.981026230135937
12:50:35,1885,8.978147722923842
12:50:36,1885,8.978147722923842
12:50:37,1886,8.978147722923842
12:50:38,1886,8.977242302543507
12:50:39,1886,8.977242302543507
12:50:40,1886,8.977242302543507
12:50:41,1886,8.978660168195718
12:50:42,1886,8.978660168195718
12:50:43,1886,8.978660168195718
12:50:44,1886,8.978660168195718
12:50:45,1886,8.975591828942346
12:50:46,1886,8.975591828942346
12:50:47,1886,8.97447052089296
12:50:48,1886,8.97447052089296
12:50:49,1886,8.97447052089296
12:50:50,1887,8.97447052089296
12:50:51,1887,8.97447052089296
12:50:52,1887,8.972158657513349
12:50:53,1887,8.972158657513349
12:50:54,1887,8.972158657513349
12:50:55,1887,8.97673908900324
12:50:56,1887,8.97673908900324
12:50:57,1887,8.97673908900324
12:50:58,1888,8.97673908900324
12:50:59,1888,8.977990476190477
12:51:00,1888,8.977990476190477
12:51:01,1888,8.977990476190477
12:51:02,1888,8.977990476190477
12:51:03,1888,8.977990476190477
12:51:04,1888,8.981848467542358
12:51:05,1888,8.981848467542358
12:51:06,1888,8.981848467542358
12:51:07,1888,8.979785007610351
12:51:08,1889,8.979785007610351
12:51:09,1889,8.979785007610351
12:51:10,1889,8.979785007610351
12:51:11,1889,8.979785007610351
12:51:12,1889,8.979785007610351
12:51:13,1889,8.979785007610351
12:51:14,1889,8.979785007610351
12:51:15,1889,8.979785007610351
12:51:16,1889,8.979785007610351
12:51:17,1889,8.979785007610351
12:51:18,1889,8.983599543639476
12:51:19,1889,8.983599543639476
12:51:20,1889,8.983599543639476
12:51:21,1889,8.983599543639476
12:51:22,1889,8.980283162295706
12:51:23,1889,8.980283162295706
12:51:24,1890,8.980283162295706
12:51:25,1890,8.980283162295706
12:51:26,1890,8.980283162295706
12:51:27,1890,8.980283162295706
12:51:28,1891,8.979496676163343
12:51:29,1891,8.983694001518604
12:51:30,1891,8.983694001518604
12:51:31,1891,8.983694001518604
12:51:32,1891,8.983694001518604
12:51:33,1891,8.983694001518604
12:51:34,1891,8.983694001518604
12:51:35,1891,8.983694001518604
12:51:36,1891,8.983694001518604
12:51:37,1891,8.980895465756022
12:51:38,1891,8.980792567311338
12:51:39,1891,8.980792567311338
12:51:40,1891,8.980792567311338
12:51:41,1891,8.980792567311338
12:51:42,1891,8.978880045480388
12:51:43,1891,8.978880045480388
12:51:44,1891,8.978880045480388
12:51:45,1891,8.978880045480388
12:51:46,1891,8.975265151515151
12:51:47,1891,8.975265151515151
12:51:48,1891,8.97560098428923
12:51:49,1891,8.97560098428923
12:51:50,1891,8.973808172531214
12:51:51,1892,8.973808172531214
12:51:52,1892,8.970504821327284
12:51:53,1892,8.970504821327284
12:51:54,1892,8.970504821327284
12:51:55,1892,8.973875661375661
12:51:56,1893,8.973875661375661
12:51:57,1893,8.97208687440982
12:51:58,1893,8.97208687440982
12:51:59,1893,8.97208687440982
12:52:00,1893,8.97208687440982
12:52:01,1893,8.97208687440982
12:52:02,1893,8.97208687440982
12:52:03,1893,8.973489996224991
12:52:04,1893,8.977438219203924
12:52:05,1893,8.977438219203924
12:52:06,1893,8.977438219203924
12:52:07,1894,8.977438219203924
12:52:08,1894,8.977438219203924
12:52:09,1894,8.977438219203924
12:52:10,1894,8.977162238552856
12:52:11,1894,8.977162238552856
12:52:12,1894,8.977162238552856
12:52:13,1894,8.977162238552856
12:52:14,1894,8.979378531073447
12:52:15,1894,8.979378531073447
12:52:16,1895,8.979378531073447
12:52:17,1895,8.979378531073447
12:52:18,1895,8.979378531073447
12:52:19,1895,8.979378531073447
12:52:20,1896,8.979378531073447
12:52:21,1896,8.979378531073447
12:52:22,1896,8.979378531073447
12:52:23,1896,8.979378531073447
12:52:24,1897,8.979378531073447
12:52:25,1897,8.979378531073447
12:52:26,1897,8.979378531073447
12:52:27,1898,8.976115189158667
12:52:28,1898,8.976115189158667
12:52:29,1899,8.97566271855612
12:52:30,1899,8.97566271855612
12:52:31,1899,8.97566271855612
12:52:32,1899,8.975122134535889
12:52:33,1900,8.975122134535889
12:52:34,1900,8.975122134535889
12:52:35,1900,8.975122134535889
12:52:36,1900,8.975122134535889
12:52:37,1900,8.973802816901408
12:52:38,1900,8.973802816901408
12:52:39,1900,8.973802816901408
12:52:40,1901,8.973802816901408
12:52:41,1901,8.972475600600601
12:52:42,1901,8.972475600600601
12:52:43,1901,8.972475600600601
12:52:44,1901,8.972475600600601
12:52:45,1902,8.972475600600601
12:52:46,1902,8.976195835678109
12:52:47,1902,8.976195835678109
12:52:48,1902,8.976195835678109
12:52:49,1902,8.976195835678109
12:52:50,1903,8.976195835678109
12:52:51,1903,8.976195835678109
12:52:52,1903,8.976195835678109
12:52:53,1903,8.976293588301463
12:52:54,1903,8.976293588301463
12:52:55,1903,8.97312160389732
12:52:56,1903,8.97312160389732
12:52:57,1903,8.97312160389732
12:52:58,1904,8.97312160389732
12:52:59,1904,8.97551498127341
12:53:00,1905,8.97551498127341
12:53:01,1905,8.97551498127341
12:53:02,1905,8.97551498127341
12:53:03,1906,8.975238629983155
12:53:04,1906,8.972250280583614
12:53:05,1907,8.972250280583614
12:53:06,1907,8.97235931949897
12:53:07,1907,8.97235931949897
12:53:08,1907,8.97235931949897
12:53:09,1907,8.97235931949897
12:53:10,1907,8.97235931949897
12:53:11,1908,8.97235931949897
12:53:12,1908,8.97235931949897
12:53:13,1908,8.97235931949897
12:53:14,1909,8.97235931949897
12:53:15,1909,8.97235931949897
12:53:16,1909,8.97235931949897
12:53:17,1909,8.969702914798207
12:53:18,1909,8.971727357609712
12:53:19,1909,8.971727357609712
12:53:20,1909,8.971727357609712
12:53:21,1909,8.971727357609712
12:53:22,1910,8.969736842105265
12:53:23,1910,8.97406267487409
12:53:24,1910,8.97406267487409
12:53:25,1910,8.97406267487409
12:53:26,1910,8.97406267487409
12:53:27,1911,8.97406267487409
12:53:28,1911,8.97406267487409
12:53:29,1911,8.976183818046234
12:53:30,1911,8.976183818046234
12:53:31,1911,8.976183818046234
12:53:32,1913,8.974976709521147
12:53:33,1913,8.974976709521147
12:53:34,1913,8.974976709521147
12:53:35,1913,8.977122905027933
12:53:36,1914,8.977122905027933
12:53:37,1914,8.975427827380951
12:53:38,1914,8.975427827380951
12:53:39,1914,8.975427827380951
12:53:40,1915,8.975427827380951
12:53:41,1916,8.976510503811117
12:53:42,1916,8.976510503811117
12:53:43,1916,8.976510503811117
12:53:44,1917,8.976510503811117
12:53:45,1918,8.977805648457823
12:53:46,1918,8.977805648457823
12:53:47,1918,8.977805648457823
12:53:48,1918,8.977805648457823
12:53:49,1918,8.977805648457823
12:53:50,1918,8.977805648457823
12:53:51,1918,8.977805648457823
12:53:52,1918,8.977251624883937
12:53:53,1918,8.97432256867112
12:53:54,1918,8.97432256867112
12:53:55,1918,8.97261176034131
12:53:56,1918,8.97261176034131
12:53:57,1918,8.977159807193177
12:53:58,1918,8.97555123216602
12:53:59,1918,8.97555123216602
12:54:00,1918,8.97555123216602
12:54:01,1919,8.97555123216602
12:54:02,1919,8.97555123216602
12:54:03,1919,8.97555123216602
12:54:04,1919,8.97555123216602
12:54:05,1919,8.97555123216602
12:54:06,1919,8.97555123216602
12:54:07,1919,8.97555123216602
12:54:08,1919,8.97555123216602
12:54:09,1919,8.97555123216602
12:54:10,1919,8.97555123216602
12:54:11,1919,8.97555123216602
12:54:12,1919,8.97555123216602
12:54:13,1919,8.972555555555555
12:54:14,1919,8.97263557282991
12:54:15,1919,8.97263557282991
12:54:16,1919,8.97263557282991
12:54:17,1919,8.97263557282991
12:54:18,1919,8.97263557282991
12:54:19,1919,8.97263557282991
12:54:20,1919,8.97263557282991
12:54:21,1920,8.97263557282991
12:54:22,1920,8.977025527192009
12:54:23,1920,8.977025527192009
12:54:24,1920,8.97581808097615
12:54:25,1921,8.97581808097615
12:54:26,1921,8.97581808097615
12:54:27,1921,8.973152254249815
12:54:28,1921,8.973152254249815
12:54:29,1921,8.973152254249815
12:54:30,1921,8.970203139427516
12:54:31,1922,8.970203139427516
12:54:32,1922,8.974769287559985
12:54:33,1922,8.974769287559985
12:54:34,1922,8.975484228002214
12:54:35,1922,8.975488569321534
12:54:36,1923,8.975488569321534
12:54:37,1923,8.975488569321534
12:54:38,1923,8.975488569321534
12:54:39,1923,8.975488569321534
12:54:40,1923,8.975488569321534
12:54:41,1923,8.975488569321534
12:54:42,1923,8.975488569321534
12:54:43,1923,8.975566611387507
12:54:44,1923,8.975566611387507
12:54:45,1924,8.975331491712707
12:54:46,1924,8.975331491712707
12:54:47,1925,8.9782532670716
12:54:48,1926,8.9782532670716
12:54:49,1927,8.9782532670716
12:54:50,1927,8.9782532670716
12:54:51,1927,8.9782532670716
12:54:52,1928,8.9782532670716
12:54:53,1928,8.9782532670716
12:54:54,1929,8.9782532670716
12:54:55,1929,8.9782532670716
12:54:56,1929,8.9782532670716
12:54:57,1929,8.9782532670716
12:54:58,1930,8.9782532670716
12:54:59,1930,8.9782532670716
12:55:00,1930,8.9782532670716
12:55:01,1930,8.9782532670716
12:55:02,1930,8.9782532670716
12:55:03,1930,8.97554267844003
12:55:04,1931,8.97554267844003
12:55:05,1932,8.974498988784704
12:55:06,1932,8.974498988784704
12:55:07,1932,8.974498988784704
12:55:08,1933,8.974498988784704
12:55:09,1933,8.974498988784704
12:55:10,1933,8.974498988784704
12:55:11,1934,8.974498988784704
12:55:12,1934,8.974498988784704
12:55:13,1934,8.974498988784704
12:55:14,1934,8.973116501286292
12:55:15,1934,8.973116501286292
12:55:16,1934,8.9765564738292
12:55:17,1935,8.9765564738292
12:55:18,1936,8.977826725403817
12:55:19,1936,8.977826725403817
12:55:20,1936,8.977826725403817
12:55:21,1936,8.9747569253348
12:55:22,1937,8.9747569253348
12:55:23,1938,8.976191785845252
12:55:24,1938,8.976191785845252
12:55:25,1938,8.977056991020707
12:55:26,1939,8.977056991020707
12:55:27,1939,8.977056991020707
12:55:28,1939,8.977056991020707
12:55:29,1939,8.977056991020707
12:55:30,1939,8.977056991020707
12:55:31,1939,8.977056991020707
12:55:32,1940,8.973406593406594
12:55:33,1940,8.973406593406594
12:55:34,1940,8.974913051436939
12:55:35,1941,8.974913051436939
12:55:36,1941,8.979125503110136
12:55:37,1941,8.977628451270798
12:55:38,1941,8.977628451270798
12:55:39,1941,8.977628451270798
12:55:40,1941,8.977628451270798
12:55:41,1941,8.977628451270798
12:55:42,1941,8.977628451270798
12:55:43,1941,8.974159356725147
12:55:44,1941,8.974159356725147
12:55:45,1941,8.974159356725147
12:55:46,1942,8.974159356725147
12:55:47,1942,8.974159356725147
12:55:48,1942,8.974159356725147
12:55:49,1942,8.974159356725147
12:55:50,1942,8.974159356725147
12:55:51,1942,8.974159356725147
12:55:52,1942,8.974159356725147
12:55:53,1942,8.974159356725147
12:55:54,1942,8.974159356725147
12:55:55,1942,8.97131506849315
12:55:56,1942,8.97131506849315
12:55:57,1943,8.97131506849315
12:55:58,1943,8.971230376049652
12:55:59,1943,8.971230376049652
12:56:00,1944,8.96977741288086
12:56:01,1944,8.96977741288086
12:56:02,1944,8.96977741288086
12:56:03,1944,8.973203865791392
12:56:04,1945,8.973203865791392
12:56:05,1946,8.973203865791392
12:56:06,1946,8.973203865791392
12:56:07,1946,8.973203865791392
12:56:08,1946,8.973203865791392
12:56:09,1946,8.972216147257152
12:56:10,1946,8.972216147257152
12:56:11,1946,8.972216147257152
12:56:12,1946,8.972216147257152
12:56:13,1946,8.972216147257152
12:56:14,1946,8.972216147257152
12:56:15,1946,8.973670309653917
12:56:16,1946,8.973670309653917
12:56:17,1946,8.973670309653917
12:56:18,1946,8.973670309653917
12:56:19,1946,8.973670309653917
12:56:20,1946,8.973670309653917
12:56:21,1946,8.973670309653917
12:56:22,1946,8.973670309653917
12:56:23,1946,8.970480611687602
12:56:24,1946,8.970469432314411
12:56:25,1946,8.974286233860703
12:56:26,1946,8.974286233860703
12:56:27,1946,8.974286233860703
12:56:28,1946,8.974286233860703
12:56:29,1946,8.974286233860703
12:56:30,1946,8.974286233860703
12:56:31,1946,8.97101054162123
12:56:32,1946,8.97034514078111
12:56:33,1946,8.97034514078111
12:56:34,1946,8.97034514078111
12:56:35,1946,8.969172113289762
12:56:36,1946,8.969172113289762
12:56:37,1946,8.970704046452548
12:56:38,1946,8.970704046452548
12:56:39,1947,8.970704046452548
12:56:40,1947,8.970704046452548
12:56:41,1947,8.96968625317374
12:56:42,1947,8.96968625317374
12:56:43,1947,8.968805510241074
12:56:44,1947,8.968805510241074
12:56:45,1948,8.968805510241074
12:56:46,1948,8.968805510241074
12:56:47,1948,8.968805510241074
12:56:48,1948,8.968805510241074
12:56:49,1949,8.965127648017383
12:56:50,1949,8.965127648017383
12:56:51,1949,8.965127648017383
12:56:52,1949,8.965127648017383
12:56:53,1949,8.967490047050308
12:56:54,1950,8.967490047050308
12:56:55,1950,8.967490047050308
12:56:56,1950,8.967490047050308
12:56:57,1950,8.967490047050308
12:56:58,1951,8.967490047050308
12:56:59,1951,8.971450533550371
12:57:00,1951,8.971450533550371
12:57:01,1951,8.9683568329718
12:57:02,1951,8.9683568329718
12:57:03,1952,8.9683568329718
12:57:04,1953,8.9683568329718
12:57:05,1953,8.9683568329718
12:57:06,1953,8.9683568329718
12:57:07,1953,8.9683568329718
12:57:08,1953,8.9683568329718
12:57:09,1953,8.967813911472449
12:57:10,1953,8.969898880462262
12:57:11,1953,8.969898880462262
12:57:12,1953,8.969318181818181
12:57:13,1953,8.969318181818181
12:57:14,1953,8.969318181818181
12:57:15,1953,8.969497025419145
12:57:16,1953,8.969497025419145
12:57:17,1953,8.97209009009009
12:57:18,1954,8.971204754186925
12:57:19,1954,8.971204754186925
12:57:20,1954,8.971204754186925
12:57:21,1955,8.971204754186925
12:57:22,1955,8.971204754186925
12:57:23,1955,8.971204754186925
12:57:24,1955,8.971204754186925
12:57:25,1956,8.971204754186925
12:57:26,1957,8.971204754186925
12:57:27,1957,8.971204754186925
12:57:28,1957,8.971204754186925
12:57:29,1957,8.970491360691145
12:57:30,1957,8.970491360691145
12:57:31,1957,8.97184745457816
12:57:32,1958,8.97184745457816
12:57:33,1958,8.970460266091333
12:57:34,1958,8.970460266091333
12:57:35,1958,8.970460266091333
12:57:36,1958,8.970460266091333
12:57:37,1958,8.970460266091333
12:57:38,1959,8.970460266091333
12:57:39,1959,8.970260557053011
12:57:40,1960,8.967115660919541
12:57:41,1960,8.967115660919541
12:57:42,1960,8.967115660919541
12:57:43,1960,8.967115660919541
12:57:44,1960,8.967115660919541
12:57:45,1960,8.967115660919541
12:57:46,1960,8.967115660919541
12:57:47,1960,8.967115660919541
12:57:48,1960,8.966810267456472
12:57:49,1960,8.96350914962325
12:57:50,1960,8.962139142908374
12:57:51,1960,8.964928315412186
12:57:52,1960,8.964928315412186
12:57:53,1960,8.964454594304136
12:57:54,1960,8.964454594304136
12:57:55,1960,8.964454594304136
12:57:56,1960,8.964454594304136
12:57:57,1961,8.964454594304136
12:57:58,1961,8.964454594304136
12:57:59,1962,8.964454594304136
12:58:00,1962,8.964454594304136
12:58:01,1962,8.964454594304136
12:58:02,1962,8.964454594304136
12:58:03,1963,8.964454594304136
12:58:04,1963,8.964454594304136
12:58:05,1963,8.964454594304136
12:58:06,1963,8.964454594304136
12:58:07,1963,8.964454594304136
12:58:08,1963,8.964454594304136
12:58:09,1963,8.966997851772287
12:58:10,1964,8.966997851772287
12:58:11,1964,8.966997851772287
12:58:12,1964,8.966532474503488
12:58:13,1964,8.96327789699571
12:58:14,1964,8.963163538873994
12:58:15,1964,8.963163538873994
12:58:16,1964,8.963163538873994
12:58:17,1964,8.963163538873994
12:58:18,1965,8.962620578778136
12:58:19,1965,8.962620578778136
12:58:20,1965,8.962620578778136
12:58:21,1966,8.962620578778136
12:58:22,1966,8.962620578778136
12:58:23,1966,8.96131048027138
12:58:24,1966,8.96131048027138
12:58:25,1967,8.963160242683797
12:58:26,1967,8.963160242683797
12:58:27,1967,8.963160242683797
12:58:28,1967,8.963160242683797
12:58:29,1969,8.963160242683797
12:58:30,1969,8.963160242683797
12:58:31,1969,8.963160242683797
12:58:32,1969,8.95996076333155
12:58:33,1970,8.95996076333155
12:58:34,1970,8.95996076333155
12:58:35,1970,8.96301247771836
12:58:36,1970,8.96301247771836
12:58:37,1971,8.96301247771836
12:58:38,1971,8.96301247771836
12:58:39,1971,8.96301247771836
12:58:40,1971,8.961633707464813
12:58:41,1971,8.960194088319088
12:58:42,1972,8.960194088319088
12:58:43,1972,8.962602276769834
12:58:44,1972,8.962602276769834
12:58:45,1972,8.962602276769834
12:58:46,1973,8.962602276769834
12:58:47,1973,8.959786666666668
12:58:48,1973,8.959786666666668
12:58:49,1974,8.959452736318408
12:58:50,1974,8.959452736318408
12:58:51,1974,8.959452736318408
12:58:52,1974,8.959452736318408
12:58:53,1974,8.959452736318408
12:58:54,1974,8.959452736318408
12:58:55,1975,8.961481086840703
12:58:56,1975,8.958386581469648
12:58:57,1975,8.958386581469648
12:58:58,1975,8.956430725563244
12:58:59,1975,8.956430725563244
12:59:00,1975,8.956430725563244
12:59:01,1975,8.95654255319149
12:59:02,1975,8.958470671628566
12:59:03,1975,8.958470671628566
12:59:04,1975,8.958470671628566
12:59:05,1975,8.958470671628566
12:59:06,1975,8.958470671628566
12:59:07,1975,8.958470671628566
12:59:08,1975,8.957775416223877
12:59:09,1975,8.957775416223877
12:59:10,1975,8.957775416223877
12:59:11,1975,8.957775416223877
12:59:12,1975,8.957775416223877
12:59:13,1975,8.961125862984598
12:59:14,1975,8.961125862984598
12:59:15,1975,8.961125862984598
12:59:16,1975,8.956074270557028
12:59:17,1975,8.952712972781903
12:59:18,1975,8.952712972781903
12:59:19,1975,8.952712972781903
12:59:20,1975,8.952712972781903
12:59:21,1975,8.952712972781903
12:59:22,1975,8.954504504504506
12:59:23,1975,8.954925847457627
12:59:24,1975,8.954925847457627
12:59:25,1975,8.954925847457627
12:59:26,1975,8.953855655549672
12:59:27,1975,8.953855655549672
12:59:28,1975,8.953855655549672
12:59:29,1975,8.953855655549672
12:59:30,1975,8.954197530864198
12:59:31,1975,8.952185792349727
12:59:32,1975,8.952185792349727
12:59:33,1975,8.952185792349727
12:59:34,1975,8.952185792349727
12:59:35,1975,8.952185792349727
12:59:36,1975,8.952510570824524
12:59:37,1975,8.952510570824524
12:59:38,1976,8.952510570824524
12:59:39,1976,8.952510570824524
12:59:40,1976,8.952510570824524
12:59:41,1977,8.952510570824524
12:59:42,1977,8.952510570824524
12:59:43,1977,8.952510570824524
12:59:44,1978,8.952510570824524
12:59:45,1978,8.953301637612254
12:59:46,1978,8.953301637612254
12:59:47,1978,8.95567581837381
12:59:48,1978,8.95567581837381
12:59:49,1981,8.952198768689533
12:59:50,1981,8.952198768689533
12:59:51,1981,8.952198768689533
12:59:52,1981,8.948461673699017
12:59:53,1983,8.948461673699017
12:59:54,1983,8.948461673699017
12:59:55,1983,8.948461673699017
12:59:56,1983,8.948461673699017
12:59:57,1983,8.945264452644526
12:59:58,1983,8.945264452644526
12:59:59,1983,8.945264452644526
13:00:00,1983,8.945264452644526
13:00:01,1983,8.945264452644526
13:00:02,1983,8.945264452644526
13:00:03,1983,8.945264452644526
13:00:04,1983,8.945264452644526
13:00:05,1983,8.946206533192834
13:00:06,1983,8.946206533192834
13:00:07,1983,8.946206533192834
13:00:08,1984,8.946206533192834
13:00:09,1984,8.946206533192834
13:00:10,1984,8.946206533192834
13:00:11,1985,8.948042829559418
13:00:12,1986,8.948042829559418
13:00:13,1986,8.946842105263158
13:00:14,1987,8.946842105263158
13:00:15,1988,8.946842105263158
13:00:16,1988,8.946842105263158
13:00:17,1988,8.946842105263158
13:00:18,1989,8.946842105263158
13:00:19,1989,8.946842105263158
13:00:20,1989,8.94611812127585
13:00:21,1989,8.94611812127585
13:00:22,1989,8.94611812127585
13:00:23,1990,8.944140830267997
13:00:24,1990,8.944140830267997
13:00:25,1991,8.944140830267997
13:00:26,1992,8.944140830267997
13:00:27,1992,8.944896708683473
13:00:28,1992,8.945695538057743
13:00:29,1994,8.945695538057743
13:00:30,1994,8.945695538057743
13:00:31,1994,8.945695538057743
13:00:32,1995,8.945695538057743
13:00:33,1996,8.945695538057743
13:00:34,1996,8.945695538057743
13:00:35,1996,8.948303602658273
13:00:36,1996,8.948303602658273
13:00:37,1998,8.948303602658273
13:00:38,1998,8.948303602658273
13:00:39,1999,8.945647614053486
13:00:40,1999,8.945647614053486
13:00:41,1999,8.945647614053486
13:00:42,2000,8.943399685699319
13:00:43,2001,8.943399685699319
13:00:44,2001,8.939816753926701
13:00:45,2001,8.939816753926701
13:00:46,2002,8.939816753926701
13:00:47,2003,8.939816753926701
13:00:48,2003,8.939816753926701
13:00:49,2003,8.939816753926701
13:00:50,2004,8.939816753926701
13:00:51,2005,8.939816753926701
13:00:52,2006,8.939816753926701
13:00:53,2006,8.939816753926701
13:00:54,2006,8.939816753926701
13:00:55,2008,8.94215070643642
13:00:56,2008,8.94215070643642
13:00:57,2008,8.94215070643642
13:00:58,2008,8.94215070643642
13:00:59,2010,8.943924337517434
13:01:00,2011,8.943924337517434
13:01:01,2011,8.94303885694372
13:01:02,2012,8.94303885694372
13:01:03,2012,8.94303885694372
13:01:04,2013,8.942807384186695
13:01:05,2014,8.942807384186695
13:01:06,2014,8.942807384186695
13:01:07,2015,8.937978427279054
13:01:08,2015,8.937978427279054
13:01:09,2016,8.937978427279054
13:01:10,2016,8.938914971309337
13:01:11,2016,8.938914971309337
13:01:12,2016,8.938914971309337
13:01:13,2017,8.937287104622872
13:01:14,2017,8.937287104622872
13:01:15,2017,8.937287104622872
13:01:16,2019,8.937287104622872
13:01:17,2020,8.938978634705576
13:01:18,2020,8.938978634705576
13:01:19,2020,8.938978634705576
13:01:20,2023,8.938978634705576
13:01:21,2023,8.938978634705576
13:01:22,2023,8.938978634705576
13:01:23,2023,8.938978634705576
13:01:24,2023,8.938978634705576
13:01:25,2023,8.938978634705576
13:01:26,2023,8.938978634705576
13:01:27,2024,8.938978634705576
13:01:28,2024,8.938978634705576
13:01:29,2024,8.938978634705576
13:01:30,2024,8.938978634705576
13:01:31,2024,8.938978634705576
13:01:32,2024,8.938978634705576
13:01:33,2025,8.938978634705576
13:01:34,2025,8.938978634705576
13:01:35,2025,8.938978634705576
13:01:36,2026,8.935824652777777
13:01:37,2026,8.935824652777777
13:01:38,2026,8.935824652777777
13:01:39,2026,8.935824652777777
13:01:40,2027,8.935824652777777
13:01:41,2027,8.935824652777777
13:01:42,2027,8.935824652777777
13:01:43,2028,8.932847475273295
13:01:44,2028,8.932847475273295
13:01:45,2029,8.934165799514394
13:01:46,2029,8.934165799514394
13:01:47,2030,8.934165799514394
13:01:48,2030,8.934165799514394
13:01:49,2030,8.934165799514394
13:01:50,2030,8.934165799514394
13:01:51,2031,8.934399375975039
13:01:52,2031,8.934399375975039
13:01:53,2031,8.934399375975039
13:01:54,2032,8.93314275814276
13:01:55,2032,8.929584415584417
13:01:56,2032,8.929584415584417
13:01:57,2033,8.928478712357217
13:01:58,2033,8.930626189240616
13:01:59,2033,8.930626189240616
13:02:00,2034,8.932149031811894
13:02:01,2034,8.932149031811894
13:02:02,2034,8.932149031811894
13:02:03,2034,8.931822107081173
13:02:04,2034,8.931822107081173
13:02:05,2036,8.931822107081173
13:02:06,2036,8.933730364232694
13:02:07,2036,8.933730364232694
13:02:08,2037,8.933730364232694
13:02:09,2038,8.933730364232694
13:02:10,2038,8.933730364232694
13:02:11,2038,8.933730364232694
13:02:12,2039,8.933876811594201
13:02:13,2039,8.933876811594201
13:02:14,2039,8.930332816002759
13:02:15,2039,8.930332816002759
13:02:16,2040,8.930332816002759
13:02:17,2040,8.932480179248534
13:02:18,2040,8.932480179248534
13:02:19,2040,8.932480179248534
13:02:20,2041,8.932480179248534
13:02:21,2041,8.932480179248534
13:02:22,2041,8.934280792420328
13:02:23,2041,8.934280792420328
13:02:24,2042,8.934280792420328
13:02:25,2042,8.934280792420328
13:02:26,2042,8.934280792420328
13:02:27,2042,8.934280792420328
13:02:28,2042,8.934280792420328
13:02:29,2042,8.93303202479339
13:02:30,2042,8.93303202479339
13:02:31,2042,8.93303202479339
13:02:32,2042,8.93303202479339
13:02:33,2042,8.93303202479339
13:02:34,2042,8.93303202479339
13:02:35,2043,8.93303202479339
13:02:36,2043,8.93303202479339
13:02:37,2043,8.93303202479339
13:02:38,2044,8.93303202479339
13:02:39,2044,8.93303202479339
13:02:40,2044,8.93303202479339
13:02:41,2044,8.93303202479339
13:02:42,2044,8.93303202479339
13:02:43,2044,8.93303202479339
13:02:44,2044,8.932472896231285
13:02:45,2046,8.932472896231285
13:02:46,2046,8.932472896231285
13:02:47,2046,8.930804953560372
13:02:48,2046,8.930804953560372
13:02:49,2046,8.929671652054322
13:02:50,2047,8.932036082474228
13:02:51,2047,8.93219131032114
13:02:52,2047,8.93219131032114
13:02:53,2048,8.93219131032114
13:02:54,2049,8.93219131032114
13:02:55,2049,8.93219131032114
13:02:56,2050,8.934071404050806
13:02:57,2050,8.934071404050806
13:02:58,2050,8.934071404050806
13:02:59,2050,8.934071404050806
13:03:00,2050,8.934071404050806
13:03:01,2050,8.934071404050806
13:03:02,2052,8.934071404050806
13:03:03,2052,8.934071404050806
13:03:04,2052,8.934071404050806
13:03:05,2054,8.934071404050806
13:03:06,2055,8.934071404050806
13:03:07,2055,8.93067421513124
13:03:08,2055,8.93067421513124
13:03:09,2056,8.93067421513124
13:03:10,2058,8.929063786008232
13:03:11,2058,8.930042844901457
13:03:12,2058,8.930042844901457
13:03:13,2058,8.930042844901457
13:03:14,2058,8.92678999657417
13:03:15,2058,8.92678999657417
13:03:16,2059,8.92678999657417
13:03:17,2059,8.92678999657417
13:03:18,2059,8.92678999657417
13:03:19,2060,8.921261122518823
13:03:20,2060,8.921261122518823
13:03:21,2060,8.921261122518823
13:03:22,2061,8.918282880109457
13:03:23,2061,8.92046153846154
13:03:24,2061,8.92046153846154
13:03:25,2061,8.92046153846154
13:03:26,2061,8.92046153846154
13:03:27,2062,8.92046153846154
13:03:28,2062,8.92046153846154
13:03:29,2062,8.92046153846154
13:03:30,2062,8.92046153846154
13:03:31,2062,8.92046153846154
13:03:32,2063,8.92046153846154
13:03:33,2063,8.919331966512898
13:03:34,2063,8.919331966512898
13:03:35,2063,8.919331966512898
13:03:36,2063,8.919331966512898
13:03:37,2063,8.919331966512898
13:03:38,2064,8.919331966512898
13:03:39,2064,8.919331966512898
13:03:40,2064,8.919331966512898
13:03:41,2064,8.92035519125683
13:03:42,2064,8.918936678614099
13:03:43,2064,8.918936678614099
13:03:44,2064,8.918936678614099
13:03:45,2064,8.915856363016037
13:03:46,2064,8.915856363016037
13:03:47,2064,8.915856363016037
13:03:48,2065,8.915856363016037
13:03:49,2065,8.916990622335891
13:03:50,2065,8.914988070892978
13:03:51,2066,8.914988070892978
13:03:52,2066,8.912459546925566
13:03:53,2067,8.909235614572692
13:03:54,2067,8.909235614572692
13:03:55,2067,8.909235614572692
13:03:56,2067,8.906491407180535
13:03:57,2067,8.906491407180535
13:03:58,2067,8.906491407180535
13:03:59,2068,8.907627551020408
13:04:00,2068,8.904147543770186
13:04:01,2068,8.904147543770186
13:04:02,2068,8.904147543770186
13:04:03,2068,8.904147543770186
13:04:04,2068,8.901019367991845
13:04:05,2068,8.901019367991845
13:04:06,2068,8.901019367991845
13:04:07,2068,8.901019367991845
13:04:08,2069,8.901019367991845
13:04:09,2069,8.901019367991845
13:04:10,2069,8.901019367991845
13:04:11,2069,8.901019367991845
13:04:12,2069,8.902139582272033
13:04:13,2069,8.902139582272033
13:04:14,2070,8.902139582272033
13:04:15,2070,8.902139582272033
13:04:16,2070,8.902139582272033
13:04:17,2070,8.902139582272033
13:04:18,2070,8.902139582272033
13:04:19,2070,8.902139582272033
13:04:20,2070,8.902139582272033
13:04:21,2070,8.902139582272033
13:04:22,2070,8.902139582272033
13:04:23,2070,8.902139582272033
13:04:24,2070,8.902139582272033
13:04:25,2070,8.902139582272033
13:04:26,2071,8.902139582272033
13:04:27,2071,8.902139582272033
13:04:28,2071,8.902139582272033
13:04:29,2072,8.902139582272033
13:04:30,2072,8.902139582272033
13:04:31,2072,8.902410047522064
13:04:32,2073,8.900983884648006
13:04:33,2073,8.900983884648006
13:04:34,2073,8.902331298745338
13:04:35,2074,8.90116929334011
13:04:36,2074,8.90116929334011
13:04:37,2074,8.90116929334011
13:04:38,2075,8.90116929334011
13:04:39,2075,8.899729134924666
13:04:40,2075,8.899729134924666
13:04:41,2075,8.899729134924666
13:04:42,2076,8.897495769881555
13:04:43,2076,8.897495769881555
13:04:44,2076,8.897495769881555
13:04:45,2077,8.897495769881555
13:04:46,2077,8.898714696431592
13:04:47,2077,8.898714696431592
13:04:48,2077,8.898714696431592
13:04:49,2078,8.898714696431592
13:04:50,2078,8.898714696431592
13:04:51,2078,8.899044962812711
13:04:52,2079,8.899044962812711
13:04:53,2079,8.899044962812711
13:04:54,2079,8.896071971616827
13:04:55,2079,8.896071971616827
13:04:56,2080,8.896715636609255
13:04:57,2081,8.896715636609255
13:04:58,2081,8.896715636609255
13:04:59,2081,8.891557017543859
13:05:00,2082,8.891557017543859
13:05:01,2082,8.889192379025461
13:05:02,2082,8.889192379025461
13:05:03,2082,8.889192379025461
13:05:04,2082,8.889192379025461
13:05:05,2082,8.889192379025461
13:05:06,2082,8.887815975733064
13:05:07,2082,8.887815975733064
13:05:08,2082,8.887815975733064
13:05:09,2082,8.885034529223512
13:05:10,2082,8.885034529223512
13:05:11,2082,8.885034529223512
13:05:12,2082,8.885034529223512
13:05:13,2082,8.885034529223512
13:05:14,2082,8.882904040404041
13:05:15,2082,8.882904040404041
13:05:16,2082,8.882904040404041
13:05:17,2082,8.882904040404041
13:05:18,2082,8.882904040404041
13:05:19,2082,8.884284031633856
13:05:20,2082,8.883678102926336
13:05:21,2082,8.883678102926336
13:05:22,2082,8.883678102926336
13:05:23,2083,8.881408640107582
13:05:24,2083,8.881408640107582
13:05:25,2083,8.881408640107582
13:05:26,2083,8.879754704301074
13:05:27,2084,8.879754704301074
13:05:28,2084,8.879754704301074
13:05:29,2084,8.877052896725441
13:05:30,2084,8.877052896725441
13:05:31,2084,8.877052896725441
13:05:32,2084,8.877928835179592
13:05:33,2084,8.877928835179592
13:05:34,2084,8.877928835179592
13:05:35,2084,8.875054521053515
13:05:36,2084,8.875054521053515
13:05:37,2084,8.875054521053515
13:05:38,2086,8.875054521053515
13:05:39,2086,8.875054521053515
13:05:40,2086,8.873591549295774
13:05:41,2087,8.873591549295774
13:05:42,2087,8.873591549295774
13:05:43,2088,8.873591549295774
13:05:44,2088,8.873591549295774
13:05:45,2089,8.873591549295774
13:05:46,2089,8.873591549295774
13:05:47,2089,8.873591549295774
13:05:48,2089,8.871543489190548
13:05:49,2089,8.871543489190548
13:05:50,2089,8.871543489190548
13:05:51,2089,8.871543489190548
13:05:52,2089,8.872646566164153
13:05:53,2089,8.872646566164153
13:05:54,2089,8.872646566164153
13:05:55,2089,8.870609409007198
13:05:56,2089,8.870609409007198
13:05:57,2089,8.868063922356091
13:05:58,2089,8.867954507442715
13:05:59,2089,8.864677365429623
13:06:00,2089,8.864677365429623
13:06:01,2089,8.863024227234753
13:06:02,2091,8.863024227234753
13:06:03,2091,8.863024227234753
13:06:04,2092,8.863024227234753
13:06:05,2092,8.863024227234753
13:06:06,2093,8.863024227234753
13:06:07,2093,8.863024227234753
13:06:08,2093,8.863024227234753
13:06:09,2093,8.861748496993988
13:06:10,2094,8.861748496993988
13:06:11,2094,8.861748496993988
13:06:12,2094,8.861748496993988
13:06:13,2094,8.859747955266233
13:06:14,2094,8.859747955266233
13:06:15,2094,8.859747955266233
13:06:16,2095,8.85545272636318
13:06:17,2095,8.85545272636318
13:06:18,2095,8.85545272636318
13:06:19,2095,8.856383333333333
13:06:20,2095,8.856383333333333
13:06:21,2095,8.856383333333333
13:06:22,2095,8.856383333333333
13:06:23,2095,8.856383333333333
13:06:24,2095,8.856383333333333
13:06:25,2096,8.856383333333333
13:06:26,2096,8.856383333333333
13:06:27,2096,8.856383333333333
13:06:28,2096,8.856383333333333
13:06:29,2096,8.856383333333333
13:06:30,2096,8.856383333333333
13:06:31,2096,8.856383333333333
13:06:32,2097,8.853748125937033
13:06:33,2097,8.853748125937033
13:06:34,2097,8.853748125937033
13:06:35,2097,8.853748125937033
13:06:36,2097,8.853748125937033
13:06:37,2097,8.853748125937033
13:06:38,2098,8.852056277056278
13:06:39,2098,8.852056277056278
13:06:40,2098,8.853236811449493
13:06:41,2099,8.853236811449493
13:06:42,2099,8.853236811449493
13:06:43,2099,8.853236811449493
13:06:44,2099,8.853236811449493
13:06:45,2100,8.85290252827678
13:06:46,2100,8.85290252827678
13:06:47,2100,8.85103075644223
13:06:48,2101,8.85103075644223
13:06:49,2101,8.85103075644223
13:06:50,2101,8.84808075772682
13:06:51,2101,8.84808075772682
13:06:52,2102,8.846653379837237
13:06:53,2102,8.846653379837237
13:06:54,2102,8.847667662682602
13:06:55,2102,8.847667662682602
13:06:56,2103,8.847667662682602
13:06:57,2103,8.847667662682602
13:06:58,2103,8.847667662682602
13:06:59,2103,8.846451077943614
13:07:00,2103,8.846451077943614
13:07:01,2103,8.845433449361844
13:07:02,2104,8.845433449361844
13:07:03,2104,8.845433449361844
13:07:04,2104,8.845433449361844
13:07:05,2104,8.842660702451955
13:07:06,2105,8.842660702451955
13:07:07,2105,8.842660702451955
13:07:08,2105,8.842660702451955
13:07:09,2106,8.842660702451955
13:07:10,2106,8.842660702451955
13:07:11,2106,8.841405861897666
13:07:12,2106,8.841405861897666
13:07:13,2107,8.841405861897666
13:07:14,2107,8.838844753392916
13:07:15,2107,8.838844753392916
13:07:16,2107,8.838844753392916
13:07:17,2108,8.838844753392916
13:07:18,2108,8.836708023159636
13:07:19,2108,8.836708023159636
13:07:20,2108,8.835598544973545
13:07:21,2108,8.835598544973545
13:07:22,2108,8.834597587175672
13:07:23,2108,8.834597587175672
13:07:24,2108,8.834597587175672
13:07:25,2108,8.834597587175672
13:07:26,2108,8.834597587175672
13:07:27,2109,8.832598282127519
13:07:28,2109,8.83282152880964
13:07:29,2109,8.83282152880964
13:07:30,2109,8.83282152880964
13:07:31,2110,8.83282152880964
13:07:32,2110,8.833448844884488
13:07:33,2111,8.833448844884488
13:07:34,2113,8.833448844884488
13:07:35,2113,8.833448844884488
13:07:36,2114,8.832681840672935
13:07:37,2115,8.832681840672935
13:07:38,2115,8.829863171777118
13:07:39,2115,8.829863171777118
13:07:40,2115,8.829863171777118
13:07:41,2115,8.82724501565332
13:07:42,2115,8.82724501565332
13:07:43,2115,8.82724501565332
13:07:44,2115,8.82724501565332
13:07:45,2116,8.82724501565332
13:07:46,2116,8.825189393939393
13:07:47,2116,8.825189393939393
13:07:48,2116,8.825489711934155
13:07:49,2116,8.825489711934155
13:07:50,2116,8.825489711934155
13:07:51,2116,8.822811780190852
13:07:52,2116,8.823482979773065
13:07:53,2116,8.823482979773065
13:07:54,2116,8.823482979773065
13:07:55,2116,8.822041420118344
13:07:56,2116,8.822041420118344
13:07:57,2116,8.822041420118344
13:07:58,2116,8.822041420118344
13:07:59,2116,8.819303433546903
13:08:00,2116,8.819303433546903
13:08:01,2116,8.819303433546903
13:08:02,2116,8.818062397372744
13:08:03,2116,8.818062397372744
13:08:04,2116,8.818062397372744
13:08:05,2116,8.818062397372744
13:08:06,2116,8.818062397372744
13:08:07,2116,8.818062397372744
13:08:08,2116,8.816018381749549
13:08:09,2116,8.816018381749549
13:08:10,2116,8.816018381749549
13:08:11,2116,8.815378937007873
13:08:12,2116,8.815378937007873
13:08:13,2116,8.814625348417772
13:08:14,2116,8.814625348417772
13:08:15,2116,8.814625348417772
13:08:16,2116,8.814625348417772
13:08:17,2116,8.814625348417772
13:08:18,2116,8.814625348417772
13:08:19,2116,8.812856440511307
13:08:20,2116,8.812856440511307
13:08:21,2116,8.812856440511307
13:08:22,2116,8.812856440511307
13:08:23,2116,8.812856440511307
13:08:24,2116,8.812856440511307
13:08:25,2116,8.812856440511307
13:08:26,2116,8.812856440511307
13:08:27,2116,8.812465192465194
13:08:28,2116,8.812465192465194
13:08:29,2116,8.812465192465194
13:08:30,2116,8.812465192465194
13:08:31,2116,8.810887360838246
13:08:32,2116,8.810887360838246
13:08:33,2116,8.810887360838246
13:08:34,2116,8.808370152184585
13:08:35,2116,8.808370152184585
13:08:36,2116,8.808370152184585
13:08:37,2116,8.808370152184585
13:08:38,2116,8.808370152184585
13:08:39,2116,8.80561007523716
13:08:40,2116,8.806277587052477
13:08:41,2116,8.806277587052477
13:08:42,2116,8.80576797385621
13:08:43,2116,8.80432794381839
13:08:44,2116,8.80432794381839
13:08:45,2116,8.80432794381839
13:08:46,2116,8.80432794381839
13:08:47,2116,8.80432794381839
13:08:48,2116,8.80432794381839
13:08:49,2116,8.80432794381839
13:08:50,2116,8.80432794381839
13:08:51,2116,8.80432794381839
13:08:52,2116,8.802277179236045
13:08:53,2116,8.802277179236045
13:08:54,2116,8.799991842062326
13:08:55,2117,8.799991842062326
13:08:56,2117,8.799991842062326
13:08:57,2117,8.799991842062326
13:08:58,2117,8.799991842062326
13:08:59,2118,8.799453685583822
13:09:00,2118,8.799453685583822
13:09:01,2118,8.799453685583822
13:09:02,2118,8.799453685583822
13:09:03,2118,8.799453685583822
13:09:04,2118,8.799453685583822
13:09:05,2118,8.799453685583822
13:09:06,2118,8.799453685583822
13:09:07,2118,8.799779951100245
13:09:08,2118,8.799779951100245
13:09:09,2118,8.799779951100245
13:09:10,2118,8.797140762463345
13:09:11,2118,8.797140762463345
13:09:12,2118,8.797140762463345
13:09:13,2118,8.797140762463345
13:09:14,2118,8.797140762463345
13:09:15,2118,8.797484123106985
13:09:16,2118,8.797469075520834
13:09:17,2118,8.796217667154709
13:09:18,2118,8.796217667154709
13:09:19,2118,8.796217667154709
13:09:20,2118,8.796217667154709
13:09:21,2118,8.796217667154709
13:09:22,2118,8.796217667154709
13:09:23,2118,8.796217667154709
13:09:24,2118,8.793528455284553
13:09:25,2118,8.793528455284553
13:09:26,2118,8.793528455284553
13:09:27,2118,8.793352836014952
13:09:28,2118,8.793352836014952
13:09:29,2119,8.793352836014952
13:09:30,2119,8.790517941224225
13:09:31,2119,8.790517941224225
13:09:32,2119,8.790517941224225
13:09:33,2120,8.790517941224225
13:09:34,2120,8.788680623174294
13:09:35,2120,8.788680623174294
13:09:36,2120,8.788680623174294
13:09:37,2122,8.788680623174294
13:09:38,2122,8.788680623174294
13:09:39,2122,8.788680623174294
13:09:40,2122,8.78669910786699
13:09:41,2122,8.78669910786699
13:09:42,2123,8.78669910786699
13:09:43,2123,8.784022373540857
13:09:44,2123,8.784022373540857
13:09:45,2123,8.784022373540857
13:09:46,2123,8.784022373540857
13:09:47,2123,8.784022373540857
13:09:48,2123,8.784022373540857
13:09:49,2123,8.783811375789986
13:09:50,2123,8.783811375789986
13:09:51,2123,8.783811375789986
13:09:52,2123,8.783811375789986
13:09:53,2123,8.783811375789986
13:09:54,2123,8.783811375789986
13:09:55,2123,8.783811375789986
13:09:56,2123,8.782725947521866
13:09:57,2124,8.782725947521866
13:09:58,2124,8.780556904646268
13:09:59,2124,8.780556904646268
13:10:00,2124,8.780556904646268
13:10:01,2124,8.777977346278316
13:10:02,2124,8.77827915251496
13:10:03,2124,8.77561429033301
13:10:04,2124,8.77561429033301
13:10:05,2124,8.772483438358377
13:10:06,2124,8.772483438358377
13:10:07,2124,8.772483438358377
13:10:08,2125,8.772483438358377
13:10:09,2125,8.772483438358377
13:10:10,2125,8.772483438358377
13:10:11,2125,8.772483438358377
13:10:12,2125,8.772483438358377
13:10:13,2125,8.772483438358377
13:10:14,2125,8.772483438358377
13:10:15,2125,8.77126130490956
13:10:16,2126,8.77126130490956
13:10:17,2126,8.771444713478612
13:10:18,2126,8.771444713478612
13:10:19,2126,8.771444713478612
13:10:20,2127,8.76906144170295
13:10:21,2127,8.76906144170295
13:10:22,2128,8.76906144170295
13:10:23,2129,8.767230818826564
13:10:24,2130,8.767230818826564
13:10:25,2130,8.767230818826564
13:10:26,2130,8.764540035443853
13:10:27,2130,8.764540035443853
13:10:28,2130,8.764540035443853
13:10:29,2130,8.764540035443853
13:10:30,2130,8.764540035443853
13:10:31,2130,8.764540035443853
13:10:32,2130,8.764540035443853
13:10:33,2130,8.764540035443853
13:10:34,2130,8.765064412238326
13:10:35,2130,8.765064412238326
13:10:36,2130,8.765064412238326
13:10:37,2130,8.762433606953161
13:10:38,2130,8.762433606953161
13:10:39,2130,8.762331081081081
13:10:40,2130,8.762331081081081
13:10:41,2130,8.762331081081081
13:10:42,2130,8.762331081081081
13:10:43,2130,8.762331081081081
13:10:44,2130,8.762331081081081
13:10:45,2130,8.762331081081081
13:10:46,2130,8.762331081081081
13:10:47,2130,8.762331081081081
13:10:48,2130,8.762331081081081
13:10:49,2131,8.762331081081081
13:10:50,2131,8.762331081081081
13:10:51,2131,8.762582408747388
13:10:52,2131,8.763074574091933
13:10:53,2131,8.763074574091933
13:10:54,2132,8.76332530120482
13:10:55,2132,8.76332530120482
13:10:56,2132,8.76332530120482
13:10:57,2132,8.762909441233141
13:10:58,2133,8.762909441233141
13:10:59,2133,8.762909441233141
13:11:00,2133,8.762909441233141
13:11:01,2133,8.762909441233141
13:11:02,2133,8.762909441233141
13:11:03,2133,8.762909441233141
13:11:04,2133,8.762909441233141
13:11:05,2133,8.762909441233141
13:11:06,2133,8.760584175894719
13:11:07,2133,8.760584175894719
13:11:08,2133,8.760584175894719
13:11:09,2133,8.760482836060314
13:11:10,2133,8.760482836060314
13:11:11,2133,8.760482836060314
13:11:12,2134,8.760557960557959
13:11:13,2134,8.760557960557959
13:11:14,2134,8.760557960557959
13:11:15,2134,8.758084935897436
13:11:16,2134,8.758084935897436
13:11:17,2134,8.758084935897436
13:11:18,2134,8.758084935897436
13:11:19,2134,8.758084935897436
13:11:20,2134,8.75656735543809
13:11:21,2134,8.75656735543809
13:11:22,2134,8.75656735543809
13:11:23,2134,8.75656735543809
13:11:24,2135,8.75656735543809
13:11:25,2135,8.75656735543809
13:11:26,2135,8.75656735543809
13:11:27,2135,8.754864778364539
13:11:28,2136,8.754864778364539
13:11:29,2136,8.754864778364539
13:11:30,2136,8.75347088931542
13:11:31,2136,8.75347088931542
13:11:32,2136,8.75347088931542
13:11:33,2136,8.75347088931542
13:11:34,2136,8.75347088931542
13:11:35,2136,8.75347088931542
13:11:36,2136,8.75347088931542
13:11:37,2137,8.75347088931542
13:11:38,2137,8.75347088931542
13:11:39,2137,8.75347088931542
13:11:40,2137,8.75347088931542
13:11:41,2137,8.75347088931542
13:11:42,2137,8.75347088931542
13:11:43,2137,8.75347088931542
13:11:44,2137,8.75347088931542
13:11:45,2137,8.75347088931542
13:11:46,2138,8.75347088931542
13:11:47,2138,8.75347088931542
13:11:48,2138,8.750271782573941
13:11:49,2138,8.749888143176735
13:11:50,2138,8.749888143176735
13:11:51,2138,8.74682159399457
13:11:52,2138,8.74682159399457
13:11:53,2138,8.74682159399457
13:11:54,2138,8.74543422733078
13:11:55,2138,8.74543422733078
13:11:56,2138,8.745899154300304
13:11:57,2138,8.745899154300304
13:11:58,2138,8.745869218500797
13:11:59,2138,8.743846644348796
13:12:00,2138,8.743846644348796
13:12:01,2138,8.743846644348796
13:12:02,2138,8.742240280433398
13:12:03,2138,8.742240280433398
13:12:04,2138,8.742240280433398
13:12:05,2138,8.742240280433398
13:12:06,2138,8.742240280433398
13:12:07,2138,8.742240280433398
13:12:08,2138,8.742240280433398
13:12:09,2138,8.742240280433398
13:12:10,2138,8.742240280433398
13:12:11,2138,8.742240280433398
13:12:12,2139,8.742240280433398
13:12:13,2139,8.742240280433398
13:12:14,2139,8.742240280433398
13:12:15,2140,8.742240280433398
13:12:16,2140,8.742240280433398
13:12:17,2140,8.742610288262462
13:12:18,2140,8.743274434893346
13:12:19,2141,8.743274434893346
13:12:20,2141,8.743274434893346
13:12:21,2142,8.743274434893346
13:12:22,2143,8.743274434893346
13:12:23,2143,8.743274434893346
13:12:24,2143,8.743274434893346
13:12:25,2143,8.743274434893346
13:12:26,2143,8.743274434893346
13:12:27,2144,8.743274434893346
13:12:28,2145,8.743274434893346
13:12:29,2145,8.743274434893346
13:12:30,2145,8.743274434893346
13:12:31,2145,8.743274434893346
13:12:32,2145,8.743274434893346
13:12:33,2145,8.743274434893346
13:12:34,2145,8.743274434893346
13:12:35,2145,8.743274434893346
13:12:36,2145,8.743274434893346
13:12:37,2145,8.743274434893346
13:12:38,2145,8.743274434893346
13:12:39,2145,8.743274434893346
13:12:40,2145,8.740206841686556
13:12:41,2145,8.740206841686556
13:12:42,2145,8.740206841686556
13:12:43,2145,8.740206841686556
13:12:44,2145,8.740206841686556
13:12:45,2145,8.740206841686556
13:12:46,2145,8.741006679389312
13:12:47,2145,8.74134477825465
13:12:48,2145,8.73868763902129
13:12:49,2146,8.739121804033667
13:12:50,2146,8.739121804033667
13:12:51,2146,8.736492063492063
13:12:52,2146,8.736070125337141
13:12:53,2146,8.736070125337141
13:12:54,2146,8.734697113859816
13:12:55,2146,8.735171976541448
13:12:56,2146,8.735171976541448
13:12:57,2146,8.735171976541448
13:12:58,2146,8.735171976541448
13:12:59,2146,8.735171976541448
13:13:00,2146,8.735171976541448
13:13:01,2147,8.735171976541448
13:13:02,2147,8.735171976541448
13:13:03,2147,8.735171976541448
13:13:04,2147,8.735171976541448
13:13:05,2147,8.735171976541448
13:13:06,2147,8.735171976541448
13:13:07,2148,8.735171976541448
13:13:08,2148,8.735171976541448
13:13:09,2148,8.735171976541448
13:13:10,2149,8.735171976541448
13:13:11,2151,8.735171976541448
13:13:12,2151,8.735171976541448
13:13:13,2152,8.735171976541448
13:13:14,2152,8.735171976541448
13:13:15,2152,8.735171976541448
13:13:16,2153,8.735171976541448
13:13:17,2154,8.735171976541448
13:13:18,2154,8.735171976541448
13:13:19,2154,8.735171976541448
13:13:20,2154,8.735171976541448
13:13:21,2154,8.735171976541448
13:13:22,2156,8.735171976541448
13:13:23,2157,8.735171976541448
13:13:24,2157,8.735171976541448
13:13:25,2158,8.735171976541448
13:13:26,2158,8.733824461343472
13:13:27,2159,8.733824461343472
13:13:28,2161,8.733824461343472
13:13:29,2161,8.733824461343472
13:13:30,2162,8.733824461343472
13:13:31,2163,8.733824461343472
13:13:32,2163,8.733824461343472
13:13:33,2163,8.730783847980998
13:13:34,2163,8.730783847980998
13:13:35,2166,8.730783847980998
13:13:36,2166,8.730783847980998
13:13:37,2166,8.730783847980998
13:13:38,2167,8.730783847980998
13:13:39,2168,8.730675526024363
13:13:40,2168,8.730675526024363
13:13:41,2168,8.730139152435166
13:13:42,2168,8.730139152435166
13:13:43,2169,8.730994152046783
13:13:44,2170,8.730994152046783
13:13:45,2170,8.730994152046783
13:13:46,2170,8.728154113374387
13:13:47,2171,8.728154113374387
13:13:48,2171,8.72511837121212
13:13:49,2172,8.72511837121212
13:13:50,2172,8.72511837121212
13:13:51,2172,8.72511837121212
13:13:52,2173,8.721975074932955
13:13:53,2173,8.721975074932955
13:13:54,2174,8.721975074932955
13:13:55,2174,8.721975074932955
13:13:56,2174,8.721975074932955
13:13:57,2174,8.721975074932955
13:13:58,2175,8.720853043204038
13:13:59,2175,8.720853043204038
13:14:00,2176,8.71843183609141
13:14:01,2177,8.71843183609141
13:14:02,2177,8.71843183609141
13:14:03,2177,8.71843183609141
13:14:04,2177,8.71843183609141
13:14:05,2178,8.71843183609141
13:14:06,2178,8.71843183609141
13:14:07,2178,8.71843183609141
13:14:08,2178,8.71843183609141
13:14:09,2179,8.71843183609141
13:14:10,2179,8.71843183609141
13:14:11,2179,8.71843183609141
13:14:12,2179,8.71843183609141
13:14:13,2179,8.71843183609141
13:14:14,2179,8.716517013232513
13:14:15,2179,8.716517013232513
13:14:16,2180,8.716517013232513
13:14:17,2180,8.716517013232513
13:14:18,2180,8.716517013232513
13:14:19,2180,8.716517013232513
13:14:20,2180,8.716517013232513
13:14:21,2180,8.713383719099353
13:14:22,2180,8.713383719099353
13:14:23,2180,8.713383719099353
13:14:24,2181,8.713383719099353
13:14:25,2182,8.71025338369531
13:14:26,2182,8.70937549158408
13:14:27,2182,8.70937549158408
13:14:28,2182,8.706257861635219
13:14:29,2183,8.706812824139556
13:14:30,2183,8.706812824139556
13:14:31,2183,8.706812824139556
13:14:32,2183,8.706812824139556
13:14:33,2183,8.707288721332077
13:14:34,2183,8.707288721332077
13:14:35,2183,8.704302088239912
13:14:36,2184,8.704302088239912
13:14:37,2184,8.704302088239912
13:14:38,2184,8.704302088239912
13:14:39,2184,8.704302088239912
13:14:40,2184,8.704302088239912
13:14:41,2184,8.704302088239912
13:14:42,2184,8.704302088239912
13:14:43,2184,8.704302088239912
13:14:44,2184,8.704302088239912
13:14:45,2184,8.703586001255493
13:14:46,2184,8.703586001255493
13:14:47,2184,8.703586001255493
13:14:48,2184,8.703586001255493
13:14:49,2184,8.700596078431373
13:14:50,2184,8.69879272499216
13:14:51,2184,8.69879272499216
13:14:52,2185,8.69879272499216
13:14:53,2185,8.69879272499216
13:14:54,2185,8.69879272499216
13:14:55,2186,8.69879272499216
13:14:56,2187,8.69879272499216
13:14:57,2187,8.69879272499216
13:14:58,2187,8.69879272499216
13:14:59,2189,8.69879272499216
13:15:00,2190,8.69879272499216
13:15:01,2190,8.69879272499216
13:15:02,2191,8.69879272499216
13:15:03,2193,8.69879272499216
13:15:04,2193,8.696951888418743
13:15:05,2193,8.696951888418743
13:15:06,2193,8.694869987468673
13:15:07,2193,8.694869987468673
13:15:08,2193,8.694869987468673
13:15:09,2193,8.694869987468673
13:15:10,2195,8.694869987468673
13:15:11,2195,8.694869987468673
13:15:12,2195,8.691639267261625
13:15:13,2195,8.691639267261625
13:15:14,2195,8.691639267261625
13:15:15,2196,8.691639267261625
13:15:16,2196,8.691639267261625
13:15:17,2196,8.691639267261625
13:15:18,2197,8.691639267261625
13:15:19,2197,8.691639267261625
13:15:20,2197,8.691639267261625
13:15:21,2197,8.692433489827856
13:15:22,2197,8.692433489827856
13:15:23,2198,8.692433489827856
13:15:24,2198,8.692433489827856
13:15:25,2198,8.692433489827856
13:15:26,2200,8.692433489827856
13:15:27,2200,8.692433489827856
13:15:28,2200,8.692433489827856
13:15:29,2200,8.692433489827856
13:15:30,2202,8.692433489827856
13:15:31,2202,8.692433489827856
13:15:32,2202,8.689832629438449
13:15:33,2202,8.686858974358975
13:15:34,2203,8.686858974358975
13:15:35,2203,8.686858974358975
13:15:36,2203,8.683763087982497
13:15:37,2204,8.680904404873477
13:15:38,2204,8.680904404873477
13:15:39,2204,8.680904404873477
13:15:40,2205,8.681342701014833
13:15:41,2205,8.681342701014833
13:15:42,2205,8.681342701014833
13:15:43,2206,8.681342701014833
13:15:44,2206,8.681342701014833
13:15:45,2206,8.678480024968788
13:15:46,2207,8.678480024968788
13:15:47,2207,8.67551863983778
13:15:48,2207,8.67551863983778
13:15:49,2208,8.67551863983778
13:15:50,2208,8.67551863983778
13:15:51,2209,8.67551863983778
13:15:52,2209,8.67551863983778
13:15:53,2209,8.672676956657313
13:15:54,2210,8.672676956657313
13:15:55,2210,8.669876889512233
13:15:56,2210,8.666915887850468
13:15:57,2212,8.663965436711816
13:15:58,2212,8.663965436711816
13:15:59,2212,8.66139122315593
13:16:00,2212,8.66139122315593
13:16:01,2212,8.66139122315593
13:16:02,2212,8.66139122315593
13:16:03,2212,8.658547207963913
13:16:04,2212,8.658547207963913
13:16:05,2212,8.658547207963913
13:16:06,2212,8.655604788557214
13:16:07,2212,8.655604788557214
13:16:08,2212,8.655604788557214
13:16:09,2212,8.655604788557214
13:16:10,2212,8.655604788557214
13:16:11,2212,8.656456876456875
13:16:12,2212,8.656456876456875
13:16:13,2213,8.656456876456875
13:16:14,2213,8.656456876456875
13:16:15,2213,8.656456876456875
13:16:16,2213,8.65375893134514
13:16:17,2213,8.65375893134514
13:16:18,2213,8.65375893134514
13:16:19,2213,8.65375893134514
13:16:20,2213,8.65375893134514
13:16:21,2213,8.65375893134514
13:16:22,2213,8.65375893134514
13:16:23,2213,8.65375893134514
13:16:24,2213,8.65375893134514
13:16:25,2214,8.65375893134514
13:16:26,2214,8.65375893134514
13:16:27,2214,8.651195466542463
13:16:28,2214,8.651195466542463
13:16:29,2214,8.651195466542463
13:16:30,2214,8.651924270639354
13:16:31,2214,8.651924270639354
13:16:32,2215,8.651924270639354
13:16:33,2215,8.648883201489065
13:16:34,2215,8.648883201489065
13:16:35,2215,8.643165969316597
13:16:36,2215,8.643165969316597
13:16:37,2215,8.643165969316597
13:16:38,2215,8.640613382899629
13:16:39,2215,8.640613382899629
13:16:40,2215,8.640613382899629
13:16:41,2215,8.640613382899629
13:16:42,2215,8.640613382899629
13:16:43,2215,8.638047685400217
13:16:44,2215,8.638047685400217
13:16:45,2215,8.638047685400217
13:16:46,2215,8.638047685400217
13:16:47,2215,8.638047685400217
13:16:48,2215,8.638047685400217
13:16:49,2215,8.638047685400217
13:16:50,2216,8.638047685400217
13:16:51,2216,8.635731971525843
13:16:52,2217,8.635731971525843
13:16:53,2218,8.635731971525843
13:16:54,2218,8.635731971525843
13:16:55,2218,8.635731971525843
13:16:56,2218,8.633178654292344
13:16:57,2218,8.633178654292344
13:16:58,2218,8.633178654292344
13:16:59,2218,8.633178654292344
13:17:00,2219,8.633897649969079
13:17:01,2219,8.633897649969079
13:17:02,2219,8.633897649969079
13:17:03,2219,8.633897649969079
13:17:04,2219,8.633897649969079
13:17:05,2221,8.633897649969079
13:17:06,2221,8.633897649969079
13:17:07,2221,8.633897649969079
13:17:08,2222,8.633897649969079
13:17:09,2222,8.633897649969079
13:17:10,2223,8.633897649969079
13:17:11,2223,8.633897649969079
13:17:12,2223,8.631455725544738
13:17:13,2223,8.628660797034291
13:17:14,2224,8.628660797034291
13:17:15,2225,8.628660797034291
13:17:16,2225,8.626231279913542
13:17:17,2225,8.626231279913542
13:17:18,2226,8.626231279913542
13:17:19,2226,8.623333333333333
13:17:20,2226,8.620923954959125
13:17:21,2227,8.621777674992291
13:17:22,2227,8.619509939898288
13:17:23,2228,8.619509939898288
13:17:24,2228,8.616489525569932
13:17:25,2229,8.616489525569932
13:17:26,2229,8.616489525569932
13:17:27,2229,8.616489525569932
13:17:28,2229,8.614326404926866
13:17:29,2229,8.614326404926866
13:17:30,2229,8.614326404926866
13:17:31,2229,8.614326404926866
13:17:32,2230,8.614326404926866
13:17:33,2230,8.614326404926866
13:17:34,2230,8.614326404926866
13:17:35,2231,8.614326404926866
13:17:36,2231,8.614326404926866
13:17:37,2231,8.614326404926866
13:17:38,2231,8.614326404926866
13:17:39,2231,8.614326404926866
13:17:40,2231,8.614326404926866
13:17:41,2232,8.6121729763004
13:17:42,2232,8.6121729763004
13:17:43,2232,8.60916012921089
13:17:44,2233,8.60916012921089
13:17:45,2233,8.60916012921089
13:17:46,2233,8.60916012921089
13:17:47,2233,8.60916012921089
13:17:48,2233,8.60916012921089
13:17:49,2233,8.60916012921089
13:17:50,2233,8.60916012921089
13:17:51,2233,8.610139913899138
13:17:52,2233,8.610139913899138
13:17:53,2233,8.610139913899138
13:17:54,2233,8.607960657753189
13:17:55,2233,8.607960657753189
13:17:56,2233,8.607960657753189
13:17:57,2233,8.607960657753189
13:17:58,2233,8.607960657753189
13:17:59,2233,8.607960657753189
13:18:00,2233,8.604953917050691
13:18:01,2233,8.604953917050691
13:18:02,2233,8.604953917050691
13:18:03,2233,8.604953917050691
13:18:04,2233,8.602065100568094
13:18:05,2233,8.599938612645795
13:18:06,2234,8.599938612645795
13:18:07,2234,8.599938612645795
13:18:08,2234,8.599938612645795
13:18:09,2234,8.595392517632629
13:18:10,2234,8.595392517632629
13:18:11,2234,8.595392517632629
13:18:12,2234,8.595701149425286
13:18:13,2234,8.595701149425286
13:18:14,2235,8.595701149425286
13:18:15,2235,8.595701149425286
13:18:16,2235,8.595701149425286
13:18:17,2235,8.593642769607843
13:18:18,2235,8.593642769607843
13:18:19,2236,8.591662838768947
13:18:20,2236,8.591662838768947
13:18:21,2237,8.591662838768947
13:18:22,2237,8.591662838768947
13:18:23,2237,8.591662838768947
13:18:24,2238,8.591662838768947
13:18:25,2238,8.589286807468625
13:18:26,2238,8.589286807468625
13:18:27,2238,8.589286807468625
13:18:28,2238,8.586905308245372
13:18:29,2239,8.586905308245372
13:18:30,2239,8.584388379204892
13:18:31,2239,8.584388379204892
13:18:32,2240,8.584388379204892
13:18:33,2240,8.584388379204892
13:18:34,2240,8.584388379204892
13:18:35,2240,8.584388379204892
13:18:36,2240,8.584388379204892
13:18:37,2240,8.584388379204892
13:18:38,2240,8.584388379204892
13:18:39,2242,8.584388379204892
13:18:40,2243,8.584388379204892
13:18:41,2243,8.58213357786948
13:18:42,2243,8.58213357786948
13:18:43,2244,8.582653528872592
13:18:44,2244,8.582653528872592
13:18:45,2245,8.582653528872592
13:18:46,2245,8.580210719193769
13:18:47,2245,8.580210719193769
13:18:48,2245,8.580210719193769
13:18:49,2246,8.580210719193769
13:18:50,2246,8.580210719193769
13:18:51,2246,8.580210719193769
13:18:52,2246,8.57748778998779
13:18:53,2247,8.57748778998779
13:18:54,2247,8.57748778998779
13:18:55,2247,8.57748778998779
13:18:56,2248,8.57748778998779
13:18:57,2248,8.57748778998779
13:18:58,2248,8.575705568268496
13:18:59,2249,8.573292162244588
13:19:00,2249,8.573292162244588
13:19:01,2249,8.573292162244588
13:19:02,2249,8.573292162244588
13:19:03,2250,8.571140070111262
13:19:04,2250,8.571140070111262
13:19:05,2250,8.571140070111262
13:19:06,2252,8.571140070111262
13:19:07,2252,8.571140070111262
13:19:08,2252,8.568989945155392
13:19:09,2253,8.568989945155392
13:19:10,2254,8.568989945155392
13:19:11,2254,8.566027105223084
13:19:12,2254,8.566027105223084
13:19:13,2254,8.566027105223084
13:19:14,2254,8.566027105223084
13:19:15,2254,8.566270928462709
13:19:16,2254,8.566270928462709
13:19:17,2254,8.564582382473757
13:19:18,2254,8.564582382473757
13:19:19,2254,8.564582382473757
13:19:20,2254,8.562271897810218
13:19:21,2254,8.562271897810218
13:19:22,2254,8.56012311901505
13:19:23,2254,8.56012311901505
13:19:24,2254,8.56012311901505
13:19:25,2255,8.56012311901505
13:19:26,2256,8.56012311901505
13:19:27,2256,8.56012311901505
13:19:28,2256,8.56012311901505
13:19:29,2257,8.557285019750834
13:19:30,2257,8.55540622627183
13:19:31,2257,8.55540622627183
13:19:32,2258,8.55540622627183
13:19:33,2258,8.55540622627183
13:19:34,2258,8.555692167577414
13:19:35,2258,8.555692167577414
13:19:36,2259,8.555692167577414
13:19:37,2259,8.555692167577414
13:19:38,2260,8.555692167577414
13:19:39,2260,8.555692167577414
13:19:40,2260,8.552966165983918
13:19:41,2260,8.552966165983918
13:19:42,2260,8.552966165983918
13:19:43,2260,8.551016075219897
13:19:44,2260,8.548188570562377
13:19:45,2260,8.548188570562377
13:19:46,2260,8.548188570562377
13:19:47,2260,8.546121212121212
13:19:48,2260,8.546121212121212
13:19:49,2260,8.546121212121212
13:19:50,2260,8.546121212121212
13:19:51,2260,8.54357867635923
13:19:52,2260,8.54357867635923
13:19:53,2260,8.54357867635923
13:19:54,2261,8.54357867635923
13:19:55,2262,8.54357867635923
13:19:56,2262,8.54357867635923
13:19:57,2262,8.54357867635923
13:19:58,2262,8.54357867635923
13:19:59,2263,8.54357867635923
13:20:00,2263,8.54357867635923
13:20:01,2263,8.54357867635923
13:20:02,2263,8.54112927641538
13:20:03,2263,8.54112927641538
13:20:04,2263,8.541632622181874
13:20:05,2263,8.541632622181874
13:20:06,2264,8.539866908650938
13:20:07,2265,8.539866908650938
13:20:08,2265,8.539866908650938
13:20:09,2265,8.539866908650938
13:20:10,2265,8.537309145880576
13:20:11,2265,8.537309145880576
13:20:12,2265,8.537309145880576
13:20:13,2265,8.537309145880576
13:20:14,2265,8.537309145880576
13:20:15,2265,8.537309145880576
13:20:16,2265,8.537309145880576
13:20:17,2266,8.537309145880576
13:20:18,2266,8.537309145880576
13:20:19,2266,8.53493502568752
13:20:20,2266,8.533401298897447
13:20:21,2266,8.533401298897447
13:20:22,2267,8.533401298897447
13:20:23,2267,8.533401298897447
13:20:24,2267,8.533831521739131
13:20:25,2269,8.533831521739131
13:20:26,2269,8.533831521739131
13:20:27,2270,8.533831521739131
13:20:28,2270,8.53091896785876
13:20:29,2271,8.53091896785876
13:20:30,2272,8.528001508295626
13:20:31,2272,8.528001508295626
13:20:32,2273,8.528001508295626
13:20:33,2274,8.528001508295626
13:20:34,2274,8.528001508295626
13:20:35,2275,8.52549374340419
13:20:36,2275,8.52549374340419
13:20:37,2275,8.52549374340419
13:20:38,2275,8.52549374340419
13:20:39,2278,8.526009644364075
13:20:40,2278,8.526009644364075
13:20:41,2278,8.523678264798916
13:20:42,2279,8.521303824149353
13:20:43,2281,8.521303824149353
13:20:44,2281,8.521303824149353
13:20:45,2282,8.521572610985704
13:20:46,2282,8.521572610985704
13:20:47,2283,8.521572610985704
13:20:48,2284,8.521572610985704
13:20:49,2284,8.521572610985704
13:20:50,2285,8.521572610985704
13:20:51,2286,8.521572610985704
13:20:52,2286,8.521572610985704
13:20:53,2286,8.519945848375452
13:20:54,2288,8.519945848375452
13:20:55,2288,8.519945848375452
13:20:56,2289,8.519945848375452
13:20:57,2290,8.51771913997895
13:20:58,2290,8.51771913997895
13:20:59,2291,8.51771913997895
13:21:00,2292,8.514930868650435
13:21:01,2292,8.514930868650435
13:21:02,2292,8.514930868650435
13:21:03,2294,8.514930868650435
13:21:04,2295,8.514930868650435
13:21:05,2295,8.514930868650435
13:21:06,2297,8.509481981981983
13:21:07,2297,8.509481981981983
13:21:08,2297,8.509481981981983
13:21:09,2299,8.509481981981983
13:21:10,2299,8.50778177997899
13:21:11,2300,8.50778177997899
13:21:12,2302,8.50778177997899
13:21:13,2302,8.50778177997899
13:21:14,2302,8.50778177997899
13:21:15,2303,8.50778177997899
13:21:16,2304,8.505115511551155
13:21:17,2304,8.50233918128655
13:21:18,2305,8.50233918128655
13:21:19,2307,8.50233918128655
13:21:20,2307,8.50233918128655
13:21:21,2307,8.50233918128655
13:21:22,2309,8.50233918128655
13:21:23,2310,8.500404676258993
13:21:24,2311,8.500404676258993
13:21:25,2311,8.500307116104869
13:21:26,2312,8.500307116104869
13:21:27,2312,8.500307116104869
13:21:28,2312,8.497933513027853
13:21:29,2312,8.498158958239785
13:21:30,2314,8.498158958239785
13:21:31,2314,8.498158958239785
13:21:32,2314,8.498158958239785
13:21:33,2314,8.495638839018552
13:21:34,2314,8.495638839018552
13:21:35,2314,8.495638839018552
13:21:36,2314,8.495638839018552
13:21:37,2315,8.495638839018552
13:21:38,2317,8.495638839018552
13:21:39,2317,8.495638839018552
13:21:40,2317,8.495638839018552
13:21:41,2317,8.495638839018552
13:21:42,2317,8.493337819650067
13:21:43,2317,8.493337819650067
13:21:44,2318,8.493337819650067
13:21:45,2318,8.493337819650067
13:21:46,2318,8.493337819650067
13:21:47,2318,8.491173393124066
13:21:48,2319,8.491173393124066
13:21:49,2320,8.491173393124066
13:21:50,2320,8.491173393124066
13:21:51,2320,8.491173393124066
13:21:52,2320,8.491173393124066
13:21:53,2321,8.488779321679367
13:21:54,2321,8.488779321679367
13:21:55,2322,8.488779321679367
13:21:56,2323,8.488779321679367
13:21:57,2324,8.488779321679367
13:21:58,2324,8.488779321679367
13:21:59,2324,8.488779321679367
13:22:00,2324,8.486028972520907
13:22:01,2324,8.486028972520907
13:22:02,2324,8.483393043737872
13:22:03,2324,8.483393043737872
13:22:04,2324,8.483393043737872
13:22:05,2324,8.48055804237541
13:22:06,2324,8.48055804237541
13:22:07,2324,8.48055804237541
13:22:08,2324,8.48055804237541
13:22:09,2324,8.48055804237541
13:22:10,2324,8.48055804237541
13:22:11,2324,8.48055804237541
13:22:12,2324,8.478165548098435
13:22:13,2324,8.478165548098435
13:22:14,2325,8.475767740011927
13:22:15,2326,8.475942482491432
13:22:16,2326,8.475942482491432
13:22:17,2326,8.473823354185283
13:22:18,2326,8.473823354185283
13:22:19,2327,8.473823354185283
13:22:20,2327,8.47399880899211
13:22:21,2327,8.47399880899211
13:22:22,2327,8.47399880899211
13:22:23,2327,8.471525297619047
13:22:24,2327,8.471525297619047
13:22:25,2327,8.471525297619047
13:22:26,2327,8.468778818979622
13:22:27,2327,8.468778818979622
13:22:28,2327,8.468778818979622
13:22:29,2327,8.468778818979622
13:22:30,2327,8.468778818979622
13:22:31,2327,8.468778818979622
13:22:32,2327,8.468778818979622
13:22:33,2327,8.468778818979622
13:22:34,2328,8.468778818979622
13:22:35,2328,8.466525423728815
13:22:36,2328,8.466525423728815
13:22:37,2328,8.466525423728815
13:22:38,2328,8.463694456828652
13:22:39,2329,8.463694456828652
13:22:40,2329,8.463694456828652
13:22:41,2329,8.463694456828652
13:22:42,2329,8.461348781937017
13:22:43,2329,8.461348781937017
13:22:44,2329,8.461348781937017
13:22:45,2329,8.458507795100223
13:22:46,2329,8.458507795100223
13:22:47,2329,8.4557732264767
13:22:48,2329,8.4557732264767
13:22:49,2329,8.455540720961283
13:22:50,2329,8.455540720961283
13:22:51,2329,8.455540720961283
13:22:52,2329,8.455540720961283
13:22:53,2329,8.45280990510083
13:22:54,2330,8.45280990510083
13:22:55,2330,8.45280990510083
13:22:56,2330,8.45280990510083
13:22:57,2330,8.45280990510083
13:22:58,2330,8.45280990510083
13:22:59,2330,8.45280990510083
13:23:00,2330,8.45280990510083
13:23:01,2330,8.45280990510083
13:23:02,2330,8.45280990510083
13:23:03,2330,8.45280990510083
13:23:04,2331,8.450452052764192
13:23:05,2331,8.450452052764192
13:23:06,2331,8.448466666666667
13:23:07,2333,8.448466666666667
13:23:08,2333,8.448466666666667
13:23:09,2333,8.448466666666667
13:23:10,2335,8.446061009921516
13:23:11,2335,8.443368857312018
13:23:12,2335,8.443290427578043
13:23:13,2336,8.443290427578043
13:23:14,2337,8.443290427578043
13:23:15,2337,8.443290427578043
13:23:16,2337,8.443290427578043
13:23:17,2338,8.443290427578043
13:23:18,2338,8.440816326530612
13:23:19,2338,8.440816326530612
13:23:20,2338,8.440816326530612
13:23:21,2338,8.440816326530612
13:23:22,2338,8.440816326530612
13:23:23,2338,8.440816326530612
13:23:24,2338,8.440816326530612
13:23:25,2338,8.440816326530612
13:23:26,2338,8.440816326530612
13:23:27,2338,8.440816326530612
13:23:28,2338,8.438810051736882
13:23:29,2338,8.438810051736882
13:23:30,2339,8.438810051736882
13:23:31,2339,8.436495271867612
13:23:32,2339,8.436495271867612
13:23:33,2339,8.436495271867612
13:23:34,2340,8.436495271867612
13:23:35,2340,8.434049623393886
13:23:36,2340,8.434049623393886
13:23:37,2340,8.434049623393886
13:23:38,2341,8.43209329790375
13:23:39,2341,8.43209329790375
13:23:40,2341,8.43209329790375
13:23:41,2341,8.4319462889184
13:23:42,2341,8.4319462889184
13:23:43,2342,8.429640277163497
13:23:44,2342,8.429640277163497
13:23:45,2342,8.429640277163497
13:23:46,2343,8.429640277163497
13:23:47,2343,8.427365163572059
13:23:48,2344,8.427365163572059
13:23:49,2344,8.427365163572059
13:23:50,2345,8.427365163572059
13:23:51,2345,8.427365163572059
13:23:52,2345,8.427365163572059
13:23:53,2345,8.423012367491166
13:23:54,2346,8.423012367491166
13:23:55,2346,8.420581309786607
13:23:56,2346,8.420581309786607
13:23:57,2347,8.420581309786607
13:23:58,2347,8.420581309786607
13:23:59,2348,8.420581309786607
13:24:00,2348,8.420581309786607
13:24:01,2349,8.420581309786607
13:24:02,2349,8.420581309786607
13:24:03,2349,8.420581309786607
13:24:04,2350,8.420581309786607
13:24:05,2350,8.418350985583995
13:24:06,2350,8.41620349948537
13:24:07,2351,8.41620349948537
13:24:08,2352,8.41620349948537
13:24:09,2352,8.41620349948537
13:24:10,2353,8.41620349948537
13:24:11,2354,8.41620349948537
13:24:12,2354,8.41620349948537
13:24:13,2354,8.413991769547325
13:24:14,2354,8.413926840017629
13:24:15,2354,8.413926840017629
13:24:16,2354,8.411725403817915
13:24:17,2355,8.411725403817915
13:24:18,2355,8.409533245266402
13:24:19,2356,8.409533245266402
13:24:20,2356,8.409533245266402
13:24:21,2357,8.409533245266402
13:24:22,2357,8.409533245266402
13:24:23,2357,8.409533245266402
13:24:24,2357,8.409533245266402
13:24:25,2357,8.409533245266402
13:24:26,2358,8.409533245266402
13:24:27,2359,8.409533245266402
13:24:28,2359,8.407328345070422
13:24:29,2359,8.407328345070422
13:24:30,2360,8.407328345070422
13:24:31,2360,8.407328345070422
13:24:32,2360,8.407442440240505
13:24:33,2361,8.407442440240505
13:24:34,2361,8.407442440240505
13:24:35,2361,8.407442440240505
13:24:36,2361,8.407442440240505
13:24:37,2362,8.407442440240505
13:24:38,2362,8.407442440240505
13:24:39,2363,8.407442440240505
13:24:40,2363,8.405394312518323
13:24:41,2363,8.403223443223444
13:24:42,2363,8.40130345635618
13:24:43,2364,8.399268042746304
13:24:44,2365,8.399268042746304
13:24:45,2365,8.399268042746304
13:24:46,2365,8.399268042746304
13:24:47,2366,8.399268042746304
13:24:48,2367,8.39708077260755
13:24:49,2367,8.39708077260755
13:24:50,2367,8.39708077260755
13:24:51,2368,8.39708077260755
13:24:52,2369,8.39708077260755
13:24:53,2369,8.39708077260755
13:24:54,2369,8.39708077260755
13:24:55,2370,8.39708077260755
13:24:56,2370,8.39708077260755
13:24:57,2370,8.39708077260755
13:24:58,2371,8.39708077260755
13:24:59,2371,8.395056311247624
13:25:00,2372,8.395056311247624
13:25:01,2372,8.393106725146199
13:25:02,2372,8.393106725146199
13:25:03,2372,8.391151541721467
13:25:04,2372,8.389271107215892
13:25:05,2373,8.389271107215892
13:25:06,2373,8.389271107215892
13:25:07,2373,8.387436122061615
13:25:08,2373,8.387436122061615
13:25:09,2373,8.387436122061615
13:25:10,2373,8.387436122061615
13:25:11,2373,8.387436122061615
13:25:12,2373,8.387436122061615
13:25:13,2373,8.387436122061615
13:25:14,2373,8.385610040863982
13:25:15,2374,8.385610040863982
13:25:16,2374,8.383522975929978
13:25:17,2374,8.383522975929978
13:25:18,2375,8.383522975929978
13:25:19,2375,8.383559346748322
13:25:20,2375,8.383559346748322
13:25:21,2375,8.383559346748322
13:25:22,2375,8.383748724675703
13:25:23,2375,8.383748724675703
13:25:24,2376,8.383748724675703
13:25:25,2376,8.383748724675703
13:25:26,2376,8.383748724675703
13:25:27,2376,8.383748724675703
13:25:28,2376,8.383748724675703
13:25:29,2376,8.383748724675703
13:25:30,2376,8.383748724675703
13:25:31,2376,8.383748724675703
13:25:32,2376,8.383748724675703
13:25:33,2376,8.38193473193473
13:25:34,2376,8.38193473193473
13:25:35,2376,8.38193473193473
13:25:36,2376,8.38193473193473
13:25:37,2378,8.38193473193473
13:25:38,2378,8.38193473193473
13:25:39,2379,8.38193473193473
13:25:40,2379,8.38193473193473
13:25:41,2380,8.38193473193473
13:25:42,2380,8.38193473193473
13:25:43,2381,8.38193473193473
13:25:44,2381,8.38193473193473
13:25:45,2381,8.378369723435226
13:25:46,2382,8.378369723435226
13:25:47,2382,8.378369723435226
13:25:48,2383,8.378369723435226
13:25:49,2383,8.378369723435226
13:25:50,2383,8.378369723435226
13:25:51,2383,8.378369723435226
13:25:52,2383,8.375007271669576
13:25:53,2383,8.375007271669576
13:25:54,2383,8.375007271669576
13:25:55,2383,8.373448175606919
13:25:56,2383,8.373448175606919
13:25:57,2383,8.373448175606919
13:25:58,2383,8.373448175606919
13:25:59,2383,8.373448175606919
13:26:00,2384,8.373448175606919
13:26:01,2384,8.373448175606919
13:26:02,2384,8.373448175606919
13:26:03,2384,8.371825050857309
13:26:04,2384,8.371825050857309
13:26:05,2385,8.368423344947736
13:26:06,2385,8.368423344947736
13:26:07,2385,8.368423344947736
13:26:08,2386,8.366869830213322
13:26:09,2386,8.366869830213322
13:26:10,2386,8.366869830213322
13:26:11,2386,8.365637233579816
13:26:12,2387,8.365637233579816
13:26:13,2387,8.365768115942029
13:26:14,2387,8.364261915109372
13:26:15,2387,8.364261915109372
13:26:16,2388,8.364261915109372
13:26:17,2388,8.364261915109372
13:26:18,2388,8.364261915109372
13:26:19,2389,8.364261915109372
13:26:20,2389,8.364261915109372
13:26:21,2389,8.364261915109372
13:26:22,2389,8.364261915109372
13:26:23,2390,8.362785983203013
13:26:24,2390,8.361094224924011
13:26:25,2390,8.361094224924011
13:26:26,2391,8.35873119212963
13:26:27,2391,8.35873119212963
13:26:28,2391,8.356240057845264
13:26:29,2391,8.356240057845264
13:26:30,2391,8.356240057845264
13:26:31,2391,8.356240057845264
13:26:32,2391,8.356240057845264
13:26:33,2392,8.356240057845264
13:26:34,2393,8.356240057845264
13:26:35,2393,8.356240057845264
13:26:36,2393,8.356240057845264
13:26:37,2393,8.356240057845264
13:26:38,2393,8.35486412257878
13:26:39,2393,8.35486412257878
13:26:40,2393,8.35486412257878
13:26:41,2393,8.353482155757838
13:26:42,2393,8.352058058925476
13:26:43,2393,8.35232423848708
13:26:44,2393,8.350800865800865
13:26:45,2393,8.348557622962643
13:26:46,2393,8.348557622962643
13:26:47,2393,8.348557622962643
13:26:48,2393,8.348557622962643
13:26:49,2393,8.348557622962643
13:26:50,2394,8.348557622962643
13:26:51,2394,8.348557622962643
13:26:52,2394,8.348557622962643
13:26:53,2394,8.348557622962643
13:26:54,2394,8.348557622962643
13:26:55,2394,8.348557622962643
13:26:56,2394,8.348557622962643
13:26:57,2394,8.34697952710496
13:26:58,2394,8.347377143680646
13:26:59,2394,8.347377143680646
13:27:00,2394,8.347377143680646
13:27:01,2395,8.347377143680646
13:27:02,2395,8.347377143680646
13:27:03,2395,8.347377143680646
13:27:04,2395,8.34622587150677
13:27:05,2396,8.34622587150677
13:27:06,2396,8.34622587150677
13:27:07,2396,8.34622587150677
13:27:08,2396,8.34622587150677
13:27:09,2397,8.3443124550036
13:27:10,2397,8.3443124550036
13:27:11,2397,8.3443124550036
13:27:12,2398,8.3443124550036
13:27:13,2398,8.341245863904474
13:27:14,2398,8.341245863904474
13:27:15,2399,8.339013517400057
13:27:16,2399,8.339013517400057
13:27:17,2399,8.339013517400057
13:27:18,2399,8.339013517400057
13:27:19,2400,8.339013517400057
13:27:20,2400,8.336775909156247
13:27:21,2400,8.336775909156247
13:27:22,2400,8.336775909156247
13:27:23,2400,8.336775909156247
13:27:24,2400,8.336775909156247
13:27:25,2400,8.336775909156247
13:27:26,2400,8.336775909156247
13:27:27,2400,8.336775909156247
13:27:28,2401,8.33507183908046
13:27:29,2402,8.33507183908046
13:27:30,2402,8.333871894298435
13:27:31,2402,8.33402239448751
13:27:32,2402,8.332328885062418
13:27:33,2403,8.332328885062418
13:27:34,2403,8.332472748135398
13:27:35,2404,8.331146953405018
13:27:36,2404,8.331146953405018
13:27:37,2404,8.328926626540555
13:27:38,2405,8.328926626540555
13:27:39,2405,8.328926626540555
13:27:40,2405,8.328926626540555
13:27:41,2405,8.328926626540555
13:27:42,2406,8.328926626540555
13:27:43,2406,8.328926626540555
13:27:44,2406,8.328926626540555
13:27:45,2406,8.328926626540555
13:27:46,2406,8.328926626540555
13:27:47,2406,8.328926626540555
13:27:48,2406,8.328926626540555
13:27:49,2406,8.329057441627274
13:27:50,2406,8.329057441627274
13:27:51,2406,8.329057441627274
13:27:52,2406,8.329057441627274
13:27:53,2406,8.329057441627274
13:27:54,2406,8.328164375715922
13:27:55,2406,8.328164375715922
13:27:56,2406,8.328164375715922
13:27:57,2406,8.328164375715922
13:27:58,2406,8.326592242736512
13:27:59,2406,8.326592242736512
13:28:00,2406,8.326592242736512
13:28:01,2406,8.326592242736512
13:28:02,2406,8.326592242736512
13:28:03,2406,8.324771101573678
13:28:04,2406,8.324771101573678
13:28:05,2407,8.324771101573678
13:28:06,2407,8.322558272558272
13:28:07,2407,8.320754716981133
13:28:08,2407,8.320754716981133
13:28:09,2407,8.32049578511216
13:28:10,2407,8.32049578511216
13:28:11,2407,8.318180519851472
13:28:12,2407,8.318180519851472
13:28:13,2407,8.318180519851472
13:28:14,2407,8.318180519851472
13:28:15,2407,8.318180519851472
13:28:16,2408,8.318180519851472
13:28:17,2408,8.318180519851472
13:28:18,2409,8.318180519851472
13:28:19,2409,8.318180519851472
13:28:20,2409,8.318180519851472
13:28:21,2410,8.316573875802998
13:28:22,2410,8.316573875802998
13:28:23,2410,8.314647545662101
13:28:24,2410,8.315111966909143
13:28:25,2410,8.315111966909143
13:28:26,2410,8.315111966909143
13:28:27,2410,8.315111966909143
13:28:28,2410,8.315111966909143
13:28:29,2410,8.315111966909143
13:28:30,2410,8.315111966909143
13:28:31,2410,8.315111966909143
13:28:32,2410,8.315111966909143
13:28:33,2410,8.312277326492802
13:28:34,2410,8.312277326492802
13:28:35,2410,8.312277326492802
13:28:36,2410,8.311011396011397
13:28:37,2410,8.311011396011397
13:28:38,2410,8.311011396011397
13:28:39,2410,8.311011396011397
13:28:40,2410,8.309390573828848
13:28:41,2410,8.309390573828848
13:28:42,2410,8.309390573828848
13:28:43,2410,8.309390573828848
13:28:44,2410,8.308233703387419
13:28:45,2410,8.308233703387419
13:28:46,2410,8.308233703387419
13:28:47,2410,8.308233703387419
13:28:48,2410,8.308233703387419
13:28:49,2410,8.308233703387419
13:28:50,2410,8.308233703387419
13:28:51,2410,8.308233703387419
13:28:52,2410,8.308233703387419
13:28:53,2411,8.308233703387419
13:28:54,2411,8.306081946222792
13:28:55,2411,8.304415529010239
13:28:56,2411,8.302850035536602
13:28:57,2411,8.302850035536602
13:28:58,2411,8.302850035536602
13:28:59,2411,8.30282750781472
13:29:00,2411,8.30282750781472
13:29:01,2411,8.30282750781472
13:29:02,2411,8.300660417554324
13:29:03,2411,8.300660417554324
13:29:04,2411,8.300660417554324
13:29:05,2411,8.300660417554324
13:29:06,2411,8.300660417554324
13:29:07,2411,8.300660417554324
13:29:08,2411,8.300660417554324
13:29:09,2411,8.300660417554324
13:29:10,2411,8.300660417554324
13:29:11,2411,8.298992049971607
13:29:12,2411,8.298992049971607
13:29:13,2412,8.298992049971607
13:29:14,2412,8.298992049971607
13:29:15,2412,8.297560283687943
13:29:16,2412,8.297560283687943
13:29:17,2413,8.297560283687943
13:29:18,2413,8.295867006947399
13:29:19,2413,8.295867006947399
13:29:20,2414,8.295867006947399
13:29:21,2414,8.295867006947399
13:29:22,2414,8.295867006947399
13:29:23,2415,8.294260204081633
13:29:24,2415,8.29294517637059
13:29:25,2415,8.29294517637059
13:29:26,2415,8.29294517637059
13:29:27,2415,8.292084395355424
13:29:28,2415,8.292084395355424
13:29:29,2415,8.292084395355424
13:29:30,2415,8.292084395355424
13:29:31,2415,8.292059447983014
13:29:32,2415,8.292059447983014
13:29:33,2415,8.292059447983014
13:29:34,2415,8.290980475382003
13:29:35,2415,8.290980475382003
13:29:36,2415,8.290980475382003
13:29:37,2415,8.290980475382003
13:29:38,2415,8.288565973695375
13:29:39,2415,8.288565973695375
13:29:40,2415,8.288565973695375
13:29:41,2415,8.288565973695375
13:29:42,2415,8.288565973695375
13:29:43,2415,8.28733389878428
13:29:44,2415,8.2854952663558
13:29:45,2415,8.2854952663558
13:29:46,2415,8.2854952663558
13:29:47,2415,8.2854952663558
13:29:48,2415,8.28375
13:29:49,2415,8.28375
13:29:50,2415,8.281992093745588
13:29:51,2415,8.279946373130116
13:29:52,2415,8.279946373130116
13:29:53,2415,8.278621808435604
13:29:54,2415,8.278621808435604
13:29:55,2415,8.278621808435604
13:29:56,2415,8.278621808435604
13:29:57,2415,8.278621808435604
13:29:58,2415,8.277361816130853
13:29:59,2415,8.277361816130853
13:30:00,2415,8.277361816130853
13:30:01,2416,8.277361816130853
13:30:02,2416,8.277361816130853
13:30:03,2416,8.277361816130853
13:30:04,2416,8.277361816130853
13:30:05,2416,8.277361816130853
13:30:06,2416,8.277878787878787
13:30:07,2416,8.277878787878787
13:30:08,2416,8.277878787878787
13:30:09,2417,8.277878787878787
13:30:10,2417,8.277878787878787
13:30:11,2417,8.277878787878787
13:30:12,2418,8.276148210763596
13:30:13,2418,8.276148210763596
13:30:14,2418,8.276148210763596
13:30:15,2418,8.276148210763596
13:30:16,2419,8.276148210763596
13:30:17,2419,8.276148210763596
13:30:18,2419,8.276148210763596
13:30:19,2419,8.274373592342341
13:30:20,2419,8.274373592342341
13:30:21,2419,8.274373592342341
13:30:22,2420,8.274373592342341
13:30:23,2420,8.274373592342341
13:30:24,2420,8.274373592342341
13:30:25,2421,8.274373592342341
13:30:26,2421,8.274373592342341
13:30:27,2421,8.274373592342341
13:30:28,2421,8.273343182777543
13:30:29,2422,8.273343182777543
13:30:30,2422,8.271286919831223
13:30:31,2422,8.269457331646281
13:30:32,2422,8.269457331646281
13:30:33,2423,8.269457331646281
13:30:34,2423,8.268008712759977
13:30:35,2423,8.268008712759977
13:30:36,2423,8.268008712759977
13:30:37,2423,8.26661047899986
13:30:38,2423,8.26661047899986
13:30:39,2423,8.26661047899986
13:30:40,2423,8.26661047899986
13:30:41,2423,8.26661047899986
13:30:42,2423,8.26661047899986
13:30:43,2423,8.263487719298245
13:30:44,2423,8.263487719298245
13:30:45,2423,8.263487719298245
13:30:46,2423,8.263487719298245
13:30:47,2423,8.262521043771043
13:30:48,2423,8.262521043771043
13:30:49,2423,8.262521043771043
13:30:50,2423,8.261492076847567
13:30:51,2423,8.261492076847567
13:30:52,2423,8.261492076847567
13:30:53,2423,8.25898837046378
13:30:54,2423,8.25898837046378
13:30:55,2423,8.25898837046378
13:30:56,2423,8.257352941176471
13:30:57,2423,8.257352941176471
13:30:58,2424,8.2580008399832
13:30:59,2424,8.2580008399832
13:31:00,2424,8.2580008399832
13:31:01,2424,8.2580008399832
13:31:02,2424,8.2580008399832
13:31:03,2424,8.2580008399832
13:31:04,2424,8.255940386230058
13:31:05,2424,8.255940386230058
13:31:06,2424,8.255940386230058
13:31:07,2424,8.255940386230058
13:31:08,2424,8.255940386230058
13:31:09,2424,8.255940386230058
13:31:10,2424,8.255940386230058
13:31:11,2424,8.255940386230058
13:31:12,2424,8.255940386230058
13:31:13,2424,8.255940386230058
13:31:14,2424,8.255940386230058
13:31:15,2424,8.255940386230058
13:31:16,2425,8.256469436284796
13:31:17,2425,8.256469436284796
13:31:18,2425,8.256469436284796
13:31:19,2425,8.256469436284796
13:31:20,2425,8.256469436284796
13:31:21,2425,8.254718959731543
13:31:22,2425,8.254718959731543
13:31:23,2425,8.254718959731543
13:31:24,2425,8.254718959731543
13:31:25,2425,8.253389238294899
13:31:26,2425,8.253389238294899
13:31:27,2425,8.253389238294899
13:31:28,2425,8.25125034925957
13:31:29,2425,8.25125034925957
13:31:30,2425,8.25125034925957
13:31:31,2425,8.25125034925957
13:31:32,2425,8.25125034925957
13:31:33,2425,8.25125034925957
13:31:34,2425,8.25008378718056
13:31:35,2425,8.25008378718056
13:31:36,2425,8.249350921273031
13:31:37,2425,8.249350921273031
13:31:38,2425,8.249350921273031
13:31:39,2425,8.248548904702107
13:31:40,2425,8.248548904702107
13:31:41,2425,8.246596931659694
13:31:42,2425,8.246596931659694
13:31:43,2425,8.244137738742506
13:31:44,2425,8.244137738742506
13:31:45,2425,8.244137738742506
13:31:46,2425,8.244137738742506
13:31:47,2425,8.244137738742506
13:31:48,2425,8.244137738742506
13:31:49,2425,8.244137738742506
13:31:50,2425,8.244137738742506
13:31:51,2425,8.244137738742506
13:31:52,2425,8.244137738742506
13:31:53,2425,8.244137738742506
13:31:54,2425,8.244137738742506
13:31:55,2425,8.244137738742506
13:31:56,2425,8.244137738742506
13:31:57,2425,8.244161092530657
13:31:58,2425,8.244161092530657
13:31:59,2425,8.244161092530657
13:32:00,2425,8.244161092530657
13:32:01,2425,8.244161092530657
13:32:02,2425,8.244161092530657
13:32:03,2425,8.244161092530657
13:32:04,2425,8.244161092530657
13:32:05,2425,8.244161092530657
13:32:06,2426,8.244161092530657
13:32:07,2426,8.244161092530657
13:32:08,2426,8.244671959882991
13:32:09,2426,8.242446393762183
13:32:10,2426,8.242446393762183
13:32:11,2426,8.242446393762183
13:32:12,2426,8.242446393762183
13:32:13,2426,8.242446393762183
13:32:14,2426,8.242446393762183
13:32:15,2426,8.239874739039665
13:32:16,2426,8.239874739039665
13:32:17,2427,8.239874739039665
13:32:18,2427,8.237646076794658
13:32:19,2427,8.237646076794658
13:32:20,2427,8.237646076794658
13:32:21,2427,8.237646076794658
13:32:22,2427,8.237646076794658
13:32:23,2428,8.237646076794658
13:32:24,2428,8.236323181754972
13:32:25,2428,8.236323181754972
13:32:26,2428,8.236323181754972
13:32:27,2428,8.236323181754972
13:32:28,2427,8.237644277569183
13:32:29,2427,8.23655824298026
13:32:30,2427,8.23655824298026
13:32:31,2427,8.236619424760317
13:32:32,2427,8.236619424760317
13:32:33,2427,8.236619424760317
13:32:34,2426,8.239185432304698
13:32:35,2426,8.239185432304698
13:32:36,2425,8.24175358086497
13:32:37,2425,8.24175358086497
13:32:38,2425,8.24175358086497
13:32:39,2425,8.24175358086497
13:32:40,2424,8.244337785197551
13:32:41,2424,8.244337785197551
13:32:42,2424,8.244337785197551
13:32:43,2424,8.244337785197551
13:32:44,2424,8.244337785197551
13:32:45,2424,8.244337785197551
13:32:46,2424,8.244337785197551
13:32:47,2424,8.244337785197551
13:32:48,2423,8.246903270702854
13:32:49,2422,8.249380395433027
13:32:50,2422,8.249380395433027
13:32:51,2423,8.249380395433027
13:32:52,2423,8.249380395433027
13:32:53,2423,8.249380395433027
13:32:54,2422,8.251845660955565
13:32:55,2422,8.251845660955565
13:32:56,2422,8.251845660955565
13:32:57,2422,8.251845660955565
13:32:58,2421,8.254319955406912
13:32:59,2421,8.254736035659564
13:33:00,2421,8.254736035659564
13:33:01,2421,8.254736035659564
13:33:02,2421,8.254736035659564
13:33:03,2421,8.254736035659564
13:33:04,2420,8.257218506131549
13:33:05,2420,8.257368714305613
13:33:06,2419,8.259838350055741
13:33:07,2419,8.25994983277592
13:33:08,2419,8.25994983277592
13:33:09,2419,8.25772391698008
13:33:10,2418,8.262560992611181
13:33:11,2418,8.262560992611181
13:33:12,2417,8.265020920502092
13:33:13,2417,8.265020920502092
13:33:14,2417,8.265020920502092
13:33:15,2417,8.265020920502092
13:33:16,2418,8.265020920502092
13:33:17,2418,8.262883221850613
13:33:18,2417,8.265244667503136
13:33:19,2418,8.265244667503136
13:33:20,2417,8.267726638772665
13:33:21,2418,8.267726638772665
13:33:22,2418,8.267726638772665
13:33:23,2418,8.268179283423951
13:33:24,2418,8.268179283423951
13:33:25,2418,8.268179283423951
13:33:26,2418,8.266039576365664
13:33:27,2418,8.268297783354246
13:33:28,2418,8.268297783354246
13:33:29,2418,8.268297783354246
13:33:30,2418,8.268297783354246
13:33:31,2418,8.268297783354246
13:33:32,2418,8.268297783354246
13:33:33,2418,8.268297783354246
13:33:34,2417,8.27055090655509
13:33:35,2416,8.272805916003907
13:33:36,2416,8.272805916003907
13:33:37,2416,8.272805916003907
13:33:38,2416,8.272805916003907
13:33:39,2416,8.272805916003907
13:33:40,2416,8.272805916003907
13:33:41,2416,8.272805916003907
13:33:42,2416,8.272805916003907
13:33:43,2416,8.272805916003907
13:33:44,2416,8.272805916003907
13:33:45,2416,8.27050209205021
13:33:46,2416,8.27050209205021
13:33:47,2416,8.27050209205021
13:33:48,2416,8.27050209205021
13:33:49,2416,8.27050209205021
13:33:50,2416,8.27050209205021
13:33:51,2416,8.27050209205021
13:33:52,2415,8.270383542538355
13:33:53,2415,8.270158929318278
13:33:54,2415,8.270158929318278
13:33:55,2415,8.270158929318278
13:33:56,2416,8.267460981047938
13:33:57,2415,8.269719782517775
13:33:58,2415,8.269719782517775
13:33:59,2415,8.269719782517775
13:34:00,2415,8.269719782517775
13:34:01,2413,8.274082600809264
13:34:02,2413,8.274082600809264
13:34:03,2412,8.276221384701284
13:34:04,2411,8.278368942885072
13:34:05,2410,8.280518301201452
13:34:06,2410,8.280518301201452
13:34:07,2410,8.280518301201452
13:34:08,2411,8.279074151654797
13:34:09,2411,8.279074151654797
13:34:10,2411,8.279074151654797
13:34:11,2411,8.279074151654797
13:34:12,2411,8.279074151654797
13:34:13,2411,8.276367950865438
13:34:14,2411,8.278515570451054
13:34:15,2411,8.278515570451054
13:34:16,2410,8.280560212349819
13:34:17,2410,8.280560212349819
13:34:18,2410,8.280560212349819
13:34:19,2410,8.280560212349819
13:34:20,2409,8.282718378756114
13:34:21,2409,8.282718378756114
13:34:22,2409,8.282718378756114
13:34:23,2409,8.283445096395642
13:34:24,2408,8.285576519916143
13:34:25,2408,8.285576519916143
13:34:26,2408,8.285576519916143
13:34:27,2408,8.285576519916143
13:34:28,2408,8.285576519916143
13:34:29,2408,8.285576519916143
13:34:30,2408,8.287506991051455
13:34:31,2408,8.287506991051455
13:34:32,2408,8.287506991051455
13:34:33,2408,8.287506991051455
13:34:34,2408,8.287506991051455
13:34:35,2408,8.287506991051455
13:34:36,2406,8.29158270361041
13:34:37,2406,8.29158270361041
13:34:38,2406,8.29158270361041
13:34:39,2406,8.291239854464035
13:34:40,2406,8.291239854464035
13:34:41,2406,8.291239854464035
13:34:42,2405,8.29054413204644
13:34:43,2405,8.29054413204644
13:34:44,2405,8.29054413204644
13:34:45,2405,8.29054413204644
13:34:46,2405,8.29054413204644
13:34:47,2405,8.29054413204644
13:34:48,2406,8.29054413204644
13:34:49,2405,8.292520291071929
13:34:50,2405,8.292520291071929
13:34:51,2405,8.292520291071929
13:34:52,2404,8.294358112837743
13:34:53,2404,8.294358112837743
13:34:54,2404,8.294358112837743
13:34:55,2404,8.294358112837743
13:34:56,2403,8.296442577030811
13:34:57,2403,8.296442577030811
13:34:58,2403,8.294883102337954
13:34:59,2402,8.296939775910364
13:35:00,2402,8.296745065098698
13:35:01,2401,8.298718487394957
13:35:02,2401,8.298718487394957
13:35:03,2401,8.298718487394957
13:35:04,2401,8.298718487394957
13:35:05,2400,8.300546448087433
13:35:06,2400,8.300546448087433
13:35:07,2400,8.300546448087433
13:35:08,2400,8.300546448087433
13:35:09,2399,8.302495093916455
13:35:10,2400,8.302495093916455
13:35:11,2400,8.302495093916455
13:35:12,2400,8.302495093916455
13:35:13,2400,8.302495093916455
13:35:14,2401,8.303131567885666
13:35:15,2401,8.303131567885666
13:35:16,2401,8.303131567885666
13:35:17,2400,8.304962153069805
13:35:18,2399,8.306801290141635
13:35:19,2399,8.306801290141635
13:35:20,2399,8.306801290141635
13:35:21,2399,8.306801290141635
13:35:22,2399,8.304184188393608
13:35:23,2399,8.304184188393608
13:35:24,2399,8.304184188393608
13:35:25,2400,8.304184188393608
13:35:26,2399,8.305854718833263
13:35:27,2400,8.305854718833263
13:35:28,2399,8.305097461786566
13:35:29,2398,8.307070707070707
13:35:30,2399,8.307070707070707
13:35:31,2399,8.307070707070707
13:35:32,2398,8.308954385964913
13:35:33,2398,8.308954385964913
13:35:34,2398,8.308954385964913
13:35:35,2398,8.30881734006734
13:35:36,2398,8.30881734006734
13:35:37,2398,8.30881734006734
13:35:38,2397,8.310638596491227
13:35:39,2397,8.308115881032547
13:35:40,2397,8.308115881032547
13:35:41,2395,8.311527660769446
13:35:42,2395,8.311527660769446
13:35:43,2395,8.311527660769446
13:35:44,2395,8.311527660769446
13:35:45,2395,8.311527660769446
13:35:46,2395,8.311527660769446
13:35:47,2395,8.312028070175439
13:35:48,2395,8.312028070175439
13:35:49,2395,8.312028070175439
13:35:50,2395,8.312028070175439
13:35:51,2394,8.313795282224095
13:35:52,2393,8.315423514538558
13:35:53,2393,8.315423514538558
13:35:54,2393,8.315423514538558
13:35:55,2392,8.317088251826869
13:35:56,2392,8.317088251826869
13:35:57,2392,8.317088251826869
13:35:58,2392,8.314348925410872
13:35:59,2392,8.314348925410872
13:36:00,2392,8.314348925410872
13:36:01,2391,8.316076447442383
13:36:02,2390,8.315008431703204
13:36:03,2390,8.315008431703204
13:36:04,2390,8.316596372838465
13:36:05,2390,8.316596372838465
13:36:06,2390,8.316596372838465
13:36:07,2390,8.316596372838465
13:36:08,2391,8.316596372838465
13:36:09,2391,8.316596372838465
13:36:10,2391,8.316596372838465
13:36:11,2390,8.31823488045007
13:36:12,2391,8.31823488045007
13:36:13,2391,8.31823488045007
13:36:14,2390,8.321410472972973
13:36:15,2391,8.321410472972973
13:36:16,2391,8.321410472972973
13:36:17,2391,8.321410472972973
13:36:18,2392,8.321410472972973
13:36:19,2392,8.321410472972973
13:36:20,2392,8.322996761019574
13:36:21,2393,8.320699605855856
13:36:22,2392,8.322165892127869
13:36:23,2393,8.322165892127869
13:36:24,2393,8.322165892127869
13:36:25,2394,8.321825731981981
13:36:26,2394,8.321825731981981
13:36:27,2395,8.321825731981981
13:36:28,2396,8.321825731981981
13:36:29,2396,8.321825731981981
13:36:30,2395,8.324901380670612
13:36:31,2396,8.324901380670612
13:36:32,2396,8.324901380670612
13:36:33,2394,8.32801043429216
13:36:34,2395,8.32801043429216
13:36:35,2396,8.32801043429216
13:36:36,2394,8.331251764041772
13:36:37,2395,8.331251764041772
13:36:38,2396,8.331711101706869
13:36:39,2396,8.331711101706869
13:36:40,2396,8.331711101706869
13:36:41,2396,8.331711101706869
13:36:42,2397,8.331711101706869
13:36:43,2398,8.331711101706869
13:36:44,2398,8.331711101706869
13:36:45,2398,8.331711101706869
13:36:46,2400,8.331711101706869
13:36:47,2400,8.331711101706869
13:36:48,2400,8.331711101706869
13:36:49,2400,8.333093423652272
13:36:50,2401,8.333093423652272
13:36:51,2401,8.333093423652272
13:36:52,2400,8.332197290431838
13:36:53,2401,8.332197290431838
13:36:54,2401,8.333566285472257
13:36:55,2401,8.333657917019474
13:36:56,2402,8.333657917019474
13:36:57,2401,8.335013412395877
13:36:58,2401,8.336398305084746
13:36:59,2401,8.336398305084746
13:37:00,2401,8.336398305084746
13:37:01,2401,8.337946870142716
13:37:02,2401,8.337946870142716
13:37:03,2402,8.337946870142716
13:37:04,2402,8.337946870142716
13:37:05,2402,8.336597428288822
13:37:06,2401,8.337807463952503
13:37:07,2401,8.337807463952503
13:37:08,2401,8.337807463952503
13:37:09,2401,8.337807463952503
13:37:10,2401,8.337807463952503
13:37:11,2401,8.337807463952503
13:37:12,2401,8.337807463952503
13:37:13,2401,8.337807463952503
13:37:14,2401,8.337807463952503
13:37:15,2399,8.339895347192758
13:37:16,2399,8.339895347192758
13:37:17,2399,8.339895347192758
13:37:18,2399,8.339895347192758
13:37:19,2399,8.339895347192758
13:37:20,2399,8.339895347192758
13:37:21,2400,8.339895347192758
13:37:22,2400,8.341143180531976
13:37:23,2400,8.341143180531976
13:37:24,2399,8.342576079263978
13:37:25,2399,8.340138653084324
13:37:26,2398,8.34135881104034
13:37:27,2398,8.34135881104034
13:37:28,2398,8.34135881104034
13:37:29,2398,8.34135881104034
13:37:30,2398,8.340987549518958
13:37:31,2398,8.340987549518958
13:37:32,2398,8.340987549518958
13:37:33,2397,8.342236376503893
13:37:34,2397,8.339926428975666
13:37:35,2396,8.341394196744515
13:37:36,2396,8.338773344651953
13:37:37,2396,8.338773344651953
13:37:38,2395,8.340056617126681
13:37:39,2395,8.340056617126681
13:37:40,2394,8.341135655621637
13:37:41,2394,8.341135655621637
13:37:42,2394,8.341135655621637
13:37:43,2393,8.342194361807621
13:37:44,2393,8.342194361807621
13:37:45,2393,8.342194361807621
13:37:46,2394,8.342194361807621
13:37:47,2394,8.342194361807621
13:37:48,2394,8.340533843103936
13:37:49,2394,8.340533843103936
13:37:50,2394,8.340533843103936
13:37:51,2394,8.340533843103936
13:37:52,2394,8.340533843103936
13:37:53,2393,8.34158521036974
13:37:54,2393,8.34294926303855
13:37:55,2393,8.34294926303855
13:37:56,2393,8.34294926303855
13:37:57,2393,8.34294926303855
13:37:58,2393,8.34294926303855
13:37:59,2393,8.344640578477243
13:38:00,2393,8.344640578477243
13:38:01,2392,8.345886524822696
13:38:02,2394,8.345886524822696
13:38:03,2393,8.347452816801475
13:38:04,2393,8.348637137989778
13:38:05,2394,8.34828295728679
13:38:06,2394,8.34828295728679
13:38:07,2393,8.349787052810903
13:38:08,2393,8.349787052810903
13:38:09,2394,8.349787052810903
13:38:10,2394,8.349787052810903
13:38:11,2393,8.3507385314586
13:38:12,2392,8.351889741403808
13:38:13,2392,8.349211759693226
13:38:14,2393,8.349211759693226
13:38:15,2393,8.349211759693226
13:38:16,2393,8.349211759693226
13:38:17,2394,8.349211759693226
13:38:18,2394,8.349211759693226
13:38:19,2394,8.346422487223169
13:38:20,2394,8.346422487223169
13:38:21,2395,8.346422487223169
13:38:22,2395,8.346422487223169
13:38:23,2395,8.346422487223169
13:38:24,2395,8.34385554136512
13:38:25,2395,8.34385554136512
13:38:26,2396,8.34385554136512
13:38:27,2396,8.34385554136512
13:38:28,2395,8.344981544576944
13:38:29,2393,8.34688832054561
13:38:30,2393,8.34688832054561
13:38:31,2393,8.34688832054561
13:38:32,2393,8.34688832054561
13:38:33,2394,8.34688832054561
13:38:34,2394,8.34688832054561
13:38:35,2394,8.344326090044028
13:38:36,2394,8.344326090044028
13:38:37,2393,8.344184064763528
13:38:38,2393,8.342714103110355
13:38:39,2392,8.342756710694504
13:38:40,2391,8.34366297243535
13:38:41,2391,8.34366297243535
13:38:42,2390,8.343194089229895
13:38:43,2390,8.343194089229895
13:38:44,2391,8.343194089229895
13:38:45,2390,8.344299928926795
13:38:46,2390,8.344299928926795
13:38:47,2390,8.345719567690557
13:38:48,2390,8.345719567690557
13:38:49,2390,8.34315565031983
13:38:50,2391,8.34315565031983
13:38:51,2391,8.34058681443592
13:38:52,2391,8.34058681443592
13:38:53,2391,8.34058681443592
13:38:54,2391,8.34058681443592
13:38:55,2391,8.34058681443592
13:38:56,2391,8.33848885101548
13:38:57,2392,8.33848885101548
13:38:58,2392,8.33848885101548
13:38:59,2392,8.336435264054513
13:39:00,2392,8.336435264054513
13:39:01,2392,8.336435264054513
13:39:02,2391,8.33746626899588
13:39:03,2390,8.338434214265416
13:39:04,2389,8.33958066808813
13:39:05,2388,8.340564562002276
13:39:06,2388,8.340564562002276
13:39:07,2388,8.340564562002276
13:39:08,2388,8.340564562002276
13:39:09,2387,8.343242281974677
13:39:10,2388,8.343242281974677
13:39:11,2389,8.340685437997724
13:39:12,2388,8.341542182387252
13:39:13,2388,8.341542182387252
13:39:14,2389,8.338978953356087
13:39:15,2389,8.338978953356087
13:39:16,2390,8.338978953356087
13:39:17,2390,8.336652452025586
13:39:18,2390,8.336652452025586
13:39:19,2390,8.336652452025586
13:39:20,2391,8.336652452025586
13:39:21,2391,8.336652452025586
13:39:22,2391,8.336652452025586
13:39:23,2391,8.334342142654164
13:39:24,2391,8.334342142654164
13:39:25,2392,8.331934384320409
13:39:26,2392,8.331934384320409
13:39:27,2392,8.331934384320409
13:39:28,2392,8.329748722316866
13:39:29,2393,8.329748722316866
13:39:30,2393,8.327543635589613
13:39:31,2391,8.32879562562136
13:39:32,2391,8.32879562562136
13:39:33,2391,8.32935493037795
13:39:34,2391,8.32935493037795
13:39:35,2390,8.330234541577825
13:39:36,2391,8.330234541577825
13:39:37,2390,8.331420648464164
13:39:38,2390,8.32908315565032
13:39:39,2390,8.32908315565032
13:39:40,2389,8.329835039817974
13:39:41,2389,8.329835039817974
13:39:42,2388,8.331049935979513
13:39:43,2388,8.32849829351536
13:39:44,2388,8.32849829351536
13:39:45,2388,8.32849829351536
13:39:46,2388,8.32849829351536
13:39:47,2387,8.329244880546076
13:39:48,2387,8.329244880546076
13:39:49,2387,8.329244880546076
13:39:50,2387,8.329244880546076
13:39:51,2386,8.332010243277848
13:39:52,2386,8.332728437233134
13:39:53,2387,8.332728437233134
13:39:54,2387,8.330381277564376
13:39:55,2386,8.331148590947908
13:39:56,2386,8.329086641058472
13:39:57,2386,8.329086641058472
13:39:58,2386,8.326969567690558
13:39:59,2386,8.326969567690558
13:40:00,2386,8.326969567690558
13:40:01,2385,8.329285815905534
13:40:02,2385,8.329285815905534
13:40:03,2385,8.330401366353545
13:40:04,2385,8.330401366353545
13:40:05,2386,8.330401366353545
13:40:06,2386,8.328978081411899
13:40:07,2386,8.328978081411899
13:40:08,2387,8.326426234172713
13:40:09,2386,8.32729148875605
13:40:10,2386,8.32729148875605
13:40:11,2386,8.322411831626848
13:40:12,2386,8.323189642907954
13:40:13,2387,8.318393745557925
13:40:14,2386,8.320954209328782
13:40:15,2386,8.320954209328782
13:40:16,2387,8.320954209328782
13:40:17,2387,8.320954209328782
13:40:18,2387,8.320954209328782
13:40:19,2387,8.31909026297086
13:40:20,2387,8.316538789428815
13:40:21,2387,8.316538789428815
13:40:22,2387,8.316538789428815
13:40:23,2388,8.316538789428815
13:40:24,2387,8.31678038379531
13:40:25,2387,8.314229894856494
13:40:26,2386,8.314712153518123
13:40:27,2385,8.317377701934015
13:40:28,2384,8.318359652866695
13:40:29,2384,8.3163893629124
13:40:30,2384,8.3163893629124
13:40:31,2384,8.3163893629124
13:40:32,2384,8.3163893629124
13:40:33,2384,8.3163893629124
13:40:34,2384,8.3163893629124
13:40:35,2384,8.3163893629124
13:40:36,2384,8.3163893629124
13:40:37,2384,8.3163893629124
13:40:38,2384,8.3163893629124
13:40:39,2384,8.3163893629124
13:40:40,2384,8.3163893629124
13:40:41,2384,8.3163893629124
13:40:42,2383,8.317242851045668
13:40:43,2383,8.317242851045668
13:40:44,2383,8.317242851045668
13:40:45,2382,8.315023474178405
13:40:46,2382,8.315399943068602
13:40:47,2382,8.315399943068602
13:40:48,2383,8.311085039817975
13:40:49,2382,8.311616161616161
13:40:50,2382,8.311616161616161
13:40:51,2382,8.311616161616161
13:40:52,2381,8.314289780814118
13:40:53,2381,8.314289780814118
13:40:54,2380,8.315833689306563
13:40:55,2380,8.315833689306563
13:40:56,2380,8.315833689306563
13:40:57,2380,8.315833689306563
13:40:58,2380,8.315833689306563
13:40:59,2379,8.31690170940171
13:41:00,2379,8.314587782998718
13:41:01,2379,8.314587782998718
13:41:02,2378,8.314921652421653
13:41:03,2378,8.314921652421653
13:41:04,2377,8.317144078666097
13:41:05,2377,8.317144078666097
13:41:06,2377,8.317144078666097
13:41:07,2377,8.317144078666097
13:41:08,2377,8.315505698005698
13:41:09,2377,8.315505698005698
13:41:10,2377,8.313064217570838
13:41:11,2376,8.315733618233619
13:41:12,2377,8.315733618233619
13:41:13,2377,8.313427310266269
13:41:14,2377,8.313427310266269
13:41:15,2376,8.311106364801367
13:41:16,2376,8.311106364801367
13:41:17,2376,8.311106364801367
13:41:18,2377,8.311106364801367
13:41:19,2377,8.30946484486194
13:41:20,2376,8.31016659547202
13:41:21,2376,8.31016659547202
13:41:22,2376,8.31016659547202
13:41:23,2376,8.30866780529462
13:41:24,2376,8.310771749964402
13:41:25,2376,8.310771749964402
13:41:26,2375,8.313411680911681
13:41:27,2375,8.313411680911681
13:41:28,2376,8.313411680911681
13:41:29,2377,8.313411680911681
13:41:30,2377,8.313411680911681
13:41:31,2377,8.31411571896822
13:41:32,2377,8.31411571896822
13:41:33,2377,8.311716524216525
13:41:34,2377,8.309155631496512
13:41:35,2379,8.309155631496512
13:41:36,2378,8.309273504273504
13:41:37,2378,8.304981497295758
13:41:38,2377,8.307041150505482
13:41:39,2378,8.304383717620267
13:41:40,2378,8.304383717620267
13:41:41,2378,8.304383717620267
13:41:42,2379,8.301842367335325
13:41:43,2379,8.301842367335325
13:41:44,2379,8.301842367335325
13:41:45,2379,8.303942499288357
13:41:46,2379,8.303942499288357
13:41:47,2379,8.303942499288357
13:41:48,2379,8.303942499288357
13:41:49,2378,8.304677488252883
13:41:50,2378,8.304677488252883
13:41:51,2379,8.304677488252883
13:41:52,2378,8.304821937321938
13:41:53,2378,8.304821937321938
13:41:54,2378,8.304821937321938
13:41:55,2378,8.302840666381888
13:41:56,2378,8.302840666381888
13:41:57,2378,8.30153003131227
13:41:58,2379,8.30153003131227
13:41:59,2378,8.303666524277373
13:42:00,2378,8.303666524277373
13:42:01,2378,8.303666524277373
13:42:02,2378,8.303666524277373
13:42:03,2378,8.300903785937944
13:42:04,2377,8.303652285348141
13:42:05,2377,8.303652285348141
13:42:06,2377,8.303652285348141
13:42:07,2376,8.30129574256016
13:42:08,2376,8.299444918872759
13:42:09,2376,8.297658696270993
13:42:10,2376,8.297658696270993
13:42:11,2375,8.298099102947457
13:42:12,2375,8.298099102947457
13:42:13,2374,8.297871280079738
13:42:14,2374,8.297871280079738
13:42:15,2375,8.297871280079738
13:42:16,2375,8.296612581838884
13:42:17,2376,8.296612581838884
13:42:18,2376,8.296612581838884
13:42:19,2377,8.296612581838884
13:42:20,2377,8.296612581838884
13:42:21,2377,8.296612581838884
13:42:22,2377,8.296612581838884
13:42:23,2377,8.296612581838884
13:42:24,2377,8.297365798091983
13:42:25,2377,8.297365798091983
13:42:26,2376,8.295237078171722
13:42:27,2376,8.292570452604611
13:42:28,2376,8.292570452604611
13:42:29,2376,8.292570452604611
13:42:30,2375,8.292591801878736
13:42:31,2375,8.292591801878736
13:42:32,2374,8.295251317100954
13:42:33,2374,8.293146883005978
13:42:34,2373,8.295699843371779
13:42:35,2372,8.296225071225072
13:42:36,2372,8.296225071225072
13:42:37,2372,8.296225071225072
13:42:38,2372,8.296225071225072
13:42:39,2372,8.296225071225072
13:42:40,2372,8.296225071225072
13:42:41,2372,8.296225071225072
13:42:42,2373,8.296225071225072
13:42:43,2372,8.296522730511615
13:42:44,2372,8.296522730511615
13:42:45,2372,8.296522730511615
13:42:46,2372,8.296522730511615
13:42:47,2372,8.29505698005698
13:42:48,2372,8.29505698005698
13:42:49,2372,8.29505698005698
13:42:50,2372,8.29505698005698
13:42:51,2372,8.29505698005698
13:42:52,2372,8.29505698005698
13:42:53,2372,8.29505698005698
13:42:54,2372,8.29505698005698
13:42:55,2372,8.29505698005698
13:42:56,2372,8.293008685746832
13:42:57,2372,8.293008685746832
13:42:58,2370,8.29496936012541
13:42:59,2370,8.29496936012541
13:43:00,2369,8.295238095238096
13:43:01,2369,8.295238095238096
13:43:02,2369,8.295238095238096
13:43:03,2369,8.29218660968661
13:43:04,2369,8.29218660968661
13:43:05,2369,8.29218660968661
13:43:06,2369,8.29218660968661
13:43:07,2368,8.294527575887132
13:43:08,2368,8.294527575887132
13:43:09,2367,8.294917308240661
13:43:10,2367,8.292603676784951
13:43:11,2367,8.292603676784951
13:43:12,2367,8.292603676784951
13:43:13,2367,8.292603676784951
13:43:14,2367,8.292603676784951
13:43:15,2366,8.292522098659823
13:43:16,2366,8.292522098659823
13:43:17,2365,8.293096562544573
13:43:18,2365,8.293096562544573
13:43:19,2364,8.293507420091323
13:43:20,2364,8.293507420091323
13:43:21,2364,8.293507420091323
13:43:22,2364,8.290835829410925
13:43:23,2364,8.290835829410925
13:43:24,2364,8.290835829410925
13:43:25,2364,8.289264328485885
13:43:26,2364,8.289264328485885
13:43:27,2364,8.289264328485885
13:43:28,2364,8.287174005985465
13:43:29,2364,8.287174005985465
13:43:30,2364,8.287174005985465
13:43:31,2364,8.289941545480467
13:43:32,2364,8.289941545480467
13:43:33,2363,8.290001426330052
13:43:34,2363,8.284808322645004
13:43:35,2363,8.284808322645004
13:43:36,2363,8.284808322645004
13:43:37,2363,8.284808322645004
13:43:38,2363,8.284808322645004
13:43:39,2363,8.284808322645004
13:43:40,2363,8.284808322645004
13:43:41,2363,8.282507122507122
13:43:42,2363,8.282507122507122
13:43:43,2363,8.282507122507122
13:43:44,2363,8.279880392994446
13:43:45,2363,8.279880392994446
13:43:46,2363,8.279880392994446
13:43:47,2363,8.277355536578423
13:43:48,2362,8.276811903744838
13:43:49,2362,8.276811903744838
13:43:50,2361,8.276766381766382
13:43:51,2361,8.276766381766382
13:43:52,2360,8.275712250712251
13:43:53,2360,8.275712250712251
13:43:54,2360,8.275712250712251
13:43:55,2359,8.278366823428815
13:43:56,2359,8.278366823428815
13:43:57,2359,8.278366823428815
13:43:58,2358,8.278578557171372
13:43:59,2357,8.281236628155755
13:44:00,2357,8.281236628155755
13:44:01,2358,8.281236628155755
13:44:02,2358,8.281236628155755
13:44:03,2358,8.281236628155755
13:44:04,2358,8.278699743370401
13:44:05,2358,8.278699743370401
13:44:06,2357,8.278876051918413
13:44:07,2357,8.27634017678928
13:44:08,2357,8.27634017678928
13:44:09,2358,8.274526150776685
13:44:10,2358,8.272086894586895
13:44:11,2358,8.272086894586895
13:44:12,2358,8.272086894586895
13:44:13,2358,8.26955716930087
13:44:14,2358,8.26955716930087
13:44:15,2358,8.267798178195275
13:44:16,2358,8.267798178195275
13:44:17,2358,8.267798178195275
13:44:18,2357,8.267990887085292
13:44:19,2358,8.267990887085292
13:44:20,2358,8.26621121548534
13:44:21,2359,8.26621121548534
13:44:22,2359,8.264589557547303
13:44:23,2359,8.264589557547303
13:44:24,2358,8.264496157130658
13:44:25,2358,8.264496157130658
13:44:26,2358,8.264496157130658
13:44:27,2358,8.264496157130658
13:44:28,2360,8.264496157130658
13:44:29,2360,8.264496157130658
13:44:30,2359,8.267143670795956
13:44:31,2359,8.267143670795956
13:44:32,2359,8.267143670795956
13:44:33,2359,8.267143670795956
13:44:34,2359,8.267143670795956
13:44:35,2359,8.267143670795956
13:44:36,2359,8.267143670795956
13:44:37,2358,8.266866096866098
13:44:38,2358,8.266866096866098
13:44:39,2357,8.263725071225071
13:44:40,2357,8.263725071225071
13:44:41,2357,8.263725071225071
13:44:42,2357,8.263725071225071
13:44:43,2357,8.263725071225071
13:44:44,2357,8.263725071225071
13:44:45,2357,8.263725071225071
13:44:46,2357,8.263725071225071
13:44:47,2357,8.263725071225071
13:44:48,2357,8.263725071225071
13:44:49,2357,8.263725071225071
13:44:50,2357,8.263725071225071
13:44:51,2357,8.263725071225071
13:44:52,2357,8.25950754341019
13:44:53,2357,8.25950754341019
13:44:54,2357,8.25950754341019
13:44:55,2356,8.262039014666097
13:44:56,2355,8.259561440979638
13:44:57,2355,8.259561440979638
13:44:58,2354,8.259622507122508
13:44:59,2354,8.259622507122508
13:45:00,2354,8.259622507122508
13:45:01,2354,8.259622507122508
13:45:02,2355,8.259622507122508
13:45:03,2355,8.259622507122508
13:45:04,2355,8.259622507122508
13:45:05,2355,8.259622507122508
13:45:06,2355,8.25742560159476
13:45:07,2355,8.25742560159476
13:45:08,2355,8.25742560159476
13:45:09,2355,8.25742560159476
13:45:10,2355,8.25742560159476
13:45:11,2355,8.25742560159476
13:45:12,2354,8.257143874643875
13:45:13,2354,8.253252206091659
13:45:14,2354,8.253252206091659
13:45:15,2354,8.253252206091659
13:45:16,2354,8.253252206091659
13:45:17,2353,8.252833546917271
13:45:18,2353,8.252833546917271
13:45:19,2353,8.252833546917271
13:45:20,2353,8.252833546917271
13:45:21,2353,8.252833546917271
13:45:22,2353,8.252833546917271
13:45:23,2353,8.252833546917271
13:45:24,2353,8.252833546917271
13:45:25,2353,8.252833546917271
13:45:26,2353,8.252833546917271
13:45:27,2353,8.252833546917271
13:45:28,2352,8.251908831908832
13:45:29,2352,8.251908831908832
13:45:30,2351,8.25171013253527
13:45:31,2351,8.25171013253527
13:45:32,2350,8.251333048189336
13:45:33,2350,8.251333048189336
13:45:34,2350,8.251333048189336
13:45:35,2350,8.251333048189336
13:45:36,2350,8.251333048189336
13:45:37,2349,8.25117672229354
13:45:38,2349,8.25117672229354
13:45:39,2349,8.25117672229354
13:45:40,2349,8.25117672229354
13:45:41,2349,8.25117672229354
13:45:42,2349,8.25117672229354
13:45:43,2349,8.25117672229354
13:45:44,2349,8.25117672229354
13:45:45,2349,8.25117672229354
13:45:46,2349,8.25117672229354
13:45:47,2350,8.25117672229354
13:45:48,2350,8.25117672229354
13:45:49,2349,8.251184360730594
13:45:50,2349,8.251184360730594
13:45:51,2349,8.249229781771502
13:45:52,2349,8.249229781771502
13:45:53,2350,8.246706586826347
13:45:54,2350,8.246706586826347
13:45:55,2350,8.24472709134958
13:45:56,2349,8.244796122041631
13:45:57,2349,8.244796122041631
13:45:58,2349,8.244796122041631
13:45:59,2349,8.244796122041631
13:46:00,2349,8.244796122041631
13:46:01,2350,8.244796122041631
13:46:02,2350,8.244796122041631
13:46:03,2350,8.244796122041631
13:46:04,2350,8.244796122041631
13:46:05,2349,8.242379526660963
13:46:06,2349,8.242379526660963
13:46:07,2349,8.242379526660963
13:46:08,2349,8.242379526660963
13:46:09,2348,8.241827128797604
13:46:10,2348,8.241827128797604
13:46:11,2348,8.241827128797604
13:46:12,2348,8.241827128797604
13:46:13,2349,8.241827128797604
13:46:14,2349,8.241827128797604
13:46:15,2349,8.241827128797604
13:46:16,2349,8.239200171086399
13:46:17,2349,8.239200171086399
13:46:18,2349,8.239200171086399
13:46:19,2348,8.238960205391528
13:46:20,2348,8.238960205391528
13:46:21,2347,8.237749714611873
13:46:22,2347,8.235223220653259
13:46:23,2347,8.235223220653259
13:46:24,2347,8.230768134530427
13:46:25,2346,8.23053892215569
13:46:26,2346,8.23053892215569
13:46:27,2346,8.227910788086076
13:46:28,2346,8.227910788086076
13:46:29,2346,8.227910788086076
13:46:30,2346,8.227910788086076
13:46:31,2347,8.227910788086076
13:46:32,2347,8.227910788086076
13:46:33,2347,8.225277777777778
13:46:34,2348,8.225277777777778
13:46:35,2348,8.225277777777778
13:46:36,2348,8.225277777777778
13:46:37,2348,8.225277777777778
13:46:38,2348,8.225277777777778
13:46:39,2348,8.225277777777778
13:46:40,2348,8.225277777777778
13:46:41,2348,8.225277777777778
13:46:42,2348,8.225277777777778
13:46:43,2348,8.225277777777778
13:46:44,2347,8.226646706586827
13:46:45,2347,8.226646706586827
13:46:46,2346,8.226451290828697
13:46:47,2346,8.226451290828697
13:46:48,2345,8.226177226027398
13:46:49,2345,8.22365568392526
13:46:50,2345,8.22365568392526
13:46:51,2345,8.22365568392526
13:46:52,2345,8.22365568392526
13:46:53,2344,8.22629138127854
13:46:54,2344,8.22629138127854
13:46:55,2344,8.22629138127854
13:46:56,2344,8.22629138127854
13:46:57,2344,8.22629138127854
13:46:58,2344,8.22629138127854
13:46:59,2343,8.22813481862325
13:47:00,2343,8.22813481862325
13:47:01,2343,8.22813481862325
13:47:02,2342,8.230647235319331
13:47:03,2342,8.230647235319331
13:47:04,2343,8.230647235319331
13:47:05,2343,8.230603201829616
13:47:06,2343,8.230603201829616
13:47:07,2342,8.233025883025883
13:47:08,2341,8.232911301859799
13:47:09,2340,8.235344210676972
13:47:10,2340,8.235344210676972
13:47:11,2340,8.235344210676972
13:47:12,2340,8.235344210676972
13:47:13,2340,8.235344210676972
13:47:14,2340,8.235344210676972
13:47:15,2340,8.235344210676972
13:47:16,2340,8.235344210676972
13:47:17,2340,8.235344210676972
13:47:18,2340,8.235344210676972
13:47:19,2340,8.235344210676972
13:47:20,2340,8.235344210676972
13:47:21,2340,8.235344210676972
13:47:22,2340,8.235344210676972
13:47:23,2339,8.234994272623139
13:47:24,2339,8.232467439530557
13:47:25,2339,8.232467439530557
13:47:26,2339,8.232467439530557
13:47:27,2339,8.232467439530557
13:47:28,2339,8.232467439530557
13:47:29,2339,8.232467439530557
13:47:30,2338,8.232030355097367
13:47:31,2338,8.232030355097367
13:47:32,2338,8.232030355097367
13:47:33,2338,8.232030355097367
13:47:34,2338,8.232030355097367
13:47:35,2337,8.23421429594614
13:47:36,2336,8.235240143369175
13:47:37,2336,8.235240143369175
13:47:38,2336,8.235240143369175
13:47:39,2336,8.235240143369175
13:47:40,2336,8.235240143369175
13:47:41,2336,8.235240143369175
13:47:42,2335,8.232007168458782
13:47:43,2335,8.232007168458782
13:47:44,2335,8.232007168458782
13:47:45,2335,8.232007168458782
13:47:46,2335,8.232007168458782
13:47:47,2335,8.232007168458782
13:47:48,2335,8.232007168458782
13:47:49,2334,8.234423407917383
13:47:50,2334,8.234423407917383
13:47:51,2333,8.233605969292581
13:47:52,2332,8.235816824576514
13:47:53,2332,8.235816824576514
13:47:54,2331,8.236334913112165
13:47:55,2331,8.236334913112165
13:47:56,2331,8.236334913112165
13:47:57,2330,8.236221264367817
13:47:58,2329,8.238536725600115
13:47:59,2330,8.238536725600115
13:48:00,2330,8.238536725600115
13:48:01,2330,8.238536725600115
13:48:02,2330,8.238536725600115
13:48:03,2329,8.240638481449526
13:48:04,2328,8.240044597899582
13:48:05,2328,8.240044597899582
13:48:06,2327,8.242141623488774
13:48:07,2327,8.242141623488774
13:48:08,2327,8.242141623488774
13:48:09,2327,8.239598618903754
13:48:10,2327,8.239598618903754
13:48:11,2327,8.239598618903754
13:48:12,2327,8.239598618903754
13:48:13,2327,8.239598618903754
13:48:14,2327,8.239598618903754
13:48:15,2327,8.239598618903754
13:48:16,2326,8.239068796776051
13:48:17,2326,8.239068796776051
13:48:18,2326,8.239068796776051
13:48:19,2326,8.239068796776051
13:48:20,2326,8.239068796776051
13:48:21,2327,8.239068796776051
13:48:22,2327,8.239068796776051
13:48:23,2326,8.238732901367891
13:48:24,2325,8.2408743877845
13:48:25,2325,8.2408743877845
13:48:26,2325,8.2408743877845
13:48:27,2325,8.2408743877845
13:48:28,2325,8.2408743877845
13:48:29,2325,8.2408743877845
13:48:30,2325,8.2408743877845
13:48:31,2325,8.2408743877845
13:48:32,2324,8.24131719267906
13:48:33,2324,8.24131719267906
13:48:34,2324,8.24131719267906
13:48:35,2324,8.238771247479113
13:48:36,2324,8.236105111591073
13:48:37,2324,8.233664363845712
13:48:38,2323,8.232059035277178
13:48:39,2322,8.233959953903774
13:48:40,2322,8.233959953903774
13:48:41,2321,8.23586972186194
13:48:42,2321,8.23586972186194
13:48:43,2320,8.238019031141869
13:48:44,2319,8.238352805423338
13:48:45,2319,8.238352805423338
13:48:46,2319,8.238352805423338
13:48:47,2319,8.238352805423338
13:48:48,2319,8.238352805423338
13:48:49,2318,8.240440115440116
13:48:50,2318,8.237775854608394
13:48:51,2317,8.236695526695526
13:48:52,2317,8.236695526695526
13:48:53,2317,8.236695526695526
13:48:54,2317,8.236695526695526
13:48:55,2318,8.234141064474253
13:48:56,2317,8.236024531024531
13:48:57,2316,8.23439439872961
13:48:58,2316,8.23439439872961
13:48:59,2316,8.236525129982669
13:49:00,2316,8.236525129982669
13:49:01,2316,8.236525129982669
13:49:02,2315,8.236808264701633
13:49:03,2315,8.236808264701633
13:49:04,2316,8.236808264701633
13:49:05,2315,8.23696877710321
13:49:06,2315,8.23696877710321
13:49:07,2314,8.237310195227765
13:49:08,2315,8.237310195227765
13:49:09,2315,8.237310195227765
13:49:10,2315,8.234641514888697
13:49:11,2314,8.234671005061461
13:49:12,2315,8.234671005061461
13:49:13,2316,8.234671005061461
13:49:14,2315,8.23654513888889
13:49:15,2315,8.23654513888889
13:49:16,2316,8.23654513888889
13:49:17,2316,8.23654513888889
13:49:18,2316,8.23654513888889
13:49:19,2317,8.23654513888889
13:49:20,2317,8.233984092552422
13:49:21,2317,8.233984092552422
13:49:22,2318,8.233984092552422
13:49:23,2318,8.233984092552422
13:49:24,2317,8.231503976861895
13:49:25,2317,8.231503976861895
13:49:26,2317,8.231503976861895
13:49:27,2317,8.231503976861895
13:49:28,2316,8.23062906724512
13:49:29,2317,8.23062906724512
13:49:30,2316,8.232486979166667
13:49:31,2316,8.232486979166667
13:49:32,2316,8.232486979166667
13:49:33,2315,8.23419452887538
13:49:34,2315,8.23419452887538
13:49:35,2315,8.23419452887538
13:49:36,2314,8.234375905010136
13:49:37,2314,8.234375905010136
13:49:38,2314,8.234375905010136
13:49:39,2314,8.234375905010136
13:49:40,2313,8.233101550050701
13:49:41,2314,8.233101550050701
13:49:42,2314,8.233101550050701
13:49:43,2314,8.233101550050701
13:49:44,2314,8.233101550050701
13:49:45,2314,8.233101550050701
13:49:46,2313,8.233137681159421
13:49:47,2313,8.233137681159421
13:49:48,2313,8.233137681159421
13:49:49,2312,8.231491953023054
13:49:50,2312,8.231491953023054
13:49:51,2312,8.231491953023054
13:49:52,2313,8.231491953023054
13:49:53,2313,8.231491953023054
13:49:54,2312,8.233181026979983
13:49:55,2312,8.233275286605718
13:49:56,2312,8.233275286605718
13:49:57,2312,8.233275286605718
13:49:58,2312,8.233275286605718
13:49:59,2312,8.233275286605718
13:50:00,2312,8.233275286605718
13:50:01,2313,8.233275286605718
13:50:02,2313,8.233275286605718
13:50:03,2312,8.234988385598141
13:50:04,2313,8.234988385598141
13:50:05,2312,8.236521423384168
13:50:06,2312,8.236521423384168
13:50:07,2312,8.236521423384168
13:50:08,2311,8.238179308340598
13:50:09,2311,8.238179308340598
13:50:10,2310,8.239860444832098
13:50:11,2310,8.239860444832098
13:50:12,2309,8.240306864456079
13:50:13,2310,8.240306864456079
13:50:14,2309,8.24198312236287
13:50:15,2309,8.24198312236287
13:50:16,2309,8.24198312236287
13:50:17,2309,8.24198312236287
13:50:18,2309,8.24198312236287
13:50:19,2310,8.24198312236287
13:50:20,2310,8.24198312236287
13:50:21,2310,8.239412449098314
13:50:22,2310,8.239412449098314
13:50:23,2310,8.239412449098314
13:50:24,2310,8.241037392696057
13:50:25,2310,8.241037392696057
13:50:26,2311,8.241037392696057
13:50:27,2311,8.238350785340314
13:50:28,2311,8.238350785340314
13:50:29,2310,8.238723992434164
13:50:30,2310,8.238723992434164
13:50:31,2310,8.238723992434164
13:50:32,2309,8.23910480349345
13:50:33,2309,8.23910480349345
13:50:34,2309,8.23910480349345
13:50:35,2308,8.237214212902286
13:50:36,2308,8.237214212902286
13:50:37,2307,8.238796620046621
13:50:38,2307,8.238796620046621
13:50:39,2305,8.238808690580344
13:50:40,2305,8.238808690580344
13:50:41,2303,8.24063047285464
13:50:42,2304,8.24063047285464
13:50:43,2303,8.242137538326762
13:50:44,2303,8.242137538326762
13:50:45,2303,8.242137538326762
13:50:46,2303,8.242137538326762
13:50:47,2303,8.242137538326762
13:50:48,2303,8.242137538326762
13:50:49,2304,8.242137538326762
13:50:50,2305,8.242137538326762
13:50:51,2304,8.241893076248905
13:50:52,2305,8.241893076248905
13:50:53,2305,8.241893076248905
13:50:54,2306,8.241893076248905
13:50:55,2306,8.241893076248905
13:50:56,2307,8.241893076248905
13:50:57,2306,8.243328949291246
13:50:58,2307,8.243328949291246
13:50:59,2307,8.243328949291246
13:51:00,2307,8.243328949291246
13:51:01,2307,8.243328949291246
13:51:02,2307,8.243328949291246
13:51:03,2307,8.243328949291246
13:51:04,2307,8.243328949291246
13:51:05,2308,8.243328949291246
13:51:06,2308,8.242028350138828
13:51:07,2308,8.242028350138828
13:51:08,2308,8.242028350138828
13:51:09,2308,8.242028350138828
13:51:10,2308,8.242028350138828
13:51:11,2308,8.243391812865497
13:51:12,2308,8.243391812865497
13:51:13,2307,8.244763785285944
13:51:14,2306,8.243934738074334
13:51:15,2306,8.243934738074334
13:51:16,2305,8.245220319133363
13:51:17,2305,8.24263242610477
13:51:18,2304,8.243983311374615
13:51:19,2303,8.242028985507247
13:51:20,2303,8.242028985507247
13:51:21,2303,8.242028985507247
13:51:22,2302,8.242472173403632
13:51:23,2302,8.242472173403632
13:51:24,2302,8.242472173403632
13:51:25,2302,8.23987703118138
13:51:26,2301,8.23784417106034
13:51:27,2301,8.23784417106034
13:51:28,2301,8.23784417106034
13:51:29,2301,8.23784417106034
13:51:30,2300,8.239091575091575
13:51:31,2300,8.239091575091575
13:51:32,2300,8.236277094317517
13:51:33,2299,8.235575091575091
13:51:34,2299,8.232989162272993
13:51:35,2300,8.232989162272993
13:51:36,2300,8.232989162272993
13:51:37,2300,8.232989162272993
13:51:38,2300,8.232989162272993
13:51:39,2299,8.233985347985348
13:51:40,2299,8.233985347985348
13:51:41,2298,8.231326007326007
13:51:42,2298,8.231326007326007
13:51:43,2298,8.228734622144112
13:51:44,2298,8.228734622144112
13:51:45,2297,8.229091575091575
13:51:46,2296,8.230306361770742
13:51:47,2296,8.230306361770742
13:51:48,2296,8.230306361770742
13:51:49,2296,8.230306361770742
13:51:50,2296,8.230306361770742
13:51:51,2295,8.23145622525297
13:51:52,2295,8.23145622525297
13:51:53,2295,8.23145622525297
13:51:54,2295,8.23145622525297
13:51:55,2295,8.23145622525297
13:51:56,2294,8.23268045774648
13:51:57,2294,8.23268045774648
13:51:58,2293,8.233788345809481
13:51:59,2293,8.231088615023474
13:52:00,2293,8.231088615023474
13:52:01,2292,8.232195802142963
13:52:02,2292,8.232195802142963
13:52:03,2291,8.23323054331865
13:52:04,2292,8.23323054331865
13:52:05,2292,8.23323054331865
13:52:06,2291,8.23438372263846
13:52:07,2291,8.23438372263846
13:52:08,2291,8.23168135095448
13:52:09,2291,8.23168135095448
13:52:10,2291,8.23168135095448
13:52:11,2291,8.23168135095448
13:52:12,2291,8.23168135095448
13:52:13,2291,8.23168135095448
13:52:14,2291,8.23168135095448
13:52:15,2291,8.23168135095448
13:52:16,2290,8.233362714852358
13:52:17,2290,8.231116005873714
13:52:18,2290,8.231116005873714
13:52:19,2288,8.232480893592005
13:52:20,2288,8.232480893592005
13:52:21,2287,8.231002793706809
13:52:22,2286,8.231913798175935
13:52:23,2286,8.231913798175935
13:52:24,2285,8.229942630185349
13:52:25,2284,8.230963944076526
13:52:26,2283,8.227682119205298
13:52:27,2283,8.227682119205298
13:52:28,2283,8.227682119205298
13:52:29,2283,8.227682119205298
13:52:30,2283,8.225183877611062
13:52:31,2283,8.225183877611062
13:52:32,2283,8.225183877611062
13:52:33,2283,8.225183877611062
13:52:34,2283,8.225183877611062
13:52:35,2282,8.226063281824871
13:52:36,2282,8.226063281824871
13:52:37,2282,8.226063281824871
13:52:38,2282,8.226063281824871
13:52:39,2283,8.223234774933804
13:52:40,2282,8.224827078734362
13:52:41,2282,8.222234480729627
13:52:42,2282,8.222234480729627
13:52:43,2282,8.219769151595353
13:52:44,2282,8.217166372721929
13:52:45,2282,8.217166372721929
13:52:46,2282,8.217166372721929
13:52:47,2283,8.217166372721929
13:52:48,2282,8.212780960775671
13:52:49,2282,8.212780960775671
13:52:50,2281,8.213440623162846
13:52:51,2281,8.213440623162846
13:52:52,2281,8.213440623162846
13:52:53,2280,8.214269960299955
13:52:54,2279,8.214467490438365
13:52:55,2279,8.214467490438365
13:52:56,2278,8.21532008830022
13:52:57,2278,8.21532008830022
13:52:58,2278,8.21532008830022
13:52:59,2278,8.21532008830022
13:53:00,2278,8.21532008830022
13:53:01,2278,8.21532008830022
13:53:02,2278,8.21532008830022
13:53:03,2278,8.21532008830022
13:53:04,2277,8.21686542991755
13:53:05,2277,8.21686542991755
13:53:06,2276,8.21520842539402
13:53:07,2276,8.21520842539402
13:53:08,2276,8.21520842539402
13:53:09,2275,8.215878278809313
13:53:10,2274,8.216607695709863
13:53:11,2274,8.216607695709863
13:53:12,2274,8.216607695709863
13:53:13,2274,8.216607695709863
13:53:14,2273,8.212201591511937
13:53:15,2272,8.211595164381542
13:53:16,2272,8.211595164381542
13:53:17,2272,8.208885941644562
13:53:18,2272,8.208885941644562
13:53:19,2272,8.208885941644562
13:53:20,2272,8.206296950950067
13:53:21,2272,8.206296950950067
13:53:22,2272,8.203960541813899
13:53:23,2272,8.203960541813899
13:53:24,2272,8.203960541813899
13:53:25,2272,8.203960541813899
13:53:26,2272,8.201479028697571
13:53:27,2272,8.201479028697571
13:53:28,2271,8.19961736571008
13:53:29,2272,8.19961736571008
13:53:30,2271,8.200868669022379
13:53:31,2271,8.19830757910228
13:53:32,2271,8.19830757910228
13:53:33,2271,8.19830757910228
13:53:34,2272,8.19830757910228
13:53:35,2272,8.19830757910228
13:53:36,2272,8.19830757910228
13:53:37,2270,8.200081013404036
13:53:38,2271,8.200081013404036
13:53:39,2270,8.201105216622459
13:53:40,2270,8.201105216622459
13:53:41,2270,8.201105216622459
13:53:42,2269,8.201754385964913
13:53:43,2269,8.201754385964913
13:53:44,2268,8.202367256637167
13:53:45,2268,8.202367256637167
13:53:46,2268,8.202367256637167
13:53:47,2268,8.202367256637167
13:53:48,2268,8.2
13:53:49,2268,8.2
13:53:50,2267,8.199653392330383
13:53:51,2268,8.199653392330383
13:53:52,2268,8.199653392330383
13:53:53,2267,8.200154935812305
13:53:54,2267,8.200154935812305
13:53:55,2266,8.198309713610865
13:53:56,2266,8.198309713610865
13:53:57,2265,8.199416629744498
13:53:58,2265,8.199416629744498
13:53:59,2265,8.199416629744498
13:54:00,2264,8.199955673758865
13:54:01,2264,8.199955673758865
13:54:02,2263,8.20109386548411
13:54:03,2263,8.201574977817213
13:54:04,2263,8.201574977817213
13:54:05,2263,8.201574977817213
13:54:06,2262,8.201945554076046
13:54:07,2262,8.201945554076046
13:54:08,2261,8.202360864416814
13:54:09,2261,8.202360864416814
13:54:10,2261,8.202360864416814
13:54:11,2261,8.202360864416814
13:54:12,2261,8.202360864416814
13:54:13,2261,8.202360864416814
13:54:14,2261,8.202360864416814
13:54:15,2261,8.202360864416814
13:54:16,2261,8.202360864416814
13:54:17,2261,8.202360864416814
13:54:18,2261,8.202360864416814
13:54:19,2261,8.202360864416814
13:54:20,2261,8.202360864416814
13:54:21,2261,8.202360864416814
13:54:22,2261,8.202360864416814
13:54:23,2261,8.202360864416814
13:54:24,2261,8.202360864416814
13:54:25,2261,8.202360864416814
13:54:26,2261,8.202360864416814
13:54:27,2261,8.202360864416814
13:54:28,2260,8.202539612024285
13:54:29,2261,8.202539612024285
13:54:30,2261,8.200407045589106
13:54:31,2260,8.201710350955132
13:54:32,2260,8.201710350955132
13:54:33,2260,8.201710350955132
13:54:34,2260,8.201710350955132
13:54:35,2260,8.201710350955132
13:54:36,2260,8.202674074074075
13:54:37,2260,8.202674074074075
13:54:38,2259,8.203646064917741
13:54:39,2259,8.203646064917741
13:54:40,2259,8.203646064917741
13:54:41,2259,8.201155555555555
13:54:42,2259,8.201155555555555
13:54:43,2259,8.201155555555555
13:54:44,2258,8.201311694086261
13:54:45,2257,8.199540536534757
13:54:46,2257,8.199540536534757
13:54:47,2256,8.19796856465006
13:54:48,2256,8.19796856465006
13:54:49,2256,8.19796856465006
13:54:50,2256,8.19796856465006
13:54:51,2256,8.19796856465006
13:54:52,2255,8.198501705978341
13:54:53,2256,8.195781435349941
13:54:54,2256,8.195781435349941
13:54:55,2254,8.195391807658059
13:54:56,2254,8.195391807658059
13:54:57,2254,8.195391807658059
13:54:58,2254,8.195391807658059
13:54:59,2254,8.195391807658059
13:55:00,2254,8.195391807658059
13:55:01,2254,8.195391807658059
13:55:02,2254,8.195391807658059
13:55:03,2254,8.195391807658059
13:55:04,2253,8.195463994060876
13:55:05,2253,8.195463994060876
13:55:06,2253,8.195463994060876
13:55:07,2253,8.195463994060876
13:55:08,2252,8.196680035650624
13:55:09,2250,8.198171275646745
13:55:10,2250,8.198171275646745
13:55:11,2250,8.198171275646745
13:55:12,2250,8.198171275646745
13:55:13,2250,8.198171275646745
13:55:14,2250,8.198171275646745
13:55:15,2250,8.198171275646745
13:55:16,2250,8.198171275646745
13:55:17,2250,8.198171275646745
13:55:18,2250,8.198171275646745
13:55:19,2249,8.199040606871932
13:55:20,2249,8.199040606871932
13:55:21,2249,8.199040606871932
13:55:22,2249,8.199040606871932
13:55:23,2249,8.199040606871932
13:55:24,2249,8.199040606871932
13:55:25,2249,8.199040606871932
13:55:26,2247,8.199977668602054
13:55:27,2247,8.199977668602054
13:55:28,2247,8.199977668602054
13:55:29,2246,8.200752159666369
13:55:30,2246,8.200752159666369
13:55:31,2246,8.200752159666369
13:55:32,2246,8.200752159666369
13:55:33,2245,8.200663090448518
13:55:34,2245,8.197922252010724
13:55:35,2246,8.197922252010724
13:55:36,2246,8.197922252010724
13:55:37,2246,8.197922252010724
13:55:38,2246,8.197922252010724
13:55:39,2245,8.198174638652958
13:55:40,2245,8.19544235924933
13:55:41,2245,8.19544235924933
13:55:42,2244,8.193111408996128
13:55:43,2244,8.194099240053642
13:55:44,2244,8.194099240053642
13:55:45,2243,8.194290399522957
13:55:46,2242,8.194526472781506
13:55:47,2241,8.194374813488512
13:55:48,2241,8.194374813488512
13:55:49,2241,8.192521271831616
13:55:50,2241,8.192521271831616
13:55:51,2241,8.192521271831616
13:55:52,2241,8.192521271831616
13:55:53,2241,8.192521271831616
13:55:54,2242,8.192521271831616
13:55:55,2242,8.192521271831616
13:55:56,2242,8.192521271831616
13:55:57,2242,8.192521271831616
13:55:58,2242,8.192521271831616
13:55:59,2243,8.192521271831616
13:56:00,2243,8.192521271831616
13:56:01,2242,8.193077956989248
13:56:02,2243,8.193077956989248
13:56:03,2243,8.193077956989248
13:56:04,2243,8.193077956989248
13:56:05,2243,8.193077956989248
13:56:06,2243,8.193077956989248
13:56:07,2243,8.193077956989248
13:56:08,2243,8.19174510682803
13:56:09,2242,8.192443946188341
13:56:10,2242,8.192443946188341
13:56:11,2242,8.192443946188341
13:56:12,2242,8.192443946188341
13:56:13,2241,8.192949005533125
13:56:14,2241,8.190433482810166
13:56:15,2241,8.190433482810166
13:56:16,2240,8.190548826080455
13:56:17,2239,8.191494614003592
13:56:18,2240,8.191494614003592
13:56:19,2239,8.192022152372399
13:56:20,2239,8.192022152372399
13:56:21,2239,8.192022152372399
13:56:22,2238,8.191647940074906
13:56:23,2238,8.191647940074906
13:56:24,2238,8.189016172506738
13:56:25,2238,8.189016172506738
13:56:26,2238,8.189016172506738
13:56:27,2238,8.189016172506738
13:56:28,2237,8.189857677902621
13:56:29,2237,8.189857677902621
13:56:30,2237,8.189857677902621
13:56:31,2237,8.190302757793765
13:56:32,2237,8.190302757793765
13:56:33,2236,8.19065077222972
13:56:34,2236,8.19065077222972
13:56:35,2236,8.19065077222972
13:56:36,2235,8.191014101410142
13:56:37,2236,8.191014101410142
13:56:38,2236,8.191014101410142
13:56:39,2236,8.191014101410142
13:56:40,2236,8.191014101410142
13:56:41,2236,8.191014101410142
13:56:42,2236,8.191014101410142
13:56:43,2235,8.191640402221221
13:56:44,2235,8.191640402221221
13:56:45,2236,8.191640402221221
13:56:46,2236,8.191640402221221
13:56:47,2236,8.191640402221221
13:56:48,2236,8.191640402221221
13:56:49,2236,8.191640402221221
13:56:50,2236,8.191640402221221
13:56:51,2236,8.192387387387388
13:56:52,2236,8.192387387387388
13:56:53,2236,8.192387387387388
13:56:54,2235,8.192398978518852
13:56:55,2235,8.192398978518852
13:56:56,2235,8.189752252252253
13:56:57,2235,8.190070602373442
13:56:58,2235,8.190070602373442
13:56:59,2235,8.18731981981982
13:57:00,2234,8.186653147063241
13:57:01,2234,8.186653147063241
13:57:02,2234,8.186653147063241
13:57:03,2234,8.186842500751428
13:57:04,2234,8.186842500751428
13:57:05,2233,8.187084648924973
13:57:06,2233,8.187084648924973
13:57:07,2233,8.187084648924973
13:57:08,2232,8.184408359645166
13:57:09,2232,8.184408359645166
13:57:10,2231,8.18447653429603
13:57:11,2231,8.18447653429603
13:57:12,2230,8.184635063957863
13:57:13,2230,8.184635063957863
13:57:14,2230,8.184635063957863
13:57:15,2230,8.184635063957863
13:57:16,2230,8.184635063957863
13:57:17,2230,8.184635063957863
13:57:18,2229,8.185207768744354
13:57:19,2229,8.185207768744354
13:57:20,2229,8.185231209519506
13:57:21,2229,8.185231209519506
13:57:22,2229,8.185231209519506
13:57:23,2228,8.185337552742617
13:57:24,2228,8.185337552742617
13:57:25,2228,8.185337552742617
13:57:26,2228,8.185337552742617
13:57:27,2229,8.185337552742617
13:57:28,2229,8.185337552742617
13:57:29,2229,8.185337552742617
13:57:30,2229,8.185337552742617
13:57:31,2228,8.184690185436454
13:57:32,2228,8.184690185436454
13:57:33,2227,8.185211161387633
13:57:34,2227,8.185211161387633
13:57:35,2227,8.185211161387633
13:57:36,2227,8.185211161387633
13:57:37,2227,8.185211161387633
13:57:38,2226,8.185279915497208
13:57:39,2226,8.185279915497208
13:57:40,2225,8.185778985507246
13:57:41,2225,8.185778985507246
13:57:42,2224,8.183182367149758
13:57:43,2224,8.183182367149758
13:57:44,2224,8.183182367149758
13:57:45,2224,8.183182367149758
13:57:46,2224,8.183182367149758
13:57:47,2224,8.183182367149758
13:57:48,2224,8.183182367149758
13:57:49,2224,8.180421004979628
13:57:50,2224,8.180421004979628
13:57:51,2224,8.180421004979628
13:57:52,2225,8.180421004979628
13:57:53,2224,8.180812198067633
13:57:54,2225,8.180812198067633
13:57:55,2224,8.180803504002416
13:57:56,2224,8.180803504002416
13:57:57,2224,8.180803504002416
13:57:58,2224,8.18056814747658
13:57:59,2223,8.18037037037037
13:58:00,2223,8.18037037037037
13:58:01,2223,8.180149727767695
13:58:02,2223,8.180149727767695
13:58:03,2223,8.180149727767695
13:58:04,2224,8.180149727767695
13:58:05,2224,8.180149727767695
13:58:06,2224,8.180149727767695
13:58:07,2225,8.180149727767695
13:58:08,2225,8.177384731670447
13:58:09,2225,8.17720054446461
13:58:10,2226,8.17720054446461
13:58:11,2226,8.174338624338624
13:58:12,2225,8.174221113127647
13:58:13,2225,8.174221113127647
13:58:14,2223,8.174258250075688
13:58:15,2224,8.174258250075688
13:58:16,2225,8.174258250075688
13:58:17,2224,8.17442071785552
13:58:18,2224,8.17442071785552
13:58:19,2223,8.174098484848484
13:58:20,2223,8.174098484848484
13:58:21,2222,8.171659090909092
13:58:22,2221,8.170751856904653
13:58:23,2221,8.170751856904653
13:58:24,2221,8.170751856904653
13:58:25,2221,8.170751856904653
13:58:26,2221,8.168219696969697
13:58:27,2221,8.168219696969697
13:58:28,2221,8.165455096168408
13:58:29,2221,8.165455096168408
13:58:30,2221,8.165455096168408
13:58:31,2220,8.16249432076329
13:58:32,2221,8.16249432076329
13:58:33,2220,8.162734848484849
13:58:34,2220,8.162734848484849
13:58:35,2221,8.162734848484849
13:58:36,2221,8.162734848484849
13:58:37,2221,8.162734848484849
13:58:38,2221,8.159980311979403
13:58:39,2221,8.159980311979403
13:58:40,2221,8.159980311979403
13:58:41,2220,8.160409090909091
13:58:42,2220,8.160409090909091
13:58:43,2220,8.160409090909091
13:58:44,2221,8.160409090909091
13:58:45,2220,8.16008033954828
13:58:46,2220,8.16008033954828
13:58:47,2219,8.159675462541705
13:58:48,2219,8.159675462541705
13:58:49,2219,8.159675462541705
13:58:50,2219,8.159675462541705
13:58:51,2218,8.159224700348961
13:58:52,2218,8.159224700348961
13:58:53,2218,8.159224700348961
13:58:54,2218,8.156346678798908
13:58:55,2218,8.156346678798908
13:58:56,2217,8.15368516833485
13:58:57,2217,8.15368516833485
13:58:58,2217,8.15368516833485
13:58:59,2217,8.151045929968168
13:59:00,2217,8.151045929968168
13:59:01,2217,8.151045929968168
13:59:02,2216,8.147794452023648
13:59:03,2216,8.147794452023648
13:59:04,2216,8.147794452023648
13:59:05,2215,8.144884038199182
13:59:06,2215,8.144884038199182
13:59:07,2214,8.144404003639673
13:59:08,2213,8.143961462600517
13:59:09,2213,8.143961462600517
13:59:10,2212,8.143260473588343
13:59:11,2212,8.143260473588343
13:59:12,2213,8.143260473588343
13:59:13,2212,8.143545937737281
13:59:14,2212,8.143545937737281
13:59:15,2212,8.143545937737281
13:59:16,2211,8.142357945913096
13:59:17,2211,8.142357945913096
13:59:18,2211,8.140083523158694
13:59:19,2210,8.140139775144332
13:59:20,2210,8.140139775144332
13:59:21,2210,8.140139775144332
13:59:22,2209,8.139922480620156
13:59:23,2208,8.13918795620438
13:59:24,2208,8.13918795620438
13:59:25,2209,8.13918795620438
13:59:26,2208,8.135948905109489
13:59:27,2208,8.135948905109489
13:59:28,2208,8.135948905109489
13:59:29,2208,8.135948905109489
13:59:30,2208,8.135948905109489
13:59:31,2208,8.135948905109489
13:59:32,2207,8.135158983721285
13:59:33,2208,8.135158983721285
13:59:34,2208,8.135158983721285
13:59:35,2208,8.135158983721285
13:59:36,2208,8.135158983721285
13:59:37,2208,8.135158983721285
13:59:38,2207,8.135281582952816
13:59:39,2208,8.135281582952816
13:59:40,2208,8.135281582952816
13:59:41,2208,8.135281582952816
13:59:42,2208,8.135281582952816
13:59:43,2207,8.134551545606822
13:59:44,2207,8.134551545606822
13:59:45,2207,8.134551545606822
13:59:46,2207,8.134551545606822
13:59:47,2207,8.134551545606822
13:59:48,2207,8.131666666666666
13:59:49,2207,8.129027841168416
13:59:50,2206,8.129079147640791
13:59:51,2206,8.129079147640791
13:59:52,2205,8.128308207705192
13:59:53,2205,8.128308207705192
13:59:54,2205,8.128308207705192
13:59:55,2204,8.127498476538696
13:59:56,2204,8.127498476538696
13:59:57,2203,8.123979280926266
13:59:58,2203,8.123979280926266
13:59:59,2203,8.123979280926266
14:00:00,2203,8.123979280926266
14:00:01,2203,8.12122734886554
14:00:02,2202,8.120071602681291
14:00:03,2202,8.120071602681291
14:00:04,2201,8.119966468526139
14:00:05,2201,8.119966468526139
14:00:06,2200,8.119091186337299
14:00:07,2200,8.119091186337299
14:00:08,2200,8.119091186337299
14:00:09,2200,8.119091186337299
14:00:10,2200,8.119091186337299
14:00:11,2200,8.119091186337299
14:00:12,2200,8.116438042981253
14:00:13,2199,8.11639219274169
14:00:14,2200,8.11639219274169
14:00:15,2200,8.11639219274169
14:00:16,2200,8.11639219274169
14:00:17,2201,8.11639219274169
14:00:18,2201,8.11639219274169
14:00:19,2200,8.115293668954996
14:00:20,2200,8.115293668954996
14:00:21,2200,8.115293668954996
14:00:22,2201,8.112412320829522
14:00:23,2201,8.112412320829522
14:00:24,2200,8.10866880146386
14:00:25,2200,8.10866880146386
14:00:26,2201,8.10866880146386
14:00:27,2201,8.10866880146386
14:00:28,2199,8.107066544566544
14:00:29,2199,8.107066544566544
14:00:30,2200,8.107066544566544
14:00:31,2199,8.106344480073293
14:00:32,2199,8.106344480073293
14:00:33,2199,8.106344480073293
14:00:34,2199,8.106344480073293
14:00:35,2199,8.10369352869353
14:00:36,2199,8.10369352869353
14:00:37,2199,8.10369352869353
14:00:38,2199,8.10369352869353
14:00:39,2197,8.102574091047968
14:00:40,2197,8.102574091047968
14:00:41,2197,8.102574091047968
14:00:42,2197,8.102574091047968
14:00:43,2197,8.102574091047968
14:00:44,2196,8.101344948800245
14:00:45,2196,8.101344948800245
14:00:46,2196,8.101344948800245
14:00:47,2196,8.101344948800245
14:00:48,2196,8.101344948800245
14:00:49,2196,8.101344948800245
14:00:50,2196,8.101344948800245
14:00:51,2196,8.101344948800245
14:00:52,2196,8.101344948800245
14:00:53,2195,8.099892966360857
14:00:54,2195,8.099892966360857
14:00:55,2195,8.099892966360857
14:00:56,2194,8.099533425118556
14:00:57,2194,8.097133027522936
14:00:58,2194,8.097133027522936
14:00:59,2192,8.096059075604531
14:01:00,2192,8.096059075604531
14:01:01,2192,8.096059075604531
14:01:02,2191,8.096095544327055
14:01:03,2191,8.093702173247628
14:01:04,2191,8.093702173247628
14:01:05,2190,8.093048537743071
14:01:06,2190,8.093048537743071
14:01:07,2190,8.093048537743071
14:01:08,2190,8.093048537743071
14:01:09,2190,8.093048537743071
14:01:10,2190,8.093048537743071
14:01:11,2190,8.093048537743071
14:01:12,2190,8.093048537743071
14:01:13,2190,8.090534129170493
14:01:14,2188,8.088664215686274
14:01:15,2188,8.088664215686274
14:01:16,2187,8.087264367816092
14:01:17,2187,8.087264367816092
14:01:18,2187,8.087264367816092
14:01:19,2186,8.083333333333334
14:01:20,2186,8.083333333333334
14:01:21,2186,8.083333333333334
14:01:22,2185,8.08196872125115
14:01:23,2185,8.08196872125115
14:01:24,2185,8.08196872125115
14:01:25,2185,8.08196872125115
14:01:26,2185,8.08196872125115
14:01:27,2185,8.08196872125115
14:01:28,2185,8.08196872125115
14:01:29,2185,8.08196872125115
14:01:30,2185,8.08196872125115
14:01:31,2185,8.079210727969349
14:01:32,2185,8.079210727969349
14:01:33,2185,8.079210727969349
14:01:34,2184,8.075724137931035
14:01:35,2183,8.075260656240417
14:01:36,2183,8.075260656240417
14:01:37,2182,8.07542567878509
14:01:38,2182,8.07542567878509
14:01:39,2182,8.07542567878509
14:01:40,2182,8.07542567878509
14:01:41,2182,8.07542567878509
14:01:42,2182,8.07542567878509
14:01:43,2181,8.073664825046041
14:01:44,2181,8.073664825046041
14:01:45,2181,8.073664825046041
14:01:46,2180,8.07329955473668
14:01:47,2180,8.071193984039288
14:01:48,2180,8.071193984039288
14:01:49,2179,8.070781513895287
14:01:50,2179,8.070781513895287
14:01:51,2178,8.069147465437789
14:01:52,2178,8.069147465437789
14:01:53,2176,8.066974169741696
14:01:54,2176,8.066974169741696
14:01:55,2176,8.066974169741696
14:01:56,2176,8.066974169741696
14:01:57,2176,8.066974169741696
14:01:58,2176,8.066974169741696
14:01:59,2176,8.066974169741696
14:02:00,2176,8.066974169741696
14:02:01,2176,8.066974169741696
14:02:02,2176,8.066974169741696
14:02:03,2176,8.066974169741696
14:02:04,2176,8.066974169741696
14:02:05,2176,8.064100199784848
14:02:06,2175,8.06219249692497
14:02:07,2175,8.06219249692497
14:02:08,2175,8.06219249692497
14:02:09,2174,8.06050607598831
14:02:10,2174,8.06050607598831
14:02:11,2174,8.06050607598831
14:02:12,2174,8.06050607598831
14:02:13,2173,8.06034164358264
14:02:14,2173,8.06034164358264
14:02:15,2173,8.06034164358264
14:02:16,2173,8.057821873557915
14:02:17,2173,8.057821873557915
14:02:18,2173,8.057821873557915
14:02:19,2173,8.057821873557915
14:02:20,2173,8.057821873557915
14:02:21,2173,8.057821873557915
14:02:22,2172,8.057540781779009
14:02:23,2172,8.055283802491925
14:02:24,2172,8.055283802491925
14:02:25,2171,8.053685749461373
14:02:26,2171,8.053685749461373
14:02:27,2171,8.053685749461373
14:02:28,2171,8.05093062605753
14:02:29,2170,8.049222837796245
14:02:30,2170,8.049222837796245
14:02:31,2170,8.049222837796245
14:02:32,2170,8.049222837796245
14:02:33,2169,8.047259430331023
14:02:34,2169,8.047259430331023
14:02:35,2168,8.045471349353049
14:02:36,2168,8.042717474980755
14:02:37,2168,8.042717474980755
14:02:38,2168,8.042717474980755
14:02:39,2168,8.040089258233303
14:02:40,2168,8.040089258233303
14:02:41,2167,8.038868360277137
14:02:42,2166,8.03867067159581
14:02:43,2166,8.03867067159581
14:02:44,2166,8.03867067159581
14:02:45,2165,8.037748497457235
14:02:46,2165,8.037748497457235
14:02:47,2164,8.037488436632747
14:02:48,2164,8.034858992140546
14:02:49,2164,8.034858992140546
14:02:50,2164,8.034858992140546
14:02:51,2164,8.034858992140546
14:02:52,2164,8.034858992140546
14:02:53,2164,8.034858992140546
14:02:54,2162,8.031729137744872
14:02:55,2162,8.031729137744872
14:02:56,2162,8.031729137744872
14:02:57,2161,8.030015432098766
14:02:58,2161,8.030015432098766
14:02:59,2160,8.027975914775359
14:03:00,2160,8.027975914775359
14:03:01,2160,8.027975914775359
14:03:02,2160,8.027975914775359
14:03:03,2160,8.027975914775359
14:03:04,2160,8.027975914775359
14:03:05,2159,8.027502316960149
14:03:06,2159,8.027502316960149
14:03:07,2159,8.027502316960149
14:03:08,2159,8.027502316960149
14:03:09,2159,8.027502316960149
14:03:10,2159,8.027502316960149
14:03:11,2159,8.027502316960149
14:03:12,2159,8.027502316960149
14:03:13,2158,8.026062432390667
14:03:14,2157,8.02341214649977
14:03:15,2157,8.02341214649977
14:03:16,2156,8.021266233766234
14:03:17,2156,8.021266233766234
14:03:18,2156,8.021266233766234
14:03:19,2156,8.021266233766234
14:03:20,2155,8.018855375096674
14:03:21,2156,8.018855375096674
14:03:22,2156,8.018855375096674
14:03:23,2156,8.018855375096674
14:03:24,2156,8.018855375096674
14:03:25,2156,8.018855375096674
14:03:26,2156,8.018855375096674
14:03:27,2156,8.018855375096674
14:03:28,2156,8.018855375096674
14:03:29,2156,8.018855375096674
14:03:30,2156,8.018855375096674
14:03:31,2154,8.016140269391547
14:03:32,2154,8.016140269391547
14:03:33,2154,8.016140269391547
14:03:34,2153,8.015907682775712
14:03:35,2153,8.015907682775712
14:03:36,2153,8.015907682775712
14:03:37,2152,8.013675809700915
14:03:38,2152,8.013675809700915
14:03:39,2152,8.013675809700915
14:03:40,2152,8.013675809700915
14:03:41,2152,8.013675809700915
14:03:42,2152,8.013675809700915
14:03:43,2152,8.013675809700915
14:03:44,2152,8.013675809700915
14:03:45,2152,8.013675809700915
14:03:46,2151,8.011906976744186
14:03:47,2150,8.011540251279666
14:03:48,2150,8.011540251279666
14:03:49,2149,8.009342023587834
14:03:50,2149,8.009342023587834
14:03:51,2148,8.007529886663562
14:03:52,2148,8.007529886663562
14:03:53,2148,8.007529886663562
14:03:54,2148,8.007529886663562
14:03:55,2147,8.006826654240447
14:03:56,2147,8.006826654240447
14:03:57,2147,8.006826654240447
14:03:58,2147,8.006826654240447
14:03:59,2147,8.006826654240447
14:04:00,2147,8.006826654240447
14:04:01,2147,8.006826654240447
14:04:02,2146,8.005011655011655
14:04:03,2145,8.004120024875622
14:04:04,2145,8.004120024875622
14:04:05,2144,8.003126458236117
14:04:06,2143,8.002373171490818
14:04:07,2142,8.001992838237584
14:04:08,2141,8.000070093457945
14:04:09,2141,8.000070093457945
14:04:10,2141,8.000070093457945
14:04:11,2141,8.000070093457945
14:04:12,2141,8.000070093457945
14:04:13,2141,8.000070093457945
14:04:14,2141,8.000070093457945
14:04:15,2141,8.000070093457945
14:04:16,2141,8.000070093457945
14:04:17,2141,8.000070093457945
14:04:18,2141,8.000070093457945
14:04:19,2141,8.000070093457945
14:04:20,2141,8.000070093457945
14:04:21,2140,7.999688327879071
14:04:22,2140,7.999688327879071
14:04:23,2140,7.999688327879071
14:04:24,2139,7.997100093545369
14:04:25,2138,7.994447044142879
14:04:26,2138,7.994447044142879
14:04:27,2137,7.993328651685393
14:04:28,2137,7.993328651685393
14:04:29,2137,7.993328651685393
14:04:30,2136,7.992771272443404
14:04:31,2136,7.992771272443404
14:04:32,2136,7.992771272443404
14:04:33,2135,7.991572945954389
14:04:34,2135,7.991572945954389
14:04:35,2135,7.991572945954389
14:04:36,2135,7.991572945954389
14:04:37,2135,7.991572945954389
14:04:38,2134,7.990193780278168
14:04:39,2134,7.990193780278168
14:04:40,2133,7.987593808630394
14:04:41,2133,7.987593808630394
14:04:42,2133,7.987593808630394
14:04:43,2133,7.987593808630394
14:04:44,2133,7.987593808630394
14:04:45,2131,7.985391236306729
14:04:46,2131,7.985391236306729
14:04:47,2131,7.985391236306729
14:04:48,2131,7.985391236306729
14:04:49,2131,7.985391236306729
14:04:50,2131,7.985391236306729
14:04:51,2130,7.983231564114607
14:04:52,2129,7.982135025062657
14:04:53,2129,7.982135025062657
14:04:54,2129,7.982135025062657
14:04:55,2128,7.981695658987619
14:04:56,2128,7.981695658987619
14:04:57,2128,7.981695658987619
14:04:58,2128,7.981695658987619
14:04:59,2128,7.981695658987619
14:05:00,2127,7.979405769833804
14:05:01,2127,7.979405769833804
14:05:02,2127,7.979405769833804
14:05:03,2127,7.979405769833804
14:05:04,2127,7.979405769833804
14:05:05,2127,7.979405769833804
14:05:06,2127,7.979405769833804
14:05:07,2127,7.979405769833804
14:05:08,2127,7.979405769833804
14:05:09,2127,7.979405769833804
14:05:10,2127,7.979405769833804
14:05:11,2127,7.979405769833804
14:05:12,2126,7.973541862652869
14:05:13,2125,7.972556862745098
14:05:14,2125,7.972556862745098
14:05:15,2125,7.972556862745098
14:05:16,2124,7.971884808537351
14:05:17,2124,7.971884808537351
14:05:18,2124,7.971884808537351
14:05:19,2124,7.971884808537351
14:05:20,2124,7.971884808537351
14:05:21,2124,7.971884808537351
14:05:22,2123,7.97034071282776
14:05:23,2123,7.97034071282776
14:05:24,2123,7.97034071282776
14:05:25,2122,7.969046497015395
14:05:26,2122,7.969046497015395
14:05:27,2122,7.969046497015395
14:05:28,2121,7.968222536539368
14:05:29,2120,7.9677594339622635
14:05:30,2120,7.9677594339622635
14:05:31,2120,7.9677594339622635
14:05:32,2120,7.9677594339622635
14:05:33,2120,7.9677594339622635
14:05:34,2119,7.966092496460594
14:05:35,2119,7.966092496460594
14:05:36,2119,7.966092496460594
14:05:37,2119,7.966092496460594
14:05:38,2119,7.966092496460594
14:05:39,2119,7.966092496460594
14:05:40,2117,7.963218390804598
14:05:41,2117,7.963218390804598
14:05:42,2117,7.963218390804598
14:05:43,2116,7.962539382482672
14:05:44,2115,7.9617888100866825
14:05:45,2115,7.9617888100866825
14:05:46,2115,7.9617888100866825
14:05:47,2114,7.960666982024597
14:05:48,2114,7.960666982024597
14:05:49,2114,7.960666982024597
14:05:50,2114,7.960666982024597
14:05:51,2113,7.958069096071935
14:05:52,2113,7.958069096071935
14:05:53,2113,7.958069096071935
14:05:54,2113,7.958069096071935
14:05:55,2113,7.958069096071935
14:05:56,2113,7.958069096071935
14:05:57,2113,7.958069096071935
14:05:58,2112,7.954655934343434
14:05:59,2112,7.954655934343434
14:06:00,2112,7.954655934343434
14:06:01,2111,7.953908100426338
14:06:02,2111,7.953908100426338
14:06:03,2111,7.953908100426338
14:06:04,2110,7.950916271721959
14:06:05,2110,7.950916271721959
14:06:06,2110,7.950916271721959
14:06:07,2109,7.950102734313261
14:06:08,2109,7.950102734313261
14:06:09,2109,7.950102734313261
14:06:10,2109,7.950102734313261
14:06:11,2109,7.950102734313261
14:06:12,2109,7.950102734313261
14:06:13,2109,7.950102734313261
14:06:14,2109,7.950102734313261
14:06:15,2109,7.950102734313261
14:06:16,2108,7.949786527514232
14:06:17,2108,7.949786527514232
14:06:18,2108,7.949786527514232
14:06:19,2108,7.949786527514232
14:06:20,2108,7.949786527514232
14:06:21,2107,7.948607815219111
14:06:22,2107,7.948607815219111
14:06:23,2107,7.948607815219111
14:06:24,2107,7.948607815219111
14:06:25,2107,7.948607815219111
14:06:26,2106,7.945560303893638
14:06:27,2106,7.945560303893638
14:06:28,2106,7.945560303893638
14:06:29,2105,7.943911322248614
14:06:30,2104,7.942854879594424
14:06:31,2104,7.942854879594424
14:06:32,2103,7.9406879061657945
14:06:33,2103,7.9406879061657945
14:06:34,2102,7.939779575007929
14:06:35,2101,7.938394415357766
14:06:36,2100,7.937452380952381
14:06:37,2099,7.937009687152612
14:06:38,2099,7.937009687152612
14:06:39,2099,7.937009687152612
14:06:40,2099,7.937009687152612
14:06:41,2099,7.937009687152612
14:06:42,2099,7.937009687152612
14:06:43,2099,7.937009687152612
14:06:44,2099,7.937009687152612
14:06:45,2099,7.937009687152612
14:06:46,2099,7.937009687152612
14:06:47,2099,7.937009687152612
