11:00:00,0,0.0
11:00:01,0,0.0
11:00:02,0,0.0
11:00:03,0,0.0
11:00:04,0,0.0
11:00:05,0,0.0
11:00:06,0,0.0
11:00:07,0,0.0
11:00:08,0,0.0
11:00:09,0,0.0
11:00:10,0,0.0
11:00:11,0,0.0
11:00:12,0,0.0
11:00:13,0,0.0
11:00:14,0,0.0
11:00:15,0,0.0
11:00:16,0,0.0
11:00:17,0,0.0
11:00:18,0,0.0
11:00:19,0,0.0
11:00:20,0,0.0
11:00:21,0,0.0
11:00:22,0,0.0
11:00:23,0,0.0
11:00:24,0,0.0
11:00:25,0,0.0
11:00:26,0,0.0
11:00:27,1,0.0
11:00:28,2,0.0
11:00:29,3,0.0
11:00:30,3,0.0
11:00:31,4,0.0
11:00:32,5,0.0
11:00:33,6,0.0
11:00:34,6,0.0
11:00:35,7,0.0
11:00:36,8,0.0
11:00:37,9,0.0
11:00:38,9,0.0
11:00:39,11,0.0
11:00:40,13,0.0
11:00:41,13,0.0
11:00:42,13,0.0
11:00:43,15,0.0
11:00:44,16,0.0
11:00:45,16,0.0
11:00:46,16,0.0
11:00:47,19,0.0
11:00:48,19,0.0
11:00:49,19,0.0
11:00:50,20,0.0
11:00:51,22,0.0
11:00:52,22,0.0
11:00:53,23,0.0
11:00:54,24,0.0
11:00:55,25,0.0
11:00:56,25,0.0
11:00:57,25,0.0
11:00:58,27,0.0
11:00:59,28,0.0
11:01:00,29,0.0
11:01:01,30,0.0
11:01:02,30,0.0
11:01:03,32,0.0
11:01:04,33,0.0
11:01:05,33,0.0
11:01:06,34,0.0
11:01:07,35,0.0
11:01:08,35,0.0
11:01:09,35,0.0
11:01:10,37,0.0
11:01:11,37,0.0
11:01:12,38,0.0
11:01:13,38,0.0
11:01:14,38,0.0
11:01:15,39,0.0
11:01:16,39,0.0
11:01:17,39,0.0
11:01:18,42,0.0
11:01:19,42,0.0
11:01:20,43,0.0
11:01:21,43,0.0
11:01:22,43,0.0
11:01:23,46,0.0
11:01:24,46,0.0
11:01:25,46,0.0
11:01:26,46,0.0
11:01:27,48,0.0
11:01:28,48,0.0
11:01:29,50,0.0
11:01:30,50,0.0
11:01:31,51,0.0
11:01:32,51,0.0
11:01:33,53,0.0
11:01:34,54,0.0
11:01:35,55,0.0
11:01:36,55,0.0
11:01:37,56,0.0
11:01:38,56,0.0
11:01:39,57,0.0
11:01:40,59,0.0
11:01:41,59,0.0
11:01:42,60,0.0
11:01:43,62,0.0
11:01:44,63,0.0
11:01:45,63,0.0
11:01:46,65,0.0
11:01:47,66,0.0
11:01:48,66,0.0
11:01:49,66,0.0
11:01:50,69,0.0
11:01:51,69,0.0
11:01:52,70,0.0
11:01:53,71,0.0
11:01:54,72,0.0
11:01:55,73,0.0
11:01:56,75,0.0
11:01:57,75,0.0
11:01:58,75,0.0
11:01:59,77,0.0
11:02:00,78,0.0
11:02:01,78,0.0
11:02:02,80,0.0
11:02:03,81,0.0
11:02:04,81,0.0
11:02:05,81,0.0
11:02:06,82,0.0
11:02:07,83,0.0
11:02:08,83,0.0
11:02:09,83,0.0
11:02:10,83,0.0
11:02:11,84,0.0
11:02:12,85,0.0
11:02:13,85,0.0
11:02:14,85,0.0
11:02:15,86,0.0
11:02:16,86,0.0
11:02:17,87,1.8
11:02:18,88,1.8
11:02:19,88,1.8
11:02:20,88,1.8166666666666667
11:02:21,88,1.8166666666666667
11:02:22,89,1.8166666666666667
11:02:23,89,1.8166666666666667
11:02:24,90,1.8166666666666667
11:02:25,91,1.8166666666666667
11:02:26,91,1.8166666666666667
11:02:27,91,1.8166666666666667
11:02:28,92,1.8166666666666667
11:02:29,92,1.8166666666666667
11:02:30,93,1.8166666666666667
11:02:31,94,1.8166666666666667
11:02:32,94,1.8166666666666667
11:02:33,94,1.8166666666666667
11:02:34,95,1.8166666666666667
11:02:35,95,1.8166666666666667
11:02:36,95,1.8166666666666667
11:02:37,96,1.9055555555555554
11:02:38,96,1.9055555555555554
11:02:39,96,1.9055555555555554
11:02:40,97,1.9055555555555554
11:02:41,97,1.9055555555555554
11:02:42,97,1.9055555555555554
11:02:43,97,1.9055555555555554
11:02:44,99,1.9055555555555554
11:02:45,99,1.9055555555555554
11:02:46,99,1.9055555555555554
11:02:47,100,1.9583333333333333
11:02:48,100,1.9583333333333333
11:02:49,100,2.0366666666666666
11:02:50,102,2.0366666666666666
11:02:51,102,2.0366666666666666
11:02:52,102,2.0366666666666666
11:02:53,102,2.0861111111111112
11:02:54,103,2.0880952380952382
11:02:55,103,2.0880952380952382
11:02:56,103,2.122916666666667
11:02:57,104,2.148148148148148
11:02:58,105,2.148148148148148
11:02:59,105,2.148148148148148
11:03:00,105,2.1483333333333334
11:03:01,106,2.1483333333333334
11:03:02,106,2.1666666666666665
11:03:03,106,2.1875
11:03:04,107,2.2038461538461536
11:03:05,108,2.217857142857143
11:03:06,108,2.217857142857143
11:03:07,108,2.217857142857143
11:03:08,108,2.217857142857143
11:03:09,109,2.217857142857143
11:03:10,109,2.217857142857143
11:03:11,110,2.217857142857143
11:03:12,110,2.217857142857143
11:03:13,111,2.217857142857143
11:03:14,111,2.217857142857143
11:03:15,111,2.217857142857143
11:03:16,112,2.217857142857143
11:03:17,113,2.217857142857143
11:03:18,114,2.217857142857143
11:03:19,114,2.2255555555555557
11:03:20,114,2.2255555555555557
11:03:21,116,2.2255555555555557
11:03:22,116,2.2333333333333334
11:03:23,117,2.2333333333333334
11:03:24,117,2.2333333333333334
11:03:25,119,2.2333333333333334
11:03:26,119,2.2333333333333334
11:03:27,119,2.2333333333333334
11:03:28,120,2.2333333333333334
11:03:29,120,2.2333333333333334
11:03:30,120,2.2333333333333334
11:03:31,120,2.257843137254902
11:03:32,122,2.257843137254902
11:03:33,122,2.257843137254902
11:03:34,122,2.257843137254902
11:03:35,124,2.257843137254902
11:03:36,124,2.257843137254902
11:03:37,124,2.257843137254902
11:03:38,124,2.257843137254902
11:03:39,124,2.2944444444444443
11:03:40,125,2.2944444444444443
11:03:41,125,2.2944444444444443
11:03:42,125,2.2944444444444443
11:03:43,126,2.2944444444444443
11:03:44,127,2.2944444444444443
11:03:45,127,2.2944444444444443
11:03:46,127,2.3658333333333332
11:03:47,127,2.3658333333333332
11:03:48,127,2.3658333333333332
11:03:49,128,2.391269841269841
11:03:50,128,2.391269841269841
11:03:51,128,2.412878787878788
11:03:52,129,2.412878787878788
11:03:53,130,2.412878787878788
11:03:54,130,2.444927536231884
11:03:55,130,2.444927536231884
11:03:56,130,2.473611111111111
11:03:57,130,2.5006666666666666
11:03:58,130,2.5006666666666666
11:03:59,130,2.5006666666666666
11:04:00,130,2.5006666666666666
11:04:01,130,2.5006666666666666
11:04:02,131,2.5006666666666666
11:04:03,131,2.5006666666666666
11:04:04,131,2.5006666666666666
11:04:05,131,2.5006666666666666
11:04:06,131,2.5339743589743593
11:04:07,131,2.5339743589743593
11:04:08,131,2.556172839506173
11:04:09,131,2.556172839506173
11:04:10,131,2.556172839506173
11:04:11,132,2.556172839506173
11:04:12,132,2.556172839506173
11:04:13,133,2.556172839506173
11:04:14,133,2.556172839506173
11:04:15,133,2.556172839506173
11:04:16,133,2.556172839506173
11:04:17,134,2.556172839506173
11:04:18,135,2.556172839506173
11:04:19,135,2.556172839506173
11:04:20,135,2.577380952380952
11:04:21,136,2.577380952380952
11:04:22,136,2.577380952380952
11:04:23,136,2.5977011494252875
11:04:24,136,2.5977011494252875
11:04:25,137,2.5977011494252875
11:04:26,137,2.5977011494252875
11:04:27,137,2.5977011494252875
11:04:28,137,2.6244444444444444
11:04:29,138,2.649462365591398
11:04:30,138,2.649462365591398
11:04:31,138,2.649462365591398
11:04:32,139,2.649462365591398
11:04:33,139,2.649462365591398
11:04:34,139,2.649462365591398
11:04:35,139,2.677604166666667
11:04:36,139,2.677604166666667
11:04:37,139,2.677604166666667
11:04:38,140,2.677604166666667
11:04:39,140,2.6964646464646465
11:04:40,140,2.7269607843137256
11:04:41,140,2.7269607843137256
11:04:42,140,2.7585714285714285
11:04:43,140,2.7585714285714285
11:04:44,141,2.7585714285714285
11:04:45,141,2.778703703703704
11:04:46,141,2.803603603603604
11:04:47,141,2.803603603603604
11:04:48,141,2.803603603603604
11:04:49,142,2.803603603603604
11:04:50,142,2.841452991452991
11:04:51,142,2.841452991452991
11:04:52,142,2.841452991452991
11:04:53,143,2.841452991452991
11:04:54,143,2.8520833333333333
11:04:55,143,2.8520833333333333
11:04:56,143,2.8520833333333333
11:04:57,143,2.862195121951219
11:04:58,143,2.862195121951219
11:04:59,143,2.862195121951219
11:05:00,143,2.862195121951219
11:05:01,144,2.862195121951219
11:05:02,144,2.862195121951219
11:05:03,144,2.862195121951219
11:05:04,144,2.862195121951219
11:05:05,145,2.862195121951219
11:05:06,145,2.862195121951219
11:05:07,145,2.862195121951219
11:05:08,146,2.862195121951219
11:05:09,146,2.862195121951219
11:05:10,146,2.862195121951219
11:05:11,146,2.862195121951219
11:05:12,147,2.862195121951219
11:05:13,147,2.862195121951219
11:05:14,147,2.862195121951219
11:05:15,149,2.8876984126984127
11:05:16,149,2.8876984126984127
11:05:17,149,2.9127906976744184
11:05:18,150,2.9127906976744184
11:05:19,150,2.942045454545455
11:05:20,150,2.942045454545455
11:05:21,150,2.9644444444444447
11:05:22,151,2.9644444444444447
11:05:23,151,2.9865942028985506
11:05:24,151,2.9865942028985506
11:05:25,152,2.9865942028985506
11:05:26,152,2.9865942028985506
11:05:27,152,3.004964539007092
11:05:28,152,3.004964539007092
11:05:29,153,3.004964539007092
11:05:30,153,3.004964539007092
11:05:31,153,3.004964539007092
11:05:32,153,3.004964539007092
11:05:33,153,3.004964539007092
11:05:34,153,3.004964539007092
11:05:35,153,3.0274305555555556
11:05:36,153,3.0274305555555556
11:05:37,153,3.0274305555555556
11:05:38,153,3.057482993197279
11:05:39,153,3.057482993197279
11:05:40,154,3.057482993197279
11:05:41,154,3.057482993197279
11:05:42,154,3.057482993197279
11:05:43,154,3.070666666666667
11:05:44,155,3.070666666666667
11:05:45,155,3.070666666666667
11:05:46,155,3.0977124183006537
11:05:47,156,3.115064102564103
11:05:48,156,3.115064102564103
11:05:49,156,3.115064102564103
11:05:50,157,3.138679245283019
11:05:51,157,3.138679245283019
11:05:52,157,3.138679245283019
11:05:53,158,3.160185185185185
11:05:54,158,3.195535714285714
11:05:55,158,3.195535714285714
11:05:56,158,3.195535714285714
11:05:57,159,3.195535714285714
11:05:58,159,3.195535714285714
11:05:59,159,3.195535714285714
11:06:00,159,3.195535714285714
11:06:01,160,3.195535714285714
11:06:02,160,3.195535714285714
11:06:03,160,3.2149122807017543
11:06:04,160,3.2149122807017543
11:06:05,160,3.2149122807017543
11:06:06,161,3.2149122807017543
11:06:07,161,3.238505747126437
11:06:08,161,3.238505747126437
11:06:09,162,3.259322033898305
11:06:10,163,3.259322033898305
11:06:11,163,3.259322033898305
11:06:12,164,3.259322033898305
11:06:13,164,3.2841666666666667
11:06:14,164,3.2841666666666667
11:06:15,165,3.2841666666666667
11:06:16,165,3.2841666666666667
11:06:17,165,3.3049180327868855
11:06:18,166,3.3049180327868855
11:06:19,166,3.3049180327868855
11:06:20,166,3.3049180327868855
11:06:21,166,3.3049180327868855
11:06:22,167,3.3252688172043015
11:06:23,167,3.3252688172043015
11:06:24,167,3.3252688172043015
11:06:25,167,3.3252688172043015
11:06:26,167,3.3252688172043015
11:06:27,168,3.3252688172043015
11:06:28,168,3.3666666666666667
11:06:29,168,3.3666666666666667
11:06:30,169,3.3666666666666667
11:06:31,169,3.3666666666666667
11:06:32,169,3.3666666666666667
11:06:33,169,3.3666666666666667
11:06:34,169,3.3666666666666667
11:06:35,170,3.3666666666666667
11:06:36,170,3.3825641025641024
11:06:37,170,3.4030303030303033
11:06:38,170,3.4030303030303033
11:06:39,171,3.417661691542288
11:06:40,171,3.417661691542288
11:06:41,171,3.417661691542288
11:06:42,172,3.417661691542288
11:06:43,172,3.459661835748792
11:06:44,172,3.459661835748792
11:06:45,173,3.459661835748792
11:06:46,173,3.471428571428571
11:06:47,173,3.471428571428571
11:06:48,173,3.471428571428571
11:06:49,174,3.471428571428571
11:06:50,174,3.471428571428571
11:06:51,174,3.471428571428571
11:06:52,175,3.471428571428571
11:06:53,175,3.471428571428571
11:06:54,175,3.4870892018779345
11:06:55,176,3.4870892018779345
11:06:56,176,3.503009259259259
11:06:57,176,3.503009259259259
11:06:58,177,3.5267123287671236
11:06:59,177,3.5267123287671236
11:07:00,177,3.5267123287671236
11:07:01,177,3.550675675675676
11:07:02,178,3.550675675675676
11:07:03,179,3.5704444444444445
11:07:04,179,3.5704444444444445
11:07:05,180,3.594736842105263
11:07:06,181,3.594736842105263
11:07:07,181,3.594736842105263
11:07:08,182,3.594736842105263
11:07:09,182,3.594736842105263
11:07:10,182,3.594736842105263
11:07:11,182,3.594736842105263
11:07:12,182,3.6147186147186146
11:07:13,183,3.6147186147186146
11:07:14,183,3.6147186147186146
11:07:15,183,3.6147186147186146
11:07:16,183,3.6147186147186146
11:07:17,184,3.6416666666666666
11:07:18,184,3.662025316455696
11:07:19,184,3.662025316455696
11:07:20,184,3.662025316455696
11:07:21,184,3.662025316455696
11:07:22,185,3.683333333333333
11:07:23,185,3.683333333333333
11:07:24,185,3.683333333333333
11:07:25,185,3.683333333333333
11:07:26,186,3.7002057613168726
11:07:27,186,3.7002057613168726
11:07:28,186,3.7002057613168726
11:07:29,187,3.716869918699187
11:07:30,187,3.715461847389558
11:07:31,187,3.715461847389558
11:07:32,187,3.7376984126984127
11:07:33,188,3.7376984126984127
11:07:34,188,3.7376984126984127
11:07:35,188,3.7376984126984127
11:07:36,188,3.753529411764706
11:07:37,189,3.753529411764706
11:07:38,189,3.753529411764706
11:07:39,189,3.753529411764706
11:07:40,189,3.753529411764706
11:07:41,190,3.753529411764706
11:07:42,190,3.753529411764706
11:07:43,190,3.753529411764706
11:07:44,190,3.753529411764706
11:07:45,190,3.753529411764706
11:07:46,191,3.753529411764706
11:07:47,191,3.769186046511628
11:07:48,191,3.7875478927203066
11:07:49,192,3.7875478927203066
11:07:50,192,3.808333333333333
11:07:51,192,3.808333333333333
11:07:52,192,3.8487037037037037
11:07:53,193,3.8487037037037037
11:07:54,194,3.8487037037037037
11:07:55,195,3.8723443223443224
11:07:56,196,3.8723443223443224
11:07:57,196,3.8809782608695653
11:07:58,197,3.8809782608695653
11:07:59,199,3.8809782608695653
11:08:00,199,3.8809782608695653
11:08:01,199,3.8809782608695653
11:08:02,199,3.8809782608695653
11:08:03,200,3.8809782608695653
11:08:04,200,3.8809782608695653
11:08:05,200,3.896594982078853
11:08:06,200,3.9223404255319148
11:08:07,201,3.9223404255319148
11:08:08,201,3.9223404255319148
11:08:09,201,3.9223404255319148
11:08:10,201,3.9223404255319148
11:08:11,201,3.9223404255319148
11:08:12,201,3.9223404255319148
11:08:13,201,3.9223404255319148
11:08:14,201,3.9223404255319148
11:08:15,201,3.941228070175439
11:08:16,201,3.941228070175439
11:08:17,201,3.941228070175439
11:08:18,202,3.941228070175439
11:08:19,202,3.944618055555556
11:08:20,203,3.944618055555556
11:08:21,205,3.944618055555556
11:08:22,205,3.9515463917525775
11:08:23,205,3.9515463917525775
11:08:24,205,3.9659863945578233
11:08:25,205,3.9659863945578233
11:08:26,205,3.981144781144781
11:08:27,205,3.981144781144781
11:08:28,205,3.981144781144781
11:08:29,205,3.981144781144781
11:08:30,205,3.981144781144781
11:08:31,205,3.9738333333333333
11:08:32,205,3.9738333333333333
11:08:33,205,3.9738333333333333
11:08:34,205,3.9738333333333333
11:08:35,205,3.9738333333333333
11:08:36,205,3.9914191419141916
11:08:37,205,3.9914191419141916
11:08:38,205,3.9914191419141916
11:08:39,206,3.9914191419141916
11:08:40,206,3.9914191419141916
11:08:41,206,4.017320261437908
11:08:42,206,4.017320261437908
11:08:43,206,4.017320261437908
11:08:44,206,4.044174757281554
11:08:45,206,4.044174757281554
11:08:46,206,4.044174757281554
11:08:47,207,4.044174757281554
11:08:48,207,4.044174757281554
11:08:49,207,4.044174757281554
11:08:50,207,4.044174757281554
11:08:51,207,4.044174757281554
11:08:52,207,4.063141025641026
11:08:53,207,4.063141025641026
11:08:54,207,4.063141025641026
11:08:55,207,4.083174603174603
11:08:56,207,4.083174603174603
11:08:57,207,4.083174603174603
11:08:58,207,4.111792452830189
11:08:59,207,4.111792452830189
11:09:00,207,4.111792452830189
11:09:01,207,4.111792452830189
11:09:02,207,4.111792452830189
11:09:03,207,4.111792452830189
11:09:04,207,4.111792452830189
11:09:05,208,4.111792452830189
11:09:06,209,4.111792452830189
11:09:07,209,4.133956386292835
11:09:08,209,4.133956386292835
11:09:09,209,4.133956386292835
11:09:10,209,4.133956386292835
11:09:11,209,4.160244648318043
11:09:12,209,4.160244648318043
11:09:13,209,4.160244648318043
11:09:14,209,4.178333333333333
11:09:15,209,4.178333333333333
11:09:16,210,4.195345345345346
11:09:17,210,4.195345345345346
11:09:18,210,4.195345345345346
11:09:19,211,4.195345345345346
11:09:20,212,4.195345345345346
11:09:21,212,4.195345345345346
11:09:22,212,4.195345345345346
11:09:23,212,4.195345345345346
11:09:24,212,4.195345345345346
11:09:25,213,4.195345345345346
11:09:26,213,4.195345345345346
11:09:27,213,4.195345345345346
11:09:28,213,4.195345345345346
11:09:29,213,4.195345345345346
11:09:30,213,4.2126488095238095
11:09:31,213,4.2126488095238095
11:09:32,213,4.2126488095238095
11:09:33,213,4.2126488095238095
11:09:34,213,4.2126488095238095
11:09:35,213,4.23377581120944
11:09:36,213,4.23377581120944
11:09:37,213,4.256432748538012
11:09:38,213,4.256432748538012
11:09:39,213,4.256432748538012
11:09:40,213,4.256432748538012
11:09:41,213,4.256432748538012
11:09:42,213,4.256432748538012
11:09:43,213,4.256432748538012
11:09:44,213,4.256432748538012
11:09:45,213,4.2504347826086954
11:09:46,213,4.2504347826086954
11:09:47,213,4.279885057471264
11:09:48,213,4.279885057471264
11:09:49,213,4.296438746438747
11:09:50,213,4.315395480225988
11:09:51,213,4.315395480225988
11:09:52,213,4.315395480225988
11:09:53,213,4.336134453781512
11:09:54,213,4.336134453781512
11:09:55,213,4.336134453781512
11:09:56,213,4.336134453781512
11:09:57,213,4.336134453781512
11:09:58,213,4.336134453781512
11:09:59,213,4.336134453781512
11:10:00,213,4.338292011019283
11:10:01,213,4.338292011019283
11:10:02,213,4.338292011019283
11:10:03,213,4.338292011019283
11:10:04,213,4.338292011019283
11:10:05,213,4.338292011019283
11:10:06,213,4.351092896174864
11:10:07,213,4.351092896174864
11:10:08,213,4.351092896174864
11:10:09,213,4.351092896174864
11:10:10,215,4.351092896174864
11:10:11,215,4.351092896174864
11:10:12,215,4.351092896174864
11:10:13,216,4.351092896174864
11:10:14,216,4.351092896174864
11:10:15,216,4.351092896174864
11:10:16,217,4.371544715447155
11:10:17,217,4.393145161290322
11:10:18,217,4.393145161290322
11:10:19,217,4.376666666666667
11:10:20,218,4.397619047619047
11:10:21,218,4.397619047619047
11:10:22,218,4.397619047619047
11:10:23,218,4.397619047619047
11:10:24,218,4.417847769028871
11:10:25,218,4.431640625
11:10:26,219,4.431640625
11:10:27,219,4.431640625
11:10:28,219,4.431640625
11:10:29,219,4.452454780361758
11:10:30,219,4.452454780361758
11:10:31,219,4.452454780361758
11:10:32,219,4.452454780361758
11:10:33,219,4.452454780361758
11:10:34,219,4.4383333333333335
11:10:35,219,4.4383333333333335
11:10:36,219,4.4383333333333335
11:10:37,219,4.4383333333333335
11:10:38,219,4.4383333333333335
11:10:39,219,4.4383333333333335
11:10:40,219,4.4383333333333335
11:10:41,219,4.4383333333333335
11:10:42,219,4.4383333333333335
11:10:43,219,4.4383333333333335
11:10:44,220,4.4383333333333335
11:10:45,220,4.4383333333333335
11:10:46,220,4.460050890585242
11:10:47,220,4.460050890585242
11:10:48,220,4.460050890585242
11:10:49,220,4.460050890585242
11:10:50,221,4.460050890585242
11:10:51,221,4.460050890585242
11:10:52,221,4.460050890585242
11:10:53,221,4.460050890585242
11:10:54,221,4.460050890585242
11:10:55,221,4.460050890585242
11:10:56,221,4.460050890585242
11:10:57,221,4.460050890585242
11:10:58,221,4.460050890585242
11:10:59,222,4.455934343434344
11:11:00,222,4.455934343434344
11:11:01,222,4.455934343434344
11:11:02,222,4.455934343434344
11:11:03,222,4.455934343434344
11:11:04,223,4.455934343434344
11:11:05,223,4.455934343434344
11:11:06,224,4.45250626566416
11:11:07,224,4.4753731343283585
11:11:08,224,4.4753731343283585
11:11:09,224,4.480637254901961
11:11:10,224,4.480637254901961
11:11:11,225,4.480637254901961
11:11:12,225,4.480637254901961
11:11:13,225,4.480637254901961
11:11:14,226,4.504866180048662
11:11:15,226,4.521618357487923
11:11:16,226,4.507793764988009
11:11:17,227,4.507793764988009
11:11:18,227,4.507793764988009
11:11:19,227,4.507793764988009
11:11:20,227,4.507793764988009
11:11:21,228,4.531309523809524
11:11:22,228,4.531309523809524
11:11:23,228,4.531309523809524
11:11:24,228,4.523758865248227
11:11:25,229,4.523758865248227
11:11:26,229,4.523758865248227
11:11:27,229,4.523758865248227
11:11:28,229,4.523758865248227
11:11:29,229,4.523758865248227
11:11:30,229,4.513967136150234
11:11:31,230,4.513967136150234
11:11:32,230,4.513967136150234
11:11:33,230,4.536013986013986
11:11:34,230,4.536013986013986
11:11:35,231,4.536013986013986
11:11:36,231,4.520601851851851
11:11:37,231,4.520601851851851
11:11:38,232,4.520601851851851
11:11:39,232,4.520601851851851
11:11:40,233,4.520601851851851
11:11:41,234,4.520601851851851
11:11:42,234,4.520601851851851
11:11:43,234,4.520601851851851
11:11:44,234,4.520601851851851
11:11:45,235,4.520601851851851
11:11:46,235,4.520601851851851
11:11:47,235,4.520601851851851
11:11:48,235,4.520601851851851
11:11:49,237,4.515747126436781
11:11:50,237,4.541552511415525
11:11:51,237,4.541552511415525
11:11:52,238,4.541552511415525
11:11:53,239,4.541552511415525
11:11:54,239,4.541552511415525
11:11:55,239,4.541552511415525
11:11:56,239,4.541552511415525
11:11:57,239,4.541552511415525
11:11:58,239,4.567006802721088
11:11:59,239,4.567006802721088
11:12:00,239,4.567006802721088
11:12:01,240,4.588288288288288
11:12:02,240,4.588288288288288
11:12:03,240,4.5700223713646535
11:12:04,240,4.587777777777777
11:12:05,240,4.587777777777777
11:12:06,240,4.587777777777777
11:12:07,240,4.587777777777777
11:12:08,240,4.587777777777777
11:12:09,240,4.587777777777777
11:12:10,240,4.587777777777777
11:12:11,240,4.587777777777777
11:12:12,240,4.613465783664458
11:12:13,240,4.613465783664458
11:12:14,240,4.613465783664458
11:12:15,240,4.603837719298245
11:12:16,240,4.603837719298245
11:12:17,240,4.603837719298245
11:12:18,240,4.587254901960785
11:12:19,240,4.587254901960785
11:12:20,240,4.587254901960785
11:12:21,240,4.587254901960785
11:12:22,240,4.587254901960785
11:12:23,240,4.602164502164502
11:12:24,241,4.602164502164502
11:12:25,241,4.624408602150537
11:12:26,241,4.624408602150537
11:12:27,241,4.624408602150537
11:12:28,241,4.624408602150537
11:12:29,241,4.624408602150537
11:12:30,241,4.609615384615385
11:12:31,241,4.609615384615385
11:12:32,241,4.609615384615385
11:12:33,242,4.609615384615385
11:12:34,242,4.607112526539279
11:12:35,242,4.607112526539279
11:12:36,242,4.607112526539279
11:12:37,242,4.607112526539279
11:12:38,242,4.607112526539279
11:12:39,242,4.606540084388186
11:12:40,242,4.628930817610064
11:12:41,242,4.628930817610064
11:12:42,242,4.628930817610064
11:12:43,242,4.651041666666667
11:12:44,242,4.651041666666667
11:12:45,242,4.651041666666667
11:12:46,242,4.651041666666667
11:12:47,242,4.651041666666667
11:12:48,242,4.672774327122154
11:12:49,242,4.672774327122154
11:12:50,242,4.692901234567901
11:12:51,242,4.692901234567901
11:12:52,242,4.692901234567901
11:12:53,242,4.692901234567901
11:12:54,242,4.692901234567901
11:12:55,242,4.692901234567901
11:12:56,242,4.692901234567901
11:12:57,243,4.692901234567901
11:12:58,243,4.692901234567901
11:12:59,243,4.692901234567901
11:13:00,243,4.692901234567901
11:13:01,244,4.692901234567901
11:13:02,244,4.692901234567901
11:13:03,244,4.692901234567901
11:13:04,245,4.692901234567901
11:13:05,245,4.692901234567901
11:13:06,245,4.692901234567901
11:13:07,245,4.692901234567901
11:13:08,246,4.692901234567901
11:13:09,246,4.692901234567901
11:13:10,246,4.692901234567901
11:13:11,247,4.692901234567901
11:13:12,247,4.710224948875255
11:13:13,247,4.710224948875255
11:13:14,247,4.710224948875255
11:13:15,248,4.705386178861788
11:13:16,248,4.726060606060606
11:13:17,248,4.726060606060606
11:13:18,248,4.726060606060606
11:13:19,248,4.726060606060606
11:13:20,248,4.726060606060606
11:13:21,248,4.746285140562249
11:13:22,248,4.746285140562249
11:13:23,248,4.746285140562249
11:13:24,248,4.746285140562249
11:13:25,248,4.746285140562249
11:13:26,248,4.746285140562249
11:13:27,249,4.746285140562249
11:13:28,249,4.746285140562249
11:13:29,249,4.746285140562249
11:13:30,249,4.7681636726546905
11:13:31,249,4.7681636726546905
11:13:32,249,4.7681636726546905
11:13:33,249,4.79047619047619
11:13:34,249,4.79047619047619
11:13:35,249,4.79047619047619
11:13:36,249,4.79047619047619
11:13:37,249,4.814595660749506
11:13:38,250,4.814595660749506
11:13:39,250,4.8060784313725495
11:13:40,250,4.8060784313725495
11:13:41,250,4.8060784313725495
11:13:42,250,4.8060784313725495
11:13:43,250,4.8060784313725495
11:13:44,250,4.8060784313725495
11:13:45,250,4.7900584795321635
11:13:46,250,4.7900584795321635
11:13:47,250,4.806492248062016
11:13:48,250,4.806492248062016
11:13:49,250,4.806492248062016
11:13:50,250,4.8279383429672444
11:13:51,250,4.8279383429672444
11:13:52,250,4.8279383429672444
11:13:53,250,4.8279383429672444
11:13:54,250,4.8279383429672444
11:13:55,250,4.847126436781609
11:13:56,250,4.847126436781609
11:13:57,250,4.847126436781609
11:13:58,250,4.8400952380952385
11:13:59,250,4.8400952380952385
11:14:00,250,4.824526515151516
11:14:01,250,4.824526515151516
11:14:02,250,4.824526515151516
11:14:03,250,4.824526515151516
11:14:04,250,4.824526515151516
11:14:05,250,4.824526515151516
11:14:06,251,4.824526515151516
11:14:07,251,4.824526515151516
11:14:08,251,4.824526515151516
11:14:09,251,4.824526515151516
11:14:10,251,4.81045197740113
11:14:11,251,4.804400749063671
11:14:12,251,4.804400749063671
11:14:13,251,4.804400749063671
11:14:14,251,4.804400749063671
11:14:15,251,4.804400749063671
11:14:16,251,4.804400749063671
11:14:17,251,4.827001862197393
11:14:18,252,4.827001862197393
11:14:19,252,4.827001862197393
11:14:20,252,4.850833333333333
11:14:21,252,4.850833333333333
11:14:22,253,4.850833333333333
11:14:23,253,4.850833333333333
11:14:24,254,4.850833333333333
11:14:25,254,4.850833333333333
11:14:26,254,4.850833333333333
11:14:27,254,4.850833333333333
11:14:28,254,4.850833333333333
11:14:29,254,4.858882783882783
11:14:30,255,4.858882783882783
11:14:31,255,4.858882783882783
11:14:32,255,4.858882783882783
11:14:33,256,4.858882783882783
11:14:34,256,4.858882783882783
11:14:35,256,4.858882783882783
11:14:36,256,4.858882783882783
11:14:37,256,4.88023679417122
11:14:38,257,4.864945652173914
11:14:39,258,4.864945652173914
11:14:40,258,4.864945652173914
11:14:41,259,4.864945652173914
11:14:42,259,4.864945652173914
11:14:43,259,4.864945652173914
11:14:44,260,4.885225225225225
11:14:45,261,4.885225225225225
11:14:46,261,4.885225225225225
11:14:47,263,4.885225225225225
11:14:48,263,4.885225225225225
11:14:49,264,4.885225225225225
11:14:50,265,4.885225225225225
11:14:51,265,4.902956989247312
11:14:52,266,4.902956989247312
11:14:53,267,4.902956989247312
11:14:54,267,4.902956989247312
11:14:55,267,4.902956989247312
11:14:56,268,4.902956989247312
11:14:57,269,4.902956989247312
11:14:58,269,4.902956989247312
11:14:59,269,4.902956989247312
11:15:00,270,4.902956989247312
11:15:01,271,4.902956989247312
11:15:02,271,4.902956989247312
11:15:03,271,4.902956989247312
11:15:04,272,4.902956989247312
11:15:05,273,4.902956989247312
11:15:06,274,4.925935828877005
11:15:07,274,4.925935828877005
11:15:08,274,4.948492907801419
11:15:09,274,4.948492907801419
11:15:10,275,4.948492907801419
11:15:11,275,4.9719576719576715
11:15:12,275,4.9719576719576715
11:15:13,276,4.9719576719576715
11:15:14,276,4.9719576719576715
11:15:15,276,4.99280701754386
11:15:16,276,4.99280701754386
11:15:17,277,4.99280701754386
11:15:18,277,5.0126527050610825
11:15:19,277,5.0126527050610825
11:15:20,278,5.0126527050610825
11:15:21,278,5.0126527050610825
11:15:22,279,5.0126527050610825
11:15:23,279,5.0126527050610825
11:15:24,279,5.0126527050610825
11:15:25,280,5.030121527777778
11:15:26,280,5.030121527777778
11:15:27,280,5.030121527777778
11:15:28,280,5.030121527777778
11:15:29,280,5.030121527777778
11:15:30,280,5.030121527777778
11:15:31,282,5.030121527777778
11:15:32,282,5.030121527777778
11:15:33,282,5.030121527777778
11:15:34,283,5.030121527777778
11:15:35,283,5.030121527777778
11:15:36,283,5.030121527777778
11:15:37,283,5.030121527777778
11:15:38,284,5.030121527777778
11:15:39,285,5.030121527777778
11:15:40,286,5.030121527777778
11:15:41,287,5.030121527777778
11:15:42,287,5.030121527777778
11:15:43,288,5.030121527777778
11:15:44,288,5.030121527777778
11:15:45,289,5.030121527777778
11:15:46,290,5.030121527777778
11:15:47,290,5.030121527777778
11:15:48,292,5.030121527777778
11:15:49,292,5.030121527777778
11:15:50,292,5.030121527777778
11:15:51,293,5.030121527777778
11:15:52,293,5.030121527777778
11:15:53,294,5.030121527777778
11:15:54,294,5.030121527777778
11:15:55,295,5.030121527777778
11:15:56,295,5.055354058721934
11:15:57,296,5.055354058721934
11:15:58,297,5.079553264604811
11:15:59,297,5.079553264604811
11:16:00,298,5.103418803418804
11:16:01,299,5.103418803418804
11:16:02,299,5.103418803418804
11:16:03,299,5.103418803418804
11:16:04,301,5.103418803418804
11:16:05,302,5.125765306122449
11:16:06,303,5.125765306122449
11:16:07,303,5.146615905245347
11:16:08,304,5.146615905245347
11:16:09,304,5.146615905245347
11:16:10,305,5.146615905245347
11:16:11,305,5.146615905245347
11:16:12,306,5.146615905245347
11:16:13,307,5.165993265993266
11:16:14,307,5.165993265993266
11:16:15,307,5.165993265993266
11:16:16,309,5.165993265993266
11:16:17,309,5.165993265993266
11:16:18,309,5.189865996649916
11:16:19,310,5.189865996649916
11:16:20,311,5.189865996649916
11:16:21,311,5.189865996649916
11:16:22,312,5.189865996649916
11:16:23,313,5.189865996649916
11:16:24,313,5.189865996649916
11:16:25,314,5.189865996649916
11:16:26,314,5.189865996649916
11:16:27,316,5.172916666666667
11:16:28,317,5.172916666666667
11:16:29,317,5.157628524046435
11:16:30,317,5.157628524046435
11:16:31,318,5.175082508250825
11:16:32,318,5.175082508250825
11:16:33,318,5.175082508250825
11:16:34,319,5.175082508250825
11:16:35,319,5.159770114942529
11:16:36,319,5.159770114942529
11:16:37,320,5.159770114942529
11:16:38,321,5.159770114942529
11:16:39,321,5.159770114942529
11:16:40,321,5.159770114942529
11:16:41,322,5.18047385620915
11:16:42,323,5.18047385620915
11:16:43,323,5.18047385620915
11:16:44,324,5.18047385620915
11:16:45,324,5.18047385620915
11:16:46,324,5.166666666666667
11:16:47,326,5.176650563607085
11:16:48,326,5.176650563607085
11:16:49,326,5.176650563607085
11:16:50,327,5.176650563607085
11:16:51,328,5.176650563607085
11:16:52,328,5.161698717948719
11:16:53,329,5.161698717948719
11:16:54,330,5.185167464114832
11:16:55,330,5.185167464114832
11:16:56,331,5.185167464114832
11:16:57,331,5.185167464114832
11:16:58,331,5.185167464114832
11:16:59,332,5.171507936507936
11:17:00,333,5.171507936507936
11:17:01,333,5.171507936507936
11:17:02,333,5.171507936507936
11:17:03,333,5.171507936507936
11:17:04,333,5.171507936507936
11:17:05,333,5.171507936507936
11:17:06,333,5.1898104265402845
11:17:07,334,5.1898104265402845
11:17:08,334,5.1898104265402845
11:17:09,334,5.213286163522013
11:17:10,334,5.213286163522013
11:17:11,335,5.2379499217527385
11:17:12,335,5.2379499217527385
11:17:13,336,5.2379499217527385
11:17:14,336,5.2379499217527385
11:17:15,336,5.257710280373831
11:17:16,336,5.257710280373831
11:17:17,336,5.257710280373831
11:17:18,337,5.257710280373831
11:17:19,337,5.257710280373831
11:17:20,337,5.257710280373831
11:17:21,338,5.257710280373831
11:17:22,338,5.257710280373831
11:17:23,338,5.257710280373831
11:17:24,338,5.257710280373831
11:17:25,338,5.257710280373831
11:17:26,338,5.257710280373831
11:17:27,338,5.246666666666667
11:17:28,338,5.246666666666667
11:17:29,338,5.246666666666667
11:17:30,338,5.271296296296296
11:17:31,338,5.271296296296296
11:17:32,338,5.271296296296296
11:17:33,338,5.257680491551459
11:17:34,338,5.257680491551459
11:17:35,338,5.257680491551459
11:17:36,338,5.257680491551459
11:17:37,338,5.257680491551459
11:17:38,338,5.2724505327245055
11:17:39,338,5.2724505327245055
11:17:40,338,5.259242424242425
11:17:41,338,5.259242424242425
11:17:42,338,5.259242424242425
11:17:43,338,5.259242424242425
11:17:44,339,5.281975867269986
11:17:45,339,5.281975867269986
11:17:46,339,5.271096096096096
11:17:47,339,5.271096096096096
11:17:48,339,5.260687593423019
11:17:49,340,5.260687593423019
11:17:50,341,5.260687593423019
11:17:51,341,5.260687593423019
11:17:52,342,5.260687593423019
11:17:53,342,5.260687593423019
11:17:54,343,5.260687593423019
11:17:55,343,5.260687593423019
11:17:56,343,5.260687593423019
11:17:57,344,5.285416666666666
11:17:58,344,5.285416666666666
11:17:59,345,5.310222222222222
11:18:00,345,5.310222222222222
11:18:01,346,5.310222222222222
11:18:02,346,5.310222222222222
11:18:03,346,5.299410029498525
11:18:04,347,5.299410029498525
11:18:05,347,5.315565345080764
11:18:06,348,5.315565345080764
11:18:07,348,5.315565345080764
11:18:08,348,5.315565345080764
11:18:09,348,5.315565345080764
11:18:10,349,5.330921052631579
11:18:11,349,5.330921052631579
11:18:12,349,5.330921052631579
11:18:13,350,5.330921052631579
11:18:14,350,5.330921052631579
11:18:15,350,5.330921052631579
11:18:16,351,5.330921052631579
11:18:17,351,5.330921052631579
11:18:18,352,5.354221251819506
11:18:19,353,5.354221251819506
11:18:20,353,5.354221251819506
11:18:21,353,5.378623188405797
11:18:22,354,5.378623188405797
11:18:23,354,5.378623188405797
11:18:24,354,5.378623188405797
11:18:25,355,5.378623188405797
11:18:26,355,5.378623188405797
11:18:27,355,5.3677489177489175
11:18:28,355,5.3677489177489175
11:18:29,356,5.360488505747126
11:18:30,356,5.360488505747126
11:18:31,356,5.352718168812589
11:18:32,358,5.352718168812589
11:18:33,358,5.352718168812589
11:18:34,358,5.352718168812589
11:18:35,359,5.352718168812589
11:18:36,359,5.352718168812589
11:18:37,360,5.352718168812589
11:18:38,360,5.352718168812589
11:18:39,361,5.352718168812589
11:18:40,361,5.352718168812589
11:18:41,361,5.352718168812589
11:18:42,362,5.345512820512821
11:18:43,362,5.345512820512821
11:18:44,362,5.354609929078014
11:18:45,362,5.3461864406779664
11:18:46,362,5.3461864406779664
11:18:47,362,5.3461864406779664
11:18:48,362,5.339240506329114
11:18:49,362,5.339240506329114
11:18:50,362,5.364145658263306
11:18:51,362,5.364145658263306
11:18:52,362,5.364145658263306
11:18:53,362,5.355718270571827
11:18:54,362,5.380902777777778
11:18:55,362,5.380902777777778
11:18:56,362,5.380902777777778
11:18:57,362,5.380902777777778
11:18:58,362,5.405325034578146
11:18:59,363,5.405325034578146
11:19:00,363,5.405325034578146
11:19:01,363,5.405325034578146
11:19:02,365,5.41370523415978
11:19:03,365,5.41370523415978
11:19:04,365,5.405349794238684
11:19:05,365,5.405349794238684
11:19:06,367,5.405349794238684
11:19:07,368,5.4223129251700675
11:19:08,368,5.4223129251700675
11:19:09,368,5.438529014844804
11:19:10,369,5.438529014844804
11:19:11,371,5.438529014844804
11:19:12,371,5.438529014844804
11:19:13,372,5.438529014844804
11:19:14,373,5.438529014844804
11:19:15,374,5.438529014844804
11:19:16,375,5.438529014844804
11:19:17,376,5.438529014844804
11:19:18,376,5.4309811827956995
11:19:19,377,5.4309811827956995
11:19:20,378,5.4309811827956995
11:19:21,379,5.424497991967871
11:19:22,380,5.424497991967871
11:19:23,380,5.424497991967871
11:19:24,383,5.4164666666666665
11:19:25,383,5.42941567065073
11:19:26,385,5.42941567065073
11:19:27,385,5.42941567065073
11:19:28,386,5.42941567065073
11:19:29,387,5.42941567065073
11:19:30,387,5.42941567065073
11:19:31,387,5.42941567065073
11:19:32,388,5.42941567065073
11:19:33,388,5.42941567065073
11:19:34,389,5.42941567065073
11:19:35,391,5.42941567065073
11:19:36,391,5.437896825396825
11:19:37,391,5.437896825396825
11:19:38,393,5.437896825396825
11:19:39,393,5.437896825396825
11:19:40,394,5.444553805774278
11:19:41,395,5.444553805774278
11:19:42,396,5.444553805774278
11:19:43,397,5.463671875
11:19:44,398,5.463671875
11:19:45,398,5.463671875
11:19:46,399,5.463671875
11:19:47,401,5.487029831387807
11:19:48,401,5.487029831387807
11:19:49,403,5.487029831387807
11:19:50,404,5.487029831387807
11:19:51,404,5.487029831387807
11:19:52,405,5.487029831387807
11:19:53,407,5.487029831387807
11:19:54,408,5.483074935400517
11:19:55,409,5.483074935400517
11:19:56,409,5.483074935400517
11:19:57,410,5.495688545688546
11:19:58,410,5.515064102564102
11:19:59,412,5.515064102564102
11:20:00,412,5.527969348659004
11:20:01,413,5.522900763358779
11:20:02,414,5.522900763358779
11:20:03,414,5.522900763358779
11:20:04,414,5.522900763358779
11:20:05,415,5.522900763358779
11:20:06,416,5.522900763358779
11:20:07,417,5.522900763358779
11:20:08,417,5.522900763358779
11:20:09,418,5.522900763358779
11:20:10,420,5.522900763358779
11:20:11,420,5.522900763358779
11:20:12,421,5.517553865652725
11:20:13,423,5.517553865652725
11:20:14,424,5.513383838383839
11:20:15,424,5.508867924528302
11:20:16,424,5.508867924528302
11:20:17,426,5.508867924528302
11:20:18,426,5.519350811485642
11:20:19,427,5.519350811485642
11:20:20,428,5.519350811485642
11:20:21,429,5.519350811485642
11:20:22,429,5.519350811485642
11:20:23,430,5.519350811485642
11:20:24,432,5.519350811485642
11:20:25,432,5.519350811485642
11:20:26,433,5.519350811485642
11:20:27,434,5.519350811485642
11:20:28,434,5.515547263681593
11:20:29,435,5.515547263681593
11:20:30,436,5.515547263681593
11:20:31,437,5.527819083023544
11:20:32,438,5.527819083023544
11:20:33,439,5.524074074074075
11:20:34,439,5.524074074074075
11:20:35,440,5.524074074074075
11:20:36,441,5.537515375153752
11:20:37,442,5.537515375153752
11:20:38,443,5.537515375153752
11:20:39,443,5.5531862745098035
11:20:40,444,5.5531862745098035
11:20:41,444,5.55927960927961
11:20:42,445,5.55927960927961
11:20:43,447,5.55927960927961
11:20:44,448,5.55927960927961
11:20:45,448,5.55927960927961
11:20:46,449,5.55927960927961
11:20:47,449,5.570666666666667
11:20:48,451,5.570666666666667
11:20:49,451,5.570666666666667
11:20:50,452,5.570666666666667
11:20:51,452,5.582971014492753
11:20:52,453,5.582971014492753
11:20:53,454,5.594064748201438
11:20:54,454,5.594064748201438
11:20:55,454,5.594064748201438
11:20:56,454,5.594064748201438
11:20:57,455,5.592114695340501
11:20:58,455,5.592114695340501
11:20:59,456,5.592114695340501
11:21:00,456,5.593154761904762
11:21:01,456,5.593154761904762
11:21:02,456,5.593154761904762
11:21:03,457,5.593154761904762
11:21:04,457,5.590628706998814
11:21:05,457,5.590628706998814
11:21:06,458,5.590628706998814
11:21:07,458,5.6037234042553195
11:21:08,458,5.6037234042553195
11:21:09,458,5.612603062426384
11:21:10,458,5.612603062426384
11:21:11,459,5.612603062426384
11:21:12,459,5.612603062426384
11:21:13,459,5.612603062426384
11:21:14,460,5.612603062426384
11:21:15,460,5.612603062426384
11:21:16,461,5.612603062426384
11:21:17,462,5.6111502347417845
11:21:18,462,5.6111502347417845
11:21:19,462,5.6111502347417845
11:21:20,462,5.609766081871345
11:21:21,463,5.609766081871345
11:21:22,464,5.609766081871345
11:21:23,464,5.607983682983683
11:21:24,464,5.607983682983683
11:21:25,464,5.607983682983683
11:21:26,466,5.607983682983683
11:21:27,466,5.607983682983683
11:21:28,466,5.607983682983683
11:21:29,467,5.62369337979094
11:21:30,467,5.62369337979094
11:21:31,468,5.62369337979094
11:21:32,470,5.62369337979094
11:21:33,470,5.62369337979094
11:21:34,471,5.62369337979094
11:21:35,471,5.62369337979094
11:21:36,471,5.62369337979094
11:21:37,473,5.62369337979094
11:21:38,473,5.62369337979094
11:21:39,473,5.622395833333333
11:21:40,474,5.622395833333333
11:21:41,474,5.638062283737025
11:21:42,474,5.636666666666667
11:21:43,474,5.636666666666667
11:21:44,475,5.647021764032074
11:21:45,475,5.647021764032074
11:21:46,476,5.647021764032074
11:21:47,477,5.647021764032074
11:21:48,477,5.647021764032074
11:21:49,477,5.647021764032074
11:21:50,477,5.647021764032074
11:21:51,478,5.647021764032074
11:21:52,479,5.647021764032074
11:21:53,479,5.64703196347032
11:21:54,479,5.64703196347032
11:21:55,480,5.653697383390216
11:21:56,480,5.653697383390216
11:21:57,480,5.654195011337868
11:21:58,481,5.664745762711864
11:21:59,481,5.664745762711864
11:22:00,481,5.664745762711864
11:22:01,481,5.664745762711864
11:22:02,481,5.664745762711864
11:22:03,481,5.664745762711864
11:22:04,481,5.664745762711864
11:22:05,481,5.667286036036036
11:22:06,481,5.667286036036036
11:22:07,482,5.6678451178451175
11:22:08,482,5.6678451178451175
11:22:09,482,5.6678451178451175
11:22:10,483,5.6678451178451175
11:22:11,483,5.6678451178451175
11:22:12,483,5.668456375838926
11:22:13,483,5.668456375838926
11:22:14,483,5.668456375838926
11:22:15,483,5.668456375838926
11:22:16,483,5.668456375838926
11:22:17,484,5.668456375838926
11:22:18,484,5.668456375838926
11:22:19,484,5.668456375838926
11:22:20,484,5.684838350055742
11:22:21,485,5.684838350055742
11:22:22,486,5.686388888888889
11:22:23,486,5.686388888888889
11:22:24,486,5.686388888888889
11:22:25,486,5.686388888888889
11:22:26,487,5.686388888888889
11:22:27,487,5.686987818383168
11:22:28,488,5.686987818383168
11:22:29,488,5.693708609271523
11:22:30,488,5.693708609271523
11:22:31,488,5.693708609271523
11:22:32,488,5.693708609271523
11:22:33,488,5.693708609271523
11:22:34,489,5.693708609271523
11:22:35,489,5.693708609271523
11:22:36,489,5.693708609271523
11:22:37,489,5.693708609271523
11:22:38,490,5.693708609271523
11:22:39,490,5.693708609271523
11:22:40,490,5.693708609271523
11:22:41,491,5.693708609271523
11:22:42,491,5.694939493949395
11:22:43,491,5.694939493949395
11:22:44,492,5.694939493949395
11:22:45,493,5.694939493949395
11:22:46,493,5.70844298245614
11:22:47,494,5.710710382513661
11:22:48,495,5.720424836601308
11:22:49,496,5.720424836601308
11:22:50,496,5.722964169381107
11:22:51,496,5.722964169381107
11:22:52,497,5.722964169381107
11:22:53,497,5.722964169381107
11:22:54,497,5.722964169381107
11:22:55,498,5.7211580086580085
11:22:56,498,5.7211580086580085
11:22:57,498,5.7211580086580085
11:22:58,498,5.723462783171521
11:22:59,499,5.723462783171521
11:23:00,499,5.723462783171521
11:23:01,499,5.723462783171521
11:23:02,499,5.723462783171521
11:23:03,499,5.730913978494624
11:23:04,499,5.730913978494624
11:23:05,499,5.730913978494624
11:23:06,499,5.744105037513397
11:23:07,499,5.744105037513397
11:23:08,499,5.752136752136752
11:23:09,499,5.752136752136752
11:23:10,500,5.765761448349308
11:23:11,500,5.765761448349308
11:23:12,500,5.765761448349308
11:23:13,500,5.765761448349308
11:23:14,500,5.765761448349308
11:23:15,500,5.769108280254778
11:23:16,500,5.769108280254778
11:23:17,501,5.769108280254778
11:23:18,501,5.769108280254778
11:23:19,501,5.769108280254778
11:23:20,501,5.76973544973545
11:23:21,501,5.771835443037975
11:23:22,501,5.771835443037975
11:23:23,501,5.772765509989485
11:23:24,502,5.772765509989485
11:23:25,502,5.772765509989485
11:23:26,502,5.772765509989485
11:23:27,502,5.772765509989485
11:23:28,502,5.772765509989485
11:23:29,502,5.772765509989485
11:23:30,502,5.772765509989485
11:23:31,502,5.772765509989485
11:23:32,502,5.772765509989485
11:23:33,502,5.776153039832285
11:23:34,502,5.776153039832285
11:23:35,502,5.776153039832285
11:23:36,503,5.776153039832285
11:23:37,503,5.776153039832285
11:23:38,503,5.776153039832285
11:23:39,503,5.780512016718913
11:23:40,504,5.7896875
11:23:41,504,5.7896875
11:23:42,504,5.7896875
11:23:43,504,5.7896875
11:23:44,504,5.7896875
11:23:45,504,5.7896875
11:23:46,505,5.793821391484943
11:23:47,505,5.793821391484943
11:23:48,505,5.793821391484943
11:23:49,506,5.793821391484943
11:23:50,506,5.793821391484943
11:23:51,506,5.797722567287784
11:23:52,507,5.797722567287784
11:23:53,507,5.806481481481482
11:23:54,508,5.806481481481482
11:23:55,509,5.810736196319018
11:23:56,509,5.810736196319018
11:23:57,509,5.810736196319018
11:23:58,511,5.810736196319018
11:23:59,511,5.810736196319018
11:24:00,511,5.824617737003058
11:24:01,511,5.824617737003058
11:24:02,513,5.824617737003058
11:24:03,514,5.825813008130082
11:24:04,514,5.825813008130082
11:24:05,515,5.8300911854103346
11:24:06,516,5.8300911854103346
11:24:07,516,5.834848484848484
11:24:08,516,5.834848484848484
11:24:09,516,5.834848484848484
11:24:10,516,5.839809236947791
11:24:11,516,5.839809236947791
11:24:12,516,5.839809236947791
11:24:13,516,5.843243243243243
11:24:14,516,5.843243243243243
11:24:15,516,5.843243243243243
11:24:16,516,5.843243243243243
11:24:17,516,5.843243243243243
11:24:18,516,5.843243243243243
11:24:19,516,5.843662674650699
11:24:20,516,5.843662674650699
11:24:21,516,5.843662674650699
11:24:22,517,5.843662674650699
11:24:23,517,5.843662674650699
11:24:24,517,5.843662674650699
11:24:25,517,5.843662674650699
11:24:26,517,5.843662674650699
11:24:27,518,5.843662674650699
11:24:28,518,5.843662674650699
11:24:29,518,5.843662674650699
11:24:30,518,5.852238805970149
11:24:31,519,5.852238805970149
11:24:32,519,5.852238805970149
11:24:33,519,5.852238805970149
11:24:34,519,5.852238805970149
11:24:35,520,5.852238805970149
11:24:36,520,5.852238805970149
11:24:37,520,5.852238805970149
11:24:38,520,5.852238805970149
11:24:39,521,5.852238805970149
11:24:40,522,5.855109126984127
11:24:41,522,5.855109126984127
11:24:42,522,5.855109126984127
11:24:43,523,5.8633629191321495
11:24:44,523,5.8633629191321495
11:24:45,524,5.870098039215686
11:24:46,525,5.870098039215686
11:24:47,525,5.870098039215686
11:24:48,525,5.870967741935484
11:24:49,527,5.870967741935484
11:24:50,527,5.870967741935484
11:24:51,527,5.8729044834307995
11:24:52,527,5.8729044834307995
11:24:53,528,5.8729044834307995
11:24:54,528,5.8729044834307995
11:24:55,528,5.8729044834307995
11:24:56,528,5.8729044834307995
11:24:57,529,5.879543245869777
11:24:58,530,5.879543245869777
11:24:59,530,5.879543245869777
11:25:00,530,5.879543245869777
11:25:01,531,5.879543245869777
11:25:02,532,5.879543245869777
11:25:03,532,5.882703488372092
11:25:04,533,5.882703488372092
11:25:05,533,5.882703488372092
11:25:06,533,5.895410628019324
11:25:07,534,5.895410628019324
11:25:08,534,5.897061657032755
11:25:09,534,5.897061657032755
11:25:10,534,5.897061657032755
11:25:11,534,5.897061657032755
11:25:12,535,5.897061657032755
11:25:13,535,5.89942363112392
11:25:14,535,5.89942363112392
11:25:15,535,5.89942363112392
11:25:16,535,5.89942363112392
11:25:17,535,5.89942363112392
11:25:18,535,5.902777777777778
11:25:19,535,5.902777777777778
11:25:20,535,5.902777777777778
11:25:21,535,5.905826170009551
11:25:22,535,5.907549857549857
11:25:23,535,5.907549857549857
11:25:24,535,5.907549857549857
11:25:25,535,5.907549857549857
11:25:26,535,5.907549857549857
11:25:27,535,5.907549857549857
11:25:28,535,5.907549857549857
11:25:29,535,5.910464015151516
11:25:30,535,5.910464015151516
11:25:31,535,5.910464015151516
11:25:32,535,5.910464015151516
11:25:33,535,5.917941454202078
11:25:34,535,5.917941454202078
11:25:35,535,5.917941454202078
11:25:36,535,5.919538606403013
11:25:37,536,5.919538606403013
11:25:38,536,5.924600938967136
11:25:39,536,5.924600938967136
11:25:40,536,5.924600938967136
11:25:41,537,5.924600938967136
11:25:42,538,5.926123595505618
11:25:43,538,5.926123595505618
11:25:44,538,5.926123595505618
11:25:45,538,5.926123595505618
11:25:46,539,5.926123595505618
11:25:47,539,5.926123595505618
11:25:48,539,5.926123595505618
11:25:49,539,5.926123595505618
11:25:50,540,5.926123595505618
11:25:51,540,5.926123595505618
11:25:52,540,5.93688141923436
11:25:53,541,5.93688141923436
11:25:54,541,5.93688141923436
11:25:55,541,5.940875232774674
11:25:56,541,5.940875232774674
11:25:57,541,5.942896935933148
11:25:58,542,5.948611111111111
11:25:59,542,5.948611111111111
11:26:00,542,5.948611111111111
11:26:01,542,5.948611111111111
11:26:02,542,5.954696132596685
11:26:03,542,5.954696132596685
11:26:04,543,5.954696132596685
11:26:05,543,5.954696132596685
11:26:06,543,5.954696132596685
11:26:07,543,5.9578971533516984
11:26:08,544,5.9578971533516984
11:26:09,545,5.960622710622711
11:26:10,545,5.962694063926941
11:26:11,546,5.962694063926941
11:26:12,546,5.962694063926941
11:26:13,546,5.965300546448088
11:26:14,546,5.965300546448088
11:26:15,546,5.965300546448088
11:26:16,546,5.965300546448088
11:26:17,547,5.965300546448088
11:26:18,548,5.965300546448088
11:26:19,548,5.965300546448088
11:26:20,548,5.968710263396912
11:26:21,548,5.968710263396912
11:26:22,549,5.977898550724637
11:26:23,549,5.977898550724637
11:26:24,549,5.980849141824751
11:26:25,550,5.984594594594594
11:26:26,550,5.984594594594594
11:26:27,552,5.984594594594594
11:26:28,552,5.984594594594594
11:26:29,553,5.984594594594594
11:26:30,555,5.984594594594594
11:26:31,555,5.984594594594594
11:26:32,555,5.984594594594594
11:26:33,555,5.984594594594594
11:26:34,556,5.984594594594594
11:26:35,558,5.984594594594594
11:26:36,558,5.984594594594594
11:26:37,558,5.987960467205751
11:26:38,559,5.987960467205751
11:26:39,560,5.991890681003584
11:26:40,561,5.991890681003584
11:26:41,562,5.994146559428061
11:26:42,562,5.994146559428061
11:26:43,562,6.004977777777778
11:26:44,563,6.004977777777778
11:26:45,563,6.004977777777778
11:26:46,563,6.004977777777778
11:26:47,563,6.004977777777778
11:26:48,563,6.01241134751773
11:26:49,563,6.01241134751773
11:26:50,563,6.01241134751773
11:26:51,563,6.01241134751773
11:26:52,564,6.01241134751773
11:26:53,564,6.01241134751773
11:26:54,564,6.01241134751773
11:26:55,564,6.01241134751773
11:26:56,564,6.01241134751773
11:26:57,564,6.01241134751773
11:26:58,564,6.01241134751773
11:26:59,564,6.01241134751773
11:27:00,564,6.017329796640142
11:27:01,564,6.017329796640142
11:27:02,564,6.0206790123456795
11:27:03,564,6.023922603342128
11:27:04,564,6.023922603342128
11:27:05,564,6.023922603342128
11:27:06,564,6.023922603342128
11:27:07,564,6.023922603342128
11:27:08,564,6.023922603342128
11:27:09,565,6.023922603342128
11:27:10,565,6.023922603342128
11:27:11,565,6.0278947368421045
11:27:12,565,6.0278947368421045
11:27:13,565,6.032545931758531
11:27:14,565,6.032545931758531
11:27:15,565,6.043237347294939
11:27:16,565,6.043237347294939
11:27:17,565,6.043237347294939
11:27:18,565,6.043237347294939
11:27:19,566,6.043237347294939
11:27:20,566,6.043237347294939
11:27:21,567,6.043237347294939
11:27:22,567,6.043237347294939
11:27:23,567,6.043237347294939
11:27:24,567,6.043237347294939
11:27:25,567,6.043237347294939
11:27:26,567,6.043237347294939
11:27:27,567,6.043237347294939
11:27:28,567,6.048259355961706
11:27:29,567,6.048259355961706
11:27:30,568,6.048259355961706
11:27:31,568,6.056666666666667
11:27:32,568,6.056666666666667
11:27:33,569,6.064594127806563
11:27:34,569,6.069379844961241
11:27:35,569,6.069379844961241
11:27:36,569,6.072981099656357
11:27:37,572,6.072981099656357
11:27:38,572,6.072981099656357
11:27:39,572,6.072981099656357
11:27:40,572,6.077335047129392
11:27:41,574,6.077335047129392
11:27:42,574,6.077335047129392
11:27:43,576,6.083034188034188
11:27:44,576,6.083034188034188
11:27:45,577,6.083034188034188
11:27:46,579,6.088363171355499
11:27:47,579,6.088363171355499
11:27:48,579,6.09421768707483
11:27:49,580,6.09421768707483
11:27:50,580,6.09421768707483
11:27:51,580,6.09910941475827
11:27:52,580,6.103849407783418
11:27:53,581,6.103849407783418
11:27:54,581,6.107341772151899
11:27:55,581,6.107341772151899
11:27:56,581,6.107341772151899
11:27:57,581,6.107341772151899
11:27:58,582,6.107341772151899
11:27:59,582,6.107341772151899
11:28:00,582,6.107341772151899
11:28:01,582,6.107341772151899
11:28:02,583,6.111742424242424
11:28:03,583,6.118681780016792
11:28:04,583,6.118681780016792
11:28:05,583,6.118681780016792
11:28:06,583,6.127177554438861
11:28:07,585,6.127177554438861
11:28:08,585,6.127177554438861
11:28:09,585,6.127177554438861
11:28:10,585,6.127177554438861
11:28:11,585,6.13203842940685
11:28:12,585,6.13203842940685
11:28:13,585,6.13203842940685
11:28:14,586,6.13203842940685
11:28:15,586,6.138708333333333
11:28:16,586,6.138708333333333
11:28:17,586,6.138708333333333
11:28:18,587,6.138708333333333
11:28:19,587,6.138708333333333
11:28:20,587,6.144679966749792
11:28:21,587,6.148590381426202
11:28:22,587,6.148590381426202
11:28:23,587,6.148590381426202
11:28:24,587,6.148590381426202
11:28:25,587,6.148590381426202
11:28:26,587,6.148590381426202
11:28:27,587,6.148590381426202
11:28:28,587,6.152646815550042
11:28:29,587,6.152646815550042
11:28:30,587,6.152646815550042
11:28:31,587,6.152646815550042
11:28:32,588,6.152646815550042
11:28:33,589,6.152646815550042
11:28:34,589,6.152646815550042
11:28:35,589,6.159323432343234
11:28:36,590,6.159323432343234
11:28:37,591,6.164156378600823
11:28:38,591,6.164156378600823
11:28:39,591,6.164156378600823
11:28:40,592,6.171305418719212
11:28:41,592,6.171305418719212
11:28:42,592,6.176167076167076
11:28:43,592,6.176167076167076
11:28:44,592,6.176167076167076
11:28:45,593,6.182638888888889
11:28:46,593,6.182638888888889
11:28:47,593,6.186919315403423
11:28:48,593,6.186919315403423
11:28:49,593,6.186919315403423
11:28:50,593,6.186919315403423
11:28:51,593,6.186919315403423
11:28:52,593,6.186919315403423
11:28:53,593,6.186919315403423
11:28:54,593,6.194796747967479
11:28:55,593,6.194796747967479
11:28:56,593,6.203000811030008
11:28:57,593,6.209668284789644
11:28:58,593,6.215778853914447
11:28:59,593,6.215778853914447
11:29:00,593,6.222262479871175
11:29:01,593,6.2266666666666675
11:29:02,593,6.2266666666666675
11:29:03,593,6.2266666666666675
11:29:04,593,6.2266666666666675
11:29:05,593,6.2266666666666675
11:29:06,593,6.2266666666666675
11:29:07,593,6.234615384615385
11:29:08,593,6.234615384615385
11:29:09,593,6.234615384615385
11:29:10,593,6.234615384615385
11:29:11,593,6.234615384615385
11:29:12,593,6.240847322142286
11:29:13,593,6.240847322142286
11:29:14,593,6.240847322142286
11:29:15,593,6.246291866028709
11:29:16,593,6.2529435163086715
11:29:17,593,6.2529435163086715
11:29:18,593,6.2529435163086715
11:29:19,593,6.2529435163086715
11:29:20,593,6.258928571428571
11:29:21,593,6.258928571428571
11:29:22,593,6.258928571428571
11:29:23,593,6.258928571428571
11:29:24,593,6.258928571428571
11:29:25,593,6.258928571428571
11:29:26,593,6.258928571428571
11:29:27,593,6.266904196357879
11:29:28,593,6.266904196357879
11:29:29,593,6.274012638230648
11:29:30,593,6.274012638230648
11:29:31,593,6.274012638230648
11:29:32,593,6.274012638230648
11:29:33,593,6.274012638230648
11:29:34,593,6.274012638230648
11:29:35,593,6.274012638230648
11:29:36,593,6.278132387706856
11:29:37,593,6.278132387706856
11:29:38,594,6.278132387706856
11:29:39,594,6.278132387706856
11:29:40,594,6.278132387706856
11:29:41,595,6.278132387706856
11:29:42,596,6.278132387706856
11:29:43,597,6.293529411764706
11:29:44,597,6.293529411764706
11:29:45,598,6.293529411764706
11:29:46,598,6.298043818466354
11:29:47,599,6.298043818466354
11:29:48,599,6.306908665105386
11:29:49,600,6.306908665105386
11:29:50,600,6.3107476635514015
11:29:51,600,6.317560217560217
11:29:52,600,6.317560217560217
11:29:53,600,6.317560217560217
11:29:54,600,6.317560217560217
11:29:55,601,6.317560217560217
11:29:56,601,6.317560217560217
11:29:57,601,6.326511627906977
11:29:58,601,6.326511627906977
11:29:59,602,6.326511627906977
11:30:00,602,6.335769528228925
11:30:01,602,6.335769528228925
11:30:02,602,6.335769528228925
11:30:03,603,6.335769528228925
11:30:04,603,6.335769528228925
11:30:05,604,6.335769528228925
11:30:06,604,6.343518518518518
11:30:07,604,6.343518518518518
11:30:08,604,6.343518518518518
11:30:09,605,6.343518518518518
11:30:10,605,6.349769053117783
11:30:11,605,6.349769053117783
11:30:12,605,6.349769053117783
11:30:13,606,6.349769053117783
11:30:14,606,6.349769053117783
11:30:15,606,6.349769053117783
11:30:16,607,6.349769053117783
11:30:17,607,6.3587557603686635
11:30:18,607,6.3587557603686635
11:30:19,609,6.367164750957855
11:30:20,609,6.371253822629969
11:30:21,609,6.371253822629969
11:30:22,609,6.371253822629969
11:30:23,610,6.37837528604119
11:30:24,610,6.37837528604119
11:30:25,610,6.38531202435312
11:30:26,610,6.38531202435312
11:30:27,610,6.38531202435312
11:30:28,612,6.38531202435312
11:30:29,613,6.38531202435312
11:30:30,613,6.38531202435312
11:30:31,614,6.38531202435312
11:30:32,614,6.3916476841306
11:30:33,614,6.3916476841306
11:30:34,615,6.3916476841306
11:30:35,615,6.3916476841306
11:30:36,615,6.3916476841306
11:30:37,615,6.3916476841306
11:30:38,616,6.401477272727273
11:30:39,617,6.401477272727273
11:30:40,618,6.407067271352986
11:30:41,618,6.407067271352986
11:30:42,618,6.407067271352986
11:30:43,620,6.407067271352986
11:30:44,620,6.407067271352986
11:30:45,620,6.407067271352986
11:30:46,621,6.416515837104073
11:30:47,623,6.416515837104073
11:30:48,623,6.416515837104073
11:30:49,624,6.416515837104073
11:30:50,624,6.426749435665914
11:30:51,624,6.426749435665914
11:30:52,624,6.432957957957957
11:30:53,625,6.441498127340823
11:30:54,625,6.441498127340823
11:30:55,625,6.447346786248132
11:30:56,625,6.447346786248132
11:30:57,625,6.4550335570469795
11:30:58,626,6.4550335570469795
11:30:59,626,6.4550335570469795
11:31:00,626,6.4695248700816625
11:31:01,626,6.4695248700816625
11:31:02,627,6.4695248700816625
11:31:03,627,6.4695248700816625
11:31:04,627,6.4695248700816625
11:31:05,628,6.4695248700816625
11:31:06,628,6.4790370370370365
11:31:07,628,6.4790370370370365
11:31:08,629,6.4790370370370365
11:31:09,629,6.4790370370370365
11:31:10,629,6.488765705838876
11:31:11,629,6.488765705838876
11:31:12,629,6.488765705838876
11:31:13,629,6.488765705838876
11:31:14,630,6.488765705838876
11:31:15,631,6.4956858407079645
11:31:16,631,6.4956858407079645
11:31:17,631,6.4956858407079645
11:31:18,631,6.4956858407079645
11:31:19,632,6.4956858407079645
11:31:20,632,6.4956858407079645
11:31:21,632,6.4956858407079645
11:31:22,632,6.4956858407079645
11:31:23,632,6.506548933038999
11:31:24,632,6.506548933038999
11:31:25,632,6.506548933038999
11:31:26,632,6.515748898678414
11:31:27,632,6.515748898678414
11:31:28,632,6.515748898678414
11:31:29,632,6.515748898678414
11:31:30,632,6.522783882783883
11:31:31,632,6.522783882783883
11:31:32,632,6.522783882783883
11:31:33,632,6.522783882783883
11:31:34,633,6.522783882783883
11:31:35,633,6.527704678362573
11:31:36,633,6.527704678362573
11:31:37,633,6.527704678362573
11:31:38,633,6.537709700948213
11:31:39,633,6.537709700948213
11:31:40,633,6.537709700948213
11:31:41,633,6.537709700948213
11:31:42,633,6.537709700948213
11:31:43,633,6.537709700948213
11:31:44,633,6.537709700948213
11:31:45,633,6.543668122270742
11:31:46,633,6.543668122270742
11:31:47,634,6.554538852578068
11:31:48,634,6.564963768115942
11:31:49,634,6.564963768115942
11:31:50,634,6.564963768115942
11:31:51,634,6.5721258134490235
11:31:52,634,6.5721258134490235
11:31:53,634,6.5721258134490235
11:31:54,634,6.5721258134490235
11:31:55,635,6.581926406926407
11:31:56,635,6.581926406926407
11:31:57,635,6.581926406926407
11:31:58,635,6.581926406926407
11:31:59,635,6.581926406926407
11:32:00,635,6.581926406926407
11:32:01,635,6.581926406926407
11:32:02,635,6.581926406926407
11:32:03,635,6.581926406926407
11:32:04,635,6.581926406926407
11:32:05,636,6.581926406926407
11:32:06,636,6.581926406926407
11:32:07,636,6.5903527717782575
11:32:08,636,6.5903527717782575
11:32:09,636,6.601472701149425
11:32:10,636,6.607885304659499
11:32:11,636,6.618311874105866
11:32:12,637,6.618311874105866
11:32:13,637,6.624375446109922
11:32:14,637,6.624375446109922
11:32:15,637,6.624375446109922
11:32:16,637,6.633119658119658
11:32:17,637,6.633119658119658
11:32:18,637,6.633119658119658
11:32:19,638,6.638841506751954
11:32:20,638,6.638841506751954
11:32:21,638,6.649255319148936
11:32:22,640,6.649255319148936
11:32:23,640,6.649255319148936
11:32:24,640,6.655732484076434
11:32:25,641,6.655732484076434
11:32:26,641,6.655732484076434
11:32:27,641,6.655732484076434
11:32:28,642,6.655732484076434
11:32:29,644,6.655732484076434
11:32:30,644,6.666242937853108
11:32:31,645,6.672515856236786
11:32:32,645,6.672515856236786
11:32:33,646,6.681751054852321
11:32:34,646,6.681751054852321
11:32:35,648,6.681751054852321
11:32:36,649,6.681751054852321
11:32:37,649,6.681751054852321
11:32:38,649,6.69059649122807
11:32:39,652,6.69059649122807
11:32:40,653,6.703046218487395
11:32:41,653,6.708420684835779
11:32:42,654,6.708420684835779
11:32:43,655,6.712412831241283
11:32:44,655,6.712412831241283
11:32:45,655,6.712412831241283
11:32:46,656,6.712412831241283
11:32:47,656,6.712412831241283
11:32:48,656,6.712412831241283
11:32:49,657,6.712412831241283
11:32:50,657,6.71830201809325
11:32:51,658,6.728194444444444
11:32:52,658,6.728194444444444
11:32:53,658,6.728194444444444
11:32:54,659,6.728194444444444
11:32:55,659,6.728194444444444
11:32:56,659,6.728194444444444
11:32:57,661,6.728194444444444
11:32:58,661,6.728194444444444
11:32:59,661,6.740852390852391
11:33:00,662,6.740852390852391
11:33:01,663,6.740852390852391
11:33:02,663,6.740852390852391
11:33:03,665,6.740852390852391
11:33:04,665,6.740852390852391
11:33:05,665,6.744121715076072
11:33:06,666,6.750690131124913
11:33:07,667,6.750690131124913
11:33:08,667,6.755750688705234
11:33:09,668,6.755750688705234
11:33:10,668,6.765979381443299
11:33:11,670,6.765979381443299
11:33:12,670,6.765979381443299
11:33:13,671,6.771056241426612
11:33:14,671,6.771056241426612
11:33:15,671,6.776796714579055
11:33:16,673,6.776796714579055
11:33:17,673,6.776796714579055
11:33:18,673,6.776796714579055
11:33:19,674,6.7892418032786885
11:33:20,675,6.7892418032786885
11:33:21,675,6.7892418032786885
11:33:22,675,6.7892418032786885
11:33:23,676,6.7892418032786885
11:33:24,676,6.7892418032786885
11:33:25,676,6.7892418032786885
11:33:26,677,6.7892418032786885
11:33:27,678,6.7985003408316285
11:33:28,678,6.7985003408316285
11:33:29,678,6.7985003408316285
11:33:30,679,6.7985003408316285
11:33:31,680,6.7985003408316285
11:33:32,680,6.809115646258504
11:33:33,680,6.820400543109301
11:33:34,681,6.820400543109301
11:33:35,681,6.820400543109301
11:33:36,681,6.820400543109301
11:33:37,681,6.820400543109301
11:33:38,682,6.820400543109301
11:33:39,682,6.825914634146342
11:33:40,683,6.838573360378634
11:33:41,683,6.838573360378634
11:33:42,683,6.842780026990553
11:33:43,684,6.842780026990553
11:33:44,685,6.842780026990553
11:33:45,685,6.842780026990553
11:33:46,686,6.849124579124579
11:33:47,687,6.849124579124579
11:33:48,688,6.849124579124579
11:33:49,688,6.849124579124579
11:33:50,688,6.849124579124579
11:33:51,688,6.849124579124579
11:33:52,688,6.849124579124579
11:33:53,688,6.849124579124579
11:33:54,688,6.849124579124579
11:33:55,688,6.858736559139785
11:33:56,688,6.858736559139785
11:33:57,688,6.858736559139785
11:33:58,688,6.863916834339369
11:33:59,688,6.863916834339369
11:34:00,688,6.874364123159304
11:34:01,688,6.874364123159304
11:34:02,688,6.874364123159304
11:34:03,688,6.880961923847695
11:34:04,688,6.880961923847695
11:34:05,688,6.880961923847695
11:34:06,688,6.8929
11:34:07,688,6.8929
11:34:08,689,6.8929
11:34:09,689,6.904491017964072
11:34:10,689,6.904491017964072
11:34:11,690,6.904491017964072
11:34:12,690,6.918359893758301
11:34:13,690,6.918359893758301
11:34:14,690,6.9240225314778
11:34:15,691,6.928472222222222
11:34:16,691,6.928472222222222
11:34:17,691,6.928472222222222
11:34:18,691,6.935049504950495
11:34:19,691,6.935049504950495
11:34:20,691,6.935049504950495
11:34:21,691,6.9404808959156785
11:34:22,691,6.9404808959156785
11:34:23,691,6.9404808959156785
11:34:24,691,6.943951347797502
11:34:25,692,6.943951347797502
11:34:26,692,6.943951347797502
11:34:27,692,6.943951347797502
11:34:28,692,6.943951347797502
11:34:29,692,6.943951347797502
11:34:30,692,6.950853018372703
11:34:31,692,6.950853018372703
11:34:32,692,6.956123117223314
11:34:33,692,6.956123117223314
11:34:34,692,6.956123117223314
11:34:35,692,6.956123117223314
11:34:36,692,6.956123117223314
11:34:37,692,6.9625490196078434
11:34:38,692,6.9625490196078434
11:34:39,692,6.9625490196078434
11:34:40,692,6.9625490196078434
11:34:41,692,6.966634050880626
11:34:42,692,6.966634050880626
11:34:43,693,6.966634050880626
11:34:44,693,6.966634050880626
11:34:45,694,6.980403645833333
11:34:46,694,6.980403645833333
11:34:47,694,6.980403645833333
11:34:48,694,6.990123456790124
11:34:49,695,6.990123456790124
11:34:50,695,6.990123456790124
11:34:51,695,6.993417639429312
11:34:52,695,6.993417639429312
11:34:53,696,6.999546925566343
11:34:54,696,6.999546925566343
11:34:55,696,7.007881136950904
11:34:56,697,7.007881136950904
11:34:57,697,7.007881136950904
11:34:58,697,7.007881136950904
11:34:59,697,7.007881136950904
11:35:00,698,7.007881136950904
11:35:01,698,7.007881136950904
11:35:02,698,7.007881136950904
11:35:03,699,7.014087685364282
11:35:04,699,7.014087685364282
11:35:05,699,7.014087685364282
11:35:06,699,7.014087685364282
11:35:07,700,7.014087685364282
11:35:08,700,7.014087685364282
11:35:09,700,7.014087685364282
11:35:10,701,7.020109395109396
11:35:11,701,7.020109395109396
11:35:12,701,7.025979447655748
11:35:13,702,7.037179487179487
11:35:14,702,7.037179487179487
11:35:15,702,7.037179487179487
11:35:16,703,7.040307101727447
11:35:17,703,7.040307101727447
11:35:18,703,7.040307101727447
11:35:19,703,7.040307101727447
11:35:20,703,7.040307101727447
11:35:21,703,7.043997445721584
11:35:22,703,7.043997445721584
11:35:23,703,7.043997445721584
11:35:24,703,7.043997445721584
11:35:25,703,7.047641810070108
11:35:26,703,7.047641810070108
11:35:27,703,7.047641810070108
11:35:28,705,7.054484732824428
11:35:29,705,7.054484732824428
11:35:30,705,7.054484732824428
11:35:31,706,7.054484732824428
11:35:32,706,7.054484732824428
11:35:33,706,7.054484732824428
11:35:34,706,7.054484732824428
11:35:35,706,7.061111111111112
11:35:36,707,7.069771863117871
11:35:37,708,7.069771863117871
11:35:38,709,7.069771863117871
11:35:39,709,7.080487033523086
11:35:40,709,7.080487033523086
11:35:41,710,7.080487033523086
11:35:42,710,7.080487033523086
11:35:43,711,7.080487033523086
11:35:44,711,7.080487033523086
11:35:45,711,7.089488636363637
11:35:46,713,7.089488636363637
11:35:47,713,7.101417769376182
11:35:48,714,7.101417769376182
11:35:49,715,7.101417769376182
11:35:50,717,7.101417769376182
11:35:51,717,7.101417769376182
11:35:52,718,7.101417769376182
11:35:53,718,7.101417769376182
11:35:54,719,7.101417769376182
11:35:55,719,7.101417769376182
11:35:56,720,7.106949685534591
11:35:57,720,7.106949685534591
11:35:58,720,7.106949685534591
11:35:59,721,7.111048336472066
11:36:00,721,7.111048336472066
11:36:01,721,7.111048336472066
11:36:02,722,7.116165413533834
11:36:03,723,7.121513445903689
11:36:04,723,7.121513445903689
11:36:05,724,7.125967540574282
11:36:06,724,7.125967540574282
11:36:07,724,7.13753894080997
11:36:08,725,7.13753894080997
11:36:09,725,7.13753894080997
11:36:10,726,7.149813432835821
11:36:11,726,7.149813432835821
11:36:12,726,7.149813432835821
11:36:13,727,7.149813432835821
11:36:14,727,7.149813432835821
11:36:15,727,7.149813432835821
11:36:16,727,7.149813432835821
11:36:17,727,7.154531346989447
11:36:18,727,7.154531346989447
11:36:19,727,7.154531346989447
11:36:20,727,7.154531346989447
11:36:21,727,7.1629182156133835
11:36:22,727,7.1629182156133835
11:36:23,727,7.1629182156133835
11:36:24,727,7.1629182156133835
11:36:25,727,7.1629182156133835
11:36:26,727,7.1695114409400125
11:36:27,729,7.179598765432099
11:36:28,729,7.179598765432099
11:36:29,729,7.184750462107209
11:36:30,732,7.184750462107209
11:36:31,732,7.184750462107209
11:36:32,732,7.190959409594096
11:36:33,733,7.190959409594096
11:36:34,734,7.195794966236956
11:36:35,734,7.195794966236956
11:36:36,734,7.195794966236956
11:36:37,734,7.2178287461773705
11:36:38,735,7.2178287461773705
11:36:39,736,7.224771480804388
11:36:40,736,7.224771480804388
11:36:41,736,7.224771480804388
11:36:42,736,7.224771480804388
11:36:43,736,7.224771480804388
11:36:44,736,7.224771480804388
11:36:45,736,7.224771480804388
11:36:46,737,7.224771480804388
11:36:47,737,7.224771480804388
11:36:48,737,7.224771480804388
11:36:49,737,7.224771480804388
11:36:50,738,7.224771480804388
11:36:51,738,7.230170316301703
11:36:52,738,7.230170316301703
11:36:53,738,7.230170316301703
11:36:54,739,7.230170316301703
11:36:55,739,7.230170316301703
11:36:56,739,7.238342440801458
11:36:57,739,7.238342440801458
11:36:58,740,7.238342440801458
11:36:59,740,7.238342440801458
11:37:00,740,7.238342440801458
11:37:01,741,7.238342440801458
11:37:02,741,7.238342440801458
11:37:03,741,7.238342440801458
11:37:04,741,7.238342440801458
11:37:05,741,7.238342440801458
11:37:06,742,7.238342440801458
11:37:07,742,7.238342440801458
11:37:08,742,7.238342440801458
11:37:09,742,7.242484848484849
11:37:10,742,7.242484848484849
11:37:11,742,7.242484848484849
11:37:12,742,7.242484848484849
11:37:13,742,7.242484848484849
11:37:14,742,7.242484848484849
11:37:15,742,7.246612220205687
11:37:16,742,7.246612220205687
11:37:17,742,7.246612220205687
11:37:18,742,7.257457729468599
11:37:19,742,7.267329716696805
11:37:20,742,7.267329716696805
11:37:21,742,7.273796630565584
11:37:22,742,7.273796630565584
11:37:23,743,7.273796630565584
11:37:24,743,7.273796630565584
11:37:25,743,7.273796630565584
11:37:26,743,7.273796630565584
11:37:27,743,7.273796630565584
11:37:28,743,7.273796630565584
11:37:29,743,7.276786786786786
11:37:30,743,7.276786786786786
11:37:31,743,7.276786786786786
11:37:32,743,7.286270983213429
11:37:33,743,7.286270983213429
11:37:34,743,7.286270983213429
11:37:35,743,7.291532016756434
11:37:36,743,7.291532016756434
11:37:37,743,7.291532016756434
11:37:38,743,7.2954898446833925
11:37:39,743,7.2954898446833925
11:37:40,743,7.2954898446833925
11:37:41,743,7.300536672629695
11:37:42,743,7.300536672629695
11:37:43,743,7.300536672629695
11:37:44,743,7.300536672629695
11:37:45,743,7.307946428571428
11:37:46,744,7.307946428571428
11:37:47,744,7.307946428571428
11:37:48,744,7.3217468805704105
11:37:49,744,7.3217468805704105
11:37:50,744,7.3217468805704105
11:37:51,744,7.3217468805704105
11:37:52,744,7.3217468805704105
11:37:53,744,7.325860023724792
11:37:54,744,7.325860023724792
11:37:55,744,7.325860023724792
11:37:56,744,7.325860023724792
11:37:57,744,7.340023682652457
11:37:58,744,7.340023682652457
11:37:59,744,7.343705673758865
11:38:00,744,7.343705673758865
11:38:01,744,7.343705673758865
11:38:02,744,7.343705673758865
11:38:03,744,7.343705673758865
11:38:04,744,7.34905604719764
11:38:05,745,7.34905604719764
11:38:06,746,7.34905604719764
11:38:07,746,7.34905604719764
11:38:08,746,7.366931216931217
11:38:09,746,7.366931216931217
11:38:10,746,7.366931216931217
11:38:11,746,7.366931216931217
11:38:12,746,7.368397887323943
11:38:13,746,7.368397887323943
11:38:14,746,7.373960164030463
11:38:15,746,7.373960164030463
11:38:16,746,7.373960164030463
11:38:17,746,7.377982456140351
11:38:18,746,7.379889083479275
11:38:19,746,7.379889083479275
11:38:20,746,7.387645687645688
11:38:21,746,7.387645687645688
11:38:22,746,7.387645687645688
11:38:23,746,7.387645687645688
11:38:24,746,7.387645687645688
11:38:25,746,7.393571844095404
11:38:26,746,7.393571844095404
11:38:27,746,7.393571844095404
11:38:28,746,7.393571844095404
11:38:29,746,7.393571844095404
11:38:30,746,7.393571844095404
11:38:31,747,7.393571844095404
11:38:32,747,7.393571844095404
11:38:33,748,7.396080139372823
11:38:34,748,7.396080139372823
11:38:35,749,7.396080139372823
11:38:36,750,7.396080139372823
11:38:37,750,7.396080139372823
11:38:38,751,7.401623188405797
11:38:39,751,7.401623188405797
11:38:40,751,7.401623188405797
11:38:41,752,7.4096064814814815
11:38:42,752,7.411727325245523
11:38:43,752,7.411727325245523
11:38:44,752,7.411727325245523
11:38:45,753,7.411727325245523
11:38:46,753,7.411727325245523
11:38:47,753,7.411727325245523
11:38:48,754,7.411727325245523
11:38:49,754,7.411727325245523
11:38:50,754,7.421482122260669
11:38:51,755,7.421482122260669
11:38:52,755,7.421482122260669
11:38:53,755,7.42343120322395
11:38:54,755,7.42343120322395
11:38:55,755,7.42343120322395
11:38:56,755,7.42343120322395
11:38:57,755,7.42343120322395
11:38:58,756,7.436230636833046
11:38:59,756,7.436230636833046
11:39:00,756,7.436230636833046
11:39:01,756,7.436230636833046
11:39:02,756,7.43840206185567
11:39:03,757,7.43840206185567
11:39:04,758,7.43840206185567
11:39:05,758,7.445025728987994
11:39:06,758,7.445025728987994
11:39:07,760,7.445025728987994
11:39:08,760,7.447631278538813
11:39:09,760,7.454586894586894
11:39:10,760,7.454586894586894
11:39:11,761,7.454586894586894
11:39:12,761,7.454586894586894
11:39:13,762,7.454586894586894
11:39:14,763,7.454586894586894
11:39:15,763,7.454586894586894
11:39:16,763,7.454586894586894
11:39:17,763,7.454586894586894
11:39:18,764,7.454586894586894
11:39:19,764,7.454586894586894
11:39:20,764,7.459897610921502
11:39:21,764,7.459897610921502
11:39:22,764,7.459897610921502
11:39:23,764,7.459897610921502
11:39:24,764,7.459897610921502
11:39:25,765,7.459897610921502
11:39:26,765,7.459897610921502
11:39:27,765,7.459897610921502
11:39:28,765,7.459170925610449
11:39:29,765,7.459170925610449
11:39:30,765,7.467942176870748
11:39:31,765,7.470599886813809
11:39:32,766,7.477853107344632
11:39:33,766,7.477853107344632
11:39:34,766,7.480146644106035
11:39:35,766,7.480146644106035
11:39:36,767,7.480146644106035
11:39:37,767,7.48223536036036
11:39:38,767,7.48223536036036
11:39:39,767,7.48223536036036
11:39:40,767,7.485441259134345
11:39:41,767,7.485441259134345
11:39:42,768,7.485441259134345
11:39:43,768,7.488524130190797
11:39:44,768,7.488524130190797
11:39:45,768,7.488524130190797
11:39:46,768,7.488524130190797
11:39:47,768,7.488524130190797
11:39:48,768,7.488524130190797
11:39:49,768,7.49890756302521
11:39:50,768,7.501733780760627
11:39:51,768,7.501733780760627
11:39:52,768,7.501733780760627
11:39:53,768,7.501733780760627
11:39:54,768,7.509380234505863
11:39:55,768,7.509380234505863
11:39:56,768,7.509380234505863
11:39:57,768,7.509380234505863
11:39:58,769,7.509380234505863
11:39:59,769,7.509380234505863
11:40:00,769,7.509380234505863
11:40:01,769,7.517084726867336
11:40:02,770,7.517084726867336
11:40:03,770,7.517084726867336
11:40:04,770,7.517084726867336
11:40:05,770,7.517084726867336
11:40:06,770,7.523594880356149
11:40:07,770,7.523594880356149
11:40:08,770,7.523594880356149
11:40:09,771,7.523594880356149
11:40:10,771,7.523594880356149
11:40:11,771,7.523594880356149
11:40:12,771,7.523594880356149
11:40:13,772,7.534886300610094
11:40:14,772,7.534886300610094
11:40:15,772,7.534886300610094
11:40:16,772,7.538205980066445
11:40:17,772,7.538205980066445
11:40:18,773,7.538205980066445
11:40:19,773,7.5450801547816475
11:40:20,773,7.5450801547816475
11:40:21,775,7.5450801547816475
11:40:22,775,7.555298013245033
11:40:23,776,7.558236914600552
11:40:24,776,7.561826182618262
11:40:25,776,7.561826182618262
11:40:26,776,7.561826182618262
11:40:27,776,7.561826182618262
11:40:28,777,7.561826182618262
11:40:29,777,7.561826182618262
11:40:30,777,7.561826182618262
11:40:31,777,7.561826182618262
11:40:32,777,7.561826182618262
11:40:33,777,7.561826182618262
11:40:34,777,7.561826182618262
11:40:35,777,7.561826182618262
11:40:36,777,7.561826182618262
11:40:37,777,7.561826182618262
11:40:38,778,7.561826182618262
11:40:39,778,7.561826182618262
11:40:40,778,7.561826182618262
11:40:41,778,7.56436024162548
11:40:42,778,7.5753837719298245
11:40:43,778,7.5753837719298245
11:40:44,778,7.5753837719298245
11:40:45,778,7.5753837719298245
11:40:46,778,7.5753837719298245
11:40:47,779,7.5753837719298245
11:40:48,779,7.579972677595629
11:40:49,779,7.579972677595629
11:40:50,779,7.588099128540305
11:40:51,779,7.588099128540305
11:40:52,780,7.588099128540305
11:40:53,780,7.5967645459488855
11:40:54,780,7.5967645459488855
11:40:55,781,7.5967645459488855
11:40:56,782,7.602493224932249
11:40:57,783,7.602493224932249
11:40:58,783,7.602493224932249
11:40:59,784,7.602493224932249
11:41:00,784,7.602493224932249
11:41:01,784,7.603814935064935
11:41:02,784,7.603814935064935
11:41:03,785,7.603814935064935
11:41:04,785,7.603814935064935
11:41:05,785,7.603814935064935
11:41:06,785,7.60569962182604
11:41:07,785,7.60569962182604
11:41:08,785,7.611893203883495
11:41:09,785,7.611893203883495
11:41:10,785,7.6182014001077
11:41:11,786,7.6182014001077
11:41:12,786,7.6182014001077
11:41:13,786,7.6182014001077
11:41:14,786,7.6182014001077
11:41:15,787,7.6182014001077
11:41:16,787,7.6182014001077
11:41:17,787,7.6182014001077
11:41:18,788,7.6182014001077
11:41:19,788,7.6182014001077
11:41:20,788,7.6182014001077
11:41:21,788,7.6182014001077
11:41:22,788,7.6182014001077
11:41:23,789,7.6182014001077
11:41:24,789,7.6182014001077
11:41:25,789,7.6182014001077
11:41:26,790,7.6182014001077
11:41:27,790,7.62005376344086
11:41:28,790,7.62005376344086
11:41:29,791,7.625496511003758
11:41:30,791,7.625496511003758
11:41:31,792,7.627572347266881
11:41:32,792,7.627572347266881
11:41:33,792,7.627572347266881
11:41:34,793,7.627572347266881
11:41:35,794,7.627572347266881
11:41:36,794,7.628678437667202
11:41:37,794,7.635443376068376
11:41:38,794,7.635443376068376
11:41:39,794,7.637813333333333
11:41:40,795,7.639589989350372
11:41:41,795,7.649016480595429
11:41:42,795,7.6516719745222925
11:41:43,795,7.6516719745222925
11:41:44,796,7.6626656067832535
11:41:45,796,7.6626656067832535
11:41:46,796,7.667936507936508
11:41:47,796,7.667936507936508
11:41:48,796,7.667936507936508
11:41:49,798,7.6691230850501855
11:41:50,798,7.6691230850501855
11:41:51,798,7.6691230850501855
11:41:52,798,7.6691230850501855
11:41:53,798,7.6691230850501855
11:41:54,799,7.6691230850501855
11:41:55,800,7.6691230850501855
11:41:56,800,7.6691230850501855
11:41:57,800,7.6691230850501855
11:41:58,801,7.6798523206751055
11:41:59,801,7.6798523206751055
11:42:00,801,7.6798523206751055
11:42:01,802,7.685439705107951
11:42:02,803,7.685439705107951
11:42:03,803,7.685439705107951
11:42:04,804,7.685439705107951
11:42:05,804,7.685439705107951
11:42:06,804,7.685439705107951
11:42:07,805,7.685439705107951
11:42:08,805,7.685439705107951
11:42:09,805,7.685439705107951
11:42:10,805,7.685439705107951
11:42:11,807,7.685439705107951
11:42:12,807,7.6877234490010515
11:42:13,807,7.6877234490010515
11:42:14,809,7.690682414698163
11:42:15,809,7.690682414698163
11:42:16,809,7.692976939203354
11:42:17,810,7.692976939203354
11:42:18,810,7.692976939203354
11:42:19,810,7.692976939203354
11:42:20,811,7.692976939203354
11:42:21,811,7.699502878074307
11:42:22,811,7.699502878074307
11:42:23,813,7.699502878074307
11:42:24,813,7.699502878074307
11:42:25,813,7.699502878074307
11:42:26,815,7.701306165099268
11:42:27,816,7.701306165099268
11:42:28,816,7.701306165099268
11:42:29,818,7.706807511737089
11:42:30,820,7.706807511737089
11:42:31,820,7.714166666666667
11:42:32,821,7.714166666666667
11:42:33,821,7.714166666666667
11:42:34,823,7.714166666666667
11:42:35,823,7.714166666666667
11:42:36,825,7.714166666666667
11:42:37,825,7.717654706188247
11:42:38,825,7.717654706188247
11:42:39,825,7.719963655244029
11:42:40,827,7.719963655244029
11:42:41,827,7.719963655244029
11:42:42,828,7.722524624157595
11:42:43,829,7.722524624157595
11:42:44,829,7.722524624157595
11:42:45,830,7.722524624157595
11:42:46,830,7.724689440993789
11:42:47,830,7.7266666666666675
11:42:48,831,7.7266666666666675
11:42:49,831,7.7266666666666675
11:42:50,831,7.743122102009274
11:42:51,832,7.743122102009274
11:42:52,832,7.743122102009274
11:42:53,832,7.743122102009274
11:42:54,834,7.743122102009274
11:42:55,835,7.743122102009274
11:42:56,835,7.743122102009274
11:42:57,835,7.743122102009274
11:42:58,837,7.743122102009274
11:42:59,838,7.743122102009274
11:43:00,838,7.743122102009274
11:43:01,840,7.744855967078189
11:43:02,840,7.744855967078189
11:43:03,841,7.744855967078189
11:43:04,843,7.747277863379558
11:43:05,843,7.753435897435897
11:43:06,844,7.753435897435897
11:43:07,845,7.753435897435897
11:43:08,846,7.753435897435897
11:43:09,846,7.753435897435897
11:43:10,848,7.760061443932412
11:43:11,849,7.760061443932412
11:43:12,849,7.7609918200409
11:43:13,851,7.7609918200409
11:43:14,852,7.7609918200409
11:43:15,852,7.7609918200409
11:43:16,852,7.7609918200409
11:43:17,853,7.7609918200409
11:43:18,853,7.7609918200409
11:43:19,853,7.762251148545176
11:43:20,854,7.762251148545176
11:43:21,855,7.769571865443425
11:43:22,856,7.769571865443425
11:43:23,857,7.769571865443425
11:43:24,857,7.777124681933842
11:43:25,857,7.777124681933842
11:43:26,858,7.776880081300813
11:43:27,858,7.781354642313547
11:43:28,858,7.781354642313547
11:43:29,858,7.781354642313547
11:43:30,858,7.781354642313547
11:43:31,859,7.781354642313547
11:43:32,859,7.781354642313547
11:43:33,859,7.781354642313547
11:43:34,859,7.781354642313547
11:43:35,860,7.782548125633232
11:43:36,860,7.788442083965604
11:43:37,860,7.788442083965604
11:43:38,860,7.788442083965604
11:43:39,861,7.793712121212121
11:43:40,861,7.793712121212121
11:43:41,861,7.793712121212121
11:43:42,863,7.793712121212121
11:43:43,863,7.793712121212121
11:43:44,863,7.793712121212121
11:43:45,863,7.79505799293999
11:43:46,864,7.79505799293999
11:43:47,864,7.79505799293999
11:43:48,864,7.79505799293999
11:43:49,864,7.79505799293999
11:43:50,864,7.79505799293999
11:43:51,864,7.797759315206445
11:43:52,864,7.797759315206445
11:43:53,864,7.797759315206445
11:43:54,864,7.810943775100402
11:43:55,866,7.810943775100402
11:43:56,866,7.810943775100402
11:43:57,866,7.810943775100402
11:43:58,866,7.810943775100402
11:43:59,867,7.810943775100402
11:44:00,867,7.817092731829574
11:44:01,867,7.817092731829574
11:44:02,867,7.817092731829574
11:44:03,868,7.817092731829574
11:44:04,868,7.818243243243243
11:44:05,868,7.818243243243243
11:44:06,868,7.818243243243243
11:44:07,868,7.818243243243243
11:44:08,868,7.823963018490755
11:44:09,868,7.823963018490755
11:44:10,868,7.823963018490755
11:44:11,868,7.823963018490755
11:44:12,868,7.830189620758484
11:44:13,868,7.830189620758484
11:44:14,868,7.830189620758484
11:44:15,868,7.83315894369706
11:44:16,868,7.83315894369706
11:44:17,868,7.838731343283582
11:44:18,868,7.838731343283582
11:44:19,868,7.838731343283582
11:44:20,868,7.838731343283582
11:44:21,868,7.838731343283582
11:44:22,869,7.838731343283582
11:44:23,869,7.838731343283582
11:44:24,869,7.8402632886239445
11:44:25,869,7.842683531746032
11:44:26,869,7.8486627043090635
11:44:27,869,7.8507665677546985
11:44:28,870,7.8507665677546985
11:44:29,870,7.8507665677546985
11:44:30,870,7.8507665677546985
11:44:31,870,7.8507665677546985
11:44:32,870,7.8507665677546985
11:44:33,870,7.8507665677546985
11:44:34,870,7.8507665677546985
11:44:35,870,7.8507665677546985
11:44:36,871,7.8507665677546985
11:44:37,871,7.8507665677546985
11:44:38,871,7.8507665677546985
11:44:39,871,7.8507665677546985
11:44:40,871,7.8507665677546985
11:44:41,871,7.8507665677546985
11:44:42,871,7.8507665677546985
11:44:43,871,7.8507665677546985
11:44:44,872,7.860617283950617
11:44:45,872,7.860617283950617
11:44:46,872,7.861735700197239
11:44:47,872,7.868117010816126
11:44:48,872,7.868117010816126
11:44:49,873,7.869955817378497
11:44:50,873,7.869955817378497
11:44:51,873,7.871936274509804
11:44:52,873,7.871936274509804
11:44:53,873,7.877802251590798
11:44:54,873,7.877802251590798
11:44:55,873,7.877802251590798
11:44:56,873,7.8796676441837725
11:44:57,873,7.8796676441837725
11:44:58,873,7.886383601756955
11:44:59,873,7.886383601756955
11:45:00,873,7.886383601756955
11:45:01,873,7.886383601756955
11:45:02,873,7.892763157894737
11:45:03,873,7.898637469586375
11:45:04,873,7.898637469586375
11:45:05,873,7.898637469586375
11:45:06,874,7.898637469586375
11:45:07,874,7.898637469586375
11:45:08,874,7.898637469586375
11:45:09,874,7.898637469586375
11:45:10,874,7.898637469586375
11:45:11,874,7.898637469586375
11:45:12,874,7.898637469586375
11:45:13,874,7.898637469586375
11:45:14,874,7.898637469586375
11:45:15,874,7.898637469586375
11:45:16,874,7.905247813411079
11:45:17,874,7.905247813411079
11:45:18,874,7.905247813411079
11:45:19,874,7.907423580786026
11:45:20,874,7.907423580786026
11:45:21,874,7.907423580786026
11:45:22,874,7.907423580786026
11:45:23,874,7.907423580786026
11:45:24,874,7.907423580786026
11:45:25,874,7.907423580786026
11:45:26,874,7.907423580786026
11:45:27,874,7.907423580786026
11:45:28,874,7.907423580786026
11:45:29,874,7.907423580786026
11:45:30,874,7.907423580786026
11:45:31,874,7.907423580786026
11:45:32,874,7.907423580786026
11:45:33,875,7.908672480620155
11:45:34,875,7.908672480620155
11:45:35,876,7.915360425737784
11:45:36,876,7.915360425737784
11:45:37,876,7.917077294685991
11:45:38,876,7.917077294685991
11:45:39,876,7.917077294685991
11:45:40,876,7.917077294685991
11:45:41,876,7.917077294685991
11:45:42,876,7.923227206946454
11:45:43,876,7.923227206946454
11:45:44,876,7.923227206946454
11:45:45,876,7.923227206946454
11:45:46,876,7.923227206946454
11:45:47,876,7.923227206946454
11:45:48,876,7.933766859344894
11:45:49,876,7.933766859344894
11:45:50,876,7.943780019212296
11:45:51,876,7.943780019212296
11:45:52,876,7.946546762589929
11:45:53,876,7.953400383141763
11:45:54,876,7.953400383141763
11:45:55,877,7.953400383141763
11:45:56,877,7.953400383141763
11:45:57,877,7.953400383141763
11:45:58,877,7.953400383141763
11:45:59,877,7.955380200860832
11:46:00,877,7.955380200860832
11:46:01,877,7.955380200860832
11:46:02,877,7.955380200860832
11:46:03,877,7.955380200860832
11:46:04,877,7.955380200860832
11:46:05,877,7.955380200860832
11:46:06,877,7.962702960840497
11:46:07,877,7.964568431092036
11:46:08,877,7.964568431092036
11:46:09,878,7.967357142857143
11:46:10,878,7.967357142857143
11:46:11,878,7.967357142857143
11:46:12,878,7.967357142857143
11:46:13,879,7.967357142857143
11:46:14,879,7.967357142857143
11:46:15,879,7.967357142857143
11:46:16,879,7.967357142857143
11:46:17,879,7.967357142857143
11:46:18,880,7.9690917736566815
11:46:19,880,7.9690917736566815
11:46:20,880,7.9690917736566815
11:46:21,880,7.9690917736566815
11:46:22,880,7.97167616334283
11:46:23,880,7.97167616334283
11:46:24,880,7.978733997155049
11:46:25,880,7.978733997155049
11:46:26,880,7.978733997155049
11:46:27,880,7.986221590909091
11:46:28,880,7.986221590909091
11:46:29,880,7.985319148936171
11:46:30,880,7.985319148936171
11:46:31,880,7.985319148936171
11:46:32,880,7.985319148936171
11:46:33,880,7.985319148936171
11:46:34,880,7.991525023607177
11:46:35,880,7.991525023607177
11:46:36,880,7.991525023607177
11:46:37,880,7.991525023607177
11:46:38,880,7.991525023607177
11:46:39,880,7.991525023607177
11:46:40,880,8.010216572504708
11:46:41,880,8.010216572504708
11:46:42,880,8.013070051716031
11:46:43,880,8.013070051716031
11:46:44,880,8.013070051716031
11:46:45,880,8.020821596244131
11:46:46,880,8.020821596244131
11:46:47,880,8.020821596244131
11:46:48,880,8.020821596244131
11:46:49,880,8.020821596244131
11:46:50,880,8.020821596244131
11:46:51,880,8.020821596244131
11:46:52,880,8.024683544303796
11:46:53,882,8.024683544303796
11:46:54,882,8.024683544303796
11:46:55,882,8.024683544303796
11:46:56,883,8.024683544303796
11:46:57,883,8.025
11:46:58,883,8.033052828424497
11:46:59,884,8.033052828424497
11:47:00,884,8.035830999066294
11:47:01,884,8.035830999066294
11:47:02,884,8.035830999066294
11:47:03,884,8.035830999066294
11:47:04,884,8.035830999066294
11:47:05,884,8.035830999066294
11:47:06,884,8.035830999066294
11:47:07,884,8.035830999066294
11:47:08,884,8.035830999066294
11:47:09,884,8.035830999066294
11:47:10,884,8.035830999066294
11:47:11,884,8.035830999066294
11:47:12,884,8.03897435897436
11:47:13,884,8.03897435897436
11:47:14,884,8.03897435897436
11:47:15,884,8.03945530726257
11:47:16,884,8.044258484425848
11:47:17,885,8.044258484425848
11:47:18,885,8.044258484425848
11:47:19,885,8.05259981429898
11:47:20,886,8.05259981429898
11:47:21,886,8.05259981429898
11:47:22,886,8.051576263328696
11:47:23,886,8.057407407407407
11:47:24,886,8.057407407407407
11:47:25,886,8.057407407407407
11:47:26,889,8.057407407407407
11:47:27,889,8.057407407407407
11:47:28,889,8.057407407407407
11:47:29,891,8.067036523347204
11:47:30,892,8.075461680517083
11:47:31,892,8.075461680517083
11:47:32,893,8.076417704011066
11:47:33,894,8.077670349907919
11:47:34,894,8.077670349907919
11:47:35,894,8.077670349907919
11:47:36,895,8.083241379310344
11:47:37,895,8.083241379310344
11:47:38,896,8.083241379310344
11:47:39,896,8.083241379310344
11:47:40,896,8.083241379310344
11:47:41,896,8.083241379310344
11:47:42,898,8.083241379310344
11:47:43,898,8.083241379310344
11:47:44,898,8.083241379310344
11:47:45,898,8.083241379310344
11:47:46,900,8.08374655647383
11:47:47,900,8.08374655647383
11:47:48,900,8.08374655647383
11:47:49,901,8.08374655647383
11:47:50,901,8.08374655647383
11:47:51,901,8.08374655647383
11:47:52,902,8.08374655647383
11:47:53,902,8.08374655647383
11:47:54,902,8.08374655647383
11:47:55,903,8.08374655647383
11:47:56,903,8.08374655647383
11:47:57,903,8.08374655647383
11:47:58,903,8.08374655647383
11:47:59,903,8.08374655647383
11:48:00,903,8.08374655647383
11:48:01,904,8.085511233379185
11:48:02,904,8.085511233379185
11:48:03,904,8.085511233379185
11:48:04,904,8.086675824175824
11:48:05,905,8.09236396890718
11:48:06,907,8.10214611872146
11:48:07,907,8.10214611872146
11:48:08,907,8.11188524590164
11:48:09,908,8.11188524590164
11:48:10,908,8.120395634379262
11:48:11,910,8.120395634379262
11:48:12,910,8.117870118074478
11:48:13,911,8.117870118074478
11:48:14,912,8.117870118074478
11:48:15,913,8.117870118074478
11:48:16,914,8.117870118074478
11:48:17,915,8.117870118074478
11:48:18,915,8.117870118074478
11:48:19,916,8.117870118074478
11:48:20,916,8.12001811594203
11:48:21,917,8.12001811594203
11:48:22,917,8.12001811594203
11:48:23,919,8.12001811594203
11:48:24,919,8.12001811594203
11:48:25,920,8.12001811594203
11:48:26,921,8.12001811594203
11:48:27,921,8.126865671641792
11:48:28,921,8.133220415537489
11:48:29,921,8.133220415537489
11:48:30,922,8.133220415537489
11:48:31,922,8.133220415537489
11:48:32,922,8.133220415537489
11:48:33,922,8.133220415537489
11:48:34,923,8.133220415537489
11:48:35,923,8.133220415537489
11:48:36,924,8.133220415537489
11:48:37,924,8.133220415537489
11:48:38,925,8.133220415537489
11:48:39,925,8.133220415537489
11:48:40,926,8.133220415537489
11:48:41,926,8.133220415537489
11:48:42,926,8.133220415537489
11:48:43,927,8.133220415537489
11:48:44,928,8.133220415537489
11:48:45,928,8.139670726206585
11:48:46,928,8.139670726206585
11:48:47,928,8.139670726206585
11:48:48,929,8.139670726206585
11:48:49,929,8.139670726206585
11:48:50,929,8.139670726206585
11:48:51,929,8.142004504504504
11:48:52,929,8.142004504504504
11:48:53,931,8.151372019793072
11:48:54,932,8.1581311769991
11:48:55,932,8.159757738896365
11:48:56,932,8.159757738896365
11:48:57,933,8.16671146953405
11:48:58,933,8.16671146953405
11:48:59,934,8.170335570469799
11:49:00,934,8.170335570469799
11:49:01,935,8.170335570469799
11:49:02,935,8.168766756032172
11:49:03,936,8.168766756032172
11:49:04,936,8.168766756032172
11:49:05,937,8.168766756032172
11:49:06,937,8.168766756032172
11:49:07,937,8.168766756032172
11:49:08,939,8.168766756032172
11:49:09,939,8.170838911200358
11:49:10,939,8.170838911200358
11:49:11,939,8.170838911200358
11:49:12,939,8.17190285204991
11:49:13,939,8.17190285204991
11:49:14,939,8.17190285204991
11:49:15,940,8.17190285204991
11:49:16,940,8.178638184245662
11:49:17,941,8.178638184245662
11:49:18,941,8.178638184245662
11:49:19,941,8.178638184245662
11:49:20,941,8.178638184245662
11:49:21,941,8.178638184245662
11:49:22,941,8.178638184245662
11:49:23,941,8.178638184245662
11:49:24,941,8.179733333333333
11:49:25,942,8.179733333333333
11:49:26,942,8.179733333333333
11:49:27,943,8.179733333333333
11:49:28,943,8.183399911229472
11:49:29,943,8.18386524822695
11:49:30,944,8.18386524822695
11:49:31,944,8.18386524822695
11:49:32,944,8.18386524822695
11:49:33,945,8.18386524822695
11:49:34,946,8.18386524822695
11:49:35,946,8.18386524822695
11:49:36,947,8.190814519698982
11:49:37,948,8.190814519698982
11:49:38,948,8.190814519698982
11:49:39,948,8.19210875331565
11:49:40,949,8.19210875331565
11:49:41,950,8.19210875331565
11:49:42,952,8.19210875331565
11:49:43,952,8.199603174603174
11:49:44,952,8.199603174603174
11:49:45,953,8.215193491644678
11:49:46,953,8.215193491644678
11:49:47,953,8.215193491644678
11:49:48,953,8.215193491644678
11:49:49,953,8.215193491644678
11:49:50,954,8.215193491644678
11:49:51,954,8.215193491644678
11:49:52,954,8.215193491644678
11:49:53,954,8.216140350877193
11:49:54,955,8.216140350877193
11:49:55,955,8.216140350877193
11:49:56,955,8.216140350877193
11:49:57,955,8.216140350877193
11:49:58,955,8.216600963644328
11:49:59,955,8.216600963644328
11:50:00,955,8.216600963644328
11:50:01,955,8.218110236220472
11:50:02,955,8.218110236220472
11:50:03,955,8.218110236220472
11:50:04,955,8.218110236220472
11:50:05,955,8.225185670598515
11:50:06,955,8.225185670598515
11:50:07,955,8.225185670598515
11:50:08,955,8.225185670598515
11:50:09,955,8.225185670598515
11:50:10,956,8.225185670598515
11:50:11,956,8.225185670598515
11:50:12,958,8.225185670598515
11:50:13,958,8.225185670598515
11:50:14,958,8.225185670598515
11:50:15,959,8.22456369982548
11:50:16,960,8.22456369982548
11:50:17,960,8.230152505446624
11:50:18,960,8.230152505446624
11:50:19,960,8.230152505446624
11:50:20,960,8.230152505446624
11:50:21,961,8.234725848563968
11:50:22,961,8.234725848563968
11:50:23,961,8.234725848563968
11:50:24,962,8.234725848563968
11:50:25,962,8.234725848563968
11:50:26,962,8.234725848563968
11:50:27,962,8.234725848563968
11:50:28,963,8.234725848563968
11:50:29,963,8.234725848563968
11:50:30,963,8.234725848563968
11:50:31,963,8.234725848563968
11:50:32,963,8.234725848563968
11:50:33,964,8.24439374185137
11:50:34,964,8.253142609449501
11:50:35,964,8.253142609449501
11:50:36,964,8.257380952380952
11:50:37,964,8.257380952380952
11:50:38,964,8.257380952380952
11:50:39,965,8.257380952380952
11:50:40,965,8.257380952380952
11:50:41,965,8.257380952380952
11:50:42,965,8.257380952380952
11:50:43,965,8.257380952380952
11:50:44,965,8.257380952380952
11:50:45,965,8.257380952380952
11:50:46,965,8.257380952380952
11:50:47,965,8.257380952380952
11:50:48,965,8.258300907911803
11:50:49,965,8.258300907911803
11:50:50,966,8.258300907911803
11:50:51,967,8.258300907911803
11:50:52,967,8.2588298791019
11:50:53,967,8.2588298791019
11:50:54,967,8.2588298791019
11:50:55,967,8.2588298791019
11:50:56,967,8.2588298791019
11:50:57,967,8.265674859853386
11:50:58,967,8.265674859853386
11:50:59,967,8.265674859853386
11:51:00,967,8.265674859853386
11:51:01,967,8.265674859853386
11:51:02,967,8.265674859853386
11:51:03,967,8.268130921619294
11:51:04,967,8.268130921619294
11:51:05,967,8.268130921619294
11:51:06,967,8.268451612903226
11:51:07,967,8.268451612903226
11:51:08,967,8.268384879725085
11:51:09,967,8.268384879725085
11:51:10,967,8.27007722007722
11:51:11,967,8.27007722007722
11:51:12,967,8.27007722007722
11:51:13,967,8.27538560411311
11:51:14,967,8.27538560411311
11:51:15,967,8.27538560411311
11:51:16,967,8.27538560411311
11:51:17,967,8.27538560411311
11:51:18,968,8.27538560411311
11:51:19,968,8.27538560411311
11:51:20,968,8.27538560411311
11:51:21,968,8.27538560411311
11:51:22,968,8.27538560411311
11:51:23,968,8.28621794871795
11:51:24,968,8.28621794871795
11:51:25,968,8.293115942028985
11:51:26,968,8.293115942028985
11:51:27,968,8.305208333333333
11:51:28,968,8.305208333333333
11:51:29,968,8.308789808917197
11:51:30,969,8.308789808917197
11:51:31,969,8.308789808917197
11:51:32,969,8.308789808917197
11:51:33,969,8.308789808917197
11:51:34,969,8.308789808917197
11:51:35,969,8.308789808917197
11:51:36,969,8.308789808917197
11:51:37,969,8.308789808917197
11:51:38,969,8.308789808917197
11:51:39,969,8.308789808917197
11:51:40,970,8.309944868532655
11:51:41,970,8.309944868532655
11:51:42,970,8.31156937394247
11:51:43,970,8.31156937394247
11:51:44,970,8.312589776087874
11:51:45,970,8.312589776087874
11:51:46,970,8.312589776087874
11:51:47,970,8.312589776087874
11:51:48,970,8.312589776087874
11:51:49,970,8.312589776087874
11:51:50,970,8.312589776087874
11:51:51,970,8.312589776087874
11:51:52,971,8.312589776087874
11:51:53,971,8.312589776087874
11:51:54,971,8.312589776087874
11:51:55,971,8.312589776087874
11:51:56,972,8.313776371308016
11:51:57,972,8.313776371308016
11:51:58,972,8.313776371308016
11:51:59,972,8.31582385166456
11:52:00,973,8.314478114478115
11:52:01,973,8.314478114478115
11:52:02,973,8.320344682639764
11:52:03,973,8.320344682639764
11:52:04,974,8.321116708648194
11:52:05,974,8.321116708648194
11:52:06,974,8.321116708648194
11:52:07,974,8.321116708648194
11:52:08,975,8.321116708648194
11:52:09,975,8.321116708648194
11:52:10,975,8.321116708648194
11:52:11,976,8.321116708648194
11:52:12,976,8.32601677148847
11:52:13,976,8.32601677148847
11:52:14,977,8.331281407035176
11:52:15,977,8.331281407035176
11:52:16,977,8.335006273525721
11:52:17,979,8.335006273525721
11:52:18,979,8.335006273525721
11:52:19,979,8.335006273525721
11:52:20,979,8.335006273525721
11:52:21,980,8.335006273525721
11:52:22,980,8.335006273525721
11:52:23,980,8.335006273525721
11:52:24,981,8.335006273525721
11:52:25,981,8.335006273525721
11:52:26,981,8.336612364243942
11:52:27,981,8.336612364243942
11:52:28,982,8.336612364243942
11:52:29,982,8.339695452649146
11:52:30,982,8.339695452649146
11:52:31,983,8.349979166666666
11:52:32,983,8.349979166666666
11:52:33,983,8.35187265917603
11:52:34,983,8.35187265917603
11:52:35,983,8.35187265917603
11:52:36,983,8.35187265917603
11:52:37,983,8.356982543640898
11:52:38,983,8.356982543640898
11:52:39,983,8.356982543640898
11:52:40,983,8.356982543640898
11:52:41,983,8.356982543640898
11:52:42,985,8.356982543640898
11:52:43,985,8.356982543640898
11:52:44,985,8.356982543640898
11:52:45,985,8.356982543640898
11:52:46,986,8.358509755085098
11:52:47,987,8.358509755085098
11:52:48,987,8.363830227743271
11:52:49,988,8.36677005789909
11:52:50,988,8.36677005789909
11:52:51,988,8.36677005789909
11:52:52,988,8.368711276332094
11:52:53,988,8.368711276332094
11:52:54,988,8.368711276332094
11:52:55,988,8.368711276332094
11:52:56,988,8.368711276332094
11:52:57,988,8.368711276332094
11:52:58,989,8.368711276332094
11:52:59,989,8.368711276332094
11:53:00,990,8.368711276332094
11:53:01,990,8.375113308611454
11:53:02,991,8.375113308611454
11:53:03,992,8.375113308611454
11:53:04,992,8.379387587340732
11:53:05,992,8.379228243021347
11:53:06,993,8.382779827798279
11:53:07,994,8.382779827798279
11:53:08,994,8.386179361179362
11:53:09,994,8.386179361179362
11:53:10,994,8.386179361179362
11:53:11,994,8.386179361179362
11:53:12,994,8.386179361179362
11:53:13,994,8.386179361179362
11:53:14,994,8.386179361179362
11:53:15,994,8.386179361179362
11:53:16,994,8.386179361179362
11:53:17,994,8.386179361179362
11:53:18,994,8.388548057259714
11:53:19,994,8.388548057259714
11:53:20,994,8.398876633986928
11:53:21,994,8.398876633986928
11:53:22,994,8.398876633986928
11:53:23,994,8.398876633986928
11:53:24,995,8.407008964955175
11:53:25,995,8.407008964955175
11:53:26,995,8.407008964955175
11:53:27,995,8.408363858363858
11:53:28,996,8.408363858363858
11:53:29,996,8.408363858363858
11:53:30,996,8.410934959349593
11:53:31,997,8.410934959349593
11:53:32,997,8.410934959349593
11:53:33,997,8.410934959349593
11:53:34,997,8.410934959349593
11:53:35,997,8.410934959349593
11:53:36,997,8.410934959349593
11:53:37,997,8.412403572878604
11:53:38,997,8.412403572878604
11:53:39,997,8.412403572878604
11:53:40,997,8.412403572878604
11:53:41,997,8.416139497161394
11:53:42,997,8.416139497161394
11:53:43,997,8.416139497161394
11:53:44,997,8.416139497161394
11:53:45,997,8.416139497161394
11:53:46,997,8.416139497161394
11:53:47,997,8.416139497161394
11:53:48,997,8.416139497161394
11:53:49,997,8.416139497161394
11:53:50,997,8.416139497161394
11:53:51,997,8.416139497161394
11:53:52,997,8.415087079789389
11:53:53,997,8.419397249190938
11:53:54,997,8.419397249190938
11:53:55,997,8.419397249190938
11:53:56,998,8.41690909090909
11:53:57,998,8.41690909090909
11:53:58,999,8.422128174123337
11:53:59,999,8.422128174123337
11:54:00,999,8.426147342995169
11:54:01,999,8.426147342995169
11:54:02,999,8.426147342995169
11:54:03,999,8.426147342995169
11:54:04,999,8.426147342995169
11:54:05,999,8.426147342995169
11:54:06,999,8.426147342995169
11:54:07,999,8.428588661037393
11:54:08,999,8.428588661037393
11:54:09,1000,8.428588661037393
11:54:10,1000,8.428588661037393
11:54:11,1000,8.428588661037393
11:54:12,1001,8.439116465863455
11:54:13,1002,8.439116465863455
11:54:14,1002,8.439116465863455
11:54:15,1003,8.436562374649018
11:54:16,1003,8.436562374649018
11:54:17,1004,8.441786858974359
11:54:18,1005,8.441786858974359
11:54:19,1005,8.441786858974359
11:54:20,1005,8.441786858974359
11:54:21,1007,8.441786858974359
11:54:22,1007,8.441786858974359
11:54:23,1007,8.441786858974359
11:54:24,1007,8.441786858974359
11:54:25,1007,8.444637855142057
11:54:26,1008,8.444637855142057
11:54:27,1008,8.447761790567546
11:54:28,1008,8.447761790567546
11:54:29,1010,8.447761790567546
11:54:30,1010,8.447761790567546
11:54:31,1010,8.451337325349302
11:54:32,1012,8.451337325349302
11:54:33,1012,8.451337325349302
11:54:34,1012,8.451337325349302
11:54:35,1014,8.451337325349302
11:54:36,1014,8.451337325349302
11:54:37,1014,8.451337325349302
11:54:38,1015,8.451337325349302
11:54:39,1015,8.451337325349302
11:54:40,1016,8.451337325349302
11:54:41,1016,8.455023923444976
11:54:42,1016,8.455023923444976
11:54:43,1016,8.455023923444976
11:54:44,1016,8.455023923444976
11:54:45,1016,8.461694510739857
11:54:46,1016,8.461694510739857
11:54:47,1016,8.460031783869686
11:54:48,1016,8.460031783869686
11:54:49,1016,8.464742063492062
11:54:50,1016,8.461831153388824
11:54:51,1016,8.461831153388824
11:54:52,1016,8.461831153388824
11:54:53,1016,8.461831153388824
11:54:54,1016,8.461831153388824
11:54:55,1016,8.461831153388824
11:54:56,1016,8.461831153388824
11:54:57,1016,8.467003167062549
11:54:58,1016,8.470620798734679
11:54:59,1017,8.470620798734679
11:55:00,1017,8.470063191153239
11:55:01,1017,8.479467455621302
11:55:02,1018,8.479467455621302
11:55:03,1018,8.479467455621302
11:55:04,1018,8.479467455621302
11:55:05,1018,8.48421985815603
11:55:06,1018,8.490220385674931
11:55:07,1019,8.490220385674931
11:55:08,1019,8.490220385674931
11:55:09,1020,8.490220385674931
11:55:10,1021,8.490220385674931
11:55:11,1021,8.490220385674931
11:55:12,1021,8.490220385674931
11:55:13,1022,8.490220385674931
11:55:14,1022,8.490220385674931
11:55:15,1022,8.490220385674931
11:55:16,1022,8.490220385674931
11:55:17,1022,8.490220385674931
11:55:18,1023,8.490220385674931
11:55:19,1023,8.490220385674931
11:55:20,1023,8.490220385674931
11:55:21,1024,8.490220385674931
11:55:22,1024,8.490220385674931
11:55:23,1026,8.490220385674931
11:55:24,1027,8.490220385674931
11:55:25,1027,8.490220385674931
11:55:26,1028,8.490220385674931
11:55:27,1028,8.490220385674931
11:55:28,1029,8.490220385674931
11:55:29,1029,8.490220385674931
11:55:30,1030,8.491136006289308
11:55:31,1031,8.49040047114252
11:55:32,1031,8.49040047114252
11:55:33,1031,8.49040047114252
11:55:34,1032,8.49040047114252
11:55:35,1033,8.49040047114252
11:55:36,1033,8.495196078431372
11:55:37,1034,8.495196078431372
11:55:38,1035,8.495196078431372
11:55:39,1035,8.499041471048512
11:55:40,1035,8.499041471048512
11:55:41,1037,8.503946854239937
11:55:42,1037,8.503946854239937
11:55:43,1037,8.503946854239937
11:55:44,1038,8.503946854239937
11:55:45,1038,8.503946854239937
11:55:46,1038,8.509504293520687
11:55:47,1039,8.509504293520687
11:55:48,1039,8.509504293520687
11:55:49,1039,8.51083820662768
11:55:50,1039,8.51083820662768
11:55:51,1040,8.510027258566979
11:55:52,1040,8.510027258566979
11:55:53,1040,8.519506028782574
11:55:54,1041,8.519506028782574
11:55:55,1041,8.519506028782574
11:55:56,1041,8.519506028782574
11:55:57,1042,8.519506028782574
11:55:58,1042,8.525252525252524
11:55:59,1042,8.525252525252524
11:56:00,1043,8.525252525252524
11:56:01,1043,8.525252525252524
11:56:02,1043,8.525252525252524
11:56:03,1044,8.525252525252524
11:56:04,1044,8.525252525252524
11:56:05,1044,8.525252525252524
11:56:06,1044,8.525252525252524
11:56:07,1044,8.525252525252524
11:56:08,1044,8.525252525252524
11:56:09,1044,8.522856034148235
11:56:10,1044,8.522856034148235
11:56:11,1044,8.522856034148235
11:56:12,1044,8.528217054263566
11:56:13,1044,8.528217054263566
11:56:14,1044,8.528217054263566
11:56:15,1044,8.528217054263566
11:56:16,1044,8.528217054263566
11:56:17,1044,8.528217054263566
11:56:18,1045,8.528217054263566
11:56:19,1046,8.52861014324429
11:56:20,1046,8.52861014324429
11:56:21,1046,8.52861014324429
11:56:22,1047,8.527300850734726
11:56:23,1047,8.527300850734726
11:56:24,1047,8.527300850734726
11:56:25,1048,8.527300850734726
11:56:26,1048,8.527300850734726
11:56:27,1048,8.527300850734726
11:56:28,1048,8.527300850734726
11:56:29,1048,8.53028549382716
11:56:30,1048,8.53028549382716
11:56:31,1048,8.536377649325626
11:56:32,1049,8.536377649325626
11:56:33,1049,8.536377649325626
11:56:34,1049,8.536377649325626
11:56:35,1049,8.536377649325626
11:56:36,1050,8.536377649325626
11:56:37,1050,8.5423402617398
11:56:38,1050,8.5423402617398
11:56:39,1051,8.544848135332565
11:56:40,1051,8.544848135332565
11:56:41,1051,8.54489247311828
11:56:42,1052,8.54489247311828
11:56:43,1052,8.54489247311828
11:56:44,1052,8.553950901419256
11:56:45,1052,8.553950901419256
11:56:46,1053,8.553950901419256
11:56:47,1053,8.553950901419256
11:56:48,1053,8.553950901419256
11:56:49,1053,8.560574712643678
11:56:50,1053,8.560574712643678
11:56:51,1053,8.560574712643678
11:56:52,1053,8.560574712643678
11:56:53,1053,8.560574712643678
11:56:54,1053,8.567450305810398
11:56:55,1053,8.567450305810398
11:56:56,1053,8.567450305810398
11:56:57,1053,8.567450305810398
11:56:58,1053,8.567450305810398
11:56:59,1053,8.567450305810398
11:57:00,1053,8.567450305810398
11:57:01,1053,8.567450305810398
11:57:02,1053,8.567450305810398
11:57:03,1053,8.57290950744559
11:57:04,1053,8.57290950744559
11:57:05,1053,8.57290950744559
11:57:06,1053,8.57290950744559
11:57:07,1053,8.57290950744559
11:57:08,1053,8.57290950744559
11:57:09,1053,8.57290950744559
11:57:10,1053,8.57290950744559
11:57:11,1053,8.573302822273073
11:57:12,1053,8.573302822273073
11:57:13,1053,8.573295238095238
11:57:14,1054,8.573295238095238
11:57:15,1054,8.573295238095238
11:57:16,1054,8.573295238095238
11:57:17,1054,8.573295238095238
11:57:18,1055,8.573295238095238
11:57:19,1055,8.577435312024354
11:57:20,1055,8.58073272589218
11:57:21,1056,8.58073272589218
11:57:22,1056,8.582138794084187
11:57:23,1056,8.582138794084187
11:57:24,1056,8.582138794084187
11:57:25,1057,8.582138794084187
11:57:26,1057,8.582138794084187
11:57:27,1058,8.582138794084187
11:57:28,1058,8.582138794084187
11:57:29,1058,8.582138794084187
11:57:30,1059,8.582138794084187
11:57:31,1059,8.582138794084187
11:57:32,1059,8.582138794084187
11:57:33,1060,8.582138794084187
11:57:34,1061,8.591439393939394
11:57:35,1061,8.591439393939394
11:57:36,1062,8.591439393939394
11:57:37,1062,8.591439393939394
11:57:38,1062,8.591439393939394
11:57:39,1062,8.598051456678016
11:57:40,1062,8.598051456678016
11:57:41,1063,8.598051456678016
11:57:42,1064,8.598051456678016
11:57:43,1064,8.604856386999245
11:57:44,1065,8.604856386999245
11:57:45,1065,8.602243589743589
11:57:46,1065,8.602243589743589
11:57:47,1066,8.602881355932203
11:57:48,1066,8.603743416102333
11:57:49,1066,8.610353250657647
11:57:50,1066,8.610353250657647
11:57:51,1066,8.610353250657647
11:57:52,1067,8.610353250657647
11:57:53,1067,8.610353250657647
11:57:54,1067,8.610353250657647
11:57:55,1068,8.616572822822823
11:57:56,1068,8.616572822822823
11:57:57,1069,8.616572822822823
11:57:58,1069,8.616572822822823
11:57:59,1069,8.616572822822823
11:58:00,1070,8.616572822822823
11:58:01,1071,8.616572822822823
11:58:02,1072,8.616460442444694
11:58:03,1072,8.616460442444694
11:58:04,1073,8.616460442444694
11:58:05,1073,8.616460442444694
11:58:06,1073,8.616460442444694
11:58:07,1073,8.616460442444694
11:58:08,1073,8.616460442444694
11:58:09,1073,8.623576779026218
11:58:10,1073,8.623576779026218
11:58:11,1073,8.623576779026218
11:58:12,1073,8.625589225589227
11:58:13,1073,8.625589225589227
11:58:14,1073,8.625589225589227
11:58:15,1073,8.625589225589227
11:58:16,1073,8.625589225589227
11:58:17,1073,8.632791479820629
11:58:18,1073,8.632791479820629
11:58:19,1073,8.62930197835013
11:58:20,1073,8.631524981357195
11:58:21,1073,8.631524981357195
11:58:22,1073,8.631524981357195
11:58:23,1073,8.631524981357195
11:58:24,1073,8.631524981357195
11:58:25,1073,8.638770949720671
11:58:26,1074,8.638770949720671
11:58:27,1074,8.648307291666667
11:58:28,1074,8.648307291666667
11:58:29,1074,8.648307291666667
11:58:30,1074,8.648307291666667
11:58:31,1074,8.648307291666667
11:58:32,1074,8.648307291666667
11:58:33,1074,8.648307291666667
11:58:34,1074,8.648625046451134
11:58:35,1074,8.648625046451134
11:58:36,1075,8.648663697104677
11:58:37,1075,8.648663697104677
11:58:38,1075,8.654634779384502
11:58:39,1075,8.652759259259259
11:58:40,1076,8.652759259259259
11:58:41,1076,8.652759259259259
11:58:42,1076,8.652759259259259
11:58:43,1076,8.652759259259259
11:58:44,1076,8.652759259259259
11:58:45,1076,8.654957454679986
11:58:46,1076,8.659959349593496
11:58:47,1076,8.659959349593496
11:58:48,1076,8.659959349593496
11:58:49,1076,8.659959349593496
11:58:50,1076,8.659959349593496
11:58:51,1076,8.659959349593496
11:58:52,1076,8.661904761904761
11:58:53,1076,8.661904761904761
11:58:54,1076,8.661904761904761
11:58:55,1076,8.661904761904761
11:58:56,1076,8.661904761904761
11:58:57,1076,8.661904761904761
11:58:58,1076,8.661904761904761
11:58:59,1078,8.668823746312684
11:59:00,1078,8.668823746312684
11:59:01,1078,8.668823746312684
11:59:02,1079,8.668823746312684
11:59:03,1079,8.668823746312684
11:59:04,1079,8.668823746312684
11:59:05,1080,8.668823746312684
11:59:06,1080,8.668823746312684
11:59:07,1080,8.67025782688766
11:59:08,1080,8.67025782688766
11:59:09,1080,8.6712789415656
11:59:10,1080,8.6712789415656
11:59:11,1080,8.672320117474303
11:59:12,1080,8.672320117474303
11:59:13,1080,8.672320117474303
11:59:14,1080,8.672320117474303
11:59:15,1080,8.672320117474303
11:59:16,1081,8.672320117474303
11:59:17,1081,8.672320117474303
11:59:18,1081,8.672320117474303
11:59:19,1081,8.672320117474303
11:59:20,1081,8.672320117474303
11:59:21,1081,8.672320117474303
11:59:22,1081,8.672320117474303
11:59:23,1081,8.672320117474303
11:59:24,1081,8.672320117474303
11:59:25,1081,8.682564102564102
11:59:26,1081,8.680918404683498
11:59:27,1081,8.680918404683498
11:59:28,1081,8.680918404683498
11:59:29,1081,8.686659356725148
11:59:30,1081,8.686659356725148
11:59:31,1081,8.686659356725148
11:59:32,1081,8.686659356725148
11:59:33,1081,8.686659356725148
11:59:34,1081,8.690343190945601
11:59:35,1081,8.694657184536833
11:59:36,1081,8.69743169398907
11:59:37,1081,8.69743169398907
11:59:38,1081,8.69743169398907
11:59:39,1081,8.69743169398907
11:59:40,1082,8.69743169398907
11:59:41,1082,8.69743169398907
11:59:42,1082,8.69743169398907
11:59:43,1082,8.692212518195051
11:59:44,1083,8.692212518195051
11:59:45,1083,8.690730643402398
11:59:46,1083,8.690730643402398
11:59:47,1083,8.690730643402398
11:59:48,1083,8.696844396082698
11:59:49,1084,8.696844396082698
11:59:50,1084,8.696844396082698
11:59:51,1085,8.696844396082698
11:59:52,1085,8.696844396082698
11:59:53,1085,8.696844396082698
11:59:54,1085,8.696844396082698
11:59:55,1085,8.696844396082698
11:59:56,1086,8.697989130434783
11:59:57,1086,8.697989130434783
11:59:58,1086,8.697989130434783
11:59:59,1086,8.697989130434783
12:00:00,1087,8.702334419109663
12:00:01,1087,8.702334419109663
12:00:02,1087,8.697198120028924
12:00:03,1088,8.697198120028924
12:00:04,1088,8.697198120028924
12:00:05,1088,8.697198120028924
12:00:06,1088,8.697198120028924
12:00:07,1088,8.697198120028924
12:00:08,1088,8.697198120028924
12:00:09,1088,8.697198120028924
12:00:10,1088,8.697198120028924
12:00:11,1088,8.706121343445288
12:00:12,1088,8.706121343445288
12:00:13,1088,8.706121343445288
12:00:14,1088,8.71549422799423
12:00:15,1089,8.71549422799423
12:00:16,1089,8.71549422799423
12:00:17,1089,8.71549422799423
12:00:18,1090,8.71549422799423
12:00:19,1090,8.711675675675675
12:00:20,1090,8.711675675675675
12:00:21,1090,8.711675675675675
12:00:22,1090,8.708405327573793
12:00:23,1090,8.708405327573793
12:00:24,1090,8.712171880618483
12:00:25,1090,8.712171880618483
12:00:26,1091,8.712171880618483
12:00:27,1091,8.715768678160918
12:00:28,1092,8.715768678160918
12:00:29,1092,8.715768678160918
12:00:30,1093,8.717168998923574
12:00:31,1094,8.717168998923574
12:00:32,1094,8.720125448028675
12:00:33,1094,8.720125448028675
12:00:34,1095,8.720125448028675
12:00:35,1095,8.720125448028675
12:00:36,1096,8.720125448028675
12:00:37,1097,8.720125448028675
12:00:38,1097,8.724203365556749
12:00:39,1097,8.724203365556749
12:00:40,1098,8.733011789924973
12:00:41,1098,8.733011789924973
12:00:42,1099,8.733011789924973
12:00:43,1100,8.733011789924973
12:00:44,1100,8.741648822269807
12:00:45,1100,8.741648822269807
12:00:46,1102,8.741648822269807
12:00:47,1102,8.741648822269807
12:00:48,1102,8.741648822269807
12:00:49,1102,8.746595365418894
12:00:50,1103,8.746595365418894
12:00:51,1103,8.741373176805407
12:00:52,1104,8.741373176805407
12:00:53,1105,8.741373176805407
12:00:54,1105,8.741373176805407
12:00:55,1105,8.741373176805407
12:00:56,1106,8.741373176805407
12:00:57,1106,8.741373176805407
12:00:58,1106,8.741373176805407
12:00:59,1107,8.741373176805407
12:01:00,1107,8.741373176805407
12:01:01,1108,8.741373176805407
12:01:02,1110,8.741373176805407
12:01:03,1110,8.741373176805407
12:01:04,1111,8.741373176805407
12:01:05,1112,8.743479033404407
12:01:06,1113,8.753354632587861
12:01:07,1113,8.753354632587861
12:01:08,1114,8.750124113475177
12:01:09,1115,8.750124113475177
12:01:10,1116,8.750124113475177
12:01:11,1117,8.750566772936592
12:01:12,1118,8.750566772936592
12:01:13,1118,8.750566772936592
12:01:14,1118,8.754971691436658
12:01:15,1119,8.754971691436658
12:01:16,1120,8.754971691436658
12:01:17,1120,8.754971691436658
12:01:18,1120,8.754971691436658
12:01:19,1120,8.754971691436658
12:01:20,1121,8.754971691436658
12:01:21,1122,8.754971691436658
12:01:22,1122,8.754971691436658
12:01:23,1123,8.754065040650406
12:01:24,1123,8.754065040650406
12:01:25,1123,8.754065040650406
12:01:26,1123,8.754065040650406
12:01:27,1125,8.754065040650406
12:01:28,1125,8.758845338983052
12:01:29,1125,8.76289241622575
12:01:30,1125,8.76289241622575
12:01:31,1125,8.76289241622575
12:01:32,1126,8.768340380549683
12:01:33,1127,8.772668074621611
12:01:34,1128,8.772668074621611
12:01:35,1128,8.772668074621611
12:01:36,1129,8.778340365682139
12:01:37,1130,8.778340365682139
12:01:38,1130,8.788321039690903
12:01:39,1131,8.788321039690903
12:01:40,1132,8.790456140350877
12:01:41,1133,8.790456140350877
12:01:42,1133,8.787241500175254
12:01:43,1134,8.787241500175254
12:01:44,1136,8.79266456582633
12:01:45,1136,8.79266456582633
12:01:46,1136,8.79266456582633
12:01:47,1139,8.79266456582633
12:01:48,1139,8.79266456582633
12:01:49,1139,8.79266456582633
12:01:50,1141,8.79266456582633
12:01:51,1141,8.79266456582633
12:01:52,1141,8.79266456582633
12:01:53,1142,8.797743966421825
12:01:54,1143,8.797743966421825
12:01:55,1143,8.797743966421825
12:01:56,1143,8.797743966421825
12:01:57,1145,8.797743966421825
12:01:58,1145,8.793343815513627
12:01:59,1145,8.793343815513627
12:02:00,1147,8.793343815513627
12:02:01,1147,8.793343815513627
12:02:02,1147,8.793343815513627
12:02:03,1148,8.793343815513627
12:02:04,1149,8.793343815513627
12:02:05,1150,8.793343815513627
12:02:06,1150,8.793343815513627
12:02:07,1150,8.793343815513627
12:02:08,1150,8.793343815513627
12:02:09,1150,8.794205933682374
12:02:10,1150,8.794205933682374
12:02:11,1150,8.794205933682374
12:02:12,1151,8.800034867503486
12:02:13,1151,8.800034867503486
12:02:14,1151,8.800034867503486
12:02:15,1151,8.799321503131525
12:02:16,1151,8.799321503131525
12:02:17,1151,8.795012165450121
12:02:18,1151,8.799982638888888
12:02:19,1151,8.801612903225807
12:02:20,1151,8.80065835065835
12:02:21,1151,8.80065835065835
12:02:22,1151,8.80065835065835
12:02:23,1151,8.80065835065835
12:02:24,1151,8.80065835065835
12:02:25,1152,8.80065835065835
12:02:26,1152,8.80065835065835
12:02:27,1152,8.80065835065835
12:02:28,1152,8.807217030114227
12:02:29,1152,8.807217030114227
12:02:30,1152,8.812811203319503
12:02:31,1152,8.812811203319503
12:02:32,1152,8.812811203319503
12:02:33,1152,8.811456176673568
12:02:34,1152,8.811456176673568
12:02:35,1152,8.811456176673568
12:02:36,1152,8.816666666666666
12:02:37,1152,8.820747245179064
12:02:38,1152,8.820747245179064
12:02:39,1152,8.821620227038183
12:02:40,1152,8.821620227038183
12:02:41,1152,8.821620227038183
12:02:42,1152,8.821620227038183
12:02:43,1152,8.821620227038183
12:02:44,1152,8.820446735395189
12:02:45,1152,8.820446735395189
12:02:46,1152,8.820446735395189
12:02:47,1152,8.820446735395189
12:02:48,1153,8.820446735395189
12:02:49,1153,8.820446735395189
12:02:50,1153,8.820446735395189
12:02:51,1153,8.820446735395189
12:02:52,1153,8.820446735395189
12:02:53,1153,8.820446735395189
12:02:54,1153,8.820446735395189
12:02:55,1153,8.822296601441813
12:02:56,1153,8.822296601441813
12:02:57,1153,8.822296601441813
12:02:58,1153,8.822296601441813
12:02:59,1153,8.822296601441813
12:03:00,1153,8.822296601441813
12:03:01,1153,8.827640603566529
12:03:02,1153,8.827640603566529
12:03:03,1153,8.824460431654677
12:03:04,1153,8.824460431654677
12:03:05,1153,8.824460431654677
12:03:06,1153,8.83141683778234
12:03:07,1153,8.83141683778234
12:03:08,1153,8.836119658119658
12:03:09,1153,8.836119658119658
12:03:10,1154,8.835023907103825
12:03:11,1154,8.835023907103825
12:03:12,1154,8.835023907103825
12:03:13,1154,8.835023907103825
12:03:14,1154,8.835023907103825
12:03:15,1154,8.835023907103825
12:03:16,1154,8.835023907103825
12:03:17,1154,8.835023907103825
12:03:18,1155,8.834152166496075
12:03:19,1155,8.839604635310158
12:03:20,1155,8.839604635310158
12:03:21,1155,8.846373850868234
12:03:22,1155,8.852108843537415
12:03:23,1155,8.852108843537415
12:03:24,1156,8.848131158681618
12:03:25,1156,8.848131158681618
12:03:26,1156,8.848131158681618
12:03:27,1156,8.848131158681618
12:03:28,1156,8.848131158681618
12:03:29,1156,8.848131158681618
12:03:30,1156,8.850746775288526
12:03:31,1156,8.850746775288526
12:03:32,1156,8.850746775288526
12:03:33,1156,8.85311970159376
12:03:34,1156,8.85311970159376
12:03:35,1156,8.85311970159376
12:03:36,1156,8.858367208672087
12:03:37,1156,8.858367208672087
12:03:38,1156,8.858367208672087
12:03:39,1156,8.858367208672087
12:03:40,1156,8.858367208672087
12:03:41,1156,8.858367208672087
12:03:42,1156,8.863824027072758
12:03:43,1156,8.863824027072758
12:03:44,1156,8.858130493576741
12:03:45,1156,8.858130493576741
12:03:46,1156,8.858130493576741
12:03:47,1156,8.858130493576741
12:03:48,1157,8.858130493576741
12:03:49,1157,8.858130493576741
12:03:50,1157,8.858130493576741
12:03:51,1158,8.863762242485647
12:03:52,1158,8.863762242485647
12:03:53,1158,8.865384615384615
12:03:54,1159,8.87226154364678
12:03:55,1159,8.87226154364678
12:03:56,1159,8.869595959595959
12:03:57,1159,8.869595959595959
12:03:58,1160,8.869595959595959
12:03:59,1160,8.869595959595959
12:04:00,1160,8.869595959595959
12:04:01,1160,8.870450723175244
12:04:02,1160,8.870450723175244
12:04:03,1160,8.870450723175244
12:04:04,1160,8.870450723175244
12:04:05,1160,8.870450723175244
12:04:06,1160,8.870450723175244
12:04:07,1161,8.870450723175244
12:04:08,1161,8.869690860215053
12:04:09,1161,8.869690860215053
12:04:10,1161,8.869690860215053
12:04:11,1161,8.874370594159114
12:04:12,1161,8.874370594159114
12:04:13,1162,8.880835010060363
12:04:14,1162,8.880835010060363
12:04:15,1163,8.880835010060363
12:04:16,1163,8.881859296482412
12:04:17,1163,8.881859296482412
12:04:18,1163,8.881859296482412
12:04:19,1163,8.881859296482412
12:04:20,1163,8.881859296482412
12:04:21,1163,8.884856091030791
12:04:22,1164,8.884856091030791
12:04:23,1164,8.884856091030791
12:04:24,1164,8.884856091030791
12:04:25,1165,8.884856091030791
12:04:26,1165,8.884856091030791
12:04:27,1165,8.884856091030791
12:04:28,1165,8.884856091030791
12:04:29,1165,8.884856091030791
12:04:30,1165,8.884856091030791
12:04:31,1166,8.88259779338014
12:04:32,1166,8.88259779338014
12:04:33,1166,8.883667334669338
12:04:34,1166,8.883667334669338
12:04:35,1166,8.883667334669338
12:04:36,1166,8.889122455789122
12:04:37,1167,8.889122455789122
12:04:38,1167,8.889122455789122
12:04:39,1167,8.889122455789122
12:04:40,1167,8.889122455789122
12:04:41,1167,8.889122455789122
12:04:42,1167,8.89465
12:04:43,1167,8.89465
12:04:44,1167,8.89465
12:04:45,1168,8.89465
12:04:46,1168,8.900799200799202
12:04:47,1168,8.900799200799202
12:04:48,1168,8.900799200799202
12:04:49,1168,8.900799200799202
12:04:50,1169,8.900799200799202
12:04:51,1169,8.900799200799202
12:04:52,1169,8.900799200799202
12:04:53,1169,8.900799200799202
12:04:54,1170,8.900799200799202
12:04:55,1170,8.900799200799202
12:04:56,1170,8.900799200799202
12:04:57,1170,8.900799200799202
12:04:58,1170,8.908333333333333
12:04:59,1170,8.907743436357595
12:05:00,1170,8.907743436357595
12:05:01,1171,8.907743436357595
12:05:02,1171,8.907743436357595
12:05:03,1171,8.914824037184594
12:05:04,1171,8.914824037184594
12:05:05,1172,8.91164678595096
12:05:06,1172,8.91164678595096
12:05:07,1172,8.91164678595096
12:05:08,1173,8.909798080105926
12:05:09,1173,8.909798080105926
12:05:10,1174,8.909798080105926
12:05:11,1174,8.909798080105926
12:05:12,1175,8.909798080105926
12:05:13,1175,8.909798080105926
12:05:14,1175,8.909798080105926
12:05:15,1175,8.909798080105926
12:05:16,1175,8.909798080105926
12:05:17,1175,8.916848544973544
12:05:18,1175,8.916848544973544
12:05:19,1175,8.916848544973544
12:05:20,1176,8.916848544973544
12:05:21,1176,8.92172117608193
12:05:22,1176,8.92506600660066
12:05:23,1176,8.92506600660066
12:05:24,1176,8.92506600660066
12:05:25,1176,8.920886910649523
12:05:26,1176,8.920886910649523
12:05:27,1177,8.920886910649523
12:05:28,1177,8.922233201581028
12:05:29,1177,8.922233201581028
12:05:30,1177,8.922233201581028
12:05:31,1178,8.922233201581028
12:05:32,1178,8.929450477130636
12:05:33,1178,8.929450477130636
12:05:34,1178,8.929450477130636
12:05:35,1178,8.929450477130636
12:05:36,1180,8.935815253122945
12:05:37,1180,8.935815253122945
12:05:38,1180,8.936863711001642
12:05:39,1181,8.936863711001642
12:05:40,1181,8.936863711001642
12:05:41,1181,8.936863711001642
12:05:42,1181,8.936863711001642
12:05:43,1182,8.936863711001642
12:05:44,1183,8.936863711001642
12:05:45,1183,8.936863711001642
12:05:46,1183,8.936863711001642
12:05:47,1184,8.936863711001642
12:05:48,1184,8.93626968503937
12:05:49,1184,8.93626968503937
12:05:50,1185,8.93626968503937
12:05:51,1185,8.93626968503937
12:05:52,1185,8.93626968503937
12:05:53,1186,8.942543428384136
12:05:54,1186,8.942543428384136
12:05:55,1187,8.943844138834317
12:05:56,1188,8.943844138834317
12:05:57,1188,8.94772652927707
12:05:58,1188,8.94772652927707
12:05:59,1189,8.94772652927707
12:06:00,1189,8.94772652927707
12:06:01,1189,8.94772652927707
12:06:02,1190,8.94772652927707
12:06:03,1190,8.94772652927707
12:06:04,1191,8.94772652927707
12:06:05,1191,8.94772652927707
12:06:06,1193,8.94772652927707
12:06:07,1193,8.954983660130718
12:06:08,1193,8.954983660130718
12:06:09,1193,8.954983660130718
12:06:10,1194,8.954983660130718
12:06:11,1194,8.956807051909893
12:06:12,1194,8.956807051909893
12:06:13,1194,8.956807051909893
12:06:14,1194,8.956807051909893
12:06:15,1195,8.958577951728637
12:06:16,1195,8.958577951728637
12:06:17,1195,8.958577951728637
12:06:18,1196,8.958577951728637
12:06:19,1196,8.958577951728637
12:06:20,1196,8.958577951728637
12:06:21,1197,8.958577951728637
12:06:22,1197,8.965607689801237
12:06:23,1197,8.965607689801237
12:06:24,1197,8.963802083333333
12:06:25,1198,8.963802083333333
12:06:26,1198,8.963802083333333
12:06:27,1199,8.969821138211383
12:06:28,1199,8.969821138211383
12:06:29,1200,8.969821138211383
12:06:30,1200,8.969821138211383
12:06:31,1200,8.969821138211383
12:06:32,1201,8.969821138211383
12:06:33,1201,8.969821138211383
12:06:34,1201,8.969821138211383
12:06:35,1202,8.966634178037687
12:06:36,1202,8.966634178037687
12:06:37,1202,8.966634178037687
12:06:38,1203,8.966553067185979
12:06:39,1203,8.966553067185979
12:06:40,1203,8.966553067185979
12:06:41,1204,8.966553067185979
12:06:42,1204,8.966553067185979
12:06:43,1204,8.964105058365758
12:06:44,1204,8.964105058365758
12:06:45,1205,8.964105058365758
12:06:46,1206,8.968934240362811
12:06:47,1206,8.96598705501618
12:06:48,1206,8.971354671839638
12:06:49,1207,8.971354671839638
12:06:50,1207,8.971354671839638
12:06:51,1207,8.971354671839638
12:06:52,1208,8.971354671839638
12:06:53,1208,8.971354671839638
12:06:54,1208,8.971354671839638
12:06:55,1208,8.971354671839638
12:06:56,1209,8.971354671839638
12:06:57,1209,8.977002583979328
12:06:58,1210,8.977002583979328
12:06:59,1210,8.980689877498387
12:07:00,1211,8.980689877498387
12:07:01,1211,8.98304347826087
12:07:02,1212,8.985151222651222
12:07:03,1213,8.985151222651222
12:07:04,1213,8.98953712632594
12:07:05,1214,8.98953712632594
12:07:06,1214,8.98953712632594
12:07:07,1214,8.98953712632594
12:07:08,1215,8.98953712632594
12:07:09,1215,8.98953712632594
12:07:10,1216,8.98953712632594
12:07:11,1216,8.98953712632594
12:07:12,1216,8.993609505459215
12:07:13,1216,8.993609505459215
12:07:14,1216,8.993609505459215
12:07:15,1216,8.993609505459215
12:07:16,1216,8.988755213346167
12:07:17,1216,8.992676282051283
12:07:18,1216,8.998046749919949
12:07:19,1216,8.998046749919949
12:07:20,1216,9.004570150207735
12:07:21,1216,9.004570150207735
12:07:22,1216,9.004570150207735
12:07:23,1216,9.004570150207735
12:07:24,1216,9.004570150207735
12:07:25,1216,9.004570150207735
12:07:26,1216,9.004570150207735
12:07:27,1216,9.004570150207735
12:07:28,1216,9.001420817369093
12:07:29,1216,9.001420817369093
12:07:30,1216,9.001420817369093
12:07:31,1216,9.001420817369093
12:07:32,1216,9.001420817369093
12:07:33,1216,9.001420817369093
12:07:34,1216,9.001420817369093
12:07:35,1216,9.001420817369093
12:07:36,1216,9.001420817369093
12:07:37,1217,9.001420817369093
12:07:38,1217,9.001420817369093
12:07:39,1217,8.99909090909091
12:07:40,1217,8.99909090909091
12:07:41,1217,8.99909090909091
12:07:42,1217,8.99909090909091
12:07:43,1217,8.99909090909091
12:07:44,1217,8.99909090909091
12:07:45,1217,8.99909090909091
12:07:46,1217,8.99909090909091
12:07:47,1217,8.99909090909091
12:07:48,1217,8.999920331421288
12:07:49,1217,8.999920331421288
12:07:50,1217,8.999920331421288
12:07:51,1217,9.002083333333333
12:07:52,1217,9.002083333333333
12:07:53,1217,9.007578646329838
12:07:54,1218,9.007578646329838
12:07:55,1218,9.007578646329838
12:07:56,1218,9.007578646329838
12:07:57,1218,9.010063492063493
12:07:58,1218,9.010063492063493
12:07:59,1218,9.010063492063493
12:08:00,1218,9.010063492063493
12:08:01,1218,9.010063492063493
12:08:02,1218,9.010063492063493
12:08:03,1218,9.010063492063493
12:08:04,1219,9.010063492063493
12:08:05,1220,9.021799746514576
12:08:06,1220,9.026100031655586
12:08:07,1220,9.026100031655586
12:08:08,1221,9.024699557242252
12:08:09,1221,9.02908372827804
12:08:10,1221,9.02908372827804
12:08:11,1222,9.02908372827804
12:08:12,1222,9.02908372827804
12:08:13,1222,9.02908372827804
12:08:14,1222,9.02908372827804
12:08:15,1222,9.02908372827804
12:08:16,1222,9.02908372827804
12:08:17,1222,9.02908372827804
12:08:18,1222,9.02908372827804
12:08:19,1222,9.02908372827804
12:08:20,1222,9.02908372827804
12:08:21,1222,9.02908372827804
12:08:22,1222,9.02908372827804
12:08:23,1222,9.02908372827804
12:08:24,1222,9.02908372827804
12:08:25,1222,9.030666035353535
12:08:26,1222,9.030666035353535
12:08:27,1222,9.030666035353535
12:08:28,1222,9.030666035353535
12:08:29,1222,9.030666035353535
12:08:30,1222,9.030666035353535
12:08:31,1222,9.030666035353535
12:08:32,1222,9.026048565121412
12:08:33,1222,9.026048565121412
12:08:34,1223,9.028875236294898
12:08:35,1223,9.028875236294898
12:08:36,1223,9.026172489770223
12:08:37,1223,9.027028301886793
12:08:38,1224,9.027028301886793
12:08:39,1224,9.027028301886793
12:08:40,1225,9.027028301886793
12:08:41,1225,9.031888155827835
12:08:42,1225,9.030539861895793
12:08:43,1225,9.030539861895793
12:08:44,1226,9.030539861895793
12:08:45,1226,9.030539861895793
12:08:46,1227,9.030539861895793
12:08:47,1228,9.030539861895793
12:08:48,1228,9.030539861895793
12:08:49,1228,9.030539861895793
12:08:50,1229,9.030539861895793
12:08:51,1229,9.030539861895793
12:08:52,1229,9.030539861895793
12:08:53,1229,9.03579492003763
12:08:54,1229,9.034931077694235
12:08:55,1229,9.040109546165885
12:08:56,1230,9.040109546165885
12:08:57,1231,9.04471544715447
12:08:58,1231,9.049703217744455
12:08:59,1232,9.049703217744455
12:09:00,1233,9.04861111111111
12:09:01,1233,9.04861111111111
12:09:02,1234,9.04861111111111
12:09:03,1234,9.04861111111111
12:09:04,1235,9.04861111111111
12:09:05,1235,9.04861111111111
12:09:06,1236,9.044059869036483
12:09:07,1236,9.046697819314641
12:09:08,1236,9.046697819314641
12:09:09,1237,9.046697819314641
12:09:10,1237,9.046697819314641
12:09:11,1237,9.046697819314641
12:09:12,1237,9.046697819314641
12:09:13,1237,9.050124378109452
12:09:14,1237,9.050124378109452
12:09:15,1237,9.050124378109452
12:09:16,1237,9.051644941030416
12:09:17,1237,9.051644941030416
12:09:18,1237,9.056031007751937
12:09:19,1237,9.056031007751937
12:09:20,1237,9.056031007751937
12:09:21,1238,9.056031007751937
12:09:22,1238,9.056031007751937
12:09:23,1239,9.05159541511772
12:09:24,1239,9.05159541511772
12:09:25,1239,9.047152584339214
12:09:26,1239,9.047152584339214
12:09:27,1240,9.047152584339214
12:09:28,1241,9.047152584339214
12:09:29,1241,9.05204081632653
12:09:30,1241,9.05204081632653
12:09:31,1242,9.051498300895892
12:09:32,1243,9.051498300895892
12:09:33,1243,9.051498300895892
12:09:34,1244,9.051498300895892
12:09:35,1244,9.051498300895892
12:09:36,1245,9.051498300895892
12:09:37,1245,9.051498300895892
12:09:38,1246,9.051498300895892
12:09:39,1247,9.051498300895892
12:09:40,1247,9.051498300895892
12:09:41,1248,9.051498300895892
12:09:42,1249,9.051498300895892
12:09:43,1249,9.051498300895892
12:09:44,1249,9.057530864197531
12:09:45,1249,9.057530864197531
12:09:46,1251,9.057530864197531
12:09:47,1251,9.060551447935921
12:09:48,1252,9.060551447935921
12:09:49,1252,9.060551447935921
12:09:50,1252,9.060551447935921
12:09:51,1252,9.060551447935921
12:09:52,1254,9.060551447935921
12:09:53,1254,9.060551447935921
12:09:54,1254,9.060551447935921
12:09:55,1254,9.060551447935921
12:09:56,1254,9.060551447935921
12:09:57,1255,9.060551447935921
12:09:58,1255,9.060551447935921
12:09:59,1255,9.060551447935921
12:10:00,1255,9.060551447935921
12:10:01,1255,9.060551447935921
12:10:02,1255,9.065373961218835
12:10:03,1255,9.065373961218835
12:10:04,1255,9.067174046740467
12:10:05,1255,9.070399385560677
12:10:06,1255,9.070399385560677
12:10:07,1255,9.07024248004911
12:10:08,1255,9.07024248004911
12:10:09,1255,9.07024248004911
12:10:10,1255,9.07024248004911
12:10:11,1255,9.073290401717264
12:10:12,1255,9.073290401717264
12:10:13,1255,9.073290401717264
12:10:14,1255,9.073290401717264
12:10:15,1255,9.073290401717264
12:10:16,1255,9.073290401717264
12:10:17,1255,9.073290401717264
12:10:18,1255,9.078799019607844
12:10:19,1256,9.078799019607844
12:10:20,1256,9.078799019607844
12:10:21,1256,9.084190388735843
12:10:22,1256,9.084190388735843
12:10:23,1256,9.084097859327217
12:10:24,1256,9.084097859327217
12:10:25,1256,9.084097859327217
12:10:26,1256,9.084097859327217
12:10:27,1256,9.084097859327217
12:10:28,1256,9.084097859327217
12:10:29,1256,9.079926672777269
12:10:30,1256,9.079926672777269
12:10:31,1256,9.079926672777269
12:10:32,1256,9.079926672777269
12:10:33,1257,9.086263736263737
12:10:34,1257,9.086263736263737
12:10:35,1257,9.086263736263737
12:10:36,1257,9.086263736263737
12:10:37,1257,9.086263736263737
12:10:38,1257,9.086263736263737
12:10:39,1257,9.087679170478804
12:10:40,1257,9.087679170478804
12:10:41,1257,9.08769043266301
12:10:42,1257,9.08769043266301
12:10:43,1257,9.08769043266301
12:10:44,1257,9.0841400304414
12:10:45,1257,9.0841400304414
12:10:46,1257,9.0841400304414
12:10:47,1257,9.0841400304414
12:10:48,1257,9.0841400304414
12:10:49,1257,9.090602189781022
12:10:50,1257,9.090602189781022
12:10:51,1257,9.093998784563961
12:10:52,1257,9.093998784563961
12:10:53,1258,9.093998784563961
12:10:54,1258,9.090922890103219
12:10:55,1258,9.090922890103219
12:10:56,1259,9.090922890103219
12:10:57,1259,9.090922890103219
12:10:58,1259,9.092857142857143
12:10:59,1259,9.092857142857143
12:11:00,1259,9.094742424242423
12:11:01,1259,9.094742424242423
12:11:02,1259,9.094742424242423
12:11:03,1259,9.090993036633364
12:11:04,1260,9.090993036633364
12:11:05,1260,9.087023593466425
12:11:06,1260,9.087023593466425
12:11:07,1261,9.087023593466425
12:11:08,1261,9.092218192807495
12:11:09,1261,9.092218192807495
12:11:10,1262,9.092218192807495
12:11:11,1262,9.092218192807495
12:11:12,1262,9.092218192807495
12:11:13,1262,9.098263888888889
12:11:14,1262,9.098263888888889
12:11:15,1262,9.101975867269983
12:11:16,1262,9.101975867269983
12:11:17,1262,9.10253164556962
12:11:18,1262,9.10253164556962
12:11:19,1262,9.103959650707619
12:11:20,1262,9.103959650707619
12:11:21,1262,9.103959650707619
12:11:22,1262,9.103959650707619
12:11:23,1262,9.103959650707619
12:11:24,1262,9.103959650707619
12:11:25,1263,9.103959650707619
12:11:26,1263,9.103959650707619
12:11:27,1263,9.103959650707619
12:11:28,1263,9.104317087845969
12:11:29,1263,9.104317087845969
12:11:30,1263,9.104317087845969
12:11:31,1263,9.104317087845969
12:11:32,1263,9.104317087845969
12:11:33,1263,9.104317087845969
12:11:34,1263,9.104317087845969
12:11:35,1263,9.104317087845969
12:11:36,1263,9.104317087845969
12:11:37,1263,9.100676284941388
12:11:38,1263,9.105135135135134
12:11:39,1265,9.105135135135134
12:11:40,1265,9.105135135135134
12:11:41,1265,9.111870503597123
12:11:42,1265,9.111870503597123
12:11:43,1267,9.111870503597123
12:11:44,1267,9.111870503597123
12:11:45,1267,9.111870503597123
12:11:46,1267,9.111870503597123
12:11:47,1268,9.112398921832884
12:11:48,1269,9.112398921832884
12:11:49,1269,9.112398921832884
12:11:50,1269,9.112398921832884
12:11:51,1270,9.112398921832884
12:11:52,1271,9.112398921832884
12:11:53,1271,9.112398921832884
12:11:54,1272,9.112398921832884
12:11:55,1272,9.112398921832884
12:11:56,1273,9.112398921832884
12:11:57,1273,9.112398921832884
12:11:58,1274,9.112398921832884
12:11:59,1274,9.109724715739079
12:12:00,1275,9.109724715739079
12:12:01,1276,9.115216741405082
12:12:02,1276,9.115216741405082
12:12:03,1277,9.116188769414576
12:12:04,1278,9.116188769414576
12:12:05,1279,9.122694717994628
12:12:06,1279,9.124880739415623
12:12:07,1279,9.124880739415623
12:12:08,1279,9.128805481084301
12:12:09,1280,9.130892857142857
12:12:10,1280,9.130892857142857
12:12:11,1280,9.127495543672014
12:12:12,1280,9.127495543672014
12:12:13,1281,9.123924013060254
12:12:14,1281,9.123924013060254
12:12:15,1281,9.123924013060254
12:12:16,1282,9.123924013060254
12:12:17,1282,9.123924013060254
12:12:18,1282,9.123924013060254
12:12:19,1284,9.123924013060254
12:12:20,1285,9.123924013060254
12:12:21,1285,9.126245551601423
12:12:22,1286,9.126245551601423
12:12:23,1286,9.126245551601423
12:12:24,1286,9.128503703703704
12:12:25,1286,9.128503703703704
12:12:26,1287,9.1303730017762
12:12:27,1287,9.134205856255544
12:12:28,1287,9.131102245862884
12:12:29,1289,9.131102245862884
12:12:30,1290,9.127723649247121
12:12:31,1290,9.127723649247121
12:12:32,1291,9.130678466076695
12:12:33,1292,9.128234600648394
12:12:34,1293,9.128234600648394
12:12:35,1294,9.128234600648394
12:12:36,1295,9.133451118963485
12:12:37,1295,9.133715798764342
12:12:38,1296,9.133715798764342
12:12:39,1296,9.135185185185184
12:12:40,1296,9.135185185185184
12:12:41,1296,9.135185185185184
12:12:42,1296,9.135185185185184
12:12:43,1297,9.135185185185184
12:12:44,1297,9.135185185185184
12:12:45,1298,9.135185185185184
12:12:46,1298,9.135185185185184
12:12:47,1298,9.135185185185184
12:12:48,1298,9.135185185185184
12:12:49,1299,9.135185185185184
12:12:50,1299,9.135185185185184
12:12:51,1299,9.135185185185184
12:12:52,1299,9.135185185185184
12:12:53,1300,9.135185185185184
12:12:54,1300,9.142290748898679
12:12:55,1300,9.142290748898679
12:12:56,1300,9.142290748898679
12:12:57,1300,9.142290748898679
12:12:58,1300,9.142290748898679
12:12:59,1300,9.142290748898679
12:13:00,1300,9.142290748898679
12:13:01,1300,9.141798708920188
12:13:02,1300,9.141798708920188
12:13:03,1300,9.144840222808561
12:13:04,1300,9.141578793204452
12:13:05,1300,9.141578793204452
12:13:06,1301,9.137518290898448
12:13:07,1301,9.137518290898448
12:13:08,1302,9.137518290898448
12:13:09,1302,9.142777777777779
12:13:10,1303,9.142777777777779
12:13:11,1303,9.142777777777779
12:13:12,1303,9.142777777777779
12:13:13,1304,9.142777777777779
12:13:14,1304,9.14545720128542
12:13:15,1304,9.14545720128542
12:13:16,1304,9.148788674839462
12:13:17,1304,9.148788674839462
12:13:18,1305,9.148788674839462
12:13:19,1305,9.148788674839462
12:13:20,1305,9.148788674839462
12:13:21,1306,9.148788674839462
12:13:22,1306,9.15119568387285
12:13:23,1306,9.15119568387285
12:13:24,1307,9.15119568387285
12:13:25,1307,9.15119568387285
12:13:26,1307,9.15119568387285
12:13:27,1308,9.15119568387285
12:13:28,1308,9.151238344988345
12:13:29,1308,9.151238344988345
12:13:30,1308,9.151238344988345
12:13:31,1309,9.151238344988345
12:13:32,1309,9.151238344988345
12:13:33,1309,9.151238344988345
12:13:34,1310,9.153522561863173
12:13:35,1310,9.153522561863173
12:13:36,1310,9.151788830715532
12:13:37,1310,9.151788830715532
12:13:38,1310,9.151788830715532
12:13:39,1310,9.151788830715532
12:13:40,1310,9.151788830715532
12:13:41,1310,9.158130081300813
12:13:42,1311,9.158130081300813
12:13:43,1311,9.158130081300813
12:13:44,1312,9.154206556425878
12:13:45,1312,9.154206556425878
12:13:46,1312,9.157536231884057
12:13:47,1312,9.157536231884057
12:13:48,1313,9.157536231884057
12:13:49,1314,9.157536231884057
12:13:50,1314,9.157066319142775
12:13:51,1315,9.157066319142775
12:13:52,1315,9.157066319142775
12:13:53,1315,9.157066319142775
12:13:54,1315,9.157066319142775
12:13:55,1316,9.157066319142775
12:13:56,1316,9.160112847222223
12:13:57,1316,9.160112847222223
12:13:58,1317,9.160112847222223
12:13:59,1317,9.160112847222223
12:14:00,1317,9.160112847222223
12:14:01,1318,9.160112847222223
12:14:02,1318,9.160112847222223
12:14:03,1318,9.160112847222223
12:14:04,1318,9.160112847222223
12:14:05,1319,9.160112847222223
12:14:06,1319,9.160112847222223
12:14:07,1319,9.158210465452443
12:14:08,1320,9.16207394569613
12:14:09,1320,9.161529581529582
12:14:10,1321,9.161529581529582
12:14:11,1321,9.16470588235294
12:14:12,1321,9.16470588235294
12:14:13,1322,9.16470588235294
12:14:14,1322,9.16470588235294
12:14:15,1322,9.16470588235294
12:14:16,1323,9.16470588235294
12:14:17,1324,9.16501008354941
12:14:18,1324,9.16501008354941
12:14:19,1324,9.16501008354941
12:14:20,1325,9.162740868564855
12:14:21,1325,9.162740868564855
12:14:22,1325,9.162740868564855
12:14:23,1328,9.162740868564855
12:14:24,1328,9.162916666666666
12:14:25,1328,9.162916666666666
12:14:26,1330,9.162916666666666
12:14:27,1330,9.162916666666666
12:14:28,1331,9.162916666666666
12:14:29,1331,9.162916666666666
12:14:30,1332,9.16669537754809
12:14:31,1332,9.172074010327021
12:14:32,1333,9.172074010327021
12:14:33,1334,9.172074010327021
12:14:34,1334,9.172074010327021
12:14:35,1335,9.172074010327021
12:14:36,1335,9.172074010327021
12:14:37,1335,9.172074010327021
12:14:38,1335,9.172074010327021
12:14:39,1335,9.172074010327021
12:14:40,1336,9.172074010327021
12:14:41,1336,9.168930925766695
12:14:42,1336,9.168930925766695
12:14:43,1336,9.168930925766695
12:14:44,1337,9.168930925766695
12:14:45,1337,9.172465635738831
12:14:46,1337,9.172465635738831
12:14:47,1337,9.172465635738831
12:14:48,1337,9.172465635738831
12:14:49,1337,9.172465635738831
12:14:50,1337,9.172465635738831
12:14:51,1337,9.171788268955652
12:14:52,1337,9.171788268955652
12:14:53,1337,9.171788268955652
12:14:54,1337,9.171788268955652
12:14:55,1337,9.171788268955652
12:14:56,1337,9.171788268955652
12:14:57,1337,9.171788268955652
12:14:58,1337,9.171612349914236
12:14:59,1337,9.171612349914236
12:15:00,1337,9.175749785775492
12:15:01,1337,9.175749785775492
12:15:02,1337,9.175749785775492
12:15:03,1337,9.178443113772456
12:15:04,1337,9.178443113772456
12:15:05,1337,9.178443113772456
12:15:06,1338,9.182008547008547
12:15:07,1338,9.182008547008547
12:15:08,1338,9.182008547008547
12:15:09,1339,9.175668373151307
12:15:10,1339,9.175668373151307
12:15:11,1340,9.175668373151307
12:15:12,1340,9.175668373151307
12:15:13,1340,9.175668373151307
12:15:14,1340,9.175668373151307
12:15:15,1340,9.175668373151307
12:15:16,1340,9.175668373151307
12:15:17,1340,9.175490196078432
12:15:18,1340,9.175490196078432
12:15:19,1341,9.1730976717774
12:15:20,1341,9.1730976717774
12:15:21,1341,9.17758865248227
12:15:22,1341,9.18140589569161
12:15:23,1341,9.18140589569161
12:15:24,1341,9.18140589569161
12:15:25,1341,9.18140589569161
12:15:26,1341,9.182781081846503
12:15:27,1341,9.182781081846503
12:15:28,1341,9.183106960950765
12:15:29,1341,9.183106960950765
12:15:30,1341,9.183106960950765
12:15:31,1341,9.183106960950765
12:15:32,1341,9.183106960950765
12:15:33,1341,9.183106960950765
12:15:34,1341,9.186994628216002
12:15:35,1341,9.186994628216002
12:15:36,1341,9.186994628216002
12:15:37,1341,9.186994628216002
12:15:38,1341,9.189138418079096
12:15:39,1341,9.189138418079096
12:15:40,1341,9.187764606265876
12:15:41,1341,9.187764606265876
12:15:42,1341,9.187764606265876
12:15:43,1341,9.187764606265876
12:15:44,1341,9.187764606265876
12:15:45,1341,9.187764606265876
12:15:46,1341,9.187764606265876
12:15:47,1342,9.187764606265876
12:15:48,1342,9.187764606265876
12:15:49,1342,9.187764606265876
12:15:50,1342,9.187764606265876
12:15:51,1344,9.187764606265876
12:15:52,1344,9.191807670614777
12:15:53,1344,9.191807670614777
12:15:54,1345,9.191807670614777
12:15:55,1347,9.195618484080024
12:15:56,1347,9.195618484080024
12:15:57,1347,9.195618484080024
12:15:58,1348,9.191483671171172
12:15:59,1348,9.189746835443037
12:16:00,1348,9.189746835443037
12:16:01,1348,9.189746835443037
12:16:02,1349,9.194533445756042
12:16:03,1349,9.194533445756042
12:16:04,1349,9.194533445756042
12:16:05,1349,9.192207245155855
12:16:06,1350,9.192207245155855
12:16:07,1350,9.192207245155855
12:16:08,1350,9.192452300785634
12:16:09,1351,9.192452300785634
12:16:10,1351,9.192452300785634
12:16:11,1352,9.191028875806
12:16:12,1352,9.1959243697479
12:16:13,1352,9.19732717604254
12:16:14,1352,9.19732717604254
12:16:15,1353,9.19732717604254
12:16:16,1353,9.19732717604254
12:16:17,1353,9.198140380313198
12:16:18,1354,9.198140380313198
12:16:19,1354,9.198140380313198
12:16:20,1355,9.198140380313198
12:16:21,1355,9.198140380313198
12:16:22,1355,9.198140380313198
12:16:23,1356,9.198140380313198
12:16:24,1357,9.198140380313198
12:16:25,1357,9.198140380313198
12:16:26,1357,9.198140380313198
12:16:27,1359,9.198140380313198
12:16:28,1359,9.198140380313198
12:16:29,1360,9.198140380313198
12:16:30,1361,9.198140380313198
12:16:31,1361,9.198140380313198
12:16:32,1361,9.198140380313198
12:16:33,1362,9.198140380313198
12:16:34,1363,9.196772841575859
12:16:35,1363,9.197347850362926
12:16:36,1363,9.197347850362926
12:16:37,1364,9.197347850362926
12:16:38,1364,9.20249651324965
12:16:39,1365,9.200390189520624
12:16:40,1366,9.200390189520624
12:16:41,1367,9.199150654413812
12:16:42,1367,9.199150654413812
12:16:43,1367,9.199150654413812
12:16:44,1368,9.199150654413812
12:16:45,1368,9.199150654413812
12:16:46,1368,9.195367278797995
12:16:47,1369,9.195367278797995
12:16:48,1370,9.197150403113707
12:16:49,1370,9.197150403113707
12:16:50,1371,9.197150403113707
12:16:51,1372,9.195541666666665
12:16:52,1372,9.195541666666665
12:16:53,1373,9.195541666666665
12:16:54,1374,9.196322509020261
12:16:55,1375,9.196322509020261
12:16:56,1376,9.196322509020261
12:16:57,1376,9.199334442595674
12:16:58,1378,9.199334442595674
12:16:59,1379,9.204308672762538
12:17:00,1379,9.205066445182725
12:17:01,1379,9.205066445182725
12:17:02,1380,9.210276625172892
12:17:03,1381,9.210276625172892
12:17:04,1381,9.210276625172892
12:17:05,1381,9.210276625172892
12:17:06,1381,9.210276625172892
12:17:07,1381,9.210276625172892
12:17:08,1381,9.210276625172892
12:17:09,1381,9.210276625172892
12:17:10,1381,9.210276625172892
12:17:11,1381,9.210276625172892
12:17:12,1381,9.210276625172892
12:17:13,1381,9.210276625172892
12:17:14,1381,9.210276625172892
12:17:15,1381,9.210276625172892
12:17:16,1381,9.211194029850747
12:17:17,1381,9.211194029850747
12:17:18,1381,9.211194029850747
12:17:19,1381,9.211194029850747
12:17:20,1381,9.207663628831815
12:17:21,1381,9.207663628831815
12:17:22,1381,9.206318984547462
12:17:23,1381,9.206318984547462
12:17:24,1381,9.206318984547462
12:17:25,1381,9.206318984547462
12:17:26,1381,9.206318984547462
12:17:27,1381,9.206318984547462
12:17:28,1381,9.206318984547462
12:17:29,1381,9.203405017921147
12:17:30,1381,9.203405017921147
12:17:31,1381,9.203405017921147
12:17:32,1381,9.20866391184573
12:17:33,1381,9.20866391184573
12:17:34,1381,9.20866391184573
12:17:35,1381,9.20866391184573
12:17:36,1381,9.210597302504818
12:17:37,1381,9.210597302504818
12:17:38,1382,9.210597302504818
12:17:39,1382,9.210597302504818
12:17:40,1382,9.210597302504818
12:17:41,1382,9.216199119911993
12:17:42,1382,9.216199119911993
12:17:43,1382,9.216543006320418
12:17:44,1382,9.216543006320418
12:17:45,1382,9.213152114222956
12:17:46,1382,9.213152114222956
12:17:47,1382,9.218477366255144
12:17:48,1382,9.218477366255144
12:17:49,1383,9.2156524122807
12:17:50,1383,9.2156524122807
12:17:51,1383,9.2156524122807
12:17:52,1384,9.2156524122807
12:17:53,1385,9.22143248425089
12:17:54,1385,9.22143248425089
12:17:55,1385,9.22143248425089
12:17:56,1385,9.222783251231528
12:17:57,1387,9.220194148208915
12:17:58,1387,9.220194148208915
12:17:59,1387,9.217062841530055
12:18:00,1388,9.217062841530055
12:18:01,1388,9.217062841530055
12:18:02,1388,9.217062841530055
12:18:03,1389,9.217062841530055
12:18:04,1389,9.217062841530055
12:18:05,1389,9.217840567840568
12:18:06,1389,9.217840567840568
12:18:07,1389,9.221153846153845
12:18:08,1390,9.221153846153845
12:18:09,1391,9.221153846153845
12:18:10,1391,9.221153846153845
12:18:11,1391,9.221153846153845
12:18:12,1392,9.221153846153845
12:18:13,1393,9.221153846153845
12:18:14,1393,9.221153846153845
12:18:15,1394,9.221153846153845
12:18:16,1394,9.221153846153845
12:18:17,1394,9.221899700190788
12:18:18,1394,9.221899700190788
12:18:19,1394,9.221899700190788
12:18:20,1394,9.221899700190788
12:18:21,1394,9.225653594771241
12:18:22,1394,9.22312925170068
12:18:23,1394,9.22312925170068
12:18:24,1394,9.22312925170068
12:18:25,1395,9.22312925170068
12:18:26,1395,9.22510875475802
12:18:27,1395,9.22123064384678
12:18:28,1395,9.22123064384678
12:18:29,1395,9.220806188925081
12:18:30,1395,9.220806188925081
12:18:31,1395,9.220806188925081
12:18:32,1395,9.226973148901546
12:18:33,1395,9.226973148901546
12:18:34,1395,9.226973148901546
12:18:35,1395,9.226973148901546
12:18:36,1396,9.226973148901546
12:18:37,1396,9.226973148901546
12:18:38,1396,9.226973148901546
12:18:39,1396,9.226973148901546
12:18:40,1396,9.229552845528454
12:18:41,1396,9.229552845528454
12:18:42,1396,9.229552845528454
12:18:43,1396,9.235905767668562
12:18:44,1396,9.235905767668562
12:18:45,1396,9.235905767668562
12:18:46,1396,9.234117965367966
12:18:47,1396,9.234117965367966
12:18:48,1396,9.234117965367966
12:18:49,1396,9.234117965367966
12:18:50,1396,9.234117965367966
12:18:51,1396,9.234117965367966
12:18:52,1396,9.234117965367966
12:18:53,1396,9.234117965367966
12:18:54,1396,9.234117965367966
12:18:55,1396,9.234658015679914
12:18:56,1396,9.234658015679914
12:18:57,1396,9.234658015679914
12:18:58,1396,9.234658015679914
12:18:59,1396,9.234658015679914
12:19:00,1396,9.234658015679914
12:19:01,1396,9.230915721231765
12:19:02,1396,9.237219973009447
12:19:03,1396,9.237219973009447
12:19:04,1396,9.237219973009447
12:19:05,1396,9.237219973009447
12:19:06,1396,9.237219973009447
12:19:07,1396,9.238106796116504
12:19:08,1396,9.238106796116504
12:19:09,1396,9.238106796116504
12:19:10,1396,9.238106796116504
12:19:11,1396,9.234936674750742
12:19:12,1396,9.233279483037157
12:19:13,1396,9.233279483037157
12:19:14,1396,9.233279483037157
12:19:15,1396,9.233279483037157
12:19:16,1396,9.236696260425074
12:19:17,1396,9.236696260425074
12:19:18,1396,9.236696260425074
12:19:19,1396,9.236696260425074
12:19:20,1397,9.236696260425074
12:19:21,1397,9.236696260425074
12:19:22,1398,9.243198924731184
12:19:23,1398,9.243198924731184
12:19:24,1398,9.243198924731184
12:19:25,1399,9.243198924731184
12:19:26,1399,9.243198924731184
12:19:27,1400,9.246642492613484
12:19:28,1400,9.246642492613484
12:19:29,1401,9.247208803005906
12:19:30,1401,9.247208803005906
12:19:31,1401,9.247208803005906
12:19:32,1402,9.243671225529631
12:19:33,1402,9.243671225529631
12:19:34,1403,9.246663987138264
12:19:35,1403,9.246663987138264
12:19:36,1403,9.24223560910308
12:19:37,1403,9.24223560910308
12:19:38,1403,9.240984483681112
12:19:39,1403,9.240984483681112
12:19:40,1403,9.240984483681112
12:19:41,1404,9.240984483681112
12:19:42,1404,9.240984483681112
12:19:43,1404,9.240984483681112
12:19:44,1404,9.240984483681112
12:19:45,1404,9.240984483681112
12:19:46,1404,9.23890670943598
12:19:47,1404,9.23890670943598
12:19:48,1404,9.23890670943598
12:19:49,1404,9.241733440170941
12:19:50,1404,9.241733440170941
12:19:51,1404,9.246837469975981
12:19:52,1405,9.246837469975981
12:19:53,1405,9.246837469975981
12:19:54,1406,9.246837469975981
12:19:55,1406,9.246837469975981
12:19:56,1407,9.246837469975981
12:19:57,1407,9.242266666666666
12:19:58,1407,9.242266666666666
12:19:59,1407,9.243285371702637
12:20:00,1407,9.243285371702637
12:20:01,1408,9.243285371702637
12:20:02,1408,9.243285371702637
12:20:03,1408,9.243064430244942
12:20:04,1410,9.240343176376696
12:20:05,1410,9.240343176376696
12:20:06,1410,9.24153375863902
12:20:07,1411,9.24366533864542
12:20:08,1412,9.24366533864542
12:20:09,1412,9.24187898089172
12:20:10,1412,9.24187898089172
12:20:11,1412,9.247547069742774
12:20:12,1412,9.247547069742774
12:20:13,1412,9.247547069742774
12:20:14,1413,9.248569157392687
12:20:15,1413,9.248569157392687
12:20:16,1413,9.248569157392687
12:20:17,1413,9.248569157392687
12:20:18,1413,9.248569157392687
12:20:19,1414,9.248569157392687
12:20:20,1414,9.248569157392687
12:20:21,1415,9.24953666931427
12:20:22,1415,9.24953666931427
12:20:23,1415,9.25521164021164
12:20:24,1415,9.25521164021164
12:20:25,1416,9.25521164021164
12:20:26,1416,9.25521164021164
12:20:27,1416,9.25521164021164
12:20:28,1416,9.25521164021164
12:20:29,1416,9.25521164021164
12:20:30,1416,9.25521164021164
12:20:31,1416,9.25521164021164
12:20:32,1416,9.251097012952682
12:20:33,1416,9.251097012952682
12:20:34,1416,9.251097012952682
12:20:35,1416,9.251097012952682
12:20:36,1416,9.251097012952682
12:20:37,1416,9.251097012952682
12:20:38,1416,9.250713153724247
12:20:39,1416,9.251557139086831
12:20:40,1416,9.24923523206751
12:20:41,1416,9.24923523206751
12:20:42,1416,9.247169562927857
12:20:43,1416,9.247169562927857
12:20:44,1417,9.249408050513022
12:20:45,1417,9.249408050513022
12:20:46,1417,9.249408050513022
12:20:47,1419,9.249408050513022
12:20:48,1419,9.249408050513022
12:20:49,1419,9.249408050513022
12:20:50,1420,9.249408050513022
12:20:51,1420,9.254087802313355
12:20:52,1420,9.254087802313355
12:20:53,1422,9.254087802313355
12:20:54,1422,9.254087802313355
12:20:55,1422,9.254087802313355
12:20:56,1422,9.254087802313355
12:20:57,1423,9.250157604412923
12:20:58,1423,9.24741469816273
12:20:59,1423,9.24741469816273
12:21:00,1423,9.24741469816273
12:21:01,1425,9.25445843168109
12:21:02,1425,9.25445843168109
12:21:03,1425,9.25445843168109
12:21:04,1425,9.25445843168109
12:21:05,1427,9.25445843168109
12:21:06,1427,9.25445843168109
12:21:07,1427,9.25445843168109
12:21:08,1427,9.25445843168109
12:21:09,1429,9.25445843168109
12:21:10,1429,9.25445843168109
12:21:11,1429,9.25445843168109
12:21:12,1429,9.255280398322851
12:21:13,1429,9.255315527625033
12:21:14,1429,9.255315527625033
12:21:15,1431,9.259929356357928
12:21:16,1431,9.259929356357928
12:21:17,1431,9.259929356357928
12:21:18,1431,9.260601307189543
12:21:19,1431,9.260601307189543
12:21:20,1432,9.260601307189543
12:21:21,1432,9.260601307189543
12:21:22,1432,9.260601307189543
12:21:23,1433,9.260601307189543
12:21:24,1433,9.260601307189543
12:21:25,1433,9.260601307189543
12:21:26,1434,9.26118077324974
12:21:27,1434,9.258209344818585
12:21:28,1434,9.258209344818585
12:21:29,1434,9.260419926969224
12:21:30,1434,9.259955694553037
12:21:31,1434,9.259955694553037
12:21:32,1435,9.259700520833333
12:21:33,1435,9.259700520833333
12:21:34,1436,9.258521988030186
12:21:35,1436,9.258521988030186
12:21:36,1436,9.258521988030186
12:21:37,1436,9.258521988030186
12:21:38,1436,9.263702548101923
12:21:39,1436,9.263702548101923
12:21:40,1437,9.263702548101923
12:21:41,1437,9.266328916601715
12:21:42,1437,9.266328916601715
12:21:43,1438,9.266328916601715
12:21:44,1438,9.266328916601715
12:21:45,1438,9.266328916601715
12:21:46,1439,9.266328916601715
12:21:47,1439,9.266328916601715
12:21:48,1439,9.266328916601715
12:21:49,1439,9.266328916601715
12:21:50,1440,9.266328916601715
12:21:51,1440,9.266328916601715
12:21:52,1440,9.266328916601715
12:21:53,1442,9.266328916601715
12:21:54,1442,9.266328916601715
12:21:55,1442,9.266328916601715
12:21:56,1443,9.266328916601715
12:21:57,1443,9.266328916601715
12:21:58,1443,9.266328916601715
12:21:59,1443,9.266328916601715
12:22:00,1444,9.266328916601715
12:22:01,1444,9.271780893042575
12:22:02,1444,9.273639191290824
12:22:03,1444,9.273639191290824
12:22:04,1444,9.274514374514375
12:22:05,1444,9.273511904761905
12:22:06,1444,9.273511904761905
12:22:07,1444,9.273511904761905
12:22:08,1444,9.274049650892163
12:22:09,1445,9.274049650892163
12:22:10,1445,9.274049650892163
12:22:11,1445,9.27970284237726
12:22:12,1446,9.276555641621481
12:22:13,1447,9.276555641621481
12:22:14,1448,9.276555641621481
12:22:15,1449,9.276555641621481
12:22:16,1450,9.276555641621481
12:22:17,1451,9.277115583075336
12:22:18,1451,9.277115583075336
12:22:19,1452,9.277115583075336
12:22:20,1452,9.277115583075336
12:22:21,1453,9.277115583075336
12:22:22,1453,9.277700438257282
12:22:23,1453,9.277700438257282
12:22:24,1453,9.277700438257282
12:22:25,1454,9.277700438257282
12:22:26,1454,9.278207109737249
12:22:27,1454,9.278207109737249
12:22:28,1454,9.278207109737249
12:22:29,1454,9.278207109737249
12:22:30,1454,9.278207109737249
12:22:31,1455,9.281673101673102
12:22:32,1455,9.281673101673102
12:22:33,1455,9.281673101673102
12:22:34,1455,9.281673101673102
12:22:35,1455,9.281673101673102
12:22:36,1455,9.283359053497943
12:22:37,1455,9.283359053497943
12:22:38,1456,9.283359053497943
12:22:39,1456,9.28243382163968
12:22:40,1456,9.28243382163968
12:22:41,1456,9.28243382163968
12:22:42,1456,9.28243382163968
12:22:43,1456,9.28243382163968
12:22:44,1456,9.28243382163968
12:22:45,1456,9.28243382163968
12:22:46,1456,9.28243382163968
12:22:47,1456,9.280303030303031
12:22:48,1456,9.280303030303031
12:22:49,1456,9.280303030303031
12:22:50,1456,9.280303030303031
12:22:51,1456,9.280205128205129
12:22:52,1456,9.280205128205129
12:22:53,1456,9.280220343325647
12:22:54,1456,9.280220343325647
12:22:55,1457,9.278161802355351
12:22:56,1457,9.278161802355351
12:22:57,1457,9.278161802355351
12:22:58,1457,9.278161802355351
12:22:59,1458,9.279048349961625
12:23:00,1458,9.279048349961625
12:23:01,1459,9.279048349961625
12:23:02,1459,9.279048349961625
12:23:03,1459,9.279048349961625
12:23:04,1460,9.279048349961625
12:23:05,1460,9.279048349961625
12:23:06,1460,9.278962167689162
12:23:07,1461,9.278962167689162
12:23:08,1461,9.279438058748404
12:23:09,1461,9.27705461970393
12:23:10,1461,9.27705461970393
12:23:11,1462,9.27705461970393
12:23:12,1462,9.278538638102525
12:23:13,1463,9.278538638102525
12:23:14,1463,9.276885830784913
12:23:15,1463,9.28083778966132
12:23:16,1463,9.28083778966132
12:23:17,1463,9.2841475826972
12:23:18,1463,9.2841475826972
12:23:19,1464,9.2841475826972
12:23:20,1464,9.2841475826972
12:23:21,1464,9.2841475826972
12:23:22,1464,9.2841475826972
12:23:23,1464,9.2841475826972
12:23:24,1464,9.2841475826972
12:23:25,1464,9.284134248665142
12:23:26,1464,9.284134248665142
12:23:27,1465,9.284134248665142
12:23:28,1465,9.284134248665142
12:23:29,1465,9.28240599593496
12:23:30,1466,9.28240599593496
12:23:31,1466,9.28240599593496
12:23:32,1466,9.282952526021832
12:23:33,1467,9.281506849315068
12:23:34,1468,9.281506849315068
12:23:35,1469,9.281506849315068
12:23:36,1469,9.284574468085106
12:23:37,1469,9.284574468085106
12:23:38,1470,9.284574468085106
12:23:39,1470,9.28076436345229
12:23:40,1470,9.28076436345229
12:23:41,1471,9.278945371775418
12:23:42,1471,9.278945371775418
12:23:43,1471,9.284381313131314
12:23:44,1472,9.284381313131314
12:23:45,1472,9.285818824123139
12:23:46,1473,9.285818824123139
12:23:47,1474,9.285818824123139
12:23:48,1474,9.285818824123139
12:23:49,1475,9.2899142713061
12:23:50,1476,9.2899142713061
12:23:51,1476,9.2899142713061
12:23:52,1476,9.287591332829429
12:23:53,1477,9.287591332829429
12:23:54,1477,9.287663645518629
12:23:55,1477,9.287663645518629
12:23:56,1478,9.287663645518629
12:23:57,1479,9.287663645518629
12:23:58,1480,9.28783647798742
12:23:59,1480,9.28783647798742
12:24:00,1480,9.28783647798742
12:24:01,1480,9.289555052790346
12:24:02,1481,9.289555052790346
12:24:03,1482,9.287201708113539
12:24:04,1482,9.287201708113539
12:24:05,1482,9.287201708113539
12:24:06,1482,9.287201708113539
12:24:07,1482,9.287201708113539
12:24:08,1482,9.287201708113539
12:24:09,1482,9.287201708113539
12:24:10,1482,9.287201708113539
12:24:11,1482,9.28870481927711
12:24:12,1483,9.28870481927711
12:24:13,1483,9.28870481927711
12:24:14,1483,9.28796087283672
12:24:15,1483,9.28796087283672
12:24:16,1483,9.28796087283672
12:24:17,1483,9.28796087283672
12:24:18,1483,9.28796087283672
12:24:19,1483,9.28796087283672
12:24:20,1483,9.28796087283672
12:24:21,1483,9.28796087283672
12:24:22,1483,9.28796087283672
12:24:23,1483,9.292005012531328
12:24:24,1483,9.292005012531328
12:24:25,1483,9.292005012531328
12:24:26,1483,9.292005012531328
12:24:27,1483,9.292005012531328
12:24:28,1483,9.292005012531328
12:24:29,1483,9.292005012531328
12:24:30,1483,9.287803656398697
12:24:31,1483,9.285848348348347
12:24:32,1483,9.285848348348347
12:24:33,1483,9.285848348348347
12:24:34,1484,9.284933733433357
12:24:35,1484,9.289242878560719
12:24:36,1484,9.289242878560719
12:24:37,1484,9.289242878560719
12:24:38,1484,9.289242878560719
12:24:39,1485,9.289242878560719
12:24:40,1485,9.289242878560719
12:24:41,1485,9.2883645443196
12:24:42,1485,9.2883645443196
12:24:43,1485,9.2883645443196
12:24:44,1485,9.2883645443196
12:24:45,1485,9.2883645443196
12:24:46,1486,9.2883645443196
12:24:47,1486,9.2883645443196
12:24:48,1486,9.2883645443196
12:24:49,1486,9.289695608782436
12:24:50,1486,9.289695608782436
12:24:51,1486,9.289695608782436
12:24:52,1487,9.289695608782436
12:24:53,1487,9.291099476439792
12:24:54,1488,9.291099476439792
12:24:55,1488,9.291099476439792
12:24:56,1488,9.291099476439792
12:24:57,1488,9.290944195316394
12:24:58,1488,9.290944195316394
12:24:59,1488,9.290776699029125
12:25:00,1488,9.290776699029125
12:25:01,1488,9.290776699029125
12:25:02,1488,9.290776699029125
12:25:03,1488,9.290776699029125
12:25:04,1489,9.290776699029125
12:25:05,1489,9.289017412935323
12:25:06,1489,9.288168033805619
12:25:07,1489,9.288168033805619
12:25:08,1489,9.288168033805619
12:25:09,1489,9.288168033805619
12:25:10,1490,9.288168033805619
12:25:11,1490,9.288168033805619
12:25:12,1490,9.288168033805619
12:25:13,1490,9.288168033805619
12:25:14,1490,9.288168033805619
12:25:15,1490,9.288168033805619
12:25:16,1490,9.29133134624938
12:25:17,1490,9.29133134624938
12:25:18,1490,9.29133134624938
12:25:19,1490,9.29133134624938
12:25:20,1490,9.29133134624938
12:25:21,1490,9.29133134624938
12:25:22,1490,9.291350210970466
12:25:23,1490,9.291350210970466
12:25:24,1490,9.288851686507936
12:25:25,1490,9.291548946716233
12:25:26,1491,9.291548946716233
12:25:27,1491,9.294378405151065
12:25:28,1492,9.294378405151065
12:25:29,1493,9.293108141549121
12:25:30,1493,9.293108141549121
12:25:31,1493,9.293108141549121
12:25:32,1493,9.293108141549121
12:25:33,1493,9.293108141549121
12:25:34,1493,9.293108141549121
12:25:35,1494,9.295239861523244
12:25:36,1494,9.295239861523244
12:25:37,1494,9.291796392389424
12:25:38,1495,9.291796392389424
12:25:39,1495,9.293666666666667
12:25:40,1495,9.293666666666667
12:25:41,1495,9.293666666666667
12:25:42,1495,9.293666666666667
12:25:43,1497,9.291080680977053
12:25:44,1498,9.291080680977053
12:25:45,1498,9.291080680977053
12:25:46,1498,9.291080680977053
12:25:47,1500,9.29077909270217
12:25:48,1501,9.29120473022912
12:25:49,1501,9.294091580502217
12:25:50,1501,9.294091580502217
12:25:51,1501,9.294091580502217
12:25:52,1502,9.294091580502217
12:25:53,1503,9.294091580502217
12:25:54,1504,9.294091580502217
12:25:55,1505,9.29306784660767
12:25:56,1505,9.29306784660767
12:25:57,1505,9.29306784660767
12:25:58,1508,9.29306784660767
12:25:59,1508,9.29306784660767
12:26:00,1509,9.29306784660767
12:26:01,1509,9.29306784660767
12:26:02,1511,9.291979857528863
12:26:03,1511,9.293188512518409
12:26:04,1511,9.293188512518409
12:26:05,1512,9.293188512518409
12:26:06,1513,9.293188512518409
12:26:07,1513,9.293188512518409
12:26:08,1514,9.293188512518409
12:26:09,1514,9.293188512518409
12:26:10,1514,9.293188512518409
12:26:11,1514,9.293188512518409
12:26:12,1516,9.295192543536915
12:26:13,1516,9.295192543536915
12:26:14,1517,9.292083333333332
12:26:15,1520,9.292083333333332
12:26:16,1520,9.292083333333332
12:26:17,1521,9.293926034778348
12:26:18,1522,9.293926034778348
12:26:19,1523,9.293926034778348
12:26:20,1524,9.297087616250613
12:26:21,1525,9.297087616250613
12:26:22,1526,9.297087616250613
12:26:23,1526,9.297087616250613
12:26:24,1527,9.297087616250613
12:26:25,1527,9.297087616250613
12:26:26,1527,9.293824896062606
12:26:27,1528,9.293824896062606
12:26:28,1528,9.293824896062606
12:26:29,1530,9.291703323558162
12:26:30,1531,9.291703323558162
12:26:31,1531,9.293858363858364
12:26:32,1532,9.293858363858364
12:26:33,1533,9.293858363858364
12:26:34,1534,9.293130795510004
12:26:35,1535,9.293130795510004
12:26:36,1535,9.293708851499636
12:26:37,1535,9.297733918128655
12:26:38,1536,9.297733918128655
12:26:39,1537,9.297733918128655
12:26:40,1537,9.297733918128655
12:26:41,1538,9.2999878256635
12:26:42,1538,9.2999878256635
12:26:43,1539,9.2999878256635
12:26:44,1540,9.2999878256635
12:26:45,1540,9.2999878256635
12:26:46,1540,9.301970802919707
12:26:47,1542,9.302419158764893
12:26:48,1542,9.302419158764893
12:26:49,1542,9.299550534499513
12:26:50,1542,9.299550534499513
12:26:51,1543,9.299550534499513
12:26:52,1543,9.296856033017722
12:26:53,1543,9.296856033017722
12:26:54,1543,9.296856033017722
12:26:55,1544,9.296856033017722
12:26:56,1545,9.297501213003395
12:26:57,1545,9.297501213003395
12:26:58,1545,9.297501213003395
12:26:59,1546,9.297501213003395
12:27:00,1546,9.29390303030303
12:27:01,1547,9.29390303030303
12:27:02,1548,9.29390303030303
12:27:03,1548,9.29390303030303
12:27:04,1548,9.29390303030303
12:27:05,1549,9.29233284883721
12:27:06,1549,9.29233284883721
12:27:07,1549,9.29233284883721
12:27:08,1549,9.290849673202615
12:27:09,1550,9.290849673202615
12:27:10,1550,9.293848199178148
12:27:11,1550,9.29774154589372
12:27:12,1550,9.29774154589372
12:27:13,1551,9.29774154589372
12:27:14,1551,9.29774154589372
12:27:15,1552,9.29774154589372
12:27:16,1552,9.29774154589372
12:27:17,1552,9.29774154589372
12:27:18,1552,9.29774154589372
12:27:19,1553,9.29774154589372
12:27:20,1553,9.29774154589372
12:27:21,1553,9.29774154589372
12:27:22,1553,9.297815592565774
12:27:23,1553,9.297901591895803
12:27:24,1553,9.297901591895803
12:27:25,1553,9.297901591895803
12:27:26,1553,9.297901591895803
12:27:27,1553,9.297901591895803
12:27:28,1554,9.295167510243433
12:27:29,1554,9.29908477842004
12:27:30,1555,9.29908477842004
12:27:31,1555,9.29908477842004
12:27:32,1555,9.29908477842004
12:27:33,1555,9.29908477842004
12:27:34,1555,9.30086642599278
12:27:35,1555,9.30086642599278
12:27:36,1556,9.30086642599278
12:27:37,1556,9.30086642599278
12:27:38,1556,9.30086642599278
12:27:39,1557,9.303162578162578
12:27:40,1557,9.303162578162578
12:27:41,1557,9.303162578162578
12:27:42,1557,9.303162578162578
12:27:43,1558,9.303162578162578
12:27:44,1558,9.301381879355924
12:27:45,1558,9.301381879355924
12:27:46,1558,9.301381879355924
12:27:47,1558,9.301381879355924
12:27:48,1558,9.301381879355924
12:27:49,1558,9.301381879355924
12:27:50,1558,9.301381879355924
12:27:51,1558,9.301381879355924
12:27:52,1558,9.301381879355924
12:27:53,1558,9.298535062439962
12:27:54,1558,9.299688024958003
12:27:55,1558,9.301318944844125
12:27:56,1558,9.301318944844125
12:27:57,1558,9.301318944844125
12:27:58,1559,9.301318944844125
12:27:59,1559,9.301318944844125
12:28:00,1559,9.301318944844125
12:28:01,1559,9.302586206896553
12:28:02,1560,9.302586206896553
12:28:03,1560,9.306377123713808
12:28:04,1560,9.307604017216644
12:28:05,1560,9.307604017216644
12:28:06,1560,9.310083632019117
12:28:07,1560,9.310083632019117
12:28:08,1560,9.310083632019117
12:28:09,1560,9.310083632019117
12:28:10,1561,9.310083632019117
12:28:11,1561,9.31069723018147
12:28:12,1561,9.31069723018147
12:28:13,1561,9.31069723018147
12:28:14,1562,9.31069723018147
12:28:15,1562,9.31069723018147
12:28:16,1562,9.308709138630398
12:28:17,1564,9.308709138630398
12:28:18,1564,9.308709138630398
12:28:19,1564,9.308709138630398
12:28:20,1564,9.308709138630398
12:28:21,1564,9.30901287553648
12:28:22,1565,9.30675482487491
12:28:23,1565,9.30675482487491
12:28:24,1565,9.30675482487491
12:28:25,1565,9.30675482487491
12:28:26,1566,9.30675482487491
12:28:27,1566,9.30675482487491
12:28:28,1566,9.304833333333333
12:28:29,1566,9.304833333333333
12:28:30,1567,9.304833333333333
12:28:31,1567,9.304833333333333
12:28:32,1567,9.304833333333333
12:28:33,1567,9.304833333333333
12:28:34,1568,9.303200095170117
12:28:35,1568,9.303200095170117
12:28:36,1568,9.303200095170117
12:28:37,1568,9.303200095170117
12:28:38,1569,9.303200095170117
12:28:39,1569,9.303200095170117
12:28:40,1569,9.303200095170117
12:28:41,1570,9.303200095170117
12:28:42,1570,9.303200095170117
12:28:43,1570,9.303200095170117
12:28:44,1571,9.303200095170117
12:28:45,1571,9.303200095170117
12:28:46,1571,9.30198525915359
12:28:47,1572,9.30198525915359
12:28:48,1572,9.30198525915359
12:28:49,1572,9.30198525915359
12:28:50,1572,9.299085293418864
12:28:51,1572,9.302718423551758
12:28:52,1572,9.301055753262158
12:28:53,1572,9.301055753262158
12:28:54,1573,9.301055753262158
12:28:55,1573,9.301055753262158
12:28:56,1573,9.301055753262158
12:28:57,1573,9.301055753262158
12:28:58,1573,9.304800853485064
12:28:59,1573,9.306965174129353
12:29:00,1573,9.306965174129353
12:29:01,1573,9.306965174129353
12:29:02,1574,9.306965174129353
12:29:03,1574,9.306965174129353
12:29:04,1574,9.306965174129353
12:29:05,1574,9.306965174129353
12:29:06,1574,9.307220643939393
12:29:07,1574,9.307220643939393
12:29:08,1574,9.307220643939393
12:29:09,1574,9.307220643939393
12:29:10,1574,9.307220643939393
12:29:11,1574,9.308504849775256
12:29:12,1574,9.308504849775256
12:29:13,1574,9.308504849775256
12:29:14,1574,9.30630023640662
12:29:15,1574,9.30630023640662
12:29:16,1574,9.30630023640662
12:29:17,1575,9.30630023640662
12:29:18,1575,9.30630023640662
12:29:19,1575,9.30630023640662
12:29:20,1576,9.30466572171037
12:29:21,1578,9.30466572171037
12:29:22,1578,9.30466572171037
12:29:23,1578,9.30466572171037
12:29:24,1578,9.30466572171037
12:29:25,1580,9.306062750648739
12:29:26,1580,9.306062750648739
12:29:27,1580,9.306062750648739
12:29:28,1580,9.306062750648739
12:29:29,1580,9.30843941537011
12:29:30,1580,9.30843941537011
12:29:31,1580,9.30843941537011
12:29:32,1580,9.30843941537011
12:29:33,1580,9.306937573616018
12:29:34,1581,9.306937573616018
12:29:35,1581,9.306937573616018
12:29:36,1581,9.306937573616018
12:29:37,1581,9.306937573616018
12:29:38,1582,9.306937573616018
12:29:39,1582,9.306937573616018
12:29:40,1582,9.306937573616018
12:29:41,1582,9.306937573616018
12:29:42,1583,9.305496704331452
12:29:43,1583,9.305496704331452
12:29:44,1584,9.305496704331452
12:29:45,1584,9.305496704331452
12:29:46,1584,9.305496704331452
12:29:47,1585,9.305496704331452
12:29:48,1585,9.309656551399671
12:29:49,1585,9.312188528443818
12:29:50,1585,9.312188528443818
12:29:51,1585,9.312188528443818
12:29:52,1585,9.310007047216349
12:29:53,1585,9.310007047216349
12:29:54,1585,9.310007047216349
12:29:55,1586,9.310007047216349
12:29:56,1586,9.310007047216349
12:29:57,1586,9.310007047216349
12:29:58,1586,9.310007047216349
12:29:59,1587,9.310007047216349
12:30:00,1587,9.310007047216349
12:30:01,1587,9.309976525821595
12:30:02,1587,9.309976525821595
12:30:03,1587,9.311787473610133
12:30:04,1587,9.311787473610133
12:30:05,1587,9.311787473610133
12:30:06,1587,9.311787473610133
12:30:07,1587,9.312119081106424
12:30:08,1587,9.312119081106424
12:30:09,1587,9.310541110330288
12:30:10,1587,9.310369850187266
12:30:11,1587,9.310369850187266
12:30:12,1588,9.310369850187266
12:30:13,1588,9.313672514619883
12:30:14,1588,9.313672514619883
12:30:15,1588,9.313672514619883
12:30:16,1588,9.313672514619883
12:30:17,1589,9.313672514619883
12:30:18,1589,9.31099042279841
12:30:19,1589,9.31099042279841
12:30:20,1590,9.31099042279841
12:30:21,1591,9.31099042279841
12:30:22,1591,9.31099042279841
12:30:23,1591,9.31099042279841
12:30:24,1592,9.31099042279841
12:30:25,1592,9.31099042279841
12:30:26,1592,9.308508403361344
12:30:27,1592,9.308508403361344
12:30:28,1592,9.308508403361344
12:30:29,1592,9.305493351994402
12:30:30,1592,9.305493351994402
12:30:31,1592,9.305493351994402
12:30:32,1592,9.305493351994402
12:30:33,1592,9.305493351994402
12:30:34,1592,9.305493351994402
12:30:35,1592,9.305493351994402
12:30:36,1592,9.30567599067599
12:30:37,1592,9.30567599067599
12:30:38,1592,9.30567599067599
12:30:39,1592,9.307069648264617
12:30:40,1592,9.307069648264617
12:30:41,1593,9.307069648264617
12:30:42,1594,9.307069648264617
12:30:43,1594,9.307076350093109
12:30:44,1594,9.307076350093109
12:30:45,1594,9.307076350093109
12:30:46,1595,9.307076350093109
12:30:47,1595,9.307076350093109
12:30:48,1595,9.303942777390091
12:30:49,1595,9.307298930729894
12:30:50,1595,9.307298930729894
12:30:51,1596,9.307298930729894
12:30:52,1596,9.307298930729894
12:30:53,1596,9.307298930729894
12:30:54,1596,9.307298930729894
12:30:55,1597,9.307298930729894
12:30:56,1597,9.307298930729894
12:30:57,1597,9.307298930729894
12:30:58,1597,9.307298930729894
12:30:59,1597,9.308211382113821
12:31:00,1597,9.308211382113821
12:31:01,1598,9.30620937790158
12:31:02,1598,9.305369983762468
12:31:03,1598,9.305369983762468
12:31:04,1598,9.305369983762468
12:31:05,1598,9.308924432081595
12:31:06,1599,9.308924432081595
12:31:07,1600,9.305837387074357
12:31:08,1600,9.304618055555554
12:31:09,1601,9.304618055555554
12:31:10,1601,9.308096229470275
12:31:11,1602,9.308096229470275
12:31:12,1602,9.308096229470275
12:31:13,1602,9.308096229470275
12:31:14,1602,9.308096229470275
12:31:15,1602,9.306692094313455
12:31:16,1603,9.306692094313455
12:31:17,1603,9.306692094313455
12:31:18,1603,9.306692094313455
12:31:19,1605,9.306692094313455
12:31:20,1605,9.306699006699006
12:31:21,1605,9.306699006699006
12:31:22,1606,9.305424746075715
12:31:23,1606,9.305424746075715
12:31:24,1608,9.305424746075715
12:31:25,1608,9.305424746075715
12:31:26,1609,9.305424746075715
12:31:27,1609,9.306608996539792
12:31:28,1611,9.306608996539792
12:31:29,1612,9.306608996539792
12:31:30,1613,9.306608996539792
12:31:31,1614,9.306608996539792
12:31:32,1615,9.306608996539792
12:31:33,1615,9.306608996539792
12:31:34,1615,9.306608996539792
12:31:35,1617,9.306608996539792
12:31:36,1618,9.306608996539792
12:31:37,1618,9.306608996539792
12:31:38,1619,9.306608996539792
12:31:39,1620,9.31210235131397
12:31:40,1621,9.31210235131397
12:31:41,1621,9.308995623128311
12:31:42,1622,9.308995623128311
12:31:43,1623,9.30972605893186
12:31:44,1623,9.30972605893186
12:31:45,1623,9.30972605893186
12:31:46,1624,9.30972605893186
12:31:47,1624,9.30972605893186
12:31:48,1624,9.30972605893186
12:31:49,1625,9.30972605893186
12:31:50,1625,9.30972605893186
12:31:51,1625,9.30752242926156
12:31:52,1625,9.30752242926156
12:31:53,1625,9.30752242926156
12:31:54,1626,9.309597701149425
12:31:55,1626,9.307247875028715
12:31:56,1627,9.307247875028715
12:31:57,1628,9.307247875028715
12:31:58,1628,9.308987603305784
12:31:59,1629,9.308987603305784
12:32:00,1629,9.308987603305784
12:32:01,1629,9.308109658178482
12:32:02,1629,9.311061439706556
12:32:03,1629,9.311061439706556
12:32:04,1629,9.308969072164949
12:32:05,1630,9.308969072164949
12:32:06,1630,9.308969072164949
12:32:07,1630,9.309329212454212
12:32:08,1632,9.309329212454212
12:32:09,1632,9.309329212454212
12:32:10,1633,9.309329212454212
12:32:11,1634,9.311278883550674
12:32:12,1634,9.311278883550674
12:32:13,1635,9.311278883550674
12:32:14,1635,9.311278883550674
12:32:15,1635,9.311278883550674
12:32:16,1635,9.312002743484225
12:32:17,1635,9.312002743484225
12:32:18,1635,9.312002743484225
12:32:19,1636,9.312002743484225
12:32:20,1636,9.312002743484225
12:32:21,1636,9.312002743484225
12:32:22,1637,9.312002743484225
12:32:23,1638,9.312002743484225
12:32:24,1638,9.312063056888281
12:32:25,1639,9.312063056888281
12:32:26,1639,9.312063056888281
12:32:27,1639,9.312063056888281
12:32:28,1640,9.312063056888281
12:32:29,1640,9.312063056888281
12:32:30,1641,9.312063056888281
12:32:31,1643,9.314463470319634
12:32:32,1643,9.314463470319634
12:32:33,1645,9.314463470319634
12:32:34,1646,9.314463470319634
12:32:35,1646,9.314463470319634
12:32:36,1646,9.314463470319634
12:32:37,1647,9.317065936573124
12:32:38,1647,9.317065936573124
12:32:39,1647,9.317065936573124
12:32:40,1647,9.317065936573124
12:32:41,1648,9.315184678522572
12:32:42,1648,9.315184678522572
12:32:43,1648,9.31494645705172
12:32:44,1649,9.319285063752277
12:32:45,1649,9.319285063752277
12:32:46,1649,9.317713310580206
12:32:47,1650,9.317713310580206
12:32:48,1650,9.314110429447853
12:32:49,1650,9.316394187102635
12:32:50,1651,9.316394187102635
12:32:51,1651,9.316394187102635
12:32:52,1651,9.316394187102635
12:32:53,1652,9.316394187102635
12:32:54,1652,9.314465622872701
12:32:55,1652,9.314557823129253
12:32:56,1652,9.314557823129253
12:32:57,1653,9.314557823129253
12:32:58,1653,9.314557823129253
12:32:59,1653,9.314557823129253
12:33:00,1654,9.314557823129253
12:33:01,1655,9.314557823129253
12:33:02,1655,9.314557823129253
12:33:03,1656,9.314557823129253
12:33:04,1656,9.312825742125538
12:33:05,1657,9.312825742125538
12:33:06,1657,9.312825742125538
12:33:07,1657,9.314266304347827
12:33:08,1658,9.314266304347827
12:33:09,1658,9.314266304347827
12:33:10,1658,9.314266304347827
12:33:11,1659,9.314266304347827
12:33:12,1659,9.314709210228559
12:33:13,1659,9.314709210228559
12:33:14,1660,9.314709210228559
12:33:15,1661,9.314709210228559
12:33:16,1661,9.314709210228559
12:33:17,1661,9.314709210228559
12:33:18,1661,9.316870194482135
12:33:19,1661,9.316870194482135
12:33:20,1661,9.316870194482135
12:33:21,1661,9.316870194482135
12:33:22,1661,9.317491525423728
12:33:23,1661,9.322560975609756
12:33:24,1661,9.319194312796208
12:33:25,1661,9.319194312796208
12:33:26,1661,9.321402796571943
12:33:27,1661,9.321402796571943
12:33:28,1661,9.321402796571943
12:33:29,1661,9.31970926301555
12:33:30,1661,9.31970926301555
12:33:31,1661,9.31970926301555
12:33:32,1662,9.31970926301555
12:33:33,1662,9.317769525095656
12:33:34,1662,9.317769525095656
12:33:35,1662,9.317769525095656
12:33:36,1662,9.319961763382816
12:33:37,1662,9.319961763382816
12:33:38,1663,9.319961763382816
12:33:39,1663,9.322139806698136
12:33:40,1663,9.322139806698136
12:33:41,1663,9.322139806698136
12:33:42,1663,9.322139806698136
12:33:43,1664,9.322139806698136
12:33:44,1664,9.322139806698136
12:33:45,1665,9.322139806698136
12:33:46,1665,9.322139806698136
12:33:47,1665,9.322139806698136
12:33:48,1665,9.322139806698136
12:33:49,1665,9.322139806698136
12:33:50,1665,9.322139806698136
12:33:51,1665,9.322139806698136
12:33:52,1665,9.321170260557052
12:33:53,1665,9.321170260557052
12:33:54,1665,9.321170260557052
12:33:55,1665,9.319685746352413
12:33:56,1665,9.319685746352413
12:33:57,1666,9.319685746352413
12:33:58,1666,9.320255720053837
12:33:59,1666,9.320255720053837
12:34:00,1666,9.322550997534186
12:34:01,1666,9.322550997534186
12:34:02,1666,9.322550997534186
12:34:03,1666,9.322550997534186
12:34:04,1666,9.322550997534186
12:34:05,1666,9.322550997534186
12:34:06,1666,9.322550997534186
12:34:07,1666,9.322550997534186
12:34:08,1666,9.322550997534186
12:34:09,1666,9.322550997534186
12:34:10,1666,9.322550997534186
12:34:11,1666,9.322550997534186
12:34:12,1666,9.322550997534186
12:34:13,1666,9.322550997534186
12:34:14,1666,9.327912186379928
12:34:15,1666,9.327912186379928
12:34:16,1666,9.327912186379928
12:34:17,1666,9.327912186379928
12:34:18,1666,9.327912186379928
12:34:19,1666,9.326527871054399
12:34:20,1666,9.326527871054399
12:34:21,1666,9.326527871054399
12:34:22,1666,9.326700223713647
12:34:23,1666,9.326700223713647
12:34:24,1666,9.326700223713647
12:34:25,1666,9.326700223713647
12:34:26,1666,9.32566510172144
12:34:27,1666,9.32566510172144
12:34:28,1666,9.327591599642538
12:34:29,1666,9.327591599642538
12:34:30,1666,9.326043759767805
12:34:31,1667,9.32516733601071
12:34:32,1667,9.32516733601071
12:34:33,1667,9.32516733601071
12:34:34,1667,9.32516733601071
12:34:35,1668,9.32516733601071
12:34:36,1668,9.32516733601071
12:34:37,1668,9.32516733601071
12:34:38,1668,9.324749163879599
12:34:39,1668,9.324749163879599
12:34:40,1669,9.324749163879599
12:34:41,1669,9.324749163879599
12:34:42,1669,9.324749163879599
12:34:43,1669,9.323607397504455
12:34:44,1669,9.323607397504455
12:34:45,1669,9.323607397504455
12:34:46,1669,9.323607397504455
12:34:47,1669,9.323607397504455
12:34:48,1669,9.323607397504455
12:34:49,1669,9.323607397504455
12:34:50,1669,9.323607397504455
12:34:51,1669,9.326107771097751
12:34:52,1669,9.326107771097751
12:34:53,1669,9.326107771097751
12:34:54,1669,9.326107771097751
12:34:55,1669,9.326107771097751
12:34:56,1670,9.326390743213175
12:34:57,1670,9.326390743213175
12:34:58,1670,9.32762953079831
12:34:59,1670,9.32762953079831
12:35:00,1670,9.32762953079831
12:35:01,1670,9.328855555555554
12:35:02,1670,9.328855555555554
12:35:03,1671,9.328855555555554
12:35:04,1671,9.328855555555554
12:35:05,1671,9.328855555555554
12:35:06,1671,9.330858854860187
12:35:07,1671,9.330858854860187
12:35:08,1671,9.330858854860187
12:35:09,1672,9.329208250166335
12:35:10,1672,9.329208250166335
12:35:11,1673,9.329208250166335
12:35:12,1673,9.329208250166335
12:35:13,1674,9.329208250166335
12:35:14,1674,9.330429964539007
12:35:15,1674,9.330429964539007
12:35:16,1674,9.330429964539007
12:35:17,1674,9.332170542635659
12:35:18,1674,9.332170542635659
12:35:19,1675,9.332170542635659
12:35:20,1675,9.332170542635659
12:35:21,1675,9.332193448428509
12:35:22,1675,9.332193448428509
12:35:23,1675,9.332193448428509
12:35:24,1676,9.332193448428509
12:35:25,1676,9.332193448428509
12:35:26,1676,9.332193448428509
12:35:27,1677,9.332193448428509
12:35:28,1678,9.332193448428509
12:35:29,1678,9.332193448428509
12:35:30,1678,9.332193448428509
12:35:31,1679,9.33213890732139
12:35:32,1680,9.33213890732139
12:35:33,1680,9.33213890732139
12:35:34,1682,9.33213890732139
12:35:35,1682,9.33213890732139
12:35:36,1682,9.33303492484527
12:35:37,1684,9.33303492484527
12:35:38,1684,9.33303492484527
12:35:39,1684,9.33303492484527
12:35:40,1684,9.335741108902143
12:35:41,1684,9.335741108902143
12:35:42,1685,9.335741108902143
12:35:43,1685,9.335309050772628
12:35:44,1685,9.335309050772628
12:35:45,1686,9.335309050772628
12:35:46,1686,9.335309050772628
12:35:47,1686,9.335309050772628
12:35:48,1686,9.333134789322743
12:35:49,1686,9.334887566137565
12:35:50,1686,9.334887566137565
12:35:51,1687,9.334887566137565
12:35:52,1687,9.334887566137565
12:35:53,1687,9.334887566137565
12:35:54,1687,9.334887566137565
12:35:55,1687,9.334887566137565
12:35:56,1687,9.334887566137565
12:35:57,1688,9.334887566137565
12:35:58,1688,9.334887566137565
12:35:59,1688,9.334214584710288
12:36:00,1689,9.33462131219727
12:36:01,1689,9.33462131219727
12:36:02,1689,9.33462131219727
12:36:03,1689,9.335423542354237
12:36:04,1689,9.335423542354237
12:36:05,1690,9.338445470536499
12:36:06,1691,9.338445470536499
12:36:07,1691,9.338445470536499
12:36:08,1692,9.338445470536499
12:36:09,1692,9.338445470536499
12:36:10,1693,9.338661832564272
12:36:11,1693,9.338661832564272
12:36:12,1694,9.336725955204217
12:36:13,1694,9.336725955204217
12:36:14,1695,9.338951064296687
12:36:15,1696,9.338951064296687
12:36:16,1697,9.338951064296687
12:36:17,1698,9.338951064296687
12:36:18,1698,9.339353070175438
12:36:19,1700,9.339820293666447
12:36:20,1700,9.339820293666447
12:36:21,1700,9.339820293666447
12:36:22,1701,9.339870784056068
12:36:23,1701,9.33797329831473
12:36:24,1701,9.339402887139107
12:36:25,1701,9.340174863387977
12:36:26,1701,9.340174863387977
12:36:27,1701,9.340174863387977
12:36:28,1702,9.340174863387977
12:36:29,1702,9.340174863387977
12:36:30,1703,9.340174863387977
12:36:31,1703,9.340174863387977
12:36:32,1704,9.340174863387977
12:36:33,1705,9.340174863387977
12:36:34,1706,9.340174863387977
12:36:35,1706,9.340174863387977
12:36:36,1706,9.340174863387977
12:36:37,1707,9.341142420270861
12:36:38,1707,9.341142420270861
12:36:39,1707,9.341142420270861
12:36:40,1708,9.341142420270861
12:36:41,1710,9.341142420270861
12:36:42,1710,9.341142420270861
12:36:43,1711,9.341142420270861
12:36:44,1711,9.341142420270861
12:36:45,1711,9.341142420270861
12:36:46,1711,9.341142420270861
12:36:47,1711,9.341142420270861
12:36:48,1711,9.341142420270861
12:36:49,1711,9.341142420270861
12:36:50,1711,9.341142420270861
12:36:51,1711,9.341142420270861
12:36:52,1711,9.341748526522593
12:36:53,1711,9.341748526522593
12:36:54,1711,9.34610602094241
12:36:55,1711,9.34610602094241
12:36:56,1711,9.34610602094241
12:36:57,1711,9.34610602094241
12:36:58,1711,9.34610602094241
12:36:59,1711,9.346838892522346
12:37:00,1711,9.346786492374727
12:37:01,1711,9.346786492374727
12:37:02,1711,9.346786492374727
12:37:03,1711,9.34634225996081
12:37:04,1711,9.34634225996081
12:37:05,1711,9.34634225996081
12:37:06,1711,9.34634225996081
12:37:07,1711,9.34634225996081
12:37:08,1711,9.343461705831157
12:37:09,1711,9.344574907588605
12:37:10,1712,9.344574907588605
12:37:11,1712,9.344574907588605
12:37:12,1712,9.344831704668838
12:37:13,1712,9.344831704668838
12:37:14,1712,9.346419270833334
12:37:15,1712,9.346419270833334
12:37:16,1712,9.346419270833334
12:37:17,1712,9.347798742138364
12:37:18,1713,9.350335934113566
12:37:19,1713,9.350335934113566
12:37:20,1713,9.350335934113566
12:37:21,1713,9.350335934113566
12:37:22,1713,9.350335934113566
12:37:23,1713,9.350335934113566
12:37:24,1713,9.350335934113566
12:37:25,1713,9.351028806584363
12:37:26,1713,9.351028806584363
12:37:27,1713,9.351028806584363
12:37:28,1713,9.351028806584363
12:37:29,1713,9.351028806584363
12:37:30,1713,9.350054112554114
12:37:31,1713,9.350054112554114
12:37:32,1713,9.350054112554114
12:37:33,1713,9.350054112554114
12:37:34,1713,9.350054112554114
12:37:35,1713,9.350054112554114
12:37:36,1713,9.350054112554114
12:37:37,1714,9.348464200735453
12:37:38,1714,9.348464200735453
12:37:39,1716,9.348464200735453
12:37:40,1716,9.348464200735453
12:37:41,1716,9.348464200735453
12:37:42,1716,9.348464200735453
12:37:43,1716,9.348464200735453
12:37:44,1716,9.348464200735453
12:37:45,1717,9.351837440553394
12:37:46,1717,9.351652624756968
12:37:47,1717,9.353130397236615
12:37:48,1717,9.354336569579289
12:37:49,1717,9.356004743423888
12:37:50,1718,9.356004743423888
12:37:51,1718,9.356004743423888
12:37:52,1718,9.355451411333766
12:37:53,1719,9.355451411333766
12:37:54,1719,9.355451411333766
12:37:55,1719,9.355451411333766
12:37:56,1720,9.355451411333766
12:37:57,1720,9.355451411333766
12:37:58,1720,9.355451411333766
12:37:59,1721,9.355451411333766
12:38:00,1721,9.353682170542635
12:38:01,1721,9.353682170542635
12:38:02,1722,9.353682170542635
12:38:03,1722,9.352614590058101
12:38:04,1722,9.352614590058101
12:38:05,1723,9.352614590058101
12:38:06,1724,9.352614590058101
12:38:07,1724,9.352614590058101
12:38:08,1724,9.35295698924731
12:38:09,1724,9.35295698924731
12:38:10,1725,9.354996776273373
12:38:11,1725,9.354996776273373
12:38:12,1725,9.353393470790378
12:38:13,1726,9.353393470790378
12:38:14,1726,9.353393470790378
12:38:15,1726,9.353393470790378
12:38:16,1727,9.353393470790378
12:38:17,1727,9.353393470790378
12:38:18,1727,9.353393470790378
12:38:19,1728,9.353393470790378
12:38:20,1728,9.353678678678678
12:38:21,1729,9.353678678678678
12:38:22,1729,9.353678678678678
12:38:23,1729,9.353678678678678
12:38:24,1729,9.353678678678678
12:38:25,1730,9.353678678678678
12:38:26,1730,9.353678678678678
12:38:27,1730,9.353678678678678
12:38:28,1730,9.353678678678678
12:38:29,1730,9.355519828510182
12:38:30,1730,9.355519828510182
12:38:31,1730,9.356073264781491
12:38:32,1730,9.356073264781491
12:38:33,1730,9.356073264781491
12:38:34,1730,9.356073264781491
12:38:35,1730,9.356073264781491
12:38:36,1731,9.356073264781491
12:38:37,1731,9.361093281985452
12:38:38,1731,9.361093281985452
12:38:39,1731,9.361093281985452
12:38:40,1732,9.361093281985452
12:38:41,1732,9.361093281985452
12:38:42,1732,9.361093281985452
12:38:43,1732,9.361093281985452
12:38:44,1732,9.361093281985452
12:38:45,1732,9.361093281985452
12:38:46,1732,9.361093281985452
12:38:47,1732,9.361093281985452
12:38:48,1732,9.361093281985452
12:38:49,1732,9.359632242890742
12:38:50,1732,9.361645299145298
12:38:51,1732,9.361645299145298
12:38:52,1732,9.361645299145298
12:38:53,1733,9.36353833013026
12:38:54,1734,9.362206572769953
12:38:55,1734,9.362206572769953
12:38:56,1735,9.364352740456386
12:38:57,1736,9.365856777493606
12:38:58,1737,9.365856777493606
12:38:59,1737,9.365856777493606
12:39:00,1738,9.36471778487753
12:39:01,1739,9.36471778487753
12:39:02,1739,9.36471778487753
12:39:03,1739,9.36286717752235
12:39:04,1740,9.36286717752235
12:39:05,1740,9.36286717752235
12:39:06,1741,9.36286717752235
12:39:07,1742,9.36286717752235
12:39:08,1742,9.363082322910019
12:39:09,1742,9.363082322910019
12:39:10,1743,9.365274234693878
12:39:11,1744,9.365274234693878
12:39:12,1744,9.364903335457829
12:39:13,1745,9.364903335457829
12:39:14,1746,9.364903335457829
12:39:15,1746,9.364903335457829
12:39:16,1748,9.364903335457829
12:39:17,1748,9.364903335457829
12:39:18,1748,9.364903335457829
12:39:19,1748,9.364903335457829
12:39:20,1749,9.367133757961785
12:39:21,1749,9.367133757961785
12:39:22,1750,9.367133757961785
12:39:23,1750,9.367133757961785
12:39:24,1751,9.367133757961785
12:39:25,1751,9.367133757961785
12:39:26,1751,9.366231699554424
12:39:27,1751,9.366231699554424
12:39:28,1752,9.369974554707378
12:39:29,1752,9.369974554707378
12:39:30,1752,9.372091544818819
12:39:31,1752,9.372091544818819
12:39:32,1753,9.372091544818819
12:39:33,1753,9.372091544818819
12:39:34,1753,9.372091544818819
12:39:35,1754,9.372091544818819
12:39:36,1754,9.372091544818819
12:39:37,1754,9.372091544818819
12:39:38,1754,9.373199915290131
12:39:39,1754,9.373199915290131
12:39:40,1754,9.373199915290131
12:39:41,1755,9.373199915290131
12:39:42,1755,9.373199915290131
12:39:43,1755,9.373199915290131
12:39:44,1756,9.37500529100529
12:39:45,1756,9.37363578680203
12:39:46,1756,9.37363578680203
12:39:47,1756,9.37363578680203
12:39:48,1757,9.37541745931093
12:39:49,1757,9.37541745931093
12:39:50,1757,9.37541745931093
12:39:51,1757,9.37400718208703
12:39:52,1757,9.37400718208703
12:39:53,1757,9.37400718208703
12:39:54,1757,9.371951476793248
12:39:55,1757,9.371951476793248
12:39:56,1757,9.371951476793248
12:39:57,1757,9.371951476793248
12:39:58,1757,9.371951476793248
12:39:59,1757,9.371951476793248
12:40:00,1757,9.371853257432004
12:40:01,1757,9.371607669616518
12:40:02,1758,9.371607669616518
12:40:03,1758,9.371607669616518
12:40:04,1758,9.371607669616518
12:40:05,1759,9.371607669616518
12:40:06,1759,9.371607669616518
12:40:07,1759,9.371607669616518
12:40:08,1760,9.371607669616518
12:40:09,1760,9.371607669616518
12:40:10,1760,9.371607669616518
12:40:11,1760,9.371607669616518
12:40:12,1760,9.372920614866286
12:40:13,1760,9.372920614866286
12:40:14,1760,9.372920614866286
12:40:15,1760,9.372920614866286
12:40:16,1761,9.37606271043771
12:40:17,1761,9.37606271043771
12:40:18,1761,9.37606271043771
12:40:19,1761,9.37606271043771
12:40:20,1762,9.37606271043771
12:40:21,1762,9.37606271043771
12:40:22,1763,9.378769716088328
12:40:23,1763,9.378769716088328
12:40:24,1763,9.378769716088328
12:40:25,1763,9.378769716088328
12:40:26,1763,9.378769716088328
12:40:27,1764,9.378769716088328
12:40:28,1764,9.378769716088328
12:40:29,1764,9.378769716088328
12:40:30,1765,9.378769716088328
12:40:31,1765,9.378769716088328
12:40:32,1765,9.3775956284153
12:40:33,1765,9.3775956284153
12:40:34,1765,9.379101029195546
12:40:35,1766,9.379101029195546
12:40:36,1766,9.379101029195546
12:40:37,1766,9.379101029195546
12:40:38,1766,9.378022670025189
12:40:39,1767,9.378022670025189
12:40:40,1767,9.378022670025189
12:40:41,1767,9.378022670025189
12:40:42,1769,9.378022670025189
12:40:43,1769,9.378130899937068
12:40:44,1769,9.378130899937068
12:40:45,1771,9.378130899937068
12:40:46,1771,9.378130899937068
12:40:47,1771,9.378130899937068
12:40:48,1773,9.378130899937068
12:40:49,1773,9.378130899937068
12:40:50,1773,9.378909853249475
12:40:51,1775,9.378682170542636
12:40:52,1775,9.378682170542636
12:40:53,1775,9.378682170542636
12:40:54,1775,9.378682170542636
12:40:55,1775,9.377638190954773
12:40:56,1776,9.377638190954773
12:40:57,1776,9.377638190954773
12:40:58,1777,9.376846620631932
12:40:59,1777,9.376846620631932
12:41:00,1777,9.377864910079465
12:41:01,1777,9.377951933124347
12:41:02,1778,9.377951933124347
12:41:03,1778,9.380221386800335
12:41:04,1778,9.380221386800335
12:41:05,1778,9.383656856606137
12:41:06,1779,9.383802670004172
12:41:07,1779,9.383802670004172
12:41:08,1779,9.383802670004172
12:41:09,1780,9.385261621846988
12:41:10,1780,9.385261621846988
12:41:11,1780,9.385261621846988
12:41:12,1781,9.388312500000001
12:41:13,1781,9.388312500000001
12:41:14,1782,9.388312500000001
12:41:15,1783,9.388312500000001
12:41:16,1783,9.388312500000001
12:41:17,1784,9.388312500000001
12:41:18,1784,9.388312500000001
12:41:19,1784,9.388312500000001
12:41:20,1784,9.388312500000001
12:41:21,1785,9.388312500000001
12:41:22,1785,9.388312500000001
12:41:23,1785,9.388330210285238
12:41:24,1786,9.388330210285238
12:41:25,1786,9.388330210285238
12:41:26,1786,9.388330210285238
12:41:27,1786,9.387702871410736
12:41:28,1786,9.387702871410736
12:41:29,1787,9.387702871410736
12:41:30,1787,9.387702871410736
12:41:31,1787,9.387702871410736
12:41:32,1787,9.388854231648992
12:41:33,1787,9.388854231648992
12:41:34,1787,9.388854231648992
12:41:35,1787,9.388854231648992
12:41:36,1787,9.388206566916043
12:41:37,1787,9.388206566916043
12:41:38,1787,9.388206566916043
12:41:39,1787,9.388206566916043
12:41:40,1788,9.390467289719625
12:41:41,1788,9.39041095890411
12:41:42,1788,9.39041095890411
12:41:43,1789,9.390862891516283
12:41:44,1789,9.388919983416253
12:41:45,1789,9.388919983416253
12:41:46,1789,9.388919983416253
12:41:47,1790,9.38709343277398
12:41:48,1790,9.38709343277398
12:41:49,1790,9.38709343277398
12:41:50,1790,9.386583850931677
12:41:51,1790,9.38728533002276
12:41:52,1790,9.38728533002276
12:41:53,1790,9.38728533002276
12:41:54,1790,9.389102564102563
12:41:55,1790,9.389181649101054
12:41:56,1790,9.389181649101054
12:41:57,1790,9.39189384551838
12:41:58,1790,9.392693498452013
12:41:59,1790,9.392693498452013
12:42:00,1790,9.396751237623763
12:42:01,1790,9.396751237623763
12:42:02,1790,9.40007215007215
12:42:03,1790,9.398176761433868
12:42:04,1790,9.398176761433868
12:42:05,1790,9.398176761433868
12:42:06,1790,9.39636606959028
12:42:07,1791,9.39636606959028
12:42:08,1791,9.39636606959028
12:42:09,1793,9.39636606959028
12:42:10,1793,9.39636606959028
12:42:11,1793,9.39636606959028
12:42:12,1793,9.39636606959028
12:42:13,1794,9.39636606959028
12:42:14,1794,9.39636606959028
12:42:15,1794,9.39636606959028
12:42:16,1795,9.39636606959028
12:42:17,1795,9.397253086419754
12:42:18,1796,9.397253086419754
12:42:19,1796,9.395640551100144
12:42:20,1796,9.395640551100144
12:42:21,1797,9.395640551100144
12:42:22,1798,9.395640551100144
12:42:23,1798,9.395640551100144
12:42:24,1799,9.395640551100144
12:42:25,1799,9.395640551100144
12:42:26,1800,9.395640551100144
12:42:27,1800,9.395640551100144
12:42:28,1800,9.396208384710235
12:42:29,1801,9.396208384710235
12:42:30,1801,9.396208384710235
12:42:31,1801,9.396208384710235
12:42:32,1802,9.396208384710235
12:42:33,1802,9.396208384710235
12:42:34,1802,9.396208384710235
12:42:35,1802,9.396208384710235
12:42:36,1803,9.396208384710235
12:42:37,1804,9.396208384710235
12:42:38,1804,9.394444444444444
12:42:39,1804,9.394444444444444
12:42:40,1804,9.394444444444444
12:42:41,1806,9.394444444444444
12:42:42,1806,9.392692939244663
12:42:43,1806,9.396861538461538
12:42:44,1806,9.396861538461538
12:42:45,1807,9.399067813972547
12:42:46,1808,9.399067813972547
12:42:47,1808,9.400573300573301
12:42:48,1808,9.400573300573301
12:42:49,1809,9.400573300573301
12:42:50,1809,9.399897687742993
12:42:51,1809,9.399897687742993
12:42:52,1810,9.402689161554191
12:42:53,1810,9.402689161554191
12:42:54,1811,9.402689161554191
12:42:55,1811,9.402689161554191
12:42:56,1812,9.402689161554191
12:42:57,1812,9.402689161554191
12:42:58,1813,9.402689161554191
12:42:59,1813,9.402689161554191
12:43:00,1813,9.402689161554191
12:43:01,1813,9.402689161554191
12:43:02,1813,9.40713263846311
12:43:03,1814,9.407077205882354
12:43:04,1814,9.407077205882354
12:43:05,1814,9.407077205882354
12:43:06,1814,9.407077205882354
12:43:07,1814,9.409139126886986
12:43:08,1814,9.409139126886986
12:43:09,1814,9.409139126886986
12:43:10,1814,9.407635066258921
12:43:11,1814,9.407635066258921
12:43:12,1814,9.407635066258921
12:43:13,1816,9.406061532192338
12:43:14,1816,9.406061532192338
12:43:15,1816,9.406061532192338
12:43:16,1816,9.406061532192338
12:43:17,1816,9.406061532192338
12:43:18,1816,9.406061532192338
12:43:19,1816,9.406061532192338
12:43:20,1816,9.406061532192338
12:43:21,1816,9.40692323355732
12:43:22,1816,9.40692323355732
12:43:23,1816,9.40692323355732
12:43:24,1816,9.40692323355732
12:43:25,1816,9.40692323355732
12:43:26,1816,9.405372405372406
12:43:27,1816,9.405372405372406
12:43:28,1816,9.405372405372406
12:43:29,1816,9.405372405372406
12:43:30,1817,9.405372405372406
12:43:31,1817,9.405372405372406
12:43:32,1817,9.405372405372406
12:43:33,1818,9.405372405372406
12:43:34,1818,9.406019930852146
12:43:35,1818,9.408038617886179
12:43:36,1818,9.408038617886179
12:43:37,1818,9.412593946780419
12:43:38,1818,9.412593946780419
12:43:39,1818,9.412593946780419
12:43:40,1818,9.412593946780419
12:43:41,1819,9.412593946780419
12:43:42,1819,9.416067803491677
12:43:43,1820,9.416067803491677
12:43:44,1820,9.416067803491677
12:43:45,1821,9.416067803491677
12:43:46,1821,9.416067803491677
12:43:47,1823,9.416067803491677
12:43:48,1823,9.416067803491677
12:43:49,1823,9.416067803491677
12:43:50,1824,9.416067803491677
12:43:51,1825,9.416067803491677
12:43:52,1825,9.416067803491677
12:43:53,1825,9.417782511665653
12:43:54,1826,9.417782511665653
12:43:55,1827,9.417782511665653
12:43:56,1828,9.418826034063262
12:43:57,1828,9.418826034063262
12:43:58,1828,9.418826034063262
12:43:59,1828,9.417659574468084
12:44:00,1829,9.419471445929526
12:44:01,1829,9.418174458611617
12:44:02,1829,9.418174458611617
12:44:03,1829,9.418174458611617
12:44:04,1829,9.416171116504854
12:44:05,1829,9.416171116504854
12:44:06,1829,9.419395593288863
12:44:07,1829,9.420828282828284
12:44:08,1829,9.42040177670099
12:44:09,1829,9.42040177670099
12:44:10,1829,9.420207828894268
12:44:11,1829,9.420207828894268
12:44:12,1829,9.420207828894268
12:44:13,1829,9.420207828894268
12:44:14,1829,9.420207828894268
12:44:15,1829,9.420207828894268
12:44:16,1829,9.42130469852793
12:44:17,1830,9.42130469852793
12:44:18,1830,9.42130469852793
12:44:19,1830,9.42130469852793
12:44:20,1831,9.423347440548165
12:44:21,1831,9.423347440548165
12:44:22,1831,9.423347440548165
12:44:23,1832,9.423347440548165
12:44:24,1832,9.423347440548165
12:44:25,1832,9.426535750251762
12:44:26,1833,9.428123114061556
12:44:27,1833,9.428123114061556
12:44:28,1833,9.428123114061556
12:44:29,1833,9.428123114061556
12:44:30,1834,9.428123114061556
12:44:31,1834,9.428123114061556
12:44:32,1834,9.428123114061556
12:44:33,1835,9.428123114061556
12:44:34,1835,9.428123114061556
12:44:35,1835,9.42637716123844
12:44:36,1836,9.42637716123844
12:44:37,1836,9.42637716123844
12:44:38,1836,9.42637716123844
12:44:39,1836,9.42637716123844
12:44:40,1836,9.42637716123844
12:44:41,1836,9.42637716123844
12:44:42,1836,9.42852119750854
12:44:43,1837,9.42852119750854
12:44:44,1837,9.42852119750854
12:44:45,1837,9.426520168573148
12:44:46,1838,9.426520168573148
12:44:47,1838,9.426520168573148
12:44:48,1838,9.426520168573148
12:44:49,1839,9.426520168573148
12:44:50,1839,9.426520168573148
12:44:51,1841,9.426520168573148
12:44:52,1841,9.42491977537104
12:44:53,1841,9.42491977537104
12:44:54,1842,9.42491977537104
12:44:55,1842,9.427290038083784
12:44:56,1842,9.427290038083784
12:44:57,1843,9.427290038083784
12:44:58,1843,9.427804487179488
12:44:59,1843,9.427804487179488
12:45:00,1843,9.427804487179488
12:45:01,1843,9.431581581581582
12:45:02,1844,9.431581581581582
12:45:03,1844,9.431581581581582
12:45:04,1844,9.433673469387754
12:45:05,1844,9.435172965406919
12:45:06,1845,9.435172965406919
12:45:07,1845,9.435172965406919
12:45:08,1845,9.435172965406919
12:45:09,1845,9.435670061913322
12:45:10,1845,9.435670061913322
12:45:11,1845,9.435670061913322
12:45:12,1845,9.435670061913322
12:45:13,1845,9.435670061913322
12:45:14,1845,9.435670061913322
12:45:15,1845,9.435670061913322
12:45:16,1845,9.435670061913322
12:45:17,1845,9.435670061913322
12:45:18,1845,9.435670061913322
12:45:19,1845,9.434231536926148
12:45:20,1845,9.434061440255336
12:45:21,1845,9.434061440255336
12:45:22,1845,9.434061440255336
12:45:23,1845,9.434061440255336
12:45:24,1845,9.434061440255336
12:45:25,1845,9.434061440255336
12:45:26,1845,9.434061440255336
12:45:27,1845,9.436652711323765
12:45:28,1846,9.436652711323765
12:45:29,1846,9.436371787208607
12:45:30,1846,9.436371787208607
12:45:31,1846,9.436371787208607
12:45:32,1846,9.436371787208607
12:45:33,1846,9.436371787208607
12:45:34,1846,9.436371787208607
12:45:35,1848,9.436371787208607
12:45:36,1848,9.436371787208607
12:45:37,1848,9.436371787208607
12:45:38,1848,9.436371787208607
12:45:39,1848,9.43405017921147
12:45:40,1848,9.434497512437812
12:45:41,1848,9.434497512437812
12:45:42,1848,9.434497512437812
12:45:43,1849,9.435161995627112
12:45:44,1850,9.435161995627112
12:45:45,1851,9.437932061978547
12:45:46,1851,9.437932061978547
12:45:47,1851,9.438157633512011
12:45:48,1851,9.438157633512011
12:45:49,1851,9.438157633512011
12:45:50,1851,9.44077380952381
12:45:51,1851,9.44077380952381
12:45:52,1851,9.443922268490978
12:45:53,1851,9.442429647245342
12:45:54,1851,9.442429647245342
12:45:55,1851,9.442429647245342
12:45:56,1851,9.442429647245342
12:45:57,1851,9.442429647245342
12:45:58,1851,9.442543077837195
12:45:59,1851,9.442543077837195
12:46:00,1852,9.442543077837195
12:46:01,1852,9.442543077837195
12:46:02,1852,9.444962391132226
12:46:03,1853,9.444193867457962
12:46:04,1853,9.444193867457962
12:46:05,1853,9.444193867457962
12:46:06,1853,9.444193867457962
12:46:07,1853,9.444193867457962
12:46:08,1854,9.444193867457962
12:46:09,1855,9.444193867457962
12:46:10,1855,9.444193867457962
12:46:11,1855,9.444193867457962
12:46:12,1855,9.444193867457962
12:46:13,1855,9.444193867457962
12:46:14,1856,9.444193867457962
12:46:15,1856,9.444193867457962
12:46:16,1856,9.447083827599842
12:46:17,1856,9.447083827599842
12:46:18,1856,9.447083827599842
12:46:19,1857,9.447083827599842
12:46:20,1857,9.447083827599842
12:46:21,1857,9.44742145820984
12:46:22,1857,9.44742145820984
12:46:23,1857,9.44742145820984
12:46:24,1857,9.45064178515008
12:46:25,1857,9.45064178515008
12:46:26,1858,9.45064178515008
12:46:27,1858,9.448559305308862
12:46:28,1858,9.448559305308862
12:46:29,1858,9.448559305308862
12:46:30,1859,9.448559305308862
12:46:31,1859,9.446469428007891
12:46:32,1859,9.446469428007891
12:46:33,1860,9.444589000591368
12:46:34,1860,9.444589000591368
12:46:35,1860,9.447291174152875
12:46:36,1861,9.447291174152875
12:46:37,1861,9.44643630635952
12:46:38,1861,9.44643630635952
12:46:39,1862,9.44616292798111
12:46:40,1862,9.44616292798111
12:46:41,1862,9.44616292798111
12:46:42,1863,9.448348082595869
12:46:43,1863,9.448348082595869
12:46:44,1863,9.448348082595869
12:46:45,1863,9.452240566037736
12:46:46,1863,9.452612453349047
12:46:47,1863,9.452612453349047
12:46:48,1863,9.452612453349047
12:46:49,1863,9.452612453349047
12:46:50,1863,9.452612453349047
12:46:51,1863,9.452612453349047
12:46:52,1863,9.452612453349047
12:46:53,1863,9.452612453349047
12:46:54,1863,9.452612453349047
12:46:55,1863,9.452612453349047
12:46:56,1863,9.452612453349047
12:46:57,1863,9.452208480565371
12:46:58,1863,9.452208480565371
12:46:59,1863,9.451863841475378
12:47:00,1863,9.451863841475378
12:47:01,1864,9.452372549019607
12:47:02,1864,9.452372549019607
12:47:03,1864,9.452372549019607
12:47:04,1864,9.452372549019607
12:47:05,1864,9.452243778169704
12:47:06,1864,9.455424990207598
12:47:07,1864,9.455424990207598
12:47:08,1865,9.455424990207598
12:47:09,1865,9.45773145429634
12:47:10,1865,9.45773145429634
12:47:11,1865,9.45773145429634
12:47:12,1865,9.45773145429634
12:47:13,1865,9.45773145429634
12:47:14,1865,9.459595070422534
12:47:15,1865,9.457878787878789
12:47:16,1865,9.457878787878789
12:47:17,1865,9.457878787878789
12:47:18,1865,9.457878787878789
12:47:19,1866,9.457878787878789
12:47:20,1866,9.456242672919108
12:47:21,1866,9.456242672919108
12:47:22,1866,9.456242672919108
12:47:23,1866,9.456242672919108
12:47:24,1867,9.460821623731459
12:47:25,1867,9.460821623731459
12:47:26,1868,9.460821623731459
12:47:27,1868,9.460821623731459
12:47:28,1868,9.46337039204213
12:47:29,1868,9.46337039204213
12:47:30,1869,9.46337039204213
12:47:31,1869,9.46337039204213
12:47:32,1870,9.467046783625731
12:47:33,1870,9.467046783625731
12:47:34,1870,9.46786479641535
12:47:35,1871,9.46628699376947
12:47:36,1871,9.46628699376947
12:47:37,1871,9.46628699376947
12:47:38,1872,9.464419147694105
12:47:39,1872,9.464419147694105
12:47:40,1872,9.464537145079735
12:47:41,1872,9.464537145079735
12:47:42,1872,9.467026239067055
12:47:43,1872,9.467026239067055
12:47:44,1873,9.467026239067055
12:47:45,1873,9.467026239067055
12:47:46,1873,9.467026239067055
12:47:47,1874,9.467026239067055
12:47:48,1874,9.468376068376068
12:47:49,1874,9.468376068376068
12:47:50,1874,9.468376068376068
12:47:51,1874,9.468384779654436
12:47:52,1876,9.468384779654436
12:47:53,1876,9.468384779654436
12:47:54,1876,9.470457630405274
12:47:55,1876,9.470457630405274
12:47:56,1878,9.470457630405274
12:47:57,1878,9.468246124031007
12:47:58,1878,9.468246124031007
12:47:59,1879,9.468246124031007
12:48:00,1880,9.46836141778036
12:48:01,1880,9.467934572202864
12:48:02,1880,9.467934572202864
12:48:03,1880,9.467934572202864
12:48:04,1880,9.46763397175469
12:48:05,1880,9.46763397175469
12:48:06,1880,9.46763397175469
12:48:07,1880,9.46763397175469
12:48:08,1880,9.46763397175469
12:48:09,1880,9.46763397175469
12:48:10,1880,9.46763397175469
12:48:11,1881,9.46763397175469
12:48:12,1881,9.46763397175469
12:48:13,1881,9.46763397175469
12:48:14,1881,9.46763397175469
12:48:15,1881,9.469083526682136
12:48:16,1881,9.469083526682136
12:48:17,1881,9.469083526682136
12:48:18,1881,9.469083526682136
12:48:19,1881,9.468144927536231
12:48:20,1881,9.470249130938587
12:48:21,1881,9.470249130938587
12:48:22,1881,9.46900212314225
12:48:23,1881,9.46900212314225
12:48:24,1881,9.46900212314225
12:48:25,1881,9.46900212314225
12:48:26,1881,9.46900212314225
12:48:27,1881,9.46900212314225
12:48:28,1881,9.46900212314225
12:48:29,1881,9.46900212314225
12:48:30,1881,9.46900212314225
12:48:31,1881,9.46688850308642
12:48:32,1881,9.46688850308642
12:48:33,1881,9.46688850308642
12:48:34,1881,9.466165413533835
12:48:35,1881,9.466165413533835
12:48:36,1881,9.466165413533835
12:48:37,1881,9.468227360308285
12:48:38,1882,9.468187945310996
12:48:39,1882,9.466464588144728
12:48:40,1882,9.470369301788805
12:48:41,1882,9.470369301788805
12:48:42,1883,9.470369301788805
12:48:43,1883,9.470290272971933
12:48:44,1883,9.469048991354468
12:48:45,1884,9.469048991354468
12:48:46,1885,9.469048991354468
12:48:47,1885,9.469048991354468
12:48:48,1885,9.469048991354468
12:48:49,1885,9.469048991354468
12:48:50,1886,9.466628264208909
12:48:51,1886,9.466628264208909
12:48:52,1886,9.46884475148724
12:48:53,1887,9.46884475148724
12:48:54,1887,9.46884475148724
12:48:55,1887,9.46884475148724
12:48:56,1887,9.46884475148724
12:48:57,1887,9.46884475148724
12:48:58,1889,9.46884475148724
12:48:59,1889,9.467098197161487
12:49:00,1889,9.467356718420548
12:49:01,1889,9.467356718420548
12:49:02,1891,9.467356718420548
12:49:03,1891,9.467356718420548
12:49:04,1892,9.467356718420548
12:49:05,1893,9.467356718420548
12:49:06,1893,9.467356718420548
12:49:07,1893,9.466590038314175
12:49:08,1894,9.466590038314175
12:49:09,1894,9.465910396323952
12:49:10,1895,9.468494068120934
12:49:11,1896,9.468494068120934
12:49:12,1896,9.468494068120934
12:49:13,1896,9.470328934786767
12:49:14,1897,9.470451070336392
12:49:15,1897,9.470451070336392
12:49:16,1897,9.470451070336392
12:49:17,1898,9.474603629417382
12:49:18,1899,9.47311951126384
12:49:19,1899,9.47311951126384
12:49:20,1900,9.47311951126384
12:49:21,1902,9.47311951126384
12:49:22,1902,9.47311951126384
12:49:23,1903,9.47311951126384
12:49:24,1904,9.47311951126384
12:49:25,1904,9.47311951126384
12:49:26,1904,9.475519938942949
12:49:27,1904,9.475519938942949
12:49:28,1906,9.475519938942949
12:49:29,1906,9.475519938942949
12:49:30,1907,9.475519938942949
12:49:31,1909,9.475519938942949
12:49:32,1909,9.474590007627766
12:49:33,1909,9.474590007627766
12:49:34,1911,9.474590007627766
12:49:35,1911,9.473327615780446
12:49:36,1911,9.473327615780446
12:49:37,1912,9.473327615780446
12:49:38,1912,9.473327615780446
12:49:39,1912,9.470295238095238
12:49:40,1913,9.470295238095238
12:49:41,1913,9.470295238095238
12:49:42,1913,9.469760137064535
12:49:43,1914,9.469760137064535
12:49:44,1914,9.469760137064535
12:49:45,1915,9.469760137064535
12:49:46,1915,9.470823820395738
12:49:47,1916,9.468891424225138
12:49:48,1916,9.468891424225138
12:49:49,1917,9.468891424225138
12:49:50,1918,9.468891424225138
12:49:51,1918,9.468891424225138
12:49:52,1919,9.468891424225138
12:49:53,1920,9.468891424225138
12:49:54,1920,9.468891424225138
12:49:55,1920,9.468891424225138
12:49:56,1921,9.468891424225138
12:49:57,1922,9.468891424225138
12:49:58,1922,9.468891424225138
12:49:59,1923,9.468891424225138
12:50:00,1923,9.468891424225138
12:50:01,1924,9.471341695172937
12:50:02,1924,9.471341695172937
12:50:03,1925,9.471341695172937
12:50:04,1925,9.47596391263058
12:50:05,1926,9.47596391263058
12:50:06,1926,9.47596391263058
12:50:07,1927,9.475507493834186
12:50:08,1927,9.475507493834186
12:50:09,1928,9.477417519908988
12:50:10,1928,9.477417519908988
12:50:11,1928,9.477417519908988
12:50:12,1929,9.47708925525867
12:50:13,1929,9.47708925525867
12:50:14,1929,9.473816287878787
12:50:15,1929,9.473816287878787
12:50:16,1931,9.473816287878787
12:50:17,1932,9.476481166004165
12:50:18,1932,9.476481166004165
12:50:19,1932,9.476481166004165
12:50:20,1934,9.476481166004165
12:50:21,1934,9.476437760121076
12:50:22,1934,9.476437760121076
12:50:23,1934,9.476437760121076
12:50:24,1934,9.476437760121076
12:50:25,1934,9.476437760121076
12:50:26,1934,9.474484779731517
12:50:27,1934,9.474484779731517
12:50:28,1934,9.474484779731517
12:50:29,1934,9.474484779731517
12:50:30,1934,9.474484779731517
12:50:31,1934,9.474484779731517
12:50:32,1934,9.474484779731517
12:50:33,1934,9.474484779731517
12:50:34,1934,9.474484779731517
12:50:35,1934,9.472590702947846
12:50:36,1934,9.472590702947846
12:50:37,1935,9.47558073654391
12:50:38,1935,9.47558073654391
12:50:39,1935,9.476349565873914
12:50:40,1935,9.476349565873914
12:50:41,1935,9.476349565873914
12:50:42,1935,9.476349565873914
12:50:43,1935,9.476349565873914
12:50:44,1935,9.477636295038673
12:50:45,1935,9.477636295038673
12:50:46,1935,9.477636295038673
12:50:47,1935,9.477636295038673
12:50:48,1935,9.480288461538462
12:50:49,1935,9.480288461538462
12:50:50,1936,9.480288461538462
12:50:51,1936,9.480329566854989
12:50:52,1936,9.480329566854989
12:50:53,1936,9.480329566854989
12:50:54,1936,9.476392024078255
12:50:55,1936,9.476392024078255
12:50:56,1936,9.476392024078255
12:50:57,1936,9.476392024078255
12:50:58,1937,9.476392024078255
12:50:59,1937,9.476392024078255
12:51:00,1937,9.476392024078255
12:51:01,1937,9.476392024078255
12:51:02,1937,9.476066929874037
12:51:03,1937,9.476066929874037
12:51:04,1937,9.476118000751597
12:51:05,1937,9.477446009389672
12:51:06,1937,9.477446009389672
12:51:07,1937,9.477446009389672
12:51:08,1938,9.478603603603604
12:51:09,1938,9.478603603603604
12:51:10,1938,9.478603603603604
12:51:11,1938,9.478603603603604
12:51:12,1938,9.482057775276683
12:51:13,1938,9.482057775276683
12:51:14,1938,9.479998126288177
12:51:15,1938,9.479998126288177
12:51:16,1938,9.479998126288177
12:51:17,1938,9.479998126288177
12:51:18,1938,9.479998126288177
12:51:19,1938,9.479998126288177
12:51:20,1938,9.479998126288177
12:51:21,1938,9.479719101123596
12:51:22,1938,9.479719101123596
12:51:23,1938,9.482041924012726
12:51:24,1939,9.482041924012726
12:51:25,1939,9.482041924012726
12:51:26,1939,9.478974934530491
12:51:27,1939,9.478974934530491
12:51:28,1940,9.478974934530491
12:51:29,1940,9.47638810992709
12:51:30,1940,9.47638810992709
12:51:31,1940,9.47638810992709
12:51:32,1940,9.47638810992709
12:51:33,1940,9.473813527653213
12:51:34,1940,9.473813527653213
12:51:35,1940,9.473813527653213
12:51:36,1940,9.47360410830999
12:51:37,1940,9.47360410830999
12:51:38,1940,9.47360410830999
12:51:39,1940,9.47360410830999
12:51:40,1940,9.47360410830999
12:51:41,1940,9.47360410830999
12:51:42,1940,9.477662749487035
12:51:43,1940,9.477662749487035
12:51:44,1940,9.477662749487035
12:51:45,1940,9.476528709917972
12:51:46,1940,9.476528709917972
12:51:47,1940,9.47914104713993
12:51:48,1940,9.47914104713993
12:51:49,1940,9.47914104713993
12:51:50,1940,9.47914104713993
12:51:51,1941,9.47914104713993
12:51:52,1941,9.47914104713993
12:51:53,1941,9.47914104713993
12:51:54,1941,9.480661080074489
12:51:55,1941,9.480661080074489
12:51:56,1942,9.480661080074489
12:51:57,1942,9.480661080074489
12:51:58,1942,9.480661080074489
12:51:59,1942,9.480661080074489
12:52:00,1942,9.480661080074489
12:52:01,1942,9.480661080074489
12:52:02,1942,9.480661080074489
12:52:03,1942,9.480588125814256
12:52:04,1942,9.480588125814256
12:52:05,1942,9.480588125814256
12:52:06,1942,9.480588125814256
12:52:07,1943,9.480588125814256
12:52:08,1943,9.480588125814256
12:52:09,1943,9.480588125814256
12:52:10,1943,9.482700892857142
12:52:11,1943,9.482700892857142
12:52:12,1943,9.482700892857142
12:52:13,1943,9.482700892857142
12:52:14,1943,9.482700892857142
12:52:15,1943,9.482700892857142
12:52:16,1944,9.484709053727459
12:52:17,1944,9.484709053727459
12:52:18,1944,9.484709053727459
12:52:19,1944,9.48343552582683
12:52:20,1945,9.48343552582683
12:52:21,1945,9.48343552582683
12:52:22,1945,9.486610956360261
12:52:23,1945,9.484038604305864
12:52:24,1946,9.484038604305864
12:52:25,1946,9.4837135967353
12:52:26,1946,9.4837135967353
12:52:27,1947,9.4837135967353
12:52:28,1947,9.483574341861328
12:52:29,1947,9.485788400963498
12:52:30,1947,9.482907407407406
12:52:31,1947,9.482907407407406
12:52:32,1947,9.482907407407406
12:52:33,1948,9.480279474366093
12:52:34,1948,9.480279474366093
12:52:35,1948,9.480279474366093
12:52:36,1948,9.48390677025527
12:52:37,1948,9.48390677025527
12:52:38,1948,9.48390677025527
12:52:39,1948,9.48390677025527
12:52:40,1949,9.48390677025527
12:52:41,1949,9.48390677025527
12:52:42,1949,9.48390677025527
12:52:43,1949,9.48390677025527
12:52:44,1949,9.48390677025527
12:52:45,1950,9.48390677025527
12:52:46,1950,9.48070807912738
12:52:47,1950,9.48070807912738
12:52:48,1950,9.48070807912738
12:52:49,1950,9.482529563932003
12:52:50,1951,9.482529563932003
12:52:51,1951,9.482529563932003
12:52:52,1951,9.482234533702677
12:52:53,1951,9.482234533702677
12:52:54,1951,9.482234533702677
12:52:55,1951,9.48248431155408
12:52:56,1951,9.48248431155408
12:52:57,1951,9.48248431155408
12:52:58,1952,9.48248431155408
12:52:59,1952,9.48172846338314
12:53:00,1953,9.48172846338314
12:53:01,1953,9.48172846338314
12:53:02,1953,9.483978613569322
12:53:03,1954,9.483978613569322
12:53:04,1954,9.481601252994288
12:53:05,1955,9.483167587476979
12:53:06,1955,9.483167587476979
12:53:07,1955,9.483167587476979
12:53:08,1955,9.483167587476979
12:53:09,1955,9.483167587476979
12:53:10,1955,9.48579974231548
12:53:11,1956,9.48579974231548
12:53:12,1956,9.485062545989699
12:53:13,1956,9.482349696635412
12:53:14,1957,9.482349696635412
12:53:15,1957,9.482349696635412
12:53:16,1957,9.482349696635412
12:53:17,1957,9.482349696635412
12:53:18,1957,9.484932010290335
12:53:19,1957,9.484932010290335
12:53:20,1957,9.481891643709824
12:53:21,1957,9.481891643709824
12:53:22,1958,9.483819750367108
12:53:23,1958,9.483819750367108
12:53:24,1958,9.483819750367108
12:53:25,1958,9.483819750367108
12:53:26,1958,9.483819750367108
12:53:27,1959,9.483819750367108
12:53:28,1959,9.483819750367108
12:53:29,1959,9.483819750367108
12:53:30,1959,9.483819750367108
12:53:31,1959,9.483819750367108
12:53:32,1961,9.482709594569803
12:53:33,1961,9.482709594569803
12:53:34,1961,9.482709594569803
12:53:35,1961,9.482709594569803
12:53:36,1962,9.482709594569803
12:53:37,1962,9.479950495049506
12:53:38,1962,9.479950495049506
12:53:39,1962,9.479950495049506
12:53:40,1963,9.481299248671432
12:53:41,1963,9.481299248671432
12:53:42,1963,9.481299248671432
12:53:43,1963,9.48157509157509
12:53:44,1964,9.48157509157509
12:53:45,1965,9.48157509157509
12:53:46,1965,9.48157509157509
12:53:47,1965,9.478940142778693
12:53:48,1965,9.478940142778693
12:53:49,1965,9.478940142778693
12:53:50,1965,9.479162092938164
12:53:51,1965,9.479162092938164
12:53:52,1965,9.479162092938164
12:53:53,1965,9.477969663742691
12:53:54,1965,9.477969663742691
12:53:55,1965,9.477969663742691
12:53:56,1965,9.47999086757991
12:53:57,1965,9.47999086757991
12:53:58,1965,9.47999086757991
12:53:59,1965,9.482986491420228
12:54:00,1965,9.482986491420228
12:54:01,1966,9.482986491420228
12:54:02,1966,9.482986491420228
12:54:03,1966,9.485404123335156
12:54:04,1966,9.485404123335156
12:54:05,1966,9.484245076586433
12:54:06,1966,9.484245076586433
12:54:07,1966,9.484135228722435
12:54:08,1966,9.484135228722435
12:54:09,1966,9.484135228722435
12:54:10,1966,9.484135228722435
12:54:11,1966,9.484135228722435
12:54:12,1966,9.484135228722435
12:54:13,1966,9.484135228722435
12:54:14,1966,9.48511839708561
12:54:15,1966,9.48511839708561
12:54:16,1966,9.48511839708561
12:54:17,1966,9.48511839708561
12:54:18,1966,9.48511839708561
12:54:19,1966,9.48511839708561
12:54:20,1966,9.48511839708561
12:54:21,1967,9.482632441288912
12:54:22,1967,9.482632441288912
12:54:23,1967,9.482632441288912
12:54:24,1967,9.482632441288912
12:54:25,1968,9.482632441288912
12:54:26,1968,9.480285662299854
12:54:27,1968,9.480285662299854
12:54:28,1968,9.480285662299854
12:54:29,1968,9.482351336606655
12:54:30,1968,9.482351336606655
12:54:31,1969,9.482997091966558
12:54:32,1969,9.482997091966558
12:54:33,1969,9.484241598546776
12:54:34,1969,9.484241598546776
12:54:35,1969,9.483614742193174
12:54:36,1970,9.483614742193174
12:54:37,1970,9.486726546906189
12:54:38,1970,9.486171563293434
12:54:39,1970,9.486171563293434
12:54:40,1970,9.486171563293434
12:54:41,1970,9.483025194852274
12:54:42,1970,9.483025194852274
12:54:43,1970,9.483025194852274
12:54:44,1970,9.483025194852274
12:54:45,1971,9.485208333333333
12:54:46,1971,9.485208333333333
12:54:47,1972,9.485208333333333
12:54:48,1973,9.485208333333333
12:54:49,1974,9.484057577403584
12:54:50,1974,9.484057577403584
12:54:51,1974,9.484057577403584
12:54:52,1975,9.48711545421643
12:54:53,1975,9.48711545421643
12:54:54,1976,9.48711545421643
12:54:55,1976,9.485856393561223
12:54:56,1976,9.485856393561223
12:54:57,1976,9.483053145336225
12:54:58,1977,9.483053145336225
12:54:59,1977,9.483053145336225
12:55:00,1977,9.483053145336225
12:55:01,1977,9.483053145336225
12:55:02,1977,9.483053145336225
12:55:03,1977,9.48509485094851
12:55:04,1978,9.48509485094851
12:55:05,1979,9.48509485094851
12:55:06,1979,9.48509485094851
12:55:07,1979,9.486014806789454
12:55:08,1980,9.486014806789454
12:55:09,1980,9.486014806789454
12:55:10,1980,9.484118390182278
12:55:11,1981,9.484118390182278
12:55:12,1981,9.48365800865801
12:55:13,1981,9.48365800865801
12:55:14,1981,9.48365800865801
12:55:15,1981,9.481990265008113
12:55:16,1981,9.481990265008113
12:55:17,1982,9.481990265008113
12:55:18,1982,9.478720720720721
12:55:19,1982,9.478720720720721
12:55:20,1982,9.478720720720721
12:55:21,1982,9.476337115072933
12:55:22,1983,9.476337115072933
12:55:23,1984,9.479913606911447
12:55:24,1984,9.4766594711279
12:55:25,1984,9.4766594711279
12:55:26,1985,9.4766594711279
12:55:27,1985,9.4766594711279
12:55:28,1985,9.4766594711279
12:55:29,1985,9.479216109313198
12:55:30,1985,9.479216109313198
12:55:31,1985,9.479216109313198
12:55:32,1987,9.479216109313198
12:55:33,1987,9.479216109313198
12:55:34,1987,9.479946091644203
12:55:35,1988,9.479946091644203
12:55:36,1988,9.48195941091954
12:55:37,1988,9.48195941091954
12:55:38,1988,9.48195941091954
12:55:39,1988,9.48195941091954
12:55:40,1988,9.48195941091954
12:55:41,1988,9.48195941091954
12:55:42,1988,9.48195941091954
12:55:43,1988,9.481035720696465
12:55:44,1988,9.481035720696465
12:55:45,1988,9.481035720696465
12:55:46,1989,9.480328310010766
12:55:47,1989,9.480328310010766
12:55:48,1989,9.480328310010766
12:55:49,1989,9.480328310010766
12:55:50,1989,9.480328310010766
12:55:51,1989,9.480328310010766
12:55:52,1989,9.480328310010766
12:55:53,1989,9.482365070826608
12:55:54,1989,9.482365070826608
12:55:55,1989,9.482365070826608
12:55:56,1989,9.481989247311827
12:55:57,1990,9.481989247311827
12:55:58,1990,9.481989247311827
12:55:59,1990,9.481989247311827
12:56:00,1991,9.481989247311827
12:56:01,1991,9.481989247311827
12:56:02,1991,9.481989247311827
12:56:03,1991,9.481989247311827
12:56:04,1992,9.481989247311827
12:56:05,1992,9.481989247311827
12:56:06,1992,9.478156904889845
12:56:07,1992,9.478156904889845
12:56:08,1992,9.478156904889845
12:56:09,1992,9.478156904889845
12:56:10,1992,9.478156904889845
12:56:11,1992,9.478156904889845
12:56:12,1992,9.478156904889845
12:56:13,1992,9.478412954016818
12:56:14,1992,9.478412954016818
12:56:15,1992,9.478412954016818
12:56:16,1992,9.478412954016818
12:56:17,1992,9.478412954016818
12:56:18,1992,9.47725321888412
12:56:19,1992,9.479758713136729
12:56:20,1992,9.476429081814933
12:56:21,1992,9.476429081814933
12:56:22,1992,9.476429081814933
12:56:23,1992,9.476429081814933
12:56:24,1992,9.476429081814933
12:56:25,1992,9.476429081814933
12:56:26,1992,9.476429081814933
12:56:27,1992,9.476429081814933
12:56:28,1992,9.476429081814933
12:56:29,1992,9.476429081814933
12:56:30,1992,9.47532583467238
12:56:31,1992,9.47532583467238
12:56:32,1992,9.47532583467238
12:56:33,1992,9.47791755888651
12:56:34,1992,9.47791755888651
12:56:35,1992,9.47791755888651
12:56:36,1992,9.47791755888651
12:56:37,1992,9.479293739967897
12:56:38,1992,9.479293739967897
12:56:39,1993,9.479293739967897
12:56:40,1993,9.479293739967897
12:56:41,1993,9.481586452762922
12:56:42,1993,9.481586452762922
12:56:43,1993,9.481586452762922
12:56:44,1993,9.481586452762922
12:56:45,1994,9.481586452762922
12:56:46,1994,9.481586452762922
12:56:47,1994,9.480803491893818
12:56:48,1994,9.479496082621084
12:56:49,1995,9.479496082621084
12:56:50,1995,9.479496082621084
12:56:51,1995,9.479496082621084
12:56:52,1995,9.478465919202705
12:56:53,1995,9.478465919202705
12:56:54,1996,9.474670935610103
12:56:55,1996,9.474670935610103
12:56:56,1996,9.474670935610103
12:56:57,1996,9.476008888888888
12:56:58,1997,9.476008888888888
12:56:59,1997,9.476008888888888
12:57:00,1997,9.476008888888888
12:57:01,1997,9.476008888888888
12:57:02,1997,9.476008888888888
12:57:03,1998,9.473463041933192
12:57:04,1999,9.472518202805896
12:57:05,1999,9.471831735889245
12:57:06,1999,9.471831735889245
12:57:07,1999,9.474392407308851
12:57:08,1999,9.474392407308851
12:57:09,1999,9.473218085106383
12:57:10,1999,9.473218085106383
12:57:11,1999,9.47584618110934
12:57:12,1999,9.47584618110934
12:57:13,1999,9.47584618110934
12:57:14,1999,9.47584618110934
12:57:15,1999,9.47221041445271
12:57:16,1999,9.47221041445271
12:57:17,1999,9.47221041445271
12:57:18,2000,9.47221041445271
12:57:19,2000,9.47221041445271
12:57:20,2000,9.469490175252256
12:57:21,2001,9.469490175252256
12:57:22,2001,9.469490175252256
12:57:23,2001,9.469490175252256
12:57:24,2001,9.469490175252256
12:57:25,2002,9.469490175252256
12:57:26,2002,9.468294409058739
12:57:27,2002,9.466772767462423
12:57:28,2002,9.466772767462423
12:57:29,2002,9.468442912689996
12:57:30,2002,9.468442912689996
12:57:31,2002,9.471082847553436
12:57:32,2003,9.471082847553436
12:57:33,2003,9.471082847553436
12:57:34,2003,9.471082847553436
12:57:35,2003,9.471082847553436
12:57:36,2003,9.471082847553436
12:57:37,2003,9.471082847553436
12:57:38,2004,9.471082847553436
12:57:39,2004,9.471082847553436
12:57:40,2005,9.471082847553436
12:57:41,2005,9.471082847553436
12:57:42,2005,9.470391949152543
12:57:43,2005,9.470391949152543
12:57:44,2005,9.470391949152543
12:57:45,2005,9.470391949152543
12:57:46,2005,9.47152814540321
12:57:47,2005,9.47152814540321
12:57:48,2005,9.47152814540321
12:57:49,2005,9.47152814540321
12:57:50,2005,9.47152814540321
12:57:51,2005,9.47152814540321
12:57:52,2005,9.47152814540321
12:57:53,2005,9.47152814540321
12:57:54,2005,9.47152814540321
12:57:55,2005,9.47152814540321
12:57:56,2005,9.47152814540321
12:57:57,2006,9.47152814540321
12:57:58,2006,9.47152814540321
12:57:59,2007,9.47152814540321
12:58:00,2007,9.47152814540321
12:58:01,2007,9.47152814540321
12:58:02,2007,9.471022927689594
12:58:03,2008,9.471022927689594
12:58:04,2008,9.471022927689594
12:58:05,2008,9.476744186046512
12:58:06,2008,9.476744186046512
12:58:07,2008,9.476744186046512
12:58:08,2008,9.476744186046512
12:58:09,2008,9.475884838880084
12:58:10,2009,9.473504047870469
12:58:11,2009,9.473504047870469
12:58:12,2009,9.473504047870469
12:58:13,2009,9.476824978012312
12:58:14,2009,9.476824978012312
12:58:15,2009,9.475571378340366
12:58:16,2009,9.478501142154279
12:58:17,2009,9.475184404636458
12:58:18,2009,9.475184404636458
12:58:19,2009,9.475184404636458
12:58:20,2009,9.475184404636458
12:58:21,2010,9.475184404636458
12:58:22,2010,9.475184404636458
12:58:23,2010,9.476838687028259
12:58:24,2010,9.476838687028259
12:58:25,2011,9.476838687028259
12:58:26,2011,9.476838687028259
12:58:27,2011,9.476838687028259
12:58:28,2011,9.476838687028259
12:58:29,2012,9.479201754385965
12:58:30,2012,9.479201754385965
12:58:31,2012,9.479201754385965
12:58:32,2012,9.479201754385965
12:58:33,2012,9.479201754385965
12:58:34,2012,9.479201754385965
12:58:35,2012,9.479201754385965
12:58:36,2012,9.479201754385965
12:58:37,2013,9.475583026477294
12:58:38,2013,9.475583026477294
12:58:39,2013,9.475583026477294
12:58:40,2013,9.477988082719945
12:58:41,2013,9.475048169556839
12:58:42,2014,9.475048169556839
12:58:43,2014,9.475048169556839
12:58:44,2014,9.475048169556839
12:58:45,2014,9.471165966386556
12:58:46,2015,9.471165966386556
12:58:47,2015,9.471165966386556
12:58:48,2015,9.47103237095363
12:58:49,2016,9.47365337530605
12:58:50,2016,9.47365337530605
12:58:51,2016,9.47346617724174
12:58:52,2016,9.47346617724174
12:58:53,2016,9.47346617724174
12:58:54,2016,9.47346617724174
12:58:55,2017,9.47346617724174
12:58:56,2017,9.47346617724174
12:58:57,2017,9.47346617724174
12:58:58,2017,9.47346617724174
12:58:59,2017,9.47346617724174
12:59:00,2017,9.47346617724174
12:59:01,2017,9.47346617724174
12:59:02,2017,9.475899720475192
12:59:03,2017,9.475899720475192
12:59:04,2017,9.474061463244281
12:59:05,2017,9.474061463244281
12:59:06,2017,9.476169284467714
12:59:07,2017,9.476169284467714
12:59:08,2017,9.476169284467714
12:59:09,2017,9.476169284467714
12:59:10,2017,9.476169284467714
12:59:11,2017,9.476169284467714
12:59:12,2017,9.477420198848769
12:59:13,2017,9.477597629009763
12:59:14,2017,9.477597629009763
12:59:15,2017,9.477597629009763
12:59:16,2017,9.477597629009763
12:59:17,2017,9.47456874019864
12:59:18,2017,9.47456874019864
12:59:19,2017,9.47456874019864
12:59:20,2017,9.47456874019864
12:59:21,2017,9.47456874019864
12:59:22,2017,9.47456874019864
12:59:23,2017,9.476819923371647
12:59:24,2017,9.474464751958225
12:59:25,2017,9.474464751958225
12:59:26,2017,9.474260612386917
12:59:27,2017,9.473056859676579
12:59:28,2017,9.473056859676579
12:59:29,2017,9.473056859676579
12:59:30,2017,9.473056859676579
12:59:31,2017,9.47430483142162
12:59:32,2017,9.473597359735974
12:59:33,2017,9.473597359735974
12:59:34,2017,9.473597359735974
12:59:35,2017,9.47637152777778
12:59:36,2017,9.47637152777778
12:59:37,2017,9.479672045809474
12:59:38,2018,9.479672045809474
12:59:39,2018,9.479672045809474
12:59:40,2018,9.479672045809474
12:59:41,2019,9.479672045809474
12:59:42,2019,9.479672045809474
12:59:43,2019,9.479672045809474
12:59:44,2020,9.47726326742976
12:59:45,2020,9.47726326742976
12:59:46,2020,9.47726326742976
12:59:47,2020,9.47726326742976
12:59:48,2020,9.47726326742976
12:59:49,2023,9.47726326742976
12:59:50,2023,9.47726326742976
12:59:51,2023,9.47726326742976
12:59:52,2023,9.47726326742976
12:59:53,2025,9.47726326742976
12:59:54,2025,9.475684338184339
12:59:55,2025,9.475684338184339
12:59:56,2025,9.475684338184339
12:59:57,2025,9.476294372294372
12:59:58,2025,9.475155763239876
12:59:59,2025,9.475155763239876
13:00:00,2025,9.475155763239876
13:00:01,2025,9.475155763239876
13:00:02,2025,9.475155763239876
13:00:03,2025,9.475155763239876
13:00:04,2025,9.475155763239876
13:00:05,2025,9.475523265870956
13:00:06,2025,9.475523265870956
13:00:07,2025,9.475523265870956
13:00:08,2026,9.475523265870956
13:00:09,2026,9.478086099585061
13:00:10,2026,9.478086099585061
13:00:11,2027,9.478086099585061
13:00:12,2028,9.478086099585061
13:00:13,2028,9.475669604285466
13:00:14,2029,9.475669604285466
13:00:15,2030,9.47240932642487
13:00:16,2030,9.47240932642487
13:00:17,2030,9.47240932642487
13:00:18,2031,9.47240932642487
13:00:19,2031,9.47240932642487
13:00:20,2031,9.473519765233902
13:00:21,2031,9.473519765233902
13:00:22,2031,9.473519765233902
13:00:23,2032,9.473519765233902
13:00:24,2032,9.473519765233902
13:00:25,2033,9.469832643202208
13:00:26,2034,9.469055009484395
13:00:27,2034,9.469055009484395
13:00:28,2034,9.469055009484395
13:00:29,2036,9.469055009484395
13:00:30,2036,9.469055009484395
13:00:31,2036,9.469055009484395
13:00:32,2037,9.466106514994829
13:00:33,2038,9.466106514994829
13:00:34,2038,9.466106514994829
13:00:35,2038,9.466106514994829
13:00:36,2038,9.466106514994829
13:00:37,2040,9.466106514994829
13:00:38,2040,9.466106514994829
13:00:39,2041,9.466106514994829
13:00:40,2041,9.466106514994829
13:00:41,2041,9.466106514994829
13:00:42,2042,9.462420327304049
13:00:43,2043,9.464127066115703
13:00:44,2043,9.464127066115703
13:00:45,2043,9.464127066115703
13:00:46,2044,9.461194286697642
13:00:47,2045,9.461194286697642
13:00:48,2045,9.463993467423071
13:00:49,2045,9.463993467423071
13:00:50,2046,9.463993467423071
13:00:51,2046,9.463993467423071
13:00:52,2047,9.463993467423071
13:00:53,2047,9.463993467423071
13:00:54,2047,9.465146048109967
13:00:55,2049,9.465876695861239
13:00:56,2049,9.465876695861239
13:00:57,2049,9.465876695861239
13:00:58,2049,9.469730518365946
13:00:59,2051,9.469730518365946
13:01:00,2051,9.469730518365946
13:01:01,2051,9.471556013038256
13:01:02,2052,9.471556013038256
13:01:03,2052,9.471556013038256
13:01:04,2053,9.46803840877915
13:01:05,2054,9.46803840877915
13:01:06,2054,9.464927163667523
13:01:07,2055,9.464927163667523
13:01:08,2055,9.464927163667523
13:01:09,2056,9.461279547790339
13:01:10,2056,9.461279547790339
13:01:11,2056,9.461279547790339
13:01:12,2056,9.461279547790339
13:01:13,2057,9.461279547790339
13:01:14,2057,9.457755521314844
13:01:15,2057,9.457755521314844
13:01:16,2059,9.46086584531143
13:01:17,2060,9.46086584531143
13:01:18,2060,9.46086584531143
13:01:19,2060,9.459261159569008
13:01:20,2062,9.459261159569008
13:01:21,2062,9.459261159569008
13:01:22,2062,9.459261159569008
13:01:23,2062,9.459261159569008
13:01:24,2062,9.459261159569008
13:01:25,2062,9.459261159569008
13:01:26,2062,9.459261159569008
13:01:27,2062,9.459261159569008
13:01:28,2062,9.459261159569008
13:01:29,2062,9.459261159569008
13:01:30,2062,9.459261159569008
13:01:31,2062,9.461333333333332
13:01:32,2062,9.461333333333332
13:01:33,2062,9.461333333333332
13:01:34,2063,9.461333333333332
13:01:35,2063,9.461333333333332
13:01:36,2064,9.457961729027849
13:01:37,2064,9.457961729027849
13:01:38,2064,9.460160519125683
13:01:39,2064,9.460160519125683
13:01:40,2065,9.456938044034818
13:01:41,2065,9.456938044034818
13:01:42,2065,9.456938044034818
13:01:43,2066,9.454995737425405
13:01:44,2066,9.454995737425405
13:01:45,2067,9.454995737425405
13:01:46,2067,9.454995737425405
13:01:47,2068,9.453723585548738
13:01:48,2068,9.453723585548738
13:01:49,2068,9.453723585548738
13:01:50,2068,9.455424970192471
13:01:51,2069,9.455424970192471
13:01:52,2069,9.455424970192471
13:01:53,2069,9.455424970192471
13:01:54,2070,9.455424970192471
13:01:55,2070,9.455424970192471
13:01:56,2070,9.455424970192471
13:01:57,2071,9.455424970192471
13:01:58,2071,9.455424970192471
13:01:59,2071,9.455424970192471
13:02:00,2072,9.455424970192471
13:02:01,2072,9.456554307116106
13:02:02,2072,9.456554307116106
13:02:03,2072,9.456554307116106
13:02:04,2072,9.456554307116106
13:02:05,2074,9.454940476190476
13:02:06,2074,9.454940476190476
13:02:07,2074,9.454940476190476
13:02:08,2075,9.45347611762706
13:02:09,2076,9.451240231056746
13:02:10,2076,9.451240231056746
13:02:11,2076,9.451240231056746
13:02:12,2077,9.451240231056746
13:02:13,2077,9.451240231056746
13:02:14,2077,9.447486839870946
13:02:15,2077,9.447486839870946
13:02:16,2078,9.447486839870946
13:02:17,2078,9.447486839870946
13:02:18,2078,9.447486839870946
13:02:19,2078,9.450195179904956
13:02:20,2079,9.450195179904956
13:02:21,2079,9.450195179904956
13:02:22,2079,9.450195179904956
13:02:23,2079,9.450195179904956
13:02:24,2080,9.450195179904956
13:02:25,2080,9.450195179904956
13:02:26,2080,9.450195179904956
13:02:27,2080,9.448201865988125
13:02:28,2080,9.450254323499491
13:02:29,2080,9.450254323499491
13:02:30,2080,9.450254323499491
13:02:31,2080,9.450254323499491
13:02:32,2080,9.450254323499491
13:02:33,2080,9.450254323499491
13:02:34,2080,9.450254323499491
13:02:35,2081,9.450440603287579
13:02:36,2081,9.450440603287579
13:02:37,2081,9.450440603287579
13:02:38,2082,9.44902608401084
13:02:39,2082,9.44902608401084
13:02:40,2082,9.44902608401084
13:02:41,2082,9.451286609107838
13:02:42,2082,9.451286609107838
13:02:43,2082,9.451286609107838
13:02:44,2082,9.449864704887537
13:02:45,2084,9.449864704887537
13:02:46,2084,9.446154496281272
13:02:47,2084,9.446154496281272
13:02:48,2084,9.446154496281272
13:02:49,2084,9.446154496281272
13:02:50,2085,9.446154496281272
13:02:51,2085,9.446154496281272
13:02:52,2085,9.446154496281272
13:02:53,2086,9.446154496281272
13:02:54,2087,9.446154496281272
13:02:55,2087,9.446154496281272
13:02:56,2088,9.446154496281272
13:02:57,2088,9.446154496281272
13:02:58,2088,9.448099341104916
13:02:59,2088,9.448099341104916
13:03:00,2088,9.450084430935496
13:03:01,2088,9.450084430935496
13:03:02,2090,9.450084430935496
13:03:03,2090,9.450084430935496
13:03:04,2090,9.446489451476793
13:03:05,2092,9.446489451476793
13:03:06,2093,9.446489451476793
13:03:07,2093,9.446489451476793
13:03:08,2093,9.446489451476793
13:03:09,2094,9.448692645074225
13:03:10,2095,9.448819760580003
13:03:11,2095,9.448819760580003
13:03:12,2095,9.448819760580003
13:03:13,2095,9.448819760580003
13:03:14,2095,9.448819760580003
13:03:15,2095,9.448819760580003
13:03:16,2096,9.448819760580003
13:03:17,2096,9.448819760580003
13:03:18,2096,9.448819760580003
13:03:19,2097,9.448819760580003
13:03:20,2097,9.448819760580003
13:03:21,2097,9.448819760580003
13:03:22,2098,9.448819760580003
13:03:23,2098,9.448819760580003
13:03:24,2098,9.448819760580003
13:03:25,2098,9.448819760580003
13:03:26,2098,9.448819760580003
13:03:27,2099,9.448819760580003
13:03:28,2099,9.449410178631615
13:03:29,2099,9.449410178631615
13:03:30,2099,9.449410178631615
13:03:31,2099,9.449410178631615
13:03:32,2100,9.447431362641064
13:03:33,2100,9.447431362641064
13:03:34,2100,9.447431362641064
13:03:35,2100,9.447431362641064
13:03:36,2100,9.447431362641064
13:03:37,2100,9.447431362641064
13:03:38,2101,9.443846801346801
13:03:39,2101,9.443846801346801
13:03:40,2101,9.440535083291268
13:03:41,2101,9.440535083291268
13:03:42,2101,9.442768247561386
13:03:43,2101,9.442768247561386
13:03:44,2101,9.444957135653052
13:03:45,2101,9.444957135653052
13:03:46,2101,9.444957135653052
13:03:47,2101,9.447143817204301
13:03:48,2102,9.447143817204301
13:03:49,2102,9.447143817204301
13:03:50,2102,9.449563392107473
13:03:51,2103,9.449563392107473
13:03:52,2103,9.449563392107473
13:03:53,2104,9.449563392107473
13:03:54,2104,9.449563392107473
13:03:55,2104,9.445980194696206
13:03:56,2104,9.445980194696206
13:03:57,2104,9.442400603925515
13:03:58,2104,9.442400603925515
13:03:59,2105,9.442400603925515
13:04:00,2105,9.439713279678069
13:04:01,2105,9.439713279678069
13:04:02,2105,9.438425460636516
13:04:03,2105,9.438425460636516
13:04:04,2105,9.438425460636516
13:04:05,2105,9.438425460636516
13:04:06,2105,9.438425460636516
13:04:07,2105,9.435928344215636
13:04:08,2106,9.435928344215636
13:04:09,2106,9.435928344215636
13:04:10,2106,9.435928344215636
13:04:11,2106,9.435928344215636
13:04:12,2106,9.435928344215636
13:04:13,2106,9.435928344215636
13:04:14,2107,9.435928344215636
13:04:15,2107,9.436562918340027
13:04:16,2107,9.436562918340027
13:04:17,2107,9.436562918340027
13:04:18,2107,9.436562918340027
13:04:19,2107,9.436586385683224
13:04:20,2107,9.436586385683224
13:04:21,2107,9.43302407221665
13:04:22,2107,9.43302407221665
13:04:23,2107,9.435522138680033
13:04:24,2107,9.435522138680033
13:04:25,2107,9.435522138680033
13:04:26,2108,9.435522138680033
13:04:27,2108,9.435522138680033
13:04:28,2108,9.435522138680033
13:04:29,2109,9.435522138680033
13:04:30,2109,9.435522138680033
13:04:31,2109,9.435522138680033
13:04:32,2110,9.43817635270541
13:04:33,2110,9.43817635270541
13:04:34,2110,9.43817635270541
13:04:35,2111,9.43817635270541
13:04:36,2111,9.43817635270541
13:04:37,2111,9.43817635270541
13:04:38,2112,9.43817635270541
13:04:39,2112,9.439275580036723
13:04:40,2112,9.436002669336004
13:04:41,2112,9.438560947140237
13:04:42,2113,9.438560947140237
13:04:43,2113,9.438560947140237
13:04:44,2113,9.438560947140237
13:04:45,2114,9.435283333333333
13:04:46,2114,9.435283333333333
13:04:47,2114,9.435283333333333
13:04:48,2114,9.435283333333333
13:04:49,2115,9.435283333333333
13:04:50,2115,9.435283333333333
13:04:51,2115,9.437939363651507
13:04:52,2116,9.437939363651507
13:04:53,2116,9.437939363651507
13:04:54,2116,9.440742590742591
13:04:55,2116,9.440742590742591
13:04:56,2117,9.438617074388418
13:04:57,2117,9.438617074388418
13:04:58,2117,9.438617074388418
13:04:59,2117,9.438617074388418
13:05:00,2118,9.438617074388418
13:05:01,2118,9.438617074388418
13:05:02,2118,9.438617074388418
13:05:03,2118,9.438617074388418
13:05:04,2118,9.43547904191617
13:05:05,2118,9.436118038237739
13:05:06,2118,9.436118038237739
13:05:07,2118,9.436118038237739
13:05:08,2118,9.435144566301096
13:05:09,2118,9.435144566301096
13:05:10,2118,9.435144566301096
13:05:11,2118,9.432585949177877
13:05:12,2118,9.432585949177877
13:05:13,2118,9.429814077025233
13:05:14,2118,9.43082794093247
13:05:15,2118,9.43082794093247
13:05:16,2118,9.427587064676617
13:05:17,2118,9.427587064676617
13:05:18,2118,9.424490303331677
13:05:19,2118,9.424490303331677
13:05:20,2118,9.424490303331677
13:05:21,2118,9.424490303331677
13:05:22,2118,9.424490303331677
13:05:23,2119,9.424490303331677
13:05:24,2119,9.426722995361166
13:05:25,2119,9.426722995361166
13:05:26,2119,9.426722995361166
13:05:27,2120,9.426722995361166
13:05:28,2120,9.429582712369598
13:05:29,2120,9.429582712369598
13:05:30,2120,9.429582712369598
13:05:31,2120,9.429582712369598
13:05:32,2120,9.429582712369598
13:05:33,2120,9.430254882489242
13:05:34,2120,9.42727047146402
13:05:35,2120,9.42727047146402
13:05:36,2120,9.42727047146402
13:05:37,2120,9.42771164021164
13:05:38,2122,9.425615600727152
13:05:39,2122,9.425615600727152
13:05:40,2122,9.425615600727152
13:05:41,2123,9.425615600727152
13:05:42,2123,9.426057152296003
13:05:43,2124,9.426057152296003
13:05:44,2124,9.424744224422444
13:05:45,2125,9.424744224422444
13:05:46,2125,9.422736269173676
13:05:47,2125,9.419502143092647
13:05:48,2125,9.419502143092647
13:05:49,2125,9.419502143092647
13:05:50,2125,9.419502143092647
13:05:51,2125,9.419502143092647
13:05:52,2125,9.419502143092647
13:05:53,2125,9.419502143092647
13:05:54,2125,9.419502143092647
13:05:55,2125,9.416403031800957
13:05:56,2125,9.416403031800957
13:05:57,2125,9.416403031800957
13:05:58,2125,9.415966732542818
13:05:59,2125,9.415966732542818
13:06:00,2125,9.415966732542818
13:06:01,2125,9.415966732542818
13:06:02,2127,9.415966732542818
13:06:03,2127,9.415966732542818
13:06:04,2128,9.415966732542818
13:06:05,2128,9.415966732542818
13:06:06,2129,9.415966732542818
13:06:07,2130,9.413144032921812
13:06:08,2130,9.413144032921812
13:06:09,2130,9.413144032921812
13:06:10,2131,9.413144032921812
13:06:11,2131,9.413144032921812
13:06:12,2131,9.413144032921812
13:06:13,2131,9.413144032921812
13:06:14,2131,9.413144032921812
13:06:15,2131,9.414914445541296
13:06:16,2132,9.414914445541296
13:06:17,2132,9.414914445541296
13:06:18,2132,9.412859727018581
13:06:19,2132,9.412859727018581
13:06:20,2132,9.412859727018581
13:06:21,2132,9.413716305062458
13:06:22,2132,9.413716305062458
13:06:23,2132,9.41588631509775
13:06:24,2132,9.413308702791461
13:06:25,2133,9.413308702791461
13:06:26,2133,9.413308702791461
13:06:27,2133,9.413308702791461
13:06:28,2133,9.410356146397506
13:06:29,2133,9.408759842519686
13:06:30,2133,9.408759842519686
13:06:31,2133,9.408759842519686
13:06:32,2134,9.4051565830464
13:06:33,2134,9.4051565830464
13:06:34,2134,9.4051565830464
13:06:35,2134,9.4051565830464
13:06:36,2134,9.4051565830464
13:06:37,2134,9.4051565830464
13:06:38,2135,9.4051565830464
13:06:39,2135,9.405358898721731
13:06:40,2135,9.405358898721731
13:06:41,2136,9.405358898721731
13:06:42,2136,9.405358898721731
13:06:43,2136,9.405358898721731
13:06:44,2136,9.402301392301391
13:06:45,2137,9.402301392301391
13:06:46,2137,9.401899148657497
13:06:47,2137,9.402683685157912
13:06:48,2138,9.402683685157912
13:06:49,2138,9.402683685157912
13:06:50,2138,9.404555119398104
13:06:51,2138,9.404555119398104
13:06:52,2139,9.402247833905509
13:06:53,2139,9.402247833905509
13:06:54,2139,9.399575163398692
13:06:55,2139,9.399575163398692
13:06:56,2140,9.399575163398692
13:06:57,2140,9.399575163398692
13:06:58,2140,9.39599052751919
13:06:59,2140,9.39599052751919
13:07:00,2140,9.39599052751919
13:07:01,2140,9.39599052751919
13:07:02,2141,9.392964413973228
13:07:03,2141,9.392964413973228
13:07:04,2141,9.392964413973228
13:07:05,2141,9.390047316038505
13:07:06,2142,9.390047316038505
13:07:07,2142,9.388445857795173
13:07:08,2142,9.388445857795173
13:07:09,2143,9.388445857795173
13:07:10,2143,9.389845150774246
13:07:11,2143,9.389845150774246
13:07:12,2143,9.391691104594331
13:07:13,2144,9.389138576779027
13:07:14,2144,9.389138576779027
13:07:15,2144,9.389138576779027
13:07:16,2144,9.389138576779027
13:07:17,2145,9.389138576779027
13:07:18,2145,9.389138576779027
13:07:19,2145,9.388273111979167
13:07:20,2145,9.388273111979167
13:07:21,2145,9.388273111979167
13:07:22,2145,9.385017081503173
13:07:23,2145,9.385017081503173
13:07:24,2145,9.385017081503173
13:07:25,2145,9.383642276422764
13:07:26,2145,9.383642276422764
13:07:27,2146,9.383642276422764
13:07:28,2146,9.383642276422764
13:07:29,2146,9.383642276422764
13:07:30,2146,9.383715260848366
13:07:31,2147,9.383715260848366
13:07:32,2147,9.383715260848366
13:07:33,2148,9.383715260848366
13:07:34,2150,9.383715260848366
13:07:35,2150,9.383715260848366
13:07:36,2151,9.383715260848366
13:07:37,2152,9.383715260848366
13:07:38,2152,9.383715260848366
13:07:39,2152,9.383715260848366
13:07:40,2152,9.383715260848366
13:07:41,2152,9.382496751137102
13:07:42,2152,9.382496751137102
13:07:43,2152,9.382496751137102
13:07:44,2152,9.380272771553823
13:07:45,2153,9.380272771553823
13:07:46,2153,9.380272771553823
13:07:47,2153,9.380272771553823
13:07:48,2153,9.37796170074651
13:07:49,2153,9.37796170074651
13:07:50,2153,9.3744201135442
13:07:51,2153,9.3744201135442
13:07:52,2153,9.37412899043915
13:07:53,2153,9.37412899043915
13:07:54,2153,9.371226109491415
13:07:55,2153,9.371226109491415
13:07:56,2153,9.371226109491415
13:07:57,2153,9.372438076736278
13:07:58,2153,9.372438076736278
13:07:59,2153,9.372438076736278
13:08:00,2153,9.372438076736278
13:08:01,2153,9.37398867313916
13:08:02,2153,9.37398867313916
13:08:03,2153,9.37398867313916
13:08:04,2153,9.37398867313916
13:08:05,2153,9.37398867313916
13:08:06,2153,9.37398867313916
13:08:07,2153,9.37398867313916
13:08:08,2153,9.372788290473881
13:08:09,2153,9.372788290473881
13:08:10,2153,9.372788290473881
13:08:11,2153,9.372788290473881
13:08:12,2153,9.372788290473881
13:08:13,2153,9.372788290473881
13:08:14,2153,9.372788290473881
13:08:15,2153,9.372788290473881
13:08:16,2153,9.372788290473881
13:08:17,2153,9.374644358228258
13:08:18,2153,9.374644358228258
13:08:19,2153,9.374644358228258
13:08:20,2153,9.374644358228258
13:08:21,2153,9.374644358228258
13:08:22,2153,9.374644358228258
13:08:23,2153,9.371934076587495
13:08:24,2153,9.371934076587495
13:08:25,2153,9.371934076587495
13:08:26,2153,9.371934076587495
13:08:27,2153,9.371934076587495
13:08:28,2153,9.371934076587495
13:08:29,2153,9.371934076587495
13:08:30,2153,9.371934076587495
13:08:31,2153,9.370502260981912
13:08:32,2153,9.370502260981912
13:08:33,2153,9.370502260981912
13:08:34,2153,9.36857142857143
13:08:35,2153,9.36857142857143
13:08:36,2153,9.368280090351726
13:08:37,2153,9.368280090351726
13:08:38,2153,9.368280090351726
13:08:39,2153,9.365005644250926
13:08:40,2153,9.365005644250926
13:08:41,2153,9.36239522888459
13:08:42,2153,9.36239522888459
13:08:43,2153,9.359690671822136
13:08:44,2153,9.359690671822136
13:08:45,2153,9.361545893719807
13:08:46,2153,9.361545893719807
13:08:47,2153,9.361545893719807
13:08:48,2153,9.361545893719807
13:08:49,2153,9.361545893719807
13:08:50,2153,9.36440527925318
13:08:51,2153,9.36440527925318
13:08:52,2153,9.36440527925318
13:08:53,2153,9.362837837837839
13:08:54,2153,9.359832770541887
13:08:55,2154,9.359832770541887
13:08:56,2154,9.359832770541887
13:08:57,2154,9.359008357441336
13:08:58,2154,9.359008357441336
13:08:59,2155,9.359008357441336
13:09:00,2155,9.359008357441336
13:09:01,2155,9.359008357441336
13:09:02,2155,9.359008357441336
13:09:03,2155,9.359008357441336
13:09:04,2155,9.359008357441336
13:09:05,2155,9.359008357441336
13:09:06,2155,9.359008357441336
13:09:07,2155,9.356843373493975
13:09:08,2155,9.356843373493975
13:09:09,2155,9.356843373493975
13:09:10,2155,9.356843373493975
13:09:11,2155,9.356843373493975
13:09:12,2155,9.35443962748876
13:09:13,2155,9.35443962748876
13:09:14,2155,9.35443962748876
13:09:15,2155,9.35443962748876
13:09:16,2155,9.35443962748876
13:09:17,2155,9.35443962748876
13:09:18,2155,9.35443962748876
13:09:19,2155,9.35443962748876
13:09:20,2155,9.35443962748876
13:09:21,2155,9.35451773391109
13:09:22,2155,9.35451773391109
13:09:23,2155,9.354427333974975
13:09:24,2155,9.354427333974975
13:09:25,2155,9.354427333974975
13:09:26,2155,9.354427333974975
13:09:27,2155,9.354427333974975
13:09:28,2155,9.354427333974975
13:09:29,2156,9.354427333974975
13:09:30,2156,9.354427333974975
13:09:31,2156,9.354427333974975
13:09:32,2156,9.351915985249319
13:09:33,2158,9.351915985249319
13:09:34,2158,9.351915985249319
13:09:35,2158,9.34928685897436
13:09:36,2158,9.34928685897436
13:09:37,2159,9.346700304340862
13:09:38,2159,9.346700304340862
13:09:39,2159,9.34637542006721
13:09:40,2159,9.34637542006721
13:09:41,2159,9.34637542006721
13:09:42,2160,9.346425143953933
13:09:43,2161,9.346425143953933
13:09:44,2161,9.34370903277378
13:09:45,2161,9.340659955257271
13:09:46,2161,9.33894745248363
13:09:47,2161,9.338218390804597
13:09:48,2161,9.338218390804597
13:09:49,2161,9.339731929152704
13:09:50,2161,9.339731929152704
13:09:51,2161,9.339731929152704
13:09:52,2161,9.339731929152704
13:09:53,2161,9.339731929152704
13:09:54,2161,9.339731929152704
13:09:55,2161,9.339731929152704
13:09:56,2161,9.339731929152704
13:09:57,2162,9.339731929152704
13:09:58,2162,9.339731929152704
13:09:59,2162,9.339731929152704
13:10:00,2162,9.33950558213716
13:10:01,2162,9.33950558213716
13:10:02,2162,9.33950558213716
13:10:03,2162,9.33950558213716
13:10:04,2162,9.33950558213716
13:10:05,2162,9.33950558213716
13:10:06,2162,9.338777299537702
13:10:07,2162,9.338777299537702
13:10:08,2163,9.338777299537702
13:10:09,2163,9.339037603569153
13:10:10,2163,9.339037603569153
13:10:11,2163,9.339037603569153
13:10:12,2163,9.34070711896799
13:10:13,2163,9.34070711896799
13:10:14,2163,9.34070711896799
13:10:15,2163,9.34070711896799
13:10:16,2164,9.340846864056033
13:10:17,2164,9.340846864056033
13:10:18,2164,9.340846864056033
13:10:19,2164,9.338027048528241
13:10:20,2165,9.338027048528241
13:10:21,2165,9.338027048528241
13:10:22,2166,9.335520038167939
13:10:23,2167,9.335520038167939
13:10:24,2168,9.335520038167939
13:10:25,2168,9.332864409473851
13:10:26,2168,9.332864409473851
13:10:27,2168,9.330449634572608
13:10:28,2168,9.330776560266793
13:10:29,2168,9.330776560266793
13:10:30,2168,9.330776560266793
13:10:31,2168,9.330776560266793
13:10:32,2168,9.330776560266793
13:10:33,2168,9.330776560266793
13:10:34,2168,9.330776560266793
13:10:35,2168,9.330776560266793
13:10:36,2168,9.330776560266793
13:10:37,2168,9.328269841269842
13:10:38,2168,9.328269841269842
13:10:39,2168,9.328269841269842
13:10:40,2168,9.328269841269842
13:10:41,2168,9.328269841269842
13:10:42,2168,9.328269841269842
13:10:43,2168,9.328269841269842
13:10:44,2168,9.328269841269842
13:10:45,2168,9.328269841269842
13:10:46,2168,9.328716484213865
13:10:47,2168,9.328716484213865
13:10:48,2168,9.328716484213865
13:10:49,2169,9.328716484213865
13:10:50,2169,9.328716484213865
13:10:51,2169,9.328716484213865
13:10:52,2169,9.328716484213865
13:10:53,2169,9.328716484213865
13:10:54,2170,9.328716484213865
13:10:55,2170,9.328716484213865
13:10:56,2170,9.328716484213865
13:10:57,2170,9.328716484213865
13:10:58,2171,9.328716484213865
13:10:59,2171,9.328716484213865
13:11:00,2171,9.328716484213865
13:11:01,2171,9.329567078972408
13:11:02,2171,9.329567078972408
13:11:03,2171,9.329567078972408
13:11:04,2171,9.329567078972408
13:11:05,2171,9.329567078972408
13:11:06,2171,9.329567078972408
13:11:07,2171,9.329973054366777
13:11:08,2171,9.329973054366777
13:11:09,2171,9.329973054366777
13:11:10,2171,9.329973054366777
13:11:11,2171,9.329372623574143
13:11:12,2172,9.329372623574143
13:11:13,2172,9.330174188440221
13:11:14,2172,9.327643241532131
13:11:15,2172,9.327643241532131
13:11:16,2172,9.3249881347888
13:11:17,2172,9.3249881347888
13:11:18,2172,9.322525300442758
13:11:19,2172,9.322000948316738
13:11:20,2172,9.319723538704581
13:11:21,2172,9.319723538704581
13:11:22,2172,9.317645665561345
13:11:23,2172,9.317645665561345
13:11:24,2173,9.317645665561345
13:11:25,2173,9.317645665561345
13:11:26,2173,9.317645665561345
13:11:27,2173,9.317645665561345
13:11:28,2174,9.317645665561345
13:11:29,2174,9.317645665561345
13:11:30,2174,9.317645665561345
13:11:31,2174,9.317645665561345
13:11:32,2174,9.317645665561345
13:11:33,2174,9.317645665561345
13:11:34,2174,9.317645665561345
13:11:35,2174,9.317645665561345
13:11:36,2174,9.317645665561345
13:11:37,2175,9.317645665561345
13:11:38,2175,9.317645665561345
13:11:39,2175,9.317645665561345
13:11:40,2175,9.317645665561345
13:11:41,2175,9.317645665561345
13:11:42,2175,9.317645665561345
13:11:43,2175,9.317645665561345
13:11:44,2175,9.317645665561345
13:11:45,2175,9.317645665561345
13:11:46,2176,9.317645665561345
13:11:47,2176,9.317645665561345
13:11:48,2176,9.317645665561345
13:11:49,2176,9.314220328282829
13:11:50,2176,9.315065467739391
13:11:51,2176,9.315065467739391
13:11:52,2176,9.315065467739391
13:11:53,2176,9.316043834752444
13:11:54,2176,9.316043834752444
13:11:55,2176,9.314901497241923
13:11:56,2176,9.314901497241923
13:11:57,2176,9.314901497241923
13:11:58,2176,9.315634845620668
13:11:59,2176,9.315634845620668
13:12:00,2176,9.314753582113052
13:12:01,2176,9.314753582113052
13:12:02,2176,9.314753582113052
13:12:03,2176,9.313630643385244
13:12:04,2176,9.313630643385244
13:12:05,2176,9.313630643385244
13:12:06,2176,9.313630643385244
13:12:07,2176,9.311627358490567
13:12:08,2176,9.311627358490567
13:12:09,2176,9.312454816910263
13:12:10,2176,9.309558592522778
13:12:11,2176,9.309558592522778
13:12:12,2177,9.30671219971738
13:12:13,2177,9.30671219971738
13:12:14,2177,9.30671219971738
13:12:15,2178,9.30671219971738
13:12:16,2178,9.30671219971738
13:12:17,2178,9.30671219971738
13:12:18,2178,9.30671219971738
13:12:19,2179,9.305885122410547
13:12:20,2179,9.305885122410547
13:12:21,2180,9.305885122410547
13:12:22,2181,9.307011764705884
13:12:23,2181,9.307011764705884
13:12:24,2181,9.303629664471622
13:12:25,2181,9.303629664471622
13:12:26,2181,9.30023507287259
13:12:27,2182,9.30023507287259
13:12:28,2183,9.30023507287259
13:12:29,2183,9.296961152882206
13:12:30,2183,9.296961152882206
13:12:31,2183,9.296961152882206
13:12:32,2183,9.296961152882206
13:12:33,2183,9.296961152882206
13:12:34,2183,9.296961152882206
13:12:35,2183,9.296961152882206
13:12:36,2183,9.296961152882206
13:12:37,2183,9.296961152882206
13:12:38,2183,9.296961152882206
13:12:39,2183,9.296961152882206
13:12:40,2183,9.296961152882206
13:12:41,2183,9.296961152882206
13:12:42,2183,9.294034758102395
13:12:43,2183,9.295007824726135
13:12:44,2183,9.295007824726135
13:12:45,2183,9.291756608790866
13:12:46,2183,9.293120700437774
13:12:47,2183,9.293120700437774
13:12:48,2183,9.293120700437774
13:12:49,2184,9.293120700437774
13:12:50,2184,9.294311611189247
13:12:51,2184,9.294311611189247
13:12:52,2184,9.294311611189247
13:12:53,2184,9.294311611189247
13:12:54,2184,9.294311611189247
13:12:55,2184,9.294311611189247
13:12:56,2184,9.294311611189247
13:12:57,2184,9.294311611189247
13:12:58,2184,9.294311611189247
13:12:59,2184,9.292486722899094
13:13:00,2184,9.28911007025761
13:13:01,2185,9.28911007025761
13:13:02,2185,9.28911007025761
13:13:03,2185,9.28911007025761
13:13:04,2185,9.28911007025761
13:13:05,2185,9.28911007025761
13:13:06,2185,9.28911007025761
13:13:07,2186,9.28911007025761
13:13:08,2186,9.288046192259676
13:13:09,2186,9.288046192259676
13:13:10,2187,9.288046192259676
13:13:11,2188,9.288046192259676
13:13:12,2189,9.289065668382468
13:13:13,2190,9.289065668382468
13:13:14,2190,9.289065668382468
13:13:15,2190,9.289065668382468
13:13:16,2191,9.289065668382468
13:13:17,2192,9.286061739943873
13:13:18,2192,9.286061739943873
13:13:19,2192,9.286061739943873
13:13:20,2192,9.2828190743338
13:13:21,2192,9.2828190743338
13:13:22,2194,9.2828190743338
13:13:23,2194,9.2828190743338
13:13:24,2194,9.2828190743338
13:13:25,2195,9.2828190743338
13:13:26,2195,9.2828190743338
13:13:27,2197,9.2828190743338
13:13:28,2198,9.27971183800623
13:13:29,2198,9.27971183800623
13:13:30,2199,9.27971183800623
13:13:31,2200,9.277754435107376
13:13:32,2200,9.277754435107376
13:13:33,2200,9.277754435107376
13:13:34,2200,9.279320267537718
13:13:35,2203,9.279320267537718
13:13:36,2203,9.279780783582089
13:13:37,2203,9.279780783582089
13:13:38,2204,9.279780783582089
13:13:39,2205,9.279780783582089
13:13:40,2205,9.279780783582089
13:13:41,2205,9.279780783582089
13:13:42,2205,9.279780783582089
13:13:43,2206,9.279780783582089
13:13:44,2207,9.279780783582089
13:13:45,2207,9.279780783582089
13:13:46,2207,9.279780783582089
13:13:47,2208,9.279780783582089
13:13:48,2208,9.279780783582089
13:13:49,2209,9.279780783582089
13:13:50,2209,9.279780783582089
13:13:51,2209,9.279780783582089
13:13:52,2210,9.279780783582089
13:13:53,2210,9.277050326188258
13:13:54,2211,9.277050326188258
13:13:55,2211,9.277050326188258
13:13:56,2211,9.277050326188258
13:13:57,2211,9.277050326188258
13:13:58,2212,9.277050326188258
13:13:59,2212,9.277050326188258
13:14:00,2213,9.277050326188258
13:14:01,2214,9.277050326188258
13:14:02,2214,9.277050326188258
13:14:03,2214,9.27843502561714
13:14:04,2214,9.27843502561714
13:14:05,2215,9.27843502561714
13:14:06,2215,9.27843502561714
13:14:07,2215,9.279453755431408
13:14:08,2215,9.279453755431408
13:14:09,2216,9.279453755431408
13:14:10,2216,9.279453755431408
13:14:11,2216,9.279453755431408
13:14:12,2216,9.278625717387932
13:14:13,2216,9.278625717387932
13:14:14,2216,9.278625717387932
13:14:15,2216,9.278625717387932
13:14:16,2217,9.278625717387932
13:14:17,2217,9.278625717387932
13:14:18,2217,9.278625717387932
13:14:19,2217,9.275162790697674
13:14:20,2217,9.275162790697674
13:14:21,2217,9.27594917092825
13:14:22,2217,9.27594917092825
13:14:23,2217,9.27594917092825
13:14:24,2218,9.27594917092825
13:14:25,2219,9.27594917092825
13:14:26,2219,9.27594917092825
13:14:27,2219,9.27594917092825
13:14:28,2219,9.27594917092825
13:14:29,2220,9.27594917092825
13:14:30,2220,9.27594917092825
13:14:31,2220,9.27594917092825
13:14:32,2220,9.27594917092825
13:14:33,2220,9.27594917092825
13:14:34,2220,9.27273079306072
13:14:35,2220,9.27273079306072
13:14:36,2221,9.27273079306072
13:14:37,2221,9.27273079306072
13:14:38,2221,9.27273079306072
13:14:39,2221,9.27273079306072
13:14:40,2221,9.27273079306072
13:14:41,2221,9.269515404861433
13:14:42,2221,9.269515404861433
13:14:43,2221,9.269515404861433
13:14:44,2221,9.269515404861433
13:14:45,2221,9.269515404861433
13:14:46,2221,9.269515404861433
13:14:47,2221,9.269515404861433
13:14:48,2221,9.269515404861433
13:14:49,2221,9.269515404861433
13:14:50,2221,9.269515404861433
13:14:51,2221,9.269515404861433
13:14:52,2222,9.269515404861433
13:14:53,2222,9.269515404861433
13:14:54,2222,9.266380377592077
13:14:55,2223,9.267795823665892
13:14:56,2224,9.267795823665892
13:14:57,2224,9.267795823665892
13:14:58,2224,9.267795823665892
13:14:59,2226,9.269851576994434
13:15:00,2227,9.269851576994434
13:15:01,2227,9.269216504404264
13:15:02,2228,9.269216504404264
13:15:03,2230,9.269216504404264
13:15:04,2230,9.269216504404264
13:15:05,2230,9.269216504404264
13:15:06,2230,9.269216504404264
13:15:07,2230,9.269216504404264
13:15:08,2230,9.269216504404264
13:15:09,2230,9.269216504404264
13:15:10,2232,9.269216504404264
13:15:11,2232,9.266010194624652
13:15:12,2232,9.266141732283465
13:15:13,2232,9.26281635802469
13:15:14,2232,9.263049514113836
13:15:15,2233,9.263049514113836
13:15:16,2233,9.256310679611651
13:15:17,2233,9.256310679611651
13:15:18,2234,9.256310679611651
13:15:19,2234,9.256310679611651
13:15:20,2234,9.256310679611651
13:15:21,2234,9.256310679611651
13:15:22,2234,9.256310679611651
13:15:23,2235,9.256310679611651
13:15:24,2235,9.256310679611651
13:15:25,2235,9.256310679611651
13:15:26,2237,9.256310679611651
13:15:27,2237,9.256310679611651
13:15:28,2237,9.256310679611651
13:15:29,2237,9.256310679611651
13:15:30,2239,9.256310679611651
13:15:31,2239,9.257416820702401
13:15:32,2239,9.257416820702401
13:15:33,2239,9.257416820702401
13:15:34,2240,9.253931979070483
13:15:35,2240,9.253931979070483
13:15:36,2240,9.247340098400985
13:15:37,2241,9.244175503304133
13:15:38,2241,9.244175503304133
13:15:39,2241,9.244175503304133
13:15:40,2242,9.244175503304133
13:15:41,2242,9.240875576036867
13:15:42,2242,9.240875576036867
13:15:43,2243,9.240875576036867
13:15:44,2243,9.240875576036867
13:15:45,2243,9.243336404114848
13:15:46,2244,9.243336404114848
13:15:47,2244,9.243336404114848
13:15:48,2244,9.243336404114848
13:15:49,2245,9.243336404114848
13:15:50,2245,9.243336404114848
13:15:51,2246,9.243336404114848
13:15:52,2246,9.243336404114848
13:15:53,2246,9.242955801104973
13:15:54,2247,9.242955801104973
13:15:55,2247,9.242955801104973
13:15:56,2247,9.242955801104973
13:15:57,2249,9.242955801104973
13:15:58,2249,9.242955801104973
13:15:59,2249,9.242955801104973
13:16:00,2249,9.242955801104973
13:16:01,2249,9.242955801104973
13:16:02,2249,9.242955801104973
13:16:03,2249,9.242955801104973
13:16:04,2249,9.23989875747814
13:16:05,2249,9.239566084023306
13:16:06,2249,9.239566084023306
13:16:07,2249,9.239566084023306
13:16:08,2249,9.239566084023306
13:16:09,2249,9.239566084023306
13:16:10,2249,9.239566084023306
13:16:11,2249,9.239566084023306
13:16:12,2249,9.239566084023306
13:16:13,2250,9.239566084023306
13:16:14,2250,9.239566084023306
13:16:15,2250,9.239566084023306
13:16:16,2250,9.239566084023306
13:16:17,2250,9.239566084023306
13:16:18,2250,9.239566084023306
13:16:19,2250,9.239566084023306
13:16:20,2250,9.240919540229886
13:16:21,2250,9.240919540229886
13:16:22,2250,9.240919540229886
13:16:23,2250,9.239422487745097
13:16:24,2250,9.239422487745097
13:16:25,2251,9.236571734803245
13:16:26,2251,9.236571734803245
13:16:27,2251,9.236571734803245
13:16:28,2251,9.236571734803245
13:16:29,2251,9.236571734803245
13:16:30,2251,9.236571734803245
13:16:31,2251,9.236571734803245
13:16:32,2252,9.236571734803245
13:16:33,2252,9.236571734803245
13:16:34,2252,9.233670033670032
13:16:35,2252,9.233670033670032
13:16:36,2252,9.230214067278288
13:16:37,2252,9.230214067278288
13:16:38,2252,9.230214067278288
13:16:39,2252,9.232026593305823
13:16:40,2252,9.232026593305823
13:16:41,2252,9.232026593305823
13:16:42,2252,9.231950809654752
13:16:43,2252,9.231950809654752
13:16:44,2252,9.231950809654752
13:16:45,2252,9.228783020308445
13:16:46,2252,9.228783020308445
13:16:47,2252,9.228783020308445
13:16:48,2252,9.228783020308445
13:16:49,2252,9.228783020308445
13:16:50,2253,9.228783020308445
13:16:51,2253,9.228783020308445
13:16:52,2254,9.228783020308445
13:16:53,2255,9.228783020308445
13:16:54,2255,9.226968864468864
13:16:55,2255,9.226968864468864
13:16:56,2255,9.22421052631579
13:16:57,2255,9.22421052631579
13:16:58,2255,9.220943885330893
13:16:59,2255,9.220943885330893
13:17:00,2256,9.220943885330893
13:17:01,2256,9.220943885330893
13:17:02,2256,9.220943885330893
13:17:03,2256,9.220943885330893
13:17:04,2256,9.220943885330893
13:17:05,2257,9.217680231672002
13:17:06,2257,9.217680231672002
13:17:07,2257,9.217680231672002
13:17:08,2258,9.214419561243144
13:17:09,2258,9.215265722552154
13:17:10,2259,9.215265722552154
13:17:11,2259,9.214535768645359
13:17:12,2259,9.214535768645359
13:17:13,2259,9.214535768645359
13:17:14,2260,9.214535768645359
13:17:15,2261,9.211889548151529
13:17:16,2261,9.211230231143553
13:17:17,2261,9.211230231143553
13:17:18,2262,9.20810913512692
13:17:19,2262,9.20810913512692
13:17:20,2262,9.20810913512692
13:17:21,2263,9.20810913512692
13:17:22,2263,9.20810913512692
13:17:23,2264,9.20810913512692
13:17:24,2264,9.20810913512692
13:17:25,2265,9.20810913512692
13:17:26,2266,9.20810913512692
13:17:27,2266,9.20810913512692
13:17:28,2266,9.20810913512692
13:17:29,2266,9.20269552012149
13:17:30,2266,9.20269552012149
13:17:31,2266,9.20269552012149
13:17:32,2267,9.20269552012149
13:17:33,2267,9.20269552012149
13:17:34,2267,9.20269552012149
13:17:35,2268,9.20269552012149
13:17:36,2268,9.20269552012149
13:17:37,2268,9.19933970856102
13:17:38,2268,9.196859353664086
13:17:39,2268,9.197255080376099
13:17:40,2268,9.194020009095045
13:17:41,2269,9.194020009095045
13:17:42,2269,9.194020009095045
13:17:43,2269,9.194020009095045
13:17:44,2270,9.194020009095045
13:17:45,2270,9.192287878787878
13:17:46,2270,9.192287878787878
13:17:47,2270,9.189065576253219
13:17:48,2270,9.189065576253219
13:17:49,2270,9.189065576253219
13:17:50,2270,9.188465031789283
13:17:51,2270,9.188465031789283
13:17:52,2270,9.188465031789283
13:17:53,2270,9.188465031789283
13:17:54,2270,9.188465031789283
13:17:55,2270,9.188465031789283
13:17:56,2270,9.188465031789283
13:17:57,2270,9.188465031789283
13:17:58,2270,9.188465031789283
13:17:59,2270,9.185360871538812
13:18:00,2270,9.185360871538812
13:18:01,2270,9.184959165154265
13:18:02,2270,9.184959165154265
13:18:03,2270,9.184959165154265
13:18:04,2270,9.184959165154265
13:18:05,2270,9.184959165154265
13:18:06,2271,9.184959165154265
13:18:07,2271,9.184959165154265
13:18:08,2271,9.183930461073318
13:18:09,2271,9.183930461073318
13:18:10,2271,9.183930461073318
13:18:11,2271,9.183930461073318
13:18:12,2271,9.181656089453007
13:18:13,2271,9.181656089453007
13:18:14,2272,9.181656089453007
13:18:15,2272,9.179376227156018
13:18:16,2272,9.179376227156018
13:18:17,2272,9.179376227156018
13:18:18,2272,9.179376227156018
13:18:19,2273,9.176283212560387
13:18:20,2273,9.176283212560387
13:18:21,2274,9.176283212560387
13:18:22,2274,9.176283212560387
13:18:23,2274,9.176283212560387
13:18:24,2275,9.176283212560387
13:18:25,2275,9.176283212560387
13:18:26,2275,9.176283212560387
13:18:27,2275,9.176283212560387
13:18:28,2275,9.176283212560387
13:18:29,2276,9.176283212560387
13:18:30,2276,9.176283212560387
13:18:31,2276,9.17706352799155
13:18:32,2277,9.17706352799155
13:18:33,2277,9.17529411764706
13:18:34,2277,9.172199608020502
13:18:35,2277,9.170305907172995
13:18:36,2277,9.170305907172995
13:18:37,2277,9.170305907172995
13:18:38,2277,9.170305907172995
13:18:39,2279,9.170305907172995
13:18:40,2280,9.170305907172995
13:18:41,2281,9.166990510619069
13:18:42,2281,9.166990510619069
13:18:43,2282,9.166990510619069
13:18:44,2282,9.166990510619069
13:18:45,2283,9.166990510619069
13:18:46,2283,9.164724480578139
13:18:47,2283,9.164724480578139
13:18:48,2283,9.16188863807374
13:18:49,2285,9.16188863807374
13:18:50,2285,9.16188863807374
13:18:51,2285,9.16188863807374
13:18:52,2285,9.16031889290012
13:18:53,2286,9.16031889290012
13:18:54,2286,9.16031889290012
13:18:55,2286,9.16031889290012
13:18:56,2287,9.16031889290012
13:18:57,2287,9.16031889290012
13:18:58,2287,9.16031889290012
13:18:59,2288,9.159216659149
13:19:00,2288,9.159216659149
13:19:01,2288,9.156507363991583
13:19:02,2288,9.154461469130238
13:19:03,2289,9.151306306306306
13:19:04,2289,9.151306306306306
13:19:05,2289,9.148994446945819
13:19:06,2291,9.148994446945819
13:19:07,2291,9.148994446945819
13:19:08,2291,9.148994446945819
13:19:09,2292,9.148994446945819
13:19:10,2293,9.148994446945819
13:19:11,2293,9.148994446945819
13:19:12,2293,9.148994446945819
13:19:13,2293,9.148994446945819
13:19:14,2293,9.148994446945819
13:19:15,2293,9.148994446945819
13:19:16,2293,9.145814581458147
13:19:17,2293,9.145814581458147
13:19:18,2293,9.145814581458147
13:19:19,2293,9.145814581458147
13:19:20,2293,9.145814581458147
13:19:21,2293,9.145269155795472
13:19:22,2293,9.145269155795472
13:19:23,2293,9.145269155795472
13:19:24,2293,9.145269155795472
13:19:25,2294,9.143772482014388
13:19:26,2295,9.140711610486893
13:19:27,2295,9.140711610486893
13:19:28,2295,9.139173405211142
13:19:29,2296,9.139173405211142
13:19:30,2296,9.139173405211142
13:19:31,2296,9.139173405211142
13:19:32,2297,9.136259541984733
13:19:33,2297,9.136259541984733
13:19:34,2297,9.136259541984733
13:19:35,2297,9.136259541984733
13:19:36,2298,9.133213644524236
13:19:37,2298,9.133213644524236
13:19:38,2299,9.130050844922984
13:19:39,2299,9.130050844922984
13:19:40,2299,9.130050844922984
13:19:41,2299,9.128736920777278
13:19:42,2299,9.128736920777278
13:19:43,2299,9.128736920777278
13:19:44,2299,9.128736920777278
13:19:45,2299,9.127536231884058
13:19:46,2299,9.127536231884058
13:19:47,2299,9.127536231884058
13:19:48,2299,9.124499701314218
13:19:49,2299,9.124499701314218
13:19:50,2299,9.121368861024033
13:19:51,2299,9.121368861024033
13:19:52,2299,9.119382273948075
13:19:53,2299,9.119382273948075
13:19:54,2300,9.119382273948075
13:19:55,2301,9.11738255033557
13:19:56,2301,9.11738255033557
13:19:57,2301,9.114355992844365
13:19:58,2301,9.114355992844365
13:19:59,2302,9.114355992844365
13:20:00,2302,9.114355992844365
13:20:01,2302,9.114355992844365
13:20:02,2302,9.111570555803903
13:20:03,2302,9.111570555803903
13:20:04,2302,9.111570555803903
13:20:05,2302,9.111570555803903
13:20:06,2303,9.111570555803903
13:20:07,2304,9.111570555803903
13:20:08,2304,9.111570555803903
13:20:09,2304,9.111570555803903
13:20:10,2304,9.111570555803903
13:20:11,2304,9.111386654751266
13:20:12,2304,9.111386654751266
13:20:13,2304,9.111386654751266
13:20:14,2304,9.110138454667263
13:20:15,2304,9.110138454667263
13:20:16,2304,9.107782738095239
13:20:17,2305,9.107782738095239
13:20:18,2305,9.106522385839655
13:20:19,2305,9.106522385839655
13:20:20,2305,9.106522385839655
13:20:21,2305,9.106522385839655
13:20:22,2306,9.106522385839655
13:20:23,2306,9.106522385839655
13:20:24,2306,9.106522385839655
13:20:25,2308,9.103389830508474
13:20:26,2308,9.103389830508474
13:20:27,2309,9.103389830508474
13:20:28,2309,9.103389830508474
13:20:29,2310,9.103389830508474
13:20:30,2310,9.103389830508474
13:20:31,2311,9.103389830508474
13:20:32,2312,9.102452073116362
13:20:33,2313,9.102452073116362
13:20:34,2313,9.099844028520499
13:20:35,2314,9.098136599851522
13:20:36,2315,9.098136599851522
13:20:37,2315,9.095517957850994
13:20:38,2315,9.095517957850994
13:20:39,2318,9.095517957850994
13:20:40,2318,9.095517957850994
13:20:41,2318,9.095517957850994
13:20:42,2319,9.095517957850994
13:20:43,2321,9.095517957850994
13:20:44,2321,9.095517957850994
13:20:45,2322,9.092508529891708
13:20:46,2322,9.092508529891708
13:20:47,2323,9.08830591373944
13:20:48,2324,9.08830591373944
13:20:49,2324,9.08830591373944
13:20:50,2325,9.08830591373944
13:20:51,2326,9.08531111111111
13:20:52,2326,9.08531111111111
13:20:53,2326,9.08531111111111
13:20:54,2328,9.083570265067378
13:20:55,2328,9.080461811722914
13:20:56,2329,9.080461811722914
13:20:57,2330,9.080461811722914
13:20:58,2330,9.080461811722914
13:20:59,2331,9.080461811722914
13:21:00,2332,9.080461811722914
13:21:01,2332,9.08022636484687
13:21:02,2332,9.077233067139899
13:21:03,2334,9.077233067139899
13:21:04,2335,9.077233067139899
13:21:05,2335,9.075927568366591
13:21:06,2337,9.075927568366591
13:21:07,2337,9.075927568366591
13:21:08,2337,9.0746158392435
13:21:09,2339,9.0746158392435
13:21:10,2339,9.0746158392435
13:21:11,2340,9.073925564909171
13:21:12,2342,9.073925564909171
13:21:13,2342,9.073925564909171
13:21:14,2342,9.073925564909171
13:21:15,2343,9.073925564909171
13:21:16,2344,9.071051077649837
13:21:17,2344,9.065457227138642
13:21:18,2345,9.065457227138642
13:21:19,2346,9.065457227138642
13:21:20,2346,9.065457227138642
13:21:21,2346,9.065457227138642
13:21:22,2348,9.065457227138642
13:21:23,2349,9.065457227138642
13:21:24,2349,9.065457227138642
13:21:25,2349,9.065457227138642
13:21:26,2350,9.065457227138642
13:21:27,2350,9.062730355300014
13:21:28,2350,9.062730355300014
13:21:29,2350,9.060904804008253
13:21:30,2352,9.060904804008253
13:21:31,2352,9.060904804008253
13:21:32,2352,9.060904804008253
13:21:33,2352,9.060904804008253
13:21:34,2352,9.060904804008253
13:21:35,2352,9.057821475916926
13:21:36,2352,9.057821475916926
13:21:37,2353,9.057821475916926
13:21:38,2354,9.056551825677268
13:21:39,2354,9.056551825677268
13:21:40,2354,9.056551825677268
13:21:41,2354,9.056551825677268
13:21:42,2354,9.056551825677268
13:21:43,2354,9.056551825677268
13:21:44,2355,9.056551825677268
13:21:45,2355,9.056551825677268
13:21:46,2355,9.056551825677268
13:21:47,2355,9.056551825677268
13:21:48,2356,9.056551825677268
13:21:49,2357,9.056551825677268
13:21:50,2357,9.056551825677268
13:21:51,2357,9.056551825677268
13:21:52,2357,9.056551825677268
13:21:53,2358,9.056551825677268
13:21:54,2358,9.05383370125092
13:21:55,2359,9.052691968225949
13:21:56,2360,9.052691968225949
13:21:57,2360,9.047141387419165
13:21:58,2361,9.047141387419165
13:21:59,2361,9.047141387419165
13:22:00,2361,9.044177679882525
13:22:01,2361,9.044177679882525
13:22:02,2361,9.044177679882525
13:22:03,2361,9.042411566123587
13:22:04,2361,9.042411566123587
13:22:05,2361,9.042238849765258
13:22:06,2361,9.042238849765258
13:22:07,2361,9.042238849765258
13:22:08,2361,9.042238849765258
13:22:09,2361,9.042238849765258
13:22:10,2361,9.042238849765258
13:22:11,2361,9.042238849765258
13:22:12,2361,9.041003079630444
13:22:13,2361,9.041003079630444
13:22:14,2362,9.039167399589562
13:22:15,2363,9.039167399589562
13:22:16,2363,9.039167399589562
13:22:17,2363,9.03660805860806
13:22:18,2363,9.035845049794963
13:22:19,2364,9.035845049794963
13:22:20,2364,9.035845049794963
13:22:21,2364,9.033274776753037
13:22:22,2364,9.033274776753037
13:22:23,2364,9.033274776753037
13:22:24,2364,9.033274776753037
13:22:25,2364,9.030567749487854
13:22:26,2364,9.027621763931547
13:22:27,2364,9.027621763931547
13:22:28,2364,9.027621763931547
13:22:29,2364,9.024692982456141
13:22:30,2364,9.024692982456141
13:22:31,2364,9.024692982456141
13:22:32,2364,9.024692982456141
13:22:33,2364,9.024692982456141
13:22:34,2365,9.024692982456141
13:22:35,2366,9.024692982456141
13:22:36,2366,9.024692982456141
13:22:37,2366,9.024692982456141
13:22:38,2366,9.024692982456141
13:22:39,2367,9.024692982456141
13:22:40,2367,9.02454332894929
13:22:41,2367,9.02454332894929
13:22:42,2367,9.02454332894929
13:22:43,2367,9.019104978829027
13:22:44,2367,9.019104978829027
13:22:45,2367,9.016746935201402
13:22:46,2367,9.016746935201402
13:22:47,2367,9.013727206418674
13:22:48,2367,9.013727206418674
13:22:49,2367,9.013727206418674
13:22:50,2367,9.011504811898511
13:22:51,2367,9.011504811898511
13:22:52,2367,9.009801778166446
13:22:53,2367,9.009801778166446
13:22:54,2368,9.009801778166446
13:22:55,2368,9.009801778166446
13:22:56,2368,9.009801778166446
13:22:57,2368,9.009801778166446
13:22:58,2368,9.009801778166446
13:22:59,2368,9.009801778166446
13:23:00,2368,9.009801778166446
13:23:01,2368,9.00701486013986
13:23:02,2368,9.00701486013986
13:23:03,2368,9.00701486013986
13:23:04,2369,9.00701486013986
13:23:05,2369,9.00701486013986
13:23:06,2369,9.00519877675841
13:23:07,2371,9.00519877675841
13:23:08,2371,9.00519877675841
13:23:09,2371,9.004745269286754
13:23:10,2373,9.004745269286754
13:23:11,2373,9.004745269286754
13:23:12,2373,9.002080605266988
13:23:13,2374,9.002080605266988
13:23:14,2374,9.002080605266988
13:23:15,2374,9.002080605266988
13:23:16,2374,9.002080605266988
13:23:17,2375,9.002080605266988
13:23:18,2375,9.002080605266988
13:23:19,2375,8.999847294938919
13:23:20,2375,8.999847294938919
13:23:21,2375,8.999847294938919
13:23:22,2375,8.999847294938919
13:23:23,2375,8.99763773804332
13:23:24,2375,8.99763773804332
13:23:25,2375,8.99763773804332
13:23:26,2375,8.99763773804332
13:23:27,2375,8.994979657076431
13:23:28,2375,8.994979657076431
13:23:29,2375,8.994979657076431
13:23:30,2376,8.995076252723312
13:23:31,2376,8.995076252723312
13:23:32,2376,8.995076252723312
13:23:33,2376,8.995076252723312
13:23:34,2377,8.995076252723312
13:23:35,2377,8.992530487804878
13:23:36,2377,8.989870846031057
13:23:37,2377,8.989870846031057
13:23:38,2378,8.987576153176674
13:23:39,2378,8.985051471654343
13:23:40,2378,8.985051471654343
13:23:41,2378,8.985051471654343
13:23:42,2378,8.985051471654343
13:23:43,2379,8.985051471654343
13:23:44,2379,8.985051471654343
13:23:45,2379,8.985051471654343
13:23:46,2380,8.985051471654343
13:23:47,2380,8.985051471654343
13:23:48,2381,8.985051471654343
13:23:49,2381,8.984949275362318
13:23:50,2382,8.984949275362318
13:23:51,2382,8.984949275362318
13:23:52,2382,8.982377227292481
13:23:53,2382,8.979698812626701
13:23:54,2383,8.979698812626701
13:23:55,2383,8.979698812626701
13:23:56,2383,8.978057606021132
13:23:57,2384,8.975904224537036
13:23:58,2384,8.975904224537036
13:23:59,2385,8.975904224537036
13:24:00,2385,8.975690527838033
13:24:01,2386,8.975690527838033
13:24:02,2386,8.975690527838033
13:24:03,2386,8.975690527838033
13:24:04,2387,8.975690527838033
13:24:05,2387,8.975690527838033
13:24:06,2387,8.973048568950563
13:24:07,2388,8.973048568950563
13:24:08,2389,8.973048568950563
13:24:09,2389,8.973048568950563
13:24:10,2390,8.973048568950563
13:24:11,2391,8.970755671145788
13:24:12,2391,8.970755671145788
13:24:13,2391,8.970755671145788
13:24:14,2391,8.970755671145788
13:24:15,2391,8.970755671145788
13:24:16,2391,8.968233679953784
13:24:17,2392,8.968233679953784
13:24:18,2392,8.968233679953784
13:24:19,2393,8.965959289735817
13:24:20,2393,8.965959289735817
13:24:21,2394,8.965959289735817
13:24:22,2394,8.965959289735817
13:24:23,2394,8.965959289735817
13:24:24,2394,8.965959289735817
13:24:25,2394,8.965959289735817
13:24:26,2395,8.963751803751803
13:24:27,2396,8.963751803751803
13:24:28,2396,8.963751803751803
13:24:29,2396,8.963751803751803
13:24:30,2398,8.963751803751803
13:24:31,2398,8.962209721621232
13:24:32,2398,8.962209721621232
13:24:33,2399,8.962209721621232
13:24:34,2399,8.962209721621232
13:24:35,2399,8.962209721621232
13:24:36,2399,8.962209721621232
13:24:37,2400,8.962269319492503
13:24:38,2400,8.962269319492503
13:24:39,2401,8.962269319492503
13:24:40,2402,8.962269319492503
13:24:41,2402,8.960008646779075
13:24:42,2402,8.960008646779075
13:24:43,2403,8.960008646779075
13:24:44,2404,8.957389801210025
13:24:45,2404,8.957389801210025
13:24:46,2404,8.957389801210025
13:24:47,2405,8.957389801210025
13:24:48,2407,8.957389801210025
13:24:49,2407,8.957389801210025
13:24:50,2407,8.957389801210025
13:24:51,2408,8.957389801210025
13:24:52,2409,8.957389801210025
13:24:53,2409,8.957389801210025
13:24:54,2409,8.957389801210025
13:24:55,2410,8.957389801210025
13:24:56,2410,8.957451403887688
13:24:57,2410,8.957451403887688
13:24:58,2411,8.952934829520933
13:24:59,2411,8.952934829520933
13:25:00,2412,8.950675870002875
13:25:01,2412,8.948519476785972
13:25:02,2412,8.948519476785972
13:25:03,2412,8.948519476785972
13:25:04,2412,8.948519476785972
13:25:05,2413,8.948519476785972
13:25:06,2413,8.946860632183908
13:25:07,2413,8.946860632183908
13:25:08,2413,8.94456412465891
13:25:09,2413,8.94456412465891
13:25:10,2413,8.94456412465891
13:25:11,2413,8.942441860465117
13:25:12,2413,8.942441860465117
13:25:13,2413,8.942441860465117
13:25:14,2413,8.942441860465117
13:25:15,2414,8.942441860465117
13:25:16,2414,8.942441860465117
13:25:17,2414,8.940579710144927
13:25:18,2415,8.940579710144927
13:25:19,2416,8.940579710144927
13:25:20,2416,8.938403614457831
13:25:21,2416,8.938403614457831
13:25:22,2416,8.938403614457831
13:25:23,2416,8.938403614457831
13:25:24,2417,8.938403614457831
13:25:25,2417,8.938403614457831
13:25:26,2417,8.938403614457831
13:25:27,2417,8.938403614457831
13:25:28,2417,8.938403614457831
13:25:29,2417,8.938403614457831
13:25:30,2417,8.938403614457831
13:25:31,2417,8.935677419354839
13:25:32,2417,8.935677419354839
13:25:33,2417,8.935677419354839
13:25:34,2417,8.933634279163083
13:25:35,2417,8.932896433175763
13:25:36,2417,8.932896433175763
13:25:37,2419,8.932896433175763
13:25:38,2419,8.932896433175763
13:25:39,2420,8.932896433175763
13:25:40,2420,8.932896433175763
13:25:41,2421,8.930748854524628
13:25:42,2421,8.930748854524628
13:25:43,2422,8.930748854524628
13:25:44,2422,8.92826678116502
13:25:45,2422,8.92826678116502
13:25:46,2423,8.926473533619456
13:25:47,2423,8.926473533619456
13:25:48,2424,8.926473533619456
13:25:49,2424,8.924128073184677
13:25:50,2424,8.924128073184677
13:25:51,2424,8.924128073184677
13:25:52,2424,8.922388912701814
13:25:53,2424,8.922388912701814
13:25:54,2424,8.922388912701814
13:25:55,2424,8.920451299628677
13:25:56,2424,8.920451299628677
13:25:57,2424,8.920451299628677
13:25:58,2424,8.920451299628677
13:25:59,2424,8.917630264097074
13:26:00,2425,8.917630264097074
13:26:01,2425,8.914711757990867
13:26:02,2425,8.914711757990867
13:26:03,2425,8.914711757990867
13:26:04,2425,8.914711757990867
13:26:05,2426,8.914711757990867
13:26:06,2426,8.914605619740408
13:26:07,2426,8.912581978899343
13:26:08,2427,8.912581978899343
13:26:09,2427,8.911073108165883
13:26:10,2427,8.909615384615385
13:26:11,2427,8.909615384615385
13:26:12,2428,8.909615384615385
13:26:13,2428,8.909615384615385
13:26:14,2428,8.909615384615385
13:26:15,2428,8.909615384615385
13:26:16,2429,8.909615384615385
13:26:17,2429,8.909615384615385
13:26:18,2429,8.909615384615385
13:26:19,2430,8.909615384615385
13:26:20,2430,8.909615384615385
13:26:21,2430,8.909615384615385
13:26:22,2430,8.909615384615385
13:26:23,2431,8.909615384615385
13:26:24,2431,8.909615384615385
13:26:25,2431,8.90912003417343
13:26:26,2432,8.90912003417343
13:26:27,2432,8.90912003417343
13:26:28,2432,8.907372615997723
13:26:29,2432,8.90469483568075
13:26:30,2432,8.90469483568075
13:26:31,2432,8.90469483568075
13:26:32,2432,8.90469483568075
13:26:33,2433,8.90469483568075
13:26:34,2434,8.90469483568075
13:26:35,2434,8.90469483568075
13:26:36,2434,8.90469483568075
13:26:37,2434,8.90469483568075
13:26:38,2434,8.90469483568075
13:26:39,2434,8.90313566552901
13:26:40,2434,8.90313566552901
13:26:41,2434,8.900341151385927
13:26:42,2434,8.900341151385927
13:26:43,2434,8.900341151385927
13:26:44,2434,8.900341151385927
13:26:45,2434,8.89911196362603
13:26:46,2434,8.89911196362603
13:26:47,2434,8.89911196362603
13:26:48,2434,8.897223405766226
13:26:49,2434,8.897223405766226
13:26:50,2435,8.897223405766226
13:26:51,2435,8.8946621237933
13:26:52,2435,8.8946621237933
13:26:53,2435,8.8946621237933
13:26:54,2435,8.893273733503618
13:26:55,2435,8.890716312056737
13:26:56,2435,8.88949383241174
13:26:57,2435,8.88949383241174
13:26:58,2435,8.88949383241174
13:26:59,2435,8.886947278911565
13:27:00,2435,8.886947278911565
13:27:01,2436,8.886947278911565
13:27:02,2436,8.886947278911565
13:27:03,2436,8.886947278911565
13:27:04,2436,8.886947278911565
13:27:05,2437,8.886947278911565
13:27:06,2437,8.886947278911565
13:27:07,2437,8.886947278911565
13:27:08,2437,8.886947278911565
13:27:09,2438,8.886947278911565
13:27:10,2438,8.886947278911565
13:27:11,2438,8.886039099022524
13:27:12,2439,8.886039099022524
13:27:13,2439,8.884742282639479
13:27:14,2439,8.884742282639479
13:27:15,2440,8.882349610757254
13:27:16,2440,8.879683078664403
13:27:17,2440,8.879683078664403
13:27:18,2440,8.879161363314948
13:27:19,2441,8.876745829799265
13:27:20,2441,8.876745829799265
13:27:21,2441,8.876745829799265
13:27:22,2441,8.876745829799265
13:27:23,2441,8.876745829799265
13:27:24,2441,8.876745829799265
13:27:25,2441,8.876745829799265
13:27:26,2441,8.876745829799265
13:27:27,2441,8.876745829799265
13:27:28,2442,8.876745829799265
13:27:29,2443,8.875385050162498
13:27:30,2443,8.872172808132147
13:27:31,2443,8.872172808132147
13:27:32,2443,8.872172808132147
13:27:33,2444,8.872172808132147
13:27:34,2444,8.871062658763758
13:27:35,2445,8.871062658763758
13:27:36,2445,8.871062658763758
13:27:37,2445,8.871062658763758
13:27:38,2446,8.871062658763758
13:27:39,2446,8.871062658763758
13:27:40,2446,8.871062658763758
13:27:41,2446,8.8683030046551
13:27:42,2447,8.8683030046551
13:27:43,2447,8.8683030046551
13:27:44,2447,8.8683030046551
13:27:45,2447,8.865771291596165
13:27:46,2447,8.865771291596165
13:27:47,2447,8.864510218463709
13:27:48,2447,8.864510218463709
13:27:49,2447,8.864510218463709
13:27:50,2447,8.862073823612285
13:27:51,2447,8.862073823612285
13:27:52,2447,8.861343472750317
13:27:53,2447,8.861343472750317
13:27:54,2447,8.860480011261261
13:27:55,2447,8.860480011261261
13:27:56,2447,8.860480011261261
13:27:57,2447,8.860480011261261
13:27:58,2447,8.860480011261261
13:27:59,2447,8.860480011261261
13:28:00,2447,8.860480011261261
13:28:01,2447,8.860480011261261
13:28:02,2447,8.860480011261261
13:28:03,2447,8.860480011261261
13:28:04,2447,8.860480011261261
13:28:05,2448,8.860480011261261
13:28:06,2448,8.860480011261261
13:28:07,2448,8.860480011261261
13:28:08,2448,8.85826649781905
13:28:09,2448,8.856082981715893
13:28:10,2448,8.856082981715893
13:28:11,2448,8.856082981715893
13:28:12,2448,8.856082981715893
13:28:13,2448,8.856082981715893
13:28:14,2448,8.856082981715893
13:28:15,2448,8.856082981715893
13:28:16,2449,8.856082981715893
13:28:17,2449,8.856082981715893
13:28:18,2450,8.854006748207507
13:28:19,2450,8.854006748207507
13:28:20,2450,8.852487352445195
13:28:21,2451,8.852487352445195
13:28:22,2451,8.852487352445195
13:28:23,2451,8.852487352445195
13:28:24,2451,8.851201011378002
13:28:25,2451,8.851201011378002
13:28:26,2451,8.851201011378002
13:28:27,2451,8.851201011378002
13:28:28,2451,8.851201011378002
13:28:29,2451,8.851201011378002
13:28:30,2451,8.851201011378002
13:28:31,2451,8.851201011378002
13:28:32,2451,8.851201011378002
13:28:33,2451,8.848792474024151
13:28:34,2451,8.848287719298245
13:28:35,2451,8.848287719298245
13:28:36,2451,8.848287719298245
13:28:37,2451,8.847243265993265
13:28:38,2451,8.847243265993265
13:28:39,2451,8.847243265993265
13:28:40,2451,8.847243265993265
13:28:41,2451,8.847243265993265
13:28:42,2451,8.847243265993265
13:28:43,2451,8.847243265993265
13:28:44,2451,8.847243265993265
13:28:45,2451,8.846641424765108
13:28:46,2451,8.846641424765108
13:28:47,2451,8.846641424765108
13:28:48,2451,8.846641424765108
13:28:49,2451,8.846641424765108
13:28:50,2451,8.846641424765108
13:28:51,2451,8.846641424765108
13:28:52,2451,8.844238856181667
13:28:53,2452,8.843785904441642
13:28:54,2452,8.841736694677872
13:28:55,2452,8.841736694677872
13:28:56,2452,8.841736694677872
13:28:57,2452,8.841736694677872
13:28:58,2452,8.83934621307574
13:28:59,2452,8.837739543992168
13:29:00,2452,8.837739543992168
13:29:01,2452,8.83579418344519
13:29:02,2452,8.83579418344519
13:29:03,2452,8.83579418344519
13:29:04,2452,8.83579418344519
13:29:05,2452,8.83579418344519
13:29:06,2452,8.83579418344519
13:29:07,2452,8.83579418344519
13:29:08,2452,8.83579418344519
13:29:09,2452,8.83579418344519
13:29:10,2452,8.83579418344519
13:29:11,2452,8.834437456324249
13:29:12,2452,8.831224689289206
13:29:13,2453,8.831224689289206
13:29:14,2453,8.831224689289206
13:29:15,2453,8.831224689289206
13:29:16,2453,8.831224689289206
13:29:17,2454,8.831224689289206
13:29:18,2454,8.831224689289206
13:29:19,2454,8.831224689289206
13:29:20,2455,8.831224689289206
13:29:21,2455,8.831224689289206
13:29:22,2455,8.831224689289206
13:29:23,2456,8.828510608598549
13:29:24,2456,8.828510608598549
13:29:25,2456,8.828510608598549
13:29:26,2456,8.828510608598549
13:29:27,2456,8.826168550299986
13:29:28,2456,8.826168550299986
13:29:29,2456,8.82379358437936
13:29:30,2456,8.821657604907292
13:29:31,2456,8.821657604907292
13:29:32,2456,8.821657604907292
13:29:33,2456,8.821657604907292
13:29:34,2456,8.821657604907292
13:29:35,2456,8.820861204013378
13:29:36,2456,8.820861204013378
13:29:37,2456,8.820861204013378
13:29:38,2456,8.820861204013378
13:29:39,2456,8.820861204013378
13:29:40,2456,8.820861204013378
13:29:41,2456,8.820861204013378
13:29:42,2456,8.820861204013378
13:29:43,2456,8.820748015043877
13:29:44,2456,8.820748015043877
13:29:45,2456,8.818622946254525
13:29:46,2456,8.818622946254525
13:29:47,2456,8.818622946254525
13:29:48,2456,8.815658041179745
13:29:49,2456,8.815658041179745
13:29:50,2456,8.815658041179745
13:29:51,2456,8.815658041179745
13:29:52,2456,8.815658041179745
13:29:53,2456,8.815658041179745
13:29:54,2456,8.815658041179745
13:29:55,2456,8.815658041179745
13:29:56,2456,8.815658041179745
13:29:57,2456,8.815658041179745
13:29:58,2456,8.815658041179745
13:29:59,2456,8.815783618411903
13:30:00,2456,8.815783618411903
13:30:01,2457,8.813664164581597
13:30:02,2457,8.813664164581597
13:30:03,2457,8.813664164581597
13:30:04,2457,8.813664164581597
13:30:05,2457,8.811233847436432
13:30:06,2457,8.811233847436432
13:30:07,2457,8.808770833333334
13:30:08,2457,8.806587532972372
13:30:09,2458,8.806587532972372
13:30:10,2458,8.806587532972372
13:30:11,2458,8.806587532972372
13:30:12,2459,8.806587532972372
13:30:13,2459,8.805321953927283
13:30:14,2459,8.805321953927283
13:30:15,2459,8.805321953927283
13:30:16,2460,8.803190456373978
13:30:17,2460,8.803190456373978
13:30:18,2460,8.803190456373978
13:30:19,2460,8.80207293399889
13:30:20,2460,8.80070686070686
13:30:21,2460,8.80070686070686
13:30:22,2461,8.80070686070686
13:30:23,2461,8.80070686070686
13:30:24,2461,8.80070686070686
13:30:25,2462,8.798358270989192
13:30:26,2462,8.798358270989192
13:30:27,2462,8.798358270989192
13:30:28,2462,8.798358270989192
13:30:29,2463,8.798358270989192
13:30:30,2463,8.798358270989192
13:30:31,2463,8.798358270989192
13:30:32,2463,8.797133361030328
13:30:33,2464,8.797133361030328
13:30:34,2464,8.797133361030328
13:30:35,2464,8.797376799557032
13:30:36,2464,8.797376799557032
13:30:37,2464,8.797376799557032
13:30:38,2464,8.797376799557032
13:30:39,2464,8.796824408468243
13:30:40,2464,8.796824408468243
13:30:41,2464,8.794495159059474
13:30:42,2464,8.794495159059474
13:30:43,2464,8.794495159059474
13:30:44,2464,8.79184985483202
13:30:45,2464,8.79184985483202
13:30:46,2464,8.79184985483202
13:30:47,2464,8.79184985483202
13:30:48,2464,8.79228164731896
13:30:49,2464,8.79228164731896
13:30:50,2464,8.78999171156237
13:30:51,2464,8.78999171156237
13:30:52,2464,8.79004418668876
13:30:53,2464,8.79004418668876
13:30:54,2464,8.788585231193927
13:30:55,2464,8.788585231193927
13:30:56,2464,8.788585231193927
13:30:57,2464,8.788585231193927
13:30:58,2465,8.788585231193927
13:30:59,2465,8.788585231193927
13:31:00,2465,8.788585231193927
13:31:01,2465,8.788585231193927
13:31:02,2465,8.788585231193927
13:31:03,2465,8.788585231193927
13:31:04,2465,8.788585231193927
13:31:05,2465,8.788585231193927
13:31:06,2465,8.786575607064018
13:31:07,2465,8.786575607064018
13:31:08,2465,8.786575607064018
13:31:09,2465,8.785684733140256
13:31:10,2465,8.783505652054039
13:31:11,2465,8.783505652054039
13:31:12,2465,8.781080336227092
13:31:13,2465,8.779545454545454
13:31:14,2465,8.779545454545454
13:31:15,2465,8.779545454545454
13:31:16,2466,8.779545454545454
13:31:17,2466,8.779545454545454
13:31:18,2466,8.779545454545454
13:31:19,2466,8.779545454545454
13:31:20,2466,8.779545454545454
13:31:21,2466,8.778624535315986
13:31:22,2466,8.778624535315986
13:31:23,2466,8.778624535315986
13:31:24,2466,8.778624535315986
13:31:25,2466,8.778624535315986
13:31:26,2466,8.778624535315986
13:31:27,2466,8.778624535315986
13:31:28,2466,8.778624535315986
13:31:29,2466,8.778624535315986
13:31:30,2466,8.778413157170382
13:31:31,2466,8.778413157170382
13:31:32,2466,8.778413157170382
13:31:33,2466,8.778413157170382
13:31:34,2466,8.778413157170382
13:31:35,2466,8.778413157170382
13:31:36,2466,8.778413157170382
13:31:37,2466,8.778413157170382
13:31:38,2466,8.779089283257669
13:31:39,2466,8.779089283257669
13:31:40,2466,8.777145214521452
13:31:41,2466,8.777051546391753
13:31:42,2466,8.777051546391753
13:31:43,2466,8.777051546391753
13:31:44,2466,8.777051546391753
13:31:45,2466,8.777051546391753
13:31:46,2466,8.775103050288541
13:31:47,2466,8.772675456668042
13:31:48,2466,8.772675456668042
13:31:49,2466,8.772675456668042
13:31:50,2466,8.772675456668042
13:31:51,2466,8.772675456668042
13:31:52,2466,8.772675456668042
13:31:53,2466,8.772675456668042
13:31:54,2466,8.772675456668042
13:31:55,2466,8.772675456668042
13:31:56,2466,8.772675456668042
13:31:57,2466,8.772675456668042
13:31:58,2466,8.772675456668042
13:31:59,2466,8.770551894563427
13:32:00,2466,8.769562234115547
13:32:01,2466,8.769562234115547
13:32:02,2466,8.769562234115547
13:32:03,2466,8.768278463648834
13:32:04,2466,8.768278463648834
13:32:05,2466,8.768278463648834
13:32:06,2467,8.768278463648834
13:32:07,2467,8.768278463648834
13:32:08,2467,8.768278463648834
13:32:09,2467,8.768278463648834
13:32:10,2467,8.768278463648834
13:32:11,2467,8.76735225558755
13:32:12,2467,8.76735225558755
13:32:13,2467,8.76735225558755
13:32:14,2467,8.76544682017544
13:32:15,2467,8.765324016988627
13:32:16,2467,8.765324016988627
13:32:17,2468,8.765324016988627
13:32:18,2467,8.768188048245614
13:32:19,2467,8.768201123441568
13:32:20,2467,8.768201123441568
13:32:21,2466,8.771052631578948
13:32:22,2466,8.768406631045348
13:32:23,2467,8.768406631045348
13:32:24,2467,8.768406631045348
13:32:25,2467,8.768406631045348
13:32:26,2467,8.768406631045348
13:32:27,2467,8.768406631045348
13:32:28,2467,8.768994795946316
13:32:29,2467,8.768994795946316
13:32:30,2467,8.768994795946316
13:32:31,2467,8.766358658453113
13:32:32,2467,8.766358658453113
13:32:33,2467,8.766358658453113
13:32:34,2467,8.764059934318556
13:32:35,2467,8.764059934318556
13:32:36,2467,8.76181780878129
13:32:37,2467,8.76181780878129
13:32:38,2466,8.76455938697318
13:32:39,2466,8.76455938697318
13:32:40,2466,8.76455938697318
13:32:41,2466,8.76455938697318
13:32:42,2466,8.76455938697318
13:32:43,2466,8.76455938697318
13:32:44,2466,8.76455938697318
13:32:45,2466,8.76455938697318
13:32:46,2466,8.76455938697318
13:32:47,2466,8.76455938697318
13:32:48,2465,8.767241379310345
13:32:49,2465,8.767241379310345
13:32:50,2464,8.769876796714579
13:32:51,2465,8.769876796714579
13:32:52,2465,8.769876796714579
13:32:53,2465,8.769876796714579
13:32:54,2464,8.772521227061079
13:32:55,2463,8.775263734758187
13:32:56,2463,8.775263734758187
13:32:57,2462,8.77789884868421
13:32:58,2461,8.780542986425338
13:32:59,2461,8.780542986425338
13:33:00,2461,8.780542986425338
13:33:01,2460,8.783271604938273
13:33:02,2460,8.783484162895927
13:33:03,2459,8.786131687242799
13:33:04,2458,8.788168724279835
13:33:05,2457,8.790798682585427
13:33:06,2456,8.790864197530864
13:33:07,2457,8.790864197530864
13:33:08,2457,8.789572192513369
13:33:09,2457,8.789572192513369
13:33:10,2458,8.789572192513369
13:33:11,2458,8.787150493421052
13:33:12,2458,8.787150493421052
13:33:13,2458,8.787150493421052
13:33:14,2458,8.787150493421052
13:33:15,2458,8.787150493421052
13:33:16,2459,8.787150493421052
13:33:17,2459,8.787150493421052
13:33:18,2459,8.784491026167968
13:33:19,2460,8.784491026167968
13:33:20,2459,8.787143640350877
13:33:21,2460,8.787143640350877
13:33:22,2460,8.787143640350877
13:33:23,2459,8.789802631578947
13:33:24,2459,8.789802631578947
13:33:25,2459,8.787066721468696
13:33:26,2459,8.787066721468696
13:33:27,2460,8.785188989317994
13:33:28,2460,8.785188989317994
13:33:29,2460,8.785188989317994
13:33:30,2460,8.785188989317994
13:33:31,2460,8.785188989317994
13:33:32,2459,8.785394412489728
13:33:33,2459,8.785394412489728
13:33:34,2459,8.785394412489728
13:33:35,2459,8.78605749486653
13:33:36,2459,8.78605749486653
13:33:37,2459,8.78605749486653
13:33:38,2459,8.78605749486653
13:33:39,2459,8.78605749486653
13:33:40,2458,8.786187542778919
13:33:41,2458,8.786187542778919
13:33:42,2458,8.786187542778919
13:33:43,2458,8.786187542778919
13:33:44,2458,8.786187542778919
13:33:45,2458,8.786187542778919
13:33:46,2458,8.786187542778919
13:33:47,2456,8.790937114673243
13:33:48,2456,8.790937114673243
13:33:49,2456,8.790937114673243
13:33:50,2455,8.793359375
13:33:51,2455,8.793359375
13:33:52,2454,8.795797339914987
13:33:53,2454,8.795797339914987
13:33:54,2454,8.795797339914987
13:33:55,2453,8.798120713305899
13:33:56,2454,8.798120713305899
13:33:57,2453,8.800452861259778
13:33:58,2452,8.802780065897858
13:33:59,2452,8.802780065897858
13:34:00,2452,8.802780065897858
13:34:01,2452,8.802780065897858
13:34:02,2452,8.802780065897858
13:34:03,2452,8.802780065897858
13:34:04,2452,8.802780065897858
13:34:05,2452,8.802780065897858
13:34:06,2452,8.802780065897858
13:34:07,2451,8.805019914846863
13:34:08,2452,8.805019914846863
13:34:09,2451,8.807357790601815
13:34:10,2451,8.80799340749897
13:34:11,2451,8.80799340749897
13:34:12,2451,8.80802443712246
13:34:13,2451,8.80802443712246
13:34:14,2452,8.805269658295595
13:34:15,2452,8.805269658295595
13:34:16,2452,8.803853009735361
13:34:17,2452,8.803853009735361
13:34:18,2452,8.803853009735361
13:34:19,2452,8.80177494517544
13:34:20,2452,8.80177494517544
13:34:21,2451,8.804099821746881
13:34:22,2451,8.804099821746881
13:34:23,2451,8.804099821746881
13:34:24,2450,8.80641975308642
13:34:25,2450,8.80641975308642
13:34:26,2450,8.80641975308642
13:34:27,2450,8.80641975308642
13:34:28,2450,8.80641975308642
13:34:29,2449,8.80864553314121
13:34:30,2449,8.810873146622734
13:34:31,2449,8.810873146622734
13:34:32,2449,8.810873146622734
13:34:33,2449,8.810873146622734
13:34:34,2449,8.810873146622734
13:34:35,2449,8.810873146622734
13:34:36,2448,8.813040791100123
13:34:37,2448,8.813040791100123
13:34:38,2448,8.813040791100123
13:34:39,2449,8.813040791100123
13:34:40,2448,8.815313272877164
13:34:41,2447,8.817408934707904
13:34:42,2447,8.817408934707904
13:34:43,2446,8.819938144329898
13:34:44,2446,8.819938144329898
13:34:45,2446,8.819938144329898
13:34:46,2445,8.822139713971398
13:34:47,2444,8.824253680011005
13:34:48,2445,8.824253680011005
13:34:49,2445,8.824253680011005
13:34:50,2445,8.824253680011005
13:34:51,2443,8.828617651108356
13:34:52,2443,8.828617651108356
13:34:53,2443,8.828617651108356
13:34:54,2443,8.828617651108356
13:34:55,2442,8.830915977961434
13:34:56,2442,8.830915977961434
13:34:57,2442,8.830915977961434
13:34:58,2441,8.833216205043406
13:34:59,2441,8.83292699724518
13:35:00,2441,8.83292699724518
13:35:01,2441,8.83292699724518
13:35:02,2441,8.83292699724518
13:35:03,2441,8.83292699724518
13:35:04,2441,8.833395291201983
13:35:05,2441,8.833395291201983
13:35:06,2441,8.83164739884393
13:35:07,2441,8.83164739884393
13:35:08,2441,8.83164739884393
13:35:09,2441,8.83164739884393
13:35:10,2442,8.83164739884393
13:35:11,2442,8.83164739884393
13:35:12,2442,8.828965469803274
13:35:13,2442,8.826182618261827
13:35:14,2443,8.826182618261827
13:35:15,2443,8.826182618261827
13:35:16,2442,8.825419416941694
13:35:17,2442,8.825419416941694
13:35:18,2441,8.827424680148576
13:35:19,2441,8.827424680148576
13:35:20,2440,8.829335260115608
13:35:21,2440,8.829335260115608
13:35:22,2439,8.828929259565097
13:35:23,2439,8.828929259565097
13:35:24,2438,8.830930744871266
13:35:25,2439,8.828571428571427
13:35:26,2439,8.828571428571427
13:35:27,2440,8.828571428571427
13:35:28,2439,8.830627839735646
13:35:29,2439,8.830627839735646
13:35:30,2440,8.830627839735646
13:35:31,2440,8.830627839735646
13:35:32,2440,8.830627839735646
13:35:33,2440,8.830627839735646
13:35:34,2440,8.830627839735646
13:35:35,2440,8.831358381502891
13:35:36,2439,8.833319564918078
13:35:37,2439,8.833319564918078
13:35:38,2439,8.83064271951555
13:35:39,2438,8.829741260666117
13:35:40,2438,8.829741260666117
13:35:41,2438,8.829741260666117
13:35:42,2438,8.829741260666117
13:35:43,2438,8.829741260666117
13:35:44,2437,8.831853228693378
13:35:45,2437,8.831853228693378
13:35:46,2437,8.831853228693378
13:35:47,2436,8.83366391184573
13:35:48,2435,8.835509641873278
13:35:49,2435,8.835509641873278
13:35:50,2435,8.835509641873278
13:35:51,2434,8.837357034587294
13:35:52,2434,8.837357034587294
13:35:53,2434,8.837357034587294
13:35:54,2433,8.8392335263303
13:35:55,2431,8.843115342163355
13:35:56,2431,8.843115342163355
13:35:57,2431,8.843115342163355
13:35:58,2431,8.843115342163355
13:35:59,2431,8.843115342163355
13:36:00,2431,8.843115342163355
13:36:01,2431,8.843115342163355
13:36:02,2431,8.843115342163355
13:36:03,2431,8.843115342163355
13:36:04,2431,8.844996549344376
13:36:05,2431,8.844996549344376
13:36:06,2431,8.844996549344376
13:36:07,2431,8.844996549344376
13:36:08,2431,8.846761944214306
13:36:09,2431,8.846761944214306
13:36:10,2430,8.848577151540269
13:36:11,2430,8.848577151540269
13:36:12,2431,8.848577151540269
13:36:13,2431,8.848577151540269
13:36:14,2431,8.850276395798783
13:36:15,2432,8.845008285004143
13:36:16,2432,8.845008285004143
13:36:17,2432,8.845008285004143
13:36:18,2432,8.846788230418566
13:36:19,2432,8.846788230418566
13:36:20,2433,8.846788230418566
13:36:21,2434,8.846788230418566
13:36:22,2434,8.846788230418566
13:36:23,2434,8.848562741846324
13:36:24,2434,8.849164249205693
13:36:25,2435,8.849164249205693
13:36:26,2435,8.849164249205693
13:36:27,2436,8.849164249205693
13:36:28,2437,8.849164249205693
13:36:29,2435,8.852647587446427
13:36:30,2436,8.852647587446427
13:36:31,2437,8.852647587446427
13:36:32,2437,8.852647587446427
13:36:33,2437,8.852647587446427
13:36:34,2438,8.852647587446427
13:36:35,2439,8.852647587446427
13:36:36,2439,8.8498410724157
13:36:37,2439,8.851686713673441
13:36:38,2439,8.853395573997235
13:36:39,2439,8.853395573997235
13:36:40,2438,8.855251141552511
13:36:41,2438,8.855251141552511
13:36:42,2439,8.855251141552511
13:36:43,2440,8.855251141552511
13:36:44,2438,8.85856529566542
13:36:45,2438,8.85856529566542
13:36:46,2440,8.85575858250277
13:36:47,2439,8.857658219083229
13:36:48,2439,8.857658219083229
13:36:49,2440,8.857658219083229
13:36:50,2441,8.857658219083229
13:36:51,2441,8.857658219083229
13:36:52,2441,8.855391749723145
13:36:53,2442,8.855391749723145
13:36:54,2443,8.852580600525807
13:36:55,2442,8.854353543743079
13:36:56,2443,8.854353543743079
13:36:57,2442,8.856107187370169
13:36:58,2443,8.856107187370169
13:36:59,2442,8.857612912164035
13:37:00,2442,8.858316022711536
13:37:01,2443,8.858316022711536
13:37:02,2442,8.859794957051815
13:37:03,2443,8.859794957051815
13:37:04,2442,8.861386001386
13:37:05,2443,8.861386001386
13:37:06,2442,8.862818912922906
13:37:07,2442,8.862818912922906
13:37:08,2442,8.86033264033264
13:37:09,2442,8.86033264033264
13:37:10,2442,8.86033264033264
13:37:11,2442,8.86033264033264
13:37:12,2442,8.86033264033264
13:37:13,2441,8.861882972823073
13:37:14,2441,8.861882972823073
13:37:15,2441,8.861882972823073
13:37:16,2441,8.861882972823073
13:37:17,2441,8.861882972823073
13:37:18,2440,8.863191843528922
13:37:19,2439,8.864696086594504
13:37:20,2439,8.864696086594504
13:37:21,2440,8.864696086594504
13:37:22,2441,8.864696086594504
13:37:23,2440,8.866152991808969
13:37:24,2440,8.866152991808969
13:37:25,2440,8.866152991808969
13:37:26,2440,8.866152991808969
13:37:27,2439,8.867743055555556
13:37:28,2439,8.867743055555556
13:37:29,2439,8.867743055555556
13:37:30,2438,8.869327497568431
13:37:31,2437,8.871524881845982
13:37:32,2437,8.871524881845982
13:37:33,2436,8.872896676401057
13:37:34,2436,8.872896676401057
13:37:35,2436,8.872896676401057
13:37:36,2436,8.870176536002225
13:37:37,2435,8.871756362119317
13:37:38,2435,8.871756362119317
13:37:39,2435,8.871756362119317
13:37:40,2435,8.871756362119317
13:37:41,2435,8.871756362119317
13:37:42,2435,8.871756362119317
13:37:43,2435,8.871756362119317
13:37:44,2435,8.871756362119317
13:37:45,2435,8.871756362119317
13:37:46,2436,8.871756362119317
13:37:47,2436,8.871756362119317
13:37:48,2435,8.873330550918196
13:37:49,2434,8.874794711203897
13:37:50,2434,8.874794711203897
13:37:51,2433,8.876155666945142
13:37:52,2433,8.876155666945142
13:37:53,2431,8.87680735478479
13:37:54,2432,8.87680735478479
13:37:55,2432,8.87680735478479
13:37:56,2431,8.878010033444816
13:37:57,2431,8.878010033444816
13:37:58,2430,8.879771364840373
13:37:59,2431,8.879771364840373
13:38:00,2431,8.879771364840373
13:38:01,2431,8.879771364840373
13:38:02,2433,8.874508984538236
13:38:03,2433,8.874508984538236
13:38:04,2434,8.872006404901141
13:38:05,2435,8.872006404901141
13:38:06,2434,8.873485165064773
13:38:07,2433,8.874554069119286
13:38:08,2433,8.874554069119286
13:38:09,2434,8.874554069119286
13:38:10,2434,8.874554069119286
13:38:11,2434,8.871723081209081
13:38:12,2434,8.871723081209081
13:38:13,2434,8.871723081209081
13:38:14,2435,8.871723081209081
13:38:15,2435,8.871723081209081
13:38:16,2434,8.870190834378047
13:38:17,2435,8.870190834378047
13:38:18,2435,8.870190834378047
13:38:19,2435,8.870190834378047
13:38:20,2434,8.869167014904582
13:38:21,2435,8.869167014904582
13:38:22,2435,8.869167014904582
13:38:23,2434,8.87094481605351
13:38:24,2434,8.87094481605351
13:38:25,2433,8.872410427993865
13:38:26,2434,8.872410427993865
13:38:27,2433,8.873835425383541
13:38:28,2433,8.873835425383541
13:38:29,2433,8.873835425383541
13:38:30,2433,8.87110692876063
13:38:31,2433,8.87110692876063
13:38:32,2432,8.873458856345884
13:38:33,2433,8.873458856345884
13:38:34,2433,8.873458856345884
13:38:35,2433,8.873458856345884
13:38:36,2433,8.870730517217343
13:38:37,2432,8.872036262203627
13:38:38,2433,8.872036262203627
13:38:39,2433,8.869636135508156
13:38:40,2433,8.866896599777034
13:38:41,2433,8.866896599777034
13:38:42,2432,8.865008361204014
13:38:43,2432,8.865008361204014
13:38:44,2433,8.865008361204014
13:38:45,2432,8.865878990659416
13:38:46,2432,8.865878990659416
13:38:47,2433,8.865878990659416
13:38:48,2433,8.865878990659416
13:38:49,2433,8.865878990659416
13:38:50,2434,8.865878990659416
13:38:51,2434,8.865878990659416
13:38:52,2434,8.865878990659416
13:38:53,2433,8.867071129707114
13:38:54,2433,8.867071129707114
13:38:55,2433,8.867071129707114
13:38:56,2432,8.868201479000977
13:38:57,2433,8.86547419804742
13:38:58,2433,8.86547419804742
13:38:59,2432,8.866206222966374
13:39:00,2432,8.866206222966374
13:39:01,2432,8.866206222966374
13:39:02,2432,8.866206222966374
13:39:03,2432,8.866206222966374
13:39:04,2432,8.866206222966374
13:39:05,2432,8.866206222966374
13:39:06,2432,8.866206222966374
13:39:07,2432,8.866206222966374
13:39:08,2431,8.867204075935232
13:39:09,2431,8.867204075935232
13:39:10,2432,8.864594670015348
13:39:11,2433,8.864594670015348
13:39:12,2431,8.867357910906298
13:39:13,2431,8.864879955332217
13:39:14,2432,8.862145946700155
13:39:15,2431,8.86328168620882
13:39:16,2432,8.86328168620882
13:39:17,2431,8.86171831379118
13:39:18,2431,8.86171831379118
13:39:19,2431,8.86171831379118
13:39:20,2432,8.86171831379118
13:39:21,2432,8.86171831379118
13:39:22,2432,8.86171831379118
13:39:23,2432,8.86171831379118
13:39:24,2432,8.86171831379118
13:39:25,2433,8.86171831379118
13:39:26,2433,8.859097251290638
13:39:27,2433,8.859097251290638
13:39:28,2433,8.859097251290638
13:39:29,2434,8.859097251290638
13:39:30,2434,8.856589958158995
13:39:31,2433,8.857729873029163
13:39:32,2433,8.857729873029163
13:39:33,2434,8.85534170153417
13:39:34,2434,8.85534170153417
13:39:35,2434,8.85534170153417
13:39:36,2434,8.85628575415097
13:39:37,2434,8.85628575415097
13:39:38,2433,8.85713986599665
13:39:39,2433,8.85713986599665
13:39:40,2433,8.85713986599665
13:39:41,2433,8.85713986599665
13:39:42,2433,8.85484861169248
13:39:43,2433,8.85484861169248
13:39:44,2433,8.85484861169248
13:39:45,2433,8.85484861169248
13:39:46,2432,8.854660248360542
13:39:47,2432,8.854660248360542
13:39:48,2431,8.855157733109994
13:39:49,2431,8.855157733109994
13:39:50,2430,8.856263091746962
13:39:51,2429,8.857236658284437
13:39:52,2430,8.857236658284437
13:39:53,2431,8.857236658284437
13:39:54,2430,8.858106219426976
13:39:55,2430,8.858106219426976
13:39:56,2430,8.858106219426976
13:39:57,2430,8.858106219426976
13:39:58,2430,8.85572785694328
13:39:59,2430,8.85572785694328
13:40:00,2430,8.85572785694328
13:40:01,2428,8.85940995525727
13:40:02,2428,8.857232704402517
13:40:03,2429,8.857232704402517
13:40:04,2429,8.857232704402517
13:40:05,2430,8.852094679514035
13:40:06,2431,8.852094679514035
13:40:07,2430,8.853331936295055
13:40:08,2431,8.848450586264656
13:40:09,2431,8.848450586264656
13:40:10,2431,8.848450586264656
13:40:11,2431,8.848450586264656
13:40:12,2432,8.848450586264656
13:40:13,2433,8.848450586264656
13:40:14,2433,8.848450586264656
13:40:15,2433,8.845953676573183
13:40:16,2434,8.843730822873082
13:40:17,2433,8.844558392632901
13:40:18,2432,8.845309882747069
13:40:19,2432,8.845309882747069
13:40:20,2431,8.845819374651033
13:40:21,2430,8.846585672392125
13:40:22,2430,8.846585672392125
13:40:23,2431,8.846585672392125
13:40:24,2431,8.846585672392125
13:40:25,2430,8.847373568035765
13:40:26,2429,8.845766974015087
13:40:27,2429,8.845766974015087
13:40:28,2429,8.845766974015087
13:40:29,2429,8.845766974015087
13:40:30,2428,8.846491963661775
13:40:31,2428,8.846491963661775
13:40:32,2428,8.844300083822297
13:40:33,2428,8.841474654377881
13:40:34,2428,8.841474654377881
13:40:35,2427,8.844083542889075
13:40:36,2427,8.844083542889075
13:40:37,2427,8.844083542889075
13:40:38,2427,8.844083542889075
13:40:39,2427,8.841362938137133
13:40:40,2427,8.841362938137133
13:40:41,2427,8.841362938137133
13:40:42,2427,8.838553880513679
13:40:43,2427,8.836472722198968
13:40:44,2427,8.833647140864715
13:40:45,2427,8.833647140864715
13:40:46,2428,8.833647140864715
13:40:47,2427,8.834296079252129
13:40:48,2428,8.834296079252129
13:40:49,2428,8.834296079252129
13:40:50,2428,8.83216178521618
13:40:51,2428,8.83216178521618
13:40:52,2428,8.83216178521618
13:40:53,2428,8.83216178521618
13:40:54,2428,8.830085041126447
13:40:55,2428,8.830085041126447
13:40:56,2428,8.827598940914159
13:40:57,2428,8.825783535311325
13:40:58,2428,8.825783535311325
13:40:59,2428,8.825783535311325
13:41:00,2427,8.827835841694537
13:41:01,2427,8.827835841694537
13:41:02,2427,8.827835841694537
13:41:03,2427,8.827835841694537
13:41:04,2427,8.827835841694537
13:41:05,2427,8.827835841694537
13:41:06,2427,8.827835841694537
13:41:07,2426,8.827396878483833
13:41:08,2425,8.827945071797016
13:41:09,2425,8.827945071797016
13:41:10,2423,8.83128924236082
13:41:11,2423,8.83128924236082
13:41:12,2424,8.83128924236082
13:41:13,2424,8.83128924236082
13:41:14,2424,8.83128924236082
13:41:15,2423,8.831721105527638
13:41:16,2422,8.832565284178186
13:41:17,2421,8.835177423861413
13:41:18,2422,8.835177423861413
13:41:19,2422,8.835177423861413
13:41:20,2422,8.835177423861413
13:41:21,2422,8.835177423861413
13:41:22,2421,8.835611460517121
13:41:23,2421,8.835611460517121
13:41:24,2422,8.832676725342274
13:41:25,2421,8.834926624737944
13:41:26,2421,8.832096954456551
13:41:27,2421,8.832096954456551
13:41:28,2422,8.832096954456551
13:41:29,2423,8.832096954456551
13:41:30,2423,8.832096954456551
13:41:31,2423,8.834486373165618
13:41:32,2423,8.834486373165618
13:41:33,2423,8.832662754959484
13:41:34,2422,8.833151642208245
13:41:35,2424,8.833151642208245
13:41:36,2424,8.833151642208245
13:41:37,2423,8.835885067114095
13:41:38,2423,8.833165618448637
13:41:39,2424,8.833165618448637
13:41:40,2424,8.833165618448637
13:41:41,2424,8.833165618448637
13:41:42,2425,8.833165618448637
13:41:43,2425,8.833165618448637
13:41:44,2425,8.833165618448637
13:41:45,2426,8.831670857781502
13:41:46,2426,8.829395335846948
13:41:47,2426,8.82678671133445
13:41:48,2426,8.824082600809266
13:41:49,2426,8.821673640167365
13:41:50,2425,8.823768661922703
13:41:51,2425,8.821508301939446
13:41:52,2425,8.821508301939446
13:41:53,2425,8.821508301939446
13:41:54,2425,8.819428172942818
13:41:55,2425,8.819428172942818
13:41:56,2425,8.819428172942818
13:41:57,2425,8.816506343231563
13:41:58,2426,8.816506343231563
13:41:59,2425,8.816729428172943
13:42:00,2425,8.816729428172943
13:42:01,2425,8.816729428172943
13:42:02,2424,8.817189898144273
13:42:03,2424,8.817189898144273
13:42:04,2423,8.820100502512563
13:42:05,2422,8.820765256249128
13:42:06,2422,8.820765256249128
13:42:07,2422,8.820765256249128
13:42:08,2422,8.820765256249128
13:42:09,2423,8.820765256249128
13:42:10,2423,8.820765256249128
13:42:11,2423,8.820765256249128
13:42:12,2423,8.818725572305974
13:42:13,2422,8.81887306242145
13:42:14,2422,8.81887306242145
13:42:15,2423,8.81887306242145
13:42:16,2422,8.821248952221291
13:42:17,2423,8.821248952221291
13:42:18,2423,8.821248952221291
13:42:19,2423,8.824081062194269
13:42:20,2423,8.824081062194269
13:42:21,2423,8.824081062194269
13:42:22,2423,8.824081062194269
13:42:23,2423,8.822254819782064
13:42:24,2423,8.820585359038837
13:42:25,2423,8.820585359038837
13:42:26,2422,8.820908455625437
13:42:27,2422,8.81839899413244
13:42:28,2422,8.81839899413244
13:42:29,2422,8.81839899413244
13:42:30,2422,8.81839899413244
13:42:31,2421,8.821125087351502
13:42:32,2421,8.821125087351502
13:42:33,2421,8.821125087351502
13:42:34,2421,8.821125087351502
13:42:35,2420,8.823056487695748
13:42:36,2420,8.821712089447939
13:42:37,2420,8.821712089447939
13:42:38,2420,8.816743471582182
13:42:39,2420,8.816743471582182
13:42:40,2419,8.815926546571708
13:42:41,2418,8.816198658843254
13:42:42,2419,8.814432341851697
13:42:43,2419,8.814432341851697
13:42:44,2418,8.814703827884886
13:42:45,2418,8.814703827884886
13:42:46,2418,8.812218963831867
13:42:47,2418,8.812218963831867
13:42:48,2418,8.812218963831867
13:42:49,2417,8.812496507404303
13:42:50,2417,8.812496507404303
13:42:51,2416,8.812865129280224
13:42:52,2416,8.812865129280224
13:42:53,2416,8.810051690416318
13:42:54,2416,8.810051690416318
13:42:55,2416,8.810051690416318
13:42:56,2416,8.810051690416318
13:42:57,2416,8.810051690416318
13:42:58,2416,8.810051690416318
13:42:59,2416,8.810051690416318
13:43:00,2416,8.810051690416318
13:43:01,2416,8.810051690416318
13:43:02,2416,8.810051690416318
13:43:03,2416,8.810051690416318
13:43:04,2416,8.810051690416318
13:43:05,2416,8.807966764418378
13:43:06,2416,8.807966764418378
13:43:07,2416,8.807966764418378
13:43:08,2416,8.807966764418378
13:43:09,2416,8.807966764418378
13:43:10,2416,8.807966764418378
13:43:11,2416,8.807966764418378
13:43:12,2416,8.807966764418378
13:43:13,2415,8.80850796311819
13:43:14,2415,8.80850796311819
13:43:15,2415,8.806682027649769
13:43:16,2414,8.808731489242804
13:43:17,2413,8.809021663172608
13:43:18,2413,8.806545124336406
13:43:19,2413,8.806545124336406
13:43:20,2413,8.806545124336406
13:43:21,2413,8.806545124336406
13:43:22,2412,8.806848357791754
13:43:23,2412,8.806848357791754
13:43:24,2412,8.806848357791754
13:43:25,2412,8.806848357791754
13:43:26,2412,8.805692930986309
13:43:27,2412,8.805692930986309
13:43:28,2412,8.805692930986309
13:43:29,2412,8.805692930986309
13:43:30,2412,8.805692930986309
13:43:31,2412,8.803052528639284
13:43:32,2412,8.803052528639284
13:43:33,2412,8.800761066890098
13:43:34,2411,8.798624493785784
13:43:35,2411,8.798624493785784
13:43:36,2411,8.798624493785784
13:43:37,2411,8.796356783919599
13:43:38,2410,8.796327328585393
13:43:39,2410,8.796327328585393
13:43:40,2409,8.796494902946515
13:43:41,2409,8.796494902946515
13:43:42,2409,8.796494902946515
13:43:43,2409,8.796494902946515
13:43:44,2409,8.796494902946515
13:43:45,2409,8.796494902946515
13:43:46,2408,8.799315451243364
13:43:47,2408,8.799315451243364
13:43:48,2407,8.796996367700475
13:43:49,2407,8.796996367700475
13:43:50,2407,8.796996367700475
13:43:51,2406,8.794418832075998
13:43:52,2406,8.794418832075998
13:43:53,2406,8.794418832075998
13:43:54,2406,8.794418832075998
13:43:55,2406,8.791705069124424
13:43:56,2405,8.79196702989662
13:43:57,2405,8.79196702989662
13:43:58,2405,8.789163524647396
13:43:59,2404,8.791331377479743
13:44:00,2404,8.791331377479743
13:44:01,2404,8.794136967155834
13:44:02,2405,8.794136967155834
13:44:03,2405,8.794136967155834
13:44:04,2405,8.794136967155834
13:44:05,2405,8.791652696283878
13:44:06,2405,8.791652696283878
13:44:07,2405,8.791652696283878
13:44:08,2405,8.791652696283878
13:44:09,2406,8.791652696283878
13:44:10,2406,8.791652696283878
13:44:11,2405,8.794360587002096
13:44:12,2404,8.796483501118567
13:44:13,2404,8.796483501118567
13:44:14,2404,8.794227812718379
13:44:15,2404,8.794227812718379
13:44:16,2404,8.791631740709695
13:44:17,2404,8.790224828934505
13:44:18,2403,8.790199776473877
13:44:19,2404,8.790199776473877
13:44:20,2404,8.790199776473877
13:44:21,2404,8.790062893081762
13:44:22,2404,8.790062893081762
13:44:23,2404,8.787252025705504
13:44:24,2404,8.787252025705504
13:44:25,2404,8.787252025705504
13:44:26,2404,8.787252025705504
13:44:27,2404,8.787252025705504
13:44:28,2406,8.787252025705504
13:44:29,2406,8.787252025705504
13:44:30,2404,8.789939876957495
13:44:31,2404,8.789939876957495
13:44:32,2404,8.789939876957495
13:44:33,2404,8.789939876957495
13:44:34,2404,8.789939876957495
13:44:35,2404,8.789939876957495
13:44:36,2404,8.789939876957495
13:44:37,2404,8.787239692522713
13:44:38,2403,8.787248322147653
13:44:39,2402,8.787590883668905
13:44:40,2402,8.787590883668905
13:44:41,2402,8.787590883668905
13:44:42,2402,8.785234102026555
13:44:43,2402,8.785234102026555
13:44:44,2402,8.785234102026555
13:44:45,2401,8.782634521313765
13:44:46,2401,8.782634521313765
13:44:47,2401,8.782634521313765
13:44:48,2401,8.780294775076838
13:44:49,2401,8.780294775076838
13:44:50,2401,8.780294775076838
13:44:51,2401,8.780294775076838
13:44:52,2400,8.780545073375261
13:44:53,2400,8.780545073375261
13:44:54,2400,8.780545073375261
13:44:55,2400,8.780545073375261
13:44:56,2400,8.780545073375261
13:44:57,2400,8.780545073375261
13:44:58,2400,8.780545073375261
13:44:59,2400,8.780545073375261
13:45:00,2400,8.780545073375261
13:45:01,2400,8.780545073375261
13:45:02,2401,8.777835987706062
13:45:03,2401,8.777835987706062
13:45:04,2401,8.776253316575897
13:45:05,2401,8.776253316575897
13:45:06,2401,8.776253316575897
13:45:07,2400,8.776075719474713
13:45:08,2400,8.773718754363916
13:45:09,2399,8.773554065381392
13:45:10,2399,8.773554065381392
13:45:11,2399,8.773554065381392
13:45:12,2398,8.773298392732356
13:45:13,2398,8.773298392732356
13:45:14,2398,8.773298392732356
13:45:15,2398,8.773298392732356
13:45:16,2397,8.773231263982103
13:45:17,2397,8.773231263982103
13:45:18,2397,8.770866526904262
13:45:19,2396,8.768860936408107
13:45:20,2396,8.768860936408107
13:45:21,2396,8.768860936408107
13:45:22,2396,8.768860936408107
13:45:23,2396,8.768860936408107
13:45:24,2396,8.768860936408107
13:45:25,2396,8.768860936408107
13:45:26,2395,8.769029642058166
13:45:27,2395,8.769029642058166
13:45:28,2395,8.769029642058166
13:45:29,2395,8.769029642058166
13:45:30,2395,8.769029642058166
13:45:31,2395,8.769029642058166
13:45:32,2395,8.769029642058166
13:45:33,2395,8.769029642058166
13:45:34,2395,8.769029642058166
13:45:35,2395,8.769029642058166
13:45:36,2395,8.769029642058166
13:45:37,2395,8.769029642058166
13:45:38,2395,8.769029642058166
13:45:39,2395,8.769029642058166
13:45:40,2395,8.769029642058166
13:45:41,2395,8.769029642058166
13:45:42,2395,8.769029642058166
13:45:43,2395,8.769029642058166
13:45:44,2395,8.769029642058166
13:45:45,2395,8.769029642058166
13:45:46,2395,8.769029642058166
13:45:47,2396,8.769029642058166
13:45:48,2396,8.769029642058166
13:45:49,2396,8.769029642058166
13:45:50,2396,8.769029642058166
13:45:51,2396,8.769029642058166
13:45:52,2396,8.769029642058166
13:45:53,2397,8.769029642058166
13:45:54,2397,8.769029642058166
13:45:55,2397,8.769029642058166
13:45:56,2397,8.769029642058166
13:45:57,2396,8.766743568232663
13:45:58,2396,8.766743568232663
13:45:59,2395,8.766330955378375
13:46:00,2395,8.766330955378375
13:46:01,2395,8.765924993003077
13:46:02,2395,8.765924993003077
13:46:03,2395,8.765924993003077
13:46:04,2395,8.765924993003077
13:46:05,2395,8.765924993003077
13:46:06,2394,8.765623687526249
13:46:07,2394,8.765623687526249
13:46:08,2393,8.765427170868348
13:46:09,2393,8.765427170868348
13:46:10,2393,8.765427170868348
13:46:11,2393,8.765427170868348
13:46:12,2393,8.765427170868348
13:46:13,2394,8.765427170868348
13:46:14,2393,8.76533557517164
13:46:15,2393,8.762528011204482
13:46:16,2393,8.762528011204482
13:46:17,2393,8.762528011204482
13:46:18,2393,8.762528011204482
13:46:19,2392,8.76204287515763
13:46:20,2392,8.76204287515763
13:46:21,2392,8.76001400560224
13:46:22,2392,8.757314853702926
13:46:23,2392,8.754617968094038
13:46:24,2392,8.754617968094038
13:46:25,2392,8.754617968094038
13:46:26,2392,8.75216114141838
13:46:27,2392,8.75216114141838
13:46:28,2391,8.755079764903444
13:46:29,2391,8.755079764903444
13:46:30,2390,8.757874842503151
13:46:31,2391,8.757874842503151
13:46:32,2390,8.757906162464986
13:46:33,2390,8.757906162464986
13:46:34,2391,8.755102897942042
13:46:35,2391,8.755102897942042
13:46:36,2390,8.757913165266107
13:46:37,2390,8.757913165266107
13:46:38,2390,8.757913165266107
13:46:39,2390,8.757913165266107
13:46:40,2390,8.757913165266107
13:46:41,2390,8.757913165266107
13:46:42,2389,8.757650273224044
13:46:43,2389,8.754957983193277
13:46:44,2390,8.754957983193277
13:46:45,2390,8.754957983193277
13:46:46,2390,8.754957983193277
13:46:47,2389,8.757650273224044
13:46:48,2387,8.759802271771141
13:46:49,2387,8.759802271771141
13:46:50,2387,8.757106812447434
13:46:51,2387,8.757106812447434
13:46:52,2387,8.757106812447434
13:46:53,2386,8.759921469639602
13:46:54,2386,8.759921469639602
13:46:55,2385,8.759371492704826
13:46:56,2385,8.75678025522367
13:46:57,2385,8.75678025522367
13:46:58,2385,8.75678025522367
13:46:59,2386,8.75678025522367
13:47:00,2385,8.759490740740741
13:47:01,2385,8.759490740740741
13:47:02,2385,8.759490740740741
13:47:03,2385,8.759490740740741
13:47:04,2386,8.759490740740741
13:47:05,2387,8.759490740740741
13:47:06,2387,8.759490740740741
13:47:07,2386,8.759375438596491
13:47:08,2386,8.756565656565657
13:47:09,2386,8.756565656565657
13:47:10,2385,8.755971929824561
13:47:11,2385,8.755971929824561
13:47:12,2384,8.755251333894973
13:47:13,2384,8.755251333894973
13:47:14,2384,8.755251333894973
13:47:15,2384,8.755251333894973
13:47:16,2383,8.75495153813738
13:47:17,2383,8.75495153813738
13:47:18,2383,8.75495153813738
13:47:19,2383,8.75495153813738
13:47:20,2383,8.75495153813738
13:47:21,2383,8.75495153813738
13:47:22,2383,8.75495153813738
13:47:23,2383,8.75495153813738
13:47:24,2383,8.75495153813738
13:47:25,2383,8.75495153813738
13:47:26,2383,8.75495153813738
13:47:27,2383,8.75495153813738
13:47:28,2382,8.757426925238898
13:47:29,2382,8.757426925238898
13:47:30,2382,8.757426925238898
13:47:31,2381,8.756663854913539
13:47:32,2381,8.756663854913539
13:47:33,2381,8.756663854913539
13:47:34,2380,8.759381153305204
13:47:35,2380,8.759381153305204
13:47:36,2381,8.759381153305204
13:47:37,2381,8.759381153305204
13:47:38,2381,8.759381153305204
13:47:39,2379,8.760972691441442
13:47:40,2379,8.760972691441442
13:47:41,2378,8.763674130404167
13:47:42,2378,8.763674130404167
13:47:43,2378,8.763674130404167
13:47:44,2378,8.760747466216218
13:47:45,2377,8.760104210674552
13:47:46,2377,8.760104210674552
13:47:47,2376,8.762595097210482
13:47:48,2376,8.762595097210482
13:47:49,2375,8.76505285412262
13:47:50,2375,8.76505285412262
13:47:51,2375,8.76505285412262
13:47:52,2375,8.76505285412262
13:47:53,2375,8.76505285412262
13:47:54,2375,8.762235841081996
13:47:55,2375,8.762235841081996
13:47:56,2375,8.762235841081996
13:47:57,2375,8.762235841081996
13:47:58,2374,8.761374207188162
13:47:59,2375,8.761374207188162
13:48:00,2374,8.760483643542019
13:48:01,2374,8.760483643542019
13:48:02,2374,8.760483643542019
13:48:03,2374,8.760483643542019
13:48:04,2373,8.762977853011709
13:48:05,2373,8.762977853011709
13:48:06,2372,8.762891617273498
13:48:07,2372,8.762891617273498
13:48:08,2372,8.762891617273498
13:48:09,2372,8.762891617273498
13:48:10,2372,8.762891617273498
13:48:11,2371,8.762868840886629
13:48:12,2371,8.762868840886629
13:48:13,2371,8.762868840886629
13:48:14,2371,8.762868840886629
13:48:15,2371,8.762868840886629
13:48:16,2371,8.762868840886629
13:48:17,2371,8.762868840886629
13:48:18,2371,8.760033869602033
13:48:19,2370,8.759226316532542
13:48:20,2370,8.759226316532542
13:48:21,2371,8.756498729889923
13:48:22,2370,8.755562614711282
13:48:23,2370,8.755562614711282
13:48:24,2370,8.755562614711282
13:48:25,2370,8.755562614711282
13:48:26,2370,8.755562614711282
13:48:27,2370,8.755562614711282
13:48:28,2369,8.75805790960452
13:48:29,2369,8.75805790960452
13:48:30,2368,8.76020912816165
13:48:31,2368,8.76020912816165
13:48:32,2367,8.76241871642635
13:48:33,2367,8.76241871642635
13:48:34,2367,8.76241871642635
13:48:35,2367,8.76241871642635
13:48:36,2367,8.76241871642635
13:48:37,2367,8.76241871642635
13:48:38,2367,8.759573265507983
13:48:39,2367,8.759573265507983
13:48:40,2367,8.759573265507983
13:48:41,2367,8.759573265507983
13:48:42,2367,8.759573265507983
13:48:43,2366,8.761733107152955
13:48:44,2366,8.761733107152955
13:48:45,2365,8.762275491443924
13:48:46,2364,8.764565647990944
13:48:47,2364,8.764565647990944
13:48:48,2364,8.764565647990944
13:48:49,2363,8.763872382569327
13:48:50,2363,8.763872382569327
13:48:51,2362,8.762809624911537
13:48:52,2362,8.762809624911537
13:48:53,2362,8.762809624911537
13:48:54,2361,8.765109034267912
13:48:55,2361,8.763989233602494
13:48:56,2361,8.763989233602494
13:48:57,2361,8.763989233602494
13:48:58,2361,8.763989233602494
13:48:59,2361,8.762925170068028
13:49:00,2361,8.762925170068028
13:49:01,2361,8.762925170068028
13:49:02,2361,8.762925170068028
13:49:03,2360,8.7634907131717
13:49:04,2361,8.7634907131717
13:49:05,2360,8.762937756982843
13:49:06,2360,8.762937756982843
13:49:07,2360,8.762937756982843
13:49:08,2359,8.76140425531915
13:49:09,2359,8.76140425531915
13:49:10,2357,8.76254258943782
13:49:11,2357,8.76254258943782
13:49:12,2358,8.76254258943782
13:49:13,2358,8.76254258943782
13:49:14,2358,8.76254258943782
13:49:15,2358,8.76254258943782
13:49:16,2359,8.76254258943782
13:49:17,2359,8.76254258943782
13:49:18,2359,8.76254258943782
13:49:19,2359,8.764756426643942
13:49:20,2359,8.764756426643942
13:49:21,2359,8.764756426643942
13:49:22,2359,8.766865586814436
13:49:23,2359,8.766865586814436
13:49:24,2359,8.766865586814436
13:49:25,2358,8.769147121535182
13:49:26,2357,8.769190841865758
13:49:27,2357,8.766453447050461
13:49:28,2357,8.766453447050461
13:49:29,2358,8.766453447050461
13:49:30,2358,8.766453447050461
13:49:31,2358,8.766453447050461
13:49:32,2358,8.766453447050461
13:49:33,2358,8.766453447050461
13:49:34,2358,8.766453447050461
13:49:35,2358,8.766453447050461
13:49:36,2358,8.766453447050461
13:49:37,2357,8.766965301478955
13:49:38,2357,8.766965301478955
13:49:39,2357,8.766965301478955
13:49:40,2357,8.766965301478955
13:49:41,2356,8.766225636648171
13:49:42,2356,8.766225636648171
13:49:43,2356,8.766225636648171
13:49:44,2354,8.766972803645166
13:49:45,2354,8.766972803645166
13:49:46,2354,8.766972803645166
13:49:47,2354,8.766972803645166
13:49:48,2353,8.765819088319088
13:49:49,2353,8.765819088319088
13:49:50,2353,8.765819088319088
13:49:51,2353,8.765819088319088
13:49:52,2354,8.765819088319088
13:49:53,2354,8.765819088319088
13:49:54,2354,8.765819088319088
13:49:55,2354,8.767657118426678
13:49:56,2354,8.767657118426678
13:49:57,2354,8.765135327635328
13:49:58,2353,8.765141798489383
13:49:59,2352,8.764385514684916
13:50:00,2352,8.764385514684916
13:50:01,2352,8.76433461703038
13:50:02,2351,8.76628852739726
13:50:03,2351,8.76628852739726
13:50:04,2352,8.76628852739726
13:50:05,2352,8.76628852739726
13:50:06,2352,8.76628852739726
13:50:07,2352,8.76628852739726
13:50:08,2352,8.76628852739726
13:50:09,2352,8.76628852739726
13:50:10,2352,8.76628852739726
13:50:11,2352,8.76628852739726
13:50:12,2352,8.76628852739726
13:50:13,2352,8.768279800142755
13:50:14,2352,8.768279800142755
13:50:15,2351,8.770144244501571
13:50:16,2350,8.772053150450065
13:50:17,2350,8.772053150450065
13:50:18,2350,8.772053150450065
13:50:19,2349,8.773652223652224
13:50:20,2349,8.773652223652224
13:50:21,2349,8.770897655803315
13:50:22,2349,8.770897655803315
13:50:23,2349,8.770897655803315
13:50:24,2350,8.770897655803315
13:50:25,2351,8.770897655803315
13:50:26,2352,8.770897655803315
13:50:27,2352,8.76803114730676
13:50:28,2352,8.76803114730676
13:50:29,2351,8.76986134934248
13:50:30,2351,8.76986134934248
13:50:31,2351,8.76986134934248
13:50:32,2350,8.769841269841269
13:50:33,2350,8.769841269841269
13:50:34,2349,8.771666666666667
13:50:35,2349,8.771666666666667
13:50:36,2349,8.771666666666667
13:50:37,2348,8.771497065979677
13:50:38,2348,8.771497065979677
13:50:39,2348,8.771497065979677
13:50:40,2347,8.771055269186713
13:50:41,2347,8.771055269186713
13:50:42,2347,8.77172324881822
13:50:43,2347,8.77172324881822
13:50:44,2347,8.77172324881822
13:50:45,2347,8.77172324881822
13:50:46,2347,8.77172324881822
13:50:47,2347,8.77172324881822
13:50:48,2345,8.773139784946236
13:50:49,2346,8.773139784946236
13:50:50,2347,8.773139784946236
13:50:51,2347,8.773139784946236
13:50:52,2347,8.77305651176133
13:50:53,2347,8.77305651176133
13:50:54,2346,8.774476026414012
13:50:55,2346,8.774476026414012
13:50:56,2347,8.774476026414012
13:50:57,2347,8.774476026414012
13:50:58,2347,8.776080712336636
13:50:59,2347,8.776080712336636
13:51:00,2347,8.776080712336636
13:51:01,2346,8.777327586206896
13:51:02,2346,8.777327586206896
13:51:03,2346,8.777327586206896
13:51:04,2346,8.777327586206896
13:51:05,2346,8.77900675578554
13:51:06,2347,8.77900675578554
13:51:07,2347,8.77900675578554
13:51:08,2346,8.778789186079955
13:51:09,2346,8.778789186079955
13:51:10,2345,8.779074953244137
13:51:11,2346,8.779074953244137
13:51:12,2346,8.779074953244137
13:51:13,2346,8.779074953244137
13:51:14,2346,8.779074953244137
13:51:15,2346,8.779074953244137
13:51:16,2346,8.779074953244137
13:51:17,2346,8.779074953244137
13:51:18,2345,8.780620322394933
13:51:19,2345,8.780620322394933
13:51:20,2345,8.780620322394933
13:51:21,2344,8.782159827213823
13:51:22,2344,8.782159827213823
13:51:23,2344,8.782159827213823
13:51:24,2343,8.783751080380293
13:51:25,2343,8.780964722822175
13:51:26,2343,8.780964722822175
13:51:27,2343,8.780964722822175
13:51:28,2343,8.780964722822175
13:51:29,2343,8.780964722822175
13:51:30,2342,8.777609791216701
13:51:31,2342,8.77493523316062
13:51:32,2342,8.77493523316062
13:51:33,2342,8.77493523316062
13:51:34,2342,8.77493523316062
13:51:35,2343,8.77493523316062
13:51:36,2343,8.772270176952956
13:51:37,2343,8.772270176952956
13:51:38,2343,8.769406097210238
13:51:39,2343,8.769406097210238
13:51:40,2342,8.770925046755861
13:51:41,2342,8.770925046755861
13:51:42,2341,8.770329591249281
13:51:43,2340,8.771857451403887
13:51:44,2340,8.771857451403887
13:51:45,2339,8.771910112359551
13:51:46,2339,8.768912886969042
13:51:47,2339,8.768912886969042
13:51:48,2339,8.768912886969042
13:51:49,2339,8.768912886969042
13:51:50,2339,8.768912886969042
13:51:51,2339,8.768912886969042
13:51:52,2339,8.768912886969042
13:51:53,2339,8.768912886969042
13:51:54,2338,8.770260731777586
13:51:55,2338,8.770260731777586
13:51:56,2337,8.770766681077964
13:51:57,2337,8.770766681077964
13:51:58,2336,8.772051614763551
13:51:59,2335,8.772053944901197
13:52:00,2335,8.772053944901197
13:52:01,2335,8.769420415224914
13:52:02,2335,8.769420415224914
13:52:03,2335,8.769420415224914
13:52:04,2336,8.769420415224914
13:52:05,2336,8.769420415224914
13:52:06,2335,8.770438482619358
13:52:07,2335,8.770438482619358
13:52:08,2334,8.771709956709957
13:52:09,2334,8.771709956709957
13:52:10,2334,8.771709956709957
13:52:11,2334,8.771709956709957
13:52:12,2334,8.771709956709957
13:52:13,2333,8.77297531398874
13:52:14,2333,8.77297531398874
13:52:15,2333,8.77297531398874
13:52:16,2333,8.77297531398874
13:52:17,2333,8.77297531398874
13:52:18,2333,8.77297531398874
13:52:19,2333,8.77297531398874
13:52:20,2333,8.77297531398874
13:52:21,2332,8.772198151357596
13:52:22,2332,8.769763245272124
13:52:23,2331,8.770898324667822
13:52:24,2331,8.770898324667822
13:52:25,2331,8.770898324667822
13:52:26,2331,8.768463981521583
13:52:27,2331,8.768463981521583
13:52:28,2330,8.769721259387637
13:52:29,2330,8.769721259387637
13:52:30,2329,8.767273252455228
13:52:31,2329,8.767273252455228
13:52:32,2329,8.767273252455228
13:52:33,2329,8.767273252455228
13:52:34,2329,8.767273252455228
13:52:35,2329,8.767273252455228
13:52:36,2329,8.767273252455228
13:52:37,2329,8.767273252455228
13:52:38,2329,8.767273252455228
13:52:39,2330,8.764479572686588
13:52:40,2330,8.764479572686588
13:52:41,2330,8.764479572686588
13:52:42,2330,8.764479572686588
13:52:43,2329,8.76564846909301
13:52:44,2329,8.76564846909301
13:52:45,2329,8.76564846909301
13:52:46,2329,8.76564846909301
13:52:47,2329,8.765200115590233
13:52:48,2328,8.763444588932234
13:52:49,2327,8.763479329285921
13:52:50,2327,8.76103886721572
13:52:51,2326,8.762019369760047
13:52:52,2326,8.762019369760047
13:52:53,2326,8.762019369760047
13:52:54,2326,8.762019369760047
13:52:55,2326,8.762019369760047
13:52:56,2325,8.763579175704988
13:52:57,2325,8.75843808698165
13:52:58,2325,8.75843808698165
13:52:59,2324,8.75654529692241
13:53:00,2324,8.75654529692241
13:53:01,2324,8.75654529692241
13:53:02,2324,8.75654529692241
13:53:03,2324,8.753661178509532
13:53:04,2323,8.751473136915077
13:53:05,2323,8.751473136915077
13:53:06,2323,8.751473136915077
13:53:07,2322,8.751004190145933
13:53:08,2322,8.751004190145933
13:53:09,2321,8.751221451286499
13:53:10,2321,8.751221451286499
13:53:11,2320,8.747896790980052
13:53:12,2320,8.747896790980052
13:53:13,2320,8.747896790980052
13:53:14,2320,8.747896790980052
13:53:15,2320,8.747896790980052
13:53:16,2319,8.74873463485177
13:53:17,2319,8.74873463485177
13:53:18,2319,8.74873463485177
13:53:19,2319,8.74595258745302
13:53:20,2319,8.74595258745302
13:53:21,2318,8.747158351409979
13:53:22,2317,8.745726681127984
13:53:23,2317,8.745726681127984
13:53:24,2316,8.746889467592592
13:53:25,2316,8.746889467592592
13:53:26,2316,8.746889467592592
13:53:27,2316,8.746889467592592
13:53:28,2316,8.746889467592592
13:53:29,2317,8.746889467592592
13:53:30,2317,8.746889467592592
13:53:31,2317,8.746889467592592
13:53:32,2317,8.746889467592592
13:53:33,2317,8.746889467592592
13:53:34,2317,8.747713127804312
13:53:35,2317,8.747713127804312
13:53:36,2317,8.747713127804312
13:53:37,2317,8.747713127804312
13:53:38,2318,8.744798900462964
13:53:39,2318,8.744798900462964
13:53:40,2317,8.745484151107252
13:53:41,2316,8.7454966695627
13:53:42,2316,8.7454966695627
13:53:43,2316,8.7454966695627
13:53:44,2316,8.7454966695627
13:53:45,2316,8.7454966695627
13:53:46,2316,8.7454966695627
13:53:47,2315,8.74409933391254
13:53:48,2315,8.74409933391254
13:53:49,2315,8.74409933391254
13:53:50,2315,8.74409933391254
13:53:51,2316,8.74409933391254
13:53:52,2315,8.744835578733882
13:53:53,2315,8.744835578733882
13:53:54,2313,8.743152173913044
13:53:55,2313,8.743152173913044
13:53:56,2311,8.745104438642297
13:53:57,2311,8.745104438642297
13:53:58,2311,8.745104438642297
13:53:59,2311,8.745104438642297
13:54:00,2311,8.745104438642297
13:54:01,2310,8.744405746626034
13:54:02,2310,8.744405746626034
13:54:03,2311,8.744405746626034
13:54:04,2310,8.745506678281068
13:54:05,2310,8.745506678281068
13:54:06,2309,8.746165577342047
13:54:07,2309,8.743967770034844
13:54:08,2308,8.744553376906318
13:54:09,2308,8.744553376906318
13:54:10,2308,8.744553376906318
13:54:11,2306,8.743860796280151
13:54:12,2306,8.743860796280151
13:54:13,2306,8.743860796280151
13:54:14,2305,8.744628579735426
13:54:15,2305,8.742182505085731
13:54:16,2305,8.742182505085731
13:54:17,2305,8.742182505085731
13:54:18,2305,8.742182505085731
13:54:19,2305,8.742182505085731
13:54:20,2304,8.743385666521297
13:54:21,2304,8.741455972101134
13:54:22,2304,8.741455972101134
13:54:23,2304,8.741455972101134
13:54:24,2304,8.741455972101134
13:54:25,2304,8.741455972101134
13:54:26,2304,8.741455972101134
13:54:27,2304,8.741455972101134
13:54:28,2304,8.741455972101134
13:54:29,2305,8.741455972101134
13:54:30,2305,8.741455972101134
13:54:31,2304,8.74146678296264
13:54:32,2304,8.74146678296264
13:54:33,2304,8.74146678296264
13:54:34,2304,8.74146678296264
13:54:35,2304,8.74146678296264
13:54:36,2305,8.74146678296264
13:54:37,2305,8.74146678296264
13:54:38,2305,8.74146678296264
13:54:39,2305,8.739298169136879
13:54:40,2305,8.739298169136879
13:54:41,2304,8.740136647768571
13:54:42,2304,8.740136647768571
13:54:43,2304,8.740136647768571
13:54:44,2302,8.741437509093554
13:54:45,2302,8.741437509093554
13:54:46,2300,8.742951798456385
13:54:47,2300,8.742951798456385
13:54:48,2300,8.742951798456385
13:54:49,2299,8.744077797202797
13:54:50,2299,8.744077797202797
13:54:51,2299,8.744077797202797
13:54:52,2298,8.7450444541612
13:54:53,2299,8.7450444541612
13:54:54,2299,8.7450444541612
13:54:55,2299,8.7450444541612
13:54:56,2299,8.7450444541612
13:54:57,2299,8.7450444541612
13:54:58,2298,8.74530475357247
13:54:59,2298,8.74530475357247
13:55:00,2298,8.74530475357247
13:55:01,2298,8.74530475357247
13:55:02,2298,8.74530475357247
13:55:03,2298,8.74530475357247
13:55:04,2297,8.746083150984683
13:55:05,2297,8.746083150984683
13:55:06,2297,8.746083150984683
13:55:07,2296,8.745417396380619
13:55:08,2296,8.742611232676877
13:55:09,2295,8.743607705779334
13:55:10,2295,8.743607705779334
13:55:11,2295,8.743607705779334
13:55:12,2295,8.743607705779334
13:55:13,2295,8.743607705779334
13:55:14,2294,8.742644483362522
13:55:15,2294,8.742644483362522
13:55:16,2294,8.73995623632385
13:55:17,2294,8.73995623632385
13:55:18,2294,8.73995623632385
13:55:19,2293,8.74068884997081
13:55:20,2293,8.74068884997081
13:55:21,2293,8.74068884997081
13:55:22,2292,8.741465907431742
13:55:23,2290,8.743686979395001
13:55:24,2290,8.743686979395001
13:55:25,2290,8.743686979395001
13:55:26,2290,8.743686979395001
13:55:27,2290,8.743686979395001
13:55:28,2290,8.743686979395001
13:55:29,2290,8.743686979395001
13:55:30,2289,8.744480994152047
13:55:31,2289,8.744480994152047
13:55:32,2289,8.744480994152047
13:55:33,2289,8.744480994152047
13:55:34,2288,8.744566330261812
13:55:35,2289,8.744566330261812
13:55:36,2289,8.744566330261812
13:55:37,2288,8.7455589698566
13:55:38,2288,8.7455589698566
13:55:39,2287,8.746010832967356
13:55:40,2287,8.746010832967356
13:55:41,2287,8.746010832967356
13:55:42,2287,8.743071407667545
13:55:43,2287,8.744071146245059
13:55:44,2287,8.744071146245059
13:55:45,2287,8.744071146245059
13:55:46,2287,8.744071146245059
13:55:47,2287,8.744071146245059
13:55:48,2287,8.744071146245059
13:55:49,2288,8.744071146245059
13:55:50,2288,8.74125695054141
13:55:51,2288,8.74125695054141
13:55:52,2288,8.74125695054141
13:55:53,2287,8.740806616893574
13:55:54,2288,8.737986537898742
13:55:55,2288,8.734964165569695
13:55:56,2287,8.735564822944102
13:55:57,2287,8.732645897323387
13:55:58,2286,8.733552824114721
13:55:59,2286,8.733874981701069
13:56:00,2286,8.733874981701069
13:56:01,2286,8.733874981701069
13:56:02,2287,8.733874981701069
13:56:03,2285,8.735355311355312
13:56:04,2285,8.735355311355312
13:56:05,2285,8.735355311355312
13:56:06,2285,8.733714118336263
13:56:07,2285,8.733714118336263
13:56:08,2285,8.734424908424907
13:56:09,2285,8.734424908424907
13:56:10,2284,8.735209615948403
13:56:11,2283,8.736097668279806
13:56:12,2283,8.736097668279806
13:56:13,2283,8.736097668279806
13:56:14,2282,8.736898474178405
13:56:15,2282,8.736898474178405
13:56:16,2282,8.736898474178405
13:56:17,2282,8.736898474178405
13:56:18,2283,8.736898474178405
13:56:19,2283,8.736898474178405
13:56:20,2283,8.736898474178405
13:56:21,2282,8.737567884925877
13:56:22,2283,8.737567884925877
13:56:23,2282,8.737298091042584
13:56:24,2282,8.737298091042584
13:56:25,2281,8.738034376377259
13:56:26,2280,8.738639035861258
13:56:27,2280,8.738639035861258
13:56:28,2280,8.738639035861258
13:56:29,2280,8.738639035861258
13:56:30,2280,8.738639035861258
13:56:31,2281,8.738639035861258
13:56:32,2281,8.738639035861258
13:56:33,2281,8.738639035861258
13:56:34,2281,8.738639035861258
13:56:35,2281,8.735705890994563
13:56:36,2281,8.735705890994563
13:56:37,2282,8.735705890994563
13:56:38,2281,8.736368312757202
13:56:39,2281,8.736368312757202
13:56:40,2280,8.73693574474342
13:56:41,2280,8.73693574474342
13:56:42,2279,8.737775816416592
13:56:43,2279,8.737775816416592
13:56:44,2277,8.738405477031801
13:56:45,2278,8.738405477031801
13:56:46,2278,8.738405477031801
13:56:47,2278,8.738405477031801
13:56:48,2278,8.738405477031801
13:56:49,2277,8.738378258948298
13:56:50,2277,8.738378258948298
13:56:51,2278,8.738378258948298
13:56:52,2278,8.738378258948298
13:56:53,2278,8.738378258948298
13:56:54,2278,8.738378258948298
13:56:55,2278,8.738378258948298
13:56:56,2278,8.738378258948298
13:56:57,2279,8.738378258948298
13:56:58,2279,8.738378258948298
13:56:59,2279,8.738378258948298
13:57:00,2279,8.738378258948298
13:57:01,2278,8.73876363100501
13:57:02,2278,8.73876363100501
13:57:03,2278,8.739407341884121
13:57:04,2277,8.740066371681417
13:57:05,2277,8.740066371681417
13:57:06,2277,8.740066371681417
13:57:07,2277,8.740066371681417
13:57:08,2277,8.740066371681417
13:57:09,2277,8.740066371681417
13:57:10,2277,8.740066371681417
13:57:11,2277,8.73733598702639
13:57:12,2276,8.737868731563422
13:57:13,2276,8.737868731563422
13:57:14,2275,8.735449852507374
13:57:15,2275,8.735449852507374
13:57:16,2274,8.734838424081453
13:57:17,2274,8.734838424081453
13:57:18,2274,8.734838424081453
13:57:19,2274,8.734838424081453
13:57:20,2275,8.734838424081453
13:57:21,2275,8.734838424081453
13:57:22,2275,8.734838424081453
13:57:23,2275,8.734838424081453
13:57:24,2275,8.734838424081453
13:57:25,2275,8.734838424081453
13:57:26,2275,8.734838424081453
13:57:27,2276,8.734838424081453
13:57:28,2276,8.734838424081453
13:57:29,2275,8.735178624151166
13:57:30,2275,8.735178624151166
13:57:31,2275,8.735178624151166
13:57:32,2273,8.736125886524823
13:57:33,2273,8.736125886524823
13:57:34,2272,8.735957132298596
13:57:35,2271,8.736320615202603
13:57:36,2271,8.736320615202603
13:57:37,2270,8.736884154460718
13:57:38,2270,8.736884154460718
13:57:39,2270,8.736884154460718
13:57:40,2270,8.736884154460718
13:57:41,2269,8.737314979277679
13:57:42,2269,8.734368989495488
13:57:43,2269,8.734368989495488
13:57:44,2268,8.734561870929545
13:57:45,2268,8.734561870929545
13:57:46,2268,8.734561870929545
13:57:47,2267,8.73481415667111
13:57:48,2267,8.73481415667111
13:57:49,2266,8.732015400562712
13:57:50,2266,8.732015400562712
13:57:51,2266,8.732015400562712
13:57:52,2266,8.732333333333335
13:57:53,2265,8.729607407407407
13:57:54,2266,8.729607407407407
13:57:55,2265,8.727207407407407
13:57:56,2265,8.727207407407407
13:57:57,2265,8.727207407407407
13:57:58,2266,8.727207407407407
13:57:59,2266,8.727207407407407
13:58:00,2266,8.727207407407407
13:58:01,2267,8.724263290389455
13:58:02,2267,8.724263290389455
13:58:03,2266,8.724651851851853
13:58:04,2266,8.724588706091597
13:58:05,2266,8.724588706091597
13:58:06,2266,8.724588706091597
13:58:07,2266,8.724243772241994
13:58:08,2266,8.724243772241994
13:58:09,2267,8.72117978360753
13:58:10,2268,8.72117978360753
13:58:11,2268,8.72117978360753
13:58:12,2267,8.7214709371293
13:58:13,2267,8.7214709371293
13:58:14,2267,8.7214709371293
13:58:15,2268,8.7214709371293
13:58:16,2268,8.721435988725709
13:58:17,2268,8.721435988725709
13:58:18,2268,8.721435988725709
13:58:19,2268,8.721435988725709
13:58:20,2268,8.721435988725709
13:58:21,2267,8.71868417148791
13:58:22,2266,8.719130305728703
13:58:23,2266,8.719130305728703
13:58:24,2266,8.719130305728703
13:58:25,2266,8.719130305728703
13:58:26,2266,8.719130305728703
13:58:27,2266,8.719130305728703
13:58:28,2266,8.719130305728703
13:58:29,2265,8.719547141796586
13:58:30,2265,8.719547141796586
13:58:31,2265,8.719547141796586
13:58:32,2266,8.719547141796586
13:58:33,2266,8.719547141796586
13:58:34,2266,8.719547141796586
13:58:35,2267,8.719547141796586
13:58:36,2266,8.7194890077243
13:58:37,2266,8.7194890077243
13:58:38,2265,8.719757764898201
13:58:39,2265,8.719757764898201
13:58:40,2265,8.719757764898201
13:58:41,2264,8.719603033006244
13:58:42,2264,8.719603033006244
13:58:43,2263,8.719857206604194
13:58:44,2264,8.717016057091882
13:58:45,2264,8.717016057091882
13:58:46,2263,8.71697159006396
13:58:47,2263,8.714042521558133
13:58:48,2262,8.714390896921019
13:58:49,2262,8.714390896921019
13:58:50,2262,8.714390896921019
13:58:51,2262,8.714390896921019
13:58:52,2262,8.714390896921019
13:58:53,2262,8.714390896921019
13:58:54,2262,8.714390896921019
13:58:55,2261,8.71407738095238
13:58:56,2261,8.71407738095238
13:58:57,2260,8.713696590739914
13:58:58,2259,8.713591003872505
13:58:59,2258,8.71358217851289
13:59:00,2258,8.71358217851289
13:59:01,2257,8.713498807394156
13:59:02,2256,8.7137956748695
13:59:03,2256,8.710830351818723
13:59:04,2256,8.710830351818723
13:59:05,2256,8.710830351818723
13:59:06,2256,8.710830351818723
13:59:07,2256,8.710830351818723
13:59:08,2255,8.707729576624926
13:59:09,2255,8.707729576624926
13:59:10,2255,8.707729576624926
13:59:11,2255,8.704656534048578
13:59:12,2256,8.704656534048578
13:59:13,2255,8.704598986285031
13:59:14,2255,8.704598986285031
13:59:15,2255,8.704598986285031
13:59:16,2254,8.70468307233408
13:59:17,2253,8.7045359594151
13:59:18,2253,8.702050708426547
13:59:19,2253,8.702050708426547
13:59:20,2253,8.702050708426547
13:59:21,2252,8.702021784541929
13:59:22,2252,8.699291573452648
13:59:23,2252,8.699291573452648
13:59:24,2252,8.699291573452648
13:59:25,2253,8.696451997614789
13:59:26,2253,8.696451997614789
13:59:27,2253,8.696451997614789
13:59:28,2252,8.696040268456377
13:59:29,2252,8.696040268456377
13:59:30,2251,8.695784840346166
13:59:31,2251,8.695784840346166
13:59:32,2251,8.695784840346166
13:59:33,2252,8.695784840346166
13:59:34,2252,8.695784840346166
13:59:35,2252,8.695784840346166
13:59:36,2252,8.695784840346166
13:59:37,2251,8.69608896850276
13:59:38,2251,8.69608896850276
13:59:39,2252,8.69608896850276
13:59:40,2252,8.69608896850276
13:59:41,2252,8.69608896850276
13:59:42,2252,8.69608896850276
13:59:43,2252,8.69608896850276
13:59:44,2250,8.695323472284477
13:59:45,2250,8.695323472284477
13:59:46,2250,8.695323472284477
13:59:47,2249,8.695538116591928
13:59:48,2249,8.695538116591928
13:59:49,2248,8.692070254110613
13:59:50,2248,8.692070254110613
13:59:51,2247,8.692403170330492
13:59:52,2246,8.69216038300419
13:59:53,2246,8.69216038300419
13:59:54,2246,8.69216038300419
13:59:55,2246,8.69216038300419
13:59:56,2246,8.69216038300419
13:59:57,2246,8.69216038300419
13:59:58,2245,8.691498278700793
13:59:59,2245,8.691498278700793
14:00:00,2245,8.691498278700793
14:00:01,2244,8.688280197575214
14:00:02,2244,8.688280197575214
14:00:03,2244,8.685308198683423
14:00:04,2244,8.685308198683423
14:00:05,2244,8.685308198683423
14:00:06,2244,8.685308198683423
14:00:07,2243,8.68179233991622
14:00:08,2243,8.68179233991622
14:00:09,2243,8.68179233991622
14:00:10,2243,8.68179233991622
14:00:11,2242,8.681627001945817
14:00:12,2242,8.678770197486534
14:00:13,2242,8.678770197486534
14:00:14,2243,8.678770197486534
14:00:15,2243,8.67592343352774
14:00:16,2243,8.67592343352774
14:00:17,2244,8.67592343352774
14:00:18,2243,8.675216935966487
14:00:19,2243,8.675216935966487
14:00:20,2242,8.67461457865589
14:00:21,2241,8.674850254567236
14:00:22,2242,8.672002694207455
14:00:23,2242,8.672002694207455
14:00:24,2241,8.671638215034442
14:00:25,2241,8.671638215034442
14:00:26,2241,8.668463611859838
14:00:27,2241,8.668463611859838
14:00:28,2241,8.668463611859838
14:00:29,2241,8.668463611859838
14:00:30,2242,8.668463611859838
14:00:31,2242,8.668463611859838
14:00:32,2242,8.668463611859838
14:00:33,2241,8.668239700374532
14:00:34,2241,8.668239700374532
14:00:35,2241,8.668239700374532
14:00:36,2241,8.668239700374532
14:00:37,2241,8.668239700374532
14:00:38,2241,8.665401317759807
14:00:39,2240,8.664479400749064
14:00:40,2240,8.664479400749064
14:00:41,2239,8.664388489208632
14:00:42,2239,8.664388489208632
14:00:43,2239,8.664388489208632
14:00:44,2239,8.664388489208632
14:00:45,2239,8.664388489208632
14:00:46,2239,8.664388489208632
14:00:47,2238,8.663525266156846
14:00:48,2238,8.663525266156846
14:00:49,2238,8.663525266156846
14:00:50,2238,8.663525266156846
14:00:51,2237,8.662496249624962
14:00:52,2237,8.662496249624962
14:00:53,2236,8.662261743959176
14:00:54,2235,8.661554054054054
14:00:55,2235,8.661554054054054
14:00:56,2234,8.661378999549347
14:00:57,2234,8.661378999549347
14:00:58,2233,8.660828073339344
14:00:59,2233,8.660828073339344
14:01:00,2233,8.660828073339344
14:01:01,2231,8.659882671480144
14:01:02,2231,8.659882671480144
14:01:03,2231,8.659882671480144
14:01:04,2231,8.659882671480144
14:01:05,2231,8.657029018192754
14:01:06,2231,8.657029018192754
14:01:07,2230,8.656084536702767
14:01:08,2230,8.653518267929634
14:01:09,2230,8.65095431319507
14:01:10,2230,8.65095431319507
14:01:11,2229,8.649954894000903
14:01:12,2229,8.649954894000903
14:01:13,2229,8.649954894000903
14:01:14,2229,8.649954894000903
14:01:15,2229,8.649954894000903
14:01:16,2228,8.649518652226233
14:01:17,2228,8.649518652226233
14:01:18,2228,8.649518652226233
