11:00:00,0,0.0
11:00:01,0,0.0
11:00:02,0,0.0
11:00:03,0,0.0
11:00:04,0,0.0
11:00:05,0,0.0
11:00:06,0,0.0
11:00:07,0,0.0
11:00:08,0,0.0
11:00:09,0,0.0
11:00:10,0,0.0
11:00:11,0,0.0
11:00:12,0,0.0
11:00:13,0,0.0
11:00:14,0,0.0
11:00:15,0,0.0
11:00:16,0,0.0
11:00:17,0,0.0
11:00:18,0,0.0
11:00:19,0,0.0
11:00:20,0,0.0
11:00:21,0,0.0
11:00:22,0,0.0
11:00:23,0,0.0
11:00:24,0,0.0
11:00:25,0,0.0
11:00:26,0,0.0
11:00:27,1,0.0
11:00:28,2,0.0
11:00:29,3,0.0
11:00:30,3,0.0
11:00:31,4,0.0
11:00:32,5,0.0
11:00:33,6,0.0
11:00:34,6,0.0
11:00:35,7,0.0
11:00:36,8,0.0
11:00:37,9,0.0
11:00:38,9,0.0
11:00:39,11,0.0
11:00:40,13,0.0
11:00:41,13,0.0
11:00:42,13,0.0
11:00:43,15,0.0
11:00:44,16,0.0
11:00:45,16,0.0
11:00:46,16,0.0
11:00:47,19,0.0
11:00:48,19,0.0
11:00:49,19,0.0
11:00:50,20,0.0
11:00:51,22,0.0
11:00:52,22,0.0
11:00:53,23,0.0
11:00:54,24,0.0
11:00:55,25,0.0
11:00:56,25,0.0
11:00:57,25,0.0
11:00:58,27,0.0
11:00:59,28,0.0
11:01:00,29,0.0
11:01:01,30,0.0
11:01:02,30,0.0
11:01:03,32,0.0
11:01:04,33,0.0
11:01:05,33,0.0
11:01:06,34,0.0
11:01:07,35,0.0
11:01:08,35,0.0
11:01:09,35,0.0
11:01:10,37,0.0
11:01:11,37,0.0
11:01:12,38,0.0
11:01:13,38,0.0
11:01:14,38,0.0
11:01:15,39,0.0
11:01:16,39,0.0
11:01:17,39,0.0
11:01:18,42,0.0
11:01:19,42,0.0
11:01:20,43,0.0
11:01:21,43,0.0
11:01:22,43,0.0
11:01:23,46,0.0
11:01:24,46,0.0
11:01:25,46,0.0
11:01:26,46,0.0
11:01:27,48,0.0
11:01:28,48,0.0
11:01:29,50,0.0
11:01:30,50,0.0
11:01:31,51,0.0
11:01:32,51,0.0
11:01:33,53,0.0
11:01:34,54,0.0
11:01:35,55,0.0
11:01:36,55,0.0
11:01:37,56,0.0
11:01:38,56,0.0
11:01:39,57,0.0
11:01:40,59,0.0
11:01:41,59,0.0
11:01:42,60,0.0
11:01:43,62,0.0
11:01:44,63,0.0
11:01:45,63,0.0
11:01:46,65,0.0
11:01:47,66,0.0
11:01:48,66,0.0
11:01:49,66,0.0
11:01:50,69,0.0
11:01:51,69,0.0
11:01:52,70,0.0
11:01:53,71,0.0
11:01:54,72,0.0
11:01:55,73,0.0
11:01:56,75,0.0
11:01:57,75,0.0
11:01:58,75,0.0
11:01:59,77,0.0
11:02:00,78,0.0
11:02:01,78,0.0
11:02:02,80,0.0
11:02:03,81,0.0
11:02:04,81,0.0
11:02:05,81,0.0
11:02:06,82,0.0
11:02:07,83,0.0
11:02:08,83,0.0
11:02:09,83,0.0
11:02:10,83,0.0
11:02:11,84,0.0
11:02:12,85,0.0
11:02:13,85,0.0
11:02:14,85,0.0
11:02:15,86,0.0
11:02:16,86,0.0
11:02:17,87,0.0
11:02:18,88,0.0
11:02:19,88,0.0
11:02:20,88,0.0
11:02:21,88,0.0
11:02:22,89,0.0
11:02:23,89,0.0
11:02:24,90,0.0
11:02:25,91,1.8166666666666667
11:02:26,91,1.8166666666666667
11:02:27,91,1.8166666666666667
11:02:28,92,1.8166666666666667
11:02:29,92,1.8166666666666667
11:02:30,93,1.8166666666666667
11:02:31,94,1.8166666666666667
11:02:32,94,1.8166666666666667
11:02:33,94,1.8166666666666667
11:02:34,95,1.8166666666666667
11:02:35,95,1.8166666666666667
11:02:36,95,1.8166666666666667
11:02:37,96,1.8166666666666667
11:02:38,96,1.8166666666666667
11:02:39,96,1.8166666666666667
11:02:40,97,1.8166666666666667
11:02:41,97,1.8166666666666667
11:02:42,97,1.9888888888888887
11:02:43,97,1.9888888888888887
11:02:44,99,1.9888888888888887
11:02:45,99,1.9888888888888887
11:02:46,99,1.9888888888888887
11:02:47,100,1.9888888888888887
11:02:48,100,2.075
11:02:49,100,2.1266666666666665
11:02:50,102,2.1266666666666665
11:02:51,102,2.163888888888889
11:02:52,102,2.163888888888889
11:02:53,102,2.1904761904761902
11:02:54,103,2.2104166666666667
11:02:55,103,2.2104166666666667
11:02:56,103,2.2104166666666667
11:02:57,104,2.2104166666666667
11:02:58,105,2.2104166666666667
11:02:59,105,2.2222222222222223
11:03:00,105,2.231666666666667
11:03:01,106,2.231666666666667
11:03:02,106,2.2439393939393937
11:03:03,106,2.2439393939393937
11:03:04,107,2.2439393939393937
11:03:05,108,2.2439393939393937
11:03:06,108,2.2527777777777778
11:03:07,108,2.2527777777777778
11:03:08,108,2.2527777777777778
11:03:09,109,2.2527777777777778
11:03:10,109,2.2527777777777778
11:03:11,110,2.2527777777777778
11:03:12,110,2.2527777777777778
11:03:13,111,2.283333333333333
11:03:14,111,2.289285714285714
11:03:15,111,2.289285714285714
11:03:16,112,2.289285714285714
11:03:17,113,2.31
11:03:18,114,2.31
11:03:19,114,2.31
11:03:20,114,2.31
11:03:21,116,2.31
11:03:22,116,2.31
11:03:23,117,2.31
11:03:24,117,2.31
11:03:25,119,2.3291666666666666
11:03:26,119,2.3291666666666666
11:03:27,119,2.3291666666666666
11:03:28,120,2.3291666666666666
11:03:29,120,2.3441176470588236
11:03:30,120,2.3441176470588236
11:03:31,120,2.3441176470588236
11:03:32,122,2.3441176470588236
11:03:33,122,2.3441176470588236
11:03:34,122,2.3441176470588236
11:03:35,124,2.3441176470588236
11:03:36,124,2.3441176470588236
11:03:37,124,2.3441176470588236
11:03:38,124,2.3441176470588236
11:03:39,124,2.3441176470588236
11:03:40,125,2.3441176470588236
11:03:41,125,2.3740740740740742
11:03:42,125,2.3740740740740742
11:03:43,126,2.4
11:03:44,127,2.4
11:03:45,127,2.4
11:03:46,127,2.4
11:03:47,127,2.4
11:03:48,127,2.4241666666666664
11:03:49,128,2.4241666666666664
11:03:50,128,2.4241666666666664
11:03:51,128,2.4734848484848486
11:03:52,129,2.4734848484848486
11:03:53,130,2.4734848484848486
11:03:54,130,2.503623188405797
11:03:55,130,2.503623188405797
11:03:56,130,2.503623188405797
11:03:57,130,2.530555555555556
11:03:58,130,2.530555555555556
11:03:59,130,2.530555555555556
11:04:00,130,2.530555555555556
11:04:01,130,2.530555555555556
11:04:02,131,2.530555555555556
11:04:03,131,2.530555555555556
11:04:04,131,2.554666666666667
11:04:05,131,2.554666666666667
11:04:06,131,2.554666666666667
11:04:07,131,2.554666666666667
11:04:08,131,2.5775641025641027
11:04:09,131,2.598148148148148
11:04:10,131,2.598148148148148
11:04:11,132,2.598148148148148
11:04:12,132,2.598148148148148
11:04:13,133,2.598148148148148
11:04:14,133,2.598148148148148
11:04:15,133,2.598148148148148
11:04:16,133,2.598148148148148
11:04:17,134,2.6202380952380953
11:04:18,135,2.6202380952380953
11:04:19,135,2.6202380952380953
11:04:20,135,2.6202380952380953
11:04:21,136,2.6202380952380953
11:04:22,136,2.646551724137931
11:04:23,136,2.646551724137931
11:04:24,136,2.662777777777778
11:04:25,137,2.662777777777778
11:04:26,137,2.662777777777778
11:04:27,137,2.662777777777778
11:04:28,137,2.678494623655914
11:04:29,138,2.678494623655914
11:04:30,138,2.7
11:04:31,138,2.7
11:04:32,139,2.7
11:04:33,139,2.723737373737374
11:04:34,139,2.723737373737374
11:04:35,139,2.723737373737374
11:04:36,139,2.723737373737374
11:04:37,139,2.739705882352941
11:04:38,140,2.739705882352941
11:04:39,140,2.787962962962963
11:04:40,140,2.787962962962963
11:04:41,140,2.787962962962963
11:04:42,140,2.787962962962963
11:04:43,140,2.787962962962963
11:04:44,141,2.787962962962963
11:04:45,141,2.787962962962963
11:04:46,141,2.787962962962963
11:04:47,141,2.787962962962963
11:04:48,141,2.8045045045045045
11:04:49,142,2.8045045045045045
11:04:50,142,2.8045045045045045
11:04:51,142,2.8045045045045045
11:04:52,142,2.8045045045045045
11:04:53,143,2.8045045045045045
11:04:54,143,2.831140350877193
11:04:55,143,2.831140350877193
11:04:56,143,2.831140350877193
11:04:57,143,2.85982905982906
11:04:58,143,2.85982905982906
11:04:59,143,2.85982905982906
11:05:00,143,2.85982905982906
11:05:01,144,2.85982905982906
11:05:02,144,2.85982905982906
11:05:03,144,2.8866666666666663
11:05:04,144,2.8866666666666663
11:05:05,145,2.9044715447154474
11:05:06,145,2.9044715447154474
11:05:07,145,2.9044715447154474
11:05:08,146,2.953100775193798
11:05:09,146,2.953100775193798
11:05:10,146,2.953100775193798
11:05:11,146,2.9704545454545452
11:05:12,147,2.9704545454545452
11:05:13,147,2.9851851851851854
11:05:14,147,2.9851851851851854
11:05:15,149,2.9851851851851854
11:05:16,149,2.9851851851851854
11:05:17,149,2.9851851851851854
11:05:18,150,2.9851851851851854
11:05:19,150,2.9851851851851854
11:05:20,150,3.007608695652174
11:05:21,150,3.007608695652174
11:05:22,151,3.007608695652174
11:05:23,151,3.007608695652174
11:05:24,151,3.007608695652174
11:05:25,152,3.007608695652174
11:05:26,152,3.0180851063829786
11:05:27,152,3.0347222222222223
11:05:28,152,3.0347222222222223
11:05:29,153,3.0347222222222223
11:05:30,153,3.0581632653061224
11:05:31,153,3.0581632653061224
11:05:32,153,3.0796666666666668
11:05:33,153,3.0796666666666668
11:05:34,153,3.0796666666666668
11:05:35,153,3.0980392156862746
11:05:36,153,3.0980392156862746
11:05:37,153,3.1169871794871797
11:05:38,153,3.1169871794871797
11:05:39,153,3.1169871794871797
11:05:40,154,3.1503086419753084
11:05:41,154,3.1503086419753084
11:05:42,154,3.1503086419753084
11:05:43,154,3.1503086419753084
11:05:44,155,3.1503086419753084
11:05:45,155,3.1503086419753084
11:05:46,155,3.1503086419753084
11:05:47,156,3.1503086419753084
11:05:48,156,3.1503086419753084
11:05:49,156,3.1503086419753084
11:05:50,157,3.1503086419753084
11:05:51,157,3.1503086419753084
11:05:52,157,3.1503086419753084
11:05:53,158,3.1503086419753084
11:05:54,158,3.1503086419753084
11:05:55,158,3.1503086419753084
11:05:56,158,3.1503086419753084
11:05:57,159,3.170606060606061
11:05:58,159,3.1875
11:05:59,159,3.1875
11:06:00,159,3.1875
11:06:01,160,3.1985380116959066
11:06:02,160,3.1985380116959066
11:06:03,160,3.215229885057471
11:06:04,160,3.2344632768361583
11:06:05,160,3.2436111111111114
11:06:06,161,3.2631147540983605
11:06:07,161,3.2631147540983605
11:06:08,161,3.2631147540983605
11:06:09,162,3.285483870967742
11:06:10,163,3.285483870967742
11:06:11,163,3.285483870967742
11:06:12,164,3.3252604166666666
11:06:13,164,3.3252604166666666
11:06:14,164,3.344102564102564
11:06:15,165,3.344102564102564
11:06:16,165,3.358080808080808
11:06:17,165,3.358080808080808
11:06:18,166,3.358080808080808
11:06:19,166,3.358080808080808
11:06:20,166,3.381592039800995
11:06:21,166,3.381592039800995
11:06:22,167,3.381592039800995
11:06:23,167,3.381592039800995
11:06:24,167,3.381592039800995
11:06:25,167,3.381592039800995
11:06:26,167,3.381592039800995
11:06:27,168,3.381592039800995
11:06:28,168,3.381592039800995
11:06:29,168,3.4017156862745095
11:06:30,169,3.4017156862745095
11:06:31,169,3.4017156862745095
11:06:32,169,3.4017156862745095
11:06:33,169,3.417632850241546
11:06:34,169,3.417632850241546
11:06:35,170,3.417632850241546
11:06:36,170,3.43
11:06:37,170,3.43
11:06:38,170,3.44906103286385
11:06:39,171,3.44906103286385
11:06:40,171,3.44906103286385
11:06:41,171,3.469212962962963
11:06:42,172,3.469212962962963
11:06:43,172,3.469212962962963
11:06:44,172,3.469212962962963
11:06:45,173,3.469212962962963
11:06:46,173,3.469212962962963
11:06:47,173,3.469212962962963
11:06:48,173,3.469212962962963
11:06:49,174,3.484703196347032
11:06:50,174,3.484703196347032
11:06:51,174,3.484703196347032
11:06:52,175,3.498198198198198
11:06:53,175,3.498198198198198
11:06:54,175,3.5113333333333334
11:06:55,176,3.5113333333333334
11:06:56,176,3.526535087719298
11:06:57,176,3.5482683982683985
11:06:58,177,3.5482683982683985
11:06:59,177,3.5482683982683985
11:07:00,177,3.5482683982683985
11:07:01,177,3.5653846153846156
11:07:02,178,3.5653846153846156
11:07:03,179,3.5653846153846156
11:07:04,179,3.5850210970464134
11:07:05,180,3.5850210970464134
11:07:06,181,3.5850210970464134
11:07:07,181,3.5977083333333337
11:07:08,182,3.5977083333333337
11:07:09,182,3.5977083333333337
11:07:10,182,3.5977083333333337
11:07:11,182,3.6222222222222222
11:07:12,182,3.6222222222222222
11:07:13,183,3.6416666666666666
11:07:14,183,3.6416666666666666
11:07:15,183,3.6416666666666666
11:07:16,183,3.6416666666666666
11:07:17,184,3.6416666666666666
11:07:18,184,3.66285140562249
11:07:19,184,3.66285140562249
11:07:20,184,3.66285140562249
11:07:21,184,3.66285140562249
11:07:22,185,3.66285140562249
11:07:23,185,3.66285140562249
11:07:24,185,3.678373015873016
11:07:25,185,3.678373015873016
11:07:26,186,3.6901960784313723
11:07:27,186,3.6901960784313723
11:07:28,186,3.6901960784313723
11:07:29,187,3.6901960784313723
11:07:30,187,3.6901960784313723
11:07:31,187,3.6901960784313723
11:07:32,187,3.6901960784313723
11:07:33,188,3.6901960784313723
11:07:34,188,3.705232558139535
11:07:35,188,3.705232558139535
11:07:36,188,3.705232558139535
11:07:37,189,3.705232558139535
11:07:38,189,3.705232558139535
11:07:39,189,3.740909090909091
11:07:40,189,3.740909090909091
11:07:41,190,3.757303370786517
11:07:42,190,3.778703703703704
11:07:43,190,3.794139194139194
11:07:44,190,3.794139194139194
11:07:45,190,3.794139194139194
11:07:46,191,3.806340579710145
11:07:47,191,3.806340579710145
11:07:48,191,3.806340579710145
11:07:49,192,3.806340579710145
11:07:50,192,3.806340579710145
11:07:51,192,3.806340579710145
11:07:52,192,3.827956989247312
11:07:53,193,3.827956989247312
11:07:54,194,3.827956989247312
11:07:55,195,3.827956989247312
11:07:56,196,3.827956989247312
11:07:57,196,3.827956989247312
11:07:58,197,3.827956989247312
11:07:59,199,3.827956989247312
11:08:00,199,3.8308510638297872
11:08:01,199,3.8308510638297872
11:08:02,199,3.8549122807017544
11:08:03,200,3.8549122807017544
11:08:04,200,3.8549122807017544
11:08:05,201,3.8549122807017544
11:08:06,201,3.8549122807017544
11:08:07,202,3.8549122807017544
11:08:08,202,3.8549122807017544
11:08:09,202,3.8549122807017544
11:08:10,202,3.8549122807017544
11:08:11,202,3.8549122807017544
11:08:12,202,3.8549122807017544
11:08:13,203,3.8549122807017544
11:08:14,203,3.8982817869415807
11:08:15,203,3.8982817869415807
11:08:16,203,3.8982817869415807
11:08:17,203,3.9139455782312926
11:08:18,204,3.9250841750841747
11:08:19,204,3.9250841750841747
11:08:20,205,3.942833333333333
11:08:21,206,3.942833333333333
11:08:22,206,3.942833333333333
11:08:23,206,3.942833333333333
11:08:24,206,3.942833333333333
11:08:25,206,3.942833333333333
11:08:26,206,3.942833333333333
11:08:27,206,3.9579207920792077
11:08:28,206,3.9579207920792077
11:08:29,206,3.9655228758169936
11:08:30,206,3.9655228758169936
11:08:31,206,3.9825242718446603
11:08:32,206,3.9825242718446603
11:08:33,206,3.996794871794872
11:08:34,206,3.996794871794872
11:08:35,206,3.996794871794872
11:08:36,207,3.996794871794872
11:08:37,207,3.996794871794872
11:08:38,207,3.996794871794872
11:08:39,208,3.996794871794872
11:08:40,208,3.996794871794872
11:08:41,208,3.996794871794872
11:08:42,208,4.021428571428571
11:08:43,209,4.021428571428571
11:08:44,209,4.021428571428571
11:08:45,209,4.021428571428571
11:08:46,210,4.021428571428571
11:08:47,211,4.021428571428571
11:08:48,211,4.021428571428571
11:08:49,211,4.038050314465409
11:08:50,211,4.038050314465409
11:08:51,211,4.064797507788162
11:08:52,211,4.082253086419753
11:08:53,211,4.082253086419753
11:08:54,211,4.082253086419753
11:08:55,211,4.082253086419753
11:08:56,211,4.082253086419753
11:08:57,211,4.082253086419753
11:08:58,211,4.082253086419753
11:08:59,211,4.082253086419753
11:09:00,211,4.082253086419753
11:09:01,211,4.082253086419753
11:09:02,211,4.082253086419753
11:09:03,211,4.082253086419753
11:09:04,211,4.111009174311927
11:09:05,212,4.127424242424243
11:09:06,213,4.145495495495496
11:09:07,213,4.145495495495496
11:09:08,213,4.143005952380952
11:09:09,213,4.143005952380952
11:09:10,213,4.143005952380952
11:09:11,213,4.143005952380952
11:09:12,213,4.1558997050147495
11:09:13,213,4.1558997050147495
11:09:14,213,4.1558997050147495
11:09:15,213,4.1558997050147495
11:09:16,214,4.162865497076023
11:09:17,214,4.162865497076023
11:09:18,214,4.171014492753623
11:09:19,215,4.188649425287356
11:09:20,216,4.188649425287356
11:09:21,216,4.188649425287356
11:09:22,216,4.205555555555556
11:09:23,216,4.205555555555556
11:09:24,216,4.2204802259887
11:09:25,217,4.2204802259887
11:09:26,217,4.2204802259887
11:09:27,217,4.212464985994398
11:09:28,217,4.212464985994398
11:09:29,217,4.212464985994398
11:09:30,217,4.212464985994398
11:09:31,217,4.212464985994398
11:09:32,217,4.212464985994398
11:09:33,217,4.212464985994398
11:09:34,217,4.212464985994398
11:09:35,217,4.212464985994398
11:09:36,217,4.212464985994398
11:09:37,217,4.212464985994398
11:09:38,217,4.212464985994398
11:09:39,217,4.212464985994398
11:09:40,217,4.227916666666667
11:09:41,217,4.227916666666667
11:09:42,217,4.245316804407714
11:09:43,217,4.245316804407714
11:09:44,217,4.245316804407714
11:09:45,217,4.245316804407714
11:09:46,217,4.245316804407714
11:09:47,217,4.245316804407714
11:09:48,217,4.245316804407714
11:09:49,217,4.245316804407714
11:09:50,217,4.245316804407714
11:09:51,217,4.245316804407714
11:09:52,217,4.245316804407714
11:09:53,217,4.245316804407714
11:09:54,217,4.264071038251366
11:09:55,217,4.264071038251366
11:09:56,217,4.264071038251366
11:09:57,217,4.264071038251366
11:09:58,217,4.264071038251366
11:09:59,217,4.264071038251366
11:10:00,217,4.277777777777778
11:10:01,217,4.277777777777778
11:10:02,217,4.277777777777778
11:10:03,217,4.260215053763441
11:10:04,217,4.260215053763441
11:10:05,217,4.260215053763441
11:10:06,217,4.260215053763441
11:10:07,217,4.260215053763441
11:10:08,217,4.250666666666667
11:10:09,217,4.271164021164021
11:10:10,219,4.271164021164021
11:10:11,219,4.271164021164021
11:10:12,219,4.2923884514435695
11:10:13,220,4.3109375
11:10:14,220,4.295607235142119
11:10:15,220,4.313076923076923
11:10:16,221,4.313076923076923
11:10:17,221,4.3315521628498725
11:10:18,221,4.3315521628498725
11:10:19,221,4.3315521628498725
11:10:20,222,4.352020202020202
11:10:21,222,4.352020202020202
11:10:22,222,4.352020202020202
11:10:23,222,4.352020202020202
11:10:24,222,4.352020202020202
11:10:25,222,4.352020202020202
11:10:26,223,4.352020202020202
11:10:27,223,4.352020202020202
11:10:28,223,4.352020202020202
11:10:29,223,4.352020202020202
11:10:30,223,4.352020202020202
11:10:31,223,4.352020202020202
11:10:32,223,4.352020202020202
11:10:33,223,4.352020202020202
11:10:34,223,4.352020202020202
11:10:35,223,4.352020202020202
11:10:36,223,4.352020202020202
11:10:37,223,4.352020202020202
11:10:38,223,4.352020202020202
11:10:39,223,4.352020202020202
11:10:40,223,4.3393483709273175
11:10:41,223,4.3393483709273175
11:10:42,223,4.3393483709273175
11:10:43,223,4.324502487562189
11:10:44,224,4.34679012345679
11:10:45,224,4.34679012345679
11:10:46,224,4.34679012345679
11:10:47,224,4.34679012345679
11:10:48,224,4.335906862745097
11:10:49,224,4.35
11:10:50,225,4.365821256038647
11:10:51,225,4.365821256038647
11:10:52,225,4.365821256038647
11:10:53,225,4.365821256038647
11:10:54,225,4.350479616306955
11:10:55,225,4.350479616306955
11:10:56,225,4.350479616306955
11:10:57,225,4.350479616306955
11:10:58,225,4.350479616306955
11:10:59,226,4.350479616306955
11:11:00,226,4.370238095238095
11:11:01,226,4.370238095238095
11:11:02,226,4.370238095238095
11:11:03,226,4.390425531914894
11:11:04,227,4.412910798122066
11:11:05,227,4.412910798122066
11:11:06,228,4.412910798122066
11:11:07,228,4.412910798122066
11:11:08,228,4.404079254079254
11:11:09,228,4.427083333333333
11:11:10,228,4.427083333333333
11:11:11,229,4.427083333333333
11:11:12,229,4.427083333333333
11:11:13,229,4.427083333333333
11:11:14,230,4.427083333333333
11:11:15,230,4.427083333333333
11:11:16,230,4.427083333333333
11:11:17,231,4.427083333333333
11:11:18,231,4.427083333333333
11:11:19,231,4.444022988505747
11:11:20,231,4.444022988505747
11:11:21,232,4.444022988505747
11:11:22,232,4.444022988505747
11:11:23,232,4.444022988505747
11:11:24,232,4.42933789954338
11:11:25,233,4.42933789954338
11:11:26,233,4.42933789954338
11:11:27,233,4.42933789954338
11:11:28,233,4.42933789954338
11:11:29,233,4.42933789954338
11:11:30,233,4.42933789954338
11:11:31,234,4.42933789954338
11:11:32,234,4.42933789954338
11:11:33,234,4.4471655328798185
11:11:34,234,4.447297297297297
11:11:35,235,4.447297297297297
11:11:36,235,4.447297297297297
11:11:37,235,4.462527964205817
11:11:38,236,4.462527964205817
11:11:39,236,4.4782222222222225
11:11:40,237,4.467549668874172
11:11:41,238,4.467549668874172
11:11:42,238,4.467549668874172
11:11:43,238,4.467549668874172
11:11:44,238,4.467549668874172
11:11:45,239,4.467549668874172
11:11:46,239,4.467549668874172
11:11:47,239,4.467549668874172
11:11:48,239,4.467549668874172
11:11:49,241,4.467549668874172
11:11:50,241,4.467549668874172
11:11:51,241,4.467549668874172
11:11:52,242,4.472549019607843
11:11:53,243,4.472549019607843
11:11:54,243,4.472549019607843
11:11:55,243,4.493398268398268
11:11:56,243,4.493398268398268
11:11:57,243,4.48763440860215
11:11:58,243,4.5025641025641026
11:11:59,243,4.5025641025641026
11:12:00,243,4.516029723991507
11:12:01,244,4.516029723991507
11:12:02,244,4.516029723991507
11:12:03,244,4.540084388185654
11:12:04,244,4.540084388185654
11:12:05,244,4.540084388185654
11:12:06,244,4.540084388185654
11:12:07,244,4.540084388185654
11:12:08,244,4.540084388185654
11:12:09,244,4.540084388185654
11:12:10,244,4.540084388185654
11:12:11,244,4.55503144654088
11:12:12,244,4.544479166666666
11:12:13,244,4.544479166666666
11:12:14,244,4.544479166666666
11:12:15,244,4.529089026915114
11:12:16,244,4.529089026915114
11:12:17,244,4.529089026915114
11:12:18,244,4.529089026915114
11:12:19,244,4.513991769547325
11:12:20,244,4.513991769547325
11:12:21,244,4.513991769547325
11:12:22,244,4.513991769547325
11:12:23,244,4.533742331288344
11:12:24,245,4.5321138211382115
11:12:25,245,4.5321138211382115
11:12:26,245,4.5321138211382115
11:12:27,245,4.5321138211382115
11:12:28,245,4.5321138211382115
11:12:29,245,4.548080808080808
11:12:30,245,4.548080808080808
11:12:31,245,4.548080808080808
11:12:32,245,4.548080808080808
11:12:33,246,4.548080808080808
11:12:34,246,4.548080808080808
11:12:35,246,4.548080808080808
11:12:36,246,4.548080808080808
11:12:37,246,4.548080808080808
11:12:38,246,4.548080808080808
11:12:39,246,4.548080808080808
11:12:40,246,4.548080808080808
11:12:41,246,4.563955823293172
11:12:42,246,4.563955823293172
11:12:43,246,4.563955823293172
11:12:44,246,4.563955823293172
11:12:45,246,4.578542914171657
11:12:46,246,4.578542914171657
11:12:47,246,4.578542914171657
11:12:48,246,4.578542914171657
11:12:49,246,4.578542914171657
11:12:50,246,4.578542914171657
11:12:51,246,4.601785714285714
11:12:52,246,4.601785714285714
11:12:53,246,4.601785714285714
11:12:54,246,4.601785714285714
11:12:55,246,4.601785714285714
11:12:56,246,4.601785714285714
11:12:57,247,4.601785714285714
11:12:58,247,4.601785714285714
11:12:59,247,4.601785714285714
11:13:00,247,4.601785714285714
11:13:01,248,4.6169625246548325
11:13:02,248,4.6169625246548325
11:13:03,248,4.6066666666666665
11:13:04,249,4.6066666666666665
11:13:05,249,4.6066666666666665
11:13:06,249,4.6066666666666665
11:13:07,249,4.6066666666666665
11:13:08,250,4.6066666666666665
11:13:09,250,4.6066666666666665
11:13:10,250,4.6066666666666665
11:13:11,251,4.6066666666666665
11:13:12,251,4.6066666666666665
11:13:13,251,4.62719298245614
11:13:14,251,4.62719298245614
11:13:15,252,4.62719298245614
11:13:16,252,4.643701550387596
11:13:17,252,4.643701550387596
11:13:18,252,4.643701550387596
11:13:19,252,4.659344894026975
11:13:20,252,4.659344894026975
11:13:21,252,4.659344894026975
11:13:22,252,4.659344894026975
11:13:23,252,4.659344894026975
11:13:24,252,4.650478927203065
11:13:25,252,4.650478927203065
11:13:26,252,4.650478927203065
11:13:27,253,4.650478927203065
11:13:28,253,4.650478927203065
11:13:29,253,4.650478927203065
11:13:30,253,4.634285714285714
11:13:31,253,4.634285714285714
11:13:32,253,4.634285714285714
11:13:33,253,4.649621212121213
11:13:34,253,4.649621212121213
11:13:35,253,4.649621212121213
11:13:36,253,4.664783427495292
11:13:37,253,4.664783427495292
11:13:38,254,4.664783427495292
11:13:39,254,4.664783427495292
11:13:40,254,4.664783427495292
11:13:41,254,4.664783427495292
11:13:42,254,4.664783427495292
11:13:43,254,4.687359550561798
11:13:44,254,4.687359550561798
11:13:45,254,4.687359550561798
11:13:46,254,4.687359550561798
11:13:47,254,4.687359550561798
11:13:48,254,4.709124767225325
11:13:49,254,4.709124767225325
11:13:50,254,4.726296296296296
11:13:51,254,4.718968692449355
11:13:52,254,4.718968692449355
11:13:53,254,4.718968692449355
11:13:54,254,4.718968692449355
11:13:55,254,4.718968692449355
11:13:56,254,4.718968692449355
11:13:57,254,4.718968692449355
11:13:58,254,4.718968692449355
11:13:59,254,4.718968692449355
11:14:00,254,4.704578754578754
11:14:01,254,4.704578754578754
11:14:02,254,4.704578754578754
11:14:03,254,4.704578754578754
11:14:04,254,4.704578754578754
11:14:05,254,4.704578754578754
11:14:06,255,4.704578754578754
11:14:07,255,4.704578754578754
11:14:08,255,4.704578754578754
11:14:09,255,4.704578754578754
11:14:10,255,4.691621129326047
11:14:11,255,4.7088768115942035
11:14:12,255,4.7088768115942035
11:14:13,255,4.7088768115942035
11:14:14,255,4.7088768115942035
11:14:15,255,4.7088768115942035
11:14:16,255,4.704594594594595
11:14:17,255,4.704594594594595
11:14:18,256,4.704594594594595
11:14:19,256,4.704594594594595
11:14:20,256,4.704594594594595
11:14:21,256,4.704594594594595
11:14:22,257,4.721057347670251
11:14:23,257,4.721057347670251
11:14:24,258,4.721057347670251
11:14:25,258,4.738324420677362
11:14:26,258,4.738324420677362
11:14:27,258,4.738324420677362
11:14:28,258,4.754609929078014
11:14:29,258,4.740388007054674
11:14:30,259,4.740388007054674
11:14:31,259,4.740388007054674
11:14:32,259,4.740388007054674
11:14:33,260,4.763421052631579
11:14:34,260,4.763421052631579
11:14:35,260,4.763421052631579
11:14:36,260,4.763421052631579
11:14:37,260,4.763421052631579
11:14:38,261,4.770052083333334
11:14:39,262,4.770052083333334
11:14:40,262,4.770052083333334
11:14:41,263,4.7866148531951636
11:14:42,263,4.7866148531951636
11:14:43,263,4.801460481099656
11:14:44,264,4.801460481099656
11:14:45,265,4.816923076923077
11:14:46,265,4.816923076923077
11:14:47,267,4.816923076923077
11:14:48,267,4.816923076923077
11:14:49,268,4.816923076923077
11:14:50,269,4.816923076923077
11:14:51,269,4.816923076923077
11:14:52,270,4.816923076923077
11:14:53,271,4.816923076923077
11:14:54,271,4.816923076923077
11:14:55,271,4.816923076923077
11:14:56,272,4.816923076923077
11:14:57,273,4.816923076923077
11:14:58,273,4.816923076923077
11:14:59,273,4.816923076923077
11:15:00,274,4.816923076923077
11:15:01,275,4.816923076923077
11:15:02,275,4.83452380952381
11:15:03,275,4.83452380952381
11:15:04,276,4.83452380952381
11:15:05,277,4.83452380952381
11:15:06,278,4.83452380952381
11:15:07,278,4.83452380952381
11:15:08,278,4.83452380952381
11:15:09,278,4.83452380952381
11:15:10,279,4.83452380952381
11:15:11,279,4.83452380952381
11:15:12,279,4.83452380952381
11:15:13,280,4.83452380952381
11:15:14,280,4.852622673434856
11:15:15,280,4.852622673434856
11:15:16,280,4.852622673434856
11:15:17,281,4.852622673434856
11:15:18,281,4.852622673434856
11:15:19,281,4.852622673434856
11:15:20,282,4.852622673434856
11:15:21,282,4.869107744107745
11:15:22,283,4.869107744107745
11:15:23,283,4.869107744107745
11:15:24,283,4.869107744107745
11:15:25,284,4.869107744107745
11:15:26,284,4.869107744107745
11:15:27,284,4.869107744107745
11:15:28,284,4.869107744107745
11:15:29,284,4.869107744107745
11:15:30,284,4.891541038525963
11:15:31,286,4.891541038525963
11:15:32,286,4.909166666666667
11:15:33,286,4.909166666666667
11:15:34,287,4.909166666666667
11:15:35,287,4.909166666666667
11:15:36,287,4.909166666666667
11:15:37,287,4.934162520729685
11:15:38,288,4.934162520729685
11:15:39,289,4.934162520729685
11:15:40,290,4.934162520729685
11:15:41,291,4.934162520729685
11:15:42,291,4.934162520729685
11:15:43,292,4.934162520729685
11:15:44,292,4.934162520729685
11:15:45,293,4.934162520729685
11:15:46,294,4.934162520729685
11:15:47,294,4.934162520729685
11:15:48,296,4.934162520729685
11:15:49,296,4.951155115511551
11:15:50,296,4.951155115511551
11:15:51,297,4.951155115511551
11:15:52,297,4.951155115511551
11:15:53,298,4.951155115511551
11:15:54,298,4.951155115511551
11:15:55,299,4.951155115511551
11:15:56,299,4.951155115511551
11:15:57,300,4.951155115511551
11:15:58,301,4.951155115511551
11:15:59,301,4.951155115511551
11:16:00,302,4.951155115511551
11:16:01,303,4.951155115511551
11:16:02,303,4.973645320197044
11:16:03,303,4.973645320197044
11:16:04,305,4.9922385620915035
11:16:05,306,4.9922385620915035
11:16:06,307,5.008861788617887
11:16:07,307,5.008861788617887
11:16:08,308,5.008861788617887
11:16:09,308,5.008861788617887
11:16:10,309,5.008861788617887
11:16:11,309,5.008861788617887
11:16:12,310,5.008861788617887
11:16:13,311,4.9932847896440125
11:16:14,311,4.9932847896440125
11:16:15,311,4.9932847896440125
11:16:16,313,4.9932847896440125
11:16:17,313,4.9932847896440125
11:16:18,313,4.9932847896440125
11:16:19,314,4.9932847896440125
11:16:20,315,4.9932847896440125
11:16:21,315,4.9932847896440125
11:16:22,316,4.9932847896440125
11:16:23,317,4.9932847896440125
11:16:24,317,4.9932847896440125
11:16:25,318,5.011916264090177
11:16:26,318,5.011916264090177
11:16:27,320,5.0375
11:16:28,321,5.0375
11:16:29,321,5.0375
11:16:30,321,5.0375
11:16:31,322,5.0375
11:16:32,322,5.0375
11:16:33,322,5.0375
11:16:34,323,5.022089314194577
11:16:35,323,5.022089314194577
11:16:36,323,5.022089314194577
11:16:37,324,5.022089314194577
11:16:38,325,5.008015873015873
11:16:39,325,5.027646129541864
11:16:40,325,5.027646129541864
11:16:41,326,5.027646129541864
11:16:42,327,5.032942097026604
11:16:43,327,5.032942097026604
11:16:44,328,5.032942097026604
11:16:45,328,5.019236760124611
11:16:46,328,5.019236760124611
11:16:47,330,5.019236760124611
11:16:48,330,5.019236760124611
11:16:49,330,5.019236760124611
11:16:50,331,5.019236760124611
11:16:51,332,5.041782945736434
11:16:52,332,5.041782945736434
11:16:53,333,5.041782945736434
11:16:54,334,5.041782945736434
11:16:55,334,5.04431643625192
11:16:56,335,5.04431643625192
11:16:57,335,5.04431643625192
11:16:58,335,5.04431643625192
11:16:59,336,5.04431643625192
11:17:00,337,5.061391437308869
11:17:01,337,5.061391437308869
11:17:02,337,5.061391437308869
11:17:03,337,5.061391437308869
11:17:04,337,5.061391437308869
11:17:05,337,5.061391437308869
11:17:06,337,5.048782343987823
11:17:07,338,5.048782343987823
11:17:08,338,5.048782343987823
11:17:09,338,5.048782343987823
11:17:10,338,5.048782343987823
11:17:11,339,5.048782343987823
11:17:12,339,5.048782343987823
11:17:13,340,5.048782343987823
11:17:14,340,5.048782343987823
11:17:15,340,5.048782343987823
11:17:16,340,5.048782343987823
11:17:17,340,5.048782343987823
11:17:18,341,5.037651515151515
11:17:19,341,5.064328808446456
11:17:20,341,5.064328808446456
11:17:21,342,5.064328808446456
11:17:22,342,5.064328808446456
11:17:23,342,5.064328808446456
11:17:24,342,5.064328808446456
11:17:25,342,5.064328808446456
11:17:26,342,5.064328808446456
11:17:27,342,5.064328808446456
11:17:28,342,5.064328808446456
11:17:29,342,5.0792042042042045
11:17:30,342,5.0792042042042045
11:17:31,342,5.097683109118086
11:17:32,342,5.097683109118086
11:17:33,342,5.105037037037037
11:17:34,342,5.105037037037037
11:17:35,342,5.105037037037037
11:17:36,342,5.091592920353983
11:17:37,342,5.091592920353983
11:17:38,342,5.091592920353983
11:17:39,342,5.091592920353983
11:17:40,342,5.091592920353983
11:17:41,342,5.091592920353983
11:17:42,342,5.091592920353983
11:17:43,342,5.112334801762115
11:17:44,343,5.112334801762115
11:17:45,343,5.112334801762115
11:17:46,343,5.13545321637427
11:17:47,343,5.1266375545851535
11:17:48,343,5.14427536231884
11:17:49,344,5.14427536231884
11:17:50,345,5.14427536231884
11:17:51,345,5.14427536231884
11:17:52,346,5.14427536231884
11:17:53,346,5.1512987012987015
11:17:54,347,5.1512987012987015
11:17:55,347,5.1512987012987015
11:17:56,347,5.1426005747126435
11:17:57,348,5.1426005747126435
11:17:58,348,5.1426005747126435
11:17:59,349,5.1426005747126435
11:18:00,349,5.134048640915593
11:18:01,350,5.14049645390071
11:18:02,350,5.14049645390071
11:18:03,350,5.162853107344633
11:18:04,351,5.162853107344633
11:18:05,351,5.162853107344633
11:18:06,352,5.162853107344633
11:18:07,352,5.162853107344633
11:18:08,352,5.162853107344633
11:18:09,352,5.162853107344633
11:18:10,353,5.188677918424754
11:18:11,353,5.188677918424754
11:18:12,353,5.188677918424754
11:18:13,354,5.188677918424754
11:18:14,354,5.188677918424754
11:18:15,354,5.188677918424754
11:18:16,355,5.188677918424754
11:18:17,355,5.188677918424754
11:18:18,356,5.19859943977591
11:18:19,357,5.19859943977591
11:18:20,357,5.19859943977591
11:18:21,357,5.189888423988843
11:18:22,358,5.189888423988843
11:18:23,358,5.189888423988843
11:18:24,358,5.189888423988843
11:18:25,359,5.189888423988843
11:18:26,359,5.189888423988843
11:18:27,359,5.189888423988843
11:18:28,359,5.189888423988843
11:18:29,360,5.189888423988843
11:18:30,360,5.181597222222222
11:18:31,360,5.171991701244813
11:18:32,362,5.171991701244813
11:18:33,362,5.171991701244813
11:18:34,362,5.171991701244813
11:18:35,363,5.171991701244813
11:18:36,363,5.165633608815427
11:18:37,364,5.165633608815427
11:18:38,364,5.165633608815427
11:18:39,365,5.165633608815427
11:18:40,365,5.165633608815427
11:18:41,365,5.165633608815427
11:18:42,366,5.159465020576132
11:18:43,366,5.159465020576132
11:18:44,366,5.185792349726777
11:18:45,366,5.185792349726777
11:18:46,366,5.185792349726777
11:18:47,366,5.185792349726777
11:18:48,366,5.185792349726777
11:18:49,366,5.179863945578232
11:18:50,366,5.179863945578232
11:18:51,366,5.179863945578232
11:18:52,366,5.190785907859079
11:18:53,366,5.190785907859079
11:18:54,366,5.190785907859079
11:18:55,366,5.213967611336033
11:18:56,366,5.207392473118279
11:18:57,366,5.215997322623829
11:18:58,366,5.215997322623829
11:18:59,367,5.215997322623829
11:19:00,367,5.215997322623829
11:19:01,367,5.215997322623829
11:19:02,369,5.215997322623829
11:19:03,369,5.215997322623829
11:19:04,369,5.215997322623829
11:19:05,369,5.209933333333334
11:19:06,371,5.209933333333334
11:19:07,372,5.213095238095238
11:19:08,372,5.213095238095238
11:19:09,372,5.213095238095238
11:19:10,373,5.213095238095238
11:19:11,374,5.223649538866931
11:19:12,374,5.217322834645669
11:19:13,375,5.217322834645669
11:19:14,376,5.217322834645669
11:19:15,377,5.225947712418301
11:19:16,378,5.219466145833334
11:19:17,380,5.219466145833334
11:19:18,380,5.219466145833334
11:19:19,381,5.2138780804150455
11:19:20,382,5.2138780804150455
11:19:21,383,5.2138780804150455
11:19:22,384,5.2138780804150455
11:19:23,384,5.2138780804150455
11:19:24,387,5.2138780804150455
11:19:25,387,5.225516795865633
11:19:26,389,5.225516795865633
11:19:27,389,5.225516795865633
11:19:28,390,5.225516795865633
11:19:29,391,5.225516795865633
11:19:30,391,5.225516795865633
11:19:31,391,5.225516795865633
11:19:32,392,5.225516795865633
11:19:33,392,5.225516795865633
11:19:34,393,5.250836550836551
11:19:35,395,5.250836550836551
11:19:36,396,5.250836550836551
11:19:37,396,5.250836550836551
11:19:38,398,5.250836550836551
11:19:39,398,5.247820512820513
11:19:40,399,5.247820512820513
11:19:41,400,5.243039591315453
11:19:42,402,5.253562340966921
11:19:43,403,5.253562340966921
11:19:44,404,5.253562340966921
11:19:45,404,5.275285171102662
11:19:46,405,5.275285171102662
11:19:47,407,5.275285171102662
11:19:48,407,5.275285171102662
11:19:49,409,5.275285171102662
11:19:50,411,5.275285171102662
11:19:51,411,5.275285171102662
11:19:52,412,5.275285171102662
11:19:53,414,5.275285171102662
11:19:54,414,5.275285171102662
11:19:55,415,5.270075757575757
11:19:56,415,5.270075757575757
11:19:57,416,5.270075757575757
11:19:58,416,5.267295597484277
11:19:59,418,5.267295597484277
11:20:00,418,5.2632205513784465
11:20:01,419,5.2632205513784465
11:20:02,420,5.2632205513784465
11:20:03,420,5.2632205513784465
11:20:04,420,5.2632205513784465
11:20:05,421,5.2632205513784465
11:20:06,422,5.2632205513784465
11:20:07,424,5.2632205513784465
11:20:08,424,5.2632205513784465
11:20:09,425,5.2632205513784465
11:20:10,427,5.2632205513784465
11:20:11,427,5.2632205513784465
11:20:12,428,5.2632205513784465
11:20:13,431,5.259675405742822
11:20:14,432,5.259675405742822
11:20:15,432,5.272574626865672
11:20:16,432,5.272574626865672
11:20:17,434,5.272574626865672
11:20:18,434,5.26995043370508
11:20:19,435,5.26995043370508
11:20:20,436,5.26995043370508
11:20:21,437,5.26679012345679
11:20:22,437,5.26679012345679
11:20:23,438,5.26679012345679
11:20:24,440,5.292865928659286
11:20:25,440,5.292865928659286
11:20:26,441,5.292865928659286
11:20:27,442,5.292865928659286
11:20:28,442,5.292865928659286
11:20:29,443,5.292865928659286
11:20:30,444,5.292865928659286
11:20:31,445,5.298290598290598
11:20:32,446,5.298290598290598
11:20:33,447,5.298290598290598
11:20:34,448,5.311496350364964
11:20:35,448,5.311496350364964
11:20:36,449,5.319696969696969
11:20:37,449,5.319696969696969
11:20:38,450,5.319696969696969
11:20:39,450,5.319696969696969
11:20:40,451,5.319696969696969
11:20:41,451,5.319696969696969
11:20:42,452,5.319696969696969
11:20:43,452,5.336171497584541
11:20:44,453,5.33387484957882
11:20:45,453,5.33387484957882
11:20:46,454,5.33387484957882
11:20:47,454,5.33387484957882
11:20:48,456,5.33387484957882
11:20:49,456,5.33387484957882
11:20:50,457,5.33387484957882
11:20:51,457,5.33387484957882
11:20:52,458,5.33189448441247
11:20:53,459,5.33189448441247
11:20:54,459,5.332678571428572
11:20:55,459,5.332678571428572
11:20:56,459,5.332678571428572
11:20:57,459,5.331435349940688
11:20:58,459,5.3534278959810875
11:20:59,460,5.3534278959810875
11:21:00,460,5.3534278959810875
11:21:01,460,5.3534278959810875
11:21:02,460,5.3534278959810875
11:21:03,461,5.3534278959810875
11:21:04,461,5.3528857479387515
11:21:05,461,5.3528857479387515
11:21:06,462,5.360269953051643
11:21:07,462,5.359005847953216
11:21:08,463,5.359005847953216
11:21:09,463,5.367832167832168
11:21:10,463,5.367832167832168
11:21:11,464,5.367832167832168
11:21:12,464,5.381068524970964
11:21:13,464,5.381068524970964
11:21:14,465,5.383044982698962
11:21:15,465,5.383044982698962
11:21:16,466,5.383044982698962
11:21:17,467,5.382758620689655
11:21:18,467,5.382758620689655
11:21:19,467,5.382758620689655
11:21:20,467,5.382758620689655
11:21:21,468,5.382758620689655
11:21:22,469,5.382758620689655
11:21:23,469,5.382758620689655
11:21:24,469,5.382758620689655
11:21:25,469,5.382758620689655
11:21:26,471,5.382758620689655
11:21:27,472,5.382758620689655
11:21:28,472,5.382758620689655
11:21:29,473,5.382758620689655
11:21:30,473,5.382758620689655
11:21:31,473,5.400114547537228
11:21:32,474,5.400114547537228
11:21:33,474,5.400114547537228
11:21:34,475,5.416324200913242
11:21:35,475,5.416324200913242
11:21:36,475,5.416324200913242
11:21:37,476,5.416324200913242
11:21:38,476,5.416324200913242
11:21:39,476,5.4213310580204785
11:21:40,477,5.4213310580204785
11:21:41,477,5.421485260770975
11:21:42,477,5.425762711864407
11:21:43,477,5.425762711864407
11:21:44,478,5.425762711864407
11:21:45,478,5.425762711864407
11:21:46,479,5.425762711864407
11:21:47,479,5.425762711864407
11:21:48,479,5.425762711864407
11:21:49,479,5.425762711864407
11:21:50,479,5.425762711864407
11:21:51,480,5.425762711864407
11:21:52,480,5.425762711864407
11:21:53,480,5.425762711864407
11:21:54,480,5.426182432432432
11:21:55,482,5.438366890380313
11:21:56,482,5.438366890380313
11:21:57,482,5.438366890380313
11:21:58,484,5.438366890380313
11:21:59,485,5.438366890380313
11:22:00,485,5.439297658862876
11:22:01,486,5.439297658862876
11:22:02,487,5.439297658862876
11:22:03,488,5.4398888888888886
11:22:04,488,5.4398888888888886
11:22:05,488,5.4398888888888886
11:22:06,489,5.4398888888888886
11:22:07,491,5.4398888888888886
11:22:08,491,5.44108527131783
11:22:09,491,5.44108527131783
11:22:10,493,5.44108527131783
11:22:11,493,5.44108527131783
11:22:12,493,5.44108527131783
11:22:13,493,5.4473509933774835
11:22:14,494,5.4473509933774835
11:22:15,494,5.4473509933774835
11:22:16,494,5.443839383938394
11:22:17,495,5.443839383938394
11:22:18,495,5.449561403508771
11:22:19,495,5.449561403508771
11:22:20,495,5.466338797814207
11:22:21,495,5.466338797814207
11:22:22,495,5.484422657952069
11:22:23,495,5.484422657952069
11:22:24,495,5.484422657952069
11:22:25,495,5.484422657952069
11:22:26,495,5.484422657952069
11:22:27,495,5.4862649294245385
11:22:28,496,5.497673160173161
11:22:29,496,5.497673160173161
11:22:30,496,5.5
11:22:31,496,5.5
11:22:32,496,5.5
11:22:33,496,5.5
11:22:34,497,5.5
11:22:35,497,5.5
11:22:36,497,5.497634408602151
11:22:37,497,5.4997320471597
11:22:38,498,5.4997320471597
11:22:39,498,5.4997320471597
11:22:40,498,5.4997320471597
11:22:41,499,5.4997320471597
11:22:42,499,5.4997320471597
11:22:43,499,5.501602564102565
11:22:44,499,5.501602564102565
11:22:45,500,5.5048455804046865
11:22:46,500,5.5048455804046865
11:22:47,500,5.5048455804046865
11:22:48,501,5.5048455804046865
11:22:49,502,5.5048455804046865
11:22:50,502,5.502123142250531
11:22:51,502,5.502123142250531
11:22:52,503,5.502123142250531
11:22:53,503,5.502123142250531
11:22:54,503,5.4999470899470895
11:22:55,504,5.4999470899470895
11:22:56,504,5.4999470899470895
11:22:57,504,5.4999470899470895
11:22:58,504,5.4999470899470895
11:22:59,505,5.4999470899470895
11:23:00,505,5.4999470899470895
11:23:01,505,5.4999470899470895
11:23:02,505,5.500632911392405
11:23:03,505,5.503680336487907
11:23:04,505,5.503680336487907
11:23:05,505,5.503680336487907
11:23:06,505,5.5074947589098535
11:23:07,505,5.5074947589098535
11:23:08,505,5.5074947589098535
11:23:09,505,5.5074947589098535
11:23:10,505,5.52183908045977
11:23:11,505,5.52183908045977
11:23:12,505,5.52183908045977
11:23:13,505,5.54
11:23:14,505,5.54
11:23:15,505,5.543665628245067
11:23:16,505,5.543665628245067
11:23:17,505,5.550103519668737
11:23:18,505,5.550103519668737
11:23:19,505,5.550103519668737
11:23:20,505,5.550103519668737
11:23:21,505,5.549122807017544
11:23:22,505,5.549122807017544
11:23:23,505,5.549122807017544
11:23:24,506,5.549122807017544
11:23:25,506,5.549122807017544
11:23:26,506,5.5529320987654325
11:23:27,506,5.5529320987654325
11:23:28,506,5.5529320987654325
11:23:29,506,5.564666666666667
11:23:30,506,5.564666666666667
11:23:31,506,5.564666666666667
11:23:32,506,5.56922290388548
11:23:33,506,5.56922290388548
11:23:34,506,5.56922290388548
11:23:35,506,5.572935779816514
11:23:36,507,5.571341463414634
11:23:37,507,5.575126646403243
11:23:38,507,5.575126646403243
11:23:39,507,5.575126646403243
11:23:40,509,5.573585858585859
11:23:41,509,5.573585858585859
11:23:42,509,5.573585858585859
11:23:43,509,5.573585858585859
11:23:44,509,5.589274924471299
11:23:45,509,5.589274924471299
11:23:46,510,5.593724899598394
11:23:47,510,5.593724899598394
11:23:48,510,5.593724899598394
11:23:49,511,5.593724899598394
11:23:50,511,5.593724899598394
11:23:51,511,5.593724899598394
11:23:52,512,5.5977977977977975
11:23:53,512,5.5977977977977975
11:23:54,512,5.5977977977977975
11:23:55,513,5.597455089820359
11:23:56,513,5.597455089820359
11:23:57,514,5.597455089820359
11:23:58,515,5.597455089820359
11:23:59,515,5.597455089820359
11:24:00,517,5.597455089820359
11:24:01,517,5.597455089820359
11:24:02,518,5.597455089820359
11:24:03,519,5.609800995024875
11:24:04,519,5.609800995024875
11:24:05,519,5.609800995024875
11:24:06,520,5.609800995024875
11:24:07,520,5.620276953511375
11:24:08,520,5.620276953511375
11:24:09,521,5.620276953511375
11:24:10,521,5.62569033530572
11:24:11,521,5.62569033530572
11:24:12,522,5.62569033530572
11:24:13,522,5.629754901960784
11:24:14,522,5.629754901960784
11:24:15,522,5.629754901960784
11:24:16,523,5.629754901960784
11:24:17,523,5.629754901960784
11:24:18,523,5.638220918866081
11:24:19,523,5.638220918866081
11:24:20,523,5.638220918866081
11:24:21,523,5.638220918866081
11:24:22,524,5.638220918866081
11:24:23,524,5.638220918866081
11:24:24,524,5.638220918866081
11:24:25,524,5.638220918866081
11:24:26,524,5.643974732750243
11:24:27,524,5.643974732750243
11:24:28,524,5.646269379844962
11:24:29,524,5.652028985507246
11:24:30,524,5.650915221579962
11:24:31,525,5.650915221579962
11:24:32,525,5.650915221579962
11:24:33,525,5.650915221579962
11:24:34,525,5.650915221579962
11:24:35,526,5.650915221579962
11:24:36,526,5.650915221579962
11:24:37,526,5.650915221579962
11:24:38,526,5.650915221579962
11:24:39,527,5.650915221579962
11:24:40,527,5.656868395773295
11:24:41,527,5.656868395773295
11:24:42,527,5.656868395773295
11:24:43,528,5.656868395773295
11:24:44,528,5.656868395773295
11:24:45,529,5.656868395773295
11:24:46,529,5.656868395773295
11:24:47,529,5.656868395773295
11:24:48,529,5.656417624521072
11:24:49,531,5.656417624521072
11:24:50,531,5.656417624521072
11:24:51,531,5.660267430754536
11:24:52,531,5.660267430754536
11:24:53,532,5.669190476190477
11:24:54,532,5.669190476190477
11:24:55,532,5.669190476190477
11:24:56,532,5.671889838556505
11:24:57,532,5.67874053030303
11:24:58,533,5.67874053030303
11:24:59,533,5.67874053030303
11:25:00,533,5.67874053030303
11:25:01,533,5.682530689329556
11:25:02,534,5.682530689329556
11:25:03,534,5.682530689329556
11:25:04,534,5.682530689329556
11:25:05,534,5.682530689329556
11:25:06,534,5.682530689329556
11:25:07,534,5.682530689329556
11:25:08,534,5.688418079096045
11:25:09,534,5.688418079096045
11:25:10,534,5.692676056338028
11:25:11,534,5.692676056338028
11:25:12,535,5.692676056338028
11:25:13,535,5.692676056338028
11:25:14,535,5.692676056338028
11:25:15,535,5.695798319327731
11:25:16,536,5.702979515828678
11:25:17,536,5.702979515828678
11:25:18,536,5.702979515828678
11:25:19,536,5.707706592386258
11:25:20,536,5.707706592386258
11:25:21,537,5.707706592386258
11:25:22,537,5.707175925925926
11:25:23,537,5.707175925925926
11:25:24,537,5.707175925925926
11:25:25,538,5.707175925925926
11:25:26,538,5.707175925925926
11:25:27,538,5.707175925925926
11:25:28,538,5.707175925925926
11:25:29,538,5.707175925925926
11:25:30,538,5.714358264081255
11:25:31,538,5.714358264081255
11:25:32,538,5.714358264081255
11:25:33,538,5.71767955801105
11:25:34,538,5.718640955004592
11:25:35,538,5.718640955004592
11:25:36,538,5.719093406593406
11:25:37,539,5.721232876712329
11:25:38,539,5.721232876712329
11:25:39,539,5.721232876712329
11:25:40,539,5.721232876712329
11:25:41,540,5.721232876712329
11:25:42,541,5.721232876712329
11:25:43,542,5.727367941712204
11:25:44,542,5.727367941712204
11:25:45,542,5.727367941712204
11:25:46,543,5.727367941712204
11:25:47,543,5.727367941712204
11:25:48,543,5.727367941712204
11:25:49,543,5.727367941712204
11:25:50,544,5.727367941712204
11:25:51,544,5.727367941712204
11:25:52,544,5.727367941712204
11:25:53,545,5.728337874659401
11:25:54,545,5.728337874659401
11:25:55,545,5.728337874659401
11:25:56,545,5.728337874659401
11:25:57,545,5.733605072463768
11:25:58,546,5.733605072463768
11:25:59,546,5.733605072463768
11:26:00,546,5.733605072463768
11:26:01,546,5.733605072463768
11:26:02,546,5.733605072463768
11:26:03,546,5.733605072463768
11:26:04,547,5.733605072463768
11:26:05,547,5.742050587172539
11:26:06,547,5.742050587172539
11:26:07,547,5.742050587172539
11:26:08,548,5.74545045045045
11:26:09,548,5.754267744833783
11:26:10,548,5.754267744833783
11:26:11,549,5.754267744833783
11:26:12,549,5.75766129032258
11:26:13,549,5.75766129032258
11:26:14,549,5.760947274352101
11:26:15,549,5.760947274352101
11:26:16,549,5.760947274352101
11:26:17,550,5.764081996434938
11:26:18,551,5.764081996434938
11:26:19,551,5.764081996434938
11:26:20,551,5.764081996434938
11:26:21,551,5.764081996434938
11:26:22,552,5.769688888888889
11:26:23,552,5.769688888888889
11:26:24,552,5.769688888888889
11:26:25,553,5.769688888888889
11:26:26,553,5.770966312056738
11:26:27,555,5.770966312056738
11:26:28,555,5.770966312056738
11:26:29,556,5.770966312056738
11:26:30,558,5.770966312056738
11:26:31,558,5.770966312056738
11:26:32,558,5.770966312056738
11:26:33,558,5.781393298059965
11:26:34,559,5.781393298059965
11:26:35,560,5.781393298059965
11:26:36,560,5.781393298059965
11:26:37,560,5.781393298059965
11:26:38,561,5.781393298059965
11:26:39,561,5.786191732629727
11:26:40,562,5.789254385964912
11:26:41,563,5.789254385964912
11:26:42,563,5.789254385964912
11:26:43,563,5.791076115485565
11:26:44,563,5.791076115485565
11:26:45,563,5.791076115485565
11:26:46,563,5.797993019197207
11:26:47,563,5.797993019197207
11:26:48,563,5.797993019197207
11:26:49,563,5.797993019197207
11:26:50,563,5.797993019197207
11:26:51,563,5.797993019197207
11:26:52,564,5.797993019197207
11:26:53,564,5.802349869451698
11:26:54,564,5.802349869451698
11:26:55,564,5.807855902777778
11:26:56,564,5.807855902777778
11:26:57,564,5.812640692640693
11:26:58,564,5.812640692640693
11:26:59,564,5.813816925734025
11:27:00,564,5.813816925734025
11:27:01,564,5.813816925734025
11:27:02,564,5.813816925734025
11:27:03,564,5.813816925734025
11:27:04,564,5.813816925734025
11:27:05,564,5.813816925734025
11:27:06,564,5.813816925734025
11:27:07,564,5.813816925734025
11:27:08,564,5.813816925734025
11:27:09,565,5.81916451335056
11:27:10,565,5.81916451335056
11:27:11,565,5.82409793814433
11:27:12,565,5.82409793814433
11:27:13,565,5.82409793814433
11:27:14,565,5.831965811965812
11:27:15,565,5.831965811965812
11:27:16,565,5.831965811965812
11:27:17,565,5.839455782312925
11:27:18,565,5.839455782312925
11:27:19,566,5.839455782312925
11:27:20,566,5.839455782312925
11:27:21,567,5.845547073791349
11:27:22,567,5.845547073791349
11:27:23,567,5.845547073791349
11:27:24,567,5.85359560067682
11:27:25,567,5.85359560067682
11:27:26,567,5.85359560067682
11:27:27,567,5.85359560067682
11:27:28,567,5.859704641350211
11:27:29,567,5.859704641350211
11:27:30,568,5.859704641350211
11:27:31,568,5.859704641350211
11:27:32,568,5.861952861952862
11:27:33,569,5.861952861952862
11:27:34,569,5.861952861952862
11:27:35,569,5.864231738035264
11:27:36,569,5.864231738035264
11:27:37,572,5.864231738035264
11:27:38,572,5.864231738035264
11:27:39,572,5.864231738035264
11:27:40,572,5.864231738035264
11:27:41,574,5.864231738035264
11:27:42,574,5.872194304857621
11:27:43,576,5.872194304857621
11:27:44,576,5.872194304857621
11:27:45,577,5.872194304857621
11:27:46,579,5.877736006683375
11:27:47,579,5.877736006683375
11:27:48,579,5.877736006683375
11:27:49,580,5.883583333333333
11:27:50,581,5.884788029925187
11:27:51,581,5.884788029925187
11:27:52,582,5.884788029925187
11:27:53,584,5.884788029925187
11:27:54,584,5.884788029925187
11:27:55,584,5.884788029925187
11:27:56,584,5.884788029925187
11:27:57,584,5.884788029925187
11:27:58,585,5.884788029925187
11:27:59,585,5.884788029925187
11:28:00,585,5.884788029925187
11:28:01,585,5.891873963515755
11:28:02,586,5.891873963515755
11:28:03,586,5.891873963515755
11:28:04,586,5.898552522746071
11:28:05,586,5.898552522746071
11:28:06,586,5.898552522746071
11:28:07,588,5.909053497942386
11:28:08,588,5.909053497942386
11:28:09,588,5.909053497942386
11:28:10,589,5.909053497942386
11:28:11,589,5.909053497942386
11:28:12,589,5.922113022113022
11:28:13,589,5.922113022113022
11:28:14,590,5.922113022113022
11:28:15,590,5.928839869281046
11:28:16,590,5.935533822330888
11:28:17,590,5.935533822330888
11:28:18,590,5.935533822330888
11:28:19,590,5.935533822330888
11:28:20,590,5.935533822330888
11:28:21,590,5.935533822330888
11:28:22,590,5.94219512195122
11:28:23,590,5.94219512195122
11:28:24,590,5.952144012944983
11:28:25,590,5.952144012944983
11:28:26,590,5.952144012944983
11:28:27,590,5.952144012944983
11:28:28,590,5.952144012944983
11:28:29,590,5.952144012944983
11:28:30,590,5.952144012944983
11:28:31,590,5.952144012944983
11:28:32,591,5.952144012944983
11:28:33,591,5.952144012944983
11:28:34,591,5.952144012944983
11:28:35,591,5.959927360774818
11:28:36,591,5.959927360774818
11:28:37,592,5.959927360774818
11:28:38,592,5.966908212560386
11:28:39,592,5.966908212560386
11:28:40,592,5.966908212560386
11:28:41,592,5.970160642570281
11:28:42,592,5.970160642570281
11:28:43,592,5.970160642570281
11:28:44,592,5.970160642570281
11:28:45,592,5.970160642570281
11:28:46,592,5.977483974358974
11:28:47,592,5.977483974358974
11:28:48,592,5.985091926458833
11:28:49,592,5.985091926458833
11:28:50,592,5.985091926458833
11:28:51,592,5.985091926458833
11:28:52,592,5.985091926458833
11:28:53,592,5.993102073365232
11:28:54,592,5.993102073365232
11:28:55,592,5.993102073365232
11:28:56,592,6.000755767700875
11:28:57,592,6.000755767700875
11:28:58,592,6.000755767700875
11:28:59,592,6.008333333333334
11:29:00,592,6.008333333333334
11:29:01,592,6.015874901029295
11:29:02,592,6.015874901029295
11:29:03,592,6.015874901029295
11:29:04,592,6.015874901029295
11:29:05,592,6.015874901029295
11:29:06,592,6.022867298578199
11:29:07,592,6.022867298578199
11:29:08,592,6.022867298578199
11:29:09,592,6.022867298578199
11:29:10,592,6.022867298578199
11:29:11,592,6.026477541371158
11:29:12,592,6.033687106918239
11:29:13,592,6.033687106918239
11:29:14,592,6.037490196078432
11:29:15,592,6.037490196078432
11:29:16,592,6.037490196078432
11:29:17,592,6.037490196078432
11:29:18,592,6.037490196078432
11:29:19,592,6.037490196078432
11:29:20,592,6.0454616588419405
11:29:21,592,6.0454616588419405
11:29:22,592,6.053590944574551
11:29:23,592,6.053590944574551
11:29:24,592,6.053590944574551
11:29:25,593,6.053590944574551
11:29:26,593,6.053590944574551
11:29:27,593,6.053590944574551
11:29:28,593,6.06148753894081
11:29:29,593,6.06148753894081
11:29:30,593,6.064879564879565
11:29:31,593,6.064879564879565
11:29:32,593,6.073217054263566
11:29:33,593,6.073217054263566
11:29:34,593,6.073217054263566
11:29:35,593,6.073217054263566
11:29:36,593,6.073217054263566
11:29:37,593,6.073217054263566
11:29:38,594,6.08093580819799
11:29:39,594,6.090007716049383
11:29:40,594,6.090007716049383
11:29:41,595,6.090007716049383
11:29:42,595,6.098498845265589
11:29:43,596,6.098498845265589
11:29:44,596,6.098498845265589
11:29:45,597,6.102803379416283
11:29:46,597,6.102803379416283
11:29:47,598,6.102803379416283
11:29:48,598,6.105593869731801
11:29:49,599,6.105593869731801
11:29:50,599,6.105593869731801
11:29:51,599,6.105593869731801
11:29:52,599,6.113188073394496
11:29:53,599,6.113188073394496
11:29:54,599,6.113188073394496
11:29:55,600,6.113188073394496
11:29:56,600,6.121510297482838
11:29:57,600,6.121510297482838
11:29:58,600,6.121510297482838
11:29:59,601,6.121510297482838
11:30:00,601,6.121510297482838
11:30:01,601,6.130289193302891
11:30:02,601,6.130289193302891
11:30:03,602,6.130289193302891
11:30:04,602,6.130289193302891
11:30:05,603,6.130289193302891
11:30:06,603,6.130289193302891
11:30:07,603,6.130289193302891
11:30:08,603,6.130289193302891
11:30:09,604,6.130289193302891
11:30:10,604,6.130289193302891
11:30:11,604,6.138990129081246
11:30:12,604,6.138990129081246
11:30:13,605,6.138990129081246
11:30:14,606,6.138990129081246
11:30:15,606,6.138990129081246
11:30:16,606,6.148371212121211
11:30:17,606,6.148371212121211
11:30:18,606,6.157105064247921
11:30:19,607,6.1619155354449475
11:30:20,607,6.1619155354449475
11:30:21,607,6.166440933032356
11:30:22,607,6.166440933032356
11:30:23,608,6.166440933032356
11:30:24,608,6.166440933032356
11:30:25,608,6.166440933032356
11:30:26,608,6.166440933032356
11:30:27,608,6.166440933032356
11:30:28,610,6.166440933032356
11:30:29,611,6.166440933032356
11:30:30,611,6.175
11:30:31,612,6.183295880149813
11:30:32,612,6.1927503736920775
11:30:33,612,6.1927503736920775
11:30:34,613,6.1927503736920775
11:30:35,613,6.201640566741237
11:30:36,613,6.201640566741237
11:30:37,613,6.201640566741237
11:30:38,614,6.20561755952381
11:30:39,615,6.20561755952381
11:30:40,616,6.20561755952381
11:30:41,616,6.20561755952381
11:30:42,616,6.215627319970305
11:30:43,618,6.215627319970305
11:30:44,618,6.225
11:30:45,618,6.225
11:30:46,619,6.225
11:30:47,621,6.2339985218034
11:30:48,621,6.2339985218034
11:30:49,622,6.2339985218034
11:30:50,622,6.2339985218034
11:30:51,622,6.244579646017699
11:30:52,622,6.244579646017699
11:30:53,623,6.244579646017699
11:30:54,623,6.244579646017699
11:30:55,623,6.253090507726269
11:30:56,623,6.253090507726269
11:30:57,623,6.253090507726269
11:30:58,624,6.253090507726269
11:30:59,624,6.253090507726269
11:31:00,624,6.253090507726269
11:31:01,624,6.26075624082232
11:31:02,625,6.26075624082232
11:31:03,625,6.271062271062272
11:31:04,625,6.271062271062272
11:31:05,626,6.280847953216375
11:31:06,626,6.280847953216375
11:31:07,626,6.280847953216375
11:31:08,627,6.280847953216375
11:31:09,627,6.285193289569658
11:31:10,627,6.285193289569658
11:31:11,627,6.285193289569658
11:31:12,628,6.289883551673944
11:31:13,628,6.289883551673944
11:31:14,629,6.289883551673944
11:31:15,630,6.294299201161946
11:31:16,631,6.294299201161946
11:31:17,631,6.294299201161946
11:31:18,631,6.303840579710145
11:31:19,633,6.303840579710145
11:31:20,634,6.303840579710145
11:31:21,634,6.314244396240058
11:31:22,634,6.314244396240058
11:31:23,634,6.314244396240058
11:31:24,634,6.3236291486291485
11:31:25,634,6.3236291486291485
11:31:26,634,6.3236291486291485
11:31:27,634,6.3236291486291485
11:31:28,634,6.3236291486291485
11:31:29,634,6.3236291486291485
11:31:30,634,6.3236291486291485
11:31:31,634,6.3236291486291485
11:31:32,634,6.3236291486291485
11:31:33,634,6.3236291486291485
11:31:34,635,6.3236291486291485
11:31:35,635,6.334197264218862
11:31:36,635,6.334197264218862
11:31:37,636,6.345114942528736
11:31:38,636,6.345114942528736
11:31:39,636,6.354623655913978
11:31:40,636,6.354623655913978
11:31:41,636,6.354623655913978
11:31:42,636,6.354623655913978
11:31:43,636,6.354623655913978
11:31:44,636,6.365450643776824
11:31:45,636,6.36887937187723
11:31:46,636,6.379166666666666
11:31:47,637,6.379166666666666
11:31:48,637,6.379166666666666
11:31:49,637,6.379166666666666
11:31:50,637,6.379166666666666
11:31:51,637,6.379166666666666
11:31:52,637,6.379166666666666
11:31:53,637,6.387597725657427
11:31:54,637,6.387597725657427
11:31:55,638,6.397446808510638
11:31:56,638,6.406829440905875
11:31:57,638,6.406829440905875
11:31:58,638,6.406829440905875
11:31:59,638,6.421952078928824
11:32:00,638,6.421952078928824
11:32:01,638,6.421952078928824
11:32:02,638,6.421952078928824
11:32:03,638,6.421952078928824
11:32:04,638,6.431610407876231
11:32:05,639,6.431610407876231
11:32:06,639,6.431610407876231
11:32:07,639,6.431610407876231
11:32:08,639,6.431610407876231
11:32:09,639,6.431610407876231
11:32:10,639,6.431610407876231
11:32:11,639,6.4400350877192984
11:32:12,640,6.4400350877192984
11:32:13,640,6.4400350877192984
11:32:14,640,6.445028011204482
11:32:15,640,6.45272536687631
11:32:16,640,6.45272536687631
11:32:17,640,6.45272536687631
11:32:18,640,6.45272536687631
11:32:19,641,6.45272536687631
11:32:20,642,6.45272536687631
11:32:21,642,6.45272536687631
11:32:22,644,6.45272536687631
11:32:23,644,6.45272536687631
11:32:24,644,6.45272536687631
11:32:25,645,6.45272536687631
11:32:26,645,6.45272536687631
11:32:27,645,6.473729993041058
11:32:28,646,6.473729993041058
11:32:29,648,6.473729993041058
11:32:30,648,6.483576388888889
11:32:31,649,6.483576388888889
11:32:32,649,6.483576388888889
11:32:33,650,6.487907137907138
11:32:34,650,6.498029045643153
11:32:35,652,6.501897860593513
11:32:36,653,6.501897860593513
11:32:37,653,6.507059228650138
11:32:38,653,6.507059228650138
11:32:39,655,6.507059228650138
11:32:40,656,6.507059228650138
11:32:41,656,6.507059228650138
11:32:42,657,6.507059228650138
11:32:43,658,6.507059228650138
11:32:44,658,6.515773195876289
11:32:45,658,6.515773195876289
11:32:46,659,6.5257887517146775
11:32:47,659,6.5257887517146775
11:32:48,659,6.537713894592745
11:32:49,660,6.537713894592745
11:32:50,660,6.537713894592745
11:32:51,661,6.537713894592745
11:32:52,661,6.537713894592745
11:32:53,661,6.537713894592745
11:32:54,662,6.537713894592745
11:32:55,662,6.549965846994536
11:32:56,662,6.549965846994536
11:32:57,664,6.549965846994536
11:32:58,664,6.561042944785275
11:32:59,664,6.561042944785275
11:33:00,665,6.570238095238095
11:33:01,667,6.58031228784793
11:33:02,667,6.58031228784793
11:33:03,668,6.5895325203252035
11:33:04,669,6.593340094658553
11:33:05,669,6.593340094658553
11:33:06,670,6.593340094658553
11:33:07,671,6.593340094658553
11:33:08,671,6.597908232118758
11:33:09,672,6.597908232118758
11:33:10,672,6.597908232118758
11:33:11,673,6.597908232118758
11:33:12,673,6.597908232118758
11:33:13,674,6.597908232118758
11:33:14,674,6.597908232118758
11:33:15,674,6.597908232118758
11:33:16,676,6.597908232118758
11:33:17,676,6.597908232118758
11:33:18,676,6.597908232118758
11:33:19,676,6.607474747474748
11:33:20,677,6.607474747474748
11:33:21,677,6.607474747474748
11:33:22,677,6.616565860215053
11:33:23,677,6.616565860215053
11:33:24,678,6.62729711602951
11:33:25,678,6.62729711602951
11:33:26,679,6.62729711602951
11:33:27,680,6.62729711602951
11:33:28,680,6.62729711602951
11:33:29,680,6.62729711602951
11:33:30,681,6.62729711602951
11:33:31,682,6.62729711602951
11:33:32,682,6.62729711602951
11:33:33,682,6.62729711602951
11:33:34,684,6.62729711602951
11:33:35,684,6.62729711602951
11:33:36,684,6.62729711602951
11:33:37,684,6.62729711602951
11:33:38,684,6.62729711602951
11:33:39,684,6.633500669344043
11:33:40,685,6.633500669344043
11:33:41,685,6.633500669344043
11:33:42,686,6.633500669344043
11:33:43,687,6.643587174348697
11:33:44,687,6.643587174348697
11:33:45,688,6.653533333333333
11:33:46,689,6.653533333333333
11:33:47,689,6.666733200266134
11:33:48,690,6.677589641434263
11:33:49,690,6.686646785950961
11:33:50,690,6.698544973544974
11:33:51,691,6.698544973544974
11:33:52,691,6.698544973544974
11:33:53,691,6.698544973544974
11:33:54,692,6.698544973544974
11:33:55,693,6.707260726072607
11:33:56,693,6.712121212121213
11:33:57,694,6.712121212121213
11:33:58,694,6.71689677843524
11:33:59,695,6.71689677843524
11:34:00,695,6.721719160104986
11:34:01,695,6.721719160104986
11:34:02,697,6.721719160104986
11:34:03,697,6.721719160104986
11:34:04,697,6.730582842174198
11:34:05,698,6.740718954248366
11:34:06,698,6.740718954248366
11:34:07,698,6.740718954248366
11:34:08,699,6.751141552511416
11:34:09,699,6.751141552511416
11:34:10,699,6.751141552511416
11:34:11,700,6.751141552511416
11:34:12,700,6.751141552511416
11:34:13,700,6.754427083333334
11:34:14,700,6.754427083333334
11:34:15,701,6.754427083333334
11:34:16,701,6.754427083333334
11:34:17,701,6.754427083333334
11:34:18,701,6.754427083333334
11:34:19,702,6.754427083333334
11:34:20,702,6.754427083333334
11:34:21,703,6.754427083333334
11:34:22,703,6.754427083333334
11:34:23,703,6.761468486029889
11:34:24,703,6.761468486029889
11:34:25,705,6.766536964980545
11:34:26,705,6.766536964980545
11:34:27,705,6.766536964980545
11:34:28,706,6.766536964980545
11:34:29,706,6.766536964980545
11:34:30,706,6.766536964980545
11:34:31,707,6.769644012944983
11:34:32,707,6.769644012944983
11:34:33,707,6.77312661498708
11:34:34,707,6.77312661498708
11:34:35,708,6.77312661498708
11:34:36,708,6.77312661498708
11:34:37,708,6.77312661498708
11:34:38,708,6.785525467440361
11:34:39,709,6.785525467440361
11:34:40,709,6.79494851994852
11:34:41,709,6.79494851994852
11:34:42,709,6.799165061014772
11:34:43,710,6.799165061014772
11:34:44,710,6.802307692307692
11:34:45,711,6.802307692307692
11:34:46,711,6.808893154190659
11:34:47,711,6.808893154190659
11:34:48,711,6.819795657726692
11:34:49,711,6.819795657726692
11:34:50,711,6.819795657726692
11:34:51,711,6.819795657726692
11:34:52,711,6.819795657726692
11:34:53,711,6.819795657726692
11:34:54,711,6.819795657726692
11:34:55,711,6.824506054811982
11:34:56,711,6.832251908396946
11:34:57,711,6.832251908396946
11:34:58,711,6.832251908396946
11:34:59,711,6.840761904761905
11:35:00,711,6.840761904761905
11:35:01,711,6.840761904761905
11:35:02,711,6.840761904761905
11:35:03,711,6.840761904761905
11:35:04,711,6.840761904761905
11:35:05,711,6.840761904761905
11:35:06,711,6.840761904761905
11:35:07,711,6.844708491761724
11:35:08,711,6.844708491761724
11:35:09,711,6.844708491761724
11:35:10,711,6.844708491761724
11:35:11,711,6.844708491761724
11:35:12,711,6.853573687539532
11:35:13,711,6.853573687539532
11:35:14,711,6.853573687539532
11:35:15,711,6.857133838383839
11:35:16,712,6.857133838383839
11:35:17,712,6.857133838383839
11:35:18,712,6.857133838383839
11:35:19,712,6.871603773584906
11:35:20,712,6.871603773584906
11:35:21,712,6.871603773584906
11:35:22,712,6.871603773584906
11:35:23,712,6.871603773584906
11:35:24,712,6.871603773584906
11:35:25,712,6.871603773584906
11:35:26,712,6.871603773584906
11:35:27,712,6.871603773584906
11:35:28,713,6.884274952919021
11:35:29,713,6.884274952919021
11:35:30,713,6.884274952919021
11:35:31,714,6.884274952919021
11:35:32,714,6.884274952919021
11:35:33,714,6.884274952919021
11:35:34,714,6.896616541353383
11:35:35,714,6.896616541353383
11:35:36,715,6.896616541353383
11:35:37,716,6.906148564294631
11:35:38,716,6.906148564294631
11:35:39,716,6.914984423676013
11:35:40,716,6.920398009950248
11:35:41,717,6.920398009950248
11:35:42,717,6.920398009950248
11:35:43,718,6.920398009950248
11:35:44,718,6.920398009950248
11:35:45,718,6.929081315952825
11:35:46,720,6.929081315952825
11:35:47,720,6.929081315952825
11:35:48,720,6.929081315952825
11:35:49,720,6.932806691449814
11:35:50,721,6.932806691449814
11:35:51,721,6.932806691449814
11:35:52,721,6.932806691449814
11:35:53,721,6.932806691449814
11:35:54,721,6.932806691449814
11:35:55,721,6.932806691449814
11:35:56,721,6.939938271604938
11:35:57,721,6.939938271604938
11:35:58,721,6.939938271604938
11:35:59,721,6.939938271604938
11:36:00,721,6.948059149722736
11:36:01,721,6.948059149722736
11:36:02,721,6.948059149722736
11:36:03,721,6.948059149722736
11:36:04,721,6.9529520295202945
11:36:05,721,6.9529520295202945
11:36:06,721,6.9529520295202945
11:36:07,721,6.9529520295202945
11:36:08,722,6.9602516881522405
11:36:09,722,6.9602516881522405
11:36:10,723,6.9602516881522405
11:36:11,723,6.965594362745097
11:36:12,723,6.971459096459097
11:36:13,723,6.971459096459097
11:36:14,723,6.971459096459097
11:36:15,723,6.971459096459097
11:36:16,723,6.971459096459097
11:36:17,723,6.971459096459097
11:36:18,723,6.97684338817794
11:36:19,723,6.97684338817794
11:36:20,723,6.9889902676399025
11:36:21,723,6.9889902676399025
11:36:22,723,6.9889902676399025
11:36:23,723,6.9889902676399025
11:36:24,723,6.9889902676399025
11:36:25,723,6.9889902676399025
11:36:26,723,6.9940194292653315
11:36:27,724,6.9940194292653315
11:36:28,724,6.999060606060606
11:36:29,724,6.999060606060606
11:36:30,726,6.999060606060606
11:36:31,726,7.001361161524501
11:36:32,726,7.001361161524501
11:36:33,727,7.001361161524501
11:36:34,727,7.001361161524501
11:36:35,727,7.001361161524501
11:36:36,727,7.001361161524501
11:36:37,727,7.001361161524501
11:36:38,727,7.001361161524501
11:36:39,727,7.001361161524501
11:36:40,727,7.001361161524501
11:36:41,727,7.001361161524501
11:36:42,727,7.001361161524501
11:36:43,727,7.004498792270531
11:36:44,727,7.007383966244726
11:36:45,727,7.007383966244726
11:36:46,727,7.007383966244726
11:36:47,727,7.007383966244726
11:36:48,727,7.0177196149217815
11:36:49,727,7.0177196149217815
11:36:50,727,7.0177196149217815
11:36:51,727,7.025765765765766
11:36:52,727,7.025765765765766
11:36:53,727,7.025765765765766
11:36:54,727,7.035011990407673
11:36:55,727,7.035011990407673
11:36:56,727,7.035011990407673
11:36:57,727,7.039108318372232
11:36:58,727,7.039108318372232
11:36:59,727,7.039108318372232
11:37:00,727,7.039108318372232
11:37:01,728,7.039108318372232
11:37:02,728,7.03963560334528
11:37:03,728,7.03963560334528
11:37:04,728,7.03963560334528
11:37:05,728,7.03963560334528
11:37:06,729,7.03963560334528
11:37:07,729,7.03963560334528
11:37:08,729,7.050745378652355
11:37:09,729,7.050745378652355
11:37:10,730,7.050745378652355
11:37:11,730,7.050745378652355
11:37:12,730,7.054494047619047
11:37:13,731,7.054494047619047
11:37:14,731,7.06078431372549
11:37:15,731,7.06078431372549
11:37:16,731,7.065243179122183
11:37:17,731,7.065243179122183
11:37:18,732,7.0732978093546475
11:37:19,732,7.073729314420803
11:37:20,732,7.073729314420803
11:37:21,732,7.073729314420803
11:37:22,732,7.073805309734513
11:37:23,733,7.073805309734513
11:37:24,733,7.073805309734513
11:37:25,733,7.073805309734513
11:37:26,734,7.083451118963486
11:37:27,734,7.083451118963486
11:37:28,734,7.083451118963486
11:37:29,734,7.083451118963486
11:37:30,735,7.083451118963486
11:37:31,735,7.09021164021164
11:37:32,735,7.09021164021164
11:37:33,736,7.09021164021164
11:37:34,736,7.09021164021164
11:37:35,736,7.094806338028168
11:37:36,736,7.094806338028168
11:37:37,737,7.094806338028168
11:37:38,737,7.094806338028168
11:37:39,737,7.094806338028168
11:37:40,738,7.094806338028168
11:37:41,738,7.094806338028168
11:37:42,738,7.094806338028168
11:37:43,739,7.094806338028168
11:37:44,739,7.094806338028168
11:37:45,739,7.094806338028168
11:37:46,741,7.099765670767428
11:37:47,741,7.099765670767428
11:37:48,741,7.104970760233917
11:37:49,741,7.104970760233917
11:37:50,742,7.104970760233917
11:37:51,742,7.110070052539404
11:37:52,742,7.110693473193473
11:37:53,743,7.110693473193473
11:37:54,743,7.115735892961024
11:37:55,743,7.124564459930314
11:37:56,743,7.124564459930314
11:37:57,743,7.126115942028986
11:37:58,743,7.137789351851851
11:37:59,743,7.137789351851851
11:38:00,743,7.137789351851851
11:38:01,743,7.146418255343732
11:38:02,743,7.146418255343732
11:38:03,743,7.150490196078431
11:38:04,743,7.150490196078431
11:38:05,744,7.150490196078431
11:38:06,745,7.1559873344847444
11:38:07,745,7.1559873344847444
11:38:08,745,7.1559873344847444
11:38:09,745,7.1559873344847444
11:38:10,745,7.1559873344847444
11:38:11,745,7.1559873344847444
11:38:12,745,7.1559873344847444
11:38:13,745,7.1559873344847444
11:38:14,745,7.1559873344847444
11:38:15,745,7.1559873344847444
11:38:16,745,7.1559873344847444
11:38:17,745,7.1559873344847444
11:38:18,745,7.1559873344847444
11:38:19,745,7.1559873344847444
11:38:20,745,7.1559873344847444
11:38:21,745,7.157471264367816
11:38:22,745,7.157471264367816
11:38:23,745,7.157471264367816
11:38:24,745,7.157471264367816
11:38:25,745,7.165633964429145
11:38:26,745,7.165633964429145
11:38:27,745,7.167010309278351
11:38:28,745,7.167010309278351
11:38:29,745,7.175328759291023
11:38:30,745,7.175328759291023
11:38:31,746,7.175328759291023
11:38:32,746,7.175328759291023
11:38:33,747,7.175328759291023
11:38:34,747,7.175328759291023
11:38:35,747,7.175328759291023
11:38:36,748,7.175328759291023
11:38:37,748,7.175328759291023
11:38:38,748,7.179715099715099
11:38:39,748,7.179715099715099
11:38:40,748,7.179715099715099
11:38:41,748,7.1809442548350395
11:38:42,748,7.1809442548350395
11:38:43,748,7.184525837592277
11:38:44,748,7.184525837592277
11:38:45,748,7.184525837592277
11:38:46,748,7.184525837592277
11:38:47,748,7.184525837592277
11:38:48,749,7.184525837592277
11:38:49,749,7.193253968253968
11:38:50,749,7.193253968253968
11:38:51,750,7.195217883418223
11:38:52,750,7.195217883418223
11:38:53,750,7.201920903954802
11:38:54,750,7.201920903954802
11:38:55,750,7.201920903954802
11:38:56,750,7.201920903954802
11:38:57,750,7.203637901861252
11:38:58,751,7.203637901861252
11:38:59,751,7.203637901861252
11:39:00,751,7.207122747747747
11:39:01,751,7.207122747747747
11:39:02,751,7.219673974142777
11:39:03,752,7.219673974142777
11:39:04,753,7.219673974142777
11:39:05,753,7.219673974142777
11:39:06,753,7.219673974142777
11:39:07,755,7.219673974142777
11:39:08,755,7.219673974142777
11:39:09,755,7.219673974142777
11:39:10,755,7.219673974142777
11:39:11,756,7.219673974142777
11:39:12,756,7.219673974142777
11:39:13,758,7.219673974142777
11:39:14,758,7.219673974142777
11:39:15,758,7.219673974142777
11:39:16,758,7.219673974142777
11:39:17,758,7.226879910213244
11:39:18,759,7.226879910213244
11:39:19,759,7.226879910213244
11:39:20,759,7.226879910213244
11:39:21,759,7.236442577030813
11:39:22,760,7.236442577030813
11:39:23,760,7.236442577030813
11:39:24,760,7.24423937360179
11:39:25,761,7.24423937360179
11:39:26,761,7.24423937360179
11:39:27,761,7.250223338916807
11:39:28,761,7.250223338916807
11:39:29,762,7.254312743461324
11:39:30,762,7.254312743461324
11:39:31,762,7.254312743461324
11:39:32,763,7.258694444444444
11:39:33,763,7.258694444444444
11:39:34,763,7.258694444444444
11:39:35,763,7.258694444444444
11:39:36,764,7.258694444444444
11:39:37,764,7.258694444444444
11:39:38,764,7.258694444444444
11:39:39,764,7.258694444444444
11:39:40,764,7.259012756516916
11:39:41,764,7.259012756516916
11:39:42,765,7.259012756516916
11:39:43,765,7.259012756516916
11:39:44,765,7.259012756516916
11:39:45,765,7.259012756516916
11:39:46,765,7.2592192691029895
11:39:47,765,7.2592192691029895
11:39:48,765,7.2592192691029895
11:39:49,765,7.2592192691029895
11:39:50,765,7.263764510779437
11:39:51,765,7.27560706401766
11:39:52,765,7.27560706401766
11:39:53,765,7.27560706401766
11:39:54,765,7.27560706401766
11:39:55,765,7.27560706401766
11:39:56,765,7.27560706401766
11:39:57,766,7.27560706401766
11:39:58,767,7.27560706401766
11:39:59,767,7.283553719008265
11:40:00,767,7.283553719008265
11:40:01,767,7.29058209774849
11:40:02,768,7.29058209774849
11:40:03,768,7.29058209774849
11:40:04,768,7.292927631578947
11:40:05,768,7.292927631578947
11:40:06,768,7.292927631578947
11:40:07,768,7.292927631578947
11:40:08,768,7.292927631578947
11:40:09,769,7.296524356869185
11:40:10,769,7.305000000000001
11:40:11,769,7.305000000000001
11:40:12,769,7.305000000000001
11:40:13,770,7.305000000000001
11:40:14,770,7.305000000000001
11:40:15,770,7.305000000000001
11:40:16,770,7.305000000000001
11:40:17,770,7.305000000000001
11:40:18,771,7.305000000000001
11:40:19,771,7.30886524822695
11:40:20,771,7.30886524822695
11:40:21,773,7.310021786492374
11:40:22,773,7.310087003806417
11:40:23,774,7.310087003806417
11:40:24,774,7.310087003806417
11:40:25,774,7.310087003806417
11:40:26,774,7.310087003806417
11:40:27,774,7.310087003806417
11:40:28,775,7.310087003806417
11:40:29,775,7.310087003806417
11:40:30,775,7.310087003806417
11:40:31,775,7.310087003806417
11:40:32,775,7.310087003806417
11:40:33,775,7.310087003806417
11:40:34,775,7.3150108577633
11:40:35,775,7.3150108577633
11:40:36,775,7.319051490514905
11:40:37,775,7.319051490514905
11:40:38,776,7.320373376623377
11:40:39,776,7.320373376623377
11:40:40,776,7.3237709346299305
11:40:41,776,7.3237709346299305
11:40:42,776,7.3237709346299305
11:40:43,776,7.333845738942826
11:40:44,776,7.333845738942826
11:40:45,776,7.333845738942826
11:40:46,776,7.333845738942826
11:40:47,777,7.333845738942826
11:40:48,777,7.333845738942826
11:40:49,777,7.333845738942826
11:40:50,777,7.333845738942826
11:40:51,777,7.333845738942826
11:40:52,778,7.333845738942826
11:40:53,778,7.333845738942826
11:40:54,778,7.333845738942826
11:40:55,779,7.333845738942826
11:40:56,780,7.3355681206246635
11:40:57,781,7.3355681206246635
11:40:58,781,7.3355681206246635
11:40:59,782,7.340161290322581
11:41:00,782,7.34898013955985
11:41:01,782,7.34898013955985
11:41:02,782,7.34898013955985
11:41:03,783,7.352786709539121
11:41:04,783,7.352786709539121
11:41:05,783,7.356821829855537
11:41:06,783,7.356821829855537
11:41:07,783,7.356821829855537
11:41:08,783,7.361431623931624
11:41:09,783,7.361431623931624
11:41:10,783,7.361431623931624
11:41:11,784,7.363653333333334
11:41:12,784,7.368929712460064
11:41:13,784,7.370893141945773
11:41:14,784,7.370893141945773
11:41:15,785,7.370893141945773
11:41:16,785,7.370893141945773
11:41:17,785,7.370893141945773
11:41:18,786,7.370893141945773
11:41:19,786,7.370893141945773
11:41:20,786,7.370893141945773
11:41:21,786,7.370893141945773
11:41:22,786,7.370893141945773
11:41:23,787,7.370893141945773
11:41:24,787,7.370893141945773
11:41:25,787,7.370893141945773
11:41:26,788,7.374283439490446
11:41:27,788,7.374283439490446
11:41:28,788,7.374283439490446
11:41:29,789,7.374283439490446
11:41:30,789,7.374283439490446
11:41:31,790,7.374283439490446
11:41:32,790,7.374283439490446
11:41:33,790,7.387148913619502
11:41:34,791,7.387148913619502
11:41:35,792,7.387148913619502
11:41:36,792,7.387148913619502
11:41:37,792,7.387148913619502
11:41:38,792,7.387148913619502
11:41:39,792,7.390185185185185
11:41:40,793,7.393000528262018
11:41:41,793,7.393000528262018
11:41:42,793,7.393000528262018
11:41:43,793,7.393000528262018
11:41:44,794,7.393000528262018
11:41:45,794,7.39501582278481
11:41:46,794,7.39501582278481
11:41:47,794,7.39501582278481
11:41:48,794,7.39501582278481
11:41:49,796,7.39501582278481
11:41:50,796,7.39501582278481
11:41:51,796,7.4092797055730815
11:41:52,797,7.4092797055730815
11:41:53,797,7.4092797055730815
11:41:54,798,7.4092797055730815
11:41:55,799,7.4092797055730815
11:41:56,799,7.4092797055730815
11:41:57,799,7.414409448818898
11:41:58,800,7.414409448818898
11:41:59,801,7.414409448818898
11:42:00,801,7.41753144654088
11:42:01,802,7.41753144654088
11:42:02,803,7.419413919413919
11:42:03,803,7.419413919413919
11:42:04,804,7.419413919413919
11:42:05,804,7.419413919413919
11:42:06,804,7.419413919413919
11:42:07,805,7.419413919413919
11:42:08,805,7.419413919413919
11:42:09,805,7.419413919413919
11:42:10,805,7.422100313479623
11:42:11,807,7.422100313479623
11:42:12,807,7.422100313479623
11:42:13,807,7.422100313479623
11:42:14,809,7.422100313479623
11:42:15,809,7.422100313479623
11:42:16,809,7.428377673448096
11:42:17,810,7.428377673448096
11:42:18,810,7.430390625
11:42:19,810,7.436869474778991
11:42:20,811,7.436869474778991
11:42:21,811,7.436869474778991
11:42:22,811,7.436869474778991
11:42:23,814,7.448727933541018
11:42:24,814,7.448727933541018
11:42:25,814,7.448727933541018
11:42:26,816,7.448727933541018
11:42:27,817,7.448727933541018
11:42:28,817,7.448727933541018
11:42:29,819,7.452695697252462
11:42:30,820,7.452695697252462
11:42:31,820,7.45631469979296
11:42:32,821,7.45631469979296
11:42:33,821,7.4587596899224815
11:42:34,823,7.4587596899224815
11:42:35,823,7.464912280701754
11:42:36,825,7.464912280701754
11:42:37,825,7.464912280701754
11:42:38,825,7.464912280701754
11:42:39,825,7.464912280701754
11:42:40,827,7.464912280701754
11:42:41,827,7.471020092735703
11:42:42,828,7.471020092735703
11:42:43,829,7.471020092735703
11:42:44,829,7.471020092735703
11:42:45,830,7.471020092735703
11:42:46,830,7.475231481481482
11:42:47,830,7.4801746276322545
11:42:48,830,7.4801746276322545
11:42:49,830,7.4801746276322545
11:42:50,830,7.483589743589744
11:42:51,830,7.483589743589744
11:42:52,830,7.485560675883257
11:42:53,830,7.492229038854806
11:42:54,831,7.492229038854806
11:42:55,832,7.492229038854806
11:42:56,832,7.495610005104646
11:42:57,832,7.507339449541285
11:42:58,834,7.507339449541285
11:42:59,835,7.507339449541285
11:43:00,835,7.507339449541285
11:43:01,837,7.507339449541285
11:43:02,837,7.507339449541285
11:43:03,838,7.5111704834605595
11:43:04,840,7.5111704834605595
11:43:05,840,7.5111704834605595
11:43:06,841,7.5111704834605595
11:43:07,842,7.5130589430894315
11:43:08,843,7.5130589430894315
11:43:09,843,7.5130589430894315
11:43:10,845,7.5130589430894315
11:43:11,846,7.5130589430894315
11:43:12,846,7.5130589430894315
11:43:13,848,7.5130589430894315
11:43:14,849,7.5130589430894315
11:43:15,849,7.5130589430894315
11:43:16,849,7.5130589430894315
11:43:17,850,7.5130589430894315
11:43:18,850,7.5130589430894315
11:43:19,850,7.5130589430894315
11:43:20,851,7.5130589430894315
11:43:21,852,7.5130589430894315
11:43:22,853,7.517732115677321
11:43:23,854,7.517732115677321
11:43:24,854,7.5230496453900715
11:43:25,854,7.5230496453900715
11:43:26,855,7.5230496453900715
11:43:27,855,7.526783004552352
11:43:28,855,7.5333838383838385
11:43:29,855,7.5333838383838385
11:43:30,855,7.5333838383838385
11:43:31,856,7.5333838383838385
11:43:32,856,7.545284921835602
11:43:33,856,7.550327291037261
11:43:34,856,7.550327291037261
11:43:35,857,7.550327291037261
11:43:36,857,7.550327291037261
11:43:37,857,7.553443941679236
11:43:38,858,7.558132530120482
11:43:39,859,7.56298245614035
11:43:40,859,7.56298245614035
11:43:41,859,7.566516516516517
11:43:42,861,7.567491254372813
11:43:43,861,7.567491254372813
11:43:44,861,7.567491254372813
11:43:45,861,7.567491254372813
11:43:46,861,7.567491254372813
11:43:47,861,7.572904191616767
11:43:48,861,7.572904191616767
11:43:49,861,7.572904191616767
11:43:50,861,7.572904191616767
11:43:51,861,7.572904191616767
11:43:52,861,7.572904191616767
11:43:53,861,7.577553562531141
11:43:54,861,7.577553562531141
11:43:55,863,7.577553562531141
11:43:56,863,7.577553562531141
11:43:57,863,7.577553562531141
11:43:58,863,7.577553562531141
11:43:59,864,7.577553562531141
11:44:00,864,7.577553562531141
11:44:01,864,7.577553562531141
11:44:02,864,7.577553562531141
11:44:03,865,7.577553562531141
11:44:04,865,7.577553562531141
11:44:05,865,7.5870149253731345
11:44:06,865,7.5870149253731345
11:44:07,865,7.5870149253731345
11:44:08,866,7.5870149253731345
11:44:09,866,7.5870149253731345
11:44:10,866,7.591679085941381
11:44:11,866,7.591679085941381
11:44:12,866,7.59516369047619
11:44:13,866,7.59516369047619
11:44:14,866,7.59516369047619
11:44:15,866,7.599801882119861
11:44:16,866,7.5992581602373885
11:44:17,866,7.5992581602373885
11:44:18,866,7.5992581602373885
11:44:19,866,7.5992581602373885
11:44:20,866,7.5992581602373885
11:44:21,866,7.5992581602373885
11:44:22,867,7.60956607495069
11:44:23,867,7.60956607495069
11:44:24,867,7.60956607495069
11:44:25,867,7.60956607495069
11:44:26,867,7.60956607495069
11:44:27,867,7.60956607495069
11:44:28,868,7.614746430329887
11:44:29,868,7.614746430329887
11:44:30,868,7.6190511307767945
11:44:31,869,7.622434953362788
11:44:32,869,7.622434953362788
11:44:33,869,7.622434953362788
11:44:34,869,7.626544117647058
11:44:35,869,7.626544117647058
11:44:36,870,7.627214880078316
11:44:37,870,7.627214880078316
11:44:38,870,7.627214880078316
11:44:39,870,7.627214880078316
11:44:40,870,7.627214880078316
11:44:41,870,7.632306940371456
11:44:42,870,7.632306940371456
11:44:43,870,7.632306940371456
11:44:44,871,7.637115666178624
11:44:45,871,7.637115666178624
11:44:46,871,7.641057504873294
11:44:47,871,7.641057504873294
11:44:48,871,7.641057504873294
11:44:49,872,7.641057504873294
11:44:50,872,7.645425790754258
11:44:51,872,7.645425790754258
11:44:52,872,7.645425790754258
11:44:53,872,7.645425790754258
11:44:54,872,7.655296404275997
11:44:55,872,7.655296404275997
11:44:56,872,7.655296404275997
11:44:57,872,7.655296404275997
11:44:58,872,7.655296404275997
11:44:59,872,7.655296404275997
11:45:00,872,7.655296404275997
11:45:01,872,7.655296404275997
11:45:02,872,7.655296404275997
11:45:03,872,7.660359049005337
11:45:04,872,7.66029554263566
11:45:05,872,7.662675374939526
11:45:06,873,7.66695652173913
11:45:07,873,7.66695652173913
11:45:08,873,7.66695652173913
11:45:09,873,7.66695652173913
11:45:10,873,7.66695652173913
11:45:11,873,7.677504816955684
11:45:12,873,7.677504816955684
11:45:13,873,7.677504816955684
11:45:14,873,7.677504816955684
11:45:15,873,7.677504816955684
11:45:16,873,7.677504816955684
11:45:17,873,7.683116883116883
11:45:18,873,7.683116883116883
11:45:19,873,7.683116883116883
11:45:20,873,7.690057636887608
11:45:21,873,7.692973621103118
11:45:22,873,7.698180076628352
11:45:23,873,7.698180076628352
11:45:24,873,7.698063127690101
11:45:25,873,7.698063127690101
11:45:26,873,7.698063127690101
11:45:27,873,7.698063127690101
11:45:28,874,7.698063127690101
11:45:29,874,7.698063127690101
11:45:30,874,7.707831900668577
11:45:31,874,7.707831900668577
11:45:32,874,7.707831900668577
11:45:33,876,7.712851692894612
11:45:34,876,7.712851692894612
11:45:35,877,7.718571428571428
11:45:36,877,7.718571428571428
11:45:37,877,7.718571428571428
11:45:38,877,7.7215168806466945
11:45:39,877,7.7215168806466945
11:45:40,877,7.7215168806466945
11:45:41,878,7.7215168806466945
11:45:42,878,7.7215168806466945
11:45:43,878,7.7215168806466945
11:45:44,878,7.7215168806466945
11:45:45,878,7.7215168806466945
11:45:46,878,7.7215168806466945
11:45:47,879,7.7215168806466945
11:45:48,879,7.7215168806466945
11:45:49,879,7.7215168806466945
11:45:50,879,7.7215168806466945
11:45:51,879,7.7215168806466945
11:45:52,880,7.7215168806466945
11:45:53,880,7.7215168806466945
11:45:54,880,7.722934472934472
11:45:55,881,7.722934472934472
11:45:56,881,7.728165007112376
11:45:57,881,7.728165007112376
11:45:58,881,7.727107007575757
11:45:59,881,7.727107007575757
11:46:00,881,7.727107007575757
11:46:01,881,7.727107007575757
11:46:02,881,7.727107007575757
11:46:03,881,7.727107007575757
11:46:04,881,7.727107007575757
11:46:05,881,7.727107007575757
11:46:06,881,7.727107007575757
11:46:07,881,7.727107007575757
11:46:08,881,7.727107007575757
11:46:09,882,7.727107007575757
11:46:10,882,7.735295508274231
11:46:11,882,7.735295508274231
11:46:12,882,7.743437204910292
11:46:13,883,7.743437204910292
11:46:14,883,7.747501178689297
11:46:15,883,7.747501178689297
11:46:16,883,7.750847457627119
11:46:17,883,7.750847457627119
11:46:18,884,7.757569346497415
11:46:19,884,7.757569346497415
11:46:20,884,7.757569346497415
11:46:21,884,7.757569346497415
11:46:22,885,7.757569346497415
11:46:23,885,7.757569346497415
11:46:24,885,7.762300469483567
11:46:25,886,7.762300469483567
11:46:26,886,7.762300469483567
11:46:27,886,7.762300469483567
11:46:28,886,7.77022972339428
11:46:29,886,7.77022972339428
11:46:30,886,7.7783941947565545
11:46:31,887,7.7783941947565545
11:46:32,887,7.78630201028518
11:46:33,887,7.796288515406163
11:46:34,887,7.796288515406163
11:46:35,887,7.802051282051282
11:46:36,887,7.802051282051282
11:46:37,887,7.802051282051282
11:46:38,887,7.802051282051282
11:46:39,887,7.802051282051282
11:46:40,887,7.802051282051282
11:46:41,887,7.803794227188082
11:46:42,887,7.803794227188082
11:46:43,887,7.808275220827523
11:46:44,887,7.808275220827523
11:46:45,887,7.808275220827523
11:46:46,887,7.811381548446917
11:46:47,887,7.811381548446917
11:46:48,887,7.811381548446917
11:46:49,887,7.811381548446917
11:46:50,887,7.811381548446917
11:46:51,887,7.811381548446917
11:46:52,887,7.811381548446917
11:46:53,889,7.811381548446917
11:46:54,889,7.811381548446917
11:46:55,889,7.811381548446917
11:46:56,890,7.811381548446917
11:46:57,890,7.811381548446917
11:46:58,890,7.811381548446917
11:46:59,891,7.819999999999999
11:47:00,891,7.819999999999999
11:47:01,891,7.819999999999999
11:47:02,891,7.819999999999999
11:47:03,891,7.827623670827554
11:47:04,891,7.827623670827554
11:47:05,891,7.826638965835642
11:47:06,891,7.826638965835642
11:47:07,891,7.836998616874136
11:47:08,891,7.836998616874136
11:47:09,891,7.836998616874136
11:47:10,891,7.836998616874136
11:47:11,891,7.843324125230202
11:47:12,891,7.843324125230202
11:47:13,891,7.843563218390805
11:47:14,891,7.843563218390805
11:47:15,891,7.843563218390805
11:47:16,891,7.852180899908173
11:47:17,892,7.852180899908173
11:47:18,892,7.852180899908173
11:47:19,892,7.856304447501146
11:47:20,893,7.856304447501146
11:47:21,893,7.856304447501146
11:47:22,893,7.8575320512820515
11:47:23,893,7.8575320512820515
11:47:24,893,7.862688614540466
11:47:25,893,7.862688614540466
11:47:26,896,7.862688614540466
11:47:27,896,7.862688614540466
11:47:28,896,7.862688614540466
11:47:29,898,7.862688614540466
11:47:30,898,7.862688614540466
11:47:31,898,7.862688614540466
11:47:32,899,7.865799086757991
11:47:33,900,7.867943456452348
11:47:34,900,7.867943456452348
11:47:35,900,7.87231329690346
11:47:36,901,7.87231329690346
11:47:37,901,7.873919963619827
11:47:38,902,7.873919963619827
11:47:39,902,7.873919963619827
11:47:40,902,7.873919963619827
11:47:41,902,7.873919963619827
11:47:42,904,7.873919963619827
11:47:43,904,7.873919963619827
11:47:44,904,7.877384196185286
11:47:45,904,7.877384196185286
11:47:46,906,7.880090702947846
11:47:47,906,7.880090702947846
11:47:48,906,7.880090702947846
11:47:49,907,7.880615942028985
11:47:50,907,7.880615942028985
11:47:51,907,7.880615942028985
11:47:52,908,7.880615942028985
11:47:53,908,7.880615942028985
11:47:54,908,7.880615942028985
11:47:55,909,7.879308005427408
11:47:56,909,7.879308005427408
11:47:57,909,7.889317976513098
11:47:58,909,7.889317976513098
11:47:59,909,7.889317976513098
11:48:00,909,7.889317976513098
11:48:01,910,7.889317976513098
11:48:02,910,7.889317976513098
11:48:03,910,7.889317976513098
11:48:04,910,7.892557510148849
11:48:05,911,7.892557510148849
11:48:06,912,7.892557510148849
11:48:07,913,7.895427927927928
11:48:08,913,7.895427927927928
11:48:09,914,7.895427927927928
11:48:10,914,7.900427350427351
11:48:11,916,7.900427350427351
11:48:12,916,7.900336927223719
11:48:13,917,7.900336927223719
11:48:14,918,7.900336927223719
11:48:15,918,7.900336927223719
11:48:16,919,7.900336927223719
11:48:17,920,7.900336927223719
11:48:18,920,7.900336927223719
11:48:19,921,7.906908927770301
11:48:20,921,7.906908927770301
11:48:21,922,7.910551075268817
11:48:22,922,7.910551075268817
11:48:23,924,7.910551075268817
11:48:24,924,7.916934763181413
11:48:25,925,7.916934763181413
11:48:26,926,7.916934763181413
11:48:27,926,7.9196117804551545
11:48:28,926,7.91833778966132
11:48:29,926,7.91833778966132
11:48:30,927,7.927214063195371
11:48:31,927,7.927214063195371
11:48:32,927,7.927214063195371
11:48:33,927,7.931288888888889
11:48:34,928,7.931288888888889
11:48:35,928,7.931288888888889
11:48:36,929,7.931288888888889
11:48:37,929,7.931288888888889
11:48:38,930,7.931288888888889
11:48:39,930,7.932268086995118
11:48:40,931,7.932268086995118
11:48:41,931,7.932268086995118
11:48:42,931,7.9345079787234045
11:48:43,932,7.9345079787234045
11:48:44,933,7.9345079787234045
11:48:45,933,7.9345079787234045
11:48:46,933,7.934749889331562
11:48:47,933,7.934749889331562
11:48:48,934,7.934749889331562
11:48:49,934,7.934637488947834
11:48:50,934,7.934637488947834
11:48:51,934,7.934637488947834
11:48:52,934,7.934637488947834
11:48:53,936,7.934637488947834
11:48:54,937,7.934637488947834
11:48:55,937,7.934637488947834
11:48:56,937,7.937108167770419
11:48:57,938,7.937108167770419
11:48:58,938,7.937108167770419
11:48:59,939,7.939506172839506
11:49:00,939,7.939506172839506
11:49:01,940,7.939506172839506
11:49:02,940,7.938529282254513
11:49:03,941,7.938529282254513
11:49:04,941,7.947361477572559
11:49:05,942,7.947361477572559
11:49:06,942,7.947361477572559
11:49:07,942,7.947361477572559
11:49:08,944,7.947361477572559
11:49:09,944,7.947361477572559
11:49:10,944,7.947361477572559
11:49:11,944,7.950483091787439
11:49:12,944,7.950483091787439
11:49:13,944,7.950483091787439
11:49:14,944,7.950483091787439
11:49:15,945,7.950483091787439
11:49:16,945,7.952149122807017
11:49:17,946,7.952149122807017
11:49:18,946,7.952149122807017
11:49:19,946,7.952149122807017
11:49:20,946,7.952149122807017
11:49:21,946,7.960906701708279
11:49:22,946,7.958770778652668
11:49:23,946,7.958770778652668
11:49:24,946,7.9642857142857135
11:49:25,947,7.9642857142857135
11:49:26,947,7.967757417102967
11:49:27,948,7.967757417102967
11:49:28,948,7.970322019147085
11:49:29,948,7.970322019147085
11:49:30,950,7.970322019147085
11:49:31,950,7.971121251629726
11:49:32,950,7.971121251629726
11:49:33,951,7.971121251629726
11:49:34,952,7.971121251629726
11:49:35,953,7.970724826388889
11:49:36,954,7.970724826388889
11:49:37,955,7.970724826388889
11:49:38,956,7.968812310359775
11:49:39,956,7.9686147186147185
11:49:40,957,7.9686147186147185
11:49:41,958,7.9686147186147185
11:49:42,960,7.9686147186147185
11:49:43,960,7.9686147186147185
11:49:44,960,7.9686147186147185
11:49:45,961,7.9686147186147185
11:49:46,961,7.971314310419369
11:49:47,961,7.971314310419369
11:49:48,961,7.971314310419369
11:49:49,961,7.971314310419369
11:49:50,962,7.971314310419369
11:49:51,962,7.971314310419369
11:49:52,962,7.971314310419369
11:49:53,962,7.971314310419369
11:49:54,963,7.970617443868739
11:49:55,963,7.970617443868739
11:49:56,963,7.970617443868739
11:49:57,964,7.974062095730918
11:49:58,964,7.974062095730918
11:49:59,964,7.974062095730918
11:50:00,964,7.979457364341085
11:50:01,965,7.979457364341085
11:50:02,965,7.979457364341085
11:50:03,965,7.983118279569893
11:50:04,965,7.983118279569893
11:50:05,966,7.983118279569893
11:50:06,966,7.983118279569893
11:50:07,966,7.983118279569893
11:50:08,966,7.983118279569893
11:50:09,967,7.983290378006873
11:50:10,967,7.983290378006873
11:50:11,967,7.98983268983269
11:50:12,968,7.98983268983269
11:50:13,968,7.98983268983269
11:50:14,969,7.98983268983269
11:50:15,970,7.98983268983269
11:50:16,970,7.98983268983269
11:50:17,971,7.991088260497
11:50:18,972,7.991088260497
11:50:19,972,7.991088260497
11:50:20,972,7.995619658119659
11:50:21,973,7.995619658119659
11:50:22,973,7.995619658119659
11:50:23,973,7.99731113956466
11:50:24,973,7.99731113956466
11:50:25,974,7.99731113956466
11:50:26,974,7.997762148337596
11:50:27,974,7.997762148337596
11:50:28,975,7.995806726266496
11:50:29,976,7.995806726266496
11:50:30,976,8.002168367346938
11:50:31,976,8.002168367346938
11:50:32,977,8.002168367346938
11:50:33,978,8.002168367346938
11:50:34,978,8.002168367346938
11:50:35,978,8.002168367346938
11:50:36,979,8.003014861995753
11:50:37,979,8.003014861995753
11:50:38,979,8.003014861995753
11:50:39,980,8.003014861995753
11:50:40,981,8.003014861995753
11:50:41,981,8.003014861995753
11:50:42,981,8.003014861995753
11:50:43,981,8.003014861995753
11:50:44,981,8.003014861995753
11:50:45,982,8.003014861995753
11:50:46,982,8.003014861995753
11:50:47,982,8.003014861995753
11:50:48,982,8.003014861995753
11:50:49,983,8.003014861995753
11:50:50,983,8.003014861995753
11:50:51,983,8.004601357082272
11:50:52,983,8.009339263024142
11:50:53,984,8.009339263024142
11:50:54,984,8.009339263024142
11:50:55,984,8.009339263024142
11:50:56,984,8.009339263024142
11:50:57,985,8.009339263024142
11:50:58,985,8.010300338409476
11:50:59,985,8.010300338409476
11:51:00,986,8.010300338409476
11:51:01,987,8.010300338409476
11:51:02,987,8.013667089142375
11:51:03,987,8.013667089142375
11:51:04,987,8.013667089142375
11:51:05,987,8.013667089142375
11:51:06,987,8.013667089142375
11:51:07,987,8.013667089142375
11:51:08,988,8.013667089142375
11:51:09,988,8.013667089142375
11:51:10,988,8.015929203539823
11:51:11,988,8.018728956228957
11:51:12,988,8.020050441361917
11:51:13,988,8.020050441361917
11:51:14,989,8.020050441361917
11:51:15,989,8.021620486985727
11:51:16,989,8.022746331236897
11:51:17,990,8.022746331236897
11:51:18,991,8.022746331236897
11:51:19,991,8.022746331236897
11:51:20,992,8.022746331236897
11:51:21,992,8.022746331236897
11:51:22,992,8.025837520938023
11:51:23,993,8.025837520938023
11:51:24,993,8.025837520938023
11:51:25,993,8.025837520938023
11:51:26,993,8.025837520938023
11:51:27,993,8.025837520938023
11:51:28,993,8.027582601421999
11:51:29,993,8.027582601421999
11:51:30,994,8.027582601421999
11:51:31,994,8.027582601421999
11:51:32,994,8.029156223893066
11:51:33,994,8.036462244472256
11:51:34,994,8.036462244472256
11:51:35,994,8.036462244472256
11:51:36,994,8.036462244472256
11:51:37,994,8.036462244472256
11:51:38,994,8.036462244472256
11:51:39,994,8.036462244472256
11:51:40,994,8.036462244472256
11:51:41,994,8.036462244472256
11:51:42,994,8.037854166666667
11:51:43,994,8.037854166666667
11:51:44,994,8.037854166666667
11:51:45,994,8.043196004993758
11:51:46,994,8.043196004993758
11:51:47,994,8.043196004993758
11:51:48,994,8.043196004993758
11:51:49,994,8.042507264425073
11:51:50,994,8.042507264425073
11:51:51,994,8.042507264425073
11:51:52,994,8.042507264425073
11:51:53,994,8.04844527363184
11:51:54,994,8.051138716356109
11:51:55,994,8.051138716356109
11:51:56,994,8.054156327543424
11:51:57,994,8.054156327543424
11:51:58,994,8.054156327543424
11:51:59,994,8.054156327543424
11:52:00,994,8.05631970260223
11:52:01,994,8.05631970260223
11:52:02,994,8.05631970260223
11:52:03,994,8.058292079207922
11:52:04,994,8.0598681499794
11:52:05,994,8.0598681499794
11:52:06,994,8.0598681499794
11:52:07,994,8.0598681499794
11:52:08,994,8.0598681499794
11:52:09,994,8.0598681499794
11:52:10,994,8.0598681499794
11:52:11,994,8.0598681499794
11:52:12,994,8.0598681499794
11:52:13,994,8.064794238683128
11:52:14,994,8.064794238683128
11:52:15,994,8.064794238683128
11:52:16,994,8.064794238683128
11:52:17,995,8.064794238683128
11:52:18,995,8.066831072749691
11:52:19,995,8.066831072749691
11:52:20,995,8.066831072749691
11:52:21,995,8.06927339901478
11:52:22,995,8.06927339901478
11:52:23,995,8.06927339901478
11:52:24,995,8.071012710127102
11:52:25,995,8.071012710127102
11:52:26,995,8.071012710127102
11:52:27,995,8.071012710127102
11:52:28,996,8.071012710127102
11:52:29,996,8.071012710127102
11:52:30,996,8.071012710127102
11:52:31,996,8.071012710127102
11:52:32,996,8.071012710127102
11:52:33,996,8.071012710127102
11:52:34,996,8.071012710127102
11:52:35,996,8.076167076167076
11:52:36,996,8.076167076167076
11:52:37,996,8.07758691206544
11:52:38,996,8.07758691206544
11:52:39,996,8.076368464052287
11:52:40,996,8.076368464052287
11:52:41,996,8.076368464052287
11:52:42,998,8.076368464052287
11:52:43,998,8.076368464052287
11:52:44,998,8.079130966952265
11:52:45,998,8.079130966952265
11:52:46,999,8.082722086389568
11:52:47,1000,8.082722086389568
11:52:48,1000,8.082722086389568
11:52:49,1001,8.082722086389568
11:52:50,1001,8.082722086389568
11:52:51,1001,8.082722086389568
11:52:52,1001,8.082722086389568
11:52:53,1001,8.085307285307286
11:52:54,1001,8.085307285307286
11:52:55,1001,8.085307285307286
11:52:56,1001,8.087520325203252
11:52:57,1001,8.087520325203252
11:52:58,1002,8.087520325203252
11:52:59,1002,8.08940316686967
11:53:00,1003,8.08940316686967
11:53:01,1003,8.08940316686967
11:53:02,1004,8.092376317923764
11:53:03,1005,8.092376317923764
11:53:04,1005,8.099169704333738
11:53:05,1005,8.099169704333738
11:53:06,1006,8.099169704333738
11:53:07,1007,8.099169704333738
11:53:08,1007,8.10254854368932
11:53:09,1007,8.105313131313132
11:53:10,1008,8.105313131313132
11:53:11,1008,8.105313131313132
11:53:12,1008,8.105313131313132
11:53:13,1009,8.105313131313132
11:53:14,1009,8.105313131313132
11:53:15,1009,8.105313131313132
11:53:16,1010,8.107929782082325
11:53:17,1010,8.107929782082325
11:53:18,1010,8.107929782082325
11:53:19,1010,8.107929782082325
11:53:20,1011,8.107929782082325
11:53:21,1011,8.112736799677549
11:53:22,1011,8.112736799677549
11:53:23,1011,8.115297906602255
11:53:24,1012,8.118516284680338
11:53:25,1012,8.118516284680338
11:53:26,1013,8.121807228915662
11:53:27,1013,8.121807228915662
11:53:28,1014,8.122676282051282
11:53:29,1014,8.122676282051282
11:53:30,1014,8.122676282051282
11:53:31,1015,8.122676282051282
11:53:32,1015,8.122676282051282
11:53:33,1015,8.122676282051282
11:53:34,1015,8.122676282051282
11:53:35,1015,8.122676282051282
11:53:36,1015,8.125430172068828
11:53:37,1015,8.125430172068828
11:53:38,1015,8.125430172068828
11:53:39,1015,8.125430172068828
11:53:40,1015,8.127757793764989
11:53:41,1015,8.131197604790419
11:53:42,1015,8.131197604790419
11:53:43,1015,8.131197604790419
11:53:44,1015,8.134768740031898
11:53:45,1015,8.134768740031898
11:53:46,1015,8.134768740031898
11:53:47,1015,8.13779370768618
11:53:48,1015,8.13779370768618
11:53:49,1015,8.13779370768618
11:53:50,1015,8.13779370768618
11:53:51,1015,8.13779370768618
11:53:52,1015,8.144152744630071
11:53:53,1015,8.144152744630071
11:53:54,1015,8.144152744630071
11:53:55,1015,8.144152744630071
11:53:56,1016,8.144152744630071
11:53:57,1016,8.148092967818831
11:53:58,1017,8.148092967818831
11:53:59,1017,8.152123015873016
11:54:00,1017,8.152123015873016
11:54:01,1017,8.152123015873016
11:54:02,1017,8.15531113753468
11:54:03,1017,8.15531113753468
11:54:04,1017,8.15531113753468
11:54:05,1017,8.15531113753468
11:54:06,1018,8.15531113753468
11:54:07,1018,8.15531113753468
11:54:08,1018,8.15531113753468
11:54:09,1019,8.15531113753468
11:54:10,1020,8.160787806809184
11:54:11,1020,8.160787806809184
11:54:12,1021,8.160787806809184
11:54:13,1022,8.16405693950178
11:54:14,1022,8.16405693950178
11:54:15,1023,8.16405693950178
11:54:16,1023,8.16405693950178
11:54:17,1024,8.167278830963665
11:54:18,1025,8.167278830963665
11:54:19,1025,8.167278830963665
11:54:20,1025,8.167278830963665
11:54:21,1027,8.167278830963665
11:54:22,1027,8.167278830963665
11:54:23,1027,8.167278830963665
11:54:24,1027,8.167278830963665
11:54:25,1027,8.1703550295858
11:54:26,1028,8.1703550295858
11:54:27,1028,8.176359338061467
11:54:28,1028,8.176359338061467
11:54:29,1030,8.176359338061467
11:54:30,1030,8.174458874458875
11:54:31,1030,8.174458874458875
11:54:32,1032,8.176670597484277
11:54:33,1032,8.176670597484277
11:54:34,1032,8.176670597484277
11:54:35,1035,8.183764705882352
11:54:36,1036,8.183764705882352
11:54:37,1036,8.184743439091266
11:54:38,1037,8.184743439091266
11:54:39,1039,8.184743439091266
11:54:40,1039,8.184743439091266
11:54:41,1039,8.184743439091266
11:54:42,1042,8.184743439091266
11:54:43,1042,8.184743439091266
11:54:44,1042,8.184743439091266
11:54:45,1042,8.184743439091266
11:54:46,1044,8.184743439091266
11:54:47,1045,8.184743439091266
11:54:48,1045,8.18789123630673
11:54:49,1046,8.18789123630673
11:54:50,1047,8.18789123630673
11:54:51,1047,8.19208675263775
11:54:52,1050,8.19208675263775
11:54:53,1050,8.19208675263775
11:54:54,1050,8.19208675263775
11:54:55,1050,8.19208675263775
11:54:56,1051,8.19208675263775
11:54:57,1051,8.19208675263775
11:54:58,1051,8.197814207650273
11:54:59,1052,8.197814207650273
11:55:00,1052,8.197814207650273
11:55:01,1052,8.197814207650273
11:55:02,1054,8.202378167641326
11:55:03,1054,8.202378167641326
11:55:04,1054,8.202378167641326
11:55:05,1054,8.200739875389408
11:55:06,1055,8.200739875389408
11:55:07,1057,8.205639828860365
11:55:08,1058,8.205639828860365
11:55:09,1058,8.206468531468532
11:55:10,1059,8.206468531468532
11:55:11,1060,8.206468531468532
11:55:12,1060,8.206468531468532
11:55:13,1061,8.206468531468532
11:55:14,1061,8.206468531468532
11:55:15,1061,8.212824990298797
11:55:16,1061,8.215503875968993
11:55:17,1061,8.215503875968993
11:55:18,1062,8.215503875968993
11:55:19,1062,8.215503875968993
11:55:20,1062,8.215503875968993
11:55:21,1063,8.216318234610917
11:55:22,1063,8.22030162412993
11:55:23,1063,8.22030162412993
11:55:24,1064,8.222170722286597
11:55:25,1064,8.222170722286597
11:55:26,1064,8.222170722286597
11:55:27,1064,8.222170722286597
11:55:28,1065,8.222170722286597
11:55:29,1065,8.222170722286597
11:55:30,1065,8.222170722286597
11:55:31,1065,8.222170722286597
11:55:32,1065,8.222170722286597
11:55:33,1065,8.227199074074074
11:55:34,1065,8.227199074074074
11:55:35,1065,8.227199074074074
11:55:36,1065,8.23092485549133
11:55:37,1065,8.235161662817552
11:55:38,1065,8.235161662817552
11:55:39,1065,8.235161662817552
11:55:40,1065,8.240196078431373
11:55:41,1065,8.240196078431373
11:55:42,1065,8.240196078431373
11:55:43,1065,8.240196078431373
11:55:44,1065,8.240196078431373
11:55:45,1065,8.240196078431373
11:55:46,1065,8.240196078431373
11:55:47,1066,8.240196078431373
11:55:48,1066,8.240196078431373
11:55:49,1066,8.246102150537634
11:55:50,1066,8.246102150537634
11:55:51,1067,8.246102150537634
11:55:52,1067,8.246102150537634
11:55:53,1067,8.246102150537634
11:55:54,1068,8.246451860375911
11:55:55,1068,8.246451860375911
11:55:56,1068,8.246451860375911
11:55:57,1069,8.246451860375911
11:55:58,1069,8.246451860375911
11:55:59,1069,8.24741379310345
11:56:00,1070,8.24741379310345
11:56:01,1070,8.24741379310345
11:56:02,1070,8.24741379310345
11:56:03,1071,8.24741379310345
11:56:04,1071,8.24741379310345
11:56:05,1071,8.24741379310345
11:56:06,1071,8.24741379310345
11:56:07,1071,8.250153080750096
11:56:08,1071,8.250153080750096
11:56:09,1071,8.250153080750096
11:56:10,1071,8.256624665903017
11:56:11,1071,8.256624665903017
11:56:12,1071,8.262070938215103
11:56:13,1071,8.265885714285714
11:56:14,1071,8.265885714285714
11:56:15,1071,8.270505511212466
11:56:16,1071,8.270505511212466
11:56:17,1071,8.275797266514806
11:56:18,1071,8.275797266514806
11:56:19,1071,8.275797266514806
11:56:20,1071,8.275797266514806
11:56:21,1071,8.275797266514806
11:56:22,1071,8.275797266514806
11:56:23,1071,8.275797266514806
11:56:24,1071,8.281532043989381
11:56:25,1072,8.281532043989381
11:56:26,1072,8.281532043989381
11:56:27,1072,8.291297767688233
11:56:28,1072,8.291297767688233
11:56:29,1072,8.291836734693877
11:56:30,1072,8.29263873159683
11:56:31,1072,8.29263873159683
11:56:32,1073,8.29498491704374
11:56:33,1073,8.29498491704374
11:56:34,1073,8.29498491704374
11:56:35,1073,8.29498491704374
11:56:36,1074,8.29498491704374
11:56:37,1074,8.29498491704374
11:56:38,1074,8.29498491704374
11:56:39,1075,8.29498491704374
11:56:40,1076,8.29498491704374
11:56:41,1076,8.29498491704374
11:56:42,1077,8.29498491704374
11:56:43,1077,8.30060263653484
11:56:44,1077,8.30060263653484
11:56:45,1077,8.30576850807967
11:56:46,1077,8.30576850807967
11:56:47,1077,8.30576850807967
11:56:48,1077,8.306831831831833
11:56:49,1077,8.306831831831833
11:56:50,1077,8.306831831831833
11:56:51,1077,8.306831831831833
11:56:52,1077,8.311797752808989
11:56:53,1077,8.311797752808989
11:56:54,1077,8.311797752808989
11:56:55,1077,8.311797752808989
11:56:56,1077,8.311797752808989
11:56:57,1077,8.311797752808989
11:56:58,1077,8.311797752808989
11:56:59,1077,8.311797752808989
11:57:00,1077,8.311797752808989
11:57:01,1077,8.311797752808989
11:57:02,1077,8.313393191170968
11:57:03,1077,8.313393191170968
11:57:04,1077,8.313393191170968
11:57:05,1077,8.313393191170968
11:57:06,1077,8.317825112107624
11:57:07,1077,8.317825112107624
11:57:08,1077,8.317825112107624
11:57:09,1077,8.319372900335946
11:57:10,1077,8.319372900335946
11:57:11,1077,8.320954511558538
11:57:12,1077,8.320954511558538
11:57:13,1077,8.320954511558538
11:57:14,1078,8.320954511558538
11:57:15,1078,8.320954511558538
11:57:16,1078,8.32364990689013
11:57:17,1078,8.32364990689013
11:57:18,1079,8.328608630952381
11:57:19,1079,8.328608630952381
11:57:20,1079,8.327759197324415
11:57:21,1080,8.327759197324415
11:57:22,1080,8.328544914625093
11:57:23,1080,8.328544914625093
11:57:24,1080,8.328544914625093
11:57:25,1081,8.328544914625093
11:57:26,1081,8.328544914625093
11:57:27,1082,8.328544914625093
11:57:28,1082,8.328544914625093
11:57:29,1082,8.328544914625093
11:57:30,1083,8.328544914625093
11:57:31,1083,8.328544914625093
11:57:32,1083,8.334408602150537
11:57:33,1084,8.334408602150537
11:57:34,1085,8.334408602150537
11:57:35,1085,8.337018518518517
11:57:36,1086,8.337018518518517
11:57:37,1086,8.337018518518517
11:57:38,1086,8.337018518518517
11:57:39,1086,8.337018518518517
11:57:40,1086,8.338383277839437
11:57:41,1087,8.338383277839437
11:57:42,1088,8.338383277839437
11:57:43,1088,8.338383277839437
11:57:44,1089,8.338383277839437
11:57:45,1089,8.338383277839437
11:57:46,1089,8.338383277839437
11:57:47,1090,8.339837398373984
11:57:48,1090,8.339837398373984
11:57:49,1090,8.339837398373984
11:57:50,1090,8.343927648578811
11:57:51,1090,8.343927648578811
11:57:52,1090,8.353149171270719
11:57:53,1090,8.353149171270719
11:57:54,1090,8.353149171270719
11:57:55,1091,8.354470198675497
11:57:56,1091,8.354470198675497
11:57:57,1091,8.354470198675497
11:57:58,1091,8.356854097758177
11:57:59,1091,8.356854097758177
11:58:00,1091,8.357984581497798
11:58:01,1092,8.357984581497798
11:58:02,1093,8.357984581497798
11:58:03,1093,8.357984581497798
11:58:04,1094,8.357984581497798
11:58:05,1095,8.357984581497798
11:58:06,1095,8.357984581497798
11:58:07,1095,8.357984581497798
11:58:08,1095,8.357829116244957
11:58:09,1096,8.357829116244957
11:58:10,1096,8.357829116244957
11:58:11,1096,8.358846153846153
11:58:12,1096,8.358846153846153
11:58:13,1097,8.358846153846153
11:58:14,1097,8.358846153846153
11:58:15,1097,8.361159897548482
11:58:16,1097,8.361159897548482
11:58:17,1097,8.361159897548482
11:58:18,1097,8.361159897548482
11:58:19,1097,8.361159897548482
11:58:20,1097,8.361159897548482
11:58:21,1097,8.365151515151515
11:58:22,1097,8.365151515151515
11:58:23,1097,8.365151515151515
11:58:24,1097,8.365151515151515
11:58:25,1097,8.365151515151515
11:58:26,1098,8.367724288840263
11:58:27,1098,8.367724288840263
11:58:28,1098,8.367724288840263
11:58:29,1098,8.370273224043716
11:58:30,1098,8.370273224043716
11:58:31,1098,8.370273224043716
11:58:32,1098,8.373053129548762
11:58:33,1098,8.37382769901854
11:58:34,1098,8.37596223674655
11:58:35,1098,8.37596223674655
11:58:36,1099,8.37596223674655
11:58:37,1099,8.37596223674655
11:58:38,1099,8.37596223674655
11:58:39,1099,8.375788900979325
11:58:40,1100,8.375788900979325
11:58:41,1100,8.375788900979325
11:58:42,1100,8.380615942028985
11:58:43,1100,8.380615942028985
11:58:44,1100,8.381795150199059
11:58:45,1100,8.383116413593637
11:58:46,1100,8.383116413593637
11:58:47,1100,8.383116413593637
11:58:48,1100,8.385301552907187
11:58:49,1100,8.385301552907187
11:58:50,1100,8.385301552907187
11:58:51,1100,8.385301552907187
11:58:52,1100,8.385301552907187
11:58:53,1100,8.385301552907187
11:58:54,1100,8.385301552907187
11:58:55,1100,8.38757215007215
11:58:56,1101,8.38757215007215
11:58:57,1101,8.39072072072072
11:58:58,1101,8.39072072072072
11:58:59,1104,8.39072072072072
11:59:00,1104,8.39072072072072
11:59:01,1105,8.39072072072072
11:59:02,1106,8.39072072072072
11:59:03,1106,8.39072072072072
11:59:04,1106,8.39072072072072
11:59:05,1107,8.39072072072072
11:59:06,1107,8.39072072072072
11:59:07,1107,8.39072072072072
11:59:08,1108,8.39072072072072
11:59:09,1108,8.392908567314615
11:59:10,1108,8.392908567314615
11:59:11,1109,8.392908567314615
11:59:12,1109,8.392908567314615
11:59:13,1109,8.396494066882417
11:59:14,1109,8.396494066882417
11:59:15,1109,8.396494066882417
11:59:16,1110,8.399766522988505
11:59:17,1110,8.40260136347327
11:59:18,1110,8.40260136347327
11:59:19,1111,8.403906810035842
11:59:20,1111,8.406176154672396
11:59:21,1111,8.406176154672396
11:59:22,1112,8.406176154672396
11:59:23,1112,8.406176154672396
11:59:24,1112,8.408762517882689
11:59:25,1112,8.408762517882689
11:59:26,1113,8.408762517882689
11:59:27,1113,8.408762517882689
11:59:28,1113,8.408762517882689
11:59:29,1113,8.411932833154697
11:59:30,1113,8.411932833154697
11:59:31,1113,8.412401855817274
11:59:32,1113,8.412401855817274
11:59:33,1113,8.412401855817274
11:59:34,1113,8.415561497326204
11:59:35,1113,8.415561497326204
11:59:36,1113,8.417200854700855
11:59:37,1113,8.417200854700855
11:59:38,1113,8.417200854700855
11:59:39,1113,8.417200854700855
11:59:40,1113,8.417200854700855
11:59:41,1113,8.417200854700855
11:59:42,1113,8.417200854700855
11:59:43,1113,8.417200854700855
11:59:44,1114,8.420188545001778
11:59:45,1114,8.420188545001778
11:59:46,1114,8.420188545001778
11:59:47,1114,8.420188545001778
11:59:48,1114,8.425807596734114
11:59:49,1115,8.425807596734114
11:59:50,1115,8.427127659574468
11:59:51,1116,8.427127659574468
11:59:52,1116,8.430304640453418
11:59:53,1116,8.430304640453418
11:59:54,1116,8.430304640453418
11:59:55,1116,8.432944090587403
11:59:56,1116,8.432944090587403
11:59:57,1116,8.435065394132202
11:59:58,1116,8.437835451977401
11:59:59,1116,8.437835451977401
12:00:00,1117,8.437835451977401
12:00:01,1117,8.437835451977401
12:00:02,1117,8.437835451977401
12:00:03,1118,8.437835451977401
12:00:04,1118,8.437835451977401
12:00:05,1118,8.438694885361551
12:00:06,1118,8.438694885361551
12:00:07,1118,8.438694885361551
12:00:08,1118,8.438694885361551
12:00:09,1118,8.438694885361551
12:00:10,1118,8.438694885361551
12:00:11,1118,8.438694885361551
12:00:12,1118,8.438953488372093
12:00:13,1118,8.438953488372093
12:00:14,1118,8.44056670186554
12:00:15,1119,8.44056670186554
12:00:16,1119,8.44056670186554
12:00:17,1119,8.443020393811533
12:00:18,1120,8.443020393811533
12:00:19,1120,8.443020393811533
12:00:20,1120,8.443020393811533
12:00:21,1120,8.443020393811533
12:00:22,1120,8.446979276431332
12:00:23,1120,8.446979276431332
12:00:24,1120,8.446979276431332
12:00:25,1120,8.446979276431332
12:00:26,1121,8.450052631578947
12:00:27,1121,8.450052631578947
12:00:28,1121,8.450052631578947
12:00:29,1121,8.453277252015422
12:00:30,1122,8.455812324929973
12:00:31,1122,8.457869884575025
12:00:32,1122,8.457869884575025
12:00:33,1122,8.457869884575025
12:00:34,1122,8.461390635918939
12:00:35,1122,8.461390635918939
12:00:36,1123,8.461390635918939
12:00:37,1124,8.465322862129145
12:00:38,1124,8.465322862129145
12:00:39,1124,8.465322862129145
12:00:40,1125,8.469508368200836
12:00:41,1125,8.469508368200836
12:00:42,1126,8.469508368200836
12:00:43,1126,8.469508368200836
12:00:44,1126,8.469508368200836
12:00:45,1126,8.469508368200836
12:00:46,1127,8.469508368200836
12:00:47,1127,8.469508368200836
12:00:48,1127,8.469508368200836
12:00:49,1127,8.469508368200836
12:00:50,1128,8.469508368200836
12:00:51,1128,8.472396377568792
12:00:52,1129,8.472396377568792
12:00:53,1129,8.472396377568792
12:00:54,1129,8.472396377568792
12:00:55,1129,8.47179888656924
12:00:56,1130,8.47179888656924
12:00:57,1130,8.473740006951685
12:00:58,1130,8.473740006951685
12:00:59,1131,8.473740006951685
12:01:00,1131,8.476145833333334
12:01:01,1132,8.476145833333334
12:01:02,1133,8.476145833333334
12:01:03,1133,8.476145833333334
12:01:04,1134,8.479569892473117
12:01:05,1134,8.479569892473117
12:01:06,1135,8.479569892473117
12:01:07,1135,8.481981981981981
12:01:08,1136,8.481981981981981
12:01:09,1136,8.485756317064729
12:01:10,1137,8.485756317064729
12:01:11,1137,8.485756317064729
12:01:12,1137,8.485756317064729
12:01:13,1137,8.485756317064729
12:01:14,1137,8.485756317064729
12:01:15,1138,8.485756317064729
12:01:16,1139,8.485756317064729
12:01:17,1139,8.488952282157676
12:01:18,1139,8.489291882556131
12:01:19,1139,8.489291882556131
12:01:20,1140,8.489291882556131
12:01:21,1141,8.489291882556131
12:01:22,1141,8.489291882556131
12:01:23,1143,8.489291882556131
12:01:24,1143,8.489291882556131
12:01:25,1144,8.489291882556131
12:01:26,1144,8.489291882556131
12:01:27,1146,8.493754313319531
12:01:28,1146,8.493754313319531
12:01:29,1147,8.496587383660806
12:01:30,1147,8.496587383660806
12:01:31,1147,8.500567595459236
12:01:32,1149,8.500567595459236
12:01:33,1150,8.500567595459236
12:01:34,1151,8.500567595459236
12:01:35,1151,8.504072164948454
12:01:36,1152,8.504072164948454
12:01:37,1154,8.504072164948454
12:01:38,1154,8.505938894610368
12:01:39,1155,8.505938894610368
12:01:40,1156,8.505938894610368
12:01:41,1156,8.509499314128943
12:01:42,1156,8.509499314128943
12:01:43,1157,8.51294964028777
12:01:44,1158,8.51294964028777
12:01:45,1158,8.51204654346338
12:01:46,1158,8.51204654346338
12:01:47,1160,8.51204654346338
12:01:48,1160,8.51471794871795
12:01:49,1160,8.51897199453552
12:01:50,1162,8.51897199453552
12:01:51,1162,8.51897199453552
12:01:52,1162,8.51897199453552
12:01:53,1163,8.521903787103378
12:01:54,1164,8.521903787103378
12:01:55,1164,8.521903787103378
12:01:56,1164,8.521903787103378
12:01:57,1166,8.521903787103378
12:01:58,1166,8.521903787103378
12:01:59,1166,8.524880708929789
12:02:00,1168,8.524880708929789
12:02:01,1168,8.524880708929789
12:02:02,1168,8.523476336397685
12:02:03,1169,8.523476336397685
12:02:04,1170,8.523476336397685
12:02:05,1171,8.523476336397685
12:02:06,1171,8.523476336397685
12:02:07,1171,8.523476336397685
12:02:08,1172,8.523476336397685
12:02:09,1173,8.523476336397685
12:02:10,1174,8.523476336397685
12:02:11,1174,8.523476336397685
12:02:12,1175,8.523476336397685
12:02:13,1175,8.523476336397685
12:02:14,1176,8.523476336397685
12:02:15,1176,8.528197278911565
12:02:16,1177,8.528197278911565
12:02:17,1177,8.528197278911565
12:02:18,1178,8.531056744818212
12:02:19,1179,8.531056744818212
12:02:20,1179,8.531056744818212
12:02:21,1180,8.532603530210455
12:02:22,1181,8.532603530210455
12:02:23,1181,8.532603530210455
12:02:24,1181,8.535961342828077
12:02:25,1182,8.535961342828077
12:02:26,1183,8.535961342828077
12:02:27,1183,8.535961342828077
12:02:28,1183,8.537127371273714
12:02:29,1183,8.537127371273714
12:02:30,1183,8.538054145516075
12:02:31,1183,8.542528735632184
12:02:32,1183,8.542528735632184
12:02:33,1183,8.542528735632184
12:02:34,1183,8.543498817966903
12:02:35,1183,8.543498817966903
12:02:36,1183,8.543498817966903
12:02:37,1183,8.543498817966903
12:02:38,1183,8.543498817966903
12:02:39,1183,8.543498817966903
12:02:40,1183,8.544922402159244
12:02:41,1183,8.544922402159244
12:02:42,1183,8.544922402159244
12:02:43,1183,8.545112908661947
12:02:44,1183,8.545112908661947
12:02:45,1183,8.545112908661947
12:02:46,1183,8.545112908661947
12:02:47,1183,8.545112908661947
12:02:48,1183,8.549377104377104
12:02:49,1184,8.55252270433905
12:02:50,1184,8.55252270433905
12:02:51,1184,8.55252270433905
12:02:52,1185,8.55252270433905
12:02:53,1185,8.55252270433905
12:02:54,1185,8.55369623655914
12:02:55,1185,8.55369623655914
12:02:56,1186,8.55369623655914
12:02:57,1186,8.55735146022155
12:02:58,1186,8.560747820254864
12:02:59,1186,8.560747820254864
12:03:00,1186,8.560747820254864
12:03:01,1186,8.560747820254864
12:03:02,1186,8.56100502512563
12:03:03,1186,8.56100502512563
12:03:04,1186,8.560140562248996
12:03:05,1186,8.560140562248996
12:03:06,1186,8.560140562248996
12:03:07,1186,8.560140562248996
12:03:08,1186,8.563423604145772
12:03:09,1186,8.563423604145772
12:03:10,1186,8.563423604145772
12:03:11,1186,8.563423604145772
12:03:12,1186,8.563423604145772
12:03:13,1186,8.563423604145772
12:03:14,1186,8.563423604145772
12:03:15,1186,8.563423604145772
12:03:16,1186,8.565297261189045
12:03:17,1186,8.565297261189045
12:03:18,1186,8.566916916916917
12:03:19,1186,8.566916916916917
12:03:20,1186,8.568150000000001
12:03:21,1186,8.568150000000001
12:03:22,1186,8.568150000000001
12:03:23,1186,8.578210246174317
12:03:24,1186,8.578210246174317
12:03:25,1186,8.580242605516784
12:03:26,1187,8.580242605516784
12:03:27,1187,8.585657370517929
12:03:28,1187,8.585657370517929
12:03:29,1188,8.585657370517929
12:03:30,1188,8.585657370517929
12:03:31,1189,8.585657370517929
12:03:32,1190,8.589187396351576
12:03:33,1190,8.589187396351576
12:03:34,1190,8.589187396351576
12:03:35,1190,8.589187396351576
12:03:36,1191,8.589893969516234
12:03:37,1191,8.589893969516234
12:03:38,1191,8.589893969516234
12:03:39,1192,8.589893969516234
12:03:40,1192,8.589893969516234
12:03:41,1192,8.589893969516234
12:03:42,1193,8.590814299900696
12:03:43,1193,8.590814299900696
12:03:44,1193,8.590814299900696
12:03:45,1194,8.590814299900696
12:03:46,1194,8.590814299900696
12:03:47,1194,8.590814299900696
12:03:48,1194,8.590814299900696
12:03:49,1195,8.590814299900696
12:03:50,1195,8.590814299900696
12:03:51,1195,8.590814299900696
12:03:52,1195,8.590814299900696
12:03:53,1195,8.590814299900696
12:03:54,1195,8.590814299900696
12:03:55,1195,8.590814299900696
12:03:56,1195,8.592691798941798
12:03:57,1195,8.592691798941798
12:03:58,1195,8.592691798941798
12:03:59,1195,8.59207135777998
12:04:00,1195,8.59207135777998
12:04:01,1195,8.592491749174917
12:04:02,1195,8.592491749174917
12:04:03,1195,8.592491749174917
12:04:04,1195,8.593356412792614
12:04:05,1195,8.593356412792614
12:04:06,1195,8.593356412792614
12:04:07,1195,8.593356412792614
12:04:08,1195,8.593356412792614
12:04:09,1195,8.594944005270092
12:04:10,1195,8.594944005270092
12:04:11,1195,8.600098716683119
12:04:12,1195,8.600098716683119
12:04:13,1195,8.600098716683119
12:04:14,1195,8.6051775147929
12:04:15,1195,8.607799671592774
12:04:16,1195,8.607799671592774
12:04:17,1195,8.607799671592774
12:04:18,1196,8.609973753280839
12:04:19,1197,8.609973753280839
12:04:20,1197,8.611504424778762
12:04:21,1197,8.611504424778762
12:04:22,1198,8.612737393582188
12:04:23,1198,8.612737393582188
12:04:24,1198,8.612737393582188
12:04:25,1199,8.615260058881256
12:04:26,1199,8.615260058881256
12:04:27,1199,8.615260058881256
12:04:28,1199,8.615260058881256
12:04:29,1199,8.615260058881256
12:04:30,1200,8.620032679738562
12:04:31,1200,8.620032679738562
12:04:32,1200,8.619245837414299
12:04:33,1200,8.619245837414299
12:04:34,1201,8.619245837414299
12:04:35,1201,8.619245837414299
12:04:36,1201,8.619245837414299
12:04:37,1201,8.619245837414299
12:04:38,1201,8.619245837414299
12:04:39,1201,8.619245837414299
12:04:40,1201,8.619245837414299
12:04:41,1201,8.619245837414299
12:04:42,1201,8.619245837414299
12:04:43,1201,8.620857795172864
12:04:44,1201,8.620857795172864
12:04:45,1201,8.620857795172864
12:04:46,1201,8.620857795172864
12:04:47,1201,8.620857795172864
12:04:48,1201,8.622336265884654
12:04:49,1201,8.624169921875
12:04:50,1202,8.624169921875
12:04:51,1202,8.62489430894309
12:04:52,1202,8.62489430894309
12:04:53,1202,8.62489430894309
12:04:54,1202,8.626851851851852
12:04:55,1202,8.626851851851852
12:04:56,1202,8.628286270691335
12:04:57,1202,8.628286270691335
12:04:58,1202,8.628286270691335
12:04:59,1203,8.628286270691335
12:05:00,1203,8.634192607003891
12:05:01,1203,8.634192607003891
12:05:02,1203,8.634192607003891
12:05:03,1203,8.634192607003891
12:05:04,1203,8.633333333333333
12:05:05,1203,8.633333333333333
12:05:06,1203,8.633333333333333
12:05:07,1203,8.633333333333333
12:05:08,1203,8.633333333333333
12:05:09,1203,8.633333333333333
12:05:10,1203,8.63378640776699
12:05:11,1203,8.63378640776699
12:05:12,1203,8.63378640776699
12:05:13,1203,8.63378640776699
12:05:14,1203,8.635774329130294
12:05:15,1205,8.635774329130294
12:05:16,1205,8.637839147286822
12:05:17,1205,8.637839147286822
12:05:18,1205,8.637839147286822
12:05:19,1205,8.641674733785091
12:05:20,1206,8.646840747904578
12:05:21,1206,8.646840747904578
12:05:22,1206,8.648069498069498
12:05:23,1206,8.648069498069498
12:05:24,1206,8.648069498069498
12:05:25,1206,8.648069498069498
12:05:26,1206,8.648069498069498
12:05:27,1207,8.648069498069498
12:05:28,1207,8.648069498069498
12:05:29,1207,8.650112504018
12:05:30,1207,8.650112504018
12:05:31,1209,8.650112504018
12:05:32,1209,8.652199743095698
12:05:33,1209,8.652199743095698
12:05:34,1209,8.652199743095698
12:05:35,1209,8.652199743095698
12:05:36,1211,8.652199743095698
12:05:37,1211,8.652199743095698
12:05:38,1211,8.654154635867823
12:05:39,1212,8.654154635867823
12:05:40,1212,8.654154635867823
12:05:41,1212,8.654154635867823
12:05:42,1212,8.65650641025641
12:05:43,1212,8.65650641025641
12:05:44,1213,8.65650641025641
12:05:45,1213,8.659253922510405
12:05:46,1213,8.659253922510405
12:05:47,1213,8.659253922510405
12:05:48,1213,8.659253922510405
12:05:49,1213,8.665259117082535
12:05:50,1214,8.667545541706614
12:05:51,1214,8.667545541706614
12:05:52,1214,8.667545541706614
12:05:53,1215,8.667545541706614
12:05:54,1215,8.667545541706614
12:05:55,1216,8.667545541706614
12:05:56,1216,8.665852490421456
12:05:57,1216,8.665852490421456
12:05:58,1216,8.665852490421456
12:05:59,1217,8.665852490421456
12:06:00,1217,8.665852490421456
12:06:01,1217,8.665852490421456
12:06:02,1218,8.668070175438597
12:06:03,1218,8.668070175438597
12:06:04,1220,8.668070175438597
12:06:05,1220,8.668070175438597
12:06:06,1221,8.668070175438597
12:06:07,1221,8.668070175438597
12:06:08,1221,8.670793499043977
12:06:09,1221,8.673766316459727
12:06:10,1221,8.673766316459727
12:06:11,1221,8.673766316459727
12:06:12,1221,8.673766316459727
12:06:13,1221,8.674713740458014
12:06:14,1221,8.674713740458014
12:06:15,1221,8.674713740458014
12:06:16,1221,8.674713740458014
12:06:17,1221,8.674404194470924
12:06:18,1221,8.674404194470924
12:06:19,1221,8.674404194470924
12:06:20,1221,8.674404194470924
12:06:21,1221,8.676904761904762
12:06:22,1221,8.676904761904762
12:06:23,1221,8.676904761904762
12:06:24,1221,8.683190747782001
12:06:25,1221,8.683190747782001
12:06:26,1221,8.683190747782001
12:06:27,1221,8.685517568850903
12:06:28,1222,8.685517568850903
12:06:29,1223,8.685517568850903
12:06:30,1223,8.685517568850903
12:06:31,1223,8.685517568850903
12:06:32,1224,8.685517568850903
12:06:33,1224,8.685926628716002
12:06:34,1224,8.68908372827804
12:06:35,1225,8.68908372827804
12:06:36,1225,8.68908372827804
12:06:37,1225,8.68908372827804
12:06:38,1226,8.68908372827804
12:06:39,1227,8.68908372827804
12:06:40,1227,8.68908372827804
12:06:41,1228,8.68908372827804
12:06:42,1228,8.68908372827804
12:06:43,1228,8.68908372827804
12:06:44,1228,8.693465909090909
12:06:45,1229,8.695443077893408
12:06:46,1229,8.695443077893408
12:06:47,1229,8.698676748582232
12:06:48,1229,8.698676748582232
12:06:49,1230,8.698676748582232
12:06:50,1230,8.698676748582232
12:06:51,1230,8.698676748582232
12:06:52,1231,8.698676748582232
12:06:53,1231,8.698676748582232
12:06:54,1231,8.701306263770853
12:06:55,1231,8.701306263770853
12:06:56,1232,8.701306263770853
12:06:57,1232,8.701306263770853
12:06:58,1233,8.705943396226415
12:06:59,1233,8.705943396226415
12:07:00,1234,8.705943396226415
12:07:01,1234,8.705943396226415
12:07:02,1235,8.709346528432297
12:07:03,1236,8.709346528432297
12:07:04,1236,8.709346528432297
12:07:05,1237,8.709346528432297
12:07:06,1237,8.709346528432297
12:07:07,1237,8.709965473948525
12:07:08,1238,8.709965473948525
12:07:09,1238,8.709965473948525
12:07:10,1239,8.709965473948525
12:07:11,1239,8.709965473948525
12:07:12,1240,8.709965473948525
12:07:13,1241,8.709965473948525
12:07:14,1242,8.718233082706767
12:07:15,1242,8.718233082706767
12:07:16,1243,8.718233082706767
12:07:17,1243,8.721956181533645
12:07:18,1244,8.721956181533645
12:07:19,1245,8.721956181533645
12:07:20,1245,8.721956181533645
12:07:21,1245,8.725547217010632
12:07:22,1245,8.725547217010632
12:07:23,1245,8.725547217010632
12:07:24,1246,8.728865979381444
12:07:25,1246,8.72857365792759
12:07:26,1246,8.72857365792759
12:07:27,1246,8.72857365792759
12:07:28,1247,8.72857365792759
12:07:29,1247,8.72857365792759
12:07:30,1247,8.726442157779855
12:07:31,1247,8.726442157779855
12:07:32,1247,8.726442157779855
12:07:33,1248,8.725856697819315
12:07:34,1248,8.725856697819315
12:07:35,1248,8.725856697819315
12:07:36,1249,8.729800809212573
12:07:37,1250,8.729800809212573
12:07:38,1250,8.730597014925372
12:07:39,1250,8.730597014925372
12:07:40,1250,8.730597014925372
12:07:41,1250,8.730597014925372
12:07:42,1250,8.734156570363467
12:07:43,1250,8.734156570363467
12:07:44,1252,8.737135319677218
12:07:45,1252,8.737135319677218
12:07:46,1252,8.737135319677218
12:07:47,1253,8.737135319677218
12:07:48,1253,8.737488372093024
12:07:49,1253,8.737488372093024
12:07:50,1253,8.739792441140025
12:07:51,1253,8.739792441140025
12:07:52,1253,8.743500464252554
12:07:53,1253,8.743500464252554
12:07:54,1253,8.747464440321583
12:07:55,1253,8.747464440321583
12:07:56,1253,8.747464440321583
12:07:57,1253,8.747464440321583
12:07:58,1253,8.75118937287612
12:07:59,1253,8.75118937287612
12:08:00,1254,8.75118937287612
12:08:01,1254,8.75118937287612
12:08:02,1254,8.75118937287612
12:08:03,1254,8.75537037037037
12:08:04,1254,8.755658341042245
12:08:05,1255,8.755658341042245
12:08:06,1255,8.755658341042245
12:08:07,1255,8.755658341042245
12:08:08,1256,8.754451632778805
12:08:09,1256,8.754451632778805
12:08:10,1256,8.754451632778805
12:08:11,1257,8.754451632778805
12:08:12,1257,8.754451632778805
12:08:13,1257,8.754451632778805
12:08:14,1257,8.754451632778805
12:08:15,1258,8.753062480763312
12:08:16,1259,8.755150676506764
12:08:17,1259,8.755150676506764
12:08:18,1259,8.755391705069124
12:08:19,1259,8.755391705069124
12:08:20,1259,8.755391705069124
12:08:21,1259,8.755391705069124
12:08:22,1259,8.755018416206262
12:08:23,1259,8.755018416206262
12:08:24,1259,8.755018416206262
12:08:25,1259,8.755018416206262
12:08:26,1259,8.755018416206262
12:08:27,1259,8.755018416206262
12:08:28,1259,8.755018416206262
12:08:29,1259,8.755018416206262
12:08:30,1259,8.755018416206262
12:08:31,1259,8.755018416206262
12:08:32,1259,8.756915056731064
12:08:33,1259,8.756915056731064
12:08:34,1260,8.756915056731064
12:08:35,1260,8.756915056731064
12:08:36,1260,8.756915056731064
12:08:37,1260,8.756915056731064
12:08:38,1261,8.756915056731064
12:08:39,1261,8.758723599632692
12:08:40,1262,8.758723599632692
12:08:41,1262,8.758723599632692
12:08:42,1262,8.763088685015292
12:08:43,1262,8.763088685015292
12:08:44,1263,8.763088685015292
12:08:45,1263,8.763088685015292
12:08:46,1264,8.764008554842652
12:08:47,1265,8.763079975579975
12:08:48,1265,8.763079975579975
12:08:49,1265,8.763079975579975
12:08:50,1266,8.763079975579975
12:08:51,1266,8.76331198536139
12:08:52,1266,8.76331198536139
12:08:53,1266,8.76331198536139
12:08:54,1266,8.768144424131627
12:08:55,1266,8.768144424131627
12:08:56,1266,8.768144424131627
12:08:57,1267,8.768144424131627
12:08:58,1267,8.768144424131627
12:08:59,1268,8.769604261796044
12:09:00,1268,8.769604261796044
12:09:01,1268,8.769604261796044
12:09:02,1268,8.769604261796044
12:09:03,1268,8.771608880778588
12:09:04,1268,8.771608880778588
12:09:05,1268,8.771608880778588
12:09:06,1269,8.771608880778588
12:09:07,1269,8.771608880778588
12:09:08,1269,8.774202370100275
12:09:09,1269,8.774202370100275
12:09:10,1269,8.774202370100275
12:09:11,1269,8.774013357619914
12:09:12,1269,8.774013357619914
12:09:13,1270,8.774013357619914
12:09:14,1271,8.774013357619914
12:09:15,1271,8.774013357619914
12:09:16,1271,8.774013357619914
12:09:17,1272,8.774013357619914
12:09:18,1272,8.774013357619914
12:09:19,1272,8.774013357619914
12:09:20,1273,8.774013357619914
12:09:21,1274,8.773521383075522
12:09:22,1274,8.773521383075522
12:09:23,1275,8.777090909090909
12:09:24,1275,8.777090909090909
12:09:25,1275,8.777090909090909
12:09:26,1275,8.777399333938842
12:09:27,1276,8.777399333938842
12:09:28,1278,8.776693889897157
12:09:29,1278,8.776693889897157
12:09:30,1278,8.781671199758234
12:09:31,1279,8.781671199758234
12:09:32,1280,8.781671199758234
12:09:33,1280,8.78606582125604
12:09:34,1281,8.78606582125604
12:09:35,1281,8.78606582125604
12:09:36,1282,8.788205128205128
12:09:37,1282,8.788205128205128
12:09:38,1283,8.788205128205128
12:09:39,1284,8.788924050632911
12:09:40,1284,8.788924050632911
12:09:41,1284,8.788924050632911
12:09:42,1285,8.791523637458596
12:09:43,1285,8.791501203369434
12:09:44,1285,8.791118124436428
12:09:45,1285,8.791118124436428
12:09:46,1286,8.791118124436428
12:09:47,1286,8.791118124436428
12:09:48,1287,8.791118124436428
12:09:49,1288,8.791118124436428
12:09:50,1288,8.796666666666665
12:09:51,1288,8.796666666666665
12:09:52,1290,8.796666666666665
12:09:53,1290,8.796666666666665
12:09:54,1290,8.796666666666665
12:09:55,1290,8.796666666666665
12:09:56,1290,8.796666666666665
12:09:57,1290,8.796444644464447
12:09:58,1290,8.796444644464447
12:09:59,1290,8.796444644464447
12:10:00,1291,8.796444644464447
12:10:01,1291,8.796444644464447
12:10:02,1291,8.796444644464447
12:10:03,1291,8.800569544364508
12:10:04,1291,8.800569544364508
12:10:05,1291,8.800569544364508
12:10:06,1292,8.800569544364508
12:10:07,1292,8.800569544364508
12:10:08,1292,8.800299490865529
12:10:09,1292,8.800299490865529
12:10:10,1292,8.800299490865529
12:10:11,1293,8.800299490865529
12:10:12,1293,8.803201675643328
12:10:13,1293,8.803201675643328
12:10:14,1293,8.803201675643328
12:10:15,1294,8.803201675643328
12:10:16,1294,8.802942054958184
12:10:17,1294,8.802942054958184
12:10:18,1294,8.802942054958184
12:10:19,1295,8.802942054958184
12:10:20,1295,8.80801253357207
12:10:21,1295,8.808005366726297
12:10:22,1295,8.81109621686029
12:10:23,1295,8.81109621686029
12:10:24,1295,8.81109621686029
12:10:25,1295,8.81109621686029
12:10:26,1295,8.81109621686029
12:10:27,1295,8.81109621686029
12:10:28,1295,8.81109621686029
12:10:29,1295,8.81235119047619
12:10:30,1295,8.81235119047619
12:10:31,1295,8.81235119047619
12:10:32,1295,8.81235119047619
12:10:33,1297,8.81235119047619
12:10:34,1297,8.811849539101992
12:10:35,1297,8.811849539101992
12:10:36,1297,8.811849539101992
12:10:37,1297,8.811849539101992
12:10:38,1297,8.811849539101992
12:10:39,1297,8.811849539101992
12:10:40,1297,8.811849539101992
12:10:41,1297,8.811849539101992
12:10:42,1297,8.814379084967321
12:10:43,1297,8.813965568417927
12:10:44,1297,8.813965568417927
12:10:45,1297,8.813965568417927
12:10:46,1297,8.813965568417927
12:10:47,1297,8.813965568417927
12:10:48,1297,8.813965568417927
12:10:49,1297,8.81435349940688
12:10:50,1297,8.81435349940688
12:10:51,1297,8.81435349940688
12:10:52,1297,8.81435349940688
12:10:53,1298,8.818444444444445
12:10:54,1298,8.818444444444445
12:10:55,1298,8.821876850207223
12:10:56,1298,8.821876850207223
12:10:57,1298,8.821876850207223
12:10:58,1298,8.821876850207223
12:10:59,1298,8.822670807453417
12:11:00,1298,8.822670807453417
12:11:01,1298,8.822670807453417
12:11:02,1298,8.825428486997636
12:11:03,1298,8.825428486997636
12:11:04,1298,8.825428486997636
12:11:05,1298,8.826129317980513
12:11:06,1298,8.826129317980513
12:11:07,1298,8.825103244837758
12:11:08,1298,8.825449454759799
12:11:09,1298,8.825449454759799
12:11:10,1298,8.825449454759799
12:11:11,1298,8.825449454759799
12:11:12,1298,8.830697879858658
12:11:13,1298,8.830697879858658
12:11:14,1298,8.830697879858658
12:11:15,1298,8.830697879858658
12:11:16,1298,8.831715210355986
12:11:17,1298,8.831715210355986
12:11:18,1298,8.831715210355986
12:11:19,1298,8.831715210355986
12:11:20,1298,8.831715210355986
12:11:21,1298,8.831715210355986
12:11:22,1298,8.831715210355986
12:11:23,1298,8.831715210355986
12:11:24,1298,8.831715210355986
12:11:25,1299,8.831715210355986
12:11:26,1299,8.832378012933567
12:11:27,1299,8.832378012933567
12:11:28,1299,8.836725403817915
12:11:29,1299,8.836725403817915
12:11:30,1299,8.836725403817915
12:11:31,1299,8.836725403817915
12:11:32,1300,8.83805751173709
12:11:33,1300,8.83805751173709
12:11:34,1300,8.839270008795074
12:11:35,1300,8.839270008795074
12:11:36,1301,8.84223784417106
12:11:37,1301,8.84223784417106
12:11:38,1301,8.84223784417106
12:11:39,1302,8.84223784417106
12:11:40,1302,8.84223784417106
12:11:41,1302,8.84223784417106
12:11:42,1302,8.84223784417106
12:11:43,1303,8.84223784417106
12:11:44,1303,8.84223784417106
12:11:45,1303,8.84223784417106
12:11:46,1303,8.84223784417106
12:11:47,1303,8.84223784417106
12:11:48,1304,8.84230318993269
12:11:49,1304,8.84230318993269
12:11:50,1304,8.84230318993269
12:11:51,1304,8.84230318993269
12:11:52,1305,8.84230318993269
12:11:53,1305,8.845087719298245
12:11:54,1305,8.846289804265265
12:11:55,1305,8.846289804265265
12:11:56,1306,8.846289804265265
12:11:57,1306,8.847475189725628
12:11:58,1306,8.847475189725628
12:11:59,1306,8.847475189725628
12:12:00,1307,8.848396033829106
12:12:01,1307,8.848396033829106
12:12:02,1307,8.851879370629371
12:12:03,1308,8.851879370629371
12:12:04,1308,8.854235807860261
12:12:05,1309,8.854235807860261
12:12:06,1309,8.85564281559046
12:12:07,1309,8.85564281559046
12:12:08,1309,8.85564281559046
12:12:09,1310,8.85564281559046
12:12:10,1310,8.85564281559046
12:12:11,1310,8.85564281559046
12:12:12,1311,8.85564281559046
12:12:13,1311,8.85564281559046
12:12:14,1311,8.856596919500145
12:12:15,1311,8.856596919500145
12:12:16,1312,8.86168699186992
12:12:17,1312,8.865404699738905
12:12:18,1312,8.865404699738905
12:12:19,1313,8.866753623188405
12:12:20,1314,8.866753623188405
12:12:21,1314,8.866753623188405
12:12:22,1314,8.866724587315378
12:12:23,1314,8.866724587315378
12:12:24,1314,8.868388310185185
12:12:25,1314,8.868388310185185
12:12:26,1314,8.868388310185185
12:12:27,1314,8.872328134026572
12:12:28,1314,8.872328134026572
12:12:29,1315,8.872328134026572
12:12:30,1316,8.872328134026572
12:12:31,1316,8.872328134026572
12:12:32,1316,8.872328134026572
12:12:33,1317,8.874963924963925
12:12:34,1318,8.874963924963925
12:12:35,1318,8.874963924963925
12:12:36,1319,8.874963924963925
12:12:37,1319,8.874963924963925
12:12:38,1319,8.874963924963925
12:12:39,1319,8.874963924963925
12:12:40,1319,8.874963924963925
12:12:41,1319,8.874963924963925
12:12:42,1319,8.874963924963925
12:12:43,1319,8.874963924963925
12:12:44,1319,8.874963924963925
12:12:45,1320,8.874963924963925
12:12:46,1320,8.87641291810842
12:12:47,1320,8.87641291810842
12:12:48,1321,8.87641291810842
12:12:49,1322,8.877801786228753
12:12:50,1322,8.877801786228753
12:12:51,1322,8.8818077144502
12:12:52,1322,8.8818077144502
12:12:53,1323,8.883894161633593
12:12:54,1323,8.883894161633593
12:12:55,1324,8.883894161633593
12:12:56,1324,8.88418103448276
12:12:57,1324,8.88418103448276
12:12:58,1324,8.88418103448276
12:12:59,1325,8.886118288831467
12:13:00,1325,8.886118288831467
12:13:01,1325,8.886118288831467
12:13:02,1326,8.886118288831467
12:13:03,1327,8.886118288831467
12:13:04,1327,8.885111876075731
12:13:05,1327,8.885111876075731
12:13:06,1328,8.885111876075731
12:13:07,1328,8.885111876075731
12:13:08,1330,8.890813986815708
12:13:09,1331,8.890813986815708
12:13:10,1332,8.890813986815708
12:13:11,1333,8.891265750286369
12:13:12,1333,8.891265750286369
12:13:13,1334,8.891265750286369
12:13:14,1335,8.891265750286369
12:13:15,1335,8.891265750286369
12:13:16,1335,8.89379113018598
12:13:17,1336,8.89379113018598
12:13:18,1337,8.89379113018598
12:13:19,1339,8.89379113018598
12:13:20,1340,8.89389651229274
12:13:21,1341,8.89389651229274
12:13:22,1341,8.897000856898028
12:13:23,1343,8.898801369863014
12:13:24,1344,8.898801369863014
12:13:25,1344,8.903564299971485
12:13:26,1345,8.903564299971485
12:13:27,1346,8.906780626780627
12:13:28,1346,8.906780626780627
12:13:29,1346,8.906780626780627
12:13:30,1346,8.909165955024196
12:13:31,1348,8.909165955024196
12:13:32,1348,8.909165955024196
12:13:33,1348,8.91127701934016
12:13:34,1349,8.91127701934016
12:13:35,1350,8.91127701934016
12:13:36,1351,8.91127701934016
12:13:37,1351,8.91127701934016
12:13:38,1351,8.91127701934016
12:13:39,1353,8.91127701934016
12:13:40,1353,8.91127701934016
12:13:41,1354,8.91127701934016
12:13:42,1355,8.91127701934016
12:13:43,1355,8.913839158851946
12:13:44,1356,8.913839158851946
12:13:45,1356,8.913839158851946
12:13:46,1356,8.914125496876775
12:13:47,1356,8.914125496876775
12:13:48,1358,8.914125496876775
12:13:49,1358,8.914125496876775
12:13:50,1358,8.914125496876775
12:13:51,1359,8.916553191489362
12:13:52,1360,8.917077664399093
12:13:53,1360,8.917077664399093
12:13:54,1360,8.917077664399093
12:13:55,1361,8.915420560747663
12:13:56,1361,8.915420560747663
12:13:57,1361,8.913115449915109
12:13:58,1361,8.913115449915109
12:13:59,1362,8.913115449915109
12:14:00,1362,8.911478654226746
12:14:01,1362,8.911478654226746
12:14:02,1362,8.911478654226746
12:14:03,1363,8.911478654226746
12:14:04,1363,8.911478654226746
12:14:05,1363,8.91415254237288
12:14:06,1363,8.913858312164832
12:14:07,1364,8.913858312164832
12:14:08,1364,8.913858312164832
12:14:09,1364,8.913858312164832
12:14:10,1364,8.913858312164832
12:14:11,1365,8.916074950690335
12:14:12,1365,8.916074950690335
12:14:13,1365,8.919636824324325
12:14:14,1365,8.916652601969057
12:14:15,1365,8.916708825182688
12:14:16,1365,8.92003650659927
12:14:17,1365,8.92003650659927
12:14:18,1365,8.92003650659927
12:14:19,1365,8.924789562289563
12:14:20,1365,8.924789562289563
12:14:21,1365,8.924789562289563
12:14:22,1365,8.924789562289563
12:14:23,1365,8.924789562289563
12:14:24,1365,8.924789562289563
12:14:25,1365,8.924789562289563
12:14:26,1366,8.924789562289563
12:14:27,1366,8.924789562289563
12:14:28,1367,8.924789562289563
12:14:29,1367,8.924789562289563
12:14:30,1368,8.924789562289563
12:14:31,1368,8.924789562289563
12:14:32,1368,8.928245023829549
12:14:33,1369,8.928245023829549
12:14:34,1369,8.928245023829549
12:14:35,1370,8.930982367758187
12:14:36,1370,8.930982367758187
12:14:37,1370,8.930982367758187
12:14:38,1371,8.930982367758187
12:14:39,1371,8.930872483221476
12:14:40,1372,8.933989941324393
12:14:41,1373,8.933989941324393
12:14:42,1373,8.933989941324393
12:14:43,1373,8.933989941324393
12:14:44,1374,8.93250977107761
12:14:45,1374,8.93250977107761
12:14:46,1374,8.93250977107761
12:14:47,1374,8.935676429567643
12:14:48,1375,8.935676429567643
12:14:49,1376,8.935676429567643
12:14:50,1376,8.935676429567643
12:14:51,1376,8.935676429567643
12:14:52,1377,8.935676429567643
12:14:53,1377,8.935676429567643
12:14:54,1377,8.935676429567643
12:14:55,1377,8.935200668896321
12:14:56,1378,8.935200668896321
12:14:57,1378,8.935200668896321
12:14:58,1378,8.935200668896321
12:14:59,1378,8.935200668896321
12:15:00,1379,8.935200668896321
12:15:01,1379,8.934515859766277
12:15:02,1379,8.934515859766277
12:15:03,1380,8.934515859766277
12:15:04,1380,8.934515859766277
12:15:05,1380,8.934515859766277
12:15:06,1381,8.934515859766277
12:15:07,1381,8.934515859766277
12:15:08,1381,8.939088128996387
12:15:09,1383,8.939088128996387
12:15:10,1383,8.939088128996387
12:15:11,1383,8.939088128996387
12:15:12,1384,8.939088128996387
12:15:13,1385,8.939088128996387
12:15:14,1385,8.939088128996387
12:15:15,1385,8.939088128996387
12:15:16,1386,8.938125000000001
12:15:17,1386,8.938125000000001
12:15:18,1387,8.941063003053012
12:15:19,1389,8.941063003053012
12:15:20,1389,8.941063003053012
12:15:21,1389,8.943205768164171
12:15:22,1390,8.943205768164171
12:15:23,1390,8.943205768164171
12:15:24,1390,8.946758104738155
12:15:25,1390,8.950498338870432
12:15:26,1390,8.950498338870432
12:15:27,1391,8.950871369294607
12:15:28,1391,8.950871369294607
12:15:29,1391,8.950871369294607
12:15:30,1392,8.950871369294607
12:15:31,1392,8.950871369294607
12:15:32,1392,8.950871369294607
12:15:33,1392,8.950871369294607
12:15:34,1393,8.949709784411278
12:15:35,1393,8.949709784411278
12:15:36,1393,8.949709784411278
12:15:37,1393,8.949709784411278
12:15:38,1393,8.949709784411278
12:15:39,1393,8.949709784411278
12:15:40,1393,8.949709784411278
12:15:41,1394,8.952347417840375
12:15:42,1394,8.952347417840375
12:15:43,1394,8.952347417840375
12:15:44,1395,8.955932671081678
12:15:45,1396,8.955932671081678
12:15:46,1396,8.955932671081678
12:15:47,1397,8.955932671081678
12:15:48,1397,8.954149434794596
12:15:49,1397,8.954149434794596
12:15:50,1397,8.95447658402204
12:15:51,1399,8.95447658402204
12:15:52,1399,8.95447658402204
12:15:53,1399,8.955450041288191
12:15:54,1399,8.955450041288191
12:15:55,1400,8.955450041288191
12:15:56,1400,8.955569306930693
12:15:57,1400,8.955569306930693
12:15:58,1401,8.955569306930693
12:15:59,1401,8.955569306930693
12:16:00,1401,8.96042868920033
12:16:01,1401,8.96042868920033
12:16:02,1402,8.96042868920033
12:16:03,1402,8.96042868920033
12:16:04,1402,8.96042868920033
12:16:05,1402,8.96042868920033
12:16:06,1402,8.96042868920033
12:16:07,1403,8.96042868920033
12:16:08,1404,8.963374485596708
12:16:09,1404,8.963374485596708
12:16:10,1404,8.963374485596708
12:16:11,1405,8.963374485596708
12:16:12,1405,8.963374485596708
12:16:13,1405,8.963374485596708
12:16:14,1405,8.963374485596708
12:16:15,1405,8.968227882771844
12:16:16,1405,8.968227882771844
12:16:17,1405,8.968227882771844
12:16:18,1405,8.968322386425834
12:16:19,1405,8.968322386425834
12:16:20,1405,8.968322386425834
12:16:21,1405,8.968322386425834
12:16:22,1405,8.968322386425834
12:16:23,1405,8.970084768936287
12:16:24,1406,8.970084768936287
12:16:25,1406,8.96851092896175
12:16:26,1406,8.96851092896175
12:16:27,1406,8.96851092896175
12:16:28,1406,8.96851092896175
12:16:29,1407,8.968413868413869
12:16:30,1408,8.968413868413869
12:16:31,1408,8.968413868413869
12:16:32,1408,8.968413868413869
12:16:33,1409,8.968413868413869
12:16:34,1410,8.96923076923077
12:16:35,1410,8.96923076923077
12:16:36,1410,8.96923076923077
12:16:37,1410,8.96923076923077
12:16:38,1410,8.96794766966476
12:16:39,1410,8.96794766966476
12:16:40,1410,8.969648692810457
12:16:41,1410,8.969648692810457
12:16:42,1410,8.969648692810457
12:16:43,1410,8.969648692810457
12:16:44,1410,8.969648692810457
12:16:45,1410,8.969648692810457
12:16:46,1410,8.969648692810457
12:16:47,1410,8.969648692810457
12:16:48,1410,8.969648692810457
12:16:49,1410,8.97429931972789
12:16:50,1411,8.97429931972789
12:16:51,1412,8.974755301794454
12:16:52,1412,8.974755301794454
12:16:53,1412,8.974755301794454
12:16:54,1413,8.974755301794454
12:16:55,1414,8.973173050801414
12:16:56,1415,8.973173050801414
12:16:57,1415,8.973173050801414
12:16:58,1416,8.976308652020613
12:16:59,1417,8.976308652020613
12:17:00,1417,8.9780081300813
12:17:01,1417,8.9780081300813
12:17:02,1418,8.9780081300813
12:17:03,1419,8.9780081300813
12:17:04,1419,8.9780081300813
12:17:05,1420,8.978851881938803
12:17:06,1420,8.983468614718614
12:17:07,1421,8.983468614718614
12:17:08,1423,8.985523114355232
12:17:09,1423,8.985523114355232
12:17:10,1424,8.985523114355232
12:17:11,1424,8.985075634792004
12:17:12,1424,8.985075634792004
12:17:13,1425,8.98557354925776
12:17:14,1425,8.98557354925776
12:17:15,1425,8.98557354925776
12:17:16,1425,8.985153721682847
12:17:17,1425,8.985153721682847
12:17:18,1426,8.98745621126381
12:17:19,1426,8.98745621126381
12:17:20,1427,8.98745621126381
12:17:21,1427,8.98745621126381
12:17:22,1428,8.98745621126381
12:17:23,1428,8.98745621126381
12:17:24,1429,8.98745621126381
12:17:25,1429,8.988879913839526
12:17:26,1429,8.990852838310467
12:17:27,1430,8.990322580645161
12:17:28,1431,8.990322580645161
12:17:29,1431,8.990322580645161
12:17:30,1432,8.990322580645161
12:17:31,1432,8.990322580645161
12:17:32,1432,8.991847972065537
12:17:33,1433,8.991847972065537
12:17:34,1433,8.991847972065537
12:17:35,1433,8.991847972065537
12:17:36,1434,8.991847972065537
12:17:37,1434,8.991847972065537
12:17:38,1434,8.991847972065537
12:17:39,1434,8.991854535695117
12:17:40,1435,8.991854535695117
12:17:41,1435,8.991854535695117
12:17:42,1435,8.991854535695117
12:17:43,1436,8.991854535695117
12:17:44,1436,8.99306784660767
12:17:45,1436,8.99306784660767
12:17:46,1436,8.99306784660767
12:17:47,1436,8.99306784660767
12:17:48,1436,8.99076902465166
12:17:49,1436,8.99076902465166
12:17:50,1436,8.99076902465166
12:17:51,1436,8.99076902465166
12:17:52,1436,8.992369477911646
12:17:53,1436,8.992369477911646
12:17:54,1436,8.992369477911646
12:17:55,1436,8.997164258962012
12:17:56,1436,8.997164258962012
12:17:57,1436,9.000454423950815
12:17:58,1436,9.000454423950815
12:17:59,1436,9.000454423950815
12:18:00,1436,9.001829594017094
12:18:01,1436,9.003362690152123
12:18:02,1436,9.002733333333333
12:18:03,1436,9.002733333333333
12:18:04,1436,9.004236610711432
12:18:05,1436,9.004236610711432
12:18:06,1436,9.004236610711432
12:18:07,1436,9.004236610711432
12:18:08,1437,9.00681576144835
12:18:09,1438,9.00681576144835
12:18:10,1438,9.00681576144835
12:18:11,1438,9.00681576144835
12:18:12,1438,9.006451183825485
12:18:13,1440,9.006451183825485
12:18:14,1440,9.006451183825485
12:18:15,1441,9.006451183825485
12:18:16,1441,9.006451183825485
12:18:17,1441,9.006140350877192
12:18:18,1441,9.006140350877192
12:18:19,1441,9.006140350877192
12:18:20,1441,9.006140350877192
12:18:21,1441,9.005843293492696
12:18:22,1441,9.005843293492696
12:18:23,1441,9.008903927813163
12:18:24,1441,9.006921241050119
12:18:25,1441,9.006921241050119
12:18:26,1441,9.006921241050119
12:18:27,1441,9.006921241050119
12:18:28,1441,9.006921241050119
12:18:29,1441,9.006921241050119
12:18:30,1441,9.006921241050119
12:18:31,1441,9.009154742978271
12:18:32,1441,9.009154742978271
12:18:33,1441,9.009154742978271
12:18:34,1441,9.009154742978271
12:18:35,1441,9.009154742978271
12:18:36,1442,9.009154742978271
12:18:37,1442,9.009154742978271
12:18:38,1443,9.009154742978271
12:18:39,1444,9.009154742978271
12:18:40,1444,9.010630129732592
12:18:41,1444,9.010630129732592
12:18:42,1445,9.010630129732592
12:18:43,1445,9.013174603174603
12:18:44,1445,9.013174603174603
12:18:45,1445,9.013174603174603
12:18:46,1445,9.013174603174603
12:18:47,1446,9.014157422081352
12:18:48,1446,9.014157422081352
12:18:49,1446,9.014157422081352
12:18:50,1446,9.014157422081352
12:18:51,1447,9.012034837688045
12:18:52,1447,9.012034837688045
12:18:53,1447,9.013304324894515
12:18:54,1448,9.01357048748353
12:18:55,1448,9.01357048748353
12:18:56,1448,9.01357048748353
12:18:57,1448,9.01382306477093
12:18:58,1449,9.01382306477093
12:18:59,1449,9.01382306477093
12:19:00,1450,9.01382306477093
12:19:01,1450,9.01382306477093
12:19:02,1451,9.01382306477093
12:19:03,1451,9.01382306477093
12:19:04,1451,9.01382306477093
12:19:05,1451,9.01382306477093
12:19:06,1452,9.01382306477093
12:19:07,1453,9.01382306477093
12:19:08,1453,9.01382306477093
12:19:09,1453,9.01382306477093
12:19:10,1453,9.01382306477093
12:19:11,1454,9.01382306477093
12:19:12,1454,9.01382306477093
12:19:13,1454,9.01382306477093
12:19:14,1454,9.01382306477093
12:19:15,1455,9.018403051828466
12:19:16,1455,9.018403051828466
12:19:17,1455,9.018403051828466
12:19:18,1455,9.018403051828466
12:19:19,1456,9.018403051828466
12:19:20,1457,9.019689800210305
12:19:21,1457,9.019689800210305
12:19:22,1457,9.019689800210305
12:19:23,1457,9.017349619122667
12:19:24,1457,9.017349619122667
12:19:25,1457,9.015485564304463
12:19:26,1457,9.015485564304463
12:19:27,1457,9.013991607658012
12:19:28,1457,9.013991607658012
12:19:29,1457,9.011962788259957
12:19:30,1457,9.014375490966222
12:19:31,1457,9.014375490966222
12:19:32,1457,9.017098377812664
12:19:33,1458,9.017098377812664
12:19:34,1458,9.017098377812664
12:19:35,1458,9.017098377812664
12:19:36,1458,9.017098377812664
12:19:37,1459,9.020640522875818
12:19:38,1459,9.020640522875818
12:19:39,1459,9.020640522875818
12:19:40,1459,9.020640522875818
12:19:41,1460,9.020640522875818
12:19:42,1460,9.020640522875818
12:19:43,1460,9.021695402298851
12:19:44,1460,9.02154789872096
12:19:45,1460,9.02154789872096
12:19:46,1461,9.02154789872096
12:19:47,1461,9.025853531404744
12:19:48,1461,9.025853531404744
12:19:49,1462,9.025853531404744
12:19:50,1463,9.02703125
12:19:51,1463,9.02703125
12:19:52,1464,9.02703125
12:19:53,1464,9.02984647410877
12:19:54,1466,9.02984647410877
12:19:55,1466,9.02984647410877
12:19:56,1468,9.03263130525221
12:19:57,1468,9.032138217718888
12:19:58,1469,9.032138217718888
12:19:59,1469,9.032138217718888
12:20:00,1469,9.032138217718888
12:20:01,1469,9.030867082035307
12:20:02,1469,9.030867082035307
12:20:03,1469,9.030867082035307
12:20:04,1470,9.030867082035307
12:20:05,1470,9.030867082035307
12:20:06,1470,9.030867082035307
12:20:07,1470,9.030867082035307
12:20:08,1470,9.030867082035307
12:20:09,1470,9.030867082035307
12:20:10,1470,9.030867082035307
12:20:11,1470,9.030867082035307
12:20:12,1471,9.030867082035307
12:20:13,1471,9.029844357976653
12:20:14,1472,9.029844357976653
12:20:15,1473,9.029844357976653
12:20:16,1473,9.029844357976653
12:20:17,1473,9.029844357976653
12:20:18,1473,9.029844357976653
12:20:19,1474,9.02846034214619
12:20:20,1474,9.02846034214619
12:20:21,1475,9.030290080290081
12:20:22,1475,9.030290080290081
12:20:23,1475,9.030290080290081
12:20:24,1475,9.030290080290081
12:20:25,1477,9.031689958592132
12:20:26,1477,9.031689958592132
12:20:27,1477,9.031689958592132
12:20:28,1478,9.031689958592132
12:20:29,1478,9.031689958592132
12:20:30,1478,9.031689958592132
12:20:31,1478,9.030204292733384
12:20:32,1478,9.030204292733384
12:20:33,1478,9.031409759876064
12:20:34,1479,9.031409759876064
12:20:35,1479,9.031409759876064
12:20:36,1479,9.031282249742002
12:20:37,1480,9.035511729827276
12:20:38,1480,9.035511729827276
12:20:39,1480,9.03397733127254
12:20:40,1480,9.036628056628055
12:20:41,1480,9.036628056628055
12:20:42,1480,9.036628056628055
12:20:43,1480,9.039390432098767
12:20:44,1480,9.039390432098767
12:20:45,1480,9.039390432098767
12:20:46,1480,9.039390432098767
12:20:47,1482,9.039390432098767
12:20:48,1482,9.038203546646107
12:20:49,1482,9.038203546646107
12:20:50,1482,9.0371854134566
12:20:51,1482,9.0371854134566
12:20:52,1482,9.0371854134566
12:20:53,1484,9.0371854134566
12:20:54,1484,9.0371854134566
12:20:55,1484,9.0371854134566
12:20:56,1484,9.0371854134566
12:20:57,1485,9.0371854134566
12:20:58,1485,9.0371854134566
12:20:59,1485,9.0371854134566
12:21:00,1485,9.038863228124198
12:21:01,1487,9.038863228124198
12:21:02,1487,9.038863228124198
12:21:03,1487,9.038863228124198
12:21:04,1488,9.038863228124198
12:21:05,1490,9.038863228124198
12:21:06,1490,9.036871794871795
12:21:07,1490,9.036871794871795
12:21:08,1490,9.036871794871795
12:21:09,1493,9.036997181655137
12:21:10,1493,9.036997181655137
12:21:11,1493,9.036997181655137
12:21:12,1493,9.036997181655137
12:21:13,1493,9.03636712749616
12:21:14,1493,9.03636712749616
12:21:15,1493,9.03636712749616
12:21:16,1493,9.03636712749616
12:21:17,1493,9.03636712749616
12:21:18,1493,9.03636712749616
12:21:19,1493,9.03636712749616
12:21:20,1493,9.037695062675876
12:21:21,1493,9.037695062675876
12:21:22,1493,9.037695062675876
12:21:23,1493,9.03661809815951
12:21:24,1493,9.03661809815951
12:21:25,1493,9.036858237547893
12:21:26,1494,9.04116896375702
12:21:27,1494,9.040601887273654
12:21:28,1494,9.040601887273654
12:21:29,1494,9.039627930682975
12:21:30,1494,9.042436974789917
12:21:31,1494,9.042436974789917
12:21:32,1495,9.042436974789917
12:21:33,1495,9.045432569974555
12:21:34,1495,9.045432569974555
12:21:35,1495,9.047165013984236
12:21:36,1495,9.047165013984236
12:21:37,1495,9.047165013984236
12:21:38,1495,9.047165013984236
12:21:39,1495,9.047165013984236
12:21:40,1495,9.04606199186992
12:21:41,1495,9.044008631632392
12:21:42,1495,9.044008631632392
12:21:43,1496,9.043455098934551
12:21:44,1496,9.043455098934551
12:21:45,1496,9.043455098934551
12:21:46,1496,9.043455098934551
12:21:47,1496,9.043455098934551
12:21:48,1496,9.043455098934551
12:21:49,1496,9.043455098934551
12:21:50,1496,9.045487959442333
12:21:51,1496,9.045487959442333
12:21:52,1496,9.045487959442333
12:21:53,1497,9.048100303951369
12:21:54,1497,9.048100303951369
12:21:55,1497,9.048100303951369
12:21:56,1497,9.048100303951369
12:21:57,1497,9.048342191850164
12:21:58,1497,9.048342191850164
12:21:59,1497,9.048342191850164
12:22:00,1498,9.048342191850164
12:22:01,1498,9.048342191850164
12:22:02,1498,9.048342191850164
12:22:03,1498,9.048342191850164
12:22:04,1498,9.048342191850164
12:22:05,1498,9.048342191850164
12:22:06,1498,9.048342191850164
12:22:07,1499,9.048342191850164
12:22:08,1499,9.051074860900354
12:22:09,1500,9.051074860900354
12:22:10,1500,9.051074860900354
12:22:11,1500,9.051074860900354
12:22:12,1501,9.051074860900354
12:22:13,1502,9.051074860900354
12:22:14,1502,9.051074860900354
12:22:15,1503,9.0513646702047
12:22:16,1504,9.0513646702047
12:22:17,1504,9.0513646702047
12:22:18,1504,9.054693414080242
12:22:19,1504,9.054693414080242
12:22:20,1504,9.054693414080242
12:22:21,1504,9.054693414080242
12:22:22,1504,9.057551689359554
12:22:23,1504,9.057551689359554
12:22:24,1504,9.057551689359554
12:22:25,1504,9.058453010833963
12:22:26,1504,9.058453010833963
12:22:27,1504,9.058453010833963
12:22:28,1504,9.058453010833963
12:22:29,1504,9.058534743202417
12:22:30,1504,9.058534743202417
12:22:31,1504,9.057320754716981
12:22:32,1504,9.0570638511815
12:22:33,1504,9.0570638511815
12:22:34,1504,9.0570638511815
12:22:35,1504,9.0570638511815
12:22:36,1504,9.0570638511815
12:22:37,1504,9.061140416980658
12:22:38,1505,9.061140416980658
12:22:39,1505,9.062123493975905
12:22:40,1505,9.062123493975905
12:22:41,1505,9.062123493975905
12:22:42,1505,9.062123493975905
12:22:43,1505,9.06388471177945
12:22:44,1505,9.06388471177945
12:22:45,1505,9.06388471177945
12:22:46,1505,9.064487853744053
12:22:47,1505,9.064487853744053
12:22:48,1505,9.064487853744053
12:22:49,1505,9.064487853744053
12:22:50,1505,9.064914914914915
12:22:51,1505,9.064914914914915
12:22:52,1505,9.064914914914915
12:22:53,1505,9.064914914914915
12:22:54,1505,9.064914914914915
12:22:55,1505,9.064914914914915
12:22:56,1505,9.064914914914915
12:22:57,1505,9.064914914914915
12:22:58,1505,9.064914914914915
12:22:59,1505,9.064914914914915
12:23:00,1505,9.064914914914915
12:23:01,1505,9.064914914914915
12:23:02,1505,9.064914914914915
12:23:03,1505,9.064914914914915
12:23:04,1505,9.064914914914915
12:23:05,1505,9.064914914914915
12:23:06,1505,9.063540885221306
12:23:07,1505,9.063540885221306
12:23:08,1505,9.063540885221306
12:23:09,1505,9.063540885221306
12:23:10,1505,9.063540885221306
12:23:11,1505,9.063540885221306
12:23:12,1505,9.063540885221306
12:23:13,1505,9.063318340829586
12:23:14,1505,9.063318340829586
12:23:15,1505,9.063318340829586
12:23:16,1505,9.063318340829586
12:23:17,1505,9.06632958801498
12:23:18,1506,9.06632958801498
12:23:19,1506,9.06632958801498
12:23:20,1506,9.06632958801498
12:23:21,1506,9.06632958801498
12:23:22,1506,9.06564371257485
12:23:23,1506,9.06564371257485
12:23:24,1506,9.06564371257485
12:23:25,1506,9.06564371257485
12:23:26,1506,9.068661181750189
12:23:27,1507,9.068661181750189
12:23:28,1507,9.0701918285999
12:23:29,1507,9.0701918285999
12:23:30,1507,9.072292755787903
12:23:31,1507,9.072292755787903
12:23:32,1507,9.072292755787903
12:23:33,1507,9.071330845771143
12:23:34,1508,9.071330845771143
12:23:35,1508,9.07232165050957
12:23:36,1508,9.07232165050957
12:23:37,1508,9.07232165050957
12:23:38,1508,9.073609041231993
12:23:39,1508,9.073609041231993
12:23:40,1508,9.073181931000248
12:23:41,1510,9.073181931000248
12:23:42,1510,9.073181931000248
12:23:43,1510,9.073181931000248
12:23:44,1511,9.073181931000248
12:23:45,1511,9.073181931000248
12:23:46,1512,9.073181931000248
12:23:47,1513,9.073181931000248
12:23:48,1513,9.073181931000248
12:23:49,1514,9.073181931000248
12:23:50,1515,9.073181931000248
12:23:51,1515,9.073181931000248
12:23:52,1515,9.073181931000248
12:23:53,1516,9.071602182539683
12:23:54,1516,9.071602182539683
12:23:55,1516,9.071602182539683
12:23:56,1517,9.072490706319703
12:23:57,1518,9.072490706319703
12:23:58,1519,9.072490706319703
12:23:59,1519,9.071297672114907
12:24:00,1519,9.071297672114907
12:24:01,1519,9.071297672114907
12:24:02,1520,9.071591190299431
12:24:03,1521,9.071591190299431
12:24:04,1521,9.071591190299431
12:24:05,1521,9.071591190299431
12:24:06,1522,9.07244065281899
12:24:07,1522,9.074277242401779
12:24:08,1522,9.075543209876543
12:24:09,1522,9.075543209876543
12:24:10,1522,9.075543209876543
12:24:11,1522,9.076831976313843
12:24:12,1523,9.076831976313843
12:24:13,1523,9.076831976313843
12:24:14,1523,9.076831976313843
12:24:15,1523,9.076831976313843
12:24:16,1523,9.076831976313843
12:24:17,1523,9.076831976313843
12:24:18,1523,9.080276134122288
12:24:19,1523,9.080276134122288
12:24:20,1523,9.080276134122288
12:24:21,1523,9.080276134122288
12:24:22,1523,9.081633407243164
12:24:23,1523,9.081633407243164
12:24:24,1523,9.08392417528311
12:24:25,1523,9.08392417528311
12:24:26,1523,9.08260762607626
12:24:27,1523,9.08260762607626
12:24:28,1523,9.08260762607626
12:24:29,1523,9.084033923303833
12:24:30,1523,9.088577745025791
12:24:31,1523,9.088577745025791
12:24:32,1523,9.088577745025791
12:24:33,1523,9.088577745025791
12:24:34,1524,9.088577745025791
12:24:35,1524,9.088978890525283
12:24:36,1524,9.088978890525283
12:24:37,1524,9.088978890525283
12:24:38,1524,9.088978890525283
12:24:39,1525,9.088978890525283
12:24:40,1525,9.088978890525283
12:24:41,1525,9.088978890525283
12:24:42,1525,9.088978890525283
12:24:43,1525,9.090667157223448
12:24:44,1525,9.090667157223448
12:24:45,1525,9.090667157223448
12:24:46,1526,9.090667157223448
12:24:47,1526,9.090667157223448
12:24:48,1526,9.090667157223448
12:24:49,1526,9.090667157223448
12:24:50,1526,9.090667157223448
12:24:51,1526,9.090667157223448
12:24:52,1527,9.090667157223448
12:24:53,1527,9.090667157223448
12:24:54,1528,9.090428921568627
12:24:55,1528,9.090428921568627
12:24:56,1528,9.090428921568627
12:24:57,1528,9.090428921568627
12:24:58,1528,9.089321577271614
12:24:59,1528,9.089321577271614
12:25:00,1528,9.090822320117473
12:25:01,1528,9.090822320117473
12:25:02,1528,9.09224749327464
12:25:03,1528,9.09224749327464
12:25:04,1529,9.09149560117302
12:25:05,1529,9.09149560117302
12:25:06,1529,9.09149560117302
12:25:07,1529,9.09149560117302
12:25:08,1529,9.09149560117302
12:25:09,1529,9.09149560117302
12:25:10,1530,9.09149560117302
12:25:11,1530,9.093369963369963
12:25:12,1530,9.094472913616398
12:25:13,1530,9.094472913616398
12:25:14,1530,9.094472913616398
12:25:15,1530,9.094472913616398
12:25:16,1530,9.096342355523042
12:25:17,1530,9.096342355523042
12:25:18,1530,9.096342355523042
12:25:19,1530,9.096342355523042
12:25:20,1530,9.100730460189919
12:25:21,1530,9.100730460189919
12:25:22,1530,9.100730460189919
12:25:23,1530,9.10322149282762
12:25:24,1530,9.10322149282762
12:25:25,1530,9.10322149282762
12:25:26,1531,9.10322149282762
12:25:27,1531,9.10322149282762
12:25:28,1532,9.10322149282762
12:25:29,1533,9.10322149282762
12:25:30,1533,9.10501700680272
12:25:31,1533,9.10501700680272
12:25:32,1533,9.106239378489926
12:25:33,1533,9.106239378489926
12:25:34,1533,9.106239378489926
12:25:35,1534,9.108600194080543
12:25:36,1534,9.108600194080543
12:25:37,1534,9.108600194080543
12:25:38,1535,9.108600194080543
12:25:39,1536,9.108600194080543
12:25:40,1536,9.108600194080543
12:25:41,1536,9.108600194080543
12:25:42,1536,9.108600194080543
12:25:43,1538,9.108600194080543
12:25:44,1539,9.108600194080543
12:25:45,1540,9.108600194080543
12:25:46,1540,9.108600194080543
12:25:47,1542,9.108600194080543
12:25:48,1543,9.108339393939394
12:25:49,1543,9.11016230620155
12:25:50,1543,9.11016230620155
12:25:51,1543,9.112055192447349
12:25:52,1544,9.112055192447349
12:25:53,1545,9.112055192447349
12:25:54,1546,9.112203676826319
12:25:55,1547,9.112203676826319
12:25:56,1547,9.112203676826319
12:25:57,1547,9.112203676826319
12:25:58,1550,9.113270485859319
12:25:59,1550,9.113270485859319
12:26:00,1551,9.113270485859319
12:26:01,1551,9.113270485859319
12:26:02,1553,9.113270485859319
12:26:03,1553,9.113270485859319
12:26:04,1553,9.113270485859319
12:26:05,1554,9.113270485859319
12:26:06,1555,9.113270485859319
12:26:07,1555,9.113270485859319
12:26:08,1556,9.113270485859319
12:26:09,1556,9.118139029688631
12:26:10,1556,9.118139029688631
12:26:11,1556,9.12005302482526
12:26:12,1558,9.12005302482526
12:26:13,1558,9.12005302482526
12:26:14,1559,9.12005302482526
12:26:15,1561,9.12005302482526
12:26:16,1561,9.121736512524084
12:26:17,1562,9.121736512524084
12:26:18,1562,9.122178098676294
12:26:19,1563,9.123881673881673
12:26:20,1564,9.123881673881673
12:26:21,1564,9.125570776255707
12:26:22,1565,9.125570776255707
12:26:23,1565,9.125312199807876
12:26:24,1565,9.125312199807876
12:26:25,1565,9.125312199807876
12:26:26,1565,9.125312199807876
12:26:27,1565,9.125312199807876
12:26:28,1565,9.125312199807876
12:26:29,1566,9.125312199807876
12:26:30,1566,9.125312199807876
12:26:31,1566,9.125312199807876
12:26:32,1566,9.125312199807876
12:26:33,1567,9.125312199807876
12:26:34,1568,9.125312199807876
12:26:35,1569,9.125312199807876
12:26:36,1569,9.126853851691864
12:26:37,1569,9.126853851691864
12:26:38,1570,9.126853851691864
12:26:39,1570,9.126853851691864
12:26:40,1570,9.126853851691864
12:26:41,1571,9.127865707434053
12:26:42,1571,9.126587586867961
12:26:43,1571,9.126587586867961
12:26:44,1572,9.126891762452107
12:26:45,1572,9.126891762452107
12:26:46,1572,9.126891762452107
12:26:47,1573,9.132471883225653
12:26:48,1573,9.132471883225653
12:26:49,1573,9.132471883225653
12:26:50,1573,9.132471883225653
12:26:51,1574,9.132471883225653
12:26:52,1574,9.133010521281683
12:26:53,1574,9.134814814814813
12:26:54,1574,9.136568767908308
12:26:55,1574,9.136568767908308
12:26:56,1574,9.136568767908308
12:26:57,1574,9.136568767908308
12:26:58,1574,9.136568767908308
12:26:59,1574,9.136568767908308
12:27:00,1574,9.137625178826896
12:27:01,1575,9.137625178826896
12:27:02,1575,9.137625178826896
12:27:03,1575,9.137625178826896
12:27:04,1575,9.137625178826896
12:27:05,1575,9.137625178826896
12:27:06,1576,9.137625178826896
12:27:07,1576,9.137625178826896
12:27:08,1577,9.137625178826896
12:27:09,1577,9.137625178826896
12:27:10,1577,9.137625178826896
12:27:11,1577,9.138122468429831
12:27:12,1577,9.137
12:27:13,1577,9.137
12:27:14,1577,9.138139424220794
12:27:15,1578,9.138139424220794
12:27:16,1578,9.138139424220794
12:27:17,1578,9.137387066096052
12:27:18,1578,9.137387066096052
12:27:19,1578,9.137387066096052
12:27:20,1578,9.137387066096052
12:27:21,1578,9.137387066096052
12:27:22,1578,9.137387066096052
12:27:23,1578,9.137387066096052
12:27:24,1578,9.137387066096052
12:27:25,1578,9.137387066096052
12:27:26,1578,9.137387066096052
12:27:27,1578,9.14087669280114
12:27:28,1578,9.14249762583096
12:27:29,1578,9.143404507710558
12:27:30,1579,9.143404507710558
12:27:31,1579,9.143404507710558
12:27:32,1579,9.143404507710558
12:27:33,1580,9.14481981981982
12:27:34,1581,9.14481981981982
12:27:35,1581,9.14347311063729
12:27:36,1582,9.14347311063729
12:27:37,1582,9.146152935606061
12:27:38,1582,9.146152935606061
12:27:39,1583,9.146152935606061
12:27:40,1583,9.146152935606061
12:27:41,1583,9.146152935606061
12:27:42,1583,9.146152935606061
12:27:43,1585,9.146152935606061
12:27:44,1585,9.146152935606061
12:27:45,1585,9.14804826117814
12:27:46,1586,9.14804826117814
12:27:47,1586,9.148687943262411
12:27:48,1586,9.148687943262411
12:27:49,1588,9.150673281360737
12:27:50,1588,9.150673281360737
12:27:51,1588,9.15534702549575
12:27:52,1589,9.15534702549575
12:27:53,1589,9.15534702549575
12:27:54,1589,9.15534702549575
12:27:55,1590,9.15534702549575
12:27:56,1590,9.15534702549575
12:27:57,1590,9.15534702549575
12:27:58,1592,9.15534702549575
12:27:59,1592,9.15534702549575
12:28:00,1592,9.15534702549575
12:28:01,1592,9.15534702549575
12:28:02,1592,9.15534702549575
12:28:03,1592,9.159046945034207
12:28:04,1592,9.159046945034207
12:28:05,1594,9.162824139556813
12:28:06,1594,9.162824139556813
12:28:07,1594,9.162824139556813
12:28:08,1594,9.164500941619586
12:28:09,1594,9.164500941619586
12:28:10,1594,9.164500941619586
12:28:11,1594,9.164500941619586
12:28:12,1594,9.164500941619586
12:28:13,1595,9.164500941619586
12:28:14,1596,9.167007762879324
12:28:15,1596,9.167007762879324
12:28:16,1596,9.168651632605123
12:28:17,1597,9.168651632605123
12:28:18,1597,9.168651632605123
12:28:19,1598,9.168651632605123
12:28:20,1598,9.16800469483568
12:28:21,1598,9.16800469483568
12:28:22,1598,9.168109312690595
12:28:23,1598,9.168776371308017
12:28:24,1598,9.171632700866715
12:28:25,1598,9.171632700866715
12:28:26,1598,9.171632700866715
12:28:27,1598,9.170821629213483
12:28:28,1598,9.170821629213483
12:28:29,1598,9.170821629213483
12:28:30,1598,9.170821629213483
12:28:31,1598,9.173309941520468
12:28:32,1598,9.173309941520468
12:28:33,1598,9.173309941520468
12:28:34,1598,9.173309941520468
12:28:35,1598,9.173309941520468
12:28:36,1598,9.177325853202431
12:28:37,1598,9.177325853202431
12:28:38,1598,9.177325853202431
12:28:39,1598,9.177325853202431
12:28:40,1598,9.177325853202431
12:28:41,1598,9.177325853202431
12:28:42,1598,9.180168185003504
12:28:43,1598,9.180168185003504
12:28:44,1599,9.180168185003504
12:28:45,1600,9.180168185003504
12:28:46,1600,9.180168185003504
12:28:47,1601,9.180168185003504
12:28:48,1601,9.180168185003504
12:28:49,1601,9.180168185003504
12:28:50,1601,9.180168185003504
12:28:51,1601,9.180835667600373
12:28:52,1601,9.180835667600373
12:28:53,1601,9.182330300909728
12:28:54,1602,9.183426573426573
12:28:55,1602,9.183426573426573
12:28:56,1602,9.183286745865361
12:28:57,1602,9.183182029795157
12:28:58,1602,9.18247266806234
12:28:59,1602,9.18615760111576
12:29:00,1602,9.18615760111576
12:29:01,1602,9.18615760111576
12:29:02,1603,9.18615760111576
12:29:03,1603,9.18615760111576
12:29:04,1603,9.18615760111576
12:29:05,1603,9.18615760111576
12:29:06,1603,9.18615760111576
12:29:07,1603,9.18615760111576
12:29:08,1603,9.189117305458769
12:29:09,1603,9.189117305458769
12:29:10,1603,9.189117305458769
12:29:11,1603,9.189117305458769
12:29:12,1603,9.189117305458769
12:29:13,1603,9.189117305458769
12:29:14,1603,9.189117305458769
12:29:15,1603,9.189117305458769
12:29:16,1603,9.186339368616528
12:29:17,1604,9.186339368616528
12:29:18,1604,9.189062862444908
12:29:19,1604,9.189062862444908
12:29:20,1605,9.192118683356513
12:29:21,1607,9.192118683356513
12:29:22,1607,9.194220523511698
12:29:23,1607,9.194220523511698
12:29:24,1607,9.194220523511698
12:29:25,1609,9.194220523511698
12:29:26,1610,9.194220523511698
12:29:27,1610,9.194220523511698
12:29:28,1610,9.194220523511698
12:29:29,1610,9.195694444444445
12:29:30,1611,9.195694444444445
12:29:31,1611,9.195694444444445
12:29:32,1611,9.19472588480222
12:29:33,1612,9.192672214516875
12:29:34,1613,9.192672214516875
12:29:35,1613,9.192672214516875
12:29:36,1613,9.192672214516875
12:29:37,1613,9.192672214516875
12:29:38,1614,9.192672214516875
12:29:39,1614,9.193601293601294
12:29:40,1614,9.193601293601294
12:29:41,1614,9.195163896583564
12:29:42,1615,9.195163896583564
12:29:43,1616,9.195163896583564
12:29:44,1617,9.195163896583564
12:29:45,1617,9.195163896583564
12:29:46,1617,9.195163896583564
12:29:47,1618,9.195163896583564
12:29:48,1618,9.195163896583564
12:29:49,1618,9.195163896583564
12:29:50,1618,9.192018454440598
12:29:51,1619,9.192018454440598
12:29:52,1619,9.192018454440598
12:29:53,1619,9.192018454440598
12:29:54,1619,9.192018454440598
12:29:55,1620,9.192018454440598
12:29:56,1620,9.192018454440598
12:29:57,1620,9.193499308437067
12:29:58,1620,9.193499308437067
12:29:59,1620,9.193238885049528
12:30:00,1620,9.193238885049528
12:30:01,1620,9.193238885049528
12:30:02,1620,9.193238885049528
12:30:03,1621,9.193238885049528
12:30:04,1621,9.193238885049528
12:30:05,1621,9.191378913443831
12:30:06,1622,9.194133885438232
12:30:07,1622,9.194133885438232
12:30:08,1622,9.194133885438232
12:30:09,1622,9.194133885438232
12:30:10,1622,9.194133885438232
12:30:11,1622,9.194133885438232
12:30:12,1623,9.194133885438232
12:30:13,1623,9.19680459770115
12:30:14,1623,9.19680459770115
12:30:15,1623,9.199529060418103
12:30:16,1624,9.199529060418103
12:30:17,1625,9.201158522596925
12:30:18,1625,9.201158522596925
12:30:19,1625,9.201158522596925
12:30:20,1625,9.201226501604769
12:30:21,1626,9.201226501604769
12:30:22,1627,9.201226501604769
12:30:23,1627,9.205463917525773
12:30:24,1628,9.205463917525773
12:30:25,1628,9.202232142857143
12:30:26,1628,9.202232142857143
12:30:27,1628,9.202232142857143
12:30:28,1628,9.202232142857143
12:30:29,1628,9.202232142857143
12:30:30,1628,9.202232142857143
12:30:31,1628,9.207378174330817
12:30:32,1628,9.207378174330817
12:30:33,1628,9.20844764517604
12:30:34,1628,9.20844764517604
12:30:35,1628,9.207836417637651
12:30:36,1629,9.207836417637651
12:30:37,1629,9.209303652968035
12:30:38,1629,9.209303652968035
12:30:39,1629,9.209303652968035
12:30:40,1629,9.209303652968035
12:30:41,1630,9.209303652968035
12:30:42,1631,9.209303652968035
12:30:43,1631,9.209303652968035
12:30:44,1631,9.209303652968035
12:30:45,1631,9.209303652968035
12:30:46,1632,9.209303652968035
12:30:47,1632,9.209303652968035
12:30:48,1632,9.209303652968035
12:30:49,1632,9.209303652968035
12:30:50,1632,9.209303652968035
12:30:51,1633,9.209303652968035
12:30:52,1633,9.209303652968035
12:30:53,1633,9.209303652968035
12:30:54,1633,9.209303652968035
12:30:55,1633,9.205563155494756
12:30:56,1633,9.205563155494756
12:30:57,1633,9.20997949419002
12:30:58,1633,9.20997949419002
12:30:59,1633,9.209676684881602
12:31:00,1633,9.212787258248008
12:31:01,1634,9.212787258248008
12:31:02,1634,9.212787258248008
12:31:03,1634,9.21587085038654
12:31:04,1634,9.21587085038654
12:31:05,1634,9.218052715291979
12:31:06,1635,9.219039509536783
12:31:07,1636,9.219039509536783
12:31:08,1636,9.225476190476192
12:31:09,1637,9.225476190476192
12:31:10,1637,9.225476190476192
12:31:11,1638,9.225476190476192
12:31:12,1638,9.225476190476192
12:31:13,1638,9.225476190476192
12:31:14,1638,9.225476190476192
12:31:15,1638,9.225476190476192
12:31:16,1639,9.225476190476192
12:31:17,1639,9.225476190476192
12:31:18,1639,9.225476190476192
12:31:19,1639,9.225476190476192
12:31:20,1639,9.225476190476192
12:31:21,1639,9.225476190476192
12:31:22,1640,9.225476190476192
12:31:23,1640,9.225476190476192
12:31:24,1640,9.227067754362112
12:31:25,1640,9.227067754362112
12:31:26,1641,9.227067754362112
12:31:27,1641,9.225973731884059
12:31:28,1642,9.225973731884059
12:31:29,1643,9.230597014925372
12:31:30,1643,9.230597014925372
12:31:31,1644,9.230597014925372
12:31:32,1645,9.230597014925372
12:31:33,1645,9.230597014925372
12:31:34,1645,9.231086269196025
12:31:35,1646,9.231086269196025
12:31:36,1646,9.231086269196025
12:31:37,1646,9.231086269196025
12:31:38,1646,9.231086269196025
12:31:39,1646,9.231086269196025
12:31:40,1646,9.231086269196025
12:31:41,1646,9.231086269196025
12:31:42,1647,9.231086269196025
12:31:43,1647,9.231086269196025
12:31:44,1647,9.228898668472128
12:31:45,1647,9.228898668472128
12:31:46,1648,9.228898668472128
12:31:47,1648,9.228898668472128
12:31:48,1648,9.228898668472128
12:31:49,1648,9.228898668472128
12:31:50,1648,9.228898668472128
12:31:51,1648,9.228898668472128
12:31:52,1648,9.229894000902119
12:31:53,1648,9.229894000902119
12:31:54,1649,9.228682432432432
12:31:55,1649,9.228682432432432
12:31:56,1649,9.228682432432432
12:31:57,1650,9.230274403958616
12:31:58,1650,9.230274403958616
12:31:59,1650,9.231434030119127
12:32:00,1650,9.231434030119127
12:32:01,1650,9.231805929919139
12:32:02,1650,9.234601571268238
12:32:03,1650,9.234601571268238
12:32:04,1650,9.234601571268238
12:32:05,1650,9.234601571268238
12:32:06,1650,9.234601571268238
12:32:07,1650,9.234601571268238
12:32:08,1650,9.234601571268238
12:32:09,1650,9.234601571268238
12:32:10,1650,9.234601571268238
12:32:11,1651,9.23598026020637
12:32:12,1651,9.23598026020637
12:32:13,1651,9.23391616229545
12:32:14,1651,9.232246863799283
12:32:15,1651,9.233534810835012
12:32:16,1651,9.233534810835012
12:32:17,1651,9.233534810835012
12:32:18,1651,9.236440867426783
12:32:19,1651,9.236440867426783
12:32:20,1651,9.236440867426783
12:32:21,1651,9.236440867426783
12:32:22,1651,9.239119749776586
12:32:23,1652,9.239119749776586
12:32:24,1652,9.239119749776586
12:32:25,1652,9.239119749776586
12:32:26,1652,9.239119749776586
12:32:27,1652,9.239119749776586
12:32:28,1652,9.239119749776586
12:32:29,1652,9.239119749776586
12:32:30,1653,9.239119749776586
12:32:31,1654,9.239119749776586
12:32:32,1654,9.239119749776586
12:32:33,1655,9.239119749776586
12:32:34,1655,9.238680509042196
12:32:35,1656,9.238680509042196
12:32:36,1656,9.238680509042196
12:32:37,1658,9.238680509042196
12:32:38,1658,9.241677822400714
12:32:39,1658,9.241677822400714
12:32:40,1659,9.241677822400714
12:32:41,1659,9.241677822400714
12:32:42,1660,9.241677822400714
12:32:43,1661,9.241677822400714
12:32:44,1661,9.241677822400714
12:32:45,1661,9.241677822400714
12:32:46,1661,9.241677822400714
12:32:47,1663,9.242597547380155
12:32:48,1663,9.242597547380155
12:32:49,1663,9.243950534759358
12:32:50,1664,9.243950534759358
12:32:51,1664,9.243097305722557
12:32:52,1664,9.247607921673342
12:32:53,1665,9.247607921673342
12:32:54,1665,9.247607921673342
12:32:55,1665,9.246386479875472
12:32:56,1665,9.249044444444445
12:32:57,1666,9.249044444444445
12:32:58,1666,9.249289835774524
12:32:59,1666,9.249289835774524
12:33:00,1666,9.249157241073409
12:33:01,1667,9.249157241073409
12:33:02,1667,9.249157241073409
12:33:03,1667,9.24762854609929
12:33:04,1667,9.24762854609929
12:33:05,1667,9.24762854609929
12:33:06,1667,9.24762854609929
12:33:07,1667,9.246035437430786
12:33:08,1667,9.246035437430786
12:33:09,1667,9.246035437430786
12:33:10,1667,9.246035437430786
12:33:11,1667,9.246035437430786
12:33:12,1667,9.246035437430786
12:33:13,1667,9.246035437430786
12:33:14,1668,9.246035437430786
12:33:15,1668,9.246035437430786
12:33:16,1668,9.246035437430786
12:33:17,1668,9.246035437430786
12:33:18,1668,9.246035437430786
12:33:19,1668,9.246035437430786
12:33:20,1668,9.24644754316069
12:33:21,1668,9.24644754316069
12:33:22,1668,9.24644754316069
12:33:23,1668,9.24644754316069
12:33:24,1668,9.24644754316069
12:33:25,1668,9.248252598982527
12:33:26,1668,9.248252598982527
12:33:27,1668,9.248252598982527
12:33:28,1668,9.248252598982527
12:33:29,1668,9.248252598982527
12:33:30,1668,9.250906277630415
12:33:31,1668,9.247824166114423
12:33:32,1669,9.247824166114423
12:33:33,1669,9.247824166114423
12:33:34,1669,9.247824166114423
12:33:35,1669,9.247824166114423
12:33:36,1669,9.247824166114423
12:33:37,1669,9.246865342163355
12:33:38,1670,9.246865342163355
12:33:39,1670,9.246865342163355
12:33:40,1670,9.248279285241562
12:33:41,1670,9.252888007054674
12:33:42,1670,9.252888007054674
12:33:43,1671,9.252888007054674
12:33:44,1671,9.252888007054674
12:33:45,1672,9.256532275831681
12:33:46,1672,9.256532275831681
12:33:47,1672,9.256532275831681
12:33:48,1673,9.256532275831681
12:33:49,1674,9.258289299867899
12:33:50,1674,9.258289299867899
12:33:51,1675,9.258289299867899
12:33:52,1675,9.258289299867899
12:33:53,1675,9.258289299867899
12:33:54,1676,9.258289299867899
12:33:55,1676,9.258289299867899
12:33:56,1676,9.258289299867899
12:33:57,1676,9.257051705170516
12:33:58,1677,9.255815743183819
12:33:59,1677,9.255815743183819
12:34:00,1677,9.255815743183819
12:34:01,1677,9.259745110964623
12:34:02,1677,9.259745110964623
12:34:03,1677,9.259745110964623
12:34:04,1677,9.259745110964623
12:34:05,1677,9.26159420289855
12:34:06,1677,9.26159420289855
12:34:07,1678,9.26159420289855
12:34:08,1678,9.26159420289855
12:34:09,1678,9.26159420289855
12:34:10,1678,9.261586570111916
12:34:11,1679,9.261586570111916
12:34:12,1679,9.261586570111916
12:34:13,1679,9.261586570111916
12:34:14,1679,9.261586570111916
12:34:15,1679,9.261586570111916
12:34:16,1679,9.261586570111916
12:34:17,1680,9.261586570111916
12:34:18,1680,9.261586570111916
12:34:19,1680,9.261586570111916
12:34:20,1680,9.264146394915626
12:34:21,1680,9.264146394915626
12:34:22,1680,9.264146394915626
12:34:23,1680,9.26733464739378
12:34:24,1680,9.26733464739378
12:34:25,1680,9.26733464739378
12:34:26,1680,9.26733464739378
12:34:27,1680,9.26733464739378
12:34:28,1680,9.26733464739378
12:34:29,1680,9.26733464739378
12:34:30,1680,9.26733464739378
12:34:31,1681,9.268297220398336
12:34:32,1681,9.268297220398336
12:34:33,1681,9.267957130358704
12:34:34,1681,9.266196721311475
12:34:35,1681,9.269156837046745
12:34:36,1681,9.269156837046745
12:34:37,1681,9.272691552062868
12:34:38,1682,9.272691552062868
12:34:39,1682,9.272691552062868
12:34:40,1683,9.272691552062868
12:34:41,1683,9.271313263525306
12:34:42,1683,9.271313263525306
12:34:43,1683,9.271313263525306
12:34:44,1683,9.271313263525306
12:34:45,1685,9.271313263525306
12:34:46,1685,9.271313263525306
12:34:47,1685,9.271313263525306
12:34:48,1685,9.271313263525306
12:34:49,1685,9.271313263525306
12:34:50,1685,9.271313263525306
12:34:51,1685,9.271212121212121
12:34:52,1685,9.271212121212121
12:34:53,1685,9.271212121212121
12:34:54,1685,9.271212121212121
12:34:55,1685,9.27172871761376
12:34:56,1686,9.27172871761376
12:34:57,1686,9.275054395126197
12:34:58,1686,9.275054395126197
12:34:59,1686,9.275054395126197
12:35:00,1686,9.273352902804957
12:35:01,1686,9.273352902804957
12:35:02,1686,9.273352902804957
12:35:03,1687,9.273218166014775
12:35:04,1687,9.273218166014775
12:35:05,1687,9.273218166014775
12:35:06,1687,9.273218166014775
12:35:07,1687,9.273218166014775
12:35:08,1687,9.273218166014775
12:35:09,1688,9.275320304017374
12:35:10,1688,9.275320304017374
12:35:11,1689,9.275320304017374
12:35:12,1689,9.278548177083334
12:35:13,1690,9.275178919973975
12:35:14,1690,9.275178919973975
12:35:15,1690,9.275178919973975
12:35:16,1690,9.27530342436064
12:35:17,1690,9.27530342436064
12:35:18,1690,9.27530342436064
12:35:19,1691,9.27530342436064
12:35:20,1691,9.27530342436064
12:35:21,1691,9.275102880658435
12:35:22,1691,9.275102880658435
12:35:23,1691,9.27848484848485
12:35:24,1691,9.27848484848485
12:35:25,1691,9.279063986165152
12:35:26,1691,9.279063986165152
12:35:27,1692,9.279063986165152
12:35:28,1692,9.279063986165152
12:35:29,1692,9.279063986165152
12:35:30,1692,9.279063986165152
12:35:31,1692,9.27944480449341
12:35:32,1693,9.27944480449341
12:35:33,1693,9.27944480449341
12:35:34,1695,9.28049438687392
12:35:35,1695,9.28049438687392
12:35:36,1695,9.28049438687392
12:35:37,1697,9.28057173678533
12:35:38,1697,9.28057173678533
12:35:39,1697,9.28057173678533
12:35:40,1697,9.278600689952565
12:35:41,1697,9.278600689952565
12:35:42,1698,9.278600689952565
12:35:43,1698,9.278600689952565
12:35:44,1698,9.278600689952565
12:35:45,1699,9.27912087912088
12:35:46,1699,9.27912087912088
12:35:47,1699,9.27912087912088
12:35:48,1699,9.27912087912088
12:35:49,1699,9.280921619293713
12:35:50,1699,9.280921619293713
12:35:51,1700,9.280921619293713
12:35:52,1700,9.280921619293713
12:35:53,1700,9.280921619293713
12:35:54,1700,9.280921619293713
12:35:55,1700,9.280921619293713
12:35:56,1700,9.284506132989026
12:35:57,1701,9.284506132989026
12:35:58,1701,9.284506132989026
12:35:59,1701,9.288924731182796
12:36:00,1702,9.288924731182796
12:36:01,1703,9.291886954652911
12:36:02,1703,9.291886954652911
12:36:03,1703,9.291886954652911
12:36:04,1703,9.291886954652911
12:36:05,1704,9.291886954652911
12:36:06,1704,9.291886954652911
12:36:07,1704,9.292321735395188
12:36:08,1705,9.291854475209274
12:36:09,1705,9.291854475209274
12:36:10,1706,9.28970398970399
12:36:11,1706,9.28970398970399
12:36:12,1707,9.28970398970399
12:36:13,1707,9.28970398970399
12:36:14,1708,9.290664523043944
12:36:15,1709,9.294387317909168
12:36:16,1710,9.294387317909168
12:36:17,1711,9.294387317909168
12:36:18,1712,9.294387317909168
12:36:19,1714,9.294387317909168
12:36:20,1714,9.294387317909168
12:36:21,1714,9.294387317909168
12:36:22,1715,9.294387317909168
12:36:23,1715,9.294387317909168
12:36:24,1715,9.294387317909168
12:36:25,1715,9.294091201027618
12:36:26,1715,9.294091201027618
12:36:27,1715,9.294091201027618
12:36:28,1716,9.294091201027618
12:36:29,1716,9.294091201027618
12:36:30,1717,9.294091201027618
12:36:31,1717,9.294091201027618
12:36:32,1718,9.291292255027814
12:36:33,1719,9.291292255027814
12:36:34,1720,9.291292255027814
12:36:35,1721,9.29207264957265
12:36:36,1721,9.29207264957265
12:36:37,1722,9.294170403587446
12:36:38,1722,9.294170403587446
12:36:39,1722,9.294170403587446
12:36:40,1723,9.294728979940249
12:36:41,1725,9.294728979940249
12:36:42,1725,9.293158567774935
12:36:43,1726,9.293158567774935
12:36:44,1726,9.293158567774935
12:36:45,1727,9.293158567774935
12:36:46,1727,9.293158567774935
12:36:47,1728,9.297635782747603
12:36:48,1728,9.297635782747603
12:36:49,1728,9.300074499787144
12:36:50,1728,9.302350563709847
12:36:51,1729,9.302350563709847
12:36:52,1729,9.302350563709847
12:36:53,1729,9.302350563709847
12:36:54,1729,9.302350563709847
12:36:55,1730,9.303188775510204
12:36:56,1730,9.303188775510204
12:36:57,1730,9.303188775510204
12:36:58,1730,9.303188775510204
12:36:59,1731,9.302836201402167
12:37:00,1731,9.302836201402167
12:37:01,1731,9.302144373673036
12:37:02,1732,9.302144373673036
12:37:03,1732,9.302144373673036
12:37:04,1732,9.302144373673036
12:37:05,1732,9.302144373673036
12:37:06,1732,9.300901761086356
12:37:07,1733,9.300901761086356
12:37:08,1733,9.303265479219677
12:37:09,1733,9.303265479219677
12:37:10,1735,9.303265479219677
12:37:11,1735,9.303265479219677
12:37:12,1735,9.303265479219677
12:37:13,1735,9.304630218266583
12:37:14,1736,9.304630218266583
12:37:15,1736,9.304630218266583
12:37:16,1736,9.30584498094028
12:37:17,1736,9.304835978835978
12:37:18,1739,9.304835978835978
12:37:19,1739,9.304835978835978
12:37:20,1739,9.307021996615905
12:37:21,1740,9.307021996615905
12:37:22,1740,9.307021996615905
12:37:23,1740,9.307021996615905
12:37:24,1740,9.304037201437328
12:37:25,1741,9.304037201437328
12:37:26,1741,9.304037201437328
12:37:27,1741,9.30540768905788
12:37:28,1742,9.30540768905788
12:37:29,1742,9.30540768905788
12:37:30,1742,9.303324889170362
12:37:31,1742,9.303324889170362
12:37:32,1743,9.303324889170362
12:37:33,1743,9.302995780590717
12:37:34,1743,9.302995780590717
12:37:35,1744,9.302308665401645
12:37:36,1744,9.302308665401645
12:37:37,1745,9.302308665401645
12:37:38,1745,9.303845343447113
12:37:39,1747,9.303845343447113
12:37:40,1747,9.303845343447113
12:37:41,1747,9.303845343447113
12:37:42,1748,9.303845343447113
12:37:43,1748,9.304274584122973
12:37:44,1748,9.304274584122973
12:37:45,1748,9.304274584122973
12:37:46,1748,9.304274584122973
12:37:47,1748,9.304274584122973
12:37:48,1748,9.304274584122973
12:37:49,1748,9.304274584122973
12:37:50,1749,9.304274584122973
12:37:51,1749,9.304274584122973
12:37:52,1749,9.305818602693602
12:37:53,1750,9.305818602693602
12:37:54,1750,9.310841219768664
12:37:55,1750,9.310841219768664
12:37:56,1751,9.310841219768664
12:37:57,1751,9.307271963009669
12:37:58,1751,9.30919974795211
12:37:59,1752,9.30919974795211
12:38:00,1752,9.31090470193115
12:38:01,1752,9.31090470193115
12:38:02,1753,9.312659953849382
12:38:03,1753,9.312659953849382
12:38:04,1753,9.312659953849382
12:38:05,1754,9.312659953849382
12:38:06,1755,9.31296645702306
12:38:07,1755,9.312298344856485
12:38:08,1755,9.312298344856485
12:38:09,1755,9.312298344856485
12:38:10,1756,9.312298344856485
12:38:11,1756,9.313306113902849
12:38:12,1756,9.313306113902849
12:38:13,1757,9.313306113902849
12:38:14,1757,9.313306113902849
12:38:15,1757,9.313306113902849
12:38:16,1758,9.313915044988493
12:38:17,1758,9.313915044988493
12:38:18,1758,9.313915044988493
12:38:19,1759,9.313915044988493
12:38:20,1759,9.313915044988493
12:38:21,1760,9.313915044988493
12:38:22,1760,9.313915044988493
12:38:23,1760,9.31236930154747
12:38:24,1760,9.31236930154747
12:38:25,1761,9.310177638453501
12:38:26,1761,9.310177638453501
12:38:27,1761,9.310177638453501
12:38:28,1761,9.31359649122807
12:38:29,1761,9.31359649122807
12:38:30,1761,9.31359649122807
12:38:31,1761,9.31359649122807
12:38:32,1761,9.31359649122807
12:38:33,1761,9.31359649122807
12:38:34,1761,9.31359649122807
12:38:35,1761,9.315487372156126
12:38:36,1762,9.315487372156126
12:38:37,1762,9.315487372156126
12:38:38,1762,9.315487372156126
12:38:39,1762,9.315487372156126
12:38:40,1763,9.315487372156126
12:38:41,1763,9.312851782363976
12:38:42,1763,9.312851782363976
12:38:43,1763,9.312851782363976
12:38:44,1763,9.312851782363976
12:38:45,1763,9.312851782363976
12:38:46,1763,9.317072662919008
12:38:47,1763,9.317072662919008
12:38:48,1763,9.317072662919008
12:38:49,1763,9.317072662919008
12:38:50,1763,9.319257178526842
12:38:51,1763,9.319257178526842
12:38:52,1763,9.319257178526842
12:38:53,1764,9.319257178526842
12:38:54,1765,9.319257178526842
12:38:55,1765,9.319257178526842
12:38:56,1766,9.319257178526842
12:38:57,1767,9.319257178526842
12:38:58,1768,9.319257178526842
12:38:59,1769,9.31945310875442
12:39:00,1769,9.316635494596841
12:39:01,1770,9.316635494596841
12:39:02,1770,9.318733125649013
12:39:03,1770,9.318733125649013
12:39:04,1771,9.318733125649013
12:39:05,1771,9.318733125649013
12:39:06,1772,9.318733125649013
12:39:07,1773,9.318733125649013
12:39:08,1773,9.320568700705687
12:39:09,1773,9.320504044803982
12:39:10,1774,9.320504044803982
12:39:11,1775,9.320504044803982
12:39:12,1775,9.320504044803982
12:39:13,1776,9.320504044803982
12:39:14,1777,9.320504044803982
12:39:15,1777,9.320504044803982
12:39:16,1779,9.318128109452736
12:39:17,1779,9.318128109452736
12:39:18,1779,9.318128109452736
12:39:19,1780,9.317422829915062
12:39:20,1781,9.317826086956522
12:39:21,1781,9.317826086956522
12:39:22,1782,9.319201324229256
12:39:23,1782,9.319201324229256
12:39:24,1783,9.319201324229256
12:39:25,1783,9.320440446650123
12:39:26,1783,9.320440446650123
12:39:27,1783,9.320440446650123
12:39:28,1785,9.320440446650123
12:39:29,1785,9.320440446650123
12:39:30,1785,9.320440446650123
12:39:31,1785,9.31887786732796
12:39:32,1787,9.31887786732796
12:39:33,1787,9.31887786732796
12:39:34,1787,9.321664601404377
12:39:35,1788,9.322260061919504
12:39:36,1789,9.322260061919504
12:39:37,1789,9.322260061919504
12:39:38,1789,9.322225660066007
12:39:39,1790,9.322225660066007
12:39:40,1790,9.324479488765203
12:39:41,1791,9.324479488765203
12:39:42,1792,9.324479488765203
12:39:43,1792,9.324536464771322
12:39:44,1793,9.324536464771322
12:39:45,1793,9.324536464771322
12:39:46,1793,9.324536464771322
12:39:47,1793,9.324536464771322
12:39:48,1794,9.324536464771322
12:39:49,1794,9.324536464771322
12:39:50,1794,9.324408070825614
12:39:51,1794,9.324408070825614
12:39:52,1794,9.324408070825614
12:39:53,1794,9.3230658436214
12:39:54,1794,9.3230658436214
12:39:55,1794,9.323257248611968
12:39:56,1794,9.323257248611968
12:39:57,1794,9.323257248611968
12:39:58,1794,9.323257248611968
12:39:59,1794,9.323257248611968
12:40:00,1794,9.323257248611968
12:40:01,1794,9.323257248611968
12:40:02,1795,9.323257248611968
12:40:03,1795,9.323257248611968
12:40:04,1795,9.32223592272914
12:40:05,1796,9.321154241117274
12:40:06,1797,9.321154241117274
12:40:07,1797,9.321154241117274
12:40:08,1798,9.321154241117274
12:40:09,1798,9.323440065681444
12:40:10,1798,9.325128205128205
12:40:11,1798,9.32709102091021
12:40:12,1798,9.32709102091021
12:40:13,1798,9.32709102091021
12:40:14,1798,9.329112886703545
12:40:15,1798,9.329112886703545
12:40:16,1799,9.329112886703545
12:40:17,1799,9.32891072891073
12:40:18,1800,9.32976263556374
12:40:19,1800,9.32976263556374
12:40:20,1801,9.32976263556374
12:40:21,1801,9.32976263556374
12:40:22,1802,9.32976263556374
12:40:23,1802,9.32976263556374
12:40:24,1802,9.32976263556374
12:40:25,1802,9.327259713701432
12:40:26,1802,9.327259713701432
12:40:27,1803,9.327259713701432
12:40:28,1803,9.327259713701432
12:40:29,1803,9.327259713701432
12:40:30,1804,9.32734518700184
12:40:31,1804,9.32734518700184
12:40:32,1804,9.32734518700184
12:40:33,1804,9.32826797385621
12:40:34,1804,9.32826797385621
12:40:35,1805,9.32826797385621
12:40:36,1805,9.32826797385621
12:40:37,1805,9.327444376403347
12:40:38,1805,9.327444376403347
12:40:39,1806,9.326540187678498
12:40:40,1806,9.326540187678498
12:40:41,1806,9.326540187678498
12:40:42,1808,9.326540187678498
12:40:43,1808,9.326640179299103
12:40:44,1808,9.326640179299103
12:40:45,1809,9.323864793321116
12:40:46,1809,9.323864793321116
12:40:47,1809,9.323864793321116
12:40:48,1810,9.323864793321116
12:40:49,1810,9.321754171754172
12:40:50,1810,9.321754171754172
12:40:51,1811,9.321754171754172
12:40:52,1811,9.321754171754172
12:40:53,1811,9.321754171754172
12:40:54,1811,9.321754171754172
12:40:55,1811,9.321754171754172
12:40:56,1811,9.321754171754172
12:40:57,1811,9.321754171754172
12:40:58,1812,9.321754171754172
12:40:59,1812,9.323530608094366
12:41:00,1812,9.32581300813008
12:41:01,1812,9.32581300813008
12:41:02,1813,9.32581300813008
12:41:03,1813,9.32581300813008
12:41:04,1813,9.327452772699575
12:41:05,1813,9.326004872107186
12:41:06,1814,9.326004872107186
12:41:07,1814,9.326004872107186
12:41:08,1814,9.326004872107186
12:41:09,1815,9.326004872107186
12:41:10,1815,9.326004872107186
12:41:11,1815,9.326004872107186
12:41:12,1816,9.326004872107186
12:41:13,1816,9.326004872107186
12:41:14,1817,9.323655913978493
12:41:15,1817,9.323655913978493
12:41:16,1817,9.326125304136252
12:41:17,1818,9.326125304136252
12:41:18,1818,9.325055724417428
12:41:19,1818,9.325055724417428
12:41:20,1818,9.325055724417428
12:41:21,1819,9.325055724417428
12:41:22,1819,9.32525313892264
12:41:23,1819,9.32525313892264
12:41:24,1820,9.32525313892264
12:41:25,1820,9.32525313892264
12:41:26,1820,9.32525313892264
12:41:27,1820,9.32525313892264
12:41:28,1820,9.32525313892264
12:41:29,1821,9.32525313892264
12:41:30,1821,9.32525313892264
12:41:31,1821,9.32525313892264
12:41:32,1821,9.324215745800446
12:41:33,1821,9.327508090614886
12:41:34,1821,9.327508090614886
12:41:35,1821,9.328451586820297
12:41:36,1821,9.328451586820297
12:41:37,1821,9.328451586820297
12:41:38,1821,9.32750505050505
12:41:39,1821,9.32750505050505
12:41:40,1821,9.32750505050505
12:41:41,1821,9.326781748435291
12:41:42,1821,9.326781748435291
12:41:43,1822,9.326781748435291
12:41:44,1822,9.326781748435291
12:41:45,1822,9.326781748435291
12:41:46,1822,9.326781748435291
12:41:47,1823,9.324475383373688
12:41:48,1823,9.324475383373688
12:41:49,1823,9.324475383373688
12:41:50,1823,9.326325872151644
12:41:51,1823,9.326325872151644
12:41:52,1823,9.32738814993954
12:41:53,1823,9.32738814993954
12:41:54,1823,9.32761329305136
12:41:55,1823,9.32761329305136
12:41:56,1823,9.32761329305136
12:41:57,1823,9.32761329305136
12:41:58,1823,9.32761329305136
12:41:59,1823,9.32761329305136
12:42:00,1823,9.326489533011273
12:42:01,1823,9.326489533011273
12:42:02,1823,9.326489533011273
12:42:03,1823,9.326489533011273
12:42:04,1823,9.326489533011273
12:42:05,1823,9.326489533011273
12:42:06,1823,9.326489533011273
12:42:07,1824,9.328384630858983
12:42:08,1824,9.328384630858983
12:42:09,1825,9.328558504221954
12:42:10,1825,9.328558504221954
12:42:11,1825,9.330239099859352
12:42:12,1825,9.330239099859352
12:42:13,1826,9.330239099859352
12:42:14,1826,9.330239099859352
12:42:15,1826,9.32968875502008
12:42:16,1826,9.32968875502008
12:42:17,1826,9.32968875502008
12:42:18,1827,9.32968875502008
12:42:19,1827,9.32968875502008
12:42:20,1827,9.32968875502008
12:42:21,1828,9.329622944243882
12:42:22,1829,9.329622944243882
12:42:23,1829,9.32752054519944
12:42:24,1830,9.32752054519944
12:42:25,1830,9.32752054519944
12:42:26,1831,9.32752054519944
12:42:27,1831,9.329326923076923
12:42:28,1831,9.329326923076923
12:42:29,1831,9.329439439439438
12:42:30,1831,9.329439439439438
12:42:31,1831,9.329439439439438
12:42:32,1831,9.329821928771509
12:42:33,1831,9.329821928771509
12:42:34,1831,9.329821928771509
12:42:35,1831,9.326169064748202
12:42:36,1831,9.326169064748202
12:42:37,1832,9.326169064748202
12:42:38,1832,9.326169064748202
12:42:39,1832,9.326169064748202
12:42:40,1832,9.326169064748202
12:42:41,1833,9.326169064748202
12:42:42,1833,9.32782105052926
12:42:43,1833,9.32782105052926
12:42:44,1833,9.32782105052926
12:42:45,1834,9.32782105052926
12:42:46,1835,9.329650698602794
12:42:47,1835,9.329650698602794
12:42:48,1835,9.329650698602794
12:42:49,1836,9.329650698602794
12:42:50,1836,9.329650698602794
12:42:51,1836,9.329650698602794
12:42:52,1836,9.328635547576303
12:42:53,1836,9.328635547576303
12:42:54,1837,9.328635547576303
12:42:55,1837,9.331070574162679
12:42:56,1838,9.33207810320781
12:42:57,1838,9.33207810320781
12:42:58,1839,9.33436877737953
12:42:59,1839,9.33436877737953
12:43:00,1839,9.33436877737953
12:43:01,1839,9.33436877737953
12:43:02,1839,9.33436877737953
12:43:03,1840,9.33436877737953
12:43:04,1840,9.33436877737953
12:43:05,1840,9.33436877737953
12:43:06,1840,9.33436877737953
12:43:07,1840,9.336109452736318
12:43:08,1840,9.336109452736318
12:43:09,1840,9.336109452736318
12:43:10,1840,9.334218377088307
12:43:11,1840,9.332737030411447
12:43:12,1840,9.332737030411447
12:43:13,1842,9.332260627731426
12:43:14,1842,9.332260627731426
12:43:15,1842,9.332260627731426
12:43:16,1842,9.332260627731426
12:43:17,1842,9.333720468532857
12:43:18,1842,9.333720468532857
12:43:19,1842,9.333720468532857
12:43:20,1842,9.333720468532857
12:43:21,1842,9.333720468532857
12:43:22,1842,9.333720468532857
12:43:23,1842,9.333720468532857
12:43:24,1842,9.33186507936508
12:43:25,1842,9.33186507936508
12:43:26,1842,9.332034503271862
12:43:27,1842,9.332034503271862
12:43:28,1842,9.331877599524658
12:43:29,1842,9.331877599524658
12:43:30,1843,9.331877599524658
12:43:31,1843,9.331877599524658
12:43:32,1843,9.329038004750593
12:43:33,1844,9.328150346191888
12:43:34,1844,9.328150346191888
12:43:35,1844,9.32874654013444
12:43:36,1844,9.32874654013444
12:43:37,1844,9.32874654013444
12:43:38,1844,9.329737206085754
12:43:39,1844,9.329737206085754
12:43:40,1844,9.329737206085754
12:43:41,1845,9.329737206085754
12:43:42,1845,9.329737206085754
12:43:43,1846,9.329737206085754
12:43:44,1846,9.329737206085754
12:43:45,1847,9.329737206085754
12:43:46,1847,9.330203396524487
12:43:47,1849,9.330203396524487
12:43:48,1849,9.330203396524487
12:43:49,1849,9.330203396524487
12:43:50,1850,9.330203396524487
12:43:51,1851,9.330203396524487
12:43:52,1851,9.330203396524487
12:43:53,1851,9.330203396524487
12:43:54,1852,9.330203396524487
12:43:55,1853,9.330203396524487
12:43:56,1854,9.330203396524487
12:43:57,1854,9.330203396524487
12:43:58,1854,9.330203396524487
12:43:59,1854,9.332130177514792
12:44:00,1855,9.332130177514792
12:44:01,1855,9.330613049477627
12:44:02,1855,9.327955082742315
12:44:03,1855,9.327955082742315
12:44:04,1855,9.329838550895847
12:44:05,1855,9.329838550895847
12:44:06,1855,9.329838550895847
12:44:07,1855,9.329112554112553
12:44:08,1855,9.329112554112553
12:44:09,1855,9.329112554112553
12:44:10,1855,9.329112554112553
12:44:11,1855,9.329112554112553
12:44:12,1855,9.329112554112553
12:44:13,1855,9.329112554112553
12:44:14,1855,9.329112554112553
12:44:15,1855,9.329112554112553
12:44:16,1855,9.32803343166175
12:44:17,1856,9.329795597484276
12:44:18,1856,9.329795597484276
12:44:19,1856,9.329795597484276
12:44:20,1857,9.329795597484276
12:44:21,1857,9.331172657631113
12:44:22,1857,9.331172657631113
12:44:23,1858,9.331172657631113
12:44:24,1858,9.331172657631113
12:44:25,1858,9.331172657631113
12:44:26,1859,9.331172657631113
12:44:27,1859,9.331172657631113
12:44:28,1859,9.331172657631113
12:44:29,1859,9.331223007459757
12:44:30,1860,9.331223007459757
12:44:31,1860,9.331223007459757
12:44:32,1860,9.331223007459757
12:44:33,1861,9.331223007459757
12:44:34,1861,9.331223007459757
12:44:35,1861,9.331223007459757
12:44:36,1862,9.330380616048656
12:44:37,1862,9.330380616048656
12:44:38,1862,9.329472859102488
12:44:39,1862,9.329472859102488
12:44:40,1862,9.329475127301214
12:44:41,1862,9.329888432178508
12:44:42,1862,9.329888432178508
12:44:43,1863,9.329888432178508
12:44:44,1863,9.329888432178508
12:44:45,1863,9.329888432178508
12:44:46,1863,9.329888432178508
12:44:47,1863,9.329888432178508
12:44:48,1863,9.32843309859155
12:44:49,1863,9.328602150537636
12:44:50,1863,9.329034779210629
12:44:51,1865,9.329034779210629
12:44:52,1865,9.329034779210629
12:44:53,1865,9.329034779210629
12:44:54,1866,9.329034779210629
12:44:55,1866,9.329034779210629
12:44:56,1866,9.329034779210629
12:44:57,1867,9.328617457527827
12:44:58,1867,9.328617457527827
12:44:59,1867,9.328617457527827
12:45:00,1867,9.328617457527827
12:45:01,1867,9.328617457527827
12:45:02,1868,9.327468774395005
12:45:03,1868,9.327468774395005
12:45:04,1868,9.327468774395005
12:45:05,1868,9.327468774395005
12:45:06,1869,9.329998049541642
12:45:07,1869,9.329998049541642
12:45:08,1869,9.329998049541642
12:45:09,1869,9.329998049541642
12:45:10,1869,9.329998049541642
12:45:11,1869,9.330175438596491
12:45:12,1869,9.330175438596491
12:45:13,1869,9.33128774595753
12:45:14,1869,9.33128774595753
12:45:15,1869,9.33128774595753
12:45:16,1869,9.33128774595753
12:45:17,1869,9.33128774595753
12:45:18,1869,9.33128774595753
12:45:19,1869,9.33128774595753
12:45:20,1869,9.33128774595753
12:45:21,1869,9.33128774595753
12:45:22,1869,9.33128774595753
12:45:23,1869,9.33128774595753
12:45:24,1869,9.334131619937695
12:45:25,1869,9.334131619937695
12:45:26,1869,9.332272815722904
12:45:27,1869,9.332584597432906
12:45:28,1870,9.331098153547133
12:45:29,1870,9.331098153547133
12:45:30,1870,9.330895493395493
12:45:31,1870,9.330895493395493
12:45:32,1870,9.331324014754417
12:45:33,1870,9.331324014754417
12:45:34,1870,9.331324014754417
12:45:35,1872,9.331324014754417
12:45:36,1872,9.331324014754417
12:45:37,1872,9.330325960419092
12:45:38,1872,9.330325960419092
12:45:39,1872,9.330325960419092
12:45:40,1872,9.330325960419092
12:45:41,1872,9.330325960419092
12:45:42,1872,9.330325960419092
12:45:43,1872,9.330325960419092
12:45:44,1873,9.330473143300368
12:45:45,1874,9.330473143300368
12:45:46,1874,9.330473143300368
12:45:47,1874,9.330591085271319
12:45:48,1874,9.330591085271319
12:45:49,1874,9.330591085271319
12:45:50,1874,9.330591085271319
12:45:51,1874,9.330728258764283
12:45:52,1875,9.330728258764283
12:45:53,1875,9.330728258764283
12:45:54,1875,9.330728258764283
12:45:55,1876,9.329655439411537
12:45:56,1876,9.329655439411537
12:45:57,1876,9.331737279938093
12:45:58,1877,9.331737279938093
12:45:59,1877,9.331737279938093
12:46:00,1878,9.331737279938093
12:46:01,1879,9.331737279938093
12:46:02,1879,9.331737279938093
12:46:03,1880,9.331737279938093
12:46:04,1881,9.33176720804331
12:46:05,1881,9.33176720804331
12:46:06,1881,9.33176720804331
12:46:07,1882,9.331613526570047
12:46:08,1882,9.331613526570047
12:46:09,1882,9.331613526570047
12:46:10,1882,9.331613526570047
12:46:11,1883,9.331613526570047
12:46:12,1883,9.33017574353032
12:46:13,1883,9.33017574353032
12:46:14,1884,9.333371935919706
12:46:15,1884,9.333371935919706
12:46:16,1884,9.3311824845679
12:46:17,1884,9.3311824845679
12:46:18,1884,9.3311824845679
12:46:19,1885,9.329699248120301
12:46:20,1885,9.329699248120301
12:46:21,1885,9.330115606936415
12:46:22,1885,9.330115606936415
12:46:23,1885,9.330964760254188
12:46:24,1885,9.330821785989222
12:46:25,1885,9.330821785989222
12:46:26,1886,9.330821785989222
12:46:27,1886,9.330821785989222
12:46:28,1886,9.330821785989222
12:46:29,1886,9.330821785989222
12:46:30,1887,9.330821785989222
12:46:31,1887,9.330821785989222
12:46:32,1887,9.330821785989222
12:46:33,1888,9.330821785989222
12:46:34,1888,9.330821785989222
12:46:35,1888,9.329457587997693
12:46:36,1889,9.329457587997693
12:46:37,1889,9.329457587997693
12:46:38,1889,9.329315647827759
12:46:39,1890,9.329315647827759
12:46:40,1890,9.329315647827759
12:46:41,1890,9.329558117195004
12:46:42,1891,9.329558117195004
12:46:43,1891,9.329558117195004
12:46:44,1891,9.329558117195004
12:46:45,1891,9.328513824884793
12:46:46,1891,9.331155248512761
12:46:47,1891,9.329420790180283
12:46:48,1891,9.329420790180283
12:46:49,1891,9.329420790180283
12:46:50,1891,9.329883074563925
12:46:51,1891,9.329883074563925
12:46:52,1891,9.329883074563925
12:46:53,1891,9.329883074563925
12:46:54,1891,9.329883074563925
12:46:55,1891,9.329883074563925
12:46:56,1891,9.329741379310345
12:46:57,1891,9.329741379310345
12:46:58,1891,9.329741379310345
12:46:59,1891,9.330566724104921
12:47:00,1891,9.330566724104921
12:47:01,1892,9.330566724104921
12:47:02,1892,9.332252200535782
12:47:03,1892,9.332252200535782
12:47:04,1892,9.330541212468923
12:47:05,1892,9.330541212468923
12:47:06,1892,9.330541212468923
12:47:07,1892,9.330541212468923
12:47:08,1893,9.330541212468923
12:47:09,1893,9.330541212468923
12:47:10,1893,9.330541212468923
12:47:11,1893,9.330541212468923
12:47:12,1893,9.330541212468923
12:47:13,1893,9.330541212468923
12:47:14,1893,9.331842507645261
12:47:15,1893,9.331842507645261
12:47:16,1893,9.331842507645261
12:47:17,1893,9.331289398280802
12:47:18,1893,9.331289398280802
12:47:19,1894,9.331289398280802
12:47:20,1894,9.330670103092784
12:47:21,1894,9.332035871016982
12:47:22,1894,9.332035871016982
12:47:23,1894,9.332035871016982
12:47:24,1895,9.332885202135774
12:47:25,1895,9.332885202135774
12:47:26,1896,9.332885202135774
12:47:27,1897,9.330188679245284
12:47:28,1897,9.330590476190476
12:47:29,1897,9.330590476190476
12:47:30,1898,9.330590476190476
12:47:31,1898,9.330590476190476
12:47:32,1899,9.330590476190476
12:47:33,1899,9.330590476190476
12:47:34,1899,9.330590476190476
12:47:35,1900,9.329887683228632
12:47:36,1900,9.331126331811264
12:47:37,1900,9.331126331811264
12:47:38,1901,9.331126331811264
12:47:39,1901,9.331126331811264
12:47:40,1901,9.331126331811264
12:47:41,1901,9.331126331811264
12:47:42,1901,9.331126331811264
12:47:43,1901,9.331126331811264
12:47:44,1902,9.331126331811264
12:47:45,1902,9.331126331811264
12:47:46,1902,9.331317741015402
12:47:47,1903,9.331317741015402
12:47:48,1903,9.331317741015402
12:47:49,1903,9.332316609654125
12:47:50,1903,9.332316609654125
12:47:51,1903,9.332316609654125
12:47:52,1905,9.33158594491928
12:47:53,1905,9.33006833712984
12:47:54,1905,9.33006833712984
12:47:55,1905,9.33006833712984
12:47:56,1907,9.33006833712984
12:47:57,1907,9.33006833712984
12:47:58,1907,9.33006833712984
12:47:59,1908,9.33006833712984
12:48:00,1909,9.327774615822424
12:48:01,1909,9.327774615822424
12:48:02,1909,9.328403488813045
12:48:03,1909,9.32902217168846
12:48:04,1909,9.328892045454547
12:48:05,1909,9.328892045454547
12:48:06,1909,9.328892045454547
12:48:07,1909,9.328892045454547
12:48:08,1909,9.328892045454547
12:48:09,1909,9.328892045454547
12:48:10,1909,9.330399394283551
12:48:11,1910,9.330399394283551
12:48:12,1910,9.32989973514945
12:48:13,1910,9.32989973514945
12:48:14,1910,9.33079977311401
12:48:15,1910,9.33079977311401
12:48:16,1910,9.33079977311401
12:48:17,1910,9.33079977311401
12:48:18,1910,9.33079977311401
12:48:19,1910,9.33079977311401
12:48:20,1910,9.330857898715042
12:48:21,1910,9.330857898715042
12:48:22,1910,9.330857898715042
12:48:23,1910,9.330857898715042
12:48:24,1910,9.330793201133144
12:48:25,1910,9.330793201133144
12:48:26,1910,9.330793201133144
12:48:27,1910,9.33228576821442
12:48:28,1910,9.33228576821442
12:48:29,1910,9.33228576821442
12:48:30,1910,9.33228576821442
12:48:31,1910,9.33228576821442
12:48:32,1910,9.33228576821442
12:48:33,1910,9.33228576821442
12:48:34,1910,9.33228576821442
12:48:35,1910,9.33183361629881
12:48:36,1910,9.33183361629881
12:48:37,1910,9.33183361629881
12:48:38,1911,9.333210784313726
12:48:39,1911,9.333210784313726
12:48:40,1911,9.333210784313726
12:48:41,1911,9.333210784313726
12:48:42,1912,9.333210784313726
12:48:43,1912,9.332014320708499
12:48:44,1912,9.332052730696798
12:48:45,1913,9.332052730696798
12:48:46,1914,9.332052730696798
12:48:47,1914,9.332052730696798
12:48:48,1914,9.332052730696798
12:48:49,1914,9.330077169207604
12:48:50,1915,9.330077169207604
12:48:51,1915,9.330077169207604
12:48:52,1915,9.330916102332582
12:48:53,1916,9.330916102332582
12:48:54,1916,9.330916102332582
12:48:55,1916,9.330916102332582
12:48:56,1916,9.330916102332582
12:48:57,1916,9.330916102332582
12:48:58,1918,9.330916102332582
12:48:59,1918,9.332759917277684
12:49:00,1918,9.332759917277684
12:49:01,1918,9.332759917277684
12:49:02,1920,9.332779030439685
12:49:03,1920,9.332779030439685
12:49:04,1921,9.333192488262911
12:49:05,1922,9.333192488262911
12:49:06,1922,9.333192488262911
12:49:07,1922,9.333192488262911
12:49:08,1923,9.333192488262911
12:49:09,1923,9.334572072072072
12:49:10,1924,9.334572072072072
12:49:11,1925,9.334572072072072
12:49:12,1925,9.333239542299756
12:49:13,1925,9.333239542299756
12:49:14,1926,9.333239542299756
12:49:15,1926,9.333239542299756
12:49:16,1926,9.333239542299756
12:49:17,1927,9.333239542299756
12:49:18,1928,9.333239542299756
12:49:19,1928,9.335142482189726
12:49:20,1929,9.335142482189726
12:49:21,1931,9.335142482189726
12:49:22,1931,9.335142482189726
12:49:23,1932,9.335142482189726
12:49:24,1933,9.335722315907814
12:49:25,1933,9.335711610486891
12:49:26,1933,9.335711610486891
12:49:27,1933,9.335711610486891
12:49:28,1935,9.33642910587355
12:49:29,1935,9.33642910587355
12:49:30,1936,9.33642910587355
12:49:31,1938,9.33642910587355
12:49:32,1938,9.335240231819032
12:49:33,1938,9.333548206278028
12:49:34,1940,9.335564892623717
12:49:35,1940,9.334229189996268
12:49:36,1940,9.334229189996268
12:49:37,1941,9.33617795187465
12:49:38,1941,9.33617795187465
12:49:39,1941,9.33617795187465
12:49:40,1942,9.33617795187465
12:49:41,1942,9.33617795187465
12:49:42,1942,9.33617795187465
12:49:43,1943,9.33617795187465
12:49:44,1943,9.33617795187465
12:49:45,1944,9.33617795187465
12:49:46,1944,9.33617795187465
12:49:47,1945,9.33617795187465
12:49:48,1945,9.33617795187465
12:49:49,1946,9.33617795187465
12:49:50,1947,9.33617795187465
12:49:51,1947,9.33617795187465
12:49:52,1948,9.334312080536913
12:49:53,1949,9.334312080536913
12:49:54,1949,9.334312080536913
12:49:55,1949,9.335131358300726
12:49:56,1950,9.335131358300726
12:49:57,1951,9.335131358300726
12:49:58,1951,9.33532588454376
12:49:59,1952,9.33532588454376
12:50:00,1952,9.33532588454376
12:50:01,1953,9.335371300949191
12:50:02,1953,9.335371300949191
12:50:03,1953,9.335371300949191
12:50:04,1953,9.335371300949191
12:50:05,1954,9.335371300949191
12:50:06,1954,9.335371300949191
12:50:07,1954,9.335371300949191
12:50:08,1954,9.333389136904762
12:50:09,1955,9.33541550474066
12:50:10,1955,9.33541550474066
12:50:11,1955,9.332608695652173
12:50:12,1956,9.332608695652173
12:50:13,1956,9.332608695652173
12:50:14,1956,9.335393466963621
12:50:15,1956,9.335393466963621
12:50:16,1958,9.335393466963621
12:50:17,1959,9.33519755147468
12:50:18,1959,9.33519755147468
12:50:19,1959,9.335530218761587
12:50:20,1961,9.335530218761587
12:50:21,1961,9.335530218761587
12:50:22,1961,9.335530218761587
12:50:23,1961,9.335530218761587
12:50:24,1961,9.335530218761587
12:50:25,1962,9.335530218761587
12:50:26,1962,9.336362794144895
12:50:27,1962,9.336362794144895
12:50:28,1963,9.336362794144895
12:50:29,1963,9.336935185185185
12:50:30,1963,9.336935185185185
12:50:31,1963,9.336935185185185
12:50:32,1963,9.336935185185185
12:50:33,1963,9.336935185185185
12:50:34,1963,9.338571164168055
12:50:35,1963,9.338571164168055
12:50:36,1963,9.338571164168055
12:50:37,1964,9.338571164168055
12:50:38,1964,9.340880503144655
12:50:39,1964,9.340880503144655
12:50:40,1964,9.340880503144655
12:50:41,1964,9.340880503144655
12:50:42,1964,9.340880503144655
12:50:43,1964,9.339942688112405
12:50:44,1964,9.339942688112405
12:50:45,1964,9.339942688112405
12:50:46,1964,9.338349963045085
12:50:47,1964,9.338349963045085
12:50:48,1964,9.338349963045085
12:50:49,1964,9.338349963045085
12:50:50,1965,9.339464450600184
12:50:51,1965,9.339544112218531
12:50:52,1965,9.339544112218531
12:50:53,1965,9.338609112709833
12:50:54,1965,9.338609112709833
12:50:55,1965,9.338609112709833
12:50:56,1965,9.338609112709833
12:50:57,1965,9.338609112709833
12:50:58,1966,9.338609112709833
12:50:59,1966,9.33731343283582
12:51:00,1966,9.33731343283582
12:51:01,1966,9.33731343283582
12:51:02,1966,9.337826887661143
12:51:03,1966,9.339112829007915
12:51:04,1966,9.339112829007915
12:51:05,1966,9.339112829007915
12:51:06,1966,9.339112829007915
12:51:07,1966,9.339112829007915
12:51:08,1967,9.339112829007915
12:51:09,1967,9.339112829007915
12:51:10,1967,9.339112829007915
12:51:11,1967,9.339112829007915
12:51:12,1967,9.341528697571743
12:51:13,1967,9.341528697571743
12:51:14,1967,9.341528697571743
12:51:15,1967,9.341528697571743
12:51:16,1967,9.341528697571743
12:51:17,1967,9.341528697571743
12:51:18,1967,9.339437396580253
12:51:19,1967,9.339437396580253
12:51:20,1967,9.339437396580253
12:51:21,1967,9.339930172730615
12:51:22,1967,9.339930172730615
12:51:23,1967,9.341634527089072
12:51:24,1968,9.341634527089072
12:51:25,1968,9.341634527089072
12:51:26,1968,9.340712187958884
12:51:27,1968,9.340712187958884
12:51:28,1969,9.340712187958884
12:51:29,1969,9.34336818932306
12:51:30,1969,9.34336818932306
12:51:31,1969,9.34336818932306
12:51:32,1969,9.34582874954162
12:51:33,1969,9.34582874954162
12:51:34,1969,9.34582874954162
12:51:35,1969,9.34582874954162
12:51:36,1969,9.342660802638813
12:51:37,1969,9.342660802638813
12:51:38,1969,9.342660802638813
12:51:39,1969,9.342628205128204
12:51:40,1969,9.342628205128204
12:51:41,1969,9.342628205128204
12:51:42,1969,9.34176276771005
12:51:43,1969,9.34176276771005
12:51:44,1969,9.34176276771005
12:51:45,1969,9.34213318697402
12:51:46,1969,9.34213318697402
12:51:47,1969,9.34213318697402
12:51:48,1969,9.343801426220516
12:51:49,1969,9.343801426220516
12:51:50,1969,9.343801426220516
12:51:51,1970,9.343801426220516
12:51:52,1970,9.343801426220516
12:51:53,1970,9.341885964912281
12:51:54,1970,9.341885964912281
12:51:55,1970,9.341885964912281
12:51:56,1971,9.343848119751733
12:51:57,1971,9.343848119751733
12:51:58,1971,9.342848020434227
12:51:59,1971,9.342848020434227
12:52:00,1971,9.342848020434227
12:52:01,1971,9.342848020434227
12:52:02,1971,9.342848020434227
12:52:03,1971,9.342848020434227
12:52:04,1971,9.342848020434227
12:52:05,1971,9.342848020434227
12:52:06,1971,9.345322757111598
12:52:07,1972,9.345498450883907
12:52:08,1972,9.345498450883907
12:52:09,1972,9.345498450883907
12:52:10,1972,9.344899817850637
12:52:11,1972,9.344899817850637
12:52:12,1972,9.344511196067723
12:52:13,1972,9.346324599708879
12:52:14,1972,9.346324599708879
12:52:15,1972,9.346324599708879
12:52:16,1973,9.345208219676303
12:52:17,1973,9.345208219676303
12:52:18,1973,9.343411486732098
12:52:19,1973,9.343411486732098
12:52:20,1974,9.343411486732098
12:52:21,1974,9.346194368755677
12:52:22,1974,9.346194368755677
12:52:23,1974,9.346194368755677
12:52:24,1975,9.348765432098766
12:52:25,1975,9.348765432098766
12:52:26,1975,9.348765432098766
12:52:27,1976,9.348765432098766
12:52:28,1976,9.348765432098766
12:52:29,1977,9.348765432098766
12:52:30,1977,9.350036291054256
12:52:31,1977,9.350036291054256
12:52:32,1977,9.351922379397896
12:52:33,1978,9.351922379397896
12:52:34,1978,9.351922379397896
12:52:35,1978,9.351922379397896
12:52:36,1978,9.351922379397896
12:52:37,1978,9.351922379397896
12:52:38,1978,9.351922379397896
12:52:39,1978,9.351922379397896
12:52:40,1979,9.351922379397896
12:52:41,1979,9.351922379397896
12:52:42,1979,9.351922379397896
12:52:43,1979,9.351922379397896
12:52:44,1979,9.351922379397896
12:52:45,1980,9.351676635852819
12:52:46,1980,9.351676635852819
12:52:47,1980,9.351676635852819
12:52:48,1980,9.347809161687488
12:52:49,1980,9.347809161687488
12:52:50,1981,9.347809161687488
12:52:51,1981,9.347809161687488
12:52:52,1981,9.347809161687488
12:52:53,1981,9.345910242490048
12:52:54,1981,9.345910242490048
12:52:55,1981,9.345910242490048
12:52:56,1981,9.345910242490048
12:52:57,1981,9.345910242490048
12:52:58,1982,9.345910242490048
12:52:59,1982,9.345910242490048
12:53:00,1983,9.345910242490048
12:53:01,1983,9.346608790016278
12:53:02,1983,9.346601590744758
12:53:03,1984,9.346601590744758
12:53:04,1984,9.345792704947634
12:53:05,1985,9.345792704947634
12:53:06,1985,9.347546897546897
12:53:07,1985,9.347546897546897
12:53:08,1985,9.347546897546897
12:53:09,1985,9.347546897546897
12:53:10,1985,9.347546897546897
12:53:11,1986,9.347546897546897
12:53:12,1986,9.347546897546897
12:53:13,1986,9.347546897546897
12:53:14,1987,9.349369028303588
12:53:15,1987,9.349369028303588
12:53:16,1987,9.349369028303588
12:53:17,1987,9.349369028303588
12:53:18,1987,9.349369028303588
12:53:19,1987,9.349369028303588
12:53:20,1987,9.349369028303588
12:53:21,1987,9.348279279279279
12:53:22,1988,9.348955519538988
12:53:23,1988,9.348955519538988
12:53:24,1988,9.348955519538988
12:53:25,1988,9.348955519538988
12:53:26,1988,9.348955519538988
12:53:27,1989,9.349667026637869
12:53:28,1989,9.349667026637869
12:53:29,1989,9.349667026637869
12:53:30,1989,9.349667026637869
12:53:31,1989,9.349667026637869
12:53:32,1991,9.349667026637869
12:53:33,1991,9.349667026637869
12:53:34,1991,9.349667026637869
12:53:35,1991,9.347103795646698
12:53:36,1992,9.347103795646698
12:53:37,1992,9.345927723840344
12:53:38,1992,9.345927723840344
12:53:39,1992,9.345927723840344
12:53:40,1993,9.345927723840344
12:53:41,1993,9.345927723840344
12:53:42,1993,9.345927723840344
12:53:43,1993,9.345927723840344
12:53:44,1994,9.345927723840344
12:53:45,1995,9.345927723840344
12:53:46,1995,9.345927723840344
12:53:47,1995,9.345927723840344
12:53:48,1995,9.345927723840344
12:53:49,1995,9.347978436657682
12:53:50,1995,9.347978436657682
12:53:51,1995,9.347978436657682
12:53:52,1995,9.347978436657682
12:53:53,1995,9.34793462643678
12:53:54,1995,9.346849757673668
12:53:55,1995,9.346849757673668
12:53:56,1995,9.348152134912091
12:53:57,1995,9.349865519096287
12:53:58,1995,9.349865519096287
12:53:59,1995,9.353100358422939
12:54:00,1995,9.353100358422939
12:54:01,1996,9.351942355889724
12:54:02,1996,9.351942355889724
12:54:03,1996,9.351942355889724
12:54:04,1996,9.351942355889724
12:54:05,1996,9.351942355889724
12:54:06,1996,9.351942355889724
12:54:07,1996,9.351942355889724
12:54:08,1996,9.351942355889724
12:54:09,1996,9.351942355889724
12:54:10,1996,9.349382716049382
12:54:11,1996,9.349382716049382
12:54:12,1996,9.349382716049382
12:54:13,1996,9.349382716049382
12:54:14,1996,9.350420243204578
12:54:15,1996,9.350420243204578
12:54:16,1996,9.350420243204578
12:54:17,1996,9.350420243204578
12:54:18,1996,9.350420243204578
12:54:19,1996,9.350420243204578
12:54:20,1996,9.350420243204578
12:54:21,1997,9.350420243204578
12:54:22,1997,9.35047363717605
12:54:23,1997,9.35047363717605
12:54:24,1997,9.35047363717605
12:54:25,1998,9.35047363717605
12:54:26,1998,9.35047363717605
12:54:27,1998,9.35047363717605
12:54:28,1998,9.35047363717605
12:54:29,1998,9.35047363717605
12:54:30,1998,9.35047363717605
12:54:31,1999,9.35047363717605
12:54:32,1999,9.35047363717605
12:54:33,1999,9.35047363717605
12:54:34,1999,9.35047363717605
12:54:35,1999,9.349375111587216
12:54:36,2000,9.349375111587216
12:54:37,2000,9.349375111587216
12:54:38,2000,9.349375111587216
12:54:39,2000,9.349375111587216
12:54:40,2000,9.349375111587216
12:54:41,2000,9.348206638115633
12:54:42,2000,9.347681469591581
12:54:43,2000,9.347681469591581
12:54:44,2000,9.350392156862744
12:54:45,2001,9.351719223231783
12:54:46,2001,9.351719223231783
12:54:47,2002,9.351719223231783
12:54:48,2003,9.351719223231783
12:54:49,2004,9.351719223231783
12:54:50,2004,9.351719223231783
12:54:51,2004,9.351719223231783
12:54:52,2005,9.351719223231783
12:54:53,2005,9.351719223231783
12:54:54,2006,9.354122150997151
12:54:55,2006,9.354122150997151
12:54:56,2006,9.354122150997151
12:54:57,2006,9.354413596725397
12:54:58,2007,9.354413596725397
12:54:59,2007,9.353459622909996
12:55:00,2007,9.353459622909996
12:55:01,2007,9.353459622909996
12:55:02,2007,9.354613333333333
12:55:03,2007,9.354613333333333
12:55:04,2008,9.353606965174128
12:55:05,2009,9.353676078849228
12:55:06,2009,9.353676078849228
12:55:07,2009,9.353676078849228
12:55:08,2010,9.353676078849228
12:55:09,2010,9.353676078849228
12:55:10,2010,9.354747958821442
12:55:11,2011,9.354747958821442
12:55:12,2011,9.356723434450949
12:55:13,2011,9.356723434450949
12:55:14,2011,9.356723434450949
12:55:15,2011,9.35461879432624
12:55:16,2011,9.35461879432624
12:55:17,2012,9.35461879432624
12:55:18,2013,9.35461879432624
12:55:19,2013,9.357327662590821
12:55:20,2013,9.357327662590821
12:55:21,2013,9.357327662590821
12:55:22,2014,9.355712008501595
12:55:23,2015,9.355712008501595
12:55:24,2015,9.355712008501595
12:55:25,2015,9.355712008501595
12:55:26,2016,9.355712008501595
12:55:27,2016,9.355712008501595
12:55:28,2016,9.355712008501595
12:55:29,2016,9.355712008501595
12:55:30,2016,9.355712008501595
12:55:31,2016,9.355186758718357
12:55:32,2017,9.355186758718357
12:55:33,2017,9.353485491861287
12:55:34,2017,9.353485491861287
12:55:35,2018,9.353375751148816
12:55:36,2018,9.353375751148816
12:55:37,2018,9.35411588058647
12:55:38,2018,9.35411588058647
12:55:39,2018,9.35411588058647
12:55:40,2018,9.35411588058647
12:55:41,2018,9.35411588058647
12:55:42,2018,9.35411588058647
12:55:43,2018,9.354343220338983
12:55:44,2018,9.354343220338983
12:55:45,2018,9.354343220338983
12:55:46,2019,9.35360861125816
12:55:47,2019,9.35360861125816
12:55:48,2019,9.35360861125816
12:55:49,2019,9.35360861125816
12:55:50,2019,9.35360861125816
12:55:51,2019,9.351860670194004
12:55:52,2019,9.351860670194004
12:55:53,2019,9.354697690816147
12:55:54,2019,9.354994714587738
12:55:55,2019,9.353398485648881
12:55:56,2019,9.353398485648881
12:55:57,2020,9.353398485648881
12:55:58,2020,9.353398485648881
12:55:59,2020,9.353398485648881
12:56:00,2021,9.353398485648881
12:56:01,2021,9.353398485648881
12:56:02,2021,9.355649419218585
12:56:03,2021,9.355649419218585
12:56:04,2022,9.355649419218585
12:56:05,2022,9.355649419218585
12:56:06,2022,9.353878627968337
12:56:07,2022,9.353878627968337
12:56:08,2022,9.352628340365682
12:56:09,2022,9.351423299947283
12:56:10,2022,9.351423299947283
12:56:11,2022,9.351423299947283
12:56:12,2022,9.351423299947283
12:56:13,2022,9.351423299947283
12:56:14,2022,9.351423299947283
12:56:15,2022,9.351423299947283
12:56:16,2022,9.351423299947283
12:56:17,2022,9.352511415525113
12:56:18,2022,9.352511415525113
12:56:19,2022,9.352511415525113
12:56:20,2022,9.353150781112866
12:56:21,2022,9.353324561403507
12:56:22,2022,9.353324561403507
12:56:23,2022,9.352034017183938
12:56:24,2022,9.352034017183938
12:56:25,2022,9.352523659305994
12:56:26,2022,9.352523659305994
12:56:27,2022,9.351497635312663
12:56:28,2022,9.351497635312663
12:56:29,2022,9.351497635312663
12:56:30,2022,9.351497635312663
12:56:31,2022,9.351497635312663
12:56:32,2022,9.351497635312663
12:56:33,2022,9.351497635312663
12:56:34,2022,9.351497635312663
12:56:35,2022,9.351497635312663
12:56:36,2022,9.351497635312663
12:56:37,2022,9.351497635312663
12:56:38,2022,9.351497635312663
12:56:39,2023,9.351497635312663
12:56:40,2023,9.351497635312663
12:56:41,2023,9.351497635312663
12:56:42,2023,9.349658613445378
12:56:43,2023,9.348048993875766
12:56:44,2023,9.348048993875766
12:56:45,2024,9.350988107729977
12:56:46,2024,9.351625589931832
12:56:47,2024,9.351625589931832
12:56:48,2024,9.351625589931832
12:56:49,2025,9.351625589931832
12:56:50,2025,9.351625589931832
12:56:51,2025,9.351625589931832
12:56:52,2025,9.351625589931832
12:56:53,2025,9.351625589931832
12:56:54,2026,9.351625589931832
12:56:55,2026,9.351625589931832
12:56:56,2026,9.351625589931832
12:56:57,2026,9.351625589931832
12:56:58,2027,9.351625589931832
12:56:59,2027,9.351625589931832
12:57:00,2027,9.351625589931832
12:57:01,2027,9.351625589931832
12:57:02,2027,9.351625589931832
12:57:03,2028,9.351625589931832
12:57:04,2029,9.351625589931832
12:57:05,2029,9.351625589931832
12:57:06,2029,9.350978336827392
12:57:07,2029,9.350978336827392
12:57:08,2029,9.350978336827392
12:57:09,2029,9.351597695128339
12:57:10,2029,9.351597695128339
12:57:11,2029,9.3521815008726
12:57:12,2029,9.349747078318506
12:57:13,2029,9.349747078318506
12:57:14,2029,9.348971408647142
12:57:15,2029,9.348971408647142
12:57:16,2029,9.348213974560029
12:57:17,2029,9.350296064089168
12:57:18,2030,9.34776443980515
12:57:19,2030,9.34776443980515
12:57:20,2030,9.34776443980515
12:57:21,2031,9.34926969222744
12:57:22,2031,9.34926969222744
12:57:23,2031,9.34926969222744
12:57:24,2031,9.34926969222744
12:57:25,2032,9.34926969222744
12:57:26,2033,9.34926969222744
12:57:27,2033,9.34926969222744
12:57:28,2033,9.351147028154326
12:57:29,2033,9.351147028154326
12:57:30,2033,9.351147028154326
12:57:31,2033,9.351147028154326
12:57:32,2034,9.351147028154326
12:57:33,2034,9.352952926871636
12:57:34,2034,9.352952926871636
12:57:35,2034,9.352952926871636
12:57:36,2034,9.352952926871636
12:57:37,2034,9.352952926871636
12:57:38,2035,9.352952926871636
12:57:39,2035,9.352952926871636
12:57:40,2036,9.353177083333332
12:57:41,2036,9.353177083333332
12:57:42,2036,9.353704667707792
12:57:43,2036,9.353704667707792
12:57:44,2036,9.353251821019771
12:57:45,2036,9.353251821019771
12:57:46,2036,9.353251821019771
12:57:47,2036,9.35058935690761
12:57:48,2036,9.35058935690761
12:57:49,2036,9.35058935690761
12:57:50,2036,9.35058935690761
12:57:51,2036,9.35058935690761
12:57:52,2036,9.35058935690761
12:57:53,2036,9.35058935690761
12:57:54,2036,9.35058935690761
12:57:55,2036,9.35058935690761
12:57:56,2036,9.35058935690761
12:57:57,2037,9.35058935690761
12:57:58,2037,9.35058935690761
12:57:59,2038,9.35058935690761
12:58:00,2038,9.35058935690761
12:58:01,2038,9.3508316008316
12:58:02,2038,9.3508316008316
12:58:03,2039,9.3508316008316
12:58:04,2039,9.3508316008316
12:58:05,2039,9.349575757575758
12:58:06,2039,9.348156801661474
12:58:07,2039,9.348156801661474
12:58:08,2039,9.348156801661474
12:58:09,2039,9.34625497318803
12:58:10,2040,9.34625497318803
12:58:11,2040,9.345893845089904
12:58:12,2040,9.345893845089904
12:58:13,2040,9.345893845089904
12:58:14,2040,9.346353896664938
12:58:15,2040,9.346353896664938
12:58:16,2040,9.346353896664938
12:58:17,2040,9.346353896664938
12:58:18,2041,9.346353896664938
12:58:19,2041,9.346353896664938
12:58:20,2041,9.346353896664938
12:58:21,2042,9.34873920552677
12:58:22,2042,9.34873920552677
12:58:23,2042,9.347272570343517
12:58:24,2042,9.347272570343517
12:58:25,2043,9.348110766045549
12:58:26,2043,9.348110766045549
12:58:27,2043,9.348110766045549
12:58:28,2043,9.347680634592171
12:58:29,2045,9.347680634592171
12:58:30,2045,9.347509479489831
12:58:31,2045,9.349888027562447
12:58:32,2045,9.349888027562447
12:58:33,2046,9.349888027562447
12:58:34,2046,9.35011191460055
12:58:35,2046,9.35011191460055
12:58:36,2046,9.35011191460055
12:58:37,2047,9.348261917053863
12:58:38,2047,9.348261917053863
12:58:39,2047,9.348261917053863
12:58:40,2047,9.349707602339182
12:58:41,2047,9.349707602339182
12:58:42,2048,9.349707602339182
12:58:43,2048,9.34773078906653
12:58:44,2048,9.34773078906653
12:58:45,2048,9.34773078906653
12:58:46,2049,9.34773078906653
12:58:47,2049,9.348530927835052
12:58:48,2049,9.348530927835052
12:58:49,2050,9.348530927835052
12:58:50,2050,9.348530927835052
12:58:51,2050,9.348909496822944
12:58:52,2050,9.348909496822944
12:58:53,2050,9.348909496822944
12:58:54,2050,9.345949193271542
12:58:55,2051,9.345949193271542
12:58:56,2051,9.343806827929319
12:58:57,2051,9.343621399176955
12:58:58,2051,9.343621399176955
12:58:59,2051,9.343621399176955
12:59:00,2051,9.343621399176955
12:59:01,2051,9.343621399176955
12:59:02,2051,9.343621399176955
12:59:03,2051,9.343621399176955
12:59:04,2051,9.343621399176955
12:59:05,2051,9.343621399176955
12:59:06,2051,9.343621399176955
12:59:07,2051,9.343621399176955
12:59:08,2051,9.343621399176955
12:59:09,2051,9.343621399176955
12:59:10,2051,9.343621399176955
12:59:11,2051,9.343621399176955
12:59:12,2051,9.343621399176955
12:59:13,2051,9.343621399176955
12:59:14,2051,9.343621399176955
12:59:15,2051,9.34382176520994
12:59:16,2051,9.34382176520994
12:59:17,2051,9.34382176520994
12:59:18,2051,9.34382176520994
12:59:19,2051,9.34382176520994
12:59:20,2051,9.34382176520994
12:59:21,2051,9.34382176520994
12:59:22,2051,9.34477829138846
12:59:23,2051,9.344849418206708
12:59:24,2051,9.344849418206708
12:59:25,2051,9.344849418206708
12:59:26,2051,9.344849418206708
12:59:27,2051,9.344849418206708
12:59:28,2051,9.344849418206708
12:59:29,2051,9.346220283906275
12:59:30,2051,9.346220283906275
12:59:31,2051,9.343752136752137
12:59:32,2051,9.343752136752137
12:59:33,2051,9.343752136752137
12:59:34,2051,9.343752136752137
12:59:35,2051,9.343752136752137
12:59:36,2051,9.344472919870153
12:59:37,2051,9.344472919870153
12:59:38,2052,9.344472919870153
12:59:39,2052,9.344472919870153
12:59:40,2052,9.344472919870153
12:59:41,2053,9.345107581967214
12:59:42,2053,9.345107581967214
12:59:43,2053,9.345107581967214
12:59:44,2054,9.342669397508107
12:59:45,2054,9.340545609548167
12:59:46,2054,9.340545609548167
12:59:47,2054,9.340545609548167
12:59:48,2054,9.340545609548167
12:59:49,2057,9.340545609548167
12:59:50,2057,9.340545609548167
12:59:51,2057,9.340545609548167
12:59:52,2057,9.340545609548167
12:59:53,2059,9.340545609548167
12:59:54,2059,9.340545609548167
12:59:55,2059,9.341249147920928
12:59:56,2059,9.341249147920928
12:59:57,2059,9.341249147920928
12:59:58,2059,9.339133026741612
12:59:59,2059,9.339133026741612
13:00:00,2059,9.339133026741612
13:00:01,2059,9.339133026741612
13:00:02,2059,9.339133026741612
13:00:03,2059,9.336780728634661
13:00:04,2059,9.337510634677557
13:00:05,2059,9.335034013605442
13:00:06,2059,9.335034013605442
13:00:07,2059,9.335034013605442
13:00:08,2060,9.335034013605442
13:00:09,2060,9.335034013605442
13:00:10,2060,9.335034013605442
13:00:11,2061,9.335034013605442
13:00:12,2062,9.337718850926398
13:00:13,2062,9.337172952769283
13:00:14,2063,9.337612497877398
13:00:15,2065,9.337612497877398
13:00:16,2065,9.337612497877398
13:00:17,2065,9.335056008146639
13:00:18,2066,9.336743002544528
13:00:19,2066,9.337241437775516
13:00:20,2066,9.337241437775516
13:00:21,2066,9.337241437775516
13:00:22,2066,9.337241437775516
13:00:23,2067,9.334714455177089
13:00:24,2067,9.334714455177089
13:00:25,2068,9.334714455177089
13:00:26,2069,9.334714455177089
13:00:27,2069,9.334714455177089
13:00:28,2069,9.334714455177089
13:00:29,2071,9.335213414634147
13:00:30,2071,9.336041984086677
13:00:31,2071,9.336041984086677
13:00:32,2072,9.336041984086677
13:00:33,2073,9.336041984086677
13:00:34,2073,9.336041984086677
13:00:35,2073,9.336041984086677
13:00:36,2073,9.334204737732655
13:00:37,2075,9.334204737732655
13:00:38,2075,9.33038220869271
13:00:39,2076,9.33038220869271
13:00:40,2076,9.327594658553076
13:00:41,2076,9.327594658553076
13:00:42,2077,9.327594658553076
13:00:43,2078,9.327594658553076
13:00:44,2078,9.327594658553076
13:00:45,2078,9.327594658553076
13:00:46,2079,9.328653488764994
13:00:47,2080,9.328653488764994
13:00:48,2080,9.329246876055386
13:00:49,2080,9.330059071729957
13:00:50,2081,9.330059071729957
13:00:51,2082,9.330059071729957
13:00:52,2083,9.33139338731444
13:00:53,2083,9.33139338731444
13:00:54,2083,9.332321699544766
13:00:55,2085,9.332321699544766
13:00:56,2085,9.332321699544766
13:00:57,2085,9.329255139871924
13:00:58,2085,9.329255139871924
13:00:59,2087,9.329255139871924
13:01:00,2087,9.329255139871924
13:01:01,2087,9.329255139871924
13:01:02,2088,9.329255139871924
13:01:03,2088,9.329255139871924
13:01:04,2089,9.329255139871924
13:01:05,2090,9.329255139871924
13:01:06,2090,9.329434057604852
13:01:07,2091,9.329434057604852
13:01:08,2091,9.329434057604852
13:01:09,2092,9.329434057604852
13:01:10,2092,9.329434057604852
13:01:11,2092,9.330715488215487
13:01:12,2092,9.330715488215487
13:01:13,2093,9.330715488215487
13:01:14,2093,9.330715488215487
13:01:15,2093,9.330715488215487
13:01:16,2095,9.330715488215487
13:01:17,2096,9.330715488215487
13:01:18,2096,9.330715488215487
13:01:19,2096,9.32992596331819
13:01:20,2099,9.32992596331819
13:01:21,2099,9.332013783829215
13:01:22,2099,9.332013783829215
13:01:23,2099,9.332013783829215
13:01:24,2099,9.331703629032258
13:01:25,2099,9.331703629032258
13:01:26,2099,9.32919395465995
13:01:27,2100,9.32919395465995
13:01:28,2100,9.32919395465995
13:01:29,2100,9.326250419603895
13:01:30,2100,9.326250419603895
13:01:31,2100,9.326250419603895
13:01:32,2100,9.326250419603895
13:01:33,2101,9.326250419603895
13:01:34,2102,9.326250419603895
13:01:35,2102,9.326250419603895
13:01:36,2103,9.326250419603895
13:01:37,2103,9.327226975339707
13:01:38,2103,9.327226975339707
13:01:39,2103,9.32619885982562
13:01:40,2104,9.32619885982562
13:01:41,2104,9.32619885982562
13:01:42,2104,9.32617730853025
13:01:43,2105,9.32617730853025
13:01:44,2105,9.32617730853025
13:01:45,2106,9.32617730853025
13:01:46,2106,9.327160804020101
13:01:47,2107,9.327160804020101
13:01:48,2107,9.324200569228193
13:01:49,2107,9.324200569228193
13:01:50,2107,9.324200569228193
13:01:51,2108,9.324200569228193
13:01:52,2108,9.324200569228193
13:01:53,2108,9.324200569228193
13:01:54,2109,9.324200569228193
13:01:55,2109,9.32400435073628
13:01:56,2109,9.32400435073628
13:01:57,2110,9.32400435073628
13:01:58,2110,9.32400435073628
13:01:59,2110,9.32400435073628
13:02:00,2111,9.32400435073628
13:02:01,2111,9.325648101689245
13:02:02,2111,9.325648101689245
13:02:03,2111,9.322785021731862
13:02:04,2111,9.322785021731862
13:02:05,2113,9.322785021731862
13:02:06,2113,9.322785021731862
13:02:07,2113,9.322785021731862
13:02:08,2114,9.322785021731862
13:02:09,2115,9.322785021731862
13:02:10,2115,9.324619883040935
13:02:11,2115,9.324619883040935
13:02:12,2116,9.324991649966599
13:02:13,2116,9.324991649966599
13:02:14,2116,9.324561842764147
13:02:15,2116,9.324561842764147
13:02:16,2117,9.321871871871872
13:02:17,2117,9.321871871871872
13:02:18,2117,9.321871871871872
13:02:19,2117,9.321871871871872
13:02:20,2118,9.321871871871872
13:02:21,2118,9.321871871871872
13:02:22,2118,9.321871871871872
13:02:23,2118,9.321871871871872
13:02:24,2119,9.321871871871872
13:02:25,2119,9.321871871871872
13:02:26,2119,9.321871871871872
13:02:27,2119,9.321871871871872
13:02:28,2119,9.32122728030682
13:02:29,2119,9.32122728030682
13:02:30,2119,9.317591666666667
13:02:31,2119,9.317907712810262
13:02:32,2119,9.317907712810262
13:02:33,2119,9.317066267066268
13:02:34,2119,9.317066267066268
13:02:35,2120,9.317066267066268
13:02:36,2120,9.318788483940756
13:02:37,2120,9.318788483940756
13:02:38,2121,9.318788483940756
13:02:39,2121,9.318788483940756
13:02:40,2121,9.318788483940756
13:02:41,2121,9.318788483940756
13:02:42,2121,9.318788483940756
13:02:43,2121,9.318788483940756
13:02:44,2121,9.318788483940756
13:02:45,2123,9.318788483940756
13:02:46,2123,9.318788483940756
13:02:47,2123,9.318970392548238
13:02:48,2123,9.315619285120532
13:02:49,2123,9.314672648720506
13:02:50,2124,9.314672648720506
13:02:51,2124,9.315521248339973
13:02:52,2124,9.315521248339973
13:02:53,2125,9.312850506056082
13:02:54,2126,9.312238805970148
13:02:55,2126,9.309232554284767
13:02:56,2127,9.309232554284767
13:02:57,2127,9.309232554284767
13:02:58,2127,9.309232554284767
13:02:59,2127,9.309232554284767
13:03:00,2127,9.309232554284767
13:03:01,2127,9.309232554284767
13:03:02,2129,9.30940192180252
13:03:03,2129,9.30940192180252
13:03:04,2129,9.30940192180252
13:03:05,2130,9.309753270409008
13:03:06,2131,9.309753270409008
13:03:07,2131,9.309753270409008
13:03:08,2131,9.309753270409008
13:03:09,2131,9.309753270409008
13:03:10,2133,9.309753270409008
13:03:11,2133,9.309753270409008
13:03:12,2133,9.306297583581596
13:03:13,2133,9.306297583581596
13:03:14,2133,9.302919768403639
13:03:15,2133,9.302919768403639
13:03:16,2134,9.302919768403639
13:03:17,2134,9.305076058201058
13:03:18,2134,9.305076058201058
13:03:19,2135,9.305076058201058
13:03:20,2135,9.305076058201058
13:03:21,2135,9.303776235333002
13:03:22,2136,9.303776235333002
13:03:23,2136,9.303776235333002
13:03:24,2136,9.303776235333002
13:03:25,2136,9.303776235333002
13:03:26,2136,9.300735051205814
13:03:27,2137,9.297680369820045
13:03:28,2137,9.297680369820045
13:03:29,2137,9.297680369820045
13:03:30,2137,9.297680369820045
13:03:31,2137,9.297680369820045
13:03:32,2138,9.297680369820045
13:03:33,2138,9.297680369820045
13:03:34,2138,9.297680369820045
13:03:35,2138,9.297680369820045
13:03:36,2138,9.297680369820045
13:03:37,2138,9.297574257425742
13:03:38,2139,9.297574257425742
13:03:39,2139,9.297574257425742
13:03:40,2139,9.296058057067459
13:03:41,2139,9.296058057067459
13:03:42,2139,9.297106824925816
13:03:43,2139,9.297106824925816
13:03:44,2139,9.297106824925816
13:03:45,2139,9.297106824925816
13:03:46,2139,9.297106824925816
13:03:47,2139,9.297106824925816
13:03:48,2140,9.297106824925816
13:03:49,2140,9.297106824925816
13:03:50,2140,9.297106824925816
13:03:51,2141,9.297106824925816
13:03:52,2141,9.297106824925816
13:03:53,2142,9.295757126379963
13:03:54,2142,9.295757126379963
13:03:55,2142,9.297900197628458
13:03:56,2142,9.297900197628458
13:03:57,2142,9.297900197628458
13:03:58,2142,9.296271604938273
13:03:59,2143,9.296271604938273
13:04:00,2143,9.296271604938273
13:04:01,2143,9.296271604938273
13:04:02,2143,9.296271604938273
13:04:03,2143,9.296271604938273
13:04:04,2143,9.296271604938273
13:04:05,2143,9.296271604938273
13:04:06,2143,9.296273445212242
13:04:07,2143,9.296273445212242
13:04:08,2144,9.296273445212242
13:04:09,2144,9.296273445212242
13:04:10,2144,9.297187962506166
13:04:11,2144,9.297187962506166
13:04:12,2144,9.297187962506166
13:04:13,2144,9.294469099276792
13:04:14,2145,9.291309347790373
13:04:15,2145,9.291309347790373
13:04:16,2145,9.2926026272578
13:04:17,2145,9.2926026272578
13:04:18,2145,9.2926026272578
13:04:19,2145,9.2926026272578
13:04:20,2145,9.2926026272578
13:04:21,2145,9.2926026272578
13:04:22,2145,9.2926026272578
13:04:23,2145,9.289578204496964
13:04:24,2145,9.289578204496964
13:04:25,2145,9.289578204496964
13:04:26,2146,9.289578204496964
13:04:27,2146,9.289578204496964
13:04:28,2146,9.287286745406824
13:04:29,2147,9.286128873585833
13:04:30,2147,9.286128873585833
13:04:31,2147,9.286128873585833
13:04:32,2148,9.285980006555228
13:04:33,2148,9.285980006555228
13:04:34,2148,9.285980006555228
13:04:35,2149,9.285980006555228
13:04:36,2149,9.285980006555228
13:04:37,2149,9.285980006555228
13:04:38,2150,9.285980006555228
13:04:39,2150,9.285980006555228
13:04:40,2150,9.286117936117936
13:04:41,2150,9.286117936117936
13:04:42,2151,9.286117936117936
13:04:43,2151,9.287426326129665
13:04:44,2151,9.287426326129665
13:04:45,2152,9.285935198821797
13:04:46,2152,9.285935198821797
13:04:47,2152,9.285935198821797
13:04:48,2152,9.286833496892378
13:04:49,2153,9.287951610266472
13:04:50,2153,9.287951610266472
13:04:51,2153,9.286372549019607
13:04:52,2154,9.286372549019607
13:04:53,2154,9.286372549019607
13:04:54,2154,9.286372549019607
13:04:55,2154,9.286372549019607
13:04:56,2155,9.286372549019607
13:04:57,2155,9.286372549019607
13:04:58,2155,9.286372549019607
13:04:59,2155,9.286526212640862
13:05:00,2156,9.286526212640862
13:05:01,2156,9.286526212640862
13:05:02,2156,9.283986287952986
13:05:03,2156,9.283986287952986
13:05:04,2156,9.281098058410834
13:05:05,2156,9.27861219830398
13:05:06,2156,9.27861219830398
13:05:07,2156,9.27861219830398
13:05:08,2156,9.27861219830398
13:05:09,2156,9.27861219830398
13:05:10,2156,9.27861219830398
13:05:11,2156,9.27861219830398
13:05:12,2156,9.27861219830398
13:05:13,2156,9.27861219830398
13:05:14,2156,9.27861219830398
13:05:15,2156,9.27861219830398
13:05:16,2156,9.276731866340668
13:05:17,2156,9.276731866340668
13:05:18,2156,9.276731866340668
13:05:19,2156,9.276270772238515
13:05:20,2156,9.276270772238515
13:05:21,2156,9.276270772238515
13:05:22,2156,9.276270772238515
13:05:23,2157,9.276270772238515
13:05:24,2157,9.276270772238515
13:05:25,2157,9.276270772238515
13:05:26,2157,9.276270772238515
13:05:27,2158,9.276270772238515
13:05:28,2158,9.273473375671715
13:05:29,2158,9.273473375671715
13:05:30,2158,9.273473375671715
13:05:31,2158,9.273473375671715
13:05:32,2158,9.273079427083333
13:05:33,2158,9.273079427083333
13:05:34,2158,9.27131934276883
13:05:35,2158,9.27131934276883
13:05:36,2158,9.272439024390245
13:05:37,2158,9.272439024390245
13:05:38,2160,9.273183812774256
13:05:39,2160,9.270849577647823
13:05:40,2160,9.270849577647823
13:05:41,2161,9.268615034908265
13:05:42,2161,9.268615034908265
13:05:43,2162,9.268615034908265
13:05:44,2162,9.268615034908265
13:05:45,2163,9.268615034908265
13:05:46,2163,9.265863356053229
13:05:47,2163,9.265863356053229
13:05:48,2163,9.26735604217356
13:05:49,2163,9.26735604217356
13:05:50,2163,9.26735604217356
13:05:51,2163,9.26735604217356
13:05:52,2163,9.26735604217356
13:05:53,2163,9.265580415045397
13:05:54,2163,9.264025279533302
13:05:55,2163,9.261945254292193
13:05:56,2163,9.259373482272947
13:05:57,2163,9.259373482272947
13:05:58,2163,9.259373482272947
13:05:59,2163,9.259373482272947
13:06:00,2163,9.259373482272947
13:06:01,2163,9.259373482272947
13:06:02,2165,9.259373482272947
13:06:03,2165,9.259373482272947
13:06:04,2166,9.256440129449837
13:06:05,2166,9.256440129449837
13:06:06,2167,9.256440129449837
13:06:07,2167,9.256440129449837
13:06:08,2167,9.25616205725376
13:06:09,2167,9.25616205725376
13:06:10,2168,9.25616205725376
13:06:11,2168,9.25616205725376
13:06:12,2168,9.25616205725376
13:06:13,2168,9.25616205725376
13:06:14,2168,9.254041383769804
13:06:15,2168,9.254041383769804
13:06:16,2169,9.254041383769804
13:06:17,2169,9.254041383769804
13:06:18,2169,9.254041383769804
13:06:19,2169,9.254041383769804
13:06:20,2169,9.254041383769804
13:06:21,2169,9.254041383769804
13:06:22,2169,9.253578930360316
13:06:23,2169,9.255281007751938
13:06:24,2169,9.255281007751938
13:06:25,2170,9.253801452784504
13:06:26,2170,9.253801452784504
13:06:27,2170,9.25518464763748
13:06:28,2170,9.25518464763748
13:06:29,2170,9.25518464763748
13:06:30,2170,9.25518464763748
13:06:31,2170,9.25518464763748
13:06:32,2171,9.25518464763748
13:06:33,2171,9.25518464763748
13:06:34,2171,9.25518464763748
13:06:35,2171,9.25518464763748
13:06:36,2171,9.25518464763748
13:06:37,2171,9.25518464763748
13:06:38,2172,9.25518464763748
13:06:39,2172,9.25518464763748
13:06:40,2172,9.25518464763748
13:06:41,2173,9.25518464763748
13:06:42,2173,9.252062187852426
13:06:43,2173,9.252062187852426
13:06:44,2173,9.252062187852426
13:06:45,2174,9.252062187852426
13:06:46,2174,9.252062187852426
13:06:47,2174,9.252359098228663
13:06:48,2175,9.249678094318366
13:06:49,2175,9.249678094318366
13:06:50,2175,9.247176640926641
13:06:51,2175,9.247176640926641
13:06:52,2176,9.247176640926641
13:06:53,2176,9.247176640926641
13:06:54,2176,9.248359864930054
13:06:55,2176,9.248359864930054
13:06:56,2177,9.248359864930054
13:06:57,2177,9.246642570281125
13:06:58,2177,9.246642570281125
13:06:59,2177,9.24252126464452
13:07:00,2177,9.24252126464452
13:07:01,2177,9.24252126464452
13:07:02,2178,9.24252126464452
13:07:03,2178,9.24252126464452
13:07:04,2178,9.24252126464452
13:07:05,2178,9.24252126464452
13:07:06,2179,9.24252126464452
13:07:07,2179,9.24252126464452
13:07:08,2179,9.24252126464452
13:07:09,2180,9.239805903111966
13:07:10,2180,9.239805903111966
13:07:11,2180,9.239474106140772
13:07:12,2180,9.239474106140772
13:07:13,2181,9.239474106140772
13:07:14,2181,9.239474106140772
13:07:15,2181,9.238100961538462
13:07:16,2181,9.238100961538462
13:07:17,2182,9.238100961538462
13:07:18,2182,9.238435047252922
13:07:19,2182,9.238435047252922
13:07:20,2182,9.238435047252922
13:07:21,2182,9.238435047252922
13:07:22,2182,9.238435047252922
13:07:23,2182,9.238435047252922
13:07:24,2182,9.238435047252922
13:07:25,2182,9.238435047252922
13:07:26,2182,9.238435047252922
13:07:27,2183,9.238435047252922
13:07:28,2183,9.239137047710534
13:07:29,2183,9.239137047710534
13:07:30,2183,9.239137047710534
13:07:31,2184,9.239137047710534
13:07:32,2184,9.239137047710534
13:07:33,2185,9.239137047710534
13:07:34,2187,9.239137047710534
13:07:35,2187,9.239137047710534
13:07:36,2188,9.23922227556409
13:07:37,2189,9.236868202175305
13:07:38,2189,9.236868202175305
13:07:39,2189,9.236868202175305
13:07:40,2189,9.23449240607514
13:07:41,2189,9.23449240607514
13:07:42,2189,9.231927133269414
13:07:43,2189,9.231927133269414
13:07:44,2189,9.229340360964702
13:07:45,2190,9.229340360964702
13:07:46,2190,9.229340360964702
13:07:47,2190,9.228767560664114
13:07:48,2190,9.228767560664114
13:07:49,2190,9.227612892931228
13:07:50,2190,9.225980861244018
13:07:51,2190,9.225980861244018
13:07:52,2190,9.225980861244018
13:07:53,2190,9.225980861244018
13:07:54,2190,9.225980861244018
13:07:55,2190,9.225980861244018
13:07:56,2190,9.225980861244018
13:07:57,2190,9.225980861244018
13:07:58,2190,9.225980861244018
13:07:59,2190,9.225980861244018
13:08:00,2190,9.225980861244018
13:08:01,2190,9.224370618228171
13:08:02,2190,9.224370618228171
13:08:03,2190,9.224370618228171
13:08:04,2190,9.224370618228171
13:08:05,2190,9.224370618228171
13:08:06,2190,9.222827125119387
13:08:07,2190,9.222827125119387
13:08:08,2190,9.222827125119387
13:08:09,2190,9.222827125119387
13:08:10,2190,9.223038981702466
13:08:11,2190,9.223038981702466
13:08:12,2190,9.223038981702466
13:08:13,2190,9.223038981702466
13:08:14,2190,9.223038981702466
13:08:15,2190,9.223038981702466
13:08:16,2190,9.223038981702466
13:08:17,2190,9.223038981702466
13:08:18,2190,9.223719783715012
13:08:19,2190,9.22266730249563
13:08:20,2190,9.22266730249563
13:08:21,2190,9.22266730249563
13:08:22,2190,9.22266730249563
13:08:23,2190,9.221766761995552
13:08:24,2190,9.221766761995552
13:08:25,2190,9.221766761995552
13:08:26,2190,9.219803080832143
13:08:27,2190,9.219803080832143
13:08:28,2190,9.219587301587302
13:08:29,2190,9.219587301587302
13:08:30,2190,9.219587301587302
13:08:31,2190,9.219587301587302
13:08:32,2190,9.21728541964144
13:08:33,2190,9.21728541964144
13:08:34,2190,9.21728541964144
13:08:35,2190,9.214819219790677
13:08:36,2190,9.214819219790677
13:08:37,2190,9.214582342685052
13:08:38,2190,9.214582342685052
13:08:39,2190,9.212486144101346
13:08:40,2190,9.212486144101346
13:08:41,2190,9.212486144101346
13:08:42,2190,9.212486144101346
13:08:43,2190,9.212486144101346
13:08:44,2190,9.212486144101346
13:08:45,2190,9.212486144101346
13:08:46,2190,9.212486144101346
13:08:47,2190,9.212486144101346
13:08:48,2190,9.212486144101346
13:08:49,2190,9.212486144101346
13:08:50,2190,9.212486144101346
13:08:51,2190,9.211799620132954
13:08:52,2190,9.211799620132954
13:08:53,2190,9.211799620132954
13:08:54,2190,9.211799620132954
13:08:55,2191,9.211799620132954
13:08:56,2191,9.210219901914254
13:08:57,2191,9.210219901914254
13:08:58,2191,9.210219901914254
13:08:59,2192,9.210219901914254
13:09:00,2192,9.210219901914254
13:09:01,2192,9.210219901914254
13:09:02,2192,9.210219901914254
13:09:03,2192,9.209772296015181
13:09:04,2192,9.209772296015181
13:09:05,2192,9.209772296015181
13:09:06,2192,9.207428481112691
13:09:07,2192,9.207428481112691
13:09:08,2192,9.207428481112691
13:09:09,2192,9.206706161137442
13:09:10,2192,9.206706161137442
13:09:11,2192,9.206706161137442
13:09:12,2192,9.206706161137442
13:09:13,2192,9.206706161137442
13:09:14,2192,9.20383704405495
13:09:15,2192,9.20383704405495
13:09:16,2192,9.20383704405495
13:09:17,2192,9.201199494949496
13:09:18,2192,9.201199494949496
13:09:19,2192,9.201017510648368
13:09:20,2192,9.201017510648368
13:09:21,2192,9.201017510648368
13:09:22,2192,9.201017510648368
13:09:23,2192,9.198872595395775
13:09:24,2192,9.198872595395775
13:09:25,2192,9.198872595395775
13:09:26,2192,9.198872595395775
13:09:27,2192,9.197612293144207
13:09:28,2192,9.197612293144207
13:09:29,2193,9.197612293144207
13:09:30,2193,9.197612293144207
13:09:31,2193,9.197612293144207
13:09:32,2193,9.197612293144207
13:09:33,2194,9.199771581600505
13:09:34,2194,9.196276176980003
13:09:35,2194,9.196276176980003
13:09:36,2194,9.196276176980003
13:09:37,2196,9.196276176980003
13:09:38,2196,9.196276176980003
13:09:39,2196,9.196276176980003
13:09:40,2196,9.196276176980003
13:09:41,2196,9.196276176980003
13:09:42,2197,9.195695624803275
13:09:43,2198,9.195695624803275
13:09:44,2198,9.195186408683343
13:09:45,2198,9.195186408683343
13:09:46,2198,9.195186408683343
13:09:47,2198,9.191733459060192
13:09:48,2198,9.191733459060192
13:09:49,2198,9.191733459060192
13:09:50,2198,9.191733459060192
13:09:51,2198,9.191733459060192
13:09:52,2198,9.191733459060192
13:09:53,2198,9.191525290606345
13:09:54,2198,9.191525290606345
13:09:55,2198,9.191525290606345
13:09:56,2198,9.188962160464751
13:09:57,2199,9.185734463276837
13:09:58,2199,9.185913725490195
13:09:59,2199,9.185913725490195
13:10:00,2199,9.183584195672626
13:10:01,2199,9.183584195672626
13:10:02,2199,9.183584195672626
13:10:03,2199,9.183584195672626
13:10:04,2199,9.183584195672626
13:10:05,2199,9.183584195672626
13:10:06,2199,9.183584195672626
13:10:07,2199,9.183584195672626
13:10:08,2200,9.183584195672626
13:10:09,2200,9.183584195672626
13:10:10,2200,9.183584195672626
13:10:11,2200,9.183584195672626
13:10:12,2200,9.183584195672626
13:10:13,2200,9.183584195672626
13:10:14,2200,9.183584195672626
13:10:15,2200,9.183850493653033
13:10:16,2201,9.183850493653033
13:10:17,2201,9.183850493653033
13:10:18,2201,9.183302005012532
13:10:19,2201,9.183576013777985
13:10:20,2202,9.183576013777985
13:10:21,2202,9.183576013777985
13:10:22,2203,9.183576013777985
13:10:23,2204,9.183536776212833
13:10:24,2204,9.183536776212833
13:10:25,2204,9.183536776212833
13:10:26,2204,9.183536776212833
13:10:27,2204,9.183536776212833
13:10:28,2204,9.183536776212833
13:10:29,2204,9.183536776212833
13:10:30,2204,9.183536776212833
13:10:31,2204,9.180823952470293
13:10:32,2204,9.180823952470293
13:10:33,2204,9.180823952470293
13:10:34,2204,9.180823952470293
13:10:35,2204,9.180823952470293
13:10:36,2204,9.179676511954993
13:10:37,2204,9.179676511954993
13:10:38,2204,9.179676511954993
13:10:39,2204,9.179676511954993
13:10:40,2204,9.179676511954993
13:10:41,2204,9.179676511954993
13:10:42,2204,9.179646985317088
13:10:43,2204,9.179646985317088
13:10:44,2204,9.179646985317088
13:10:45,2204,9.177244340359094
13:10:46,2204,9.177244340359094
13:10:47,2204,9.177244340359094
13:10:48,2204,9.177244340359094
13:10:49,2205,9.177028714107365
13:10:50,2205,9.177028714107365
13:10:51,2205,9.177028714107365
13:10:52,2205,9.176462330369677
13:10:53,2205,9.176462330369677
13:10:54,2206,9.174711568444028
13:10:55,2206,9.17269752220664
13:10:56,2206,9.17269752220664
13:10:57,2206,9.17269752220664
13:10:58,2207,9.17269752220664
13:10:59,2207,9.17269752220664
13:11:00,2207,9.17269752220664
13:11:01,2207,9.17269752220664
13:11:02,2207,9.17269752220664
13:11:03,2207,9.17269752220664
13:11:04,2207,9.173271028037384
13:11:05,2207,9.173271028037384
13:11:06,2207,9.173271028037384
13:11:07,2207,9.173271028037384
13:11:08,2207,9.173271028037384
13:11:09,2207,9.173929627899735
13:11:10,2207,9.173929627899735
13:11:11,2207,9.173929627899735
13:11:12,2208,9.173929627899735
13:11:13,2208,9.173929627899735
13:11:14,2208,9.173929627899735
13:11:15,2208,9.174074074074074
13:11:16,2208,9.174074074074074
13:11:17,2208,9.174023953958624
13:11:18,2208,9.174023953958624
13:11:19,2208,9.174023953958624
13:11:20,2208,9.17178949004975
13:11:21,2208,9.17178949004975
13:11:22,2208,9.17178949004975
13:11:23,2208,9.169237340789065
13:11:24,2209,9.169237340789065
13:11:25,2209,9.169237340789065
13:11:26,2209,9.16724111162863
13:11:27,2209,9.16724111162863
13:11:28,2210,9.16724111162863
13:11:29,2210,9.16724111162863
13:11:30,2210,9.16724111162863
13:11:31,2210,9.16724111162863
13:11:32,2210,9.16724111162863
13:11:33,2210,9.16724111162863
13:11:34,2210,9.16724111162863
13:11:35,2210,9.16724111162863
13:11:36,2210,9.16724111162863
13:11:37,2211,9.16724111162863
13:11:38,2211,9.16765983860956
13:11:39,2211,9.16765983860956
13:11:40,2211,9.168225531254848
13:11:41,2211,9.168225531254848
13:11:42,2211,9.168225531254848
13:11:43,2211,9.168225531254848
13:11:44,2211,9.168225531254848
13:11:45,2211,9.168225531254848
13:11:46,2212,9.168225531254848
13:11:47,2212,9.168225531254848
13:11:48,2212,9.168225531254848
13:11:49,2212,9.168225531254848
13:11:50,2212,9.168225531254848
13:11:51,2212,9.168225531254848
13:11:52,2212,9.168108527131782
13:11:53,2212,9.168108527131782
13:11:54,2212,9.16585309158531
13:11:55,2212,9.16585309158531
13:11:56,2212,9.16585309158531
13:11:57,2212,9.166635687732342
13:11:58,2212,9.166635687732342
13:11:59,2212,9.166635687732342
13:12:00,2212,9.166635687732342
13:12:01,2212,9.162960383782112
13:12:02,2212,9.162960383782112
13:12:03,2212,9.162960383782112
13:12:04,2212,9.159798917246713
13:12:05,2212,9.159798917246713
13:12:06,2212,9.159798917246713
13:12:07,2212,9.16019635126778
13:12:08,2212,9.16019635126778
13:12:09,2212,9.16019635126778
13:12:10,2212,9.158507185906352
13:12:11,2212,9.158507185906352
13:12:12,2213,9.157113067655237
13:12:13,2213,9.157113067655237
13:12:14,2213,9.157113067655237
13:12:15,2214,9.157920333487727
13:12:16,2214,9.157920333487727
13:12:17,2214,9.157920333487727
13:12:18,2214,9.157920333487727
13:12:19,2215,9.157920333487727
13:12:20,2215,9.157920333487727
13:12:21,2216,9.157920333487727
13:12:22,2217,9.157920333487727
13:12:23,2217,9.157920333487727
13:12:24,2217,9.157920333487727
13:12:25,2217,9.157920333487727
13:12:26,2217,9.157993827160492
13:12:27,2218,9.157993827160492
13:12:28,2219,9.157993827160492
13:12:29,2219,9.157993827160492
13:12:30,2219,9.157993827160492
13:12:31,2219,9.156285670214407
13:12:32,2219,9.156285670214407
13:12:33,2219,9.156285670214407
13:12:34,2219,9.155712303422757
13:12:35,2219,9.155712303422757
13:12:36,2219,9.155712303422757
13:12:37,2219,9.155712303422757
13:12:38,2219,9.155712303422757
13:12:39,2219,9.155712303422757
13:12:40,2219,9.155712303422757
13:12:41,2219,9.155712303422757
13:12:42,2219,9.155712303422757
13:12:43,2219,9.155712303422757
13:12:44,2219,9.154053012790877
13:12:45,2219,9.154053012790877
13:12:46,2219,9.154053012790877
13:12:47,2219,9.152279728897105
13:12:48,2219,9.152279728897105
13:12:49,2220,9.152279728897105
13:12:50,2220,9.152279728897105
13:12:51,2220,9.152279728897105
13:12:52,2220,9.152279728897105
13:12:53,2220,9.152279728897105
13:12:54,2220,9.152279728897105
13:12:55,2220,9.152279728897105
13:12:56,2220,9.152279728897105
13:12:57,2220,9.152279728897105
13:12:58,2220,9.152279728897105
13:12:59,2220,9.149930747922438
13:13:00,2220,9.149930747922438
13:13:01,2221,9.149930747922438
13:13:02,2221,9.150115313653137
13:13:03,2221,9.150115313653137
13:13:04,2221,9.150115313653137
13:13:05,2221,9.148563085907485
13:13:06,2221,9.148563085907485
13:13:07,2222,9.148563085907485
13:13:08,2222,9.148563085907485
13:13:09,2222,9.148563085907485
13:13:10,2223,9.148563085907485
13:13:11,2224,9.148563085907485
13:13:12,2225,9.14605222734255
13:13:13,2226,9.14605222734255
13:13:14,2226,9.14605222734255
13:13:15,2226,9.14605222734255
13:13:16,2227,9.14605222734255
13:13:17,2228,9.14605222734255
13:13:18,2228,9.147136496238293
13:13:19,2228,9.147136496238293
13:13:20,2228,9.147136496238293
13:13:21,2228,9.147874462860651
13:13:22,2230,9.147874462860651
13:13:23,2231,9.147630004601933
13:13:24,2231,9.147630004601933
13:13:25,2232,9.147630004601933
13:13:26,2232,9.147630004601933
13:13:27,2233,9.145177859552286
13:13:28,2235,9.145177859552286
13:13:29,2235,9.145177859552286
13:13:30,2236,9.145177859552286
13:13:31,2237,9.14216858237548
13:13:32,2237,9.14216858237548
13:13:33,2237,9.14216858237548
13:13:34,2237,9.14216858237548
13:13:35,2240,9.14216858237548
13:13:36,2240,9.141942401960785
13:13:37,2240,9.141942401960785
13:13:38,2241,9.141942401960785
13:13:39,2242,9.141942401960785
13:13:40,2242,9.141942401960785
13:13:41,2242,9.141942401960785
13:13:42,2242,9.141942401960785
13:13:43,2243,9.141942401960785
13:13:44,2244,9.141942401960785
13:13:45,2244,9.141942401960785
13:13:46,2244,9.13929719797887
13:13:47,2245,9.13929719797887
13:13:48,2245,9.139975512702785
13:13:49,2246,9.139975512702785
13:13:50,2246,9.139975512702785
13:13:51,2246,9.13545107033639
13:13:52,2247,9.13545107033639
13:13:53,2247,9.13545107033639
13:13:54,2248,9.136176066024758
13:13:55,2248,9.136176066024758
13:13:56,2248,9.136176066024758
13:13:57,2248,9.135769935838681
13:13:58,2249,9.135769935838681
13:13:59,2249,9.135769935838681
13:14:00,2250,9.135769935838681
13:14:01,2251,9.135769935838681
13:14:02,2251,9.135769935838681
13:14:03,2251,9.135769935838681
13:14:04,2251,9.135769935838681
13:14:05,2252,9.135769935838681
13:14:06,2252,9.135769935838681
13:14:07,2252,9.136013131775844
13:14:08,2252,9.136013131775844
13:14:09,2253,9.136013131775844
13:14:10,2253,9.136019536019537
13:14:11,2253,9.136019536019537
13:14:12,2253,9.136019536019537
13:14:13,2253,9.136019536019537
13:14:14,2253,9.136019536019537
13:14:15,2253,9.136019536019537
13:14:16,2254,9.136019536019537
13:14:17,2254,9.136019536019537
13:14:18,2254,9.136019536019537
13:14:19,2254,9.136019536019537
13:14:20,2254,9.13326468344775
13:14:21,2254,9.13326468344775
13:14:22,2254,9.13326468344775
13:14:23,2254,9.13326468344775
13:14:24,2255,9.13326468344775
13:14:25,2256,9.133096980786826
13:14:26,2256,9.133577198597775
13:14:27,2256,9.133577198597775
13:14:28,2256,9.133577198597775
13:14:29,2257,9.132563985374771
13:14:30,2257,9.132563985374771
13:14:31,2257,9.132563985374771
13:14:32,2257,9.1321608040201
13:14:33,2257,9.1321608040201
13:14:34,2257,9.1321608040201
13:14:35,2257,9.129071537290715
13:14:36,2258,9.129071537290715
13:14:37,2258,9.127133728890918
13:14:38,2258,9.127133728890918
13:14:39,2258,9.127133728890918
13:14:40,2258,9.127133728890918
13:14:41,2258,9.127133728890918
13:14:42,2258,9.127448296836983
13:14:43,2258,9.127448296836983
13:14:44,2258,9.126918984648123
13:14:45,2258,9.126918984648123
13:14:46,2258,9.126918984648123
13:14:47,2258,9.123814949863263
13:14:48,2258,9.123814949863263
13:14:49,2258,9.123814949863263
13:14:50,2258,9.123814949863263
13:14:51,2258,9.123814949863263
13:14:52,2259,9.123814949863263
13:14:53,2259,9.123814949863263
13:14:54,2259,9.123814949863263
13:14:55,2260,9.123814949863263
13:14:56,2261,9.123814949863263
13:14:57,2261,9.123814949863263
13:14:58,2261,9.123814949863263
13:14:59,2263,9.123814949863263
13:15:00,2264,9.123770491803278
13:15:01,2264,9.123770491803278
13:15:02,2265,9.123770491803278
13:15:03,2267,9.123770491803278
13:15:04,2267,9.120452131694735
13:15:05,2267,9.120452131694735
13:15:06,2267,9.120452131694735
13:15:07,2267,9.120452131694735
13:15:08,2267,9.120452131694735
13:15:09,2267,9.120452131694735
13:15:10,2269,9.120452131694735
13:15:11,2269,9.120452131694735
13:15:12,2269,9.120452131694735
13:15:13,2269,9.120452131694735
13:15:14,2269,9.120452131694735
13:15:15,2270,9.120452131694735
13:15:16,2270,9.120452131694735
13:15:17,2270,9.120452131694735
13:15:18,2271,9.120162268729148
13:15:19,2271,9.120162268729148
13:15:20,2271,9.120162268729148
13:15:21,2271,9.120162268729148
13:15:22,2271,9.120162268729148
13:15:23,2272,9.120162268729148
13:15:24,2272,9.120162268729148
13:15:25,2272,9.120162268729148
13:15:26,2274,9.120162268729148
13:15:27,2274,9.116833409125359
13:15:28,2274,9.114113636363637
13:15:29,2274,9.110926851431168
13:15:30,2275,9.110926851431168
13:15:31,2275,9.110926851431168
13:15:32,2275,9.107856494096275
13:15:33,2275,9.107497352095628
13:15:34,2276,9.10576225045372
13:15:35,2276,9.10576225045372
13:15:36,2276,9.10576225045372
13:15:37,2277,9.105487528344671
13:15:38,2277,9.105487528344671
13:15:39,2277,9.105487528344671
13:15:40,2278,9.105487528344671
13:15:41,2278,9.105487528344671
13:15:42,2278,9.105487528344671
13:15:43,2279,9.103142943487459
13:15:44,2279,9.103142943487459
13:15:45,2279,9.103142943487459
13:15:46,2280,9.103142943487459
13:15:47,2280,9.103142943487459
13:15:48,2280,9.100196344962997
13:15:49,2281,9.100196344962997
13:15:50,2281,9.099811292270532
13:15:51,2282,9.099811292270532
13:15:52,2282,9.099811292270532
13:15:53,2282,9.099811292270532
13:15:54,2283,9.099811292270532
13:15:55,2283,9.099811292270532
13:15:56,2283,9.099811292270532
13:15:57,2285,9.099811292270532
13:15:58,2285,9.099811292270532
13:15:59,2285,9.096868869775163
13:16:00,2285,9.096868869775163
13:16:01,2285,9.096868869775163
13:16:02,2285,9.096868869775163
13:16:03,2285,9.09420814479638
13:16:04,2285,9.09420814479638
13:16:05,2285,9.09420814479638
13:16:06,2285,9.093969546208351
13:16:07,2285,9.091952983725134
13:16:08,2285,9.091952983725134
13:16:09,2285,9.089139930712458
13:16:10,2285,9.089139930712458
13:16:11,2285,9.089139930712458
13:16:12,2285,9.089139930712458
13:16:13,2286,9.089139930712458
13:16:14,2286,9.089139930712458
13:16:15,2286,9.089139930712458
13:16:16,2286,9.089139930712458
13:16:17,2286,9.089139930712458
13:16:18,2286,9.086856368563685
13:16:19,2286,9.086856368563685
13:16:20,2286,9.086856368563685
13:16:21,2286,9.0840331075997
13:16:22,2286,9.0840331075997
13:16:23,2286,9.0840331075997
13:16:24,2286,9.081753910950662
13:16:25,2287,9.081002856713276
13:16:26,2287,9.081002856713276
13:16:27,2287,9.081221821460776
13:16:28,2287,9.081221821460776
13:16:29,2287,9.081221821460776
13:16:30,2287,9.078436232537179
13:16:31,2287,9.078436232537179
13:16:32,2288,9.078436232537179
13:16:33,2288,9.078436232537179
13:16:34,2288,9.078436232537179
13:16:35,2288,9.078436232537179
13:16:36,2288,9.075750750750752
13:16:37,2288,9.075750750750752
13:16:38,2288,9.075750750750752
13:16:39,2288,9.075750750750752
13:16:40,2288,9.075750750750752
13:16:41,2288,9.074868677772775
13:16:42,2288,9.072254725472549
13:16:43,2288,9.072254725472549
13:16:44,2288,9.072254725472549
13:16:45,2288,9.068607613908874
13:16:46,2288,9.065887640449438
13:16:47,2288,9.065887640449438
13:16:48,2288,9.06350703803534
13:16:49,2288,9.06350703803534
13:16:50,2289,9.06350703803534
13:16:51,2289,9.06350703803534
13:16:52,2290,9.06350703803534
13:16:53,2291,9.06097141146535
13:16:54,2291,9.06097141146535
13:16:55,2291,9.06097141146535
13:16:56,2291,9.06097141146535
13:16:57,2291,9.06097141146535
13:16:58,2291,9.05783961699581
13:16:59,2291,9.05783961699581
13:17:00,2292,9.05783961699581
13:17:01,2292,9.05783961699581
13:17:02,2292,9.055129355465828
13:17:03,2292,9.055129355465828
13:17:04,2292,9.055129355465828
13:17:05,2294,9.055129355465828
13:17:06,2294,9.055129355465828
13:17:07,2294,9.055129355465828
13:17:08,2295,9.055129355465828
13:17:09,2295,9.055129355465828
13:17:10,2296,9.055129355465828
13:17:11,2296,9.055129355465828
13:17:12,2296,9.055129355465828
13:17:13,2296,9.052466367713004
13:17:14,2297,9.052466367713004
13:17:15,2298,9.052466367713004
13:17:16,2298,9.051030927835052
13:17:17,2298,9.048596176821983
13:17:18,2299,9.047372742200329
13:17:19,2299,9.047372742200329
13:17:20,2299,9.047372742200329
13:17:21,2300,9.044911966577141
13:17:22,2300,9.044911966577141
13:17:23,2301,9.044911966577141
13:17:24,2301,9.044911966577141
13:17:25,2302,9.044911966577141
13:17:26,2303,9.044911966577141
13:17:27,2303,9.044911966577141
13:17:28,2303,9.043000894454384
13:17:29,2303,9.043000894454384
13:17:30,2303,9.043000894454384
13:17:31,2303,9.04073908508419
13:17:32,2304,9.04073908508419
13:17:33,2304,9.04073908508419
13:17:34,2304,9.04073908508419
13:17:35,2305,9.04073908508419
13:17:36,2305,9.037861185582365
13:17:37,2305,9.037861185582365
13:17:38,2305,9.037861185582365
13:17:39,2305,9.037861185582365
13:17:40,2305,9.037861185582365
13:17:41,2306,9.035343159148429
13:17:42,2306,9.035343159148429
13:17:43,2306,9.035343159148429
13:17:44,2307,9.035343159148429
13:17:45,2307,9.035343159148429
13:17:46,2307,9.035343159148429
13:17:47,2307,9.035343159148429
13:17:48,2307,9.035343159148429
13:17:49,2307,9.033191964285715
13:17:50,2307,9.033191964285715
13:17:51,2307,9.031555853041796
13:17:52,2307,9.028806125483198
13:17:53,2307,9.028806125483198
13:17:54,2307,9.026504681230495
13:17:55,2307,9.026504681230495
13:17:56,2307,9.026504681230495
13:17:57,2307,9.024049316696376
13:17:58,2307,9.024049316696376
13:17:59,2307,9.024049316696376
13:18:00,2307,9.021083890126205
13:18:01,2307,9.021083890126205
13:18:02,2307,9.01823983377857
13:18:03,2307,9.01823983377857
13:18:04,2307,9.01823983377857
13:18:05,2307,9.01823983377857
13:18:06,2308,9.017104287197746
13:18:07,2308,9.017104287197746
13:18:08,2308,9.017104287197746
13:18:09,2308,9.017104287197746
13:18:10,2308,9.017104287197746
13:18:11,2308,9.014279359430606
13:18:12,2308,9.014279359430606
13:18:13,2308,9.014279359430606
13:18:14,2309,9.014279359430606
13:18:15,2309,9.014279359430606
13:18:16,2309,9.011946050096338
13:18:17,2309,9.011946050096338
13:18:18,2309,9.011946050096338
13:18:19,2310,9.011946050096338
13:18:20,2310,9.009536502295276
13:18:21,2311,9.009536502295276
13:18:22,2311,9.007526642984013
13:18:23,2311,9.007526642984013
13:18:24,2312,9.005866252404202
13:18:25,2312,9.005866252404202
13:18:26,2312,9.004148181011535
13:18:27,2312,9.004148181011535
13:18:28,2312,9.004148181011535
13:18:29,2313,9.004148181011535
13:18:30,2313,9.004148181011535
13:18:31,2313,9.001685144124169
13:18:32,2314,9.001685144124169
13:18:33,2314,9.001685144124169
13:18:34,2314,9.001685144124169
13:18:35,2314,8.99873670212766
13:18:36,2314,8.99873670212766
13:18:37,2314,8.998198198198198
13:18:38,2314,8.996191319751993
13:18:39,2316,8.996191319751993
13:18:40,2317,8.996191319751993
13:18:41,2318,8.996191319751993
13:18:42,2318,8.996191319751993
13:18:43,2319,8.996191319751993
13:18:44,2319,8.996191319751993
13:18:45,2320,8.99457724656928
13:18:46,2320,8.99457724656928
13:18:47,2320,8.99457724656928
13:18:48,2320,8.99457724656928
13:18:49,2321,8.989665339820139
13:18:50,2321,8.989665339820139
13:18:51,2321,8.989665339820139
13:18:52,2321,8.989665339820139
13:18:53,2322,8.986722664308871
13:18:54,2322,8.986722664308871
13:18:55,2322,8.986722664308871
13:18:56,2323,8.986722664308871
13:18:57,2323,8.986722664308871
13:18:58,2323,8.986722664308871
13:18:59,2324,8.986722664308871
13:19:00,2324,8.984150832228606
13:19:01,2324,8.984150832228606
13:19:02,2324,8.984150832228606
13:19:03,2325,8.984150832228606
13:19:04,2325,8.984150832228606
13:19:05,2325,8.984150832228606
13:19:06,2327,8.982251177856302
13:19:07,2327,8.982251177856302
13:19:08,2327,8.982251177856302
13:19:09,2328,8.982251177856302
13:19:10,2329,8.982251177856302
13:19:11,2329,8.982251177856302
13:19:12,2329,8.980588668138337
13:19:13,2329,8.980588668138337
13:19:14,2329,8.980588668138337
13:19:15,2329,8.978523095027949
13:19:16,2329,8.978523095027949
13:19:17,2329,8.978523095027949
13:19:18,2329,8.978523095027949
13:19:19,2329,8.978523095027949
13:19:20,2329,8.976356418173797
13:19:21,2329,8.976356418173797
13:19:22,2329,8.976356418173797
13:19:23,2329,8.974250440917107
13:19:24,2329,8.971889231673279
13:19:25,2330,8.971889231673279
13:19:26,2331,8.971889231673279
13:19:27,2331,8.97104992657856
13:19:28,2331,8.97104992657856
13:19:29,2332,8.969859092910612
13:19:30,2332,8.969859092910612
13:19:31,2332,8.969859092910612
13:19:32,2333,8.969859092910612
13:19:33,2333,8.969859092910612
13:19:34,2333,8.969859092910612
13:19:35,2333,8.969859092910612
13:19:36,2334,8.969859092910612
13:19:37,2334,8.969859092910612
13:19:38,2335,8.969859092910612
13:19:39,2335,8.96707012910798
13:19:40,2335,8.96707012910798
13:19:41,2335,8.96707012910798
13:19:42,2335,8.96426895439214
13:19:43,2335,8.96426895439214
13:19:44,2335,8.963024039871007
13:19:45,2335,8.963024039871007
13:19:46,2335,8.960981684981684
13:19:47,2335,8.959314586994727
13:19:48,2335,8.959314586994727
13:19:49,2335,8.957524520567999
13:19:50,2335,8.957524520567999
13:19:51,2335,8.957524520567999
13:19:52,2335,8.957524520567999
13:19:53,2335,8.957524520567999
13:19:54,2336,8.957524520567999
13:19:55,2337,8.957524520567999
13:19:56,2337,8.957524520567999
13:19:57,2337,8.955567749487853
13:19:58,2337,8.955567749487853
13:19:59,2338,8.955567749487853
13:20:00,2338,8.955567749487853
13:20:01,2338,8.955567749487853
13:20:02,2338,8.955567749487853
13:20:03,2338,8.955567749487853
13:20:04,2338,8.952435278630979
13:20:05,2338,8.952435278630979
13:20:06,2339,8.952435278630979
13:20:07,2340,8.952435278630979
13:20:08,2340,8.952435278630979
13:20:09,2340,8.952435278630979
13:20:10,2340,8.950694444444444
13:20:11,2340,8.950694444444444
13:20:12,2340,8.950694444444444
13:20:13,2340,8.950694444444444
13:20:14,2340,8.948122168639486
13:20:15,2340,8.948122168639486
13:20:16,2340,8.94650160677768
13:20:17,2341,8.94650160677768
13:20:18,2341,8.94650160677768
13:20:19,2341,8.945466491458607
13:20:20,2341,8.943060420315238
13:20:21,2341,8.943060420315238
13:20:22,2342,8.943060420315238
13:20:23,2342,8.943060420315238
13:20:24,2342,8.943060420315238
13:20:25,2344,8.943060420315238
13:20:26,2344,8.940160466812547
13:20:27,2345,8.940160466812547
13:20:28,2345,8.940160466812547
13:20:29,2346,8.937510936132984
13:20:30,2347,8.937510936132984
13:20:31,2348,8.937510936132984
13:20:32,2349,8.937510936132984
13:20:33,2350,8.937510936132984
13:20:34,2350,8.937510936132984
13:20:35,2351,8.937510936132984
13:20:36,2351,8.935796531117912
13:20:37,2351,8.935796531117912
13:20:38,2351,8.934331293706293
13:20:39,2354,8.934331293706293
13:20:40,2354,8.932765399737878
13:20:41,2354,8.932765399737878
13:20:42,2355,8.930371179039302
13:20:43,2357,8.927498908773462
13:20:44,2357,8.927498908773462
13:20:45,2358,8.924512798138453
13:20:46,2358,8.924512798138453
13:20:47,2359,8.924512798138453
13:20:48,2360,8.922728594272424
13:20:49,2360,8.922728594272424
13:20:50,2361,8.922728594272424
13:20:51,2362,8.922728594272424
13:20:52,2362,8.922728594272424
13:20:53,2362,8.922728594272424
13:20:54,2364,8.922728594272424
13:20:55,2364,8.922728594272424
13:20:56,2365,8.922728594272424
13:20:57,2366,8.922728594272424
13:20:58,2366,8.921040395233943
13:20:59,2367,8.921040395233943
13:21:00,2368,8.921040395233943
13:21:01,2368,8.921040395233943
13:21:02,2368,8.921040395233943
13:21:03,2370,8.921040395233943
13:21:04,2371,8.919172113289761
13:21:05,2371,8.919172113289761
13:21:06,2373,8.919172113289761
13:21:07,2373,8.919172113289761
13:21:08,2373,8.919172113289761
13:21:09,2375,8.919172113289761
13:21:10,2375,8.919172113289761
13:21:11,2376,8.919172113289761
13:21:12,2378,8.919172113289761
13:21:13,2378,8.917675667828108
13:21:14,2378,8.917675667828108
13:21:15,2379,8.917675667828108
13:21:16,2380,8.917675667828108
13:21:17,2380,8.917675667828108
13:21:18,2381,8.917675667828108
13:21:19,2383,8.915476708750543
13:21:20,2383,8.915476708750543
13:21:21,2383,8.915476708750543
13:21:22,2385,8.915476708750543
13:21:23,2386,8.915476708750543
13:21:24,2386,8.915476708750543
13:21:25,2386,8.911918225315356
13:21:26,2387,8.911918225315356
13:21:27,2387,8.911918225315356
13:21:28,2387,8.911918225315356
13:21:29,2387,8.909050724637682
13:21:30,2389,8.909050724637682
13:21:31,2389,8.909050724637682
13:21:32,2389,8.906960741706506
13:21:33,2389,8.906960741706506
13:21:34,2389,8.906960741706506
13:21:35,2389,8.906960741706506
13:21:36,2389,8.906960741706506
13:21:37,2390,8.906960741706506
13:21:38,2392,8.906960741706506
13:21:39,2392,8.904995655951348
13:21:40,2392,8.904995655951348
13:21:41,2392,8.902836879432623
13:21:42,2392,8.902836879432623
13:21:43,2392,8.902836879432623
13:21:44,2393,8.902836879432623
13:21:45,2393,8.902836879432623
13:21:46,2393,8.902836879432623
13:21:47,2393,8.902836879432623
13:21:48,2394,8.902836879432623
13:21:49,2395,8.902836879432623
13:21:50,2395,8.902836879432623
13:21:51,2395,8.90091869212963
13:21:52,2395,8.90091869212963
13:21:53,2396,8.90091869212963
13:21:54,2396,8.898604483007952
13:21:55,2397,8.898604483007952
13:21:56,2398,8.898604483007952
13:21:57,2398,8.898604483007952
13:21:58,2399,8.898604483007952
13:21:59,2399,8.896176640647585
13:22:00,2399,8.896176640647585
13:22:01,2399,8.893346337234505
13:22:02,2399,8.892121606008088
13:22:03,2399,8.892121606008088
13:22:04,2399,8.892121606008088
13:22:05,2399,8.89051537462105
13:22:06,2399,8.89051537462105
13:22:07,2399,8.89051537462105
13:22:08,2399,8.888138528138528
13:22:09,2399,8.888138528138528
13:22:10,2399,8.888138528138528
13:22:11,2399,8.885186787826338
13:22:12,2399,8.885186787826338
13:22:13,2399,8.885186787826338
13:22:14,2400,8.882994521337945
13:22:15,2400,8.881380602392277
13:22:16,2400,8.881380602392277
13:22:17,2400,8.8783275713051
13:22:18,2400,8.8783275713051
13:22:19,2401,8.8783275713051
13:22:20,2401,8.8783275713051
13:22:21,2401,8.8783275713051
13:22:22,2401,8.8783275713051
13:22:23,2401,8.8783275713051
13:22:24,2401,8.8783275713051
13:22:25,2401,8.8783275713051
13:22:26,2401,8.87592512598992
13:22:27,2401,8.87592512598992
13:22:28,2401,8.87592512598992
13:22:29,2401,8.87592512598992
13:22:30,2401,8.87592512598992
13:22:31,2401,8.87592512598992
13:22:32,2401,8.87592512598992
13:22:33,2401,8.87592512598992
13:22:34,2402,8.87592512598992
13:22:35,2403,8.87592512598992
13:22:36,2403,8.87592512598992
13:22:37,2403,8.87592512598992
13:22:38,2403,8.87592512598992
13:22:39,2404,8.87592512598992
13:22:40,2404,8.87592512598992
13:22:41,2404,8.871392605380521
13:22:42,2404,8.871392605380521
13:22:43,2404,8.86926948518838
13:22:44,2404,8.86926948518838
13:22:45,2404,8.86926948518838
13:22:46,2404,8.866990081931867
13:22:47,2404,8.864181034482758
13:22:48,2404,8.864181034482758
13:22:49,2404,8.86278902771794
13:22:50,2404,8.860221073786965
13:22:51,2404,8.860221073786965
13:22:52,2404,8.858996986655187
13:22:53,2404,8.858996986655187
13:22:54,2405,8.856067125645438
13:22:55,2405,8.856067125645438
13:22:56,2405,8.856067125645438
13:22:57,2405,8.856067125645438
13:22:58,2405,8.856067125645438
13:22:59,2405,8.856067125645438
13:23:00,2405,8.856067125645438
13:23:01,2405,8.856067125645438
13:23:02,2405,8.856067125645438
13:23:03,2405,8.853605734767026
13:23:04,2406,8.853605734767026
13:23:05,2406,8.851683863571225
13:23:06,2406,8.851683863571225
13:23:07,2408,8.851683863571225
13:23:08,2408,8.849004440624553
13:23:09,2408,8.849004440624553
13:23:10,2410,8.847615979381443
13:23:11,2410,8.847615979381443
13:23:12,2410,8.847615979381443
13:23:13,2411,8.847615979381443
13:23:14,2412,8.847615979381443
13:23:15,2412,8.847615979381443
13:23:16,2412,8.847615979381443
13:23:17,2413,8.847615979381443
13:23:18,2413,8.847615979381443
13:23:19,2413,8.847615979381443
13:23:20,2413,8.847615979381443
13:23:21,2413,8.847615979381443
13:23:22,2413,8.846250178903679
13:23:23,2413,8.846250178903679
13:23:24,2413,8.846250178903679
13:23:25,2413,8.846250178903679
13:23:26,2413,8.846250178903679
13:23:27,2413,8.846250178903679
13:23:28,2413,8.846250178903679
13:23:29,2413,8.846250178903679
13:23:30,2414,8.846250178903679
13:23:31,2414,8.846250178903679
13:23:32,2414,8.841856141856141
13:23:33,2414,8.841856141856141
13:23:34,2415,8.836690955850836
13:23:35,2415,8.836690955850836
13:23:36,2415,8.836690955850836
13:23:37,2415,8.836690955850836
13:23:38,2416,8.836690955850836
13:23:39,2416,8.836690955850836
13:23:40,2416,8.836690955850836
13:23:41,2416,8.835596972293631
13:23:42,2416,8.835596972293631
13:23:43,2417,8.835596972293631
13:23:44,2417,8.833411848679514
13:23:45,2417,8.833411848679514
13:23:46,2418,8.831884988584475
13:23:47,2418,8.831884988584475
13:23:48,2419,8.829446583939523
13:23:49,2419,8.829446583939523
13:23:50,2420,8.829446583939523
13:23:51,2420,8.827003136583976
13:23:52,2420,8.824825423970358
13:23:53,2420,8.824825423970358
13:23:54,2421,8.824825423970358
13:23:55,2421,8.824825423970358
13:23:56,2421,8.824825423970358
13:23:57,2422,8.8225
13:23:58,2422,8.8225
13:23:59,2423,8.820674925245621
13:24:00,2423,8.819185881013379
13:24:01,2424,8.819185881013379
13:24:02,2424,8.819185881013379
13:24:03,2424,8.819185881013379
13:24:04,2425,8.819185881013379
13:24:05,2425,8.819185881013379
13:24:06,2425,8.819185881013379
13:24:07,2426,8.816766254090197
13:24:08,2426,8.8142704778157
13:24:09,2426,8.8142704778157
13:24:10,2427,8.8142704778157
13:24:11,2428,8.8142704778157
13:24:12,2428,8.812921108742005
13:24:13,2428,8.812921108742005
13:24:14,2428,8.808535719358046
13:24:15,2428,8.808535719358046
13:24:16,2428,8.808535719358046
13:24:17,2429,8.808535719358046
13:24:18,2429,8.808535719358046
13:24:19,2430,8.808535719358046
13:24:20,2430,8.808535719358046
13:24:21,2431,8.808535719358046
13:24:22,2431,8.808535719358046
13:24:23,2431,8.808535719358046
13:24:24,2431,8.806331629755821
13:24:25,2431,8.806331629755821
13:24:26,2432,8.80434227330779
13:24:27,2433,8.80434227330779
13:24:28,2433,8.80434227330779
13:24:29,2433,8.80434227330779
13:24:30,2435,8.80434227330779
13:24:31,2435,8.80434227330779
13:24:32,2435,8.80213475177305
13:24:33,2436,8.80213475177305
13:24:34,2436,8.80213475177305
13:24:35,2436,8.80213475177305
13:24:36,2436,8.80213475177305
13:24:37,2437,8.80213475177305
13:24:38,2437,8.799900751453283
13:24:39,2438,8.799900751453283
13:24:40,2439,8.799900751453283
13:24:41,2439,8.799900751453283
13:24:42,2439,8.795346366340842
13:24:43,2440,8.795346366340842
13:24:44,2441,8.795346366340842
13:24:45,2441,8.795346366340842
13:24:46,2441,8.795346366340842
13:24:47,2442,8.793337581421694
13:24:48,2444,8.791125265392782
13:24:49,2444,8.791125265392782
13:24:50,2444,8.789912280701754
13:24:51,2445,8.789912280701754
13:24:52,2446,8.789912280701754
13:24:53,2446,8.788650827322869
13:24:54,2446,8.788650827322869
13:24:55,2447,8.788650827322869
13:24:56,2447,8.788650827322869
13:24:57,2447,8.788650827322869
13:24:58,2448,8.788650827322869
13:24:59,2448,8.788650827322869
13:25:00,2449,8.784534407234704
13:25:01,2449,8.784534407234704
13:25:02,2449,8.783439265536723
13:25:03,2449,8.783439265536723
13:25:04,2449,8.783439265536723
13:25:05,2450,8.783439265536723
13:25:06,2450,8.781448538754766
13:25:07,2450,8.781448538754766
13:25:08,2450,8.781448538754766
13:25:09,2450,8.781448538754766
13:25:10,2450,8.781448538754766
13:25:11,2450,8.781448538754766
13:25:12,2450,8.781448538754766
13:25:13,2450,8.781448538754766
13:25:14,2450,8.781448538754766
13:25:15,2451,8.781448538754766
13:25:16,2451,8.779621789443974
13:25:17,2451,8.779621789443974
13:25:18,2452,8.779621789443974
13:25:19,2453,8.777810692622372
13:25:20,2453,8.777810692622372
13:25:21,2453,8.777810692622372
13:25:22,2453,8.775782571912012
13:25:23,2453,8.775782571912012
13:25:24,2454,8.775782571912012
13:25:25,2454,8.77258382642998
13:25:26,2454,8.77258382642998
13:25:27,2454,8.77258382642998
13:25:28,2454,8.77258382642998
13:25:29,2454,8.77065906210393
13:25:30,2454,8.768186936936937
13:25:31,2454,8.768186936936937
13:25:32,2454,8.766350077388491
13:25:33,2454,8.766350077388491
13:25:34,2454,8.766350077388491
13:25:35,2454,8.764493670886077
13:25:36,2454,8.763369886123998
13:25:37,2456,8.763369886123998
13:25:38,2456,8.763369886123998
13:25:39,2457,8.763369886123998
13:25:40,2457,8.761228218100056
13:25:41,2458,8.761228218100056
13:25:42,2458,8.761228218100056
13:25:43,2459,8.760134850400338
13:25:44,2459,8.760134850400338
13:25:45,2459,8.760134850400338
13:25:46,2460,8.760134850400338
13:25:47,2460,8.760134850400338
13:25:48,2461,8.760134850400338
13:25:49,2461,8.760134850400338
13:25:50,2461,8.758263128334738
13:25:51,2461,8.758263128334738
13:25:52,2461,8.758263128334738
13:25:53,2461,8.758263128334738
13:25:54,2461,8.758263128334738
13:25:55,2461,8.758263128334738
13:25:56,2461,8.756863157894736
13:25:57,2461,8.756863157894736
13:25:58,2461,8.756863157894736
13:25:59,2461,8.756863157894736
13:26:00,2462,8.755092592592593
13:26:01,2462,8.755092592592593
13:26:02,2462,8.755092592592593
13:26:03,2462,8.755092592592593
13:26:04,2462,8.755092592592593
13:26:05,2463,8.755092592592593
13:26:06,2463,8.753554901135885
13:26:07,2463,8.753554901135885
13:26:08,2464,8.753554901135885
13:26:09,2464,8.752074572469862
13:26:10,2464,8.752074572469862
13:26:11,2464,8.752074572469862
13:26:12,2465,8.752074572469862
13:26:13,2465,8.752074572469862
13:26:14,2465,8.752074572469862
13:26:15,2465,8.752074572469862
13:26:16,2466,8.752074572469862
13:26:17,2466,8.750350287235532
13:26:18,2466,8.750350287235532
13:26:19,2467,8.750350287235532
13:26:20,2467,8.750350287235532
13:26:21,2467,8.750350287235532
13:26:22,2467,8.750350287235532
13:26:23,2468,8.750350287235532
13:26:24,2468,8.748802521008404
13:26:25,2468,8.748802521008404
13:26:26,2469,8.747648047039059
13:26:27,2469,8.747648047039059
13:26:28,2469,8.747648047039059
13:26:29,2469,8.747648047039059
13:26:30,2469,8.746865379233137
13:26:31,2469,8.746865379233137
13:26:32,2469,8.74565673520772
13:26:33,2470,8.74565673520772
13:26:34,2471,8.74321168903803
13:26:35,2471,8.741670160726764
13:26:36,2471,8.741670160726764
13:26:37,2471,8.741670160726764
13:26:38,2471,8.741670160726764
13:26:39,2471,8.739571109248393
13:26:40,2471,8.739571109248393
13:26:41,2471,8.739571109248393
13:26:42,2471,8.739571109248393
13:26:43,2471,8.739571109248393
13:26:44,2471,8.739571109248393
13:26:45,2471,8.739571109248393
13:26:46,2471,8.739571109248393
13:26:47,2471,8.739571109248393
13:26:48,2471,8.73680904522613
13:26:49,2471,8.73680904522613
13:26:50,2472,8.73680904522613
13:26:51,2472,8.735223943072414
13:26:52,2472,8.735223943072414
13:26:53,2472,8.73363319386332
13:26:54,2472,8.73363319386332
13:26:55,2472,8.73363319386332
13:26:56,2472,8.73363319386332
13:26:57,2472,8.73363319386332
13:26:58,2472,8.732392304475116
13:26:59,2472,8.730051560758083
13:27:00,2472,8.730051560758083
13:27:01,2473,8.728848028973395
13:27:02,2473,8.728848028973395
13:27:03,2473,8.728848028973395
13:27:04,2473,8.728848028973395
13:27:05,2474,8.728848028973395
13:27:06,2474,8.728848028973395
13:27:07,2474,8.728848028973395
13:27:08,2474,8.728848028973395
13:27:09,2475,8.728848028973395
13:27:10,2475,8.728848028973395
13:27:11,2475,8.728848028973395
13:27:12,2476,8.728848028973395
13:27:13,2476,8.728848028973395
13:27:14,2476,8.728848028973395
13:27:15,2477,8.727541074909498
13:27:16,2477,8.727541074909498
13:27:17,2477,8.727541074909498
13:27:18,2477,8.727541074909498
13:27:19,2478,8.726221294363256
13:27:20,2478,8.726221294363256
13:27:21,2478,8.726221294363256
13:27:22,2478,8.726221294363256
13:27:23,2478,8.726221294363256
13:27:24,2478,8.726221294363256
13:27:25,2478,8.724019198664442
13:27:26,2478,8.724019198664442
13:27:27,2478,8.722375191211237
13:27:28,2479,8.722375191211237
13:27:29,2479,8.722375191211237
13:27:30,2479,8.720273839310538
13:27:31,2479,8.720273839310538
13:27:32,2479,8.719313602890093
13:27:33,2480,8.719313602890093
13:27:34,2480,8.719313602890093
13:27:35,2481,8.719313602890093
13:27:36,2481,8.719313602890093
13:27:37,2481,8.719313602890093
13:27:38,2482,8.719313602890093
13:27:39,2482,8.717062499999999
13:27:40,2482,8.717062499999999
13:27:41,2482,8.717062499999999
13:27:42,2483,8.715285297792585
13:27:43,2483,8.715285297792585
13:27:44,2483,8.715285297792585
13:27:45,2483,8.715285297792585
13:27:46,2483,8.715285297792585
13:27:47,2483,8.714342214820983
13:27:48,2483,8.714342214820983
13:27:49,2483,8.714342214820983
13:27:50,2483,8.713399916770703
13:27:51,2483,8.713399916770703
13:27:52,2483,8.711189683860233
13:27:53,2483,8.711189683860233
13:27:54,2483,8.70840953172624
13:27:55,2483,8.70840953172624
13:27:56,2483,8.707782855560172
13:27:57,2483,8.707782855560172
13:27:58,2483,8.707782855560172
13:27:59,2483,8.707782855560172
13:28:00,2483,8.707782855560172
13:28:01,2483,8.707782855560172
13:28:02,2483,8.707782855560172
13:28:03,2483,8.707782855560172
13:28:04,2483,8.707782855560172
13:28:05,2484,8.707782855560172
13:28:06,2484,8.706450719822813
13:28:07,2484,8.704863705548636
13:28:08,2484,8.704863705548636
13:28:09,2484,8.704863705548636
13:28:10,2484,8.704863705548636
13:28:11,2484,8.704100968188104
13:28:12,2484,8.704100968188104
13:28:13,2484,8.704100968188104
13:28:14,2484,8.701569196737177
13:28:15,2484,8.701569196737177
13:28:16,2485,8.701569196737177
13:28:17,2485,8.701569196737177
13:28:18,2486,8.700469872857932
13:28:19,2486,8.698597872634341
13:28:20,2486,8.698597872634341
13:28:21,2487,8.697921844794255
13:28:22,2487,8.697921844794255
13:28:23,2487,8.697921844794255
13:28:24,2487,8.695879917184266
13:28:25,2487,8.695879917184266
13:28:26,2487,8.695879917184266
13:28:27,2487,8.695879917184266
13:28:28,2487,8.694094922737309
13:28:29,2487,8.694094922737309
13:28:30,2487,8.694094922737309
13:28:31,2487,8.692007998896704
13:28:32,2487,8.69048800661704
13:28:33,2487,8.69048800661704
13:28:34,2487,8.69048800661704
13:28:35,2487,8.69048800661704
13:28:36,2487,8.69048800661704
13:28:37,2487,8.689706490285241
13:28:38,2487,8.689706490285241
13:28:39,2487,8.688932506887053
13:28:40,2487,8.688932506887053
13:28:41,2487,8.688932506887053
13:28:42,2487,8.688932506887053
13:28:43,2487,8.688932506887053
13:28:44,2487,8.688932506887053
13:28:45,2487,8.687119647528569
13:28:46,2487,8.687119647528569
13:28:47,2487,8.687119647528569
13:28:48,2487,8.687119647528569
13:28:49,2487,8.687119647528569
13:28:50,2487,8.687119647528569
13:28:51,2487,8.687119647528569
13:28:52,2487,8.687119647528569
13:28:53,2488,8.685906963941646
13:28:54,2488,8.685906963941646
13:28:55,2488,8.685906963941646
13:28:56,2488,8.685906963941646
13:28:57,2488,8.685906963941646
13:28:58,2488,8.685906963941646
13:28:59,2488,8.685906963941646
13:29:00,2488,8.685906963941646
13:29:01,2488,8.685906963941646
13:29:02,2488,8.685906963941646
13:29:03,2488,8.685906963941646
13:29:04,2488,8.683862979777135
13:29:05,2488,8.683862979777135
13:29:06,2488,8.683862979777135
13:29:07,2488,8.683862979777135
13:29:08,2488,8.682776402640263
13:29:09,2488,8.68093470790378
13:29:10,2488,8.68093470790378
13:29:11,2488,8.68093470790378
13:29:12,2488,8.679609782907391
13:29:13,2489,8.679609782907391
13:29:14,2489,8.6774412855377
13:29:15,2489,8.6774412855377
13:29:16,2489,8.676208127402527
13:29:17,2490,8.676208127402527
13:29:18,2490,8.674399615754083
13:29:19,2490,8.67289437585734
13:29:20,2491,8.67289437585734
13:29:21,2491,8.67289437585734
13:29:22,2491,8.671534348004936
13:29:23,2492,8.671534348004936
13:29:24,2492,8.671534348004936
13:29:25,2492,8.671534348004936
13:29:26,2492,8.671534348004936
13:29:27,2492,8.670545504385965
13:29:28,2492,8.670545504385965
13:29:29,2492,8.670545504385965
13:29:30,2492,8.670545504385965
13:29:31,2492,8.670545504385965
13:29:32,2492,8.670545504385965
13:29:33,2492,8.669249212220851
13:29:34,2492,8.669249212220851
13:29:35,2492,8.667529443987949
13:29:36,2492,8.667529443987949
13:29:37,2492,8.667529443987949
13:29:38,2492,8.666002737850787
13:29:39,2492,8.666002737850787
13:29:40,2492,8.666002737850787
13:29:41,2492,8.666002737850787
13:29:42,2492,8.666002737850787
13:29:43,2492,8.666002737850787
13:29:44,2492,8.666002737850787
13:29:45,2492,8.664723590585659
13:29:46,2492,8.664723590585659
13:29:47,2492,8.664723590585659
13:29:48,2492,8.664723590585659
13:29:49,2492,8.664723590585659
13:29:50,2492,8.664723590585659
13:29:51,2492,8.664723590585659
13:29:52,2492,8.662877855286554
13:29:53,2492,8.662877855286554
13:29:54,2492,8.66078753076292
13:29:55,2492,8.66078753076292
13:29:56,2492,8.66078753076292
13:29:57,2492,8.660010933442667
13:29:58,2492,8.660010933442667
13:29:59,2492,8.660010933442667
13:30:00,2492,8.65851775956284
13:30:01,2493,8.65851775956284
13:30:02,2493,8.657476444080295
13:30:03,2493,8.657476444080295
13:30:04,2493,8.657476444080295
13:30:05,2493,8.656210756210756
13:30:06,2493,8.656210756210756
13:30:07,2493,8.656210756210756
13:30:08,2493,8.655027971073817
13:30:09,2494,8.655027971073817
13:30:10,2494,8.655027971073817
13:30:11,2494,8.652775504637207
13:30:12,2495,8.652775504637207
13:30:13,2495,8.651567825494205
13:30:14,2495,8.651567825494205
13:30:15,2495,8.651567825494205
13:30:16,2496,8.651567825494205
13:30:17,2496,8.650885799945488
13:30:18,2496,8.650885799945488
13:30:19,2496,8.650885799945488
13:30:20,2496,8.650885799945488
13:30:21,2496,8.650885799945488
13:30:22,2497,8.650885799945488
13:30:23,2497,8.650885799945488
13:30:24,2497,8.650885799945488
13:30:25,2498,8.648025599128541
13:30:26,2498,8.648025599128541
13:30:27,2498,8.648025599128541
13:30:28,2498,8.648025599128541
13:30:29,2499,8.648025599128541
13:30:30,2499,8.648025599128541
13:30:31,2499,8.648025599128541
13:30:32,2499,8.646284197631685
13:30:33,2500,8.646284197631685
13:30:34,2500,8.646284197631685
13:30:35,2500,8.646284197631685
13:30:36,2500,8.645149659863945
13:30:37,2500,8.645149659863945
13:30:38,2500,8.645149659863945
13:30:39,2500,8.645149659863945
13:30:40,2500,8.645149659863945
13:30:41,2500,8.645149659863945
13:30:42,2500,8.645149659863945
13:30:43,2500,8.645149659863945
13:30:44,2500,8.643057255541954
13:30:45,2500,8.643057255541954
13:30:46,2500,8.643057255541954
13:30:47,2500,8.643057255541954
13:30:48,2500,8.643057255541954
13:30:49,2500,8.64208129418162
13:30:50,2500,8.64208129418162
13:30:51,2500,8.641275988585404
13:30:52,2500,8.641275988585404
13:30:53,2500,8.641275988585404
13:30:54,2500,8.641275988585404
13:30:55,2500,8.640036674816626
13:30:56,2500,8.640036674816626
13:30:57,2500,8.640036674816626
13:30:58,2501,8.640036674816626
13:30:59,2501,8.640036674816626
13:31:00,2501,8.637902240325866
13:31:01,2501,8.636936753528772
13:31:02,2501,8.636936753528772
13:31:03,2501,8.636936753528772
13:31:04,2501,8.636936753528772
13:31:05,2501,8.636936753528772
13:31:06,2501,8.63639940306607
13:31:07,2501,8.63639940306607
13:31:08,2501,8.63639940306607
13:31:09,2501,8.63639940306607
13:31:10,2501,8.635530241388663
13:31:11,2501,8.635530241388663
13:31:12,2501,8.635530241388663
13:31:13,2501,8.634621119696353
13:31:14,2501,8.634621119696353
13:31:15,2501,8.633130081300813
13:31:16,2502,8.633130081300813
13:31:17,2502,8.633130081300813
13:31:18,2502,8.633130081300813
13:31:19,2502,8.633130081300813
13:31:20,2502,8.633130081300813
13:31:21,2502,8.631321955844507
13:31:22,2502,8.631321955844507
13:31:23,2502,8.630483346872461
13:31:24,2502,8.630483346872461
13:31:25,2502,8.630483346872461
13:31:26,2502,8.629483015293003
13:31:27,2502,8.629483015293003
13:31:28,2502,8.628436147186147
13:31:29,2502,8.628436147186147
13:31:30,2502,8.625990534144693
13:31:31,2502,8.625990534144693
13:31:32,2502,8.625990534144693
13:31:33,2502,8.624655312246553
13:31:34,2502,8.624655312246553
13:31:35,2502,8.624655312246553
13:31:36,2502,8.622827996216728
13:31:37,2502,8.622827996216728
13:31:38,2502,8.622827996216728
13:31:39,2502,8.620176859727284
13:31:40,2502,8.620176859727284
13:31:41,2502,8.620176859727284
13:31:42,2502,8.620176859727284
13:31:43,2502,8.620176859727284
13:31:44,2502,8.620176859727284
13:31:45,2502,8.620176859727284
13:31:46,2502,8.620176859727284
13:31:47,2502,8.619163292847503
13:31:48,2502,8.619163292847503
13:31:49,2502,8.619163292847503
13:31:50,2502,8.619163292847503
13:31:51,2502,8.619163292847503
13:31:52,2502,8.619163292847503
13:31:53,2502,8.619163292847503
13:31:54,2502,8.61712532038311
13:31:55,2502,8.61712532038311
13:31:56,2502,8.61712532038311
13:31:57,2502,8.61712532038311
13:31:58,2502,8.61712532038311
13:31:59,2502,8.61712532038311
13:32:00,2502,8.61712532038311
13:32:01,2502,8.61712532038311
13:32:02,2502,8.61712532038311
13:32:03,2502,8.61712532038311
13:32:04,2502,8.615931769147789
13:32:05,2502,8.615931769147789
13:32:06,2503,8.615002021835828
13:32:07,2503,8.613756399892214
13:32:08,2503,8.613756399892214
13:32:09,2503,8.613756399892214
13:32:10,2503,8.61146127946128
13:32:11,2503,8.61146127946128
13:32:12,2503,8.61146127946128
13:32:13,2503,8.61146127946128
13:32:14,2503,8.61146127946128
13:32:15,2503,8.61065562735595
13:32:16,2503,8.609702597227828
13:32:17,2504,8.609702597227828
13:32:18,2504,8.609702597227828
13:32:19,2504,8.608239171374766
13:32:20,2504,8.608239171374766
13:32:21,2504,8.608239171374766
13:32:22,2504,8.60560709963695
13:32:23,2505,8.60560709963695
13:32:24,2505,8.60560709963695
13:32:25,2505,8.604059139784946
13:32:26,2504,8.606797095603065
13:32:27,2504,8.606797095603065
13:32:28,2504,8.6058938172043
13:32:29,2504,8.6058938172043
13:32:30,2504,8.6058938172043
13:32:31,2504,8.603372296117158
13:32:32,2504,8.603372296117158
13:32:33,2504,8.603372296117158
13:32:34,2504,8.603372296117158
13:32:35,2504,8.603372296117158
13:32:36,2504,8.603372296117158
13:32:37,2504,8.603372296117158
13:32:38,2504,8.603372296117158
13:32:39,2504,8.602403975288746
13:32:40,2504,8.602403975288746
13:32:41,2504,8.602403975288746
13:32:42,2504,8.602403975288746
13:32:43,2502,8.60595190111514
13:32:44,2502,8.60595190111514
13:32:45,2502,8.60595190111514
13:32:46,2502,8.60595190111514
13:32:47,2502,8.60595190111514
13:32:48,2502,8.60595190111514
13:32:49,2501,8.608481182795698
13:32:50,2500,8.611012505042357
13:32:51,2501,8.609858870967741
13:32:52,2500,8.611337365591398
13:32:53,2500,8.611337365591398
13:32:54,2499,8.613863116848192
13:32:55,2498,8.614078257361838
13:32:56,2498,8.614078257361838
13:32:57,2498,8.614078257361838
13:32:58,2498,8.614078257361838
13:32:59,2498,8.614078257361838
13:33:00,2497,8.616619585687381
13:33:01,2496,8.61916296595344
13:33:02,2496,8.61916296595344
13:33:03,2495,8.621688206785137
13:33:04,2495,8.621688206785137
13:33:05,2495,8.620838379760464
13:33:06,2495,8.620838379760464
13:33:07,2495,8.623371028540657
13:33:08,2495,8.623371028540657
13:33:09,2495,8.623371028540657
13:33:10,2496,8.623371028540657
13:33:11,2496,8.623371028540657
13:33:12,2496,8.62216390795317
13:33:13,2496,8.62216390795317
13:33:14,2495,8.62457592891761
13:33:15,2494,8.627104377104377
13:33:16,2495,8.627104377104377
13:33:17,2495,8.627104377104377
13:33:18,2494,8.629540555106441
13:33:19,2495,8.626996632996633
13:33:20,2495,8.626996632996633
13:33:21,2496,8.626996632996633
13:33:22,2496,8.626996632996633
13:33:23,2496,8.626996632996633
13:33:24,2496,8.626996632996633
13:33:25,2496,8.626996632996633
13:33:26,2495,8.629426030719483
13:33:27,2496,8.629426030719483
13:33:28,2496,8.629426030719483
13:33:29,2496,8.629426030719483
13:33:30,2495,8.631870872085187
13:33:31,2495,8.631870872085187
13:33:32,2495,8.629655079493398
13:33:33,2495,8.629655079493398
13:33:34,2495,8.629655079493398
13:33:35,2495,8.629655079493398
13:33:36,2495,8.629655079493398
13:33:37,2495,8.629655079493398
13:33:38,2495,8.629655079493398
13:33:39,2495,8.6283367003367
13:33:40,2495,8.627436725901992
13:33:41,2495,8.627436725901992
13:33:42,2494,8.629757575757575
13:33:43,2494,8.629757575757575
13:33:44,2493,8.632087038534088
13:33:45,2493,8.632087038534088
13:33:46,2493,8.632087038534088
13:33:47,2493,8.632087038534088
13:33:48,2493,8.632087038534088
13:33:49,2492,8.634411645774362
13:33:50,2492,8.634411645774362
13:33:51,2492,8.631959040689841
13:33:52,2490,8.636542610571736
13:33:53,2490,8.636542610571736
13:33:54,2490,8.636542610571736
13:33:55,2489,8.638756239039527
13:33:56,2490,8.638756239039527
13:33:57,2490,8.638756239039527
13:33:58,2489,8.640978407557355
13:33:59,2489,8.640978407557355
13:34:00,2489,8.640978407557355
13:34:01,2489,8.639390260353432
13:34:02,2489,8.639390260353432
13:34:03,2489,8.639390260353432
13:34:04,2489,8.637783171521034
13:34:05,2488,8.640010791852152
13:34:06,2488,8.640010791852152
13:34:07,2488,8.640010791852152
13:34:08,2489,8.640010791852152
13:34:09,2488,8.642233468286099
13:34:10,2487,8.644464695558257
13:34:11,2487,8.644464695558257
13:34:12,2487,8.644464695558257
13:34:13,2487,8.6417004048583
13:34:14,2488,8.6417004048583
13:34:15,2488,8.640692027519224
13:34:16,2488,8.640692027519224
13:34:17,2488,8.640692027519224
13:34:18,2487,8.642887989203778
13:34:19,2487,8.642887989203778
13:34:20,2487,8.642887989203778
13:34:21,2487,8.642887989203778
13:34:22,2487,8.642887989203778
13:34:23,2486,8.645018226002431
13:34:24,2486,8.64236842105263
13:34:25,2485,8.644599702983664
13:34:26,2485,8.644599702983664
13:34:27,2485,8.642044534412955
13:34:28,2485,8.642044534412955
13:34:29,2484,8.644268934791414
13:34:30,2485,8.644268934791414
13:34:31,2484,8.646407347379796
13:34:32,2484,8.646407347379796
13:34:33,2484,8.646407347379796
13:34:34,2483,8.648500202675313
13:34:35,2483,8.647116423554836
13:34:36,2483,8.647116423554836
13:34:37,2483,8.647116423554836
13:34:38,2482,8.649297392244291
13:34:39,2483,8.649297392244291
13:34:40,2481,8.653387423935092
13:34:41,2481,8.653387423935092
13:34:42,2481,8.653387423935092
13:34:43,2481,8.653387423935092
13:34:44,2481,8.653387423935092
13:34:45,2481,8.653387423935092
13:34:46,2481,8.653387423935092
13:34:47,2481,8.653387423935092
13:34:48,2482,8.653387423935092
13:34:49,2481,8.65551948051948
13:34:50,2481,8.65551948051948
13:34:51,2481,8.65551948051948
13:34:52,2481,8.65551948051948
13:34:53,2481,8.65551948051948
13:34:54,2481,8.653820148749155
13:34:55,2480,8.65578327922078
13:34:56,2480,8.653110209601083
13:34:57,2480,8.651378751013787
13:34:58,2479,8.653286004056794
13:34:59,2479,8.653286004056794
13:35:00,2479,8.653286004056794
13:35:01,2479,8.653286004056794
13:35:02,2479,8.653286004056794
13:35:03,2479,8.653286004056794
13:35:04,2478,8.65520156926407
13:35:05,2478,8.65520156926407
13:35:06,2477,8.657247259439709
13:35:07,2477,8.657247259439709
13:35:08,2477,8.657247259439709
13:35:09,2475,8.661072734660706
13:35:10,2476,8.661072734660706
13:35:11,2476,8.661072734660706
13:35:12,2475,8.663082655826559
13:35:13,2475,8.660409047812543
13:35:14,2475,8.662452574525746
13:35:15,2475,8.662452574525746
13:35:16,2475,8.662452574525746
13:35:17,2475,8.662452574525746
13:35:18,2475,8.662452574525746
13:35:19,2475,8.662452574525746
13:35:20,2475,8.661011783827712
13:35:21,2474,8.66289972899729
13:35:22,2474,8.66289972899729
13:35:23,2474,8.66289972899729
13:35:24,2474,8.66289972899729
13:35:25,2475,8.66289972899729
13:35:26,2475,8.66289972899729
13:35:27,2475,8.664999322217705
13:35:28,2474,8.666971792785462
13:35:29,2474,8.666971792785462
13:35:30,2475,8.666971792785462
13:35:31,2474,8.668796635463302
13:35:32,2474,8.666225928939518
13:35:33,2473,8.668070818070818
13:35:34,2473,8.668070818070818
13:35:35,2473,8.668070818070818
13:35:36,2472,8.669964712269271
13:35:37,2472,8.669964712269271
13:35:38,2471,8.669258957654725
13:35:39,2471,8.669258957654725
13:35:40,2471,8.6666802333469
13:35:41,2469,8.670468431771894
13:35:42,2469,8.670468431771894
13:35:43,2469,8.670468431771894
13:35:44,2469,8.670468431771894
13:35:45,2469,8.670468431771894
13:35:46,2469,8.670468431771894
13:35:47,2469,8.670468431771894
13:35:48,2469,8.670468431771894
13:35:49,2469,8.670468431771894
13:35:50,2469,8.670468431771894
13:35:51,2469,8.670468431771894
13:35:52,2469,8.670468431771894
13:35:53,2469,8.670468431771894
13:35:54,2469,8.670468431771894
13:35:55,2469,8.670468431771894
13:35:56,2469,8.670468431771894
13:35:57,2469,8.670468431771894
13:35:58,2468,8.672262972018473
13:35:59,2467,8.674120125016987
13:36:00,2467,8.674120125016987
13:36:01,2467,8.674120125016987
13:36:02,2466,8.67610114192496
13:36:03,2466,8.67610114192496
13:36:04,2466,8.6751427406199
13:36:05,2465,8.676907384740922
13:36:06,2464,8.678904761904763
13:36:07,2463,8.68063835579148
13:36:08,2464,8.68063835579148
13:36:09,2464,8.679401360544217
13:36:10,2463,8.681046685722064
13:36:11,2463,8.681046685722064
13:36:12,2464,8.681046685722064
13:36:13,2462,8.684416292058303
13:36:14,2463,8.684416292058303
13:36:15,2463,8.68373518594197
13:36:16,2463,8.68373518594197
13:36:17,2462,8.685541019351321
13:36:18,2463,8.685541019351321
13:36:19,2463,8.685541019351321
13:36:20,2464,8.685541019351321
13:36:21,2464,8.6842736440447
13:36:22,2464,8.6842736440447
13:36:23,2465,8.6842736440447
13:36:24,2465,8.6842736440447
13:36:25,2466,8.6842736440447
13:36:26,2466,8.6842736440447
13:36:27,2467,8.6842736440447
13:36:28,2468,8.6842736440447
13:36:29,2468,8.6842736440447
13:36:30,2468,8.685882753919564
13:36:31,2469,8.685882753919564
13:36:32,2469,8.685882753919564
13:36:33,2469,8.685882753919564
13:36:34,2469,8.687595471903983
13:36:35,2470,8.687595471903983
13:36:36,2470,8.687595471903983
13:36:37,2470,8.687131751227495
13:36:38,2471,8.687131751227495
13:36:39,2470,8.68872970391595
13:36:40,2470,8.68872970391595
13:36:41,2470,8.68872970391595
13:36:42,2470,8.69028119028119
13:36:43,2471,8.69028119028119
13:36:44,2471,8.69028119028119
13:36:45,2471,8.69028119028119
13:36:46,2473,8.69028119028119
13:36:47,2473,8.69028119028119
13:36:48,2473,8.69028119028119
13:36:49,2474,8.69028119028119
13:36:50,2474,8.691956848286221
13:36:51,2474,8.691956848286221
13:36:52,2474,8.691956848286221
13:36:53,2474,8.693681693989072
13:36:54,2475,8.693681693989072
13:36:55,2474,8.69540795407954
13:36:56,2475,8.69540795407954
13:36:57,2474,8.697060432048126
13:36:58,2474,8.698495417863493
13:36:59,2474,8.698495417863493
13:37:00,2474,8.698495417863493
13:37:01,2475,8.6956795187312
13:37:02,2474,8.697243879086308
13:37:03,2475,8.697243879086308
13:37:04,2475,8.697243879086308
13:37:05,2475,8.698713738368912
13:37:06,2475,8.696436875940362
13:37:07,2475,8.696436875940362
13:37:08,2474,8.698118500273672
13:37:09,2474,8.698118500273672
13:37:10,2474,8.695513609629327
13:37:11,2474,8.695513609629327
13:37:12,2473,8.696791187739462
13:37:13,2473,8.696791187739462
13:37:14,2472,8.698220396988365
13:37:15,2472,8.698220396988365
13:37:16,2472,8.698220396988365
13:37:17,2472,8.695395457033388
13:37:18,2472,8.692907946929285
13:37:19,2471,8.694259715380406
13:37:20,2471,8.691546983996718
13:37:21,2472,8.691546983996718
13:37:22,2473,8.691546983996718
13:37:23,2473,8.691546983996718
13:37:24,2473,8.691546983996718
13:37:25,2472,8.693076081007115
13:37:26,2472,8.693076081007115
13:37:27,2471,8.694722792607802
13:37:28,2471,8.694722792607802
13:37:29,2471,8.694722792607802
13:37:30,2471,8.694722792607802
13:37:31,2471,8.694722792607802
13:37:32,2471,8.694722792607802
13:37:33,2471,8.694722792607802
13:37:34,2471,8.694722792607802
13:37:35,2470,8.69624760339633
13:37:36,2470,8.69624760339633
13:37:37,2470,8.693538672142369
13:37:38,2470,8.693538672142369
13:37:39,2470,8.693538672142369
13:37:40,2468,8.696348814906152
13:37:41,2468,8.696348814906152
13:37:42,2467,8.697786458333333
13:37:43,2466,8.699026463732345
13:37:44,2465,8.700473251028805
13:37:45,2465,8.700473251028805
13:37:46,2466,8.700473251028805
13:37:47,2465,8.702031014134759
13:37:48,2465,8.702031014134759
13:37:49,2465,8.702031014134759
13:37:50,2465,8.702031014134759
13:37:51,2465,8.702031014134759
13:37:52,2465,8.702031014134759
13:37:53,2464,8.703219384953321
13:37:54,2465,8.703219384953321
13:37:55,2465,8.703219384953321
13:37:56,2465,8.703219384953321
13:37:57,2465,8.703219384953321
13:37:58,2465,8.703219384953321
13:37:59,2466,8.703219384953321
13:38:00,2466,8.703219384953321
13:38:01,2465,8.705116055486883
13:38:02,2467,8.702601592531575
13:38:03,2466,8.70366707869798
13:38:04,2467,8.70366707869798
13:38:05,2468,8.70366707869798
13:38:06,2468,8.701709225700165
13:38:07,2468,8.701709225700165
13:38:08,2468,8.701709225700165
13:38:09,2469,8.701709225700165
13:38:10,2469,8.69898449293262
13:38:11,2469,8.69898449293262
13:38:12,2469,8.69898449293262
13:38:13,2469,8.69898449293262
13:38:14,2470,8.69898449293262
13:38:15,2468,8.701242961131713
13:38:16,2468,8.701242961131713
13:38:17,2469,8.701242961131713
13:38:18,2468,8.702589997251993
13:38:19,2467,8.70410996563574
13:38:20,2467,8.70410996563574
13:38:21,2467,8.705349284928493
13:38:22,2467,8.705349284928493
13:38:23,2467,8.705349284928493
13:38:24,2467,8.705349284928493
13:38:25,2467,8.702611683848797
13:38:26,2468,8.702611683848797
13:38:27,2468,8.699883209672986
13:38:28,2467,8.698584776037372
13:38:29,2467,8.698584776037372
13:38:30,2466,8.700219931271478
13:38:31,2466,8.700219931271478
13:38:32,2465,8.701450770077008
13:38:33,2466,8.701450770077008
13:38:34,2465,8.702785802723897
13:38:35,2465,8.702785802723897
13:38:36,2465,8.702785802723897
13:38:37,2465,8.702785802723897
13:38:38,2466,8.700151265126513
13:38:39,2466,8.700151265126513
13:38:40,2466,8.700151265126513
13:38:41,2466,8.700151265126513
13:38:42,2466,8.700151265126513
13:38:43,2465,8.701024900261384
13:38:44,2466,8.701024900261384
13:38:45,2466,8.701024900261384
13:38:46,2466,8.701024900261384
13:38:47,2467,8.701024900261384
13:38:48,2467,8.698501100110011
13:38:49,2467,8.698501100110011
13:38:50,2467,8.6997042234145
13:38:51,2467,8.6997042234145
13:38:52,2466,8.697936442426743
13:38:53,2465,8.699071015689514
13:38:54,2465,8.699071015689514
13:38:55,2465,8.699071015689514
13:38:56,2465,8.699071015689514
13:38:57,2466,8.699071015689514
13:38:58,2466,8.696540101802174
13:38:59,2466,8.696540101802174
13:39:00,2466,8.696540101802174
13:39:01,2466,8.696540101802174
13:39:02,2466,8.693811881188118
13:39:03,2466,8.693811881188118
13:39:04,2466,8.693811881188118
13:39:05,2465,8.694421516026965
13:39:06,2464,8.695568400770714
13:39:07,2463,8.696626738262427
13:39:08,2463,8.696626738262427
13:39:09,2462,8.69862258953168
13:39:10,2463,8.69862258953168
13:39:11,2464,8.696000275368306
13:39:12,2464,8.696000275368306
13:39:13,2463,8.697279614325067
13:39:14,2464,8.6944582128597
13:39:15,2464,8.6944582128597
13:39:16,2465,8.6944582128597
13:39:17,2464,8.696005509641873
13:39:18,2464,8.693597686906237
13:39:19,2463,8.695082644628098
13:39:20,2463,8.69610720683478
13:39:21,2463,8.69370523415978
13:39:22,2463,8.69370523415978
13:39:23,2462,8.694749896651508
13:39:24,2462,8.694749896651508
13:39:25,2462,8.695878136200717
13:39:26,2462,8.693482155160535
13:39:27,2462,8.693482155160535
13:39:28,2461,8.695726495726495
13:39:29,2462,8.695726495726495
13:39:30,2462,8.695726495726495
13:39:31,2462,8.695726495726495
13:39:32,2462,8.695726495726495
13:39:33,2463,8.695726495726495
13:39:34,2463,8.695726495726495
13:39:35,2463,8.695726495726495
13:39:36,2464,8.695726495726495
13:39:37,2464,8.695726495726495
13:39:38,2464,8.695726495726495
13:39:39,2464,8.695726495726495
13:39:40,2464,8.693537274355796
13:39:41,2463,8.694623655913977
13:39:42,2463,8.694623655913977
13:39:43,2462,8.695600606812853
13:39:44,2462,8.695600606812853
13:39:45,2462,8.695600606812853
13:39:46,2462,8.695600606812853
13:39:47,2462,8.693300248138959
13:39:48,2462,8.693300248138959
13:39:49,2462,8.693300248138959
13:39:50,2462,8.693300248138959
13:39:51,2462,8.693300248138959
13:39:52,2463,8.690567727711175
13:39:53,2464,8.690567727711175
13:39:54,2464,8.690567727711175
13:39:55,2463,8.689272426622573
13:39:56,2463,8.689272426622573
13:39:57,2463,8.689272426622573
13:39:58,2463,8.689272426622573
13:39:59,2463,8.689272426622573
13:40:00,2463,8.689272426622573
13:40:01,2462,8.6904052936311
13:40:02,2462,8.6904052936311
13:40:03,2463,8.688114923522116
13:40:04,2462,8.69083953680728
13:40:05,2463,8.69083953680728
13:40:06,2464,8.69083953680728
13:40:07,2464,8.688624776078269
13:40:08,2465,8.685895316804409
13:40:09,2464,8.688218272013227
13:40:10,2463,8.688985387372485
13:40:11,2463,8.688985387372485
13:40:12,2464,8.688985387372485
13:40:13,2464,8.689697972693422
13:40:14,2463,8.68849124258723
13:40:15,2462,8.688980830230314
13:40:16,2462,8.68985927152318
13:40:17,2462,8.68985927152318
13:40:18,2461,8.688527869757174
13:40:19,2461,8.688527869757174
13:40:20,2461,8.686463936008828
13:40:21,2460,8.684526272238312
13:40:22,2460,8.684526272238312
13:40:23,2461,8.681796250344638
13:40:24,2461,8.681796250344638
13:40:25,2461,8.681796250344638
13:40:26,2461,8.67917872399063
13:40:27,2461,8.67917872399063
13:40:28,2461,8.67917872399063
13:40:29,2461,8.67917872399063
13:40:30,2461,8.67917872399063
13:40:31,2461,8.677210743801654
13:40:32,2461,8.677210743801654
13:40:33,2461,8.677210743801654
13:40:34,2461,8.677210743801654
13:40:35,2461,8.677210743801654
13:40:36,2461,8.677210743801654
13:40:37,2461,8.677210743801654
13:40:38,2461,8.677210743801654
13:40:39,2461,8.674487126531737
13:40:40,2461,8.674487126531737
13:40:41,2460,8.676969696969698
13:40:42,2460,8.676969696969698
13:40:43,2460,8.676969696969698
13:40:44,2459,8.67958522805567
13:40:45,2458,8.680141990625861
13:40:46,2459,8.680141990625861
13:40:47,2459,8.680141990625861
13:40:48,2460,8.677525148132837
13:40:49,2459,8.6779523218961
13:40:50,2458,8.677118644067797
13:40:51,2457,8.67800523848911
13:40:52,2457,8.675499517707042
13:40:53,2457,8.675499517707042
13:40:54,2457,8.673498622589532
13:40:55,2456,8.676160948050159
13:40:56,2456,8.676160948050159
13:40:57,2456,8.676160948050159
13:40:58,2456,8.676160948050159
13:40:59,2456,8.676160948050159
13:41:00,2456,8.676160948050159
13:41:01,2455,8.676805900192996
13:41:02,2455,8.676805900192996
13:41:03,2455,8.674080198429102
13:41:04,2454,8.674682933553902
13:41:05,2453,8.675134464211832
13:41:06,2453,8.673304383788254
13:41:07,2453,8.673304383788254
13:41:08,2453,8.673304383788254
13:41:09,2452,8.675589573851882
13:41:10,2451,8.674238036132948
13:41:11,2451,8.674238036132948
13:41:12,2452,8.674238036132948
13:41:13,2452,8.674238036132948
13:41:14,2452,8.674238036132948
13:41:15,2452,8.674238036132948
13:41:16,2452,8.671850013785498
13:41:17,2452,8.671850013785498
13:41:18,2453,8.671850013785498
13:41:19,2453,8.671850013785498
13:41:20,2452,8.669761510890543
13:41:21,2452,8.669761510890543
13:41:22,2452,8.667941298057048
13:41:23,2452,8.667941298057048
13:41:24,2453,8.667941298057048
13:41:25,2452,8.670574855252275
13:41:26,2452,8.66785172936475
13:41:27,2452,8.66785172936475
13:41:28,2453,8.66785172936475
13:41:29,2454,8.66785172936475
13:41:30,2454,8.66785172936475
13:41:31,2455,8.66785172936475
13:41:32,2455,8.66785172936475
13:41:33,2455,8.66785172936475
13:41:34,2454,8.668520816101461
13:41:35,2455,8.670259274582815
13:41:36,2455,8.670259274582815
13:41:37,2455,8.670259274582815
13:41:38,2454,8.671067880794702
13:41:39,2455,8.666666666666666
13:41:40,2454,8.66532258064516
13:41:41,2453,8.667721693559509
13:41:42,2454,8.665336366142817
13:41:43,2454,8.665336366142817
13:41:44,2454,8.665336366142817
13:41:45,2455,8.66295301088604
13:41:46,2455,8.66295301088604
13:41:47,2455,8.66295301088604
13:41:48,2455,8.66295301088604
13:41:49,2455,8.66295301088604
13:41:50,2455,8.66295301088604
13:41:51,2456,8.66295301088604
13:41:52,2456,8.66295301088604
13:41:53,2454,8.663599393438103
13:41:54,2454,8.663599393438103
13:41:55,2454,8.661671489596252
13:41:56,2453,8.662076095947064
13:41:57,2453,8.662076095947064
13:41:58,2453,8.664170459247
13:41:59,2452,8.664935154525386
13:42:00,2452,8.663425734381464
13:42:01,2451,8.664272902869756
13:42:02,2451,8.664272902869756
13:42:03,2451,8.66209488346435
13:42:04,2450,8.662237858719646
13:42:05,2450,8.662237858719646
13:42:06,2450,8.66003999448352
13:42:07,2450,8.66003999448352
13:42:08,2450,8.66003999448352
13:42:09,2451,8.66003999448352
13:42:10,2451,8.66003999448352
13:42:11,2451,8.66003999448352
13:42:12,2450,8.660761589403974
13:42:13,2449,8.661575607064018
13:42:14,2449,8.661575607064018
13:42:15,2450,8.661575607064018
13:42:16,2449,8.664306418219462
13:42:17,2450,8.664306418219462
13:42:18,2450,8.664306418219462
13:42:19,2451,8.664306418219462
13:42:20,2450,8.66703258768296
13:42:21,2450,8.66703258768296
13:42:22,2450,8.66703258768296
13:42:23,2450,8.664313319530711
13:42:24,2450,8.664698978182823
13:42:25,2449,8.666521619008149
13:42:26,2449,8.666521619008149
13:42:27,2449,8.666521619008149
13:42:28,2449,8.666521619008149
13:42:29,2449,8.666521619008149
13:42:30,2448,8.66714344941957
13:42:31,2448,8.662537972935654
13:42:32,2448,8.662537972935654
13:42:33,2448,8.660055210489993
13:42:34,2448,8.660055210489993
13:42:35,2448,8.660055210489993
13:42:36,2448,8.657884933774834
13:42:37,2448,8.657884933774834
13:42:38,2448,8.657884933774834
13:42:39,2448,8.657884933774834
13:42:40,2448,8.657884933774834
13:42:41,2448,8.657884933774834
13:42:42,2448,8.658495514147688
13:42:43,2448,8.658495514147688
13:42:44,2448,8.658495514147688
13:42:45,2448,8.658495514147688
13:42:46,2447,8.65918254625794
13:42:47,2447,8.65918254625794
13:42:48,2447,8.65918254625794
13:42:49,2447,8.65918254625794
13:42:50,2447,8.657529330572808
13:42:51,2447,8.657529330572808
13:42:52,2446,8.65487922705314
13:42:53,2446,8.652531732891832
13:42:54,2446,8.652531732891832
13:42:55,2446,8.652531732891832
13:42:56,2446,8.650399944835195
13:42:57,2446,8.650399944835195
13:42:58,2446,8.650399944835195
13:42:59,2446,8.650399944835195
13:43:00,2446,8.650399944835195
13:43:01,2446,8.650399944835195
13:43:02,2445,8.651014072847682
13:43:03,2445,8.651014072847682
13:43:04,2444,8.653409247757075
13:43:05,2444,8.653409247757075
13:43:06,2444,8.653409247757075
13:43:07,2444,8.653409247757075
13:43:08,2444,8.653409247757075
13:43:09,2444,8.653409247757075
13:43:10,2444,8.653409247757075
13:43:11,2444,8.651117549668873
13:43:12,2444,8.651117549668873
13:43:13,2444,8.651117549668873
13:43:14,2443,8.651338854382333
13:43:15,2443,8.651338854382333
13:43:16,2443,8.649917218543045
13:43:17,2442,8.650407177363698
13:43:18,2442,8.650407177363698
13:43:19,2442,8.650407177363698
13:43:20,2441,8.648578329882676
13:43:21,2441,8.648578329882676
13:43:22,2441,8.648578329882676
13:43:23,2441,8.648578329882676
13:43:24,2441,8.648578329882676
13:43:25,2440,8.648364389233954
13:43:26,2440,8.648364389233954
13:43:27,2440,8.646150662251655
13:43:28,2440,8.646150662251655
13:43:29,2440,8.646150662251655
13:43:30,2440,8.643435388222315
13:43:31,2440,8.646261037527593
13:43:32,2440,8.643642256240518
13:43:33,2440,8.643642256240518
13:43:34,2439,8.644184602649007
13:43:35,2439,8.644184602649007
13:43:36,2439,8.644184602649007
13:43:37,2438,8.644727398205658
13:43:38,2438,8.644727398205658
13:43:39,2438,8.644727398205658
13:43:40,2438,8.644727398205658
13:43:41,2438,8.644727398205658
13:43:42,2438,8.644727398205658
13:43:43,2438,8.644727398205658
13:43:44,2437,8.644711405689037
13:43:45,2437,8.644711405689037
13:43:46,2437,8.642601794340925
13:43:47,2437,8.642601794340925
13:43:48,2437,8.642601794340925
13:43:49,2436,8.642626346313172
13:43:50,2436,8.64094547964113
13:43:51,2435,8.638578329882678
13:43:52,2434,8.640748412040873
13:43:53,2434,8.640748412040873
13:43:54,2434,8.640748412040873
13:43:55,2434,8.640748412040873
13:43:56,2434,8.640748412040873
13:43:57,2434,8.638143547273982
13:43:58,2434,8.638143547273982
13:43:59,2434,8.638143547273982
13:44:00,2434,8.638143547273982
13:44:01,2434,8.638895790200138
13:44:02,2435,8.638895790200138
13:44:03,2435,8.638895790200138
13:44:04,2435,8.638895790200138
13:44:05,2435,8.636396247240617
13:44:06,2435,8.636396247240617
13:44:07,2435,8.636396247240617
13:44:08,2435,8.633898772583091
13:44:09,2436,8.633898772583091
13:44:10,2436,8.633898772583091
13:44:11,2435,8.636506622516556
13:44:12,2434,8.636825396825397
13:44:13,2434,8.636825396825397
13:44:14,2434,8.634457781456954
13:44:15,2434,8.634457781456954
13:44:16,2434,8.634457781456954
13:44:17,2433,8.636411318150447
13:44:18,2433,8.636411318150447
13:44:19,2434,8.636411318150447
13:44:20,2434,8.636411318150447
13:44:21,2435,8.636411318150447
13:44:22,2435,8.636411318150447
13:44:23,2434,8.636771610052472
13:44:24,2434,8.636771610052472
13:44:25,2434,8.632264072847681
13:44:26,2433,8.632546583850932
13:44:27,2433,8.632546583850932
13:44:28,2435,8.632546583850932
13:44:29,2434,8.632891466445733
13:44:30,2433,8.632898370615852
13:44:31,2433,8.632898370615852
13:44:32,2433,8.632898370615852
13:44:33,2433,8.632898370615852
13:44:34,2432,8.630191935929302
13:44:35,2432,8.630191935929302
13:44:36,2432,8.630191935929302
13:44:37,2432,8.627591442374051
13:44:38,2432,8.627591442374051
13:44:39,2430,8.630266611410415
13:44:40,2430,8.630266611410415
13:44:41,2430,8.630266611410415
13:44:42,2429,8.630541735765616
13:44:43,2429,8.630541735765616
13:44:44,2428,8.630941518042306
13:44:45,2428,8.630941518042306
13:44:46,2427,8.63127939142462
13:44:47,2427,8.63127939142462
13:44:48,2427,8.63127939142462
13:44:49,2427,8.629005944974422
13:44:50,2427,8.629005944974422
13:44:51,2427,8.629005944974422
13:44:52,2427,8.624554496477414
13:44:53,2427,8.624554496477414
13:44:54,2427,8.624554496477414
13:44:55,2427,8.624554496477414
13:44:56,2427,8.624554496477414
13:44:57,2427,8.624554496477414
13:44:58,2427,8.624554496477414
13:44:59,2427,8.624554496477414
13:45:00,2427,8.62295636564485
13:45:01,2427,8.62295636564485
13:45:02,2428,8.620345065562455
13:45:03,2427,8.620491576912455
13:45:04,2427,8.620491576912455
13:45:05,2427,8.620491576912455
13:45:06,2427,8.620491576912455
13:45:07,2427,8.620491576912455
13:45:08,2427,8.620491576912455
13:45:09,2427,8.620491576912455
13:45:10,2427,8.620491576912455
13:45:11,2427,8.620491576912455
13:45:12,2427,8.620491576912455
13:45:13,2427,8.620491576912455
13:45:14,2427,8.620491576912455
13:45:15,2426,8.62058295344661
13:45:16,2426,8.62058295344661
13:45:17,2426,8.62058295344661
13:45:18,2426,8.62058295344661
13:45:19,2426,8.62058295344661
13:45:20,2426,8.62058295344661
13:45:21,2426,8.62058295344661
13:45:22,2425,8.620791873963517
13:45:23,2425,8.620791873963517
13:45:24,2425,8.620791873963517
13:45:25,2425,8.620791873963517
13:45:26,2425,8.618573007321453
13:45:27,2425,8.616307649820492
13:45:28,2425,8.616307649820492
13:45:29,2425,8.616307649820492
13:45:30,2425,8.616307649820492
13:45:31,2424,8.616010498687665
13:45:32,2424,8.616010498687665
13:45:33,2423,8.61609314538419
13:45:34,2423,8.6141663213151
13:45:35,2423,8.6141663213151
13:45:36,2423,8.6141663213151
13:45:37,2423,8.6141663213151
13:45:38,2422,8.613619402985075
13:45:39,2422,8.613619402985075
13:45:40,2422,8.613619402985075
13:45:41,2422,8.613619402985075
13:45:42,2422,8.613619402985075
13:45:43,2422,8.613619402985075
13:45:44,2422,8.611652161900816
13:45:45,2422,8.611652161900816
13:45:46,2422,8.611652161900816
13:45:47,2423,8.611652161900816
13:45:48,2423,8.611652161900816
13:45:49,2423,8.611652161900816
13:45:50,2422,8.611753731343283
13:45:51,2422,8.611753731343283
13:45:52,2422,8.611753731343283
13:45:53,2423,8.611753731343283
13:45:54,2423,8.611753731343283
13:45:55,2423,8.611753731343283
13:45:56,2423,8.611753731343283
13:45:57,2423,8.611753731343283
13:45:58,2423,8.611753731343283
13:45:59,2423,8.611753731343283
13:46:00,2423,8.611753731343283
13:46:01,2424,8.611753731343283
13:46:02,2424,8.611753731343283
13:46:03,2423,8.611378404534772
13:46:04,2423,8.611378404534772
13:46:05,2422,8.611313969571231
13:46:06,2422,8.611313969571231
13:46:07,2421,8.611401688114018
13:46:08,2421,8.60869294605809
13:46:09,2421,8.60869294605809
13:46:10,2421,8.60869294605809
13:46:11,2421,8.60869294605809
13:46:12,2421,8.60869294605809
13:46:13,2422,8.60869294605809
13:46:14,2421,8.611519302615193
13:46:15,2421,8.611519302615193
13:46:16,2421,8.611519302615193
13:46:17,2421,8.611519302615193
13:46:18,2421,8.611519302615193
13:46:19,2421,8.611519302615193
13:46:20,2421,8.611519302615193
13:46:21,2421,8.611519302615193
13:46:22,2421,8.608914246196404
13:46:23,2421,8.608914246196404
13:46:24,2421,8.608914246196404
13:46:25,2421,8.608914246196404
13:46:26,2420,8.606113416320884
13:46:27,2420,8.606113416320884
13:46:28,2419,8.605396430053965
13:46:29,2419,8.605396430053965
13:46:30,2419,8.605396430053965
13:46:31,2420,8.602800829875518
13:46:32,2420,8.602800829875518
13:46:33,2420,8.602800829875518
13:46:34,2421,8.602800829875518
13:46:35,2420,8.605617822056178
13:46:36,2420,8.605617822056178
13:46:37,2420,8.605617822056178
13:46:38,2420,8.605617822056178
13:46:39,2419,8.606053687560538
13:46:40,2418,8.605827796234772
13:46:41,2418,8.605827796234772
13:46:42,2418,8.60322402103224
13:46:43,2416,8.605726353690624
13:46:44,2417,8.605726353690624
13:46:45,2417,8.605726353690624
13:46:46,2416,8.608430313106123
13:46:47,2416,8.608430313106123
13:46:48,2416,8.608430313106123
13:46:49,2416,8.608430313106123
13:46:50,2416,8.60583021742141
13:46:51,2416,8.60583021742141
13:46:52,2415,8.602721229746573
13:46:53,2415,8.602721229746573
13:46:54,2415,8.602721229746573
13:46:55,2415,8.602721229746573
13:46:56,2413,8.605453915453916
13:46:57,2413,8.605453915453916
13:46:58,2413,8.605453915453916
13:46:59,2414,8.605453915453916
13:47:00,2414,8.605453915453916
13:47:01,2413,8.605386855241266
13:47:02,2413,8.605386855241266
13:47:03,2413,8.605386855241266
13:47:04,2414,8.605386855241266
13:47:05,2415,8.605386855241266
13:47:06,2415,8.605386855241266
13:47:07,2414,8.608010819808573
13:47:08,2414,8.608010819808573
13:47:09,2414,8.608010819808573
13:47:10,2414,8.608010819808573
13:47:11,2414,8.608010819808573
13:47:12,2414,8.608010819808573
13:47:13,2414,8.608010819808573
13:47:14,2414,8.608010819808573
13:47:15,2414,8.608010819808573
13:47:16,2414,8.608010819808573
13:47:17,2414,8.608010819808573
13:47:18,2414,8.608010819808573
13:47:19,2413,8.610512073272274
13:47:20,2412,8.609544634180203
13:47:21,2412,8.609544634180203
13:47:22,2412,8.609544634180203
13:47:23,2412,8.609544634180203
13:47:24,2412,8.606938662225923
13:47:25,2412,8.606938662225923
13:47:26,2412,8.606938662225923
13:47:27,2412,8.606938662225923
13:47:28,2412,8.606938662225923
13:47:29,2412,8.606938662225923
13:47:30,2411,8.607038733860891
13:47:31,2411,8.607038733860891
13:47:32,2410,8.606791666666668
13:47:33,2410,8.606791666666668
13:47:34,2408,8.609028356964137
13:47:35,2408,8.609028356964137
13:47:36,2409,8.609028356964137
13:47:37,2408,8.611757752746488
13:47:38,2408,8.611757752746488
13:47:39,2408,8.611757752746488
13:47:40,2408,8.611757752746488
13:47:41,2408,8.611757752746488
13:47:42,2408,8.611757752746488
13:47:43,2408,8.611757752746488
13:47:44,2407,8.61126182526433
13:47:45,2407,8.61126182526433
13:47:46,2407,8.61126182526433
13:47:47,2406,8.610521920668058
13:47:48,2405,8.612816764132553
13:47:49,2404,8.612578353531132
13:47:50,2404,8.612578353531132
13:47:51,2404,8.612578353531132
13:47:52,2404,8.612578353531132
13:47:53,2404,8.612578353531132
13:47:54,2403,8.61335005574136
13:47:55,2403,8.61335005574136
13:47:56,2403,8.61335005574136
13:47:57,2402,8.615641990798828
13:47:58,2402,8.615641990798828
13:47:59,2403,8.615641990798828
13:48:00,2403,8.615641990798828
13:48:01,2402,8.617928870292888
13:48:02,2400,8.620212171970966
13:48:03,2400,8.620212171970966
13:48:04,2399,8.619459572685379
13:48:05,2399,8.619459572685379
13:48:06,2399,8.616715522054717
13:48:07,2399,8.616715522054717
13:48:08,2399,8.616715522054717
13:48:09,2399,8.614092367796847
13:48:10,2399,8.614092367796847
13:48:11,2398,8.612974595198214
13:48:12,2398,8.612974595198214
13:48:13,2398,8.612974595198214
13:48:14,2398,8.612974595198214
13:48:15,2398,8.610353006836892
13:48:16,2398,8.610353006836892
13:48:17,2398,8.610353006836892
13:48:18,2398,8.610353006836892
13:48:19,2397,8.610797040759353
13:48:20,2397,8.610797040759353
13:48:21,2398,8.610797040759353
13:48:22,2397,8.613098729227762
13:48:23,2397,8.610245672808485
13:48:24,2397,8.610245672808485
13:48:25,2397,8.610245672808485
13:48:26,2397,8.610245672808485
13:48:27,2397,8.610245672808485
13:48:28,2397,8.610245672808485
13:48:29,2397,8.610245672808485
13:48:30,2397,8.610245672808485
13:48:31,2396,8.612512218963833
13:48:32,2395,8.614920368818106
13:48:33,2395,8.614920368818106
13:48:34,2395,8.614920368818106
13:48:35,2395,8.612295768747382
13:48:36,2395,8.612295768747382
13:48:37,2394,8.614382509080748
13:48:38,2394,8.614382509080748
13:48:39,2394,8.614382509080748
13:48:40,2394,8.614382509080748
13:48:41,2394,8.614382509080748
13:48:42,2394,8.614382509080748
13:48:43,2393,8.616457023060796
13:48:44,2393,8.616457023060796
13:48:45,2392,8.615212527964207
13:48:46,2392,8.615212527964207
13:48:47,2392,8.615212527964207
13:48:48,2392,8.615212527964207
13:48:49,2392,8.615212527964207
13:48:50,2391,8.61726115540635
13:48:51,2391,8.61726115540635
13:48:52,2391,8.614625279642059
13:48:53,2390,8.614939152328997
13:48:54,2390,8.614939152328997
13:48:55,2391,8.614939152328997
13:48:56,2390,8.613972851945144
13:48:57,2389,8.616085678286433
13:48:58,2388,8.616617647058824
13:48:59,2389,8.616617647058824
13:49:00,2389,8.616617647058824
13:49:01,2389,8.616617647058824
13:49:02,2389,8.616617647058824
13:49:03,2389,8.616617647058824
13:49:04,2390,8.613971720565589
13:49:05,2390,8.613971720565589
13:49:06,2389,8.616036414565826
13:49:07,2389,8.616036414565826
13:49:08,2388,8.618566021867116
13:49:09,2388,8.618566021867116
13:49:10,2388,8.618566021867116
13:49:11,2388,8.615825977301387
13:49:12,2388,8.616134006167648
13:49:13,2387,8.618237273874632
13:49:14,2387,8.618237273874632
13:49:15,2387,8.618237273874632
13:49:16,2387,8.618742985409652
13:49:17,2386,8.620870175438597
13:49:18,2386,8.620870175438597
13:49:19,2387,8.620870175438597
13:49:20,2386,8.620259649122806
13:49:21,2386,8.620259649122806
13:49:22,2387,8.620259649122806
13:49:23,2387,8.620259649122806
13:49:24,2387,8.620259649122806
13:49:25,2387,8.620259649122806
13:49:26,2386,8.617782456140352
13:49:27,2386,8.617782456140352
13:49:28,2386,8.617782456140352
13:49:29,2387,8.617782456140352
13:49:30,2387,8.617782456140352
13:49:31,2387,8.617782456140352
13:49:32,2387,8.617782456140352
13:49:33,2387,8.617782456140352
13:49:34,2387,8.617782456140352
13:49:35,2386,8.616449031171019
13:49:36,2386,8.616449031171019
13:49:37,2386,8.616449031171019
13:49:38,2386,8.616449031171019
13:49:39,2386,8.616449031171019
13:49:40,2385,8.618197780587161
13:49:41,2386,8.618197780587161
13:49:42,2385,8.620144744238337
13:49:43,2384,8.620406298327007
13:49:44,2384,8.620406298327007
13:49:45,2384,8.620406298327007
13:49:46,2383,8.619416315049227
13:49:47,2383,8.619416315049227
13:49:48,2383,8.619416315049227
13:49:49,2383,8.619416315049227
13:49:50,2383,8.619416315049227
13:49:51,2383,8.619416315049227
13:49:52,2384,8.619416315049227
13:49:53,2384,8.619416315049227
13:49:54,2384,8.619416315049227
13:49:55,2385,8.619416315049227
13:49:56,2384,8.62140847052202
13:49:57,2384,8.62140847052202
13:49:58,2384,8.618762306610408
13:49:59,2383,8.620486843956662
13:50:00,2383,8.620486843956662
13:50:01,2383,8.622360641891893
13:50:02,2383,8.622360641891893
13:50:03,2383,8.622360641891893
13:50:04,2384,8.622360641891893
13:50:05,2384,8.61960039397777
13:50:06,2384,8.61960039397777
13:50:07,2384,8.61960039397777
13:50:08,2384,8.61960039397777
13:50:09,2384,8.61960039397777
13:50:10,2384,8.61960039397777
13:50:11,2384,8.61960039397777
13:50:12,2384,8.61960039397777
13:50:13,2385,8.61960039397777
13:50:14,2384,8.62141751126126
13:50:15,2384,8.62141751126126
13:50:16,2383,8.62137727080693
13:50:17,2383,8.62137727080693
13:50:18,2383,8.62137727080693
13:50:19,2383,8.623091011552551
13:50:20,2383,8.623091011552551
13:50:21,2383,8.623091011552551
13:50:22,2382,8.624869626497533
13:50:23,2382,8.624869626497533
13:50:24,2383,8.624869626497533
13:50:25,2383,8.623300902425267
13:50:26,2384,8.623300902425267
13:50:27,2384,8.623300902425267
13:50:28,2384,8.623300902425267
13:50:29,2384,8.623300902425267
13:50:30,2384,8.623300902425267
13:50:31,2384,8.623300902425267
13:50:32,2382,8.625493931696303
13:50:33,2382,8.625493931696303
13:50:34,2382,8.625493931696303
13:50:35,2381,8.625370605675561
13:50:36,2381,8.625370605675561
13:50:37,2380,8.625819209039548
13:50:38,2380,8.625819209039548
13:50:39,2380,8.625819209039548
13:50:40,2380,8.625819209039548
13:50:41,2380,8.625819209039548
13:50:42,2381,8.625819209039548
13:50:43,2381,8.623161089933642
13:50:44,2380,8.62263418079096
13:50:45,2379,8.624297018510669
13:50:46,2379,8.624297018510669
13:50:47,2379,8.624297018510669
13:50:48,2379,8.624297018510669
13:50:49,2380,8.624297018510669
13:50:50,2381,8.624297018510669
13:50:51,2381,8.624297018510669
13:50:52,2382,8.624297018510669
13:50:53,2381,8.625925925925925
13:50:54,2382,8.625925925925925
13:50:55,2380,8.628629032258065
13:50:56,2381,8.628629032258065
13:50:57,2381,8.628629032258065
13:50:58,2381,8.630176928520878
13:50:59,2380,8.628943642027755
13:51:00,2380,8.628943642027755
13:51:01,2380,8.628943642027755
13:51:02,2380,8.628943642027755
13:51:03,2380,8.628943642027755
13:51:04,2380,8.628943642027755
13:51:05,2380,8.627619654488814
13:51:06,2381,8.627619654488814
13:51:07,2380,8.628120130330075
13:51:08,2379,8.629662698412698
13:51:09,2379,8.629662698412698
13:51:10,2378,8.62719671201814
13:51:11,2379,8.62719671201814
13:51:12,2379,8.62719671201814
13:51:13,2378,8.626967247979584
13:51:14,2378,8.626967247979584
13:51:15,2376,8.629487725273167
13:51:16,2376,8.629487725273167
13:51:17,2376,8.629487725273167
13:51:18,2375,8.630905735377628
13:51:19,2375,8.630905735377628
13:51:20,2375,8.630905735377628
13:51:21,2375,8.630905735377628
13:51:22,2375,8.630905735377628
13:51:23,2375,8.630905735377628
13:51:24,2375,8.630905735377628
13:51:25,2375,8.630905735377628
13:51:26,2375,8.630905735377628
13:51:27,2375,8.630905735377628
13:51:28,2375,8.630905735377628
13:51:29,2375,8.630905735377628
13:51:30,2375,8.630905735377628
13:51:31,2375,8.630905735377628
13:51:32,2374,8.62756956274844
13:51:33,2374,8.62489002412374
13:51:34,2374,8.62489002412374
13:51:35,2374,8.624247586598523
13:51:36,2374,8.624247586598523
13:51:37,2374,8.624247586598523
13:51:38,2374,8.621576557400312
13:51:39,2374,8.621576557400312
13:51:40,2373,8.622316865417377
13:51:41,2373,8.622316865417377
13:51:42,2372,8.623661411731288
13:51:43,2371,8.624488491048593
13:51:44,2371,8.621815083084789
13:51:45,2371,8.621815083084789
13:51:46,2371,8.616368667518092
13:51:47,2371,8.616368667518092
13:51:48,2371,8.616368667518092
13:51:49,2371,8.616368667518092
13:51:50,2371,8.613695035460994
13:51:51,2371,8.613695035460994
13:51:52,2371,8.613695035460994
13:51:53,2371,8.613695035460994
13:51:54,2371,8.613695035460994
13:51:55,2370,8.614999290478217
13:51:56,2368,8.616169578184918
13:51:57,2368,8.616169578184918
13:51:58,2368,8.616169578184918
13:51:59,2368,8.616169578184918
13:52:00,2368,8.616169578184918
13:52:01,2367,8.61740551292981
13:52:02,2367,8.61740551292981
13:52:03,2367,8.61740551292981
13:52:04,2367,8.618685145700072
13:52:05,2367,8.618685145700072
13:52:06,2367,8.618685145700072
13:52:07,2367,8.618685145700072
13:52:08,2367,8.618685145700072
13:52:09,2366,8.616986496090975
13:52:10,2366,8.614201477692525
13:52:11,2366,8.614201477692525
13:52:12,2366,8.614201477692525
13:52:13,2366,8.611525351512569
13:52:14,2365,8.612070190394999
13:52:15,2365,8.612070190394999
13:52:16,2365,8.612070190394999
13:52:17,2364,8.613873489694384
13:52:18,2364,8.613873489694384
13:52:19,2363,8.611698649609098
13:52:20,2363,8.611698649609098
13:52:21,2362,8.610864618885097
13:52:22,2362,8.610864618885097
13:52:23,2361,8.607174345847556
13:52:24,2361,8.607174345847556
13:52:25,2361,8.607174345847556
13:52:26,2361,8.607174345847556
13:52:27,2361,8.607174345847556
13:52:28,2360,8.60826575615308
13:52:29,2359,8.605768957177409
13:52:30,2359,8.605768957177409
13:52:31,2358,8.606789069171647
13:52:32,2358,8.606789069171647
13:52:33,2358,8.606789069171647
13:52:34,2358,8.606789069171647
13:52:35,2358,8.606789069171647
13:52:36,2358,8.604353393085786
13:52:37,2357,8.605992029604327
13:52:38,2356,8.607041150505482
13:52:39,2357,8.607041150505482
13:52:40,2357,8.607041150505482
13:52:41,2357,8.607041150505482
13:52:42,2357,8.607041150505482
13:52:43,2357,8.607041150505482
13:52:44,2356,8.608119658119657
13:52:45,2356,8.605432151502207
13:52:46,2355,8.606324786324787
13:52:47,2356,8.606324786324787
13:52:48,2356,8.606324786324787
13:52:49,2356,8.606324786324787
13:52:50,2356,8.606324786324787
13:52:51,2355,8.608016246259085
13:52:52,2355,8.608016246259085
13:52:53,2355,8.608016246259085
13:52:54,2355,8.608016246259085
13:52:55,2354,8.609637867122897
13:52:56,2354,8.609637867122897
13:52:57,2354,8.609637867122897
13:52:58,2354,8.606847655693317
13:52:59,2354,8.604052706552705
13:53:00,2354,8.604052706552705
13:53:01,2354,8.601487968104799
13:53:02,2354,8.601487968104799
13:53:03,2353,8.602720797720798
13:53:04,2352,8.601075498575499
13:53:05,2352,8.601075498575499
13:53:06,2352,8.59841947885519
13:53:07,2351,8.599223646723647
13:53:08,2351,8.599223646723647
13:53:09,2351,8.593794477654427
13:53:10,2351,8.593794477654427
13:53:11,2350,8.590378593794478
13:53:12,2350,8.590378593794478
13:53:13,2350,8.590378593794478
13:53:14,2349,8.589206891641748
13:53:15,2349,8.589206891641748
13:53:16,2348,8.590007122507123
13:53:17,2348,8.587334472447672
13:53:18,2347,8.587749287749288
13:53:19,2347,8.587749287749288
13:53:20,2347,8.587749287749288
13:53:21,2347,8.587749287749288
13:53:22,2346,8.589183411714407
13:53:23,2346,8.589183411714407
13:53:24,2346,8.589183411714407
13:53:25,2346,8.589183411714407
13:53:26,2346,8.589183411714407
13:53:27,2345,8.589955802680354
13:53:28,2345,8.589955802680354
13:53:29,2346,8.587409149209064
13:53:30,2345,8.587075848303392
13:53:31,2345,8.587075848303392
13:53:32,2345,8.587075848303392
13:53:33,2344,8.585065583119475
13:53:34,2345,8.585065583119475
13:53:35,2345,8.585065583119475
13:53:36,2344,8.585836542575953
13:53:37,2343,8.587350171232877
13:53:38,2343,8.588108493932905
13:53:39,2343,8.588108493932905
13:53:40,2343,8.588108493932905
13:53:41,2342,8.589617252213653
13:53:42,2342,8.589617252213653
13:53:43,2342,8.589617252213653
13:53:44,2342,8.589617252213653
13:53:45,2341,8.588684097728247
13:53:46,2341,8.588684097728247
13:53:47,2340,8.589336763865067
13:53:48,2340,8.589336763865067
13:53:49,2340,8.589336763865067
13:53:50,2340,8.589336763865067
13:53:51,2341,8.589336763865067
13:53:52,2341,8.589336763865067
13:53:53,2340,8.59004004004004
13:53:54,2340,8.59004004004004
13:53:55,2340,8.59004004004004
13:53:56,2339,8.59137339055794
13:53:57,2339,8.59137339055794
13:53:58,2339,8.59137339055794
13:53:59,2339,8.59137339055794
13:54:00,2339,8.59137339055794
13:54:01,2339,8.59137339055794
13:54:02,2339,8.59137339055794
13:54:03,2340,8.59137339055794
13:54:04,2339,8.59088306855589
13:54:05,2339,8.59088306855589
13:54:06,2339,8.59088306855589
13:54:07,2339,8.59088306855589
13:54:08,2337,8.589117983963344
13:54:09,2337,8.589117983963344
13:54:10,2337,8.589117983963344
13:54:11,2336,8.589607506087953
13:54:12,2336,8.589607506087953
13:54:13,2336,8.589607506087953
13:54:14,2334,8.589001146460303
13:54:15,2334,8.589001146460303
13:54:16,2334,8.5866638017476
13:54:17,2334,8.5866638017476
13:54:18,2334,8.5866638017476
13:54:19,2333,8.586693895098882
13:54:20,2333,8.586693895098882
13:54:21,2333,8.586693895098882
13:54:22,2333,8.586693895098882
13:54:23,2333,8.586693895098882
13:54:24,2333,8.586693895098882
13:54:25,2333,8.586693895098882
13:54:26,2333,8.586693895098882
13:54:27,2331,8.588382099827884
13:54:28,2331,8.588382099827884
13:54:29,2331,8.589309800545271
13:54:30,2330,8.589721504450186
13:54:31,2329,8.591153238546603
13:54:32,2329,8.591153238546603
13:54:33,2329,8.591153238546603
13:54:34,2329,8.591153238546603
13:54:35,2329,8.591153238546603
13:54:36,2330,8.591153238546603
13:54:37,2330,8.591153238546603
13:54:38,2330,8.591153238546603
13:54:39,2330,8.591153238546603
13:54:40,2330,8.591153238546603
13:54:41,2329,8.591530172413794
13:54:42,2329,8.591530172413794
13:54:43,2329,8.591530172413794
13:54:44,2329,8.591530172413794
13:54:45,2329,8.588726123797214
13:54:46,2329,8.588726123797214
13:54:47,2329,8.588726123797214
13:54:48,2329,8.588726123797214
13:54:49,2328,8.590057471264368
13:54:50,2328,8.590057471264368
13:54:51,2328,8.590057471264368
13:54:52,2327,8.590743136409372
13:54:53,2328,8.590743136409372
13:54:54,2327,8.590660051768767
13:54:55,2327,8.590660051768767
13:54:56,2327,8.590660051768767
13:54:57,2326,8.591512012660049
13:54:58,2325,8.591731433506046
13:54:59,2325,8.591731433506046
13:55:00,2325,8.591731433506046
13:55:01,2325,8.591731433506046
13:55:02,2324,8.592411807055436
13:55:03,2324,8.592411807055436
13:55:04,2324,8.592411807055436
13:55:05,2324,8.592411807055436
13:55:06,2324,8.592411807055436
13:55:07,2324,8.592411807055436
13:55:08,2324,8.592411807055436
13:55:09,2323,8.592768654566408
13:55:10,2323,8.592768654566408
13:55:11,2322,8.593370802709325
13:55:12,2322,8.593370802709325
13:55:13,2322,8.593370802709325
13:55:14,2322,8.593370802709325
13:55:15,2322,8.593370802709325
13:55:16,2320,8.59539881725083
13:55:17,2319,8.595541125541127
13:55:18,2319,8.592600605798356
13:55:19,2319,8.592600605798356
13:55:20,2318,8.593116883116883
13:55:21,2318,8.593116883116883
13:55:22,2318,8.593116883116883
13:55:23,2317,8.59444925653241
13:55:24,2317,8.591854256854257
13:55:25,2317,8.591854256854257
13:55:26,2317,8.591854256854257
13:55:27,2317,8.591854256854257
13:55:28,2317,8.591854256854257
13:55:29,2317,8.591854256854257
13:55:30,2317,8.591854256854257
13:55:31,2316,8.591980655406381
13:55:32,2316,8.591980655406381
13:55:33,2316,8.591980655406381
13:55:34,2315,8.592706528018486
13:55:35,2315,8.593801473775466
13:55:36,2315,8.593801473775466
13:55:37,2314,8.594976871928303
13:55:38,2313,8.595885755603758
13:55:39,2313,8.595885755603758
13:55:40,2313,8.595885755603758
13:55:41,2313,8.595885755603758
13:55:42,2313,8.595885755603758
13:55:43,2314,8.595885755603758
13:55:44,2313,8.596158854166667
13:55:45,2313,8.596158854166667
13:55:46,2313,8.596158854166667
13:55:47,2313,8.596158854166667
13:55:48,2313,8.596158854166667
13:55:49,2314,8.596158854166667
13:55:50,2314,8.596158854166667
13:55:51,2314,8.596158854166667
13:55:52,2314,8.596158854166667
13:55:53,2314,8.596158854166667
13:55:54,2314,8.597249963815312
13:55:55,2314,8.59453125
13:55:56,2314,8.59453125
13:55:57,2314,8.59170643528561
13:55:58,2313,8.58938539407086
13:55:59,2314,8.58938539407086
13:56:00,2314,8.58938539407086
13:56:01,2314,8.58938539407086
13:56:02,2315,8.58938539407086
13:56:03,2315,8.58938539407086
13:56:04,2315,8.58938539407086
13:56:05,2315,8.58938539407086
13:56:06,2314,8.589272280092592
13:56:07,2314,8.589272280092592
13:56:08,2315,8.589272280092592
13:56:09,2314,8.589962367925894
13:56:10,2313,8.589777005502462
13:56:11,2313,8.589777005502462
13:56:12,2313,8.589777005502462
13:56:13,2312,8.590460669274227
13:56:14,2312,8.590460669274227
13:56:15,2311,8.591159420289854
13:56:16,2311,8.591159420289854
13:56:17,2311,8.591159420289854
13:56:18,2311,8.591880527765694
13:56:19,2311,8.591880527765694
13:56:20,2311,8.591880527765694
13:56:21,2311,8.591880527765694
13:56:22,2312,8.591880527765694
13:56:23,2311,8.592196112561648
13:56:24,2311,8.592196112561648
13:56:25,2311,8.592196112561648
13:56:26,2311,8.592196112561648
13:56:27,2310,8.59321578870991
13:56:28,2310,8.59321578870991
13:56:29,2310,8.59321578870991
13:56:30,2310,8.59321578870991
13:56:31,2311,8.59321578870991
13:56:32,2311,8.59321578870991
13:56:33,2311,8.59321578870991
13:56:34,2309,8.593957879448077
13:56:35,2309,8.593957879448077
13:56:36,2309,8.591129500580719
13:56:37,2310,8.591129500580719
13:56:38,2310,8.591129500580719
13:56:39,2310,8.588514003773037
13:56:40,2309,8.588944541231125
13:56:41,2308,8.586817653890824
13:56:42,2308,8.586817653890824
13:56:43,2308,8.586817653890824
13:56:44,2307,8.587734204793028
13:56:45,2308,8.587734204793028
13:56:46,2308,8.587734204793028
13:56:47,2307,8.587801511188609
13:56:48,2307,8.587801511188609
13:56:49,2307,8.587801511188609
13:56:50,2307,8.587801511188609
13:56:51,2308,8.587801511188609
13:56:52,2308,8.587801511188609
13:56:53,2308,8.587801511188609
13:56:54,2307,8.588290449193197
13:56:55,2307,8.588290449193197
13:56:56,2306,8.588583478766726
13:56:57,2307,8.588583478766726
13:56:58,2306,8.586147469458988
13:56:59,2306,8.586147469458988
13:57:00,2305,8.587159901062128
13:57:01,2305,8.587159901062128
13:57:02,2305,8.587159901062128
13:57:03,2306,8.587159901062128
13:57:04,2306,8.587159901062128
13:57:05,2306,8.587159901062128
13:57:06,2306,8.587159901062128
13:57:07,2306,8.587159901062128
13:57:08,2306,8.587159901062128
13:57:09,2306,8.587159901062128
13:57:10,2305,8.587467248908297
13:57:11,2305,8.587467248908297
13:57:12,2304,8.587840396097278
13:57:13,2304,8.587840396097278
13:57:14,2304,8.587840396097278
13:57:15,2302,8.588915609969392
13:57:16,2302,8.588915609969392
13:57:17,2302,8.588915609969392
13:57:18,2300,8.590043763676148
13:57:19,2300,8.590043763676148
13:57:20,2301,8.590043763676148
13:57:21,2301,8.590043763676148
13:57:22,2300,8.590199941622883
13:57:23,2300,8.590199941622883
13:57:24,2300,8.590199941622883
13:57:25,2299,8.590013140604468
13:57:26,2299,8.590013140604468
13:57:27,2300,8.590013140604468
13:57:28,2300,8.590013140604468
13:57:29,2299,8.59015483494011
13:57:30,2299,8.59015483494011
13:57:31,2299,8.59015483494011
13:57:32,2299,8.59015483494011
13:57:33,2298,8.590961566564372
13:57:34,2298,8.590961566564372
13:57:35,2298,8.590961566564372
13:57:36,2297,8.591761695906433
13:57:37,2297,8.591761695906433
13:57:38,2297,8.591761695906433
13:57:39,2297,8.591761695906433
13:57:40,2297,8.591761695906433
13:57:41,2297,8.591761695906433
13:57:42,2297,8.591761695906433
13:57:43,2296,8.5915679391546
13:57:44,2296,8.5915679391546
13:57:45,2296,8.5915679391546
13:57:46,2296,8.5915679391546
13:57:47,2295,8.59179104477612
13:57:48,2295,8.59179104477612
13:57:49,2295,8.59179104477612
13:57:50,2294,8.591955789781878
13:57:51,2293,8.59293350908026
13:57:52,2294,8.59293350908026
13:57:53,2294,8.589964866051822
13:57:54,2295,8.589964866051822
13:57:55,2295,8.589964866051822
13:57:56,2295,8.587218320163887
13:57:57,2295,8.587218320163887
13:57:58,2296,8.587218320163887
13:57:59,2296,8.587218320163887
13:58:00,2296,8.587218320163887
13:58:01,2297,8.584371800497292
13:58:02,2296,8.584306409130816
13:58:03,2296,8.584306409130816
13:58:04,2297,8.584306409130816
13:58:05,2296,8.58430683648075
13:58:06,2296,8.58430683648075
13:58:07,2297,8.58430683648075
13:58:08,2295,8.584798534798534
13:58:09,2296,8.584798534798534
13:58:10,2297,8.582051845342706
13:58:11,2297,8.582051845342706
13:58:12,2297,8.582051845342706
13:58:13,2295,8.582065376722369
13:58:14,2295,8.582065376722369
13:58:15,2296,8.582065376722369
13:58:16,2296,8.582028156621204
13:58:17,2295,8.581990903755868
13:58:18,2295,8.581990903755868
13:58:19,2295,8.581990903755868
13:58:20,2295,8.581990903755868
13:58:21,2295,8.581990903755868
13:58:22,2295,8.581990903755868
13:58:23,2294,8.581953618083077
13:58:24,2294,8.581953618083077
13:58:25,2292,8.582473923901865
13:58:26,2292,8.582473923901865
13:58:27,2292,8.582473923901865
13:58:28,2292,8.57950073421439
13:58:29,2292,8.57950073421439
13:58:30,2292,8.57950073421439
13:58:31,2292,8.576948480845441
13:58:32,2293,8.576948480845441
13:58:33,2293,8.576948480845441
13:58:34,2293,8.576948480845441
13:58:35,2294,8.576948480845441
13:58:36,2293,8.576688693098385
13:58:37,2293,8.576688693098385
13:58:38,2293,8.576688693098385
13:58:39,2292,8.576568238577936
13:58:40,2292,8.576568238577936
13:58:41,2292,8.576568238577936
13:58:42,2291,8.577123750734863
13:58:43,2291,8.577123750734863
13:58:44,2292,8.577123750734863
13:58:45,2292,8.577123750734863
13:58:46,2292,8.577123750734863
13:58:47,2291,8.576929863255403
13:58:48,2291,8.576929863255403
13:58:49,2290,8.576676963812885
13:58:50,2290,8.573805322746656
13:58:51,2290,8.573805322746656
13:58:52,2290,8.573805322746656
13:58:53,2290,8.573805322746656
13:58:54,2289,8.573470138275963
13:58:55,2289,8.570835171298338
13:58:56,2289,8.570835171298338
13:58:57,2288,8.570557516916741
13:58:58,2288,8.570557516916741
13:58:59,2288,8.570557516916741
13:59:00,2287,8.570286975717439
13:59:01,2287,8.570286975717439
13:59:02,2286,8.56757174392936
13:59:03,2286,8.56757174392936
13:59:04,2286,8.56757174392936
13:59:05,2286,8.56757174392936
13:59:06,2286,8.56757174392936
13:59:07,2285,8.56739546525324
13:59:08,2285,8.564760853568801
13:59:09,2285,8.564760853568801
13:59:10,2285,8.564760853568801
13:59:11,2285,8.564760853568801
13:59:12,2285,8.565209069493523
13:59:13,2284,8.564980114891737
13:59:14,2284,8.564980114891737
13:59:15,2283,8.565384615384614
13:59:16,2283,8.565384615384614
13:59:17,2283,8.565384615384614
13:59:18,2283,8.565384615384614
13:59:19,2283,8.565384615384614
13:59:20,2283,8.565384615384614
13:59:21,2282,8.565000737136959
13:59:22,2282,8.565000737136959
13:59:23,2281,8.5645796460177
13:59:24,2281,8.5645796460177
13:59:25,2282,8.561831048208756
13:59:26,2282,8.561831048208756
13:59:27,2282,8.561831048208756
13:59:28,2282,8.561831048208756
13:59:29,2281,8.558816158042164
13:59:30,2281,8.558816158042164
13:59:31,2280,8.559277286135693
13:59:32,2280,8.559277286135693
13:59:33,2280,8.55879445182234
13:59:34,2280,8.55879445182234
13:59:35,2280,8.55879445182234
13:59:36,2280,8.55879445182234
13:59:37,2280,8.556438053097345
13:59:38,2280,8.556438053097345
13:59:39,2280,8.55606463036742
13:59:40,2279,8.55319462889184
13:59:41,2279,8.55319462889184
13:59:42,2279,8.550449852507374
13:59:43,2278,8.549911465250112
13:59:44,2278,8.549911465250112
13:59:45,2278,8.549911465250112
13:59:46,2277,8.55016976675524
13:59:47,2277,8.55016976675524
13:59:48,2277,8.55016976675524
13:59:49,2276,8.550716290060553
13:59:50,2276,8.550716290060553
13:59:51,2276,8.550716290060553
13:59:52,2276,8.550716290060553
13:59:53,2275,8.550332446808511
13:59:54,2275,8.550332446808511
13:59:55,2275,8.550332446808511
13:59:56,2275,8.550332446808511
13:59:57,2274,8.54692671394799
13:59:58,2274,8.54692671394799
13:59:59,2274,8.54692671394799
14:00:00,2274,8.54692671394799
14:00:01,2274,8.54692671394799
14:00:02,2273,8.546297117516628
14:00:03,2273,8.543424940898346
14:00:04,2273,8.543424940898346
14:00:05,2273,8.543424940898346
14:00:06,2273,8.541027913159061
14:00:07,2273,8.541027913159061
14:00:08,2273,8.541027913159061
14:00:09,2273,8.538160614112785
