11:00:00,0,0.0
11:00:01,0,0.0
11:00:02,0,0.0
11:00:03,0,0.0
11:00:04,0,0.0
11:00:05,0,0.0
11:00:06,0,0.0
11:00:07,0,0.0
11:00:08,0,0.0
11:00:09,0,0.0
11:00:10,0,0.0
11:00:11,0,0.0
11:00:12,0,0.0
11:00:13,0,0.0
11:00:14,0,0.0
11:00:15,0,0.0
11:00:16,0,0.0
11:00:17,0,0.0
11:00:18,0,0.0
11:00:19,0,0.0
11:00:20,0,0.0
11:00:21,0,0.0
11:00:22,0,0.0
11:00:23,0,0.0
11:00:24,0,0.0
11:00:25,0,0.0
11:00:26,0,0.0
11:00:27,1,0.0
11:00:28,2,0.0
11:00:29,3,0.0
11:00:30,3,0.0
11:00:31,4,0.0
11:00:32,5,0.0
11:00:33,6,0.0
11:00:34,6,0.0
11:00:35,7,0.0
11:00:36,8,0.0
11:00:37,9,0.0
11:00:38,9,0.0
11:00:39,11,0.0
11:00:40,13,0.0
11:00:41,13,0.0
11:00:42,13,0.0
11:00:43,15,0.0
11:00:44,16,0.0
11:00:45,16,0.0
11:00:46,16,0.0
11:00:47,19,0.0
11:00:48,19,0.0
11:00:49,19,0.0
11:00:50,20,0.0
11:00:51,22,0.0
11:00:52,22,0.0
11:00:53,23,0.0
11:00:54,24,0.0
11:00:55,25,0.0
11:00:56,25,0.0
11:00:57,25,0.0
11:00:58,27,0.0
11:00:59,28,0.0
11:01:00,29,0.0
11:01:01,30,0.0
11:01:02,30,0.0
11:01:03,32,0.0
11:01:04,33,0.0
11:01:05,33,0.0
11:01:06,34,0.0
11:01:07,35,0.0
11:01:08,35,0.0
11:01:09,35,0.0
11:01:10,37,0.0
11:01:11,37,0.0
11:01:12,38,0.0
11:01:13,38,0.0
11:01:14,38,0.0
11:01:15,39,0.0
11:01:16,39,0.0
11:01:17,39,0.0
11:01:18,42,0.0
11:01:19,42,0.0
11:01:20,43,0.0
11:01:21,43,0.0
11:01:22,43,0.0
11:01:23,46,0.0
11:01:24,46,0.0
11:01:25,46,0.0
11:01:26,46,0.0
11:01:27,48,0.0
11:01:28,48,0.0
11:01:29,50,0.0
11:01:30,50,0.0
11:01:31,51,0.0
11:01:32,51,0.0
11:01:33,53,0.0
11:01:34,54,0.0
11:01:35,55,0.0
11:01:36,55,0.0
11:01:37,56,0.0
11:01:38,56,0.0
11:01:39,57,0.0
11:01:40,59,0.0
11:01:41,59,0.0
11:01:42,60,0.0
11:01:43,62,0.0
11:01:44,63,0.0
11:01:45,63,0.0
11:01:46,65,0.0
11:01:47,66,0.0
11:01:48,66,0.0
11:01:49,66,0.0
11:01:50,69,0.0
11:01:51,69,0.0
11:01:52,70,0.0
11:01:53,71,0.0
11:01:54,72,0.0
11:01:55,73,0.0
11:01:56,75,0.0
11:01:57,75,0.0
11:01:58,75,0.0
11:01:59,77,0.0
11:02:00,78,0.0
11:02:01,78,0.0
11:02:02,80,0.0
11:02:03,81,0.0
11:02:04,81,0.0
11:02:05,81,0.0
11:02:06,82,0.0
11:02:07,83,0.0
11:02:08,83,0.0
11:02:09,83,0.0
11:02:10,83,0.0
11:02:11,84,0.0
11:02:12,85,0.0
11:02:13,85,0.0
11:02:14,85,0.0
11:02:15,86,0.0
11:02:16,86,0.0
11:02:17,87,0.0
11:02:18,88,1.8166666666666667
11:02:19,88,1.8166666666666667
11:02:20,88,1.8166666666666667
11:02:21,88,1.8166666666666667
11:02:22,89,1.8166666666666667
11:02:23,89,1.8166666666666667
11:02:24,90,1.8166666666666667
11:02:25,91,1.8166666666666667
11:02:26,91,1.8166666666666667
11:02:27,91,1.825
11:02:28,92,1.825
11:02:29,92,1.825
11:02:30,93,1.827777777777778
11:02:31,94,1.827777777777778
11:02:32,94,1.827777777777778
11:02:33,94,1.827777777777778
11:02:34,95,1.827777777777778
11:02:35,95,1.827777777777778
11:02:36,95,1.827777777777778
11:02:37,96,1.827777777777778
11:02:38,96,1.827777777777778
11:02:39,96,1.9266666666666665
11:02:40,97,1.9266666666666665
11:02:41,97,1.9266666666666665
11:02:42,97,1.9266666666666665
11:02:43,97,1.9266666666666665
11:02:44,99,1.9266666666666665
11:02:45,99,1.9266666666666665
11:02:46,99,1.9266666666666665
11:02:47,100,1.9266666666666665
11:02:48,100,1.9944444444444445
11:02:49,100,1.9944444444444445
11:02:50,102,1.9944444444444445
11:02:51,102,2.045238095238095
11:02:52,102,2.087037037037037
11:02:53,102,2.087037037037037
11:02:54,103,2.087037037037037
11:02:55,103,2.1133333333333333
11:02:56,103,2.1133333333333333
11:02:57,104,2.110606060606061
11:02:58,105,2.110606060606061
11:02:59,105,2.110606060606061
11:03:00,105,2.1277777777777778
11:03:01,106,2.1277777777777778
11:03:02,106,2.1277777777777778
11:03:03,106,2.1277777777777778
11:03:04,107,2.1277777777777778
11:03:05,108,2.1277777777777778
11:03:06,108,2.144871794871795
11:03:07,108,2.144871794871795
11:03:08,108,2.144871794871795
11:03:09,109,2.144871794871795
11:03:10,109,2.1607142857142856
11:03:11,110,2.1607142857142856
11:03:12,110,2.1607142857142856
11:03:13,111,2.1607142857142856
11:03:14,111,2.19
11:03:15,111,2.198958333333333
11:03:16,112,2.198958333333333
11:03:17,113,2.198958333333333
11:03:18,114,2.1921568627450982
11:03:19,114,2.1921568627450982
11:03:20,114,2.2009259259259255
11:03:21,116,2.2009259259259255
11:03:22,116,2.226315789473684
11:03:23,117,2.226315789473684
11:03:24,117,2.226315789473684
11:03:25,119,2.2325
11:03:26,119,2.2325
11:03:27,119,2.2325
11:03:28,120,2.2531746031746036
11:03:29,120,2.2531746031746036
11:03:30,120,2.2531746031746036
11:03:31,120,2.2531746031746036
11:03:32,122,2.2704545454545455
11:03:33,122,2.2704545454545455
11:03:34,122,2.2978260869565217
11:03:35,124,2.2978260869565217
11:03:36,124,2.2978260869565217
11:03:37,124,2.3
11:03:38,124,2.3
11:03:39,124,2.3133333333333335
11:03:40,125,2.3133333333333335
11:03:41,125,2.3133333333333335
11:03:42,125,2.316025641025641
11:03:43,126,2.316025641025641
11:03:44,127,2.316025641025641
11:03:45,127,2.316025641025641
11:03:46,127,2.316025641025641
11:03:47,127,2.316025641025641
11:03:48,127,2.316025641025641
11:03:49,128,2.316025641025641
11:03:50,128,2.3376543209876544
11:03:51,128,2.3376543209876544
11:03:52,129,2.3376543209876544
11:03:53,130,2.3666666666666667
11:03:54,130,2.378735632183908
11:03:55,130,2.378735632183908
11:03:56,130,2.378735632183908
11:03:57,130,2.396666666666667
11:03:58,130,2.396666666666667
11:03:59,130,2.396666666666667
11:04:00,130,2.420967741935484
11:04:01,130,2.420967741935484
11:04:02,131,2.420967741935484
11:04:03,131,2.420967741935484
11:04:04,131,2.420967741935484
11:04:05,131,2.420967741935484
11:04:06,131,2.420967741935484
11:04:07,131,2.420967741935484
11:04:08,131,2.420967741935484
11:04:09,131,2.420967741935484
11:04:10,131,2.4505208333333335
11:04:11,132,2.4505208333333335
11:04:12,132,2.4505208333333335
11:04:13,133,2.4505208333333335
11:04:14,133,2.4505208333333335
11:04:15,133,2.471212121212121
11:04:16,133,2.471212121212121
11:04:17,134,2.471212121212121
11:04:18,135,2.471212121212121
11:04:19,135,2.471212121212121
11:04:20,135,2.4911764705882353
11:04:21,136,2.4911764705882353
11:04:22,136,2.4911764705882353
11:04:23,136,2.4911764705882353
11:04:24,136,2.5038095238095237
11:04:25,137,2.5038095238095237
11:04:26,137,2.5038095238095237
11:04:27,137,2.5038095238095237
11:04:28,137,2.5038095238095237
11:04:29,138,2.5038095238095237
11:04:30,138,2.5038095238095237
11:04:31,138,2.5038095238095237
11:04:32,139,2.536111111111111
11:04:33,139,2.536111111111111
11:04:34,139,2.5454954954954956
11:04:35,139,2.5454954954954956
11:04:36,139,2.5454954954954956
11:04:37,139,2.5454954954954956
11:04:38,140,2.5454954954954956
11:04:39,140,2.575
11:04:40,140,2.575
11:04:41,140,2.58974358974359
11:04:42,140,2.6141666666666667
11:04:43,140,2.632520325203252
11:04:44,141,2.6511904761904765
11:04:45,141,2.6511904761904765
11:04:46,141,2.6511904761904765
11:04:47,141,2.6511904761904765
11:04:48,141,2.6511904761904765
11:04:49,142,2.6511904761904765
11:04:50,142,2.6511904761904765
11:04:51,142,2.6511904761904765
11:04:52,142,2.6511904761904765
11:04:53,143,2.6511904761904765
11:04:54,143,2.6666666666666665
11:04:55,143,2.6666666666666665
11:04:56,143,2.6666666666666665
11:04:57,143,2.6958333333333333
11:04:58,143,2.7225925925925925
11:04:59,143,2.7225925925925925
11:05:00,143,2.7225925925925925
11:05:01,144,2.7420289855072464
11:05:02,144,2.7420289855072464
11:05:03,144,2.7420289855072464
11:05:04,144,2.7420289855072464
11:05:05,145,2.7620567375886522
11:05:06,145,2.7620567375886522
11:05:07,145,2.7620567375886522
11:05:08,146,2.7620567375886522
11:05:09,146,2.7620567375886522
11:05:10,146,2.7760416666666665
11:05:11,146,2.7760416666666665
11:05:12,147,2.7760416666666665
11:05:13,147,2.7760416666666665
11:05:14,147,2.8093333333333335
11:05:15,149,2.8093333333333335
11:05:16,149,2.826143790849673
11:05:17,149,2.826143790849673
11:05:18,150,2.8423076923076924
11:05:19,150,2.857547169811321
11:05:20,150,2.857547169811321
11:05:21,150,2.857547169811321
11:05:22,151,2.857547169811321
11:05:23,151,2.857547169811321
11:05:24,151,2.857547169811321
11:05:25,152,2.857547169811321
11:05:26,152,2.857547169811321
11:05:27,152,2.8697530864197534
11:05:28,152,2.8697530864197534
11:05:29,153,2.8697530864197534
11:05:30,153,2.885151515151515
11:05:31,153,2.885151515151515
11:05:32,153,2.885151515151515
11:05:33,153,2.9047619047619047
11:05:34,153,2.9047619047619047
11:05:35,153,2.9327485380116958
11:05:36,153,2.9327485380116958
11:05:37,153,2.9327485380116958
11:05:38,153,2.9494252873563216
11:05:39,153,2.9494252873563216
11:05:40,154,2.9494252873563216
11:05:41,154,2.9494252873563216
11:05:42,154,2.9494252873563216
11:05:43,154,2.9494252873563216
11:05:44,155,2.9494252873563216
11:05:45,155,2.9494252873563216
11:05:46,155,2.9494252873563216
11:05:47,156,2.9494252873563216
11:05:48,156,2.9728813559322034
11:05:49,156,2.9805555555555556
11:05:50,157,2.9805555555555556
11:05:51,157,2.9805555555555556
11:05:52,157,2.996994535519126
11:05:53,158,2.996994535519126
11:05:54,158,2.996994535519126
11:05:55,158,2.996994535519126
11:05:56,158,3.0120967741935485
11:05:57,159,3.0120967741935485
11:05:58,159,3.0120967741935485
11:05:59,159,3.0120967741935485
11:06:00,159,3.023015873015873
11:06:01,160,3.023015873015873
11:06:02,160,3.023015873015873
11:06:03,160,3.046875
11:06:04,160,3.046875
11:06:05,160,3.081060606060606
11:06:06,161,3.081060606060606
11:06:07,161,3.081060606060606
11:06:08,161,3.081060606060606
11:06:09,162,3.081060606060606
11:06:10,163,3.081060606060606
11:06:11,163,3.081060606060606
11:06:12,164,3.081060606060606
11:06:13,164,3.081060606060606
11:06:14,164,3.081060606060606
11:06:15,165,3.081060606060606
11:06:16,165,3.081060606060606
11:06:17,165,3.081060606060606
11:06:18,166,3.081060606060606
11:06:19,166,3.0987562189054727
11:06:20,166,3.0987562189054727
11:06:21,166,3.120833333333333
11:06:22,167,3.120833333333333
11:06:23,167,3.143236714975845
11:06:24,167,3.143236714975845
11:06:25,167,3.1635714285714287
11:06:26,167,3.1635714285714287
11:06:27,168,3.19131455399061
11:06:28,168,3.19131455399061
11:06:29,168,3.19131455399061
11:06:30,169,3.19131455399061
11:06:31,169,3.19131455399061
11:06:32,169,3.19131455399061
11:06:33,169,3.19131455399061
11:06:34,169,3.19131455399061
11:06:35,170,3.19131455399061
11:06:36,170,3.211574074074074
11:06:37,170,3.211574074074074
11:06:38,170,3.211574074074074
11:06:39,171,3.2536036036036036
11:06:40,171,3.2536036036036036
11:06:41,171,3.2697777777777777
11:06:42,172,3.2697777777777777
11:06:43,172,3.2901315789473684
11:06:44,172,3.2901315789473684
11:06:45,173,3.2901315789473684
11:06:46,173,3.2901315789473684
11:06:47,173,3.2901315789473684
11:06:48,173,3.306277056277056
11:06:49,174,3.306277056277056
11:06:50,174,3.321794871794872
11:06:51,174,3.321794871794872
11:06:52,175,3.321794871794872
11:06:53,175,3.321794871794872
11:06:54,175,3.3585416666666665
11:06:55,176,3.3775720164609053
11:06:56,176,3.3775720164609053
11:06:57,176,3.3775720164609053
11:06:58,177,3.387804878048781
11:06:59,177,3.387804878048781
11:07:00,177,3.387804878048781
11:07:01,177,3.387804878048781
11:07:02,178,3.387804878048781
11:07:03,179,3.387804878048781
11:07:04,179,3.387804878048781
11:07:05,180,3.387804878048781
11:07:06,181,3.387804878048781
11:07:07,181,3.387804878048781
11:07:08,182,3.387804878048781
11:07:09,182,3.387804878048781
11:07:10,182,3.387804878048781
11:07:11,182,3.404417670682731
11:07:12,182,3.404417670682731
11:07:13,183,3.428373015873016
11:07:14,183,3.428373015873016
11:07:15,183,3.4441176470588237
11:07:16,183,3.450387596899225
11:07:17,184,3.450387596899225
11:07:18,184,3.450387596899225
11:07:19,184,3.450387596899225
11:07:20,184,3.450387596899225
11:07:21,184,3.450387596899225
11:07:22,185,3.450387596899225
11:07:23,185,3.450387596899225
11:07:24,185,3.4649425287356324
11:07:25,185,3.4649425287356324
11:07:26,186,3.4649425287356324
11:07:27,186,3.4649425287356324
11:07:28,186,3.4886363636363638
11:07:29,187,3.512734082397004
11:07:30,187,3.512734082397004
11:07:31,187,3.5405555555555557
11:07:32,187,3.5567765567765566
11:07:33,188,3.5567765567765566
11:07:34,188,3.5567765567765566
11:07:35,188,3.5567765567765566
11:07:36,188,3.5567765567765566
11:07:37,189,3.5567765567765566
11:07:38,189,3.5567765567765566
11:07:39,189,3.5567765567765566
11:07:40,189,3.573369565217391
11:07:41,189,3.573369565217391
11:07:42,189,3.573369565217391
11:07:43,189,3.573369565217391
11:07:44,189,3.573369565217391
11:07:45,189,3.573369565217391
11:07:46,189,3.573369565217391
11:07:47,189,3.573369565217391
11:07:48,189,3.593794326241135
11:07:49,189,3.593794326241135
11:07:50,189,3.593794326241135
11:07:51,189,3.593794326241135
11:07:52,189,3.593794326241135
11:07:53,190,3.593794326241135
11:07:54,190,3.593794326241135
11:07:55,191,3.593794326241135
11:07:56,192,3.593794326241135
11:07:57,192,3.593794326241135
11:07:58,193,3.593794326241135
11:07:59,194,3.6092982456140352
11:08:00,194,3.6092982456140352
11:08:01,194,3.633680555555556
11:08:02,194,3.6482817869415807
11:08:03,195,3.6482817869415807
11:08:04,195,3.6776094276094273
11:08:05,195,3.6776094276094273
11:08:06,195,3.6798333333333333
11:08:07,196,3.6798333333333333
11:08:08,196,3.7046204620462047
11:08:09,196,3.7046204620462047
11:08:10,196,3.7046204620462047
11:08:11,196,3.7046204620462047
11:08:12,196,3.7046204620462047
11:08:13,197,3.7046204620462047
11:08:14,197,3.7046204620462047
11:08:15,197,3.7046204620462047
11:08:16,197,3.7046204620462047
11:08:17,197,3.7046204620462047
11:08:18,198,3.7046204620462047
11:08:19,198,3.7297385620915033
11:08:20,199,3.7297385620915033
11:08:21,201,3.7451456310679614
11:08:22,201,3.7451456310679614
11:08:23,201,3.761217948717949
11:08:24,201,3.761217948717949
11:08:25,202,3.761217948717949
11:08:26,202,3.761217948717949
11:08:27,202,3.761217948717949
11:08:28,203,3.761217948717949
11:08:29,203,3.7790476190476188
11:08:30,203,3.7790476190476188
11:08:31,203,3.7790476190476188
11:08:32,204,3.7790476190476188
11:08:33,204,3.7790476190476188
11:08:34,204,3.7790476190476188
11:08:35,204,3.797955974842767
11:08:36,205,3.797955974842767
11:08:37,205,3.797955974842767
11:08:38,205,3.797955974842767
11:08:39,206,3.797955974842767
11:08:40,206,3.8126168224299066
11:08:41,206,3.8126168224299066
11:08:42,206,3.8126168224299066
11:08:43,207,3.8126168224299066
11:08:44,207,3.8126168224299066
11:08:45,207,3.8126168224299066
11:08:46,208,3.8126168224299066
11:08:47,209,3.8126168224299066
11:08:48,209,3.801543209876543
11:08:49,209,3.8192660550458717
11:08:50,209,3.8192660550458717
11:08:51,209,3.8457575757575757
11:08:52,209,3.874702380952381
11:08:53,209,3.874702380952381
11:08:54,209,3.874702380952381
11:08:55,209,3.891002949852507
11:08:56,209,3.891002949852507
11:08:57,209,3.891002949852507
11:08:58,209,3.891002949852507
11:08:59,209,3.891002949852507
11:09:00,209,3.891002949852507
11:09:01,209,3.891002949852507
11:09:02,209,3.891002949852507
11:09:03,209,3.891002949852507
11:09:04,209,3.891002949852507
11:09:05,210,3.891002949852507
11:09:06,211,3.9191520467836254
11:09:07,211,3.9191520467836254
11:09:08,211,3.9191520467836254
11:09:09,211,3.9353623188405797
11:09:10,211,3.9353623188405797
11:09:11,211,3.9350427350427353
11:09:12,211,3.9350427350427353
11:09:13,211,3.9350427350427353
11:09:14,211,3.9350427350427353
11:09:15,211,3.9350427350427353
11:09:16,212,3.9350427350427353
11:09:17,212,3.9350427350427353
11:09:18,212,3.9350427350427353
11:09:19,213,3.956497175141243
11:09:20,214,3.956497175141243
11:09:21,214,3.956497175141243
11:09:22,214,3.956497175141243
11:09:23,214,3.9754901960784315
11:09:24,214,3.9754901960784315
11:09:25,215,3.9754901960784315
11:09:26,215,3.9754901960784315
11:09:27,215,3.9754901960784315
11:09:28,215,3.9754901960784315
11:09:29,215,3.99375
11:09:30,215,3.99375
11:09:31,215,3.99375
11:09:32,215,3.99375
11:09:33,215,3.99375
11:09:34,215,3.99375
11:09:35,215,3.99375
11:09:36,215,3.99375
11:09:37,215,3.99375
11:09:38,215,3.99375
11:09:39,215,3.99375
11:09:40,215,4.00495867768595
11:09:41,215,4.026092896174863
11:09:42,215,4.026092896174863
11:09:43,215,4.026092896174863
11:09:44,215,4.059274193548387
11:09:45,215,4.059274193548387
11:09:46,215,4.059274193548387
11:09:47,215,4.059274193548387
11:09:48,215,4.059274193548387
11:09:49,215,4.059274193548387
11:09:50,215,4.059274193548387
11:09:51,215,4.059274193548387
11:09:52,215,4.059274193548387
11:09:53,215,4.059274193548387
11:09:54,215,4.059274193548387
11:09:55,215,4.059274193548387
11:09:56,215,4.059274193548387
11:09:57,215,4.059274193548387
11:09:58,215,4.077733333333333
11:09:59,215,4.077733333333333
11:10:00,215,4.097089947089947
11:10:01,215,4.097089947089947
11:10:02,215,4.097089947089947
11:10:03,215,4.102473958333333
11:10:04,215,4.102473958333333
11:10:05,215,4.102473958333333
11:10:06,215,4.119250645994832
11:10:07,215,4.119250645994832
11:10:08,215,4.103974358974359
11:10:09,215,4.123918575063613
11:10:10,217,4.123918575063613
11:10:11,217,4.123918575063613
11:10:12,217,4.123918575063613
11:10:13,218,4.123918575063613
11:10:14,218,4.123918575063613
11:10:15,218,4.123918575063613
11:10:16,219,4.123918575063613
11:10:17,219,4.123918575063613
11:10:18,219,4.14520202020202
11:10:19,219,4.14520202020202
11:10:20,220,4.14520202020202
11:10:21,220,4.164160401002507
11:10:22,220,4.164160401002507
11:10:23,220,4.164160401002507
11:10:24,220,4.164160401002507
11:10:25,220,4.164160401002507
11:10:26,221,4.164160401002507
11:10:27,221,4.164160401002507
11:10:28,221,4.164160401002507
11:10:29,221,4.164160401002507
11:10:30,221,4.152487562189055
11:10:31,221,4.152487562189055
11:10:32,221,4.140987654320988
11:10:33,221,4.160661764705882
11:10:34,221,4.160661764705882
11:10:35,221,4.160661764705882
11:10:36,221,4.149635036496351
11:10:37,221,4.149635036496351
11:10:38,221,4.149635036496351
11:10:39,221,4.149635036496351
11:10:40,221,4.149635036496351
11:10:41,221,4.1653381642512075
11:10:42,221,4.1653381642512075
11:10:43,221,4.1653381642512075
11:10:44,222,4.1653381642512075
11:10:45,222,4.1653381642512075
11:10:46,222,4.1653381642512075
11:10:47,222,4.1653381642512075
11:10:48,222,4.1871702637889685
11:10:49,222,4.1871702637889685
11:10:50,223,4.1871702637889685
11:10:51,223,4.1871702637889685
11:10:52,223,4.207142857142857
11:10:53,223,4.207142857142857
11:10:54,223,4.207142857142857
11:10:55,223,4.207142857142857
11:10:56,223,4.207142857142857
11:10:57,223,4.207142857142857
11:10:58,223,4.207142857142857
11:10:59,224,4.197517730496454
11:11:00,224,4.197517730496454
11:11:01,224,4.197517730496454
11:11:02,224,4.1846244131455395
11:11:03,224,4.1846244131455395
11:11:04,225,4.195920745920746
11:11:05,225,4.195920745920746
11:11:06,226,4.195920745920746
11:11:07,226,4.212731481481481
11:11:08,226,4.228390804597701
11:11:09,226,4.228390804597701
11:11:10,226,4.246917808219178
11:11:11,227,4.246917808219178
11:11:12,227,4.246917808219178
11:11:13,227,4.270181405895692
11:11:14,228,4.260810810810811
11:11:15,228,4.260810810810811
11:11:16,228,4.260810810810811
11:11:17,229,4.260810810810811
11:11:18,229,4.260810810810811
11:11:19,229,4.260810810810811
11:11:20,229,4.260810810810811
11:11:21,230,4.260810810810811
11:11:22,230,4.260810810810811
11:11:23,230,4.260810810810811
11:11:24,230,4.249664429530202
11:11:25,231,4.265777777777777
11:11:26,231,4.2514348785871965
11:11:27,231,4.2514348785871965
11:11:28,231,4.239035087719298
11:11:29,231,4.239035087719298
11:11:30,231,4.239035087719298
11:11:31,232,4.254575163398693
11:11:32,232,4.255952380952381
11:11:33,232,4.255952380952381
11:11:34,232,4.255952380952381
11:11:35,233,4.255952380952381
11:11:36,233,4.255952380952381
11:11:37,233,4.255952380952381
11:11:38,234,4.255952380952381
11:11:39,234,4.255952380952381
11:11:40,235,4.255952380952381
11:11:41,236,4.255952380952381
11:11:42,236,4.271505376344086
11:11:43,236,4.271505376344086
11:11:44,236,4.290918803418804
11:11:45,237,4.290918803418804
11:11:46,237,4.30379746835443
11:11:47,237,4.30379746835443
11:11:48,237,4.30379746835443
11:11:49,239,4.30379746835443
11:11:50,239,4.30379746835443
11:11:51,239,4.30379746835443
11:11:52,240,4.30379746835443
11:11:53,241,4.30379746835443
11:11:54,241,4.30379746835443
11:11:55,241,4.30379746835443
11:11:56,241,4.30379746835443
11:11:57,241,4.30379746835443
11:11:58,241,4.30379746835443
11:11:59,241,4.3192872117400425
11:12:00,241,4.3192872117400425
11:12:01,242,4.340520833333333
11:12:02,242,4.340520833333333
11:12:03,242,4.340520833333333
11:12:04,242,4.356521739130434
11:12:05,242,4.356521739130434
11:12:06,242,4.371090534979424
11:12:07,242,4.371090534979424
11:12:08,242,4.371090534979424
11:12:09,242,4.371090534979424
11:12:10,242,4.371090534979424
11:12:11,242,4.371090534979424
11:12:12,242,4.371090534979424
11:12:13,242,4.371090534979424
11:12:14,242,4.371090534979424
11:12:15,242,4.371090534979424
11:12:16,242,4.371747967479675
11:12:17,242,4.371747967479675
11:12:18,242,4.357777777777778
11:12:19,242,4.376606425702811
11:12:20,242,4.376606425702811
11:12:21,242,4.376606425702811
11:12:22,242,4.393912175648703
11:12:23,242,4.393912175648703
11:12:24,243,4.393912175648703
11:12:25,243,4.38640873015873
11:12:26,243,4.38640873015873
11:12:27,243,4.38640873015873
11:12:28,243,4.38640873015873
11:12:29,243,4.38640873015873
11:12:30,243,4.38640873015873
11:12:31,243,4.38640873015873
11:12:32,243,4.374358974358974
11:12:33,244,4.374358974358974
11:12:34,244,4.374358974358974
11:12:35,244,4.374358974358974
11:12:36,244,4.374358974358974
11:12:37,244,4.374358974358974
11:12:38,244,4.374358974358974
11:12:39,244,4.391764705882353
11:12:40,244,4.37962962962963
11:12:41,244,4.37962962962963
11:12:42,244,4.37962962962963
11:12:43,244,4.37962962962963
11:12:44,244,4.37962962962963
11:12:45,244,4.37962962962963
11:12:46,244,4.37962962962963
11:12:47,244,4.37962962962963
11:12:48,244,4.394864341085271
11:12:49,244,4.394864341085271
11:12:50,244,4.394864341085271
11:12:51,244,4.4123314065510595
11:12:52,244,4.4123314065510595
11:12:53,244,4.4123314065510595
11:12:54,244,4.428448275862069
11:12:55,244,4.428448275862069
11:12:56,244,4.446952380952381
11:12:57,245,4.446952380952381
11:12:58,245,4.446952380952381
11:12:59,245,4.446952380952381
11:13:00,245,4.446952380952381
11:13:01,246,4.446952380952381
11:13:02,246,4.446952380952381
11:13:03,246,4.446952380952381
11:13:04,247,4.446952380952381
11:13:05,247,4.462121212121213
11:13:06,247,4.462121212121213
11:13:07,247,4.462121212121213
11:13:08,248,4.462121212121213
11:13:09,248,4.453107344632769
11:13:10,248,4.453107344632769
11:13:11,249,4.453107344632769
11:13:12,249,4.453107344632769
11:13:13,249,4.453107344632769
11:13:14,249,4.453107344632769
11:13:15,250,4.453107344632769
11:13:16,250,4.453107344632769
11:13:17,250,4.453107344632769
11:13:18,250,4.453107344632769
11:13:19,250,4.453107344632769
11:13:20,250,4.453107344632769
11:13:21,250,4.453107344632769
11:13:22,250,4.453107344632769
11:13:23,250,4.453107344632769
11:13:24,250,4.453107344632769
11:13:25,250,4.453107344632769
11:13:26,250,4.470692883895131
11:13:27,251,4.470692883895131
11:13:28,251,4.487988826815642
11:13:29,251,4.487988826815642
11:13:30,251,4.487988826815642
11:13:31,251,4.487988826815642
11:13:32,251,4.487988826815642
11:13:33,251,4.487988826815642
11:13:34,251,4.48037037037037
11:13:35,251,4.48037037037037
11:13:36,251,4.48037037037037
11:13:37,251,4.48037037037037
11:13:38,252,4.48037037037037
11:13:39,252,4.48037037037037
11:13:40,252,4.48037037037037
11:13:41,252,4.48037037037037
11:13:42,252,4.48037037037037
11:13:43,252,4.48489010989011
11:13:44,252,4.48489010989011
11:13:45,252,4.471675774134791
11:13:46,252,4.471675774134791
11:13:47,252,4.471675774134791
11:13:48,252,4.471675774134791
11:13:49,252,4.471675774134791
11:13:50,252,4.471675774134791
11:13:51,252,4.471675774134791
11:13:52,252,4.471675774134791
11:13:53,252,4.488768115942029
11:13:54,252,4.488768115942029
11:13:55,252,4.488768115942029
11:13:56,252,4.506486486486486
11:13:57,252,4.506486486486486
11:13:58,252,4.506486486486486
11:13:59,252,4.506486486486486
11:14:00,252,4.524641577060932
11:14:01,252,4.524641577060932
11:14:02,252,4.524641577060932
11:14:03,252,4.541800356506239
11:14:04,252,4.541800356506239
11:14:05,252,4.541800356506239
11:14:06,253,4.560549645390071
11:14:07,253,4.560549645390071
11:14:08,253,4.560549645390071
11:14:09,253,4.560549645390071
11:14:10,253,4.560549645390071
11:14:11,253,4.548853615520282
11:14:12,253,4.548853615520282
11:14:13,253,4.548853615520282
11:14:14,253,4.548853615520282
11:14:15,253,4.548853615520282
11:14:16,253,4.548853615520282
11:14:17,253,4.567368421052632
11:14:18,254,4.567368421052632
11:14:19,254,4.567368421052632
11:14:20,254,4.567368421052632
11:14:21,254,4.567368421052632
11:14:22,255,4.567368421052632
11:14:23,255,4.567368421052632
11:14:24,256,4.567368421052632
11:14:25,256,4.567368421052632
11:14:26,256,4.567368421052632
11:14:27,256,4.567368421052632
11:14:28,256,4.584031413612565
11:14:29,256,4.584031413612565
11:14:30,257,4.571006944444445
11:14:31,257,4.571006944444445
11:14:32,257,4.571006944444445
11:14:33,258,4.571006944444445
11:14:34,258,4.58860103626943
11:14:35,258,4.58860103626943
11:14:36,258,4.58860103626943
11:14:37,258,4.606958762886597
11:14:38,259,4.593931623931624
11:14:39,260,4.593931623931624
11:14:40,260,4.593931623931624
11:14:41,261,4.593931623931624
11:14:42,261,4.593931623931624
11:14:43,261,4.593931623931624
11:14:44,262,4.593931623931624
11:14:45,263,4.613180272108844
11:14:46,263,4.613180272108844
11:14:47,265,4.613180272108844
11:14:48,265,4.613180272108844
11:14:49,266,4.613180272108844
11:14:50,267,4.613180272108844
11:14:51,267,4.613180272108844
11:14:52,268,4.613180272108844
11:14:53,269,4.613180272108844
11:14:54,269,4.613180272108844
11:14:55,269,4.613180272108844
11:14:56,270,4.613180272108844
11:14:57,271,4.613180272108844
11:14:58,271,4.613180272108844
11:14:59,271,4.613180272108844
11:15:00,272,4.613180272108844
11:15:01,273,4.613180272108844
11:15:02,273,4.613180272108844
11:15:03,273,4.613180272108844
11:15:04,274,4.613180272108844
11:15:05,275,4.613180272108844
11:15:06,276,4.633333333333334
11:15:07,276,4.633333333333334
11:15:08,276,4.652693602693603
11:15:09,276,4.652693602693603
11:15:10,277,4.652693602693603
11:15:11,277,4.671608040201005
11:15:12,277,4.671608040201005
11:15:13,278,4.671608040201005
11:15:14,278,4.671608040201005
11:15:15,278,4.671608040201005
11:15:16,278,4.671608040201005
11:15:17,279,4.68975
11:15:18,279,4.68975
11:15:19,279,4.68975
11:15:20,280,4.68975
11:15:21,280,4.68975
11:15:22,281,4.68975
11:15:23,281,4.68975
11:15:24,281,4.68975
11:15:25,282,4.68975
11:15:26,282,4.68975
11:15:27,282,4.68975
11:15:28,282,4.68975
11:15:29,282,4.68975
11:15:30,282,4.68975
11:15:31,284,4.68975
11:15:32,284,4.68975
11:15:33,284,4.709535655058043
11:15:34,285,4.709535655058043
11:15:35,285,4.709535655058043
11:15:36,285,4.709535655058043
11:15:37,285,4.709535655058043
11:15:38,286,4.709535655058043
11:15:39,287,4.709535655058043
11:15:40,288,4.709535655058043
11:15:41,289,4.72953795379538
11:15:42,289,4.72953795379538
11:15:43,290,4.748932676518883
11:15:44,290,4.748932676518883
11:15:45,291,4.748932676518883
11:15:46,292,4.748932676518883
11:15:47,292,4.748932676518883
11:15:48,294,4.748932676518883
11:15:49,294,4.748932676518883
11:15:50,294,4.748932676518883
11:15:51,295,4.748932676518883
11:15:52,295,4.748932676518883
11:15:53,296,4.748932676518883
11:15:54,296,4.748932676518883
11:15:55,297,4.770179738562091
11:15:56,297,4.770179738562091
11:15:57,298,4.770179738562091
11:15:58,299,4.770179738562091
11:15:59,299,4.79
11:16:00,300,4.79
11:16:01,301,4.79
11:16:02,301,4.79
11:16:03,301,4.79
11:16:04,303,4.79
11:16:05,304,4.79
11:16:06,305,4.809466019417475
11:16:07,305,4.809466019417475
11:16:08,306,4.809466019417475
11:16:09,306,4.809466019417475
11:16:10,307,4.809466019417475
11:16:11,307,4.809466019417475
11:16:12,308,4.809466019417475
11:16:13,309,4.809466019417475
11:16:14,309,4.830273752012882
11:16:15,309,4.830273752012882
11:16:16,311,4.849439102564102
11:16:17,311,4.849439102564102
11:16:18,311,4.849439102564102
11:16:19,312,4.849439102564102
11:16:20,313,4.849439102564102
11:16:21,313,4.849439102564102
11:16:22,314,4.849439102564102
11:16:23,315,4.849439102564102
11:16:24,315,4.870095693779904
11:16:25,316,4.870095693779904
11:16:26,316,4.870095693779904
11:16:27,318,4.886031746031746
11:16:28,319,4.886031746031746
11:16:29,319,4.886031746031746
11:16:30,319,4.886031746031746
11:16:31,320,4.886031746031746
11:16:32,320,4.886031746031746
11:16:33,320,4.886031746031746
11:16:34,321,4.9052132701421804
11:16:35,321,4.9052132701421804
11:16:36,321,4.9052132701421804
11:16:37,322,4.9052132701421804
11:16:38,323,4.9052132701421804
11:16:39,323,4.9052132701421804
11:16:40,323,4.9052132701421804
11:16:41,324,4.9052132701421804
11:16:42,325,4.893003144654088
11:16:43,325,4.893003144654088
11:16:44,326,4.893003144654088
11:16:45,326,4.893003144654088
11:16:46,326,4.893003144654088
11:16:47,328,4.893003144654088
11:16:48,328,4.914241001564945
11:16:49,328,4.914241001564945
11:16:50,329,4.914241001564945
11:16:51,330,4.920232558139535
11:16:52,330,4.920232558139535
11:16:53,331,4.937114197530864
11:16:54,332,4.925115207373271
11:16:55,332,4.912003058103975
11:16:56,333,4.912003058103975
11:16:57,333,4.912003058103975
11:16:58,333,4.900152207001522
11:16:59,334,4.900152207001522
11:17:00,335,4.900152207001522
11:17:01,335,4.900152207001522
11:17:02,335,4.900152207001522
11:17:03,335,4.888560606060606
11:17:04,335,4.888560606060606
11:17:05,335,4.888560606060606
11:17:06,335,4.888560606060606
11:17:07,336,4.888560606060606
11:17:08,336,4.888560606060606
11:17:09,336,4.888560606060606
11:17:10,336,4.888560606060606
11:17:11,337,4.888560606060606
11:17:12,337,4.888560606060606
11:17:13,338,4.910105580693815
11:17:14,338,4.9271021021021015
11:17:15,338,4.9271021021021015
11:17:16,338,4.9271021021021015
11:17:17,338,4.9271021021021015
11:17:18,339,4.917937219730942
11:17:19,339,4.917937219730942
11:17:20,339,4.917937219730942
11:17:21,340,4.917937219730942
11:17:22,340,4.940029761904762
11:17:23,340,4.940029761904762
11:17:24,340,4.956592592592593
11:17:25,340,4.956592592592593
11:17:26,340,4.956592592592593
11:17:27,340,4.956592592592593
11:17:28,340,4.956592592592593
11:17:29,340,4.956592592592593
11:17:30,340,4.956592592592593
11:17:31,340,4.956592592592593
11:17:32,340,4.956592592592593
11:17:33,340,4.956592592592593
11:17:34,340,4.956592592592593
11:17:35,340,4.947566371681416
11:17:36,340,4.9664464023494865
11:17:37,340,4.9664464023494865
11:17:38,340,4.9664464023494865
11:17:39,340,4.9664464023494865
11:17:40,340,4.9664464023494865
11:17:41,340,4.984429824561404
11:17:42,340,4.984429824561404
11:17:43,340,4.984429824561404
11:17:44,341,4.984429824561404
11:17:45,341,4.984429824561404
11:17:46,341,4.983623188405797
11:17:47,341,4.983623188405797
11:17:48,341,4.983623188405797
11:17:49,342,4.983623188405797
11:17:50,343,4.983623188405797
11:17:51,343,4.983623188405797
11:17:52,344,4.983623188405797
11:17:53,344,4.983623188405797
11:17:54,345,5.002813852813853
11:17:55,345,5.002813852813853
11:17:56,345,5.01221264367816
11:17:57,346,5.01221264367816
11:17:58,346,5.01221264367816
11:17:59,347,5.01221264367816
11:18:00,347,5.01221264367816
11:18:01,348,5.01221264367816
11:18:02,348,5.01221264367816
11:18:03,348,5.031974248927039
11:18:04,349,5.031974248927039
11:18:05,349,5.040242165242165
11:18:06,350,5.040242165242165
11:18:07,350,5.040242165242165
11:18:08,350,5.040242165242165
11:18:09,350,5.033262411347518
11:18:10,351,5.049293785310734
11:18:11,351,5.049293785310734
11:18:12,351,5.042334739803095
11:18:13,352,5.042334739803095
11:18:14,352,5.042334739803095
11:18:15,352,5.034453781512606
11:18:16,353,5.034453781512606
11:18:17,353,5.034453781512606
11:18:18,354,5.034453781512606
11:18:19,355,5.034453781512606
11:18:20,355,5.034453781512606
11:18:21,355,5.034453781512606
11:18:22,356,5.028312412831241
11:18:23,356,5.028312412831241
11:18:24,356,5.028312412831241
11:18:25,357,5.028312412831241
11:18:26,357,5.028312412831241
11:18:27,357,5.021597222222223
11:18:28,357,5.021597222222223
11:18:29,358,5.021597222222223
11:18:30,358,5.038381742738589
11:18:31,358,5.038381742738589
11:18:32,360,5.0317493112947655
11:18:33,360,5.0317493112947655
11:18:34,360,5.0317493112947655
11:18:35,361,5.0317493112947655
11:18:36,361,5.0317493112947655
11:18:37,362,5.0317493112947655
11:18:38,362,5.026131687242798
11:18:39,363,5.026131687242798
11:18:40,363,5.026131687242798
11:18:41,363,5.026131687242798
11:18:42,364,5.026131687242798
11:18:43,364,5.026131687242798
11:18:44,364,5.026131687242798
11:18:45,364,5.045013661202186
11:18:46,364,5.045013661202186
11:18:47,364,5.045013661202186
11:18:48,364,5.056258503401361
11:18:49,364,5.056258503401361
11:18:50,364,5.056258503401361
11:18:51,364,5.050609756097561
11:18:52,364,5.050609756097561
11:18:53,364,5.050609756097561
11:18:54,364,5.071120107962213
11:18:55,364,5.071120107962213
11:18:56,364,5.071120107962213
11:18:57,364,5.071120107962213
11:18:58,364,5.0824596774193544
11:18:59,365,5.0824596774193544
11:19:00,365,5.0824596774193544
11:19:01,365,5.0824596774193544
11:19:02,367,5.076104417670682
11:19:03,367,5.076104417670682
11:19:04,367,5.081806108897742
11:19:05,367,5.081806108897742
11:19:06,369,5.091666666666667
11:19:07,369,5.091666666666667
11:19:08,369,5.091666666666667
11:19:09,369,5.100988142292491
11:19:10,370,5.100988142292491
11:19:11,371,5.100988142292491
11:19:12,371,5.096522309711286
11:19:13,372,5.096522309711286
11:19:14,373,5.096522309711286
11:19:15,374,5.096522309711286
11:19:16,375,5.096522309711286
11:19:17,376,5.106470588235294
11:19:18,376,5.106470588235294
11:19:19,377,5.106470588235294
11:19:20,378,5.106470588235294
11:19:21,379,5.101822916666666
11:19:22,380,5.101822916666666
11:19:23,380,5.101822916666666
11:19:24,383,5.101822916666666
11:19:25,383,5.101822916666666
11:19:26,384,5.101822916666666
11:19:27,385,5.101822916666666
11:19:28,386,5.09798962386511
11:19:29,387,5.09798962386511
11:19:30,387,5.09798962386511
11:19:31,387,5.09798962386511
11:19:32,388,5.09798962386511
11:19:33,388,5.09798962386511
11:19:34,389,5.09798962386511
11:19:35,391,5.09798962386511
11:19:36,391,5.09798962386511
11:19:37,391,5.108397932816538
11:19:38,393,5.108397932816538
11:19:39,393,5.108397932816538
11:19:40,394,5.11981981981982
11:19:41,395,5.11981981981982
11:19:42,397,5.115961538461538
11:19:43,398,5.115961538461538
11:19:44,399,5.115961538461538
11:19:45,399,5.115961538461538
11:19:46,400,5.129182630906769
11:19:47,402,5.129182630906769
11:19:48,402,5.129182630906769
11:19:49,404,5.142111959287532
11:19:50,405,5.142111959287532
11:19:51,405,5.142111959287532
11:19:52,406,5.138466413181242
11:19:53,408,5.138466413181242
11:19:54,409,5.138466413181242
11:19:55,410,5.138466413181242
11:19:56,410,5.138466413181242
11:19:57,411,5.138466413181242
11:19:58,411,5.138466413181242
11:19:59,413,5.138466413181242
11:20:00,413,5.138466413181242
11:20:01,414,5.138466413181242
11:20:02,415,5.138466413181242
11:20:03,415,5.138466413181242
11:20:04,415,5.135732323232323
11:20:05,416,5.135732323232323
11:20:06,417,5.147358490566037
11:20:07,418,5.1458020050125315
11:20:08,418,5.1458020050125315
11:20:09,419,5.155907960199005
11:20:10,421,5.155907960199005
11:20:11,421,5.155907960199005
11:20:12,422,5.155907960199005
11:20:13,424,5.163692688971499
11:20:14,425,5.163692688971499
11:20:15,425,5.163692688971499
11:20:16,425,5.163692688971499
11:20:17,428,5.163692688971499
11:20:18,428,5.163692688971499
11:20:19,429,5.163692688971499
11:20:20,430,5.162345679012346
11:20:21,431,5.162345679012346
11:20:22,431,5.162345679012346
11:20:23,432,5.162345679012346
11:20:24,434,5.162345679012346
11:20:25,434,5.162345679012346
11:20:26,435,5.159778597785977
11:20:27,436,5.159778597785977
11:20:28,436,5.159778597785977
11:20:29,437,5.159778597785977
11:20:30,438,5.159778597785977
11:20:31,439,5.159778597785977
11:20:32,440,5.165445665445665
11:20:33,441,5.165445665445665
11:20:34,442,5.165445665445665
11:20:35,443,5.165445665445665
11:20:36,444,5.165445665445665
11:20:37,445,5.165445665445665
11:20:38,446,5.179090909090909
11:20:39,446,5.179090909090909
11:20:40,447,5.179090909090909
11:20:41,447,5.186883273164862
11:20:42,448,5.185971223021583
11:20:43,449,5.185971223021583
11:20:44,450,5.199522102747909
11:20:45,450,5.198154761904762
11:20:46,452,5.198154761904762
11:20:47,452,5.198154761904762
11:20:48,454,5.198154761904762
11:20:49,454,5.198154761904762
11:20:50,455,5.198154761904762
11:20:51,455,5.198154761904762
11:20:52,457,5.198154761904762
11:20:53,458,5.205397390272835
11:20:54,458,5.205397390272835
11:20:55,458,5.205397390272835
11:20:56,459,5.205397390272835
11:20:57,460,5.205397390272835
11:20:58,460,5.205397390272835
11:20:59,461,5.205397390272835
11:21:00,461,5.208628841607565
11:21:01,461,5.208598351001178
11:21:02,461,5.208598351001178
11:21:03,462,5.208598351001178
11:21:04,462,5.208598351001178
11:21:05,463,5.2125
11:21:06,463,5.2125
11:21:07,463,5.2125
11:21:08,464,5.2125
11:21:09,464,5.2125
11:21:10,464,5.222748538011696
11:21:11,464,5.222748538011696
11:21:12,464,5.222748538011696
11:21:13,464,5.222748538011696
11:21:14,464,5.222748538011696
11:21:15,464,5.222748538011696
11:21:16,464,5.2220862470862475
11:21:17,466,5.2220862470862475
11:21:18,466,5.2220862470862475
11:21:19,466,5.2220862470862475
11:21:20,466,5.2220862470862475
11:21:21,466,5.2220862470862475
11:21:22,466,5.2229384436701505
11:21:23,466,5.2229384436701505
11:21:24,466,5.223263888888889
11:21:25,466,5.223263888888889
11:21:26,466,5.223263888888889
11:21:27,467,5.229873125720876
11:21:28,467,5.229873125720876
11:21:29,467,5.229873125720876
11:21:30,467,5.241695303550974
11:21:31,467,5.241695303550974
11:21:32,468,5.241695303550974
11:21:33,468,5.2563356164383555
11:21:34,469,5.2563356164383555
11:21:35,469,5.266780432309443
11:21:36,469,5.266780432309443
11:21:37,471,5.268707482993197
11:21:38,471,5.268707482993197
11:21:39,471,5.268707482993197
11:21:40,472,5.268707482993197
11:21:41,472,5.269717514124294
11:21:42,472,5.269717514124294
11:21:43,472,5.269717514124294
11:21:44,473,5.269717514124294
11:21:45,473,5.269717514124294
11:21:46,474,5.271283783783784
11:21:47,475,5.271283783783784
11:21:48,475,5.271283783783784
11:21:49,475,5.271283783783784
11:21:50,475,5.271283783783784
11:21:51,476,5.271283783783784
11:21:52,477,5.271283783783784
11:21:53,477,5.271283783783784
11:21:54,477,5.271283783783784
11:21:55,478,5.269023569023569
11:21:56,478,5.280648769574944
11:21:57,478,5.280648769574944
11:21:58,479,5.280648769574944
11:21:59,480,5.280648769574944
11:22:00,480,5.28634336677815
11:22:01,481,5.28634336677815
11:22:02,481,5.28634336677815
11:22:03,481,5.28634336677815
11:22:04,481,5.28634336677815
11:22:05,481,5.28634336677815
11:22:06,481,5.292944444444444
11:22:07,482,5.292944444444444
11:22:08,482,5.292944444444444
11:22:09,482,5.289036544850498
11:22:10,483,5.289036544850498
11:22:11,483,5.289036544850498
11:22:12,483,5.289036544850498
11:22:13,483,5.289036544850498
11:22:14,483,5.298399558498897
11:22:15,483,5.298399558498897
11:22:16,483,5.298399558498897
11:22:17,483,5.305115511551155
11:22:18,483,5.305115511551155
11:22:19,483,5.307949561403508
11:22:20,483,5.307949561403508
11:22:21,483,5.311092896174864
11:22:22,483,5.311092896174864
11:22:23,483,5.311092896174864
11:22:24,483,5.313725490196078
11:22:25,483,5.313725490196078
11:22:26,483,5.319534632034632
11:22:27,483,5.319534632034632
11:22:28,484,5.319534632034632
11:22:29,484,5.318878101402373
11:22:30,484,5.318878101402373
11:22:31,484,5.322043010752688
11:22:32,484,5.322043010752688
11:22:33,484,5.322043010752688
11:22:34,485,5.320150053590568
11:22:35,485,5.320150053590568
11:22:36,485,5.320150053590568
11:22:37,485,5.320150053590568
11:22:38,485,5.323450854700854
11:22:39,485,5.323450854700854
11:22:40,485,5.323450854700854
11:22:41,486,5.323450854700854
11:22:42,486,5.323450854700854
11:22:43,486,5.323450854700854
11:22:44,486,5.323450854700854
11:22:45,487,5.323450854700854
11:22:46,487,5.323450854700854
11:22:47,487,5.329179978700746
11:22:48,488,5.329179978700746
11:22:49,489,5.329179978700746
11:22:50,489,5.329179978700746
11:22:51,489,5.336836518046709
11:22:52,490,5.336836518046709
11:22:53,490,5.336836518046709
11:22:54,490,5.338660337552742
11:22:55,491,5.338660337552742
11:22:56,491,5.338660337552742
11:22:57,491,5.336225026288118
11:22:58,491,5.336225026288118
11:22:59,492,5.336225026288118
11:23:00,492,5.336225026288118
11:23:01,492,5.336225026288118
11:23:02,492,5.336225026288118
11:23:03,492,5.336225026288118
11:23:04,492,5.336225026288118
11:23:05,492,5.336225026288118
11:23:06,492,5.336225026288118
11:23:07,492,5.336225026288118
11:23:08,492,5.3408280922431866
11:23:09,492,5.3408280922431866
11:23:10,493,5.3408280922431866
11:23:11,493,5.3462904911180775
11:23:12,493,5.3462904911180775
11:23:13,493,5.350677083333333
11:23:14,493,5.3482346832814125
11:23:15,493,5.3482346832814125
11:23:16,493,5.352889576883385
11:23:17,494,5.352889576883385
11:23:18,494,5.3575897435897435
11:23:19,494,5.3575897435897435
11:23:20,494,5.3575897435897435
11:23:21,494,5.362232415902141
11:23:22,494,5.362232415902141
11:23:23,494,5.362232415902141
11:23:24,495,5.362232415902141
11:23:25,495,5.362232415902141
11:23:26,495,5.362232415902141
11:23:27,495,5.362232415902141
11:23:28,495,5.362232415902141
11:23:29,495,5.362917933130699
11:23:30,495,5.362917933130699
11:23:31,495,5.361212121212121
11:23:32,495,5.361212121212121
11:23:33,495,5.361212121212121
11:23:34,495,5.366817724068479
11:23:35,495,5.366817724068479
11:23:36,496,5.366817724068479
11:23:37,496,5.366817724068479
11:23:38,496,5.366817724068479
11:23:39,496,5.366817724068479
11:23:40,498,5.366817724068479
11:23:41,498,5.372590361445783
11:23:42,498,5.372590361445783
11:23:43,498,5.372590361445783
11:23:44,498,5.372590361445783
11:23:45,498,5.374074074074074
11:23:46,499,5.374074074074074
11:23:47,499,5.374074074074074
11:23:48,499,5.374074074074074
11:23:49,500,5.374074074074074
11:23:50,500,5.374074074074074
11:23:51,500,5.374074074074074
11:23:52,501,5.37375249500998
11:23:53,501,5.37375249500998
11:23:54,502,5.37375249500998
11:23:55,503,5.37375249500998
11:23:56,503,5.37375249500998
11:23:57,504,5.37375249500998
11:23:58,506,5.380049751243781
11:23:59,506,5.380049751243781
11:24:00,508,5.380049751243781
11:24:01,508,5.380049751243781
11:24:02,509,5.380049751243781
11:24:03,510,5.385615079365079
11:24:04,510,5.385615079365079
11:24:05,510,5.3866963402571715
11:24:06,511,5.3866963402571715
11:24:07,511,5.3866963402571715
11:24:08,511,5.3866963402571715
11:24:09,512,5.3866963402571715
11:24:10,512,5.39285009861933
11:24:11,512,5.3944936086529
11:24:12,513,5.3944936086529
11:24:13,513,5.39328431372549
11:24:14,513,5.39328431372549
11:24:15,513,5.400097751710655
11:24:16,514,5.400097751710655
11:24:17,514,5.400097751710655
11:24:18,514,5.405004859086492
11:24:19,514,5.405004859086492
11:24:20,514,5.405004859086492
11:24:21,514,5.405004859086492
11:24:22,515,5.410949612403101
11:24:23,515,5.410949612403101
11:24:24,515,5.417777777777777
11:24:25,515,5.417777777777777
11:24:26,515,5.417777777777777
11:24:27,516,5.417777777777777
11:24:28,516,5.417777777777777
11:24:29,516,5.417777777777777
11:24:30,516,5.417777777777777
11:24:31,517,5.417777777777777
11:24:32,517,5.416377649325626
11:24:33,517,5.416377649325626
11:24:34,517,5.4228626320845335
11:24:35,518,5.4228626320845335
11:24:36,518,5.4228626320845335
11:24:37,518,5.4228626320845335
11:24:38,518,5.4228626320845335
11:24:39,519,5.4228626320845335
11:24:40,520,5.425
11:24:41,520,5.425
11:24:42,520,5.425
11:24:43,521,5.4321394460362935
11:24:44,521,5.4321394460362935
11:24:45,522,5.4321394460362935
11:24:46,523,5.4321394460362935
11:24:47,523,5.4321394460362935
11:24:48,523,5.4321394460362935
11:24:49,525,5.4321394460362935
11:24:50,525,5.4321394460362935
11:24:51,525,5.4321394460362935
11:24:52,525,5.435428571428572
11:24:53,526,5.435428571428572
11:24:54,526,5.441785375118709
11:24:55,526,5.441785375118709
11:24:56,526,5.441785375118709
11:24:57,527,5.441785375118709
11:24:58,528,5.441785375118709
11:24:59,528,5.442992424242424
11:25:00,528,5.442992424242424
11:25:01,529,5.450235404896421
11:25:02,530,5.450235404896421
11:25:03,530,5.453521126760563
11:25:04,531,5.453521126760563
11:25:05,531,5.453521126760563
11:25:06,531,5.453521126760563
11:25:07,532,5.453521126760563
11:25:08,532,5.461484593837535
11:25:09,532,5.461484593837535
11:25:10,532,5.461484593837535
11:25:11,532,5.461484593837535
11:25:12,533,5.461484593837535
11:25:13,533,5.461484593837535
11:25:14,533,5.461484593837535
11:25:15,533,5.461484593837535
11:25:16,534,5.461484593837535
11:25:17,535,5.461484593837535
11:25:18,535,5.461484593837535
11:25:19,535,5.461484593837535
11:25:20,535,5.461484593837535
11:25:21,536,5.461484593837535
11:25:22,536,5.4705663881151345
11:25:23,536,5.4705663881151345
11:25:24,536,5.475925925925925
11:25:25,537,5.475925925925925
11:25:26,537,5.475925925925925
11:25:27,537,5.475925925925925
11:25:28,537,5.475925925925925
11:25:29,537,5.475925925925925
11:25:30,538,5.475925925925925
11:25:31,538,5.475925925925925
11:25:32,538,5.475925925925925
11:25:33,539,5.475925925925925
11:25:34,539,5.485681399631676
11:25:35,539,5.485681399631676
11:25:36,540,5.485681399631676
11:25:37,540,5.497023809523809
11:25:38,540,5.497023809523809
11:25:39,541,5.497023809523809
11:25:40,541,5.497023809523809
11:25:41,542,5.501506849315068
11:25:42,542,5.501506849315068
11:25:43,542,5.501506849315068
11:25:44,542,5.504735883424408
11:25:45,542,5.504735883424408
11:25:46,542,5.504735883424408
11:25:47,542,5.507084468664851
11:25:48,542,5.507084468664851
11:25:49,542,5.507084468664851
11:25:50,542,5.507084468664851
11:25:51,542,5.507084468664851
11:25:52,542,5.516349637681159
11:25:53,543,5.516349637681159
11:25:54,543,5.516349637681159
11:25:55,543,5.516349637681159
11:25:56,543,5.516349637681159
11:25:57,543,5.517163504968383
11:25:58,544,5.517163504968383
11:25:59,544,5.517163504968383
11:26:00,544,5.529874213836478
11:26:01,544,5.529874213836478
11:26:02,544,5.533378136200716
11:26:03,544,5.533378136200716
11:26:04,545,5.533378136200716
11:26:05,545,5.533378136200716
11:26:06,545,5.533378136200716
11:26:07,545,5.533378136200716
11:26:08,546,5.533378136200716
11:26:09,546,5.533378136200716
11:26:10,546,5.533378136200716
11:26:11,546,5.541577540106952
11:26:12,546,5.541577540106952
11:26:13,546,5.541577540106952
11:26:14,546,5.541577540106952
11:26:15,546,5.547111111111111
11:26:16,546,5.547111111111111
11:26:17,546,5.547606382978723
11:26:18,546,5.547606382978723
11:26:19,546,5.547606382978723
11:26:20,546,5.547606382978723
11:26:21,546,5.547606382978723
11:26:22,547,5.547606382978723
11:26:23,547,5.5488505747126435
11:26:24,547,5.559038800705467
11:26:25,548,5.559038800705467
11:26:26,548,5.566710642040458
11:26:27,549,5.566710642040458
11:26:28,549,5.566710642040458
11:26:29,550,5.566710642040458
11:26:30,552,5.566710642040458
11:26:31,552,5.570745614035088
11:26:32,552,5.57419072615923
11:26:33,552,5.57419072615923
11:26:34,553,5.57419072615923
11:26:35,555,5.57419072615923
11:26:36,555,5.577617801047121
11:26:37,555,5.577617801047121
11:26:38,556,5.577617801047121
11:26:39,557,5.577617801047121
11:26:40,558,5.577617801047121
11:26:41,558,5.578894691035683
11:26:42,558,5.578894691035683
11:26:43,558,5.583289930555555
11:26:44,559,5.583289930555555
11:26:45,560,5.583289930555555
11:26:46,560,5.583289930555555
11:26:47,560,5.583289930555555
11:26:48,560,5.583289930555555
11:26:49,560,5.591904761904762
11:26:50,560,5.591904761904762
11:26:51,560,5.591904761904762
11:26:52,561,5.591904761904762
11:26:53,561,5.591904761904762
11:26:54,561,5.591904761904762
11:26:55,561,5.591904761904762
11:26:56,561,5.591904761904762
11:26:57,561,5.591904761904762
11:26:58,561,5.591904761904762
11:26:59,561,5.591904761904762
11:27:00,561,5.591904761904762
11:27:01,561,5.591904761904762
11:27:02,561,5.591904761904762
11:27:03,561,5.591904761904762
11:27:04,561,5.591904761904762
11:27:05,561,5.596157167530224
11:27:06,561,5.601421188630491
11:27:07,561,5.601421188630491
11:27:08,561,5.601421188630491
11:27:09,562,5.604939862542955
11:27:10,562,5.604939862542955
11:27:11,562,5.604939862542955
11:27:12,562,5.604939862542955
11:27:13,562,5.604939862542955
11:27:14,562,5.608354755784061
11:27:15,562,5.6162820512820515
11:27:16,562,5.6162820512820515
11:27:17,562,5.6162820512820515
11:27:18,562,5.62608695652174
11:27:19,563,5.62608695652174
11:27:20,563,5.62984693877551
11:27:21,563,5.62984693877551
11:27:22,563,5.62984693877551
11:27:23,563,5.632442748091603
11:27:24,563,5.632442748091603
11:27:25,563,5.632442748091603
11:27:26,563,5.632442748091603
11:27:27,563,5.632442748091603
11:27:28,563,5.632442748091603
11:27:29,563,5.632442748091603
11:27:30,563,5.635575296108291
11:27:31,563,5.635575296108291
11:27:32,563,5.635575296108291
11:27:33,563,5.635575296108291
11:27:34,563,5.635575296108291
11:27:35,563,5.635575296108291
11:27:36,563,5.64210970464135
11:27:37,565,5.64210970464135
11:27:38,565,5.64210970464135
11:27:39,565,5.64210970464135
11:27:40,565,5.649454240134341
11:27:41,566,5.649454240134341
11:27:42,566,5.649454240134341
11:27:43,567,5.649454240134341
11:27:44,567,5.656909547738693
11:27:45,568,5.656909547738693
11:27:46,570,5.656909547738693
11:27:47,570,5.656909547738693
11:27:48,570,5.656909547738693
11:27:49,571,5.665875
11:27:50,571,5.665875
11:27:51,571,5.665875
11:27:52,572,5.6729842061512885
11:27:53,573,5.6729842061512885
11:27:54,573,5.677487562189055
11:27:55,573,5.677487562189055
11:27:56,573,5.677487562189055
11:27:57,573,5.677487562189055
11:27:58,574,5.681927212572374
11:27:59,574,5.681927212572374
11:28:00,574,5.681927212572374
11:28:01,574,5.683250825082508
11:28:02,575,5.683250825082508
11:28:03,575,5.6909465020576135
11:28:04,575,5.694868637110017
11:28:05,575,5.694868637110017
11:28:06,575,5.694868637110017
11:28:07,576,5.694868637110017
11:28:08,576,5.7026617526617525
11:28:09,576,5.7026617526617525
11:28:10,576,5.7101307189542485
11:28:11,576,5.7101307189542485
11:28:12,576,5.717848410757947
11:28:13,576,5.717848410757947
11:28:14,576,5.717848410757947
11:28:15,576,5.725040650406504
11:28:16,576,5.725040650406504
11:28:17,576,5.725040650406504
11:28:18,576,5.725040650406504
11:28:19,576,5.725040650406504
11:28:20,576,5.725040650406504
11:28:21,576,5.725040650406504
11:28:22,576,5.725040650406504
11:28:23,576,5.725040650406504
11:28:24,576,5.7272100567721
11:28:25,576,5.732645631067961
11:28:26,576,5.732645631067961
11:28:27,576,5.732645631067961
11:28:28,576,5.740032284100081
11:28:29,576,5.740032284100081
11:28:30,576,5.740032284100081
11:28:31,576,5.740032284100081
11:28:32,577,5.744645732689211
11:28:33,578,5.744645732689211
11:28:34,578,5.744645732689211
11:28:35,578,5.744645732689211
11:28:36,579,5.744645732689211
11:28:37,580,5.752208835341365
11:28:38,580,5.752208835341365
11:28:39,580,5.752208835341365
11:28:40,581,5.759935897435898
11:28:41,581,5.759935897435898
11:28:42,581,5.759935897435898
11:28:43,581,5.759935897435898
11:28:44,581,5.759935897435898
11:28:45,582,5.759935897435898
11:28:46,582,5.765507593924861
11:28:47,582,5.765507593924861
11:28:48,583,5.765507593924861
11:28:49,583,5.768062200956938
11:28:50,583,5.768062200956938
11:28:51,583,5.768062200956938
11:28:52,583,5.768062200956938
11:28:53,583,5.768062200956938
11:28:54,583,5.76909307875895
11:28:55,583,5.76909307875895
11:28:56,583,5.76909307875895
11:28:57,583,5.7819081551860645
11:28:58,583,5.7819081551860645
11:28:59,584,5.7819081551860645
11:29:00,584,5.790758293838863
11:29:01,584,5.790758293838863
11:29:02,584,5.799251379038613
11:29:03,584,5.799251379038613
11:29:04,584,5.799251379038613
11:29:05,584,5.799251379038613
11:29:06,584,5.804913522012579
11:29:07,584,5.804913522012579
11:29:08,584,5.804913522012579
11:29:09,584,5.804913522012579
11:29:10,584,5.804913522012579
11:29:11,584,5.804913522012579
11:29:12,584,5.804913522012579
11:29:13,584,5.804913522012579
11:29:14,584,5.804913522012579
11:29:15,584,5.804913522012579
11:29:16,584,5.819053208137715
11:29:17,584,5.819053208137715
11:29:18,584,5.827205308352849
11:29:19,584,5.827205308352849
11:29:20,584,5.827205308352849
11:29:21,584,5.827205308352849
11:29:22,584,5.827205308352849
11:29:23,584,5.827205308352849
11:29:24,584,5.827205308352849
11:29:25,585,5.836526479750779
11:29:26,585,5.836526479750779
11:29:27,585,5.836526479750779
11:29:28,585,5.836526479750779
11:29:29,585,5.836526479750779
11:29:30,585,5.836526479750779
11:29:31,585,5.836526479750779
11:29:32,585,5.836526479750779
11:29:33,585,5.836526479750779
11:29:34,585,5.836526479750779
11:29:35,585,5.836526479750779
11:29:36,585,5.838850038850039
11:29:37,585,5.838850038850039
11:29:38,586,5.838850038850039
11:29:39,586,5.84391472868217
11:29:40,586,5.84391472868217
11:29:41,587,5.850502706883217
11:29:42,588,5.859992283950617
11:29:43,588,5.859992283950617
11:29:44,588,5.860431100846806
11:29:45,589,5.86989247311828
11:29:46,589,5.86989247311828
11:29:47,590,5.87927203065134
11:29:48,590,5.87927203065134
11:29:49,591,5.883639143730887
11:29:50,591,5.892448512585813
11:29:51,591,5.892448512585813
11:29:52,591,5.892448512585813
11:29:53,591,5.9017884322678835
11:29:54,591,5.9017884322678835
11:29:55,592,5.9017884322678835
11:29:56,592,5.9017884322678835
11:29:57,592,5.906605922551253
11:29:58,592,5.906605922551253
11:29:59,593,5.906605922551253
11:30:00,593,5.90719696969697
11:30:01,593,5.90719696969697
11:30:02,593,5.90719696969697
11:30:03,594,5.90719696969697
11:30:04,594,5.90719696969697
11:30:05,595,5.90719696969697
11:30:06,595,5.90719696969697
11:30:07,595,5.90719696969697
11:30:08,595,5.90719696969697
11:30:09,596,5.912585034013605
11:30:10,596,5.912585034013605
11:30:11,596,5.914517345399698
11:30:12,596,5.914517345399698
11:30:13,597,5.914517345399698
11:30:14,598,5.920955605718586
11:30:15,598,5.931156156156157
11:30:16,599,5.931156156156157
11:30:17,599,5.931156156156157
11:30:18,599,5.931156156156157
11:30:19,600,5.931156156156157
11:30:20,600,5.931156156156157
11:30:21,600,5.931156156156157
11:30:22,600,5.934756554307116
11:30:23,601,5.934756554307116
11:30:24,601,5.934756554307116
11:30:25,601,5.934756554307116
11:30:26,601,5.934756554307116
11:30:27,601,5.934756554307116
11:30:28,603,5.934756554307116
11:30:29,604,5.934756554307116
11:30:30,604,5.934756554307116
11:30:31,605,5.934756554307116
11:30:32,605,5.945216741405082
11:30:33,605,5.945216741405082
11:30:34,606,5.945216741405082
11:30:35,606,5.955592841163311
11:30:36,606,5.955592841163311
11:30:37,606,5.955592841163311
11:30:38,607,5.965141369047619
11:30:39,608,5.965141369047619
11:30:40,609,5.965141369047619
11:30:41,609,5.965141369047619
11:30:42,609,5.975018559762435
11:30:43,611,5.975018559762435
11:30:44,611,5.975018559762435
11:30:45,611,5.9798888888888895
11:30:46,612,5.9798888888888895
11:30:47,614,5.981559497413156
11:30:48,614,5.981559497413156
11:30:49,614,5.981559497413156
11:30:50,614,5.983075221238938
11:30:51,614,5.994186902133921
11:30:52,614,5.994186902133921
11:30:53,614,5.994186902133921
11:30:54,614,5.994186902133921
11:30:55,614,5.994186902133921
11:30:56,614,6.004588839941263
11:30:57,614,6.004588839941263
11:30:58,614,6.004588839941263
11:30:59,614,6.004588839941263
11:31:00,614,6.004588839941263
11:31:01,614,6.011465201465201
11:31:02,614,6.011465201465201
11:31:03,614,6.011465201465201
11:31:04,614,6.018713450292397
11:31:05,614,6.030051057622174
11:31:06,614,6.030051057622174
11:31:07,614,6.04108442503639
11:31:08,615,6.04108442503639
11:31:09,615,6.04108442503639
11:31:10,615,6.051706608569353
11:31:11,615,6.051706608569353
11:31:12,616,6.051706608569353
11:31:13,616,6.051706608569353
11:31:14,617,6.062463768115943
11:31:15,618,6.062463768115943
11:31:16,619,6.062463768115943
11:31:17,619,6.062463768115943
11:31:18,619,6.062463768115943
11:31:19,621,6.062463768115943
11:31:20,622,6.0676428054953
11:31:21,622,6.0676428054953
11:31:22,622,6.0676428054953
11:31:23,622,6.0676428054953
11:31:24,622,6.0676428054953
11:31:25,622,6.0689033189033195
11:31:26,622,6.0689033189033195
11:31:27,622,6.0689033189033195
11:31:28,622,6.072390208783298
11:31:29,622,6.072390208783298
11:31:30,622,6.072390208783298
11:31:31,622,6.072390208783298
11:31:32,622,6.072390208783298
11:31:33,622,6.07496408045977
11:31:34,623,6.07496408045977
11:31:35,623,6.086559139784947
11:31:36,623,6.086559139784947
11:31:37,623,6.086559139784947
11:31:38,623,6.086559139784947
11:31:39,623,6.094206008583692
11:31:40,623,6.094206008583692
11:31:41,623,6.094206008583692
11:31:42,623,6.094206008583692
11:31:43,623,6.104960742326909
11:31:44,623,6.104960742326909
11:31:45,623,6.1068019943019936
11:31:46,623,6.118123667377399
11:31:47,623,6.118123667377399
11:31:48,623,6.118123667377399
11:31:49,623,6.118123667377399
11:31:50,623,6.118123667377399
11:31:51,623,6.125780141843972
11:31:52,623,6.125780141843972
11:31:53,623,6.125780141843972
11:31:54,623,6.125780141843972
11:31:55,624,6.138145789101203
11:31:56,624,6.138145789101203
11:31:57,624,6.138145789101203
11:31:58,624,6.138145789101203
11:31:59,624,6.138145789101203
11:32:00,624,6.138145789101203
11:32:01,624,6.138145789101203
11:32:02,624,6.138145789101203
11:32:03,624,6.142231638418079
11:32:04,624,6.142231638418079
11:32:05,625,6.142231638418079
11:32:06,625,6.142231638418079
11:32:07,625,6.144855532064835
11:32:08,625,6.144855532064835
11:32:09,625,6.149331926863572
11:32:10,625,6.149331926863572
11:32:11,625,6.161684210526316
11:32:12,626,6.161684210526316
11:32:13,626,6.161684210526316
11:32:14,626,6.16922268907563
11:32:15,626,6.16922268907563
11:32:16,626,6.16922268907563
11:32:17,626,6.181167016072677
11:32:18,626,6.181167016072677
11:32:19,627,6.181167016072677
11:32:20,628,6.181167016072677
11:32:21,628,6.181167016072677
11:32:22,630,6.181167016072677
11:32:23,630,6.181167016072677
11:32:24,630,6.181167016072677
11:32:25,631,6.193235704323571
11:32:26,631,6.193235704323571
11:32:27,631,6.193235704323571
11:32:28,632,6.193235704323571
11:32:29,634,6.197564370215727
11:32:30,634,6.21
11:32:31,635,6.21
11:32:32,635,6.21
11:32:33,636,6.222002772002772
11:32:34,636,6.222002772002772
11:32:35,638,6.236438923395445
11:32:36,639,6.236438923395445
11:32:37,639,6.249242424242424
11:32:38,639,6.249242424242424
11:32:39,642,6.249242424242424
11:32:40,642,6.249242424242424
11:32:41,642,6.256323024054983
11:32:42,643,6.256323024054983
11:32:43,644,6.256323024054983
11:32:44,644,6.256323024054983
11:32:45,644,6.256323024054983
11:32:46,645,6.256323024054983
11:32:47,645,6.256323024054983
11:32:48,645,6.263751714677641
11:32:49,646,6.263751714677641
11:32:50,646,6.276180698151951
11:32:51,647,6.276180698151951
11:32:52,647,6.288080601092896
11:32:53,647,6.288080601092896
11:32:54,647,6.288080601092896
11:32:55,647,6.288080601092896
11:32:56,647,6.288080601092896
11:32:57,648,6.288080601092896
11:32:58,648,6.288080601092896
11:32:59,648,6.288080601092896
11:33:00,649,6.305510204081632
11:33:01,650,6.305510204081632
11:33:02,650,6.305510204081632
11:33:03,650,6.305510204081632
11:33:04,651,6.305510204081632
11:33:05,651,6.3182281059063135
11:33:06,651,6.3182281059063135
11:33:07,652,6.329810298102982
11:33:08,652,6.329810298102982
11:33:09,652,6.329810298102982
11:33:10,652,6.329810298102982
11:33:11,653,6.329810298102982
11:33:12,653,6.342089249492901
11:33:13,654,6.342089249492901
11:33:14,654,6.342089249492901
11:33:15,654,6.342089249492901
11:33:16,656,6.342089249492901
11:33:17,656,6.342089249492901
11:33:18,656,6.342089249492901
11:33:19,657,6.342089249492901
11:33:20,658,6.341396761133604
11:33:21,658,6.341396761133604
11:33:22,658,6.341396761133604
11:33:23,658,6.354309764309764
11:33:24,659,6.354309764309764
11:33:25,659,6.354309764309764
11:33:26,660,6.354309764309764
11:33:27,661,6.354309764309764
11:33:28,661,6.354309764309764
11:33:29,661,6.354309764309764
11:33:30,662,6.354309764309764
11:33:31,663,6.3599126344086025
11:33:32,663,6.3599126344086025
11:33:33,663,6.3599126344086025
11:33:34,665,6.3785475234270415
11:33:35,665,6.3785475234270415
11:33:36,665,6.3785475234270415
11:33:37,665,6.384802939211757
11:33:38,666,6.384802939211757
11:33:39,666,6.400864936793081
11:33:40,666,6.400864936793081
11:33:41,667,6.413877822045152
11:33:42,668,6.413877822045152
11:33:43,668,6.413877822045152
11:33:44,669,6.413877822045152
11:33:45,670,6.413877822045152
11:33:46,670,6.413877822045152
11:33:47,671,6.413877822045152
11:33:48,671,6.413877822045152
11:33:49,671,6.413877822045152
11:33:50,671,6.413877822045152
11:33:51,672,6.413877822045152
11:33:52,672,6.413877822045152
11:33:53,672,6.413877822045152
11:33:54,672,6.413877822045152
11:33:55,674,6.419648774022532
11:33:56,674,6.419648774022532
11:33:57,674,6.432671957671958
11:33:58,675,6.432671957671958
11:33:59,676,6.432671957671958
11:34:00,676,6.432671957671958
11:34:01,676,6.432671957671958
11:34:02,678,6.432671957671958
11:34:03,678,6.432671957671958
11:34:04,678,6.432671957671958
11:34:05,679,6.432671957671958
11:34:06,679,6.438613861386139
11:34:07,679,6.438613861386139
11:34:08,680,6.457560815253123
11:34:09,680,6.457560815253123
11:34:10,680,6.457560815253123
11:34:11,681,6.457560815253123
11:34:12,681,6.46253280839895
11:34:13,681,6.476162409954158
11:34:14,681,6.476162409954158
11:34:15,681,6.482516339869281
11:34:16,681,6.495499021526419
11:34:17,681,6.495499021526419
11:34:18,681,6.495499021526419
11:34:19,681,6.5029296875
11:34:20,681,6.5029296875
11:34:21,681,6.5029296875
11:34:22,681,6.5029296875
11:34:23,681,6.5029296875
11:34:24,681,6.515789473684211
11:34:25,682,6.515789473684211
11:34:26,682,6.515789473684211
11:34:27,682,6.515789473684211
11:34:28,683,6.515789473684211
11:34:29,683,6.515466926070038
11:34:30,683,6.523818770226537
11:34:31,683,6.523818770226537
11:34:32,683,6.523818770226537
11:34:33,683,6.523818770226537
11:34:34,683,6.523818770226537
11:34:35,683,6.523818770226537
11:34:36,683,6.523818770226537
11:34:37,683,6.523818770226537
11:34:38,683,6.523818770226537
11:34:39,683,6.523818770226537
11:34:40,683,6.523818770226537
11:34:41,683,6.523818770226537
11:34:42,683,6.529812661498708
11:34:43,683,6.529812661498708
11:34:44,683,6.529812661498708
11:34:45,683,6.536363636363636
11:34:46,683,6.536363636363636
11:34:47,683,6.536363636363636
11:34:48,683,6.536363636363636
11:34:49,683,6.536363636363636
11:34:50,683,6.536363636363636
11:34:51,683,6.536363636363636
11:34:52,683,6.536363636363636
11:34:53,683,6.536363636363636
11:34:54,683,6.536363636363636
11:34:55,683,6.536363636363636
11:34:56,683,6.542213642213642
11:34:57,683,6.555908798972383
11:34:58,683,6.555908798972383
11:34:59,683,6.555908798972383
11:35:00,683,6.555908798972383
11:35:01,683,6.556698717948718
11:35:02,683,6.570921305182342
11:35:03,683,6.576500638569604
11:35:04,683,6.576500638569604
11:35:05,683,6.5832695984703635
11:35:06,683,6.5832695984703635
11:35:07,683,6.5832695984703635
11:35:08,683,6.5832695984703635
11:35:09,683,6.5832695984703635
11:35:10,683,6.5832695984703635
11:35:11,683,6.5832695984703635
11:35:12,683,6.5832695984703635
11:35:13,683,6.591984732824428
11:35:14,683,6.591984732824428
11:35:15,683,6.591984732824428
11:35:16,684,6.591984732824428
11:35:17,684,6.591984732824428
11:35:18,684,6.608174904942966
11:35:19,684,6.608174904942966
11:35:20,684,6.608174904942966
11:35:21,684,6.628472222222222
11:35:22,684,6.628472222222222
11:35:23,684,6.628472222222222
11:35:24,684,6.628472222222222
11:35:25,684,6.628472222222222
11:35:26,684,6.628472222222222
11:35:27,684,6.628472222222222
11:35:28,686,6.628472222222222
11:35:29,686,6.628472222222222
11:35:30,686,6.628472222222222
11:35:31,687,6.637775677378702
11:35:32,687,6.637775677378702
11:35:33,687,6.642327044025157
11:35:34,687,6.642327044025157
11:35:35,687,6.642327044025157
11:35:36,688,6.655084745762712
11:35:37,689,6.655084745762712
11:35:38,690,6.661998746867168
11:35:39,690,6.661998746867168
11:35:40,690,6.672701688555347
11:35:41,691,6.672701688555347
11:35:42,691,6.672701688555347
11:35:43,692,6.672701688555347
11:35:44,692,6.672701688555347
11:35:45,692,6.672701688555347
11:35:46,694,6.672701688555347
11:35:47,694,6.6798689138576774
11:35:48,695,6.686323987538941
11:35:49,696,6.686323987538941
11:35:50,697,6.686323987538941
11:35:51,697,6.6931281094527355
11:35:52,698,6.6931281094527355
11:35:53,698,6.6931281094527355
11:35:54,699,6.704345127250155
11:35:55,699,6.704345127250155
11:35:56,700,6.704345127250155
11:35:57,700,6.704345127250155
11:35:58,700,6.704345127250155
11:35:59,700,6.704345127250155
11:36:00,700,6.704345127250155
11:36:01,700,6.704345127250155
11:36:02,700,6.704345127250155
11:36:03,701,6.704345127250155
11:36:04,701,6.709882280049566
11:36:05,702,6.709882280049566
11:36:06,702,6.709882280049566
11:36:07,702,6.714965986394558
11:36:08,703,6.719876543209876
11:36:09,704,6.725939617991374
11:36:10,704,6.725939617991374
11:36:11,704,6.736039360393604
11:36:12,704,6.736039360393604
11:36:13,705,6.736039360393604
11:36:14,705,6.736039360393604
11:36:15,705,6.736039360393604
11:36:16,705,6.736039360393604
11:36:17,706,6.736039360393604
11:36:18,706,6.736039360393604
11:36:19,706,6.736039360393604
11:36:20,707,6.736039360393604
11:36:21,707,6.747084100675261
11:36:22,707,6.748651960784314
11:36:23,707,6.761162079510703
11:36:24,708,6.761162079510703
11:36:25,708,6.761162079510703
11:36:26,708,6.767032967032967
11:36:27,708,6.774801950030469
11:36:28,708,6.774801950030469
11:36:29,708,6.774801950030469
11:36:30,710,6.784002433090024
11:36:31,710,6.784002433090024
11:36:32,710,6.784002433090024
11:36:33,711,6.784002433090024
11:36:34,711,6.784002433090024
11:36:35,711,6.784002433090024
11:36:36,711,6.784002433090024
11:36:37,711,6.784002433090024
11:36:38,711,6.784002433090024
11:36:39,712,6.784002433090024
11:36:40,712,6.784426229508197
11:36:41,712,6.784426229508197
11:36:42,712,6.791575757575758
11:36:43,712,6.799243799153055
11:36:44,712,6.807065217391304
11:36:45,712,6.807065217391304
11:36:46,713,6.807065217391304
11:36:47,713,6.813471971066908
11:36:48,713,6.813471971066908
11:36:49,713,6.813471971066908
11:36:50,714,6.813471971066908
11:36:51,714,6.813471971066908
11:36:52,714,6.813471971066908
11:36:53,714,6.819735258724429
11:36:54,715,6.819735258724429
11:36:55,715,6.819735258724429
11:36:56,715,6.819735258724429
11:36:57,715,6.825825825825826
11:36:58,716,6.825825825825826
11:36:59,716,6.825825825825826
11:37:00,716,6.825825825825826
11:37:01,717,6.825825825825826
11:37:02,717,6.832464028776979
11:37:03,717,6.832464028776979
11:37:04,717,6.832464028776979
11:37:05,717,6.832464028776979
11:37:06,718,6.832464028776979
11:37:07,718,6.832464028776979
11:37:08,718,6.832464028776979
11:37:09,718,6.832464028776979
11:37:10,719,6.832464028776979
11:37:11,719,6.843836026331538
11:37:12,719,6.847043010752688
11:37:13,719,6.8576028622540255
11:37:14,719,6.8576028622540255
11:37:15,719,6.8671428571428565
11:37:16,719,6.8671428571428565
11:37:17,719,6.869994058229352
11:37:18,720,6.869994058229352
11:37:19,720,6.876838671411625
11:37:20,720,6.876838671411625
11:37:21,720,6.881764357608052
11:37:22,720,6.881764357608052
11:37:23,721,6.881764357608052
11:37:24,721,6.881764357608052
11:37:25,721,6.881764357608052
11:37:26,722,6.881764357608052
11:37:27,722,6.881764357608052
11:37:28,722,6.881764357608052
11:37:29,722,6.8890070921985815
11:37:30,723,6.894011799410029
11:37:31,723,6.900971731448763
11:37:32,723,6.908994708994709
11:37:33,724,6.908994708994709
11:37:34,724,6.912470657276995
11:37:35,724,6.912470657276995
11:37:36,724,6.919683655536028
11:37:37,725,6.9203216374269
11:37:38,725,6.9203216374269
11:37:39,725,6.9203216374269
11:37:40,726,6.9203216374269
11:37:41,726,6.9203216374269
11:37:42,726,6.9203216374269
11:37:43,726,6.9203216374269
11:37:44,726,6.9203216374269
11:37:45,726,6.9203216374269
11:37:46,726,6.9203216374269
11:37:47,726,6.9203216374269
11:37:48,726,6.9203216374269
11:37:49,726,6.925802685347344
11:37:50,726,6.925802685347344
11:37:51,726,6.925802685347344
11:37:52,726,6.925802685347344
11:37:53,727,6.925802685347344
11:37:54,727,6.925802685347344
11:37:55,727,6.925802685347344
11:37:56,727,6.925802685347344
11:37:57,727,6.925802685347344
11:37:58,727,6.925802685347344
11:37:59,727,6.925802685347344
11:38:00,727,6.925802685347344
11:38:01,727,6.92770979020979
11:38:02,727,6.92770979020979
11:38:03,727,6.92770979020979
11:38:04,728,6.92770979020979
11:38:05,729,6.935165794066318
11:38:06,730,6.935165794066318
11:38:07,730,6.943060394889662
11:38:08,730,6.943060394889662
11:38:09,730,6.948840579710145
11:38:10,730,6.948840579710145
11:38:11,730,6.951388888888888
11:38:12,730,6.951388888888888
11:38:13,730,6.957076834199884
11:38:14,730,6.957076834199884
11:38:15,730,6.957076834199884
11:38:16,730,6.957076834199884
11:38:17,730,6.957076834199884
11:38:18,730,6.957076834199884
11:38:19,730,6.961159169550173
11:38:20,730,6.961159169550173
11:38:21,731,6.961159169550173
11:38:22,731,6.962895797351757
11:38:23,731,6.962895797351757
11:38:24,732,6.970051635111876
11:38:25,732,6.970051635111876
11:38:26,732,6.972136311569301
11:38:27,732,6.978473413379074
11:38:28,732,6.978473413379074
11:38:29,732,6.98093607305936
11:38:30,732,6.98093607305936
11:38:31,733,6.98093607305936
11:38:32,733,6.98093607305936
11:38:33,734,6.98093607305936
11:38:34,734,6.98093607305936
11:38:35,734,6.98093607305936
11:38:36,735,6.98093607305936
11:38:37,735,6.98093607305936
11:38:38,735,6.98093607305936
11:38:39,735,6.982678062678063
11:38:40,735,6.986063708759954
11:38:41,735,6.988131743327655
11:38:42,735,6.988131743327655
11:38:43,735,6.9984153933220155
11:38:44,735,6.9984153933220155
11:38:45,735,6.9984153933220155
11:38:46,735,6.9984153933220155
11:38:47,735,6.9984153933220155
11:38:48,735,6.9984153933220155
11:38:49,735,6.9984153933220155
11:38:50,735,6.9984153933220155
11:38:51,735,6.9984153933220155
11:38:52,735,6.9984153933220155
11:38:53,735,6.9984153933220155
11:38:54,735,6.9984153933220155
11:38:55,735,6.9984153933220155
11:38:56,735,7.0057062146892655
11:38:57,735,7.007670614777213
11:38:58,736,7.007670614777213
11:38:59,736,7.007670614777213
11:39:00,736,7.014864864864864
11:39:01,736,7.014864864864864
11:39:02,736,7.014864864864864
11:39:03,737,7.014864864864864
11:39:04,738,7.014864864864864
11:39:05,738,7.014864864864864
11:39:06,738,7.014864864864864
11:39:07,740,7.014864864864864
11:39:08,740,7.014864864864864
11:39:09,740,7.019421023046656
11:39:10,740,7.019421023046656
11:39:11,741,7.020903479236813
11:39:12,741,7.028543417366947
11:39:13,743,7.028543417366947
11:39:14,744,7.028543417366947
11:39:15,744,7.03534338358459
11:39:16,744,7.03534338358459
11:39:17,744,7.03534338358459
11:39:18,744,7.041415830546265
11:39:19,744,7.041415830546265
11:39:20,744,7.048747913188648
11:39:21,744,7.048747913188648
11:39:22,744,7.048747913188648
11:39:23,744,7.048747913188648
11:39:24,744,7.052194444444444
11:39:25,744,7.052194444444444
11:39:26,744,7.052194444444444
11:39:27,744,7.052194444444444
11:39:28,744,7.052194444444444
11:39:29,745,7.052194444444444
11:39:30,745,7.052194444444444
11:39:31,745,7.055074875207987
11:39:32,746,7.059468438538206
11:39:33,746,7.060972913211719
11:39:34,746,7.060972913211719
11:39:35,746,7.060972913211719
11:39:36,747,7.060972913211719
11:39:37,747,7.060972913211719
11:39:38,747,7.060972913211719
11:39:39,747,7.060972913211719
11:39:40,747,7.060972913211719
11:39:41,747,7.060972913211719
11:39:42,748,7.060972913211719
11:39:43,748,7.065093818984548
11:39:44,748,7.065093818984548
11:39:45,748,7.065123966942149
11:39:46,748,7.065123966942149
11:39:47,748,7.065123966942149
11:39:48,748,7.065123966942149
11:39:49,748,7.068344334433443
11:39:50,748,7.068344334433443
11:39:51,748,7.068344334433443
11:39:52,748,7.068344334433443
11:39:53,748,7.068344334433443
11:39:54,748,7.068344334433443
11:39:55,748,7.068344334433443
11:39:56,748,7.068344334433443
11:39:57,748,7.068344334433443
11:39:58,749,7.072240527182867
11:39:59,749,7.072240527182867
11:40:00,749,7.072240527182867
11:40:01,749,7.079468201754386
11:40:02,750,7.079468201754386
11:40:03,750,7.082950819672131
11:40:04,750,7.082950819672131
11:40:05,750,7.082950819672131
11:40:06,750,7.087745098039216
11:40:07,750,7.087745098039216
11:40:08,750,7.092822185970636
11:40:09,751,7.092822185970636
11:40:10,751,7.092822185970636
11:40:11,751,7.092822185970636
11:40:12,751,7.092822185970636
11:40:13,752,7.092822185970636
11:40:14,752,7.092822185970636
11:40:15,752,7.092822185970636
11:40:16,752,7.092822185970636
11:40:17,752,7.092822185970636
11:40:18,753,7.10157437567861
11:40:19,753,7.10157437567861
11:40:20,753,7.10157437567861
11:40:21,755,7.10465367965368
11:40:22,755,7.10465367965368
11:40:23,756,7.107779578606158
11:40:24,756,7.111920172599784
11:40:25,756,7.114193548387097
11:40:26,756,7.114193548387097
11:40:27,756,7.114193548387097
11:40:28,758,7.114193548387097
11:40:29,758,7.114193548387097
11:40:30,758,7.114193548387097
11:40:31,758,7.114193548387097
11:40:32,758,7.116317767042404
11:40:33,758,7.116317767042404
11:40:34,758,7.120016077170418
11:40:35,758,7.120016077170418
11:40:36,758,7.120016077170418
11:40:37,758,7.120016077170418
11:40:38,759,7.120016077170418
11:40:39,759,7.123542001070091
11:40:40,759,7.123542001070091
11:40:41,759,7.127243589743589
11:40:42,759,7.127243589743589
11:40:43,759,7.127243589743589
11:40:44,759,7.127243589743589
11:40:45,759,7.127243589743589
11:40:46,759,7.127243589743589
11:40:47,760,7.127243589743589
11:40:48,760,7.127243589743589
11:40:49,760,7.127243589743589
11:40:50,760,7.127243589743589
11:40:51,760,7.127243589743589
11:40:52,761,7.127243589743589
11:40:53,761,7.131306666666666
11:40:54,761,7.131306666666666
11:40:55,762,7.133093716719914
11:40:56,762,7.133652312599681
11:40:57,763,7.136013800424629
11:40:58,763,7.133386327503974
11:40:59,764,7.133386327503974
11:41:00,764,7.133386327503974
11:41:01,764,7.133386327503974
11:41:02,764,7.133386327503974
11:41:03,764,7.133386327503974
11:41:04,764,7.133386327503974
11:41:05,764,7.133386327503974
11:41:06,764,7.133386327503974
11:41:07,764,7.138650793650794
11:41:08,764,7.138650793650794
11:41:09,764,7.138650793650794
11:41:10,764,7.141098784997358
11:41:11,765,7.141098784997358
11:41:12,765,7.141098784997358
11:41:13,765,7.141098784997358
11:41:14,765,7.145464135021097
11:41:15,766,7.145464135021097
11:41:16,766,7.145464135021097
11:41:17,766,7.145464135021097
11:41:18,767,7.145464135021097
11:41:19,767,7.145464135021097
11:41:20,767,7.145464135021097
11:41:21,767,7.147577672459189
11:41:22,767,7.147577672459189
11:41:23,768,7.147577672459189
11:41:24,768,7.147577672459189
11:41:25,768,7.147577672459189
11:41:26,769,7.156771653543307
11:41:27,769,7.156771653543307
11:41:28,769,7.156771653543307
11:41:29,770,7.160534591194969
11:41:30,770,7.1616169544740975
11:41:31,771,7.163793103448276
11:41:32,771,7.163793103448276
11:41:33,771,7.163793103448276
11:41:34,772,7.166770996348461
11:41:35,773,7.166770996348461
11:41:36,773,7.166770996348461
11:41:37,773,7.166770996348461
11:41:38,773,7.166770996348461
11:41:39,773,7.166770996348461
11:41:40,774,7.166770996348461
11:41:41,774,7.166770996348461
11:41:42,774,7.166770996348461
11:41:43,774,7.168359375
11:41:44,775,7.171216848673947
11:41:45,775,7.173234683281412
11:41:46,775,7.173234683281412
11:41:47,775,7.173234683281412
11:41:48,775,7.173234683281412
11:41:49,777,7.176412649040954
11:41:50,777,7.176412649040954
11:41:51,777,7.176412649040954
11:41:52,778,7.176412649040954
11:41:53,778,7.176412649040954
11:41:54,779,7.176412649040954
11:41:55,780,7.176412649040954
11:41:56,780,7.176412649040954
11:41:57,780,7.179891304347826
11:41:58,781,7.179891304347826
11:41:59,782,7.179891304347826
11:42:00,782,7.183488372093024
11:42:01,783,7.1872807017543865
11:42:02,785,7.185677485832045
11:42:03,785,7.185677485832045
11:42:04,786,7.186291152263375
11:42:05,786,7.186291152263375
11:42:06,786,7.186291152263375
11:42:07,787,7.186291152263375
11:42:08,787,7.186291152263375
11:42:09,787,7.186291152263375
11:42:10,787,7.186291152263375
11:42:11,789,7.186291152263375
11:42:12,789,7.186291152263375
11:42:13,789,7.188520801232666
11:42:14,791,7.188520801232666
11:42:15,791,7.188520801232666
11:42:16,791,7.195102564102564
11:42:17,792,7.195102564102564
11:42:18,792,7.195102564102564
11:42:19,792,7.201329243353783
11:42:20,793,7.201329243353783
11:42:21,793,7.199770290964778
11:42:22,793,7.202777777777778
11:42:23,796,7.202777777777778
11:42:24,796,7.202777777777778
11:42:25,796,7.202777777777778
11:42:26,798,7.202777777777778
11:42:27,799,7.202777777777778
11:42:28,799,7.202777777777778
11:42:29,801,7.202777777777778
11:42:30,802,7.206157760814249
11:42:31,802,7.206157760814249
11:42:32,803,7.206157760814249
11:42:33,803,7.206157760814249
11:42:34,805,7.206157760814249
11:42:35,805,7.206157760814249
11:42:36,807,7.206157760814249
11:42:37,807,7.206157760814249
11:42:38,807,7.209502032520325
11:42:39,807,7.209502032520325
11:42:40,809,7.209502032520325
11:42:41,809,7.209502032520325
11:42:42,810,7.209502032520325
11:42:43,811,7.209502032520325
11:42:44,811,7.209502032520325
11:42:45,812,7.209502032520325
11:42:46,812,7.209502032520325
11:42:47,812,7.2121004566210045
11:42:48,813,7.219554204660588
11:42:49,813,7.219554204660588
11:42:50,813,7.219554204660588
11:42:51,814,7.222601010101011
11:42:52,814,7.222601010101011
11:42:53,814,7.222601010101011
11:42:54,816,7.226449823499748
11:42:55,817,7.225352467270896
11:42:56,817,7.229009552538964
11:42:57,817,7.229009552538964
11:42:58,818,7.229009552538964
11:42:59,819,7.229009552538964
11:43:00,819,7.229009552538964
11:43:01,820,7.229009552538964
11:43:02,820,7.229009552538964
11:43:03,821,7.229009552538964
11:43:04,821,7.229009552538964
11:43:05,821,7.232254016064258
11:43:06,822,7.232254016064258
11:43:07,822,7.232254016064258
11:43:08,822,7.239114114114114
11:43:09,822,7.239114114114114
11:43:10,823,7.242628685657171
11:43:11,823,7.242628685657171
11:43:12,823,7.240793413173653
11:43:13,824,7.240793413173653
11:43:14,824,7.240793413173653
11:43:15,824,7.240793413173653
11:43:16,824,7.240793413173653
11:43:17,825,7.240793413173653
11:43:18,825,7.240793413173653
11:43:19,825,7.240793413173653
11:43:20,826,7.240793413173653
11:43:21,827,7.240793413173653
11:43:22,828,7.2442700548081715
11:43:23,829,7.2442700548081715
11:43:24,829,7.248358208955224
11:43:25,829,7.248358208955224
11:43:26,830,7.248358208955224
11:43:27,830,7.248358208955224
11:43:28,830,7.252384500745156
11:43:29,830,7.252384500745156
11:43:30,830,7.252384500745156
11:43:31,831,7.252384500745156
11:43:32,831,7.252384500745156
11:43:33,831,7.252384500745156
11:43:34,831,7.252384500745156
11:43:35,832,7.255853174603175
11:43:36,832,7.255853174603175
11:43:37,832,7.255853174603175
11:43:38,833,7.264960435212661
11:43:39,834,7.264960435212661
11:43:40,834,7.264960435212661
11:43:41,834,7.264960435212661
11:43:42,837,7.269358024691358
11:43:43,837,7.269501972386588
11:43:44,837,7.269501972386588
11:43:45,837,7.267799113737075
11:43:46,838,7.267799113737075
11:43:47,838,7.273475909537856
11:43:48,838,7.273475909537856
11:43:49,838,7.273475909537856
11:43:50,838,7.273475909537856
11:43:51,838,7.273475909537856
11:43:52,839,7.274791359842906
11:43:53,839,7.274791359842906
11:43:54,839,7.274791359842906
11:43:55,841,7.274791359842906
11:43:56,841,7.276813725490197
11:43:57,841,7.276813725490197
11:43:58,841,7.276813725490197
11:43:59,842,7.276813725490197
11:44:00,842,7.276813725490197
11:44:01,842,7.282820136852395
11:44:02,842,7.282820136852395
11:44:03,843,7.282820136852395
11:44:04,843,7.282820136852395
11:44:05,843,7.282820136852395
11:44:06,843,7.282820136852395
11:44:07,843,7.282820136852395
11:44:08,844,7.282820136852395
11:44:09,844,7.282820136852395
11:44:10,844,7.282820136852395
11:44:11,844,7.282820136852395
11:44:12,844,7.288042947779404
11:44:13,844,7.289936647173489
11:44:14,844,7.29625304136253
11:44:15,844,7.29625304136253
11:44:16,844,7.300364431486881
11:44:17,844,7.300364431486881
11:44:18,844,7.300364431486881
11:44:19,844,7.3020863658418245
11:44:20,844,7.3020863658418245
11:44:21,844,7.3020863658418245
11:44:22,845,7.3020863658418245
11:44:23,845,7.3020863658418245
11:44:24,845,7.3020863658418245
11:44:25,845,7.3020863658418245
11:44:26,845,7.3035852713178295
11:44:27,845,7.3035852713178295
11:44:28,846,7.3035852713178295
11:44:29,846,7.3035852713178295
11:44:30,846,7.305539429124335
11:44:31,847,7.305539429124335
11:44:32,847,7.305539429124335
11:44:33,847,7.309613526570049
11:44:34,847,7.309613526570049
11:44:35,847,7.312011577424022
11:44:36,848,7.312011577424022
11:44:37,848,7.312011577424022
11:44:38,848,7.312011577424022
11:44:39,848,7.312011577424022
11:44:40,848,7.312011577424022
11:44:41,848,7.312011577424022
11:44:42,848,7.312011577424022
11:44:43,848,7.312011577424022
11:44:44,849,7.312011577424022
11:44:45,849,7.312011577424022
11:44:46,849,7.319388246628131
11:44:47,849,7.319388246628131
11:44:48,849,7.322270322270323
11:44:49,850,7.322270322270323
11:44:50,850,7.322270322270323
11:44:51,850,7.3274495677233435
11:44:52,850,7.3274495677233435
11:44:53,850,7.332494004796163
11:44:54,850,7.332494004796163
11:44:55,850,7.332494004796163
11:44:56,850,7.332494004796163
11:44:57,850,7.332494004796163
11:44:58,850,7.332494004796163
11:44:59,850,7.332494004796163
11:45:00,850,7.333477011494253
11:45:01,850,7.333477011494253
11:45:02,850,7.333477011494253
11:45:03,850,7.336250597800096
11:45:04,850,7.336250597800096
11:45:05,850,7.336250597800096
11:45:06,851,7.337297039159504
11:45:07,851,7.337297039159504
11:45:08,851,7.335216976633286
11:45:09,851,7.335216976633286
11:45:10,851,7.337404761904762
11:45:11,851,7.337404761904762
11:45:12,851,7.337404761904762
11:45:13,851,7.337404761904762
11:45:14,851,7.337404761904762
11:45:15,851,7.337404761904762
11:45:16,851,7.337404761904762
11:45:17,851,7.337404761904762
11:45:18,851,7.338611507370422
11:45:19,851,7.338611507370422
11:45:20,851,7.341524216524217
11:45:21,851,7.347558084400189
11:45:22,851,7.347558084400189
11:45:23,851,7.347558084400189
11:45:24,851,7.35
11:45:25,851,7.35
11:45:26,851,7.35
11:45:27,851,7.35
11:45:28,852,7.35
11:45:29,852,7.35
11:45:30,852,7.35
11:45:31,852,7.35
11:45:32,852,7.35
11:45:33,854,7.35
11:45:34,854,7.35
11:45:35,855,7.357648725212465
11:45:36,855,7.359523809523809
11:45:37,855,7.359523809523809
11:45:38,855,7.362641242937853
11:45:39,855,7.362641242937853
11:45:40,855,7.362641242937853
11:45:41,856,7.368594264221909
11:45:42,856,7.368594264221909
11:45:43,856,7.368594264221909
11:45:44,856,7.368594264221909
11:45:45,856,7.368594264221909
11:45:46,856,7.368594264221909
11:45:47,857,7.368594264221909
11:45:48,857,7.368594264221909
11:45:49,857,7.368594264221909
11:45:50,857,7.371737089201877
11:45:51,857,7.371737089201877
11:45:52,858,7.3728785747773085
11:45:53,858,7.3728785747773085
11:45:54,858,7.3728785747773085
11:45:55,859,7.3728785747773085
11:45:56,859,7.375749063670412
11:45:57,859,7.375749063670412
11:45:58,859,7.375749063670412
11:45:59,859,7.379780271154745
11:46:00,859,7.379780271154745
11:46:01,859,7.379780271154745
11:46:02,859,7.379780271154745
11:46:03,859,7.379780271154745
11:46:04,859,7.379780271154745
11:46:05,859,7.379780271154745
11:46:06,859,7.379780271154745
11:46:07,859,7.379780271154745
11:46:08,859,7.379780271154745
11:46:09,860,7.382563025210084
11:46:10,860,7.382563025210084
11:46:11,860,7.391969273743016
11:46:12,860,7.391969273743016
11:46:13,861,7.3886564388656435
11:46:14,861,7.3886564388656435
11:46:15,861,7.392757660167131
11:46:16,861,7.392757660167131
11:46:17,861,7.392757660167131
11:46:18,862,7.392757660167131
11:46:19,862,7.392757660167131
11:46:20,862,7.392757660167131
11:46:21,862,7.392757660167131
11:46:22,863,7.392757660167131
11:46:23,863,7.39573481687529
11:46:24,863,7.39573481687529
11:46:25,864,7.39573481687529
11:46:26,864,7.39573481687529
11:46:27,864,7.402057327785483
11:46:28,864,7.4033702677747
11:46:29,864,7.4033702677747
11:46:30,864,7.4033702677747
11:46:31,865,7.40696173351775
11:46:32,865,7.40696173351775
11:46:33,865,7.40696173351775
11:46:34,865,7.40696173351775
11:46:35,865,7.40696173351775
11:46:36,865,7.40696173351775
11:46:37,865,7.40696173351775
11:46:38,865,7.40696173351775
11:46:39,865,7.40696173351775
11:46:40,865,7.407343462246777
11:46:41,865,7.407343462246777
11:46:42,865,7.407343462246777
11:46:43,865,7.407343462246777
11:46:44,865,7.412229885057471
11:46:45,865,7.412229885057471
11:46:46,865,7.412229885057471
11:46:47,865,7.412229885057471
11:46:48,865,7.409458218549128
11:46:49,865,7.409834938101787
11:46:50,865,7.409834938101787
11:46:51,865,7.409834938101787
11:46:52,865,7.409834938101787
11:46:53,867,7.409834938101787
11:46:54,867,7.409834938101787
11:46:55,867,7.409834938101787
11:46:56,868,7.409834938101787
11:46:57,868,7.409834938101787
11:46:58,868,7.4127289377289385
11:46:59,869,7.417878372199359
11:47:00,869,7.417878372199359
11:47:01,869,7.416666666666667
11:47:02,869,7.416666666666667
11:47:03,869,7.421431828545371
11:47:04,869,7.424499089253188
11:47:05,869,7.424499089253188
11:47:06,869,7.426057298772169
11:47:07,869,7.426057298772169
11:47:08,869,7.426057298772169
11:47:09,869,7.426057298772169
11:47:10,869,7.426057298772169
11:47:11,869,7.426057298772169
11:47:12,869,7.429405086285196
11:47:13,869,7.429405086285196
11:47:14,869,7.429405086285196
11:47:15,869,7.429405086285196
11:47:16,869,7.429405086285196
11:47:17,870,7.429405086285196
11:47:18,870,7.431814058956916
11:47:19,870,7.431814058956916
11:47:20,871,7.43161231884058
11:47:21,871,7.43161231884058
11:47:22,871,7.428810492989597
11:47:23,871,7.428810492989597
11:47:24,871,7.428810492989597
11:47:25,871,7.428810492989597
11:47:26,874,7.428810492989597
11:47:27,874,7.428810492989597
11:47:28,874,7.428810492989597
11:47:29,876,7.428810492989597
11:47:30,876,7.428477868112014
11:47:31,876,7.428477868112014
11:47:32,877,7.430559314388814
11:47:33,878,7.430559314388814
11:47:34,878,7.430559314388814
11:47:35,878,7.432027027027027
11:47:36,879,7.432027027027027
11:47:37,879,7.432027027027027
11:47:38,880,7.436932073774178
11:47:39,880,7.436932073774178
11:47:40,880,7.436932073774178
11:47:41,880,7.43829739442947
11:47:42,882,7.43829739442947
11:47:43,882,7.43829739442947
11:47:44,882,7.43829739442947
11:47:45,882,7.43829739442947
11:47:46,884,7.43829739442947
11:47:47,884,7.43829739442947
11:47:48,884,7.43829739442947
11:47:49,885,7.43829739442947
11:47:50,885,7.4398609241812474
11:47:51,885,7.4398609241812474
11:47:52,886,7.439180107526882
11:47:53,886,7.437181208053691
11:47:54,886,7.437181208053691
11:47:55,887,7.438203753351206
11:47:56,887,7.438203753351206
11:47:57,887,7.438203753351206
11:47:58,887,7.438203753351206
11:47:59,887,7.438203753351206
11:48:00,887,7.438203753351206
11:48:01,888,7.438203753351206
11:48:02,888,7.438203753351206
11:48:03,888,7.442280232039268
11:48:04,888,7.442280232039268
11:48:05,889,7.442280232039268
11:48:06,890,7.449198931909212
11:48:07,891,7.449198931909212
11:48:08,891,7.451333333333333
11:48:09,892,7.454438526409232
11:48:10,892,7.454438526409232
11:48:11,894,7.456817175741478
11:48:12,894,7.456817175741478
11:48:13,895,7.454509283819629
11:48:14,896,7.454509283819629
11:48:15,896,7.454509283819629
11:48:16,897,7.454509283819629
11:48:17,898,7.454509283819629
11:48:18,898,7.454509283819629
11:48:19,899,7.454509283819629
11:48:20,899,7.454509283819629
11:48:21,900,7.454509283819629
11:48:22,900,7.456865342163355
11:48:23,902,7.456865342163355
11:48:24,902,7.456371252204586
11:48:25,903,7.456371252204586
11:48:26,904,7.456371252204586
11:48:27,904,7.457705856450903
11:48:28,904,7.457705856450903
11:48:29,904,7.457705856450903
11:48:30,905,7.45877308707124
11:48:31,905,7.459310496267018
11:48:32,905,7.459310496267018
11:48:33,905,7.459310496267018
11:48:34,906,7.459310496267018
11:48:35,906,7.459310496267018
11:48:36,907,7.459310496267018
11:48:37,907,7.459310496267018
11:48:38,907,7.459310496267018
11:48:39,907,7.459310496267018
11:48:40,907,7.459310496267018
11:48:41,907,7.459310496267018
11:48:42,907,7.459310496267018
11:48:43,908,7.460030661410425
11:48:44,908,7.460030661410425
11:48:45,908,7.459208223972003
11:48:46,908,7.459208223972003
11:48:47,908,7.459208223972003
11:48:48,909,7.459208223972003
11:48:49,909,7.459208223972003
11:48:50,909,7.459208223972003
11:48:51,909,7.459208223972003
11:48:52,909,7.459208223972003
11:48:53,911,7.459208223972003
11:48:54,912,7.459208223972003
11:48:55,912,7.45910878112713
11:48:56,912,7.45910878112713
11:48:57,913,7.458267888307156
11:48:58,913,7.462309368191721
11:48:59,914,7.462309368191721
11:49:00,914,7.4619234116623145
11:49:01,915,7.4619234116623145
11:49:02,915,7.465015210777922
11:49:03,916,7.465015210777922
11:49:04,916,7.462803819444445
11:49:05,917,7.462803819444445
11:49:06,917,7.462803819444445
11:49:07,917,7.462803819444445
11:49:08,919,7.462803819444445
11:49:09,919,7.462803819444445
11:49:10,919,7.462803819444445
11:49:11,919,7.462803819444445
11:49:12,919,7.464586042479411
11:49:13,919,7.464586042479411
11:49:14,919,7.464586042479411
11:49:15,920,7.464586042479411
11:49:16,920,7.464586042479411
11:49:17,921,7.464586042479411
11:49:18,921,7.4664935064935065
11:49:19,921,7.4664935064935065
11:49:20,921,7.4664935064935065
11:49:21,921,7.4664935064935065
11:49:22,921,7.4664935064935065
11:49:23,921,7.4664935064935065
11:49:24,921,7.4664935064935065
11:49:25,922,7.4664935064935065
11:49:26,922,7.4664935064935065
11:49:27,923,7.4664935064935065
11:49:28,923,7.4664935064935065
11:49:29,923,7.466536964980545
11:49:30,925,7.466536964980545
11:49:31,925,7.466536964980545
11:49:32,925,7.467573402417963
11:49:33,926,7.468197498921949
11:49:34,927,7.467527993109388
11:49:35,928,7.467612903225807
11:49:36,929,7.467740549828179
11:49:37,930,7.467740549828179
11:49:38,931,7.467740549828179
11:49:39,931,7.4661089661089655
11:49:40,932,7.4661089661089655
11:49:41,933,7.4661089661089655
11:49:42,935,7.4661089661089655
11:49:43,935,7.4661089661089655
11:49:44,935,7.4661089661089655
11:49:45,936,7.4661089661089655
11:49:46,936,7.4661089661089655
11:49:47,936,7.4661089661089655
11:49:48,936,7.4662810625535565
11:49:49,936,7.4662810625535565
11:49:50,937,7.4662810625535565
11:49:51,937,7.46670945656825
11:49:52,937,7.46670945656825
11:49:53,937,7.46670945656825
11:49:54,937,7.46670945656825
11:49:55,937,7.4667094017094024
11:49:56,937,7.4667094017094024
11:49:57,937,7.4667094017094024
11:49:58,937,7.4667094017094024
11:49:59,937,7.4667094017094024
11:50:00,937,7.4667094017094024
11:50:01,937,7.470550576184379
11:50:02,937,7.470550576184379
11:50:03,937,7.470550576184379
11:50:04,937,7.473252344416027
11:50:05,937,7.473252344416027
11:50:06,937,7.477784863945578
11:50:07,937,7.477430997876858
11:50:08,937,7.477430997876858
11:50:09,937,7.477430997876858
11:50:10,938,7.478519932145886
11:50:11,938,7.478519932145886
11:50:12,940,7.478519932145886
11:50:13,940,7.478519932145886
11:50:14,940,7.478519932145886
11:50:15,941,7.478519932145886
11:50:16,942,7.478519932145886
11:50:17,942,7.478519932145886
11:50:18,943,7.479309614570098
11:50:19,943,7.479309614570098
11:50:20,943,7.4800761421319795
11:50:21,944,7.4800761421319795
11:50:22,944,7.4796366708914235
11:50:23,944,7.4796366708914235
11:50:24,945,7.4796366708914235
11:50:25,946,7.4796366708914235
11:50:26,946,7.4796366708914235
11:50:27,946,7.4796366708914235
11:50:28,946,7.4796366708914235
11:50:29,947,7.4796366708914235
11:50:30,947,7.4796366708914235
11:50:31,947,7.4796366708914235
11:50:32,948,7.4796366708914235
11:50:33,948,7.4796366708914235
11:50:34,948,7.4796366708914235
11:50:35,948,7.4796366708914235
11:50:36,949,7.4796366708914235
11:50:37,949,7.482594936708861
11:50:38,949,7.482594936708861
11:50:39,949,7.482594936708861
11:50:40,949,7.482594936708861
11:50:41,949,7.482594936708861
11:50:42,949,7.483754740834387
11:50:43,949,7.481839225589225
11:50:44,949,7.482828919714166
11:50:45,949,7.482828919714166
11:50:46,949,7.482828919714166
11:50:47,949,7.482828919714166
11:50:48,949,7.482828919714166
11:50:49,949,7.482828919714166
11:50:50,949,7.485222502099076
11:50:51,950,7.485222502099076
11:50:52,950,7.485222502099076
11:50:53,951,7.485222502099076
11:50:54,951,7.485222502099076
11:50:55,951,7.486557788944723
11:50:56,951,7.486557788944723
11:50:57,951,7.486557788944723
11:50:58,951,7.486557788944723
11:50:59,951,7.4879339188624
11:51:00,951,7.4879339188624
11:51:01,952,7.4879339188624
11:51:02,952,7.489431913116124
11:51:03,952,7.489431913116124
11:51:04,952,7.489431913116124
11:51:05,952,7.489431913116124
11:51:06,952,7.492845223195661
11:51:07,952,7.492845223195661
11:51:08,953,7.494583333333334
11:51:09,953,7.494583333333334
11:51:10,953,7.494583333333334
11:51:11,953,7.494548481065335
11:51:12,953,7.494548481065335
11:51:13,953,7.49592684954281
11:51:14,953,7.49592684954281
11:51:15,953,7.49592684954281
11:51:16,953,7.495994188459942
11:51:17,953,7.495994188459942
11:51:18,953,7.496604554865424
11:51:19,953,7.496604554865424
11:51:20,953,7.496604554865424
11:51:21,953,7.496604554865424
11:51:22,953,7.496604554865424
11:51:23,954,7.496604554865424
11:51:24,954,7.496604554865424
11:51:25,954,7.496604554865424
11:51:26,955,7.496604554865424
11:51:27,955,7.501156546881455
11:51:28,955,7.501156546881455
11:51:29,955,7.501156546881455
11:51:30,956,7.502908415841585
11:51:31,956,7.502908415841585
11:51:32,956,7.502908415841585
11:51:33,956,7.502908415841585
11:51:34,956,7.502908415841585
11:51:35,956,7.502908415841585
11:51:36,956,7.502908415841585
11:51:37,956,7.502908415841585
11:51:38,956,7.504594149155336
11:51:39,956,7.504594149155336
11:51:40,957,7.504594149155336
11:51:41,957,7.507592592592593
11:51:42,957,7.507592592592593
11:51:43,957,7.507592592592593
11:51:44,957,7.508631319358816
11:51:45,957,7.508631319358816
11:51:46,957,7.508631319358816
11:51:47,957,7.50940065681445
11:51:48,957,7.5105576055760555
11:51:49,957,7.5105576055760555
11:51:50,957,7.512796887796887
11:51:51,957,7.512796887796887
11:51:52,957,7.512796887796887
11:51:53,957,7.512796887796887
11:51:54,957,7.512796887796887
11:51:55,957,7.512796887796887
11:51:56,957,7.512796887796887
11:51:57,957,7.512796887796887
11:51:58,957,7.516319018404908
11:51:59,957,7.516319018404908
11:52:00,957,7.516319018404908
11:52:01,957,7.516319018404908
11:52:02,957,7.516319018404908
11:52:03,957,7.516319018404908
11:52:04,957,7.516319018404908
11:52:05,957,7.516319018404908
11:52:06,957,7.516319018404908
11:52:07,957,7.516319018404908
11:52:08,957,7.516319018404908
11:52:09,957,7.516319018404908
11:52:10,957,7.516319018404908
11:52:11,957,7.516319018404908
11:52:12,957,7.516319018404908
11:52:13,957,7.516319018404908
11:52:14,958,7.516319018404908
11:52:15,958,7.516319018404908
11:52:16,958,7.516319018404908
11:52:17,960,7.516319018404908
11:52:18,960,7.516319018404908
11:52:19,960,7.516319018404908
11:52:20,960,7.518627450980392
11:52:21,961,7.518627450980392
11:52:22,961,7.518627450980392
11:52:23,961,7.521644226846186
11:52:24,962,7.520904645476773
11:52:25,962,7.520904645476773
11:52:26,962,7.5238298738298734
11:52:27,962,7.5238298738298734
11:52:28,963,7.5238298738298734
11:52:29,963,7.526890243902439
11:52:30,963,7.526890243902439
11:52:31,964,7.526890243902439
11:52:32,964,7.530656934306569
11:52:33,964,7.530656934306569
11:52:34,964,7.530656934306569
11:52:35,964,7.5320170109356015
11:52:36,964,7.5320170109356015
11:52:37,964,7.5320170109356015
11:52:38,964,7.5320170109356015
11:52:39,964,7.5320170109356015
11:52:40,964,7.5320170109356015
11:52:41,964,7.5320170109356015
11:52:42,966,7.534162621359224
11:52:43,966,7.534162621359224
11:52:44,966,7.534162621359224
11:52:45,966,7.538444444444445
11:52:46,967,7.538444444444445
11:52:47,968,7.538444444444445
11:52:48,968,7.539507667473769
11:52:49,969,7.539507667473769
11:52:50,969,7.539507667473769
11:52:51,969,7.543651753325272
11:52:52,969,7.543651753325272
11:52:53,969,7.543651753325272
11:52:54,969,7.543651753325272
11:52:55,969,7.546900161030596
11:52:56,969,7.546900161030596
11:52:57,969,7.546900161030596
11:52:58,970,7.546900161030596
11:52:59,970,7.546900161030596
11:53:00,971,7.546900161030596
11:53:01,971,7.546900161030596
11:53:02,972,7.546900161030596
11:53:03,973,7.546900161030596
11:53:04,973,7.546900161030596
11:53:05,973,7.550341777241656
11:53:06,974,7.551465863453815
11:53:07,975,7.551465863453815
11:53:08,975,7.551465863453815
11:53:09,975,7.551465863453815
11:53:10,976,7.551465863453815
11:53:11,976,7.554552747693543
11:53:12,976,7.554552747693543
11:53:13,977,7.554552747693543
11:53:14,977,7.5581129807692315
11:53:15,977,7.5581129807692315
11:53:16,978,7.560924369747899
11:53:17,978,7.560924369747899
11:53:18,978,7.560924369747899
11:53:19,978,7.560924369747899
11:53:20,979,7.560924369747899
11:53:21,979,7.563149480415668
11:53:22,979,7.563149480415668
11:53:23,979,7.566387225548903
11:53:24,980,7.569557416267942
11:53:25,980,7.569557416267942
11:53:26,981,7.569557416267942
11:53:27,981,7.567622461170848
11:53:28,982,7.567622461170848
11:53:29,982,7.567622461170848
11:53:30,983,7.567622461170848
11:53:31,984,7.571141607000795
11:53:32,985,7.571141607000795
11:53:33,985,7.571141607000795
11:53:34,985,7.575427095748908
11:53:35,985,7.575427095748908
11:53:36,985,7.575427095748908
11:53:37,985,7.575427095748908
11:53:38,985,7.575427095748908
11:53:39,985,7.575427095748908
11:53:40,985,7.575427095748908
11:53:41,985,7.579662698412699
11:53:42,985,7.579662698412699
11:53:43,985,7.579662698412699
11:53:44,985,7.579662698412699
11:53:45,985,7.579662698412699
11:53:46,985,7.579662698412699
11:53:47,985,7.582104637336504
11:53:48,985,7.582104637336504
11:53:49,985,7.582104637336504
11:53:50,985,7.582104637336504
11:53:51,985,7.582104637336504
11:53:52,985,7.582104637336504
11:53:53,985,7.5861243072050675
11:53:54,985,7.5861243072050675
11:53:55,985,7.590185624012638
11:53:56,986,7.590185624012638
11:53:57,986,7.590185624012638
11:53:58,987,7.588915187376726
11:53:59,987,7.588915187376726
11:54:00,987,7.587293144208037
11:54:01,987,7.587293144208037
11:54:02,987,7.591519086973633
11:54:03,987,7.591519086973633
11:54:04,987,7.594693396226416
11:54:05,987,7.594693396226416
11:54:06,988,7.594693396226416
11:54:07,988,7.594693396226416
11:54:08,988,7.594693396226416
11:54:09,989,7.594693396226416
11:54:10,990,7.594693396226416
11:54:11,990,7.594693396226416
11:54:12,991,7.594693396226416
11:54:13,992,7.594693396226416
11:54:14,992,7.594725490196079
11:54:15,993,7.594725490196079
11:54:16,993,7.594725490196079
11:54:17,994,7.5953388170779474
11:54:18,995,7.5953388170779474
11:54:19,995,7.5953388170779474
11:54:20,995,7.5959311424100155
11:54:21,997,7.5959311424100155
11:54:22,997,7.5959311424100155
11:54:23,997,7.5959311424100155
11:54:24,997,7.5959311424100155
11:54:25,997,7.5959311424100155
11:54:26,998,7.5959311424100155
11:54:27,998,7.5959311424100155
11:54:28,998,7.601814988290398
11:54:29,1000,7.601814988290398
11:54:30,1000,7.601814988290398
11:54:31,1000,7.6017738791423
11:54:32,1002,7.6017738791423
11:54:33,1002,7.6017738791423
11:54:34,1002,7.6017738791423
11:54:35,1005,7.6017738791423
11:54:36,1005,7.601888629283489
11:54:37,1005,7.601888629283489
11:54:38,1006,7.601888629283489
11:54:39,1008,7.601888629283489
11:54:40,1008,7.6020809023726175
11:54:41,1008,7.6020809023726175
11:54:42,1011,7.606235431235431
11:54:43,1011,7.606235431235431
11:54:44,1011,7.610205665502522
11:54:45,1011,7.610205665502522
11:54:46,1013,7.611556329849012
11:54:47,1014,7.611556329849012
11:54:48,1014,7.611556329849012
11:54:49,1016,7.611556329849012
11:54:50,1017,7.612606341840681
11:54:51,1017,7.612606341840681
11:54:52,1020,7.612606341840681
11:54:53,1020,7.612606341840681
11:54:54,1020,7.615449980687525
11:54:55,1021,7.615449980687525
11:54:56,1022,7.615449980687525
11:54:57,1022,7.615449980687525
11:54:58,1023,7.615449980687525
11:54:59,1024,7.615449980687525
11:55:00,1024,7.615449980687525
11:55:01,1024,7.619386574074074
11:55:02,1027,7.619386574074074
11:55:03,1027,7.619386574074074
11:55:04,1027,7.619386574074074
11:55:05,1027,7.618574181117534
11:55:06,1027,7.618574181117534
11:55:07,1029,7.618574181117534
11:55:08,1029,7.618574181117534
11:55:09,1029,7.618841416474211
11:55:10,1031,7.618841416474211
11:55:11,1031,7.618841416474211
11:55:12,1031,7.618841416474211
11:55:13,1032,7.618841416474211
11:55:14,1032,7.618841416474211
11:55:15,1032,7.618841416474211
11:55:16,1033,7.618841416474211
11:55:17,1033,7.618841416474211
11:55:18,1034,7.618339100346021
11:55:19,1035,7.618339100346021
11:55:20,1035,7.618759600614439
11:55:21,1036,7.618759600614439
11:55:22,1036,7.618987341772152
11:55:23,1037,7.621245210727969
11:55:24,1038,7.621245210727969
11:55:25,1038,7.621245210727969
11:55:26,1039,7.621245210727969
11:55:27,1039,7.621245210727969
11:55:28,1040,7.6234404898584
11:55:29,1040,7.6234404898584
11:55:30,1040,7.628808705612829
11:55:31,1041,7.628808705612829
11:55:32,1041,7.628808705612829
11:55:33,1041,7.6327421815408085
11:55:34,1041,7.6327421815408085
11:55:35,1042,7.6327421815408085
11:55:36,1042,7.633276190476191
11:55:37,1042,7.633276190476191
11:55:38,1043,7.633276190476191
11:55:39,1043,7.633276190476191
11:55:40,1043,7.633276190476191
11:55:41,1044,7.633276190476191
11:55:42,1044,7.63306697108067
11:55:43,1044,7.63306697108067
11:55:44,1045,7.633808437856328
11:55:45,1045,7.633808437856328
11:55:46,1045,7.633808437856328
11:55:47,1046,7.633808437856328
11:55:48,1046,7.633808437856328
11:55:49,1047,7.633808437856328
11:55:50,1047,7.633808437856328
11:55:51,1048,7.6333523158694
11:55:52,1049,7.6333523158694
11:55:53,1049,7.633048919226394
11:55:54,1050,7.633048919226394
11:55:55,1050,7.633048919226394
11:55:56,1051,7.633048919226394
11:55:57,1051,7.633048919226394
11:55:58,1051,7.633048919226394
11:55:59,1052,7.633048919226394
11:56:00,1052,7.633048919226394
11:56:01,1053,7.633048919226394
11:56:02,1053,7.633048919226394
11:56:03,1054,7.633048919226394
11:56:04,1054,7.633048919226394
11:56:05,1054,7.6366061293984115
11:56:06,1054,7.6366061293984115
11:56:07,1054,7.638813303099017
11:56:08,1054,7.638813303099017
11:56:09,1054,7.638813303099017
11:56:10,1054,7.638813303099017
11:56:11,1054,7.639278973197433
11:56:12,1054,7.639278973197433
11:56:13,1055,7.639278973197433
11:56:14,1055,7.640271493212669
11:56:15,1055,7.640271493212669
11:56:16,1056,7.639943502824859
11:56:17,1056,7.639943502824859
11:56:18,1057,7.639943502824859
11:56:19,1058,7.640594431903687
11:56:20,1058,7.640594431903687
11:56:21,1058,7.640594431903687
11:56:22,1059,7.640594431903687
11:56:23,1059,7.640594431903687
11:56:24,1059,7.643836903419767
11:56:25,1060,7.643836903419767
11:56:26,1060,7.642905405405405
11:56:27,1060,7.642905405405405
11:56:28,1060,7.642905405405405
11:56:29,1060,7.642905405405405
11:56:30,1060,7.6440007499062625
11:56:31,1060,7.643820224719102
11:56:32,1061,7.643820224719102
11:56:33,1062,7.643820224719102
11:56:34,1062,7.643820224719102
11:56:35,1062,7.643820224719102
11:56:36,1063,7.643820224719102
11:56:37,1063,7.643820224719102
11:56:38,1063,7.643820224719102
11:56:39,1064,7.643820224719102
11:56:40,1065,7.643820224719102
11:56:41,1065,7.643820224719102
11:56:42,1066,7.643820224719102
11:56:43,1066,7.645267489711935
11:56:44,1066,7.644506726457399
11:56:45,1066,7.644506726457399
11:56:46,1067,7.644506726457399
11:56:47,1067,7.644506726457399
11:56:48,1067,7.644506726457399
11:56:49,1067,7.644506726457399
11:56:50,1067,7.644506726457399
11:56:51,1067,7.646043299738708
11:56:52,1067,7.646905294556301
11:56:53,1067,7.646905294556301
11:56:54,1067,7.650055865921788
11:56:55,1067,7.6511346726190474
11:56:56,1067,7.6511346726190474
11:56:57,1067,7.652898550724638
11:56:58,1067,7.652898550724638
11:56:59,1067,7.652898550724638
11:57:00,1067,7.652898550724638
11:57:01,1067,7.653229398663697
11:57:02,1067,7.653229398663697
11:57:03,1067,7.653229398663697
11:57:04,1067,7.653229398663697
11:57:05,1067,7.653229398663697
11:57:06,1067,7.653229398663697
11:57:07,1067,7.653856136447905
11:57:08,1067,7.653856136447905
11:57:09,1067,7.653856136447905
11:57:10,1067,7.653856136447905
11:57:11,1067,7.653856136447905
11:57:12,1067,7.655166666666667
11:57:13,1067,7.655166666666667
11:57:14,1068,7.655166666666667
11:57:15,1068,7.655166666666667
11:57:16,1068,7.654180540140585
11:57:17,1068,7.654180540140585
11:57:18,1069,7.655691056910569
11:57:19,1069,7.65609080841639
11:57:20,1069,7.65609080841639
11:57:21,1070,7.65609080841639
11:57:22,1070,7.65609080841639
11:57:23,1070,7.65609080841639
11:57:24,1070,7.659808259587021
11:57:25,1071,7.659808259587021
11:57:26,1071,7.660957642725598
11:57:27,1072,7.660957642725598
11:57:28,1072,7.660957642725598
11:57:29,1072,7.660957642725598
11:57:30,1073,7.662729948491537
11:57:31,1073,7.662729948491537
11:57:32,1073,7.662729948491537
11:57:33,1074,7.662127894156559
11:57:34,1075,7.662127894156559
11:57:35,1075,7.662174550788412
11:57:36,1076,7.662174550788412
11:57:37,1076,7.662174550788412
11:57:38,1076,7.662174550788412
11:57:39,1076,7.662174550788412
11:57:40,1076,7.662174550788412
11:57:41,1077,7.662174550788412
11:57:42,1077,7.662174550788412
11:57:43,1077,7.664212454212454
11:57:44,1078,7.664212454212454
11:57:45,1078,7.664212454212454
11:57:46,1078,7.666995975118917
11:57:47,1079,7.668110380116959
11:57:48,1079,7.668110380116959
11:57:49,1079,7.668110380116959
11:57:50,1079,7.668110380116959
11:57:51,1079,7.6656626506024095
11:57:52,1080,7.6656626506024095
11:57:53,1080,7.6656626506024095
11:57:54,1080,7.6656626506024095
11:57:55,1081,7.666520787746171
11:57:56,1081,7.666520787746171
11:57:57,1082,7.666520787746171
11:57:58,1082,7.666520787746171
11:57:59,1082,7.666520787746171
11:58:00,1083,7.667322404371585
11:58:01,1084,7.667322404371585
11:58:02,1085,7.667322404371585
11:58:03,1085,7.667322404371585
11:58:04,1086,7.667322404371585
11:58:05,1087,7.667322404371585
11:58:06,1087,7.667322404371585
11:58:07,1087,7.667322404371585
11:58:08,1087,7.667322404371585
11:58:09,1087,7.667322404371585
11:58:10,1087,7.665101892285298
11:58:11,1087,7.665101892285298
11:58:12,1087,7.665101892285298
11:58:13,1087,7.665101892285298
11:58:14,1087,7.665101892285298
11:58:15,1087,7.665101892285298
11:58:16,1087,7.665101892285298
11:58:17,1088,7.665101892285298
11:58:18,1088,7.665101892285298
11:58:19,1088,7.667011995637949
11:58:20,1089,7.667011995637949
11:58:21,1089,7.668282498184459
11:58:22,1089,7.668282498184459
11:58:23,1090,7.668282498184459
11:58:24,1090,7.670203119332609
11:58:25,1090,7.670611653999276
11:58:26,1092,7.670611653999276
11:58:27,1092,7.67176428054953
11:58:28,1092,7.67176428054953
11:58:29,1093,7.67176428054953
11:58:30,1093,7.67327555074034
11:58:31,1093,7.67327555074034
11:58:32,1094,7.67327555074034
11:58:33,1094,7.676803751803751
11:58:34,1094,7.676803751803751
11:58:35,1094,7.676803751803751
11:58:36,1095,7.676803751803751
11:58:37,1095,7.676803751803751
11:58:38,1095,7.6799639639639645
11:58:39,1095,7.6799639639639645
11:58:40,1096,7.6799639639639645
11:58:41,1096,7.6827753779697625
11:58:42,1096,7.6827753779697625
11:58:43,1096,7.6827753779697625
11:58:44,1096,7.6827753779697625
11:58:45,1096,7.6827753779697625
11:58:46,1096,7.6827753779697625
11:58:47,1096,7.6827753779697625
11:58:48,1096,7.6827753779697625
11:58:49,1096,7.6827753779697625
11:58:50,1096,7.6827753779697625
11:58:51,1096,7.6827753779697625
11:58:52,1096,7.6827753779697625
11:58:53,1096,7.6827753779697625
11:58:54,1096,7.6827753779697625
11:58:55,1096,7.684448040273283
11:58:56,1096,7.684448040273283
11:58:57,1096,7.684448040273283
11:58:58,1096,7.684448040273283
11:58:59,1098,7.685650143678161
11:59:00,1098,7.685650143678161
11:59:01,1098,7.68745963401507
11:59:02,1099,7.68745963401507
11:59:03,1099,7.68745963401507
11:59:04,1099,7.690017921146953
11:59:05,1100,7.6912280701754385
11:59:06,1100,7.6912280701754385
11:59:07,1100,7.6912280701754385
11:59:08,1100,7.6912280701754385
11:59:09,1100,7.6912280701754385
11:59:10,1100,7.6912280701754385
11:59:11,1101,7.6912280701754385
11:59:12,1101,7.6912280701754385
11:59:13,1101,7.6912280701754385
11:59:14,1101,7.692533047516971
11:59:15,1101,7.692533047516971
11:59:16,1103,7.690453247680228
11:59:17,1103,7.690453247680228
11:59:18,1103,7.690453247680228
11:59:19,1104,7.693707664884135
11:59:20,1104,7.693707664884135
11:59:21,1104,7.693707664884135
11:59:22,1105,7.695815527065528
11:59:23,1105,7.695815527065528
11:59:24,1105,7.699839914621132
11:59:25,1105,7.699839914621132
11:59:26,1106,7.699839914621132
11:59:27,1106,7.699839914621132
11:59:28,1106,7.701421464108032
11:59:29,1107,7.701421464108032
11:59:30,1107,7.705111821086262
11:59:31,1107,7.705111821086262
11:59:32,1107,7.705111821086262
11:59:33,1108,7.705111821086262
11:59:34,1108,7.705111821086262
11:59:35,1108,7.705111821086262
11:59:36,1108,7.707517730496454
11:59:37,1108,7.707517730496454
11:59:38,1108,7.707517730496454
11:59:39,1108,7.707517730496454
11:59:40,1108,7.707517730496454
11:59:41,1108,7.707517730496454
11:59:42,1108,7.707846262840949
11:59:43,1108,7.707846262840949
11:59:44,1109,7.707846262840949
11:59:45,1109,7.707846262840949
11:59:46,1109,7.707846262840949
11:59:47,1109,7.708439490445859
11:59:48,1109,7.7100035348179565
11:59:49,1109,7.7100035348179565
11:59:50,1109,7.7100035348179565
11:59:51,1109,7.7100035348179565
11:59:52,1109,7.7100035348179565
11:59:53,1109,7.7100035348179565
11:59:54,1109,7.7100035348179565
11:59:55,1109,7.712641242937853
11:59:56,1109,7.712641242937853
11:59:57,1109,7.712641242937853
11:59:58,1109,7.712641242937853
11:59:59,1109,7.712641242937853
12:00:00,1110,7.712641242937853
12:00:01,1110,7.712641242937853
12:00:02,1110,7.712641242937853
12:00:03,1111,7.712641242937853
12:00:04,1111,7.717847075405215
12:00:05,1111,7.717106652587117
12:00:06,1111,7.717106652587117
12:00:07,1111,7.715225035161745
12:00:08,1111,7.715225035161745
12:00:09,1111,7.715225035161745
12:00:10,1111,7.715225035161745
12:00:11,1111,7.717439409905164
12:00:12,1111,7.717439409905164
12:00:13,1111,7.717439409905164
12:00:14,1111,7.7198596491228075
12:00:15,1112,7.7198596491228075
12:00:16,1113,7.724185068349106
12:00:17,1113,7.724185068349106
12:00:18,1114,7.724185068349106
12:00:19,1114,7.724185068349106
12:00:20,1115,7.729345925148653
12:00:21,1115,7.729345925148653
12:00:22,1115,7.729345925148653
12:00:23,1115,7.73256464011181
12:00:24,1115,7.73256464011181
12:00:25,1116,7.73256464011181
12:00:26,1117,7.73256464011181
12:00:27,1117,7.73256464011181
12:00:28,1118,7.73256464011181
12:00:29,1118,7.73256464011181
12:00:30,1119,7.73256464011181
12:00:31,1120,7.733071553228622
12:00:32,1120,7.733071553228622
12:00:33,1120,7.733071553228622
12:00:34,1121,7.734518828451883
12:00:35,1121,7.734518828451883
12:00:36,1122,7.738401253918496
12:00:37,1122,7.738401253918496
12:00:38,1122,7.740518441196938
12:00:39,1122,7.740441432047271
12:00:40,1122,7.7409027777777775
12:00:41,1122,7.7409027777777775
12:00:42,1122,7.7409027777777775
12:00:43,1122,7.7409027777777775
12:00:44,1122,7.7409027777777775
12:00:45,1122,7.7409027777777775
12:00:46,1122,7.7409027777777775
12:00:47,1122,7.7409027777777775
12:00:48,1122,7.7409027777777775
12:00:49,1122,7.7409027777777775
12:00:50,1122,7.744623655913979
12:00:51,1122,7.744623655913979
12:00:52,1122,7.744623655913979
12:00:53,1122,7.744623655913979
12:00:54,1122,7.742827442827443
12:00:55,1122,7.742827442827443
12:00:56,1122,7.742827442827443
12:00:57,1122,7.742609899619245
12:00:58,1122,7.742609899619245
12:00:59,1123,7.742306362378977
12:01:00,1123,7.742306362378977
12:01:01,1123,7.742306362378977
12:01:02,1125,7.742306362378977
12:01:03,1125,7.742306362378977
12:01:04,1125,7.742936096718481
12:01:05,1126,7.742936096718481
12:01:06,1127,7.742936096718481
12:01:07,1127,7.742936096718481
12:01:08,1128,7.742936096718481
12:01:09,1129,7.742936096718481
12:01:10,1130,7.748500517063081
12:01:11,1131,7.748500517063081
12:01:12,1132,7.748500517063081
12:01:13,1133,7.748846418732782
12:01:14,1133,7.748846418732782
12:01:15,1134,7.748846418732782
12:01:16,1136,7.75015479876161
12:01:17,1136,7.75015479876161
12:01:18,1136,7.75015479876161
12:01:19,1137,7.75015479876161
12:01:20,1138,7.750635738831615
12:01:21,1139,7.750635738831615
12:01:22,1140,7.751218674905596
12:01:23,1141,7.751218674905596
12:01:24,1141,7.751218674905596
12:01:25,1141,7.751218674905596
12:01:26,1141,7.754578189300412
12:01:27,1143,7.754578189300412
12:01:28,1143,7.754578189300412
12:01:29,1143,7.755498458376156
12:01:30,1143,7.755498458376156
12:01:31,1143,7.755498458376156
12:01:32,1144,7.755498458376156
12:01:33,1145,7.755498458376156
12:01:34,1146,7.755498458376156
12:01:35,1146,7.755498458376156
12:01:36,1147,7.755498458376156
12:01:37,1148,7.755498458376156
12:01:38,1148,7.755498458376156
12:01:39,1149,7.755498458376156
12:01:40,1150,7.758949349760439
12:01:41,1151,7.758949349760439
12:01:42,1151,7.758949349760439
12:01:43,1152,7.758949349760439
12:01:44,1154,7.759589743589744
12:01:45,1154,7.759589743589744
12:01:46,1154,7.759589743589744
12:01:47,1156,7.758879781420765
12:01:48,1156,7.758879781420765
12:01:49,1156,7.757420675537359
12:01:50,1158,7.757420675537359
12:01:51,1158,7.757420675537359
12:01:52,1158,7.757420675537359
12:01:53,1158,7.757420675537359
12:01:54,1159,7.757583503749148
12:01:55,1159,7.757583503749148
12:01:56,1159,7.757583503749148
12:01:57,1160,7.758307797071842
12:01:58,1160,7.758307797071842
12:01:59,1160,7.758307797071842
12:02:00,1161,7.760227658851512
12:02:01,1161,7.760227658851512
12:02:02,1161,7.7647318397827565
12:02:03,1161,7.7647318397827565
12:02:04,1162,7.7647318397827565
12:02:05,1163,7.7647318397827565
12:02:06,1163,7.7647318397827565
12:02:07,1163,7.7647318397827565
12:02:08,1164,7.7647318397827565
12:02:09,1164,7.7647318397827565
12:02:10,1165,7.7647318397827565
12:02:11,1165,7.764852492370295
12:02:12,1166,7.764852492370295
12:02:13,1166,7.764852492370295
12:02:14,1167,7.764852492370295
12:02:15,1167,7.764852492370295
12:02:16,1167,7.764852492370295
12:02:17,1167,7.763431571815718
12:02:18,1167,7.763654822335026
12:02:19,1167,7.763654822335026
12:02:20,1167,7.765466531440163
12:02:21,1167,7.765466531440163
12:02:22,1167,7.7661263086795005
12:02:23,1168,7.7661263086795005
12:02:24,1168,7.7661263086795005
12:02:25,1168,7.7661263086795005
12:02:26,1168,7.7661263086795005
12:02:27,1168,7.770374115267947
12:02:28,1168,7.770374115267947
12:02:29,1168,7.770374115267947
12:02:30,1168,7.770374115267947
12:02:31,1168,7.770622895622895
12:02:32,1168,7.77238479650185
12:02:33,1168,7.77238479650185
12:02:34,1169,7.77238479650185
12:02:35,1169,7.772530241935484
12:02:36,1169,7.772530241935484
12:02:37,1169,7.772239006377979
12:02:38,1169,7.772736418511067
12:02:39,1169,7.772736418511067
12:02:40,1169,7.772736418511067
12:02:41,1169,7.772736418511067
12:02:42,1169,7.772736418511067
12:02:43,1169,7.772736418511067
12:02:44,1169,7.772736418511067
12:02:45,1169,7.772736418511067
12:02:46,1169,7.772736418511067
12:02:47,1169,7.772736418511067
12:02:48,1169,7.772736418511067
12:02:49,1169,7.774606365159129
12:02:50,1169,7.774606365159129
12:02:51,1169,7.77623828647925
12:02:52,1169,7.77623828647925
12:02:53,1169,7.776295553326647
12:02:54,1169,7.776295553326647
12:02:55,1169,7.776295553326647
12:02:56,1169,7.774665998663995
12:02:57,1169,7.774665998663995
12:02:58,1169,7.775308641975309
12:02:59,1169,7.775308641975309
12:03:00,1169,7.775308641975309
12:03:01,1169,7.775833333333334
12:03:02,1169,7.775833333333334
12:03:03,1170,7.775833333333334
12:03:04,1170,7.775833333333334
12:03:05,1170,7.776473526473526
12:03:06,1170,7.776473526473526
12:03:07,1171,7.77900864936793
12:03:08,1171,7.77900864936793
12:03:09,1171,7.77900864936793
12:03:10,1173,7.77900864936793
12:03:11,1173,7.781474103585657
12:03:12,1173,7.781474103585657
12:03:13,1174,7.781474103585657
12:03:14,1174,7.781474103585657
12:03:15,1174,7.781474103585657
12:03:16,1175,7.781474103585657
12:03:17,1175,7.781474103585657
12:03:18,1176,7.783747927031509
12:03:19,1177,7.783747927031509
12:03:20,1177,7.783747927031509
12:03:21,1177,7.783747927031509
12:03:22,1178,7.783747927031509
12:03:23,1178,7.783747927031509
12:03:24,1179,7.783747927031509
12:03:25,1179,7.783581842279656
12:03:26,1179,7.783581842279656
12:03:27,1179,7.784061569016882
12:03:28,1180,7.784061569016882
12:03:29,1180,7.784061569016882
12:03:30,1180,7.784061569016882
12:03:31,1181,7.784061569016882
12:03:32,1181,7.784061569016882
12:03:33,1181,7.784061569016882
12:03:34,1181,7.784061569016882
12:03:35,1181,7.784061569016882
12:03:36,1181,7.784061569016882
12:03:37,1181,7.786590608465608
12:03:38,1181,7.786590608465608
12:03:39,1181,7.786590608465608
12:03:40,1181,7.785051205814338
12:03:41,1181,7.785051205814338
12:03:42,1181,7.7867821782178215
12:03:43,1181,7.7867821782178215
12:03:44,1181,7.7867821782178215
12:03:45,1181,7.7867821782178215
12:03:46,1181,7.788245961094626
12:03:47,1181,7.788245961094626
12:03:48,1182,7.788245961094626
12:03:49,1182,7.789888010540184
12:03:50,1183,7.789888010540184
12:03:51,1183,7.789888010540184
12:03:52,1184,7.789888010540184
12:03:53,1184,7.789888010540184
12:03:54,1184,7.79109904573873
12:03:55,1184,7.79109904573873
12:03:56,1184,7.79109904573873
12:03:57,1185,7.792455621301775
12:03:58,1186,7.792455621301775
12:03:59,1186,7.7909195402298845
12:04:00,1186,7.792273622047245
12:04:01,1186,7.792273622047245
12:04:02,1186,7.792273622047245
12:04:03,1186,7.79385447394297
12:04:04,1186,7.79385447394297
12:04:05,1186,7.79385447394297
12:04:06,1186,7.79385447394297
12:04:07,1187,7.79385447394297
12:04:08,1187,7.79385447394297
12:04:09,1187,7.79385447394297
12:04:10,1187,7.796627373935822
12:04:11,1187,7.796627373935822
12:04:12,1187,7.796627373935822
12:04:13,1188,7.796627373935822
12:04:14,1188,7.796627373935822
12:04:15,1188,7.798053647366699
12:04:16,1188,7.798053647366699
12:04:17,1188,7.798660130718955
12:04:18,1189,7.798660130718955
12:04:19,1190,7.798660130718955
12:04:20,1190,7.798660130718955
12:04:21,1190,7.799951028403526
12:04:22,1190,7.799951028403526
12:04:23,1190,7.801712328767123
12:04:24,1190,7.803144346692734
12:04:25,1190,7.803144346692734
12:04:26,1190,7.803144346692734
12:04:27,1190,7.803144346692734
12:04:28,1190,7.803144346692734
12:04:29,1190,7.803144346692734
12:04:30,1192,7.803144346692734
12:04:31,1193,7.80341796875
12:04:32,1193,7.80549593495935
12:04:33,1193,7.80549593495935
12:04:34,1194,7.80549593495935
12:04:35,1194,7.80549593495935
12:04:36,1194,7.80549593495935
12:04:37,1194,7.80549593495935
12:04:38,1194,7.80549593495935
12:04:39,1194,7.80549593495935
12:04:40,1194,7.80549593495935
12:04:41,1194,7.80549593495935
12:04:42,1194,7.807732293697206
12:04:43,1194,7.807732293697206
12:04:44,1194,7.809087958455048
12:04:45,1194,7.809087958455048
12:04:46,1194,7.809087958455048
12:04:47,1194,7.809087958455048
12:04:48,1195,7.809087958455048
12:04:49,1195,7.80783073929961
12:04:50,1195,7.80783073929961
12:04:51,1195,7.80783073929961
12:04:52,1195,7.810268869452543
12:04:53,1195,7.810268869452543
12:04:54,1196,7.810268869452543
12:04:55,1196,7.812135922330097
12:04:56,1196,7.812135922330097
12:04:57,1196,7.813627546071775
12:04:58,1196,7.813627546071775
12:04:59,1197,7.813627546071775
12:05:00,1197,7.813627546071775
12:05:01,1198,7.813627546071775
12:05:02,1198,7.815374677002584
12:05:03,1198,7.815374677002584
12:05:04,1198,7.815374677002584
12:05:05,1199,7.815374677002584
12:05:06,1199,7.815374677002584
12:05:07,1199,7.815374677002584
12:05:08,1200,7.816005162955792
12:05:09,1200,7.816005162955792
12:05:10,1200,7.81784332688588
12:05:11,1200,7.81784332688588
12:05:12,1200,7.81784332688588
12:05:13,1200,7.81784332688588
12:05:14,1200,7.81784332688588
12:05:15,1201,7.81784332688588
12:05:16,1201,7.8203542673107895
12:05:17,1201,7.8203542673107895
12:05:18,1201,7.8203542673107895
12:05:19,1201,7.8203542673107895
12:05:20,1202,7.8203542673107895
12:05:21,1202,7.8203542673107895
12:05:22,1202,7.823342985842986
12:05:23,1202,7.824541947926712
12:05:24,1202,7.824541947926712
12:05:25,1202,7.824541947926712
12:05:26,1202,7.82276814386641
12:05:27,1202,7.82276814386641
12:05:28,1202,7.824991979467437
12:05:29,1202,7.824991979467437
12:05:30,1202,7.824991979467437
12:05:31,1203,7.8295389048991355
12:05:32,1203,7.8295389048991355
12:05:33,1203,7.8323416506717844
12:05:34,1203,7.8323416506717844
12:05:35,1203,7.8323416506717844
12:05:36,1204,7.8323416506717844
12:05:37,1204,7.8323416506717844
12:05:38,1205,7.8323416506717844
12:05:39,1206,7.8323416506717844
12:05:40,1206,7.8323416506717844
12:05:41,1206,7.8323416506717844
12:05:42,1206,7.835474592521573
12:05:43,1207,7.835474592521573
12:05:44,1208,7.835474592521573
12:05:45,1208,7.835474592521573
12:05:46,1208,7.835474592521573
12:05:47,1209,7.835474592521573
12:05:48,1209,7.835474592521573
12:05:49,1209,7.835474592521573
12:05:50,1209,7.835474592521573
12:05:51,1209,7.835474592521573
12:05:52,1209,7.835474592521573
12:05:53,1209,7.835474592521573
12:05:54,1209,7.835474592521573
12:05:55,1210,7.835474592521573
12:05:56,1211,7.835474592521573
12:05:57,1211,7.833397190293741
12:05:58,1211,7.83548644338118
12:05:59,1212,7.8360898661567875
12:06:00,1212,7.8390639923591205
12:06:01,1212,7.8390639923591205
12:06:02,1213,7.8390639923591205
12:06:03,1213,7.8390639923591205
12:06:04,1214,7.8390639923591205
12:06:05,1214,7.842040038131554
12:06:06,1216,7.84515873015873
12:06:07,1216,7.84515873015873
12:06:08,1216,7.84515873015873
12:06:09,1216,7.84515873015873
12:06:10,1217,7.846178242943228
12:06:11,1217,7.846178242943228
12:06:12,1217,7.847734474017744
12:06:13,1217,7.847734474017744
12:06:14,1217,7.85068059512504
12:06:15,1218,7.85068059512504
12:06:16,1218,7.85068059512504
12:06:17,1218,7.851122707147375
12:06:18,1219,7.854660347551343
12:06:19,1220,7.854660347551343
12:06:20,1220,7.857607323232323
12:06:21,1221,7.857607323232323
12:06:22,1221,7.857607323232323
12:06:23,1221,7.857607323232323
12:06:24,1221,7.859949542731
12:06:25,1222,7.8623660995589155
12:06:26,1222,7.8623660995589155
12:06:27,1223,7.863519043122443
12:06:28,1224,7.863519043122443
12:06:29,1225,7.863519043122443
12:06:30,1225,7.863519043122443
12:06:31,1225,7.863519043122443
12:06:32,1225,7.863519043122443
12:06:33,1225,7.863519043122443
12:06:34,1225,7.863519043122443
12:06:35,1225,7.863519043122443
12:06:36,1225,7.863519043122443
12:06:37,1225,7.86627358490566
12:06:38,1225,7.86627358490566
12:06:39,1226,7.86627358490566
12:06:40,1226,7.86627358490566
12:06:41,1226,7.86627358490566
12:06:42,1226,7.86627358490566
12:06:43,1226,7.86627358490566
12:06:44,1226,7.86627358490566
12:06:45,1226,7.86627358490566
12:06:46,1226,7.864781652529061
12:06:47,1226,7.868094789704959
12:06:48,1226,7.868094789704959
12:06:49,1226,7.868094789704959
12:06:50,1226,7.86939479460646
12:06:51,1226,7.86939479460646
12:06:52,1226,7.86939479460646
12:06:53,1226,7.86939479460646
12:06:54,1226,7.875821596244132
12:06:55,1226,7.876860537836148
12:06:56,1227,7.876860537836148
12:06:57,1227,7.876860537836148
12:06:58,1228,7.876860537836148
12:06:59,1228,7.879240862230552
12:07:00,1229,7.879240862230552
12:07:01,1229,7.879240862230552
12:07:02,1230,7.880820848938827
12:07:03,1231,7.884112878079202
12:07:04,1231,7.884112878079202
12:07:05,1232,7.884112878079202
12:07:06,1232,7.884112878079202
12:07:07,1232,7.884112878079202
12:07:08,1233,7.884112878079202
12:07:09,1233,7.884112878079202
12:07:10,1234,7.884112878079202
12:07:11,1234,7.884112878079202
12:07:12,1235,7.884112878079202
12:07:13,1235,7.886713395638629
12:07:14,1236,7.886713395638629
12:07:15,1236,7.886713395638629
12:07:16,1236,7.886713395638629
12:07:17,1237,7.886713395638629
12:07:18,1238,7.886713395638629
12:07:19,1238,7.887628384687208
12:07:20,1238,7.890625
12:07:21,1238,7.890625
12:07:22,1238,7.893973283628456
12:07:23,1238,7.893973283628456
12:07:24,1240,7.893973283628456
12:07:25,1240,7.893973283628456
12:07:26,1240,7.893973283628456
12:07:27,1240,7.894490999379268
12:07:28,1240,7.894490999379268
12:07:29,1240,7.894490999379268
12:07:30,1240,7.894490999379268
12:07:31,1240,7.894490999379268
12:07:32,1240,7.894490999379268
12:07:33,1240,7.894490999379268
12:07:34,1240,7.89615503875969
12:07:35,1240,7.89615503875969
12:07:36,1240,7.89615503875969
12:07:37,1240,7.89615503875969
12:07:38,1240,7.899860594795539
12:07:39,1240,7.899860594795539
12:07:40,1240,7.899860594795539
12:07:41,1240,7.899860594795539
12:07:42,1240,7.899860594795539
12:07:43,1240,7.899860594795539
12:07:44,1242,7.9073902288188
12:07:45,1242,7.9073902288188
12:07:46,1242,7.9073902288188
12:07:47,1243,7.9073902288188
12:07:48,1243,7.910601851851852
12:07:49,1243,7.910601851851852
12:07:50,1243,7.910601851851852
12:07:51,1243,7.910601851851852
12:07:52,1243,7.912688868331792
12:07:53,1243,7.912688868331792
12:07:54,1244,7.910289587184226
12:07:55,1244,7.910289587184226
12:07:56,1244,7.910289587184226
12:07:57,1244,7.910289587184226
12:07:58,1244,7.910289587184226
12:07:59,1244,7.910289587184226
12:08:00,1245,7.910289587184226
12:08:01,1245,7.910289587184226
12:08:02,1245,7.910289587184226
12:08:03,1245,7.910289587184226
12:08:04,1246,7.910289587184226
12:08:05,1247,7.910289587184226
12:08:06,1247,7.910289587184226
12:08:07,1247,7.911311172668514
12:08:08,1248,7.912130996309964
12:08:09,1248,7.912130996309964
12:08:10,1248,7.914132104454684
12:08:11,1248,7.915761203192143
12:08:12,1248,7.917448635387918
12:08:13,1248,7.916115196078431
12:08:14,1248,7.916115196078431
12:08:15,1248,7.920064279155188
12:08:16,1249,7.920064279155188
12:08:17,1249,7.920064279155188
12:08:18,1249,7.922645259938838
12:08:19,1249,7.922645259938838
12:08:20,1249,7.922645259938838
12:08:21,1249,7.922645259938838
12:08:22,1249,7.925068744271311
12:08:23,1249,7.925068744271311
12:08:24,1249,7.925068744271311
12:08:25,1249,7.926984126984126
12:08:26,1249,7.927127172918572
12:08:27,1249,7.92886959171237
12:08:28,1249,7.92886959171237
12:08:29,1249,7.92886959171237
12:08:30,1249,7.92886959171237
12:08:31,1249,7.92886959171237
12:08:32,1249,7.92886959171237
12:08:33,1249,7.92886959171237
12:08:34,1249,7.931248097412481
12:08:35,1249,7.931248097412481
12:08:36,1249,7.931248097412481
12:08:37,1249,7.931248097412481
12:08:38,1250,7.931248097412481
12:08:39,1250,7.931248097412481
12:08:40,1251,7.933242092457421
12:08:41,1251,7.933242092457421
12:08:42,1251,7.933242092457421
12:08:43,1251,7.93468550592525
12:08:44,1252,7.9356991204124965
12:08:45,1252,7.9356991204124965
12:08:46,1253,7.934469696969697
12:08:47,1254,7.934469696969697
12:08:48,1254,7.934469696969697
12:08:49,1254,7.934469696969697
12:08:50,1255,7.934469696969697
12:08:51,1255,7.938313654253708
12:08:52,1255,7.938313654253708
12:08:53,1255,7.938313654253708
12:08:54,1255,7.938898971566847
12:08:55,1255,7.938898971566847
12:08:56,1255,7.938898971566847
12:08:57,1256,7.938898971566847
12:08:58,1256,7.938898971566847
12:08:59,1257,7.938898971566847
12:09:00,1257,7.938898971566847
12:09:01,1257,7.938898971566847
12:09:02,1258,7.938898971566847
12:09:03,1258,7.938274403142944
12:09:04,1258,7.940489130434782
12:09:05,1258,7.940489130434782
12:09:06,1259,7.940489130434782
12:09:07,1259,7.940489130434782
12:09:08,1259,7.944740807715491
12:09:09,1260,7.944740807715491
12:09:10,1260,7.944941282746161
12:09:11,1260,7.94777376654633
12:09:12,1260,7.94777376654633
12:09:13,1260,7.94777376654633
12:09:14,1260,7.94777376654633
12:09:15,1260,7.94777376654633
12:09:16,1260,7.94941388638413
12:09:17,1260,7.94941388638413
12:09:18,1260,7.94941388638413
12:09:19,1260,7.955105105105105
12:09:20,1260,7.955105105105105
12:09:21,1261,7.955105105105105
12:09:22,1261,7.955105105105105
12:09:23,1262,7.955105105105105
12:09:24,1262,7.955105105105105
12:09:25,1262,7.955105105105105
12:09:26,1262,7.955105105105105
12:09:27,1263,7.955105105105105
12:09:28,1265,7.955105105105105
12:09:29,1265,7.955105105105105
12:09:30,1265,7.955505550555055
12:09:31,1266,7.955505550555055
12:09:32,1267,7.955505550555055
12:09:33,1267,7.955995203836931
12:09:34,1268,7.955995203836931
12:09:35,1268,7.962054507337526
12:09:36,1269,7.962054507337526
12:09:37,1269,7.962054507337526
12:09:38,1270,7.962054507337526
12:09:39,1271,7.962054507337526
12:09:40,1271,7.962054507337526
12:09:41,1272,7.962054507337526
12:09:42,1273,7.962054507337526
12:09:43,1273,7.963225613405147
12:09:44,1273,7.963225613405147
12:09:45,1273,7.963225613405147
12:09:46,1275,7.965396113602392
12:09:47,1275,7.965396113602392
12:09:48,1276,7.965396113602392
12:09:49,1277,7.965396113602392
12:09:50,1277,7.966591995221028
12:09:51,1277,7.966591995221028
12:09:52,1279,7.966591995221028
12:09:53,1279,7.9635929573261715
12:09:54,1280,7.9635929573261715
12:09:55,1280,7.9635929573261715
12:09:56,1280,7.962611806797853
12:09:57,1281,7.962611806797853
12:09:58,1281,7.962611806797853
12:09:59,1281,7.966190050640453
12:10:00,1282,7.966190050640453
12:10:01,1282,7.966190050640453
12:10:02,1283,7.966190050640453
12:10:03,1283,7.966190050640453
12:10:04,1283,7.966190050640453
12:10:05,1283,7.966190050640453
12:10:06,1284,7.971413690476191
12:10:07,1284,7.971413690476191
12:10:08,1284,7.972792149866191
12:10:09,1284,7.972792149866191
12:10:10,1284,7.972792149866191
12:10:11,1285,7.975609031491385
12:10:12,1285,7.975609031491385
12:10:13,1285,7.975609031491385
12:10:14,1285,7.975609031491385
12:10:15,1286,7.975609031491385
12:10:16,1286,7.976595428910656
12:10:17,1286,7.976595428910656
12:10:18,1286,7.980130486358244
12:10:19,1287,7.98077037037037
12:10:20,1287,7.98077037037037
12:10:21,1287,7.98248963883955
12:10:22,1287,7.98248963883955
12:10:23,1287,7.98248963883955
12:10:24,1287,7.9904107565011815
12:10:25,1287,7.9904107565011815
12:10:26,1287,7.991437850605255
12:10:27,1287,7.991437850605255
12:10:28,1287,7.989631268436578
12:10:29,1287,7.989631268436578
12:10:30,1287,7.989631268436578
12:10:31,1287,7.989631268436578
12:10:32,1287,7.989631268436578
12:10:33,1288,7.989631268436578
12:10:34,1288,7.989631268436578
12:10:35,1288,7.989631268436578
12:10:36,1288,7.989631268436578
12:10:37,1288,7.990863542587681
12:10:38,1288,7.990863542587681
12:10:39,1288,7.989222614840989
12:10:40,1288,7.989222614840989
12:10:41,1288,7.989222614840989
12:10:42,1288,7.989222614840989
12:10:43,1288,7.987187408061194
12:10:44,1288,7.989373897707231
12:10:45,1288,7.989373897707231
12:10:46,1288,7.989373897707231
12:10:47,1288,7.989373897707231
12:10:48,1288,7.989373897707231
12:10:49,1289,7.989373897707231
12:10:50,1289,7.989373897707231
12:10:51,1289,7.989373897707231
12:10:52,1289,7.989373897707231
12:10:53,1291,7.989373897707231
12:10:54,1291,7.989373897707231
12:10:55,1291,7.99143906020558
12:10:56,1292,7.99143906020558
12:10:57,1292,7.99143906020558
12:10:58,1292,7.99143906020558
12:10:59,1292,7.99143906020558
12:11:00,1292,7.99143906020558
12:11:01,1292,7.994087441314553
12:11:02,1292,7.994087441314553
12:11:03,1292,7.994087441314553
12:11:04,1293,7.995411902667839
12:11:05,1293,7.995411902667839
12:11:06,1293,7.996851200937317
12:11:07,1294,7.996851200937317
12:11:08,1294,7.996851200937317
12:11:09,1294,7.996851200937317
12:11:10,1295,7.996851200937317
12:11:11,1295,7.996851200937317
12:11:12,1295,7.996851200937317
12:11:13,1295,7.996851200937317
12:11:14,1296,7.996851200937317
12:11:15,1296,7.996851200937317
12:11:16,1296,7.998609891717881
12:11:17,1296,7.998609891717881
12:11:18,1297,7.998609891717881
12:11:19,1297,8.000029239766082
12:11:20,1297,8.000029239766082
12:11:21,1298,8.003593339176161
12:11:22,1298,8.004918272037362
12:11:23,1298,8.004918272037362
12:11:24,1298,8.00676582093905
12:11:25,1300,8.008289627039627
12:11:26,1300,8.008289627039627
12:11:27,1300,8.008289627039627
12:11:28,1300,8.009737991266375
12:11:29,1301,8.009737991266375
12:11:30,1301,8.009737991266375
12:11:31,1301,8.007518906340897
12:11:32,1302,8.007518906340897
12:11:33,1302,8.009430398140076
12:11:34,1302,8.009430398140076
12:11:35,1302,8.008057491289199
12:11:36,1302,8.009515520742674
12:11:37,1302,8.009515520742674
12:11:38,1302,8.009515520742674
12:11:39,1303,8.009515520742674
12:11:40,1303,8.009515520742674
12:11:41,1303,8.011521739130435
12:11:42,1303,8.011521739130435
12:11:43,1304,8.011521739130435
12:11:44,1304,8.012945264986968
12:11:45,1304,8.012945264986968
12:11:46,1304,8.012945264986968
12:11:47,1304,8.012945264986968
12:11:48,1305,8.012945264986968
12:11:49,1305,8.012945264986968
12:11:50,1305,8.013645562301242
12:11:51,1305,8.013645562301242
12:11:52,1306,8.013645562301242
12:11:53,1306,8.013645562301242
12:11:54,1307,8.017229924898903
12:11:55,1307,8.017229924898903
12:11:56,1308,8.017229924898903
12:11:57,1308,8.017229924898903
12:11:58,1309,8.017229924898903
12:11:59,1309,8.017229924898903
12:12:00,1310,8.01952380952381
12:12:01,1311,8.021611880046136
12:12:02,1311,8.021611880046136
12:12:03,1312,8.021611880046136
12:12:04,1312,8.021611880046136
12:12:05,1312,8.021611880046136
12:12:06,1312,8.021611880046136
12:12:07,1312,8.02524467472654
12:12:08,1312,8.02524467472654
12:12:09,1312,8.02524467472654
12:12:10,1312,8.02524467472654
12:12:11,1312,8.02524467472654
12:12:12,1313,8.02524467472654
12:12:13,1313,8.02524467472654
12:12:14,1313,8.02524467472654
12:12:15,1313,8.02524467472654
12:12:16,1313,8.027164222030486
12:12:17,1313,8.027164222030486
12:12:18,1313,8.027164222030486
12:12:19,1314,8.02625
12:12:20,1314,8.02625
12:12:21,1314,8.024576514498996
12:12:22,1314,8.024576514498996
12:12:23,1314,8.024576514498996
12:12:24,1314,8.026491681009754
12:12:25,1314,8.026491681009754
12:12:26,1314,8.029277730008598
12:12:27,1314,8.029277730008598
12:12:28,1314,8.032101947308133
12:12:29,1315,8.032101947308133
12:12:30,1316,8.032101947308133
12:12:31,1316,8.032101947308133
12:12:32,1316,8.032101947308133
12:12:33,1317,8.032101947308133
12:12:34,1318,8.032101947308133
12:12:35,1318,8.032101947308133
12:12:36,1319,8.032101947308133
12:12:37,1319,8.032101947308133
12:12:38,1319,8.032101947308133
12:12:39,1319,8.029799713876967
12:12:40,1319,8.029799713876967
12:12:41,1319,8.029859919954259
12:12:42,1319,8.032904884318766
12:12:43,1319,8.032904884318766
12:12:44,1319,8.032904884318766
12:12:45,1320,8.032904884318766
12:12:46,1320,8.032904884318766
12:12:47,1320,8.032904884318766
12:12:48,1322,8.032904884318766
12:12:49,1322,8.03416095890411
12:12:50,1322,8.03416095890411
12:12:51,1322,8.03416095890411
12:12:52,1322,8.03416095890411
12:12:53,1323,8.036726546906188
12:12:54,1323,8.036726546906188
12:12:55,1323,8.04
12:12:56,1323,8.04
12:12:57,1323,8.04
12:12:58,1323,8.04
12:12:59,1324,8.043182465129519
12:13:00,1324,8.043182465129519
12:13:01,1324,8.043182465129519
12:13:02,1325,8.043182465129519
12:13:03,1325,8.043182465129519
12:13:04,1325,8.043182465129519
12:13:05,1325,8.04598976109215
12:13:06,1326,8.04598976109215
12:13:07,1326,8.04598976109215
12:13:08,1328,8.04598976109215
12:13:09,1328,8.04598976109215
12:13:10,1329,8.044401818698494
12:13:11,1330,8.047586598523566
12:13:12,1330,8.047586598523566
12:13:13,1331,8.045943262411347
12:13:14,1331,8.045943262411347
12:13:15,1331,8.045943262411347
12:13:16,1331,8.045943262411347
12:13:17,1332,8.045943262411347
12:13:18,1333,8.045943262411347
12:13:19,1334,8.045943262411347
12:13:20,1335,8.047732426303854
12:13:21,1336,8.047732426303854
12:13:22,1336,8.049589351458511
12:13:23,1337,8.049589351458511
12:13:24,1338,8.049589351458511
12:13:25,1338,8.049589351458511
12:13:26,1338,8.049589351458511
12:13:27,1339,8.049589351458511
12:13:28,1339,8.049589351458511
12:13:29,1339,8.05216468590832
12:13:30,1339,8.049010460842522
12:13:31,1341,8.049010460842522
12:13:32,1341,8.052485875706214
12:13:33,1341,8.052485875706214
12:13:34,1342,8.050550381033023
12:13:35,1343,8.050550381033023
12:13:36,1344,8.050550381033023
12:13:37,1344,8.050550381033023
12:13:38,1344,8.050550381033023
12:13:39,1346,8.051917653694304
12:13:40,1346,8.051917653694304
12:13:41,1347,8.051917653694304
12:13:42,1348,8.051917653694304
12:13:43,1348,8.051917653694304
12:13:44,1349,8.054945054945055
12:13:45,1350,8.055447635135135
12:13:46,1350,8.055447635135135
12:13:47,1350,8.055447635135135
12:13:48,1352,8.058424753867792
12:13:49,1353,8.058424753867792
12:13:50,1353,8.058424753867792
12:13:51,1356,8.060623946037099
12:13:52,1357,8.060623946037099
12:13:53,1357,8.060623946037099
12:13:54,1357,8.060623946037099
12:13:55,1359,8.060623946037099
12:13:56,1359,8.060623946037099
12:13:57,1359,8.062861555742769
12:13:58,1359,8.064856902356903
12:13:59,1360,8.064856902356903
12:14:00,1360,8.06708718811326
12:14:01,1360,8.070854341736695
12:14:02,1360,8.070854341736695
12:14:03,1361,8.070854341736695
12:14:04,1361,8.069616890380313
12:14:05,1362,8.069616890380313
12:14:06,1362,8.069616890380313
12:14:07,1363,8.069616890380313
12:14:08,1364,8.069616890380313
12:14:09,1364,8.069616890380313
12:14:10,1365,8.069616890380313
12:14:11,1365,8.069616890380313
12:14:12,1365,8.069616890380313
12:14:13,1366,8.069616890380313
12:14:14,1366,8.069616890380313
12:14:15,1366,8.069616890380313
12:14:16,1366,8.069616890380313
12:14:17,1366,8.069616890380313
12:14:18,1366,8.069616890380313
12:14:19,1366,8.069616890380313
12:14:20,1366,8.068147527242246
12:14:21,1366,8.068147527242246
12:14:22,1366,8.068147527242246
12:14:23,1366,8.065354550530431
12:14:24,1366,8.065354550530431
12:14:25,1366,8.065354550530431
12:14:26,1366,8.065354550530431
12:14:27,1366,8.065354550530431
12:14:28,1366,8.065354550530431
12:14:29,1366,8.065354550530431
12:14:30,1366,8.065354550530431
12:14:31,1366,8.065732217573222
12:14:32,1366,8.065732217573222
12:14:33,1366,8.069857859531773
12:14:34,1366,8.069857859531773
12:14:35,1366,8.069857859531773
12:14:36,1366,8.072096908939013
12:14:37,1366,8.072096908939013
12:14:38,1366,8.072096908939013
12:14:39,1366,8.074805230940457
12:14:40,1367,8.074805230940457
12:14:41,1367,8.074805230940457
12:14:42,1367,8.074805230940457
12:14:43,1367,8.077495134834585
12:14:44,1367,8.077495134834585
12:14:45,1367,8.077495134834585
12:14:46,1367,8.077495134834585
12:14:47,1367,8.078125
12:14:48,1367,8.07962808770469
12:14:49,1368,8.07962808770469
12:14:50,1368,8.07962808770469
12:14:51,1368,8.07962808770469
12:14:52,1368,8.07962808770469
12:14:53,1368,8.082057681641707
12:14:54,1368,8.079800498753118
12:14:55,1368,8.08408084163898
12:14:56,1368,8.08408084163898
12:14:57,1368,8.08408084163898
12:14:58,1368,8.088437067773167
12:14:59,1368,8.088437067773167
12:15:00,1368,8.088437067773167
12:15:01,1368,8.088437067773167
12:15:02,1368,8.088437067773167
12:15:03,1368,8.088437067773167
12:15:04,1368,8.088437067773167
12:15:05,1368,8.088437067773167
12:15:06,1368,8.087548369264788
12:15:07,1368,8.087548369264788
12:15:08,1368,8.089795636564485
12:15:09,1369,8.088217439293597
12:15:10,1369,8.088217439293597
12:15:11,1370,8.088217439293597
12:15:12,1371,8.088217439293597
12:15:13,1371,8.08908188585608
12:15:14,1371,8.08908188585608
12:15:15,1371,8.08908188585608
12:15:16,1372,8.08908188585608
12:15:17,1372,8.08908188585608
12:15:18,1372,8.08908188585608
12:15:19,1372,8.08908188585608
12:15:20,1372,8.08908188585608
12:15:21,1372,8.08908188585608
12:15:22,1373,8.08908188585608
12:15:23,1373,8.08908188585608
12:15:24,1373,8.08908188585608
12:15:25,1373,8.08908188585608
12:15:26,1373,8.08908188585608
12:15:27,1374,8.08908188585608
12:15:28,1374,8.089807162534434
12:15:29,1374,8.089807162534434
12:15:30,1374,8.087696118909992
12:15:31,1374,8.087696118909992
12:15:32,1374,8.090690319031903
12:15:33,1374,8.090690319031903
12:15:34,1374,8.092668863261943
12:15:35,1374,8.092668863261943
12:15:36,1374,8.092668863261943
12:15:37,1374,8.092668863261943
12:15:38,1374,8.092668863261943
12:15:39,1374,8.092668863261943
12:15:40,1374,8.095500685871055
12:15:41,1374,8.095500685871055
12:15:42,1374,8.095500685871055
12:15:43,1374,8.097217653508771
12:15:44,1374,8.097217653508771
12:15:45,1374,8.097217653508771
12:15:46,1374,8.098205970966857
12:15:47,1374,8.098205970966857
12:15:48,1374,8.098205970966857
12:15:49,1374,8.098205970966857
12:15:50,1374,8.098205970966857
12:15:51,1375,8.098205970966857
12:15:52,1375,8.098084291187739
12:15:53,1375,8.098084291187739
12:15:54,1376,8.098084291187739
12:15:55,1377,8.098084291187739
12:15:56,1377,8.099289034727919
12:15:57,1377,8.104112021857924
12:15:58,1377,8.104112021857924
12:15:59,1377,8.102552552552552
12:16:00,1377,8.102552552552552
12:16:01,1377,8.102552552552552
12:16:02,1378,8.10403709765412
12:16:03,1379,8.10403709765412
12:16:04,1379,8.10403709765412
12:16:05,1379,8.104783319705641
12:16:06,1380,8.104783319705641
12:16:07,1381,8.104783319705641
12:16:08,1381,8.104783319705641
12:16:09,1382,8.104783319705641
12:16:10,1382,8.104783319705641
12:16:11,1383,8.104783319705641
12:16:12,1383,8.104783319705641
12:16:13,1383,8.104783319705641
12:16:14,1383,8.104783319705641
12:16:15,1384,8.104783319705641
12:16:16,1384,8.105610021786493
12:16:17,1384,8.105610021786493
12:16:18,1385,8.108020663404025
12:16:19,1385,8.108020663404025
12:16:20,1386,8.108020663404025
12:16:21,1386,8.105908720456398
12:16:22,1386,8.10720684039088
12:16:23,1386,8.10720684039088
12:16:24,1387,8.10720684039088
12:16:25,1387,8.10720684039088
12:16:26,1387,8.10720684039088
12:16:27,1388,8.10720684039088
12:16:28,1388,8.10720684039088
12:16:29,1389,8.10942500678058
12:16:30,1389,8.10942500678058
12:16:31,1389,8.114419171405363
12:16:32,1389,8.114419171405363
12:16:33,1389,8.114419171405363
12:16:34,1390,8.115638528138527
12:16:35,1390,8.115638528138527
12:16:36,1390,8.11750473100838
12:16:37,1390,8.11750473100838
12:16:38,1390,8.11750473100838
12:16:39,1391,8.11750473100838
12:16:40,1391,8.117260940032414
12:16:41,1392,8.118326585695007
12:16:42,1392,8.118326585695007
12:16:43,1392,8.118326585695007
12:16:44,1392,8.118326585695007
12:16:45,1392,8.118326585695007
12:16:46,1392,8.118326585695007
12:16:47,1393,8.118326585695007
12:16:48,1394,8.118326585695007
12:16:49,1394,8.118326585695007
12:16:50,1395,8.118326585695007
12:16:51,1396,8.120846817691477
12:16:52,1396,8.120846817691477
12:16:53,1397,8.12193478846672
12:16:54,1397,8.123196015078083
12:16:55,1398,8.123196015078083
12:16:56,1399,8.123196015078083
12:16:57,1399,8.123196015078083
12:16:58,1401,8.125652407855798
12:16:59,1401,8.126895161290323
12:17:00,1401,8.126895161290323
12:17:01,1401,8.126895161290323
12:17:02,1401,8.126895161290323
12:17:03,1402,8.126895161290323
12:17:04,1402,8.126895161290323
12:17:05,1402,8.126895161290323
12:17:06,1402,8.12648401826484
12:17:07,1403,8.12648401826484
12:17:08,1403,8.124919484702094
12:17:09,1403,8.124919484702094
12:17:10,1404,8.124919484702094
12:17:11,1404,8.12343791901314
12:17:12,1404,8.12343791901314
12:17:13,1405,8.12478563772776
12:17:14,1405,8.126439089692102
12:17:15,1406,8.126439089692102
12:17:16,1406,8.126439089692102
12:17:17,1406,8.126439089692102
12:17:18,1406,8.126439089692102
12:17:19,1407,8.126439089692102
12:17:20,1407,8.129815409309792
12:17:21,1407,8.129815409309792
12:17:22,1408,8.129815409309792
12:17:23,1408,8.129815409309792
12:17:24,1408,8.129815409309792
12:17:25,1408,8.130045442395081
12:17:26,1409,8.130045442395081
12:17:27,1409,8.130045442395081
12:17:28,1410,8.130045442395081
12:17:29,1410,8.130045442395081
12:17:30,1411,8.130045442395081
12:17:31,1411,8.130045442395081
12:17:32,1411,8.130045442395081
12:17:33,1412,8.131971153846154
12:17:34,1412,8.131971153846154
12:17:35,1412,8.131971153846154
12:17:36,1413,8.131971153846154
12:17:37,1414,8.131971153846154
12:17:38,1414,8.131971153846154
12:17:39,1414,8.131971153846154
12:17:40,1415,8.131971153846154
12:17:41,1415,8.133826666666668
12:17:42,1416,8.133826666666668
12:17:43,1417,8.133826666666668
12:17:44,1417,8.133826666666668
12:17:45,1417,8.135982428115016
12:17:46,1418,8.135982428115016
12:17:47,1418,8.13850758180367
12:17:48,1418,8.13850758180367
12:17:49,1419,8.13850758180367
12:17:50,1419,8.13850758180367
12:17:51,1419,8.13850758180367
12:17:52,1419,8.13850758180367
12:17:53,1420,8.13850758180367
12:17:54,1420,8.13850758180367
12:17:55,1420,8.14173312068049
12:17:56,1420,8.14173312068049
12:17:57,1421,8.14173312068049
12:17:58,1421,8.14173312068049
12:17:59,1421,8.142363877822046
12:18:00,1422,8.142363877822046
12:18:01,1422,8.142363877822046
12:18:02,1422,8.1427016985138
12:18:03,1423,8.1427016985138
12:18:04,1423,8.144006894722885
12:18:05,1423,8.142196608373078
12:18:06,1423,8.142196608373078
12:18:07,1423,8.142196608373078
12:18:08,1424,8.142196608373078
12:18:09,1425,8.142196608373078
12:18:10,1425,8.142196608373078
12:18:11,1425,8.142196608373078
12:18:12,1426,8.140640720148266
12:18:13,1428,8.140640720148266
12:18:14,1428,8.140640720148266
12:18:15,1429,8.140640720148266
12:18:16,1429,8.140640720148266
12:18:17,1429,8.140640720148266
12:18:18,1429,8.14223544973545
12:18:19,1429,8.14223544973545
12:18:20,1429,8.14223544973545
12:18:21,1429,8.14223544973545
12:18:22,1429,8.14578376949511
12:18:23,1429,8.14578376949511
12:18:24,1429,8.14578376949511
12:18:25,1430,8.14578376949511
12:18:26,1430,8.14578376949511
12:18:27,1430,8.14578376949511
12:18:28,1430,8.14578376949511
12:18:29,1430,8.14578376949511
12:18:30,1431,8.144836238774433
12:18:31,1431,8.144836238774433
12:18:32,1431,8.144836238774433
12:18:33,1431,8.150369198312237
12:18:34,1432,8.150369198312237
12:18:35,1432,8.150948616600791
12:18:36,1433,8.151474460242232
12:18:37,1433,8.151474460242232
12:18:38,1434,8.151474460242232
12:18:39,1435,8.151474460242232
12:18:40,1435,8.151474460242232
12:18:41,1435,8.151474460242232
12:18:42,1436,8.151474460242232
12:18:43,1436,8.151474460242232
12:18:44,1436,8.151474460242232
12:18:45,1436,8.151474460242232
12:18:46,1436,8.151474460242232
12:18:47,1437,8.150789265982636
12:18:48,1438,8.150789265982636
12:18:49,1438,8.150591016548464
12:18:50,1438,8.150591016548464
12:18:51,1439,8.150591016548464
12:18:52,1439,8.15603199580383
12:18:53,1439,8.161346960167714
12:18:54,1439,8.161346960167714
12:18:55,1439,8.161346960167714
12:18:56,1439,8.166247708824299
12:18:57,1439,8.166247708824299
12:18:58,1439,8.166247708824299
12:18:59,1439,8.166247708824299
12:19:00,1440,8.166247708824299
12:19:01,1440,8.166247708824299
12:19:02,1440,8.166247708824299
12:19:03,1440,8.166247708824299
12:19:04,1440,8.166247708824299
12:19:05,1440,8.166247708824299
12:19:06,1440,8.166247708824299
12:19:07,1441,8.167464678178964
12:19:08,1441,8.167464678178964
12:19:09,1441,8.167464678178964
12:19:10,1441,8.168051201671892
12:19:11,1444,8.168051201671892
12:19:12,1444,8.171730618637431
12:19:13,1444,8.172613458528952
12:19:14,1445,8.17366432108418
12:19:15,1446,8.17366432108418
12:19:16,1446,8.17366432108418
12:19:17,1446,8.17366432108418
12:19:18,1446,8.17366432108418
12:19:19,1447,8.17366432108418
12:19:20,1448,8.17366432108418
12:19:21,1448,8.17366432108418
12:19:22,1449,8.1747265625
12:19:23,1449,8.1747265625
12:19:24,1449,8.1747265625
12:19:25,1450,8.171636742128545
12:19:26,1450,8.171636742128545
12:19:27,1451,8.17244738893219
12:19:28,1451,8.17244738893219
12:19:29,1451,8.17244738893219
12:19:30,1451,8.177769130998703
12:19:31,1451,8.177769130998703
12:19:32,1451,8.177769130998703
12:19:33,1452,8.17877492877493
12:19:34,1453,8.17877492877493
12:19:35,1453,8.17877492877493
12:19:36,1453,8.17877492877493
12:19:37,1454,8.181238686320144
12:19:38,1454,8.181238686320144
12:19:39,1454,8.181238686320144
12:19:40,1454,8.181238686320144
12:19:41,1454,8.181238686320144
12:19:42,1454,8.181238686320144
12:19:43,1454,8.181238686320144
12:19:44,1454,8.18109819121447
12:19:45,1454,8.18109819121447
12:19:46,1455,8.18109819121447
12:19:47,1455,8.18109819121447
12:19:48,1455,8.18303640588691
12:19:49,1456,8.18303640588691
12:19:50,1456,8.18303640588691
12:19:51,1456,8.182391640866873
12:19:52,1457,8.182391640866873
12:19:53,1457,8.182391640866873
12:19:54,1458,8.182391640866873
12:19:55,1458,8.182391640866873
12:19:56,1459,8.18207109737249
12:19:57,1459,8.18207109737249
12:19:58,1459,8.18207109737249
12:19:59,1459,8.18207109737249
12:20:00,1459,8.18207109737249
12:20:01,1461,8.18207109737249
12:20:02,1461,8.18207109737249
12:20:03,1461,8.184440154440155
12:20:04,1464,8.184440154440155
12:20:05,1464,8.184440154440155
12:20:06,1464,8.184440154440155
12:20:07,1465,8.184440154440155
12:20:08,1466,8.184440154440155
12:20:09,1466,8.184440154440155
12:20:10,1466,8.184440154440155
12:20:11,1466,8.184440154440155
12:20:12,1467,8.185905349794238
12:20:13,1467,8.185905349794238
12:20:14,1467,8.185905349794238
12:20:15,1467,8.183423284502698
12:20:16,1467,8.183423284502698
12:20:17,1467,8.184282781626893
12:20:18,1467,8.184282781626893
12:20:19,1468,8.184282781626893
12:20:20,1468,8.184923076923077
12:20:21,1468,8.184923076923077
12:20:22,1468,8.185767358442224
12:20:23,1468,8.185767358442224
12:20:24,1468,8.185767358442224
12:20:25,1469,8.18547107014849
12:20:26,1469,8.18547107014849
12:20:27,1469,8.18547107014849
12:20:28,1469,8.183512407265285
12:20:29,1469,8.183512407265285
12:20:30,1469,8.183512407265285
12:20:31,1469,8.183512407265285
12:20:32,1469,8.183512407265285
12:20:33,1469,8.183512407265285
12:20:34,1470,8.183512407265285
12:20:35,1470,8.183512407265285
12:20:36,1470,8.183512407265285
12:20:37,1471,8.184419734151328
12:20:38,1471,8.184419734151328
12:20:39,1471,8.184419734151328
12:20:40,1471,8.184419734151328
12:20:41,1471,8.184419734151328
12:20:42,1471,8.184419734151328
12:20:43,1471,8.184419734151328
12:20:44,1471,8.184419734151328
12:20:45,1471,8.184419734151328
12:20:46,1471,8.188489025012762
12:20:47,1472,8.188489025012762
12:20:48,1472,8.188489025012762
12:20:49,1472,8.190793165008927
12:20:50,1472,8.190793165008927
12:20:51,1472,8.190793165008927
12:20:52,1472,8.192928134556574
12:20:53,1472,8.192928134556574
12:20:54,1472,8.194910941475827
12:20:55,1472,8.194910941475827
12:20:56,1472,8.194910941475827
12:20:57,1472,8.194800406814137
12:20:58,1472,8.194800406814137
12:20:59,1472,8.194601117886178
12:21:00,1472,8.194601117886178
12:21:01,1473,8.195887281035796
12:21:02,1473,8.195887281035796
12:21:03,1473,8.198452562151193
12:21:04,1474,8.198452562151193
12:21:05,1474,8.195880861850444
12:21:06,1474,8.195880861850444
12:21:07,1474,8.196719858156028
12:21:08,1474,8.196719858156028
12:21:09,1476,8.196719858156028
12:21:10,1476,8.197709440647937
12:21:11,1476,8.197709440647937
12:21:12,1476,8.197709440647937
12:21:13,1476,8.197709440647937
12:21:14,1476,8.197709440647937
12:21:15,1477,8.197709440647937
12:21:16,1477,8.197709440647937
12:21:17,1477,8.197709440647937
12:21:18,1477,8.197709440647937
12:21:19,1477,8.197709440647937
12:21:20,1478,8.197709440647937
12:21:21,1478,8.197709440647937
12:21:22,1478,8.197709440647937
12:21:23,1479,8.197709440647937
12:21:24,1479,8.197709440647937
12:21:25,1479,8.19772382397572
12:21:26,1480,8.197434925448572
12:21:27,1480,8.197434925448572
12:21:28,1480,8.197777777777778
12:21:29,1480,8.197777777777778
12:21:30,1480,8.197777777777778
12:21:31,1480,8.197777777777778
12:21:32,1481,8.197777777777778
12:21:33,1481,8.197777777777778
12:21:34,1482,8.197777777777778
12:21:35,1482,8.195748170577845
12:21:36,1482,8.195748170577845
12:21:37,1482,8.195748170577845
12:21:38,1482,8.195748170577845
12:21:39,1482,8.19251134644478
12:21:40,1483,8.19251134644478
12:21:41,1483,8.19222726127488
12:21:42,1483,8.19222726127488
12:21:43,1484,8.19222726127488
12:21:44,1484,8.193340886203424
12:21:45,1484,8.193340886203424
12:21:46,1485,8.193340886203424
12:21:47,1485,8.193245283018868
12:21:48,1485,8.193245283018868
12:21:49,1485,8.193451483157366
12:21:50,1486,8.193682491836222
12:21:51,1486,8.193682491836222
12:21:52,1486,8.193682491836222
12:21:53,1488,8.193682491836222
12:21:54,1488,8.196046686746987
12:21:55,1488,8.196046686746987
12:21:56,1489,8.196601454727865
12:21:57,1489,8.196601454727865
12:21:58,1489,8.196601454727865
12:21:59,1489,8.196601454727865
12:22:00,1490,8.194573934837093
12:22:01,1490,8.195554720761333
12:22:02,1490,8.195554720761333
12:22:03,1490,8.195554720761333
12:22:04,1490,8.195554720761333
12:22:05,1490,8.195554720761333
12:22:06,1490,8.195554720761333
12:22:07,1491,8.195554720761333
12:22:08,1491,8.195554720761333
12:22:09,1492,8.195554720761333
12:22:10,1493,8.195554720761333
12:22:11,1493,8.195554720761333
12:22:12,1494,8.195554720761333
12:22:13,1495,8.195554720761333
12:22:14,1496,8.19253003003003
12:22:15,1497,8.194136034008501
12:22:16,1499,8.194136034008501
12:22:17,1500,8.194136034008501
12:22:18,1500,8.194136034008501
12:22:19,1501,8.194136034008501
12:22:20,1501,8.194136034008501
12:22:21,1502,8.194136034008501
12:22:22,1502,8.194136034008501
12:22:23,1502,8.194136034008501
12:22:24,1502,8.194136034008501
12:22:25,1503,8.192278860569715
12:22:26,1503,8.192278860569715
12:22:27,1503,8.192278860569715
12:22:28,1504,8.192278860569715
12:22:29,1504,8.192278860569715
12:22:30,1504,8.193433208489388
12:22:31,1505,8.193433208489388
12:22:32,1505,8.193433208489388
12:22:33,1505,8.193433208489388
12:22:34,1505,8.195287958115182
12:22:35,1505,8.195287958115182
12:22:36,1505,8.19598903836572
12:22:37,1505,8.19598903836572
12:22:38,1505,8.196614388847399
12:22:39,1505,8.196614388847399
12:22:40,1505,8.196614388847399
12:22:41,1505,8.196614388847399
12:22:42,1505,8.198905472636817
12:22:43,1505,8.198905472636817
12:22:44,1506,8.202423564504102
12:22:45,1506,8.202423564504102
12:22:46,1506,8.202423564504102
12:22:47,1506,8.20481867858917
12:22:48,1506,8.20481867858917
12:22:49,1506,8.205621742367834
12:22:50,1506,8.205621742367834
12:22:51,1506,8.205621742367834
12:22:52,1506,8.205621742367834
12:22:53,1506,8.205621742367834
12:22:54,1506,8.205621742367834
12:22:55,1507,8.205621742367834
12:22:56,1507,8.205621742367834
12:22:57,1507,8.205621742367834
12:22:58,1507,8.207688492063491
12:22:59,1508,8.207688492063491
12:23:00,1508,8.207688492063491
12:23:01,1509,8.207688492063491
12:23:02,1509,8.207688492063491
12:23:03,1509,8.207688492063491
12:23:04,1510,8.206451213472016
12:23:05,1510,8.206451213472016
12:23:06,1510,8.206607275426874
12:23:07,1511,8.206607275426874
12:23:08,1511,8.207220573689417
12:23:09,1511,8.207220573689417
12:23:10,1511,8.207220573689417
12:23:11,1512,8.207220573689417
12:23:12,1512,8.207220573689417
12:23:13,1513,8.207220573689417
12:23:14,1513,8.207220573689417
12:23:15,1513,8.20638744749197
12:23:16,1513,8.20638744749197
12:23:17,1513,8.20638744749197
12:23:18,1514,8.207024691358024
12:23:19,1514,8.207024691358024
12:23:20,1514,8.208376511226252
12:23:21,1514,8.208376511226252
12:23:22,1515,8.208376511226252
12:23:23,1515,8.205645956607494
12:23:24,1515,8.205645956607494
12:23:25,1515,8.205645956607494
12:23:26,1516,8.205645956607494
12:23:27,1516,8.205645956607494
12:23:28,1516,8.205645956607494
12:23:29,1516,8.205645956607494
12:23:30,1517,8.205645956607494
12:23:31,1517,8.205645956607494
12:23:32,1517,8.205645956607494
12:23:33,1518,8.205645956607494
12:23:34,1519,8.208924175283112
12:23:35,1519,8.208924175283112
12:23:36,1519,8.208924175283112
12:23:37,1519,8.208924175283112
12:23:38,1520,8.211676499508359
12:23:39,1520,8.211676499508359
12:23:40,1520,8.212994350282486
12:23:41,1522,8.21318114874816
12:23:42,1522,8.21318114874816
12:23:43,1522,8.212877115526123
12:23:44,1522,8.212877115526123
12:23:45,1522,8.212877115526123
12:23:46,1523,8.212877115526123
12:23:47,1523,8.212877115526123
12:23:48,1523,8.212877115526123
12:23:49,1524,8.212877115526123
12:23:50,1524,8.212877115526123
12:23:51,1524,8.212877115526123
12:23:52,1524,8.212877115526123
12:23:53,1524,8.212877115526123
12:23:54,1524,8.214767156862745
12:23:55,1524,8.214767156862745
12:23:56,1524,8.214767156862745
12:23:57,1524,8.212049963262308
12:23:58,1525,8.213338228095937
12:23:59,1525,8.213022743947175
12:24:00,1525,8.213022743947175
12:24:01,1525,8.213022743947175
12:24:02,1525,8.213022743947175
12:24:03,1526,8.213022743947175
12:24:04,1526,8.213022743947175
12:24:05,1526,8.213022743947175
12:24:06,1526,8.211754643206255
12:24:07,1526,8.211754643206255
12:24:08,1526,8.211754643206255
12:24:09,1526,8.211754643206255
12:24:10,1526,8.211754643206255
12:24:11,1526,8.211754643206255
12:24:12,1527,8.21376281112738
12:24:13,1527,8.21376281112738
12:24:14,1527,8.21376281112738
12:24:15,1527,8.21376281112738
12:24:16,1527,8.21376281112738
12:24:17,1527,8.215618141916606
12:24:18,1527,8.215618141916606
12:24:19,1527,8.215618141916606
12:24:20,1527,8.215606725146198
12:24:21,1527,8.215606725146198
12:24:22,1527,8.215606725146198
12:24:23,1527,8.215606725146198
12:24:24,1527,8.216800486618006
12:24:25,1527,8.216800486618006
12:24:26,1527,8.219462679309506
12:24:27,1527,8.219462679309506
12:24:28,1527,8.219462679309506
12:24:29,1527,8.219462679309506
12:24:30,1527,8.221246355685132
12:24:31,1527,8.221246355685132
12:24:32,1528,8.217710609371206
12:24:33,1528,8.217710609371206
12:24:34,1529,8.217710609371206
12:24:35,1529,8.217721979621542
12:24:36,1529,8.217721979621542
12:24:37,1530,8.217721979621542
12:24:38,1530,8.217721979621542
12:24:39,1531,8.217721979621542
12:24:40,1532,8.217721979621542
12:24:41,1532,8.217721979621542
12:24:42,1532,8.217721979621542
12:24:43,1532,8.217721979621542
12:24:44,1532,8.219161821705425
12:24:45,1533,8.219161821705425
12:24:46,1534,8.219161821705425
12:24:47,1534,8.219161821705425
12:24:48,1534,8.219161821705425
12:24:49,1534,8.219161821705425
12:24:50,1534,8.219161821705425
12:24:51,1534,8.219161821705425
12:24:52,1535,8.219161821705425
12:24:53,1535,8.219161821705425
12:24:54,1536,8.219161821705425
12:24:55,1536,8.219161821705425
12:24:56,1536,8.218215928346646
12:24:57,1536,8.218215928346646
12:24:58,1536,8.218215928346646
12:24:59,1536,8.22068214804064
12:25:00,1536,8.22068214804064
12:25:01,1536,8.22068214804064
12:25:02,1536,8.221884057971014
12:25:03,1536,8.221884057971014
12:25:04,1537,8.221884057971014
12:25:05,1537,8.221884057971014
12:25:06,1537,8.221904417089066
12:25:07,1537,8.221261456825856
12:25:08,1537,8.221209930103639
12:25:09,1537,8.221209930103639
12:25:10,1538,8.221209930103639
12:25:11,1538,8.221209930103639
12:25:12,1538,8.221209930103639
12:25:13,1538,8.221209930103639
12:25:14,1538,8.221209930103639
12:25:15,1538,8.221209930103639
12:25:16,1538,8.221209930103639
12:25:17,1538,8.221209930103639
12:25:18,1538,8.220568400770713
12:25:19,1538,8.220568400770713
12:25:20,1538,8.222707581227436
12:25:21,1538,8.223292448292447
12:25:22,1538,8.223292448292447
12:25:23,1538,8.223292448292447
12:25:24,1538,8.223292448292447
12:25:25,1538,8.223292448292447
12:25:26,1539,8.223292448292447
12:25:27,1539,8.226207642393655
12:25:28,1540,8.226207642393655
12:25:29,1541,8.226207642393655
12:25:30,1541,8.226207642393655
12:25:31,1541,8.226207642393655
12:25:32,1541,8.226207642393655
12:25:33,1541,8.22725744476465
12:25:34,1541,8.22725744476465
12:25:35,1542,8.224214062874971
12:25:36,1542,8.227062350119905
12:25:37,1542,8.227062350119905
12:25:38,1543,8.227062350119905
12:25:39,1544,8.227062350119905
12:25:40,1544,8.227062350119905
12:25:41,1544,8.227062350119905
12:25:42,1544,8.227062350119905
12:25:43,1546,8.227062350119905
12:25:44,1547,8.227062350119905
12:25:45,1548,8.227062350119905
12:25:46,1548,8.226312005751259
12:25:47,1550,8.226312005751259
12:25:48,1551,8.226312005751259
12:25:49,1551,8.226312005751259
12:25:50,1551,8.226312005751259
12:25:51,1551,8.226312005751259
12:25:52,1552,8.226312005751259
12:25:53,1552,8.226312005751259
12:25:54,1553,8.229166666666666
12:25:55,1554,8.229166666666666
12:25:56,1554,8.229166666666666
12:25:57,1554,8.229166666666666
12:25:58,1557,8.229166666666666
12:25:59,1557,8.229166666666666
12:26:00,1558,8.229166666666666
12:26:01,1558,8.232316343622877
12:26:02,1560,8.232316343622877
12:26:03,1560,8.232316343622877
12:26:04,1560,8.232316343622877
12:26:05,1561,8.232316343622877
12:26:06,1562,8.232316343622877
12:26:07,1562,8.231372549019607
12:26:08,1563,8.231372549019607
12:26:09,1563,8.230346475507766
12:26:10,1563,8.230346475507766
12:26:11,1563,8.230346475507766
12:26:12,1565,8.231673829990449
12:26:13,1565,8.233058935814842
12:26:14,1566,8.233058935814842
12:26:15,1568,8.23028135431569
12:26:16,1568,8.23028135431569
12:26:17,1569,8.23028135431569
12:26:18,1570,8.229378127233739
12:26:19,1571,8.229378127233739
12:26:20,1572,8.229378127233739
12:26:21,1573,8.229378127233739
12:26:22,1574,8.229378127233739
12:26:23,1574,8.229378127233739
12:26:24,1575,8.229378127233739
12:26:25,1575,8.229378127233739
12:26:26,1575,8.229378127233739
12:26:27,1576,8.232523809523808
12:26:28,1576,8.232523809523808
12:26:29,1577,8.232523809523808
12:26:30,1578,8.233214455539706
12:26:31,1578,8.233214455539706
12:26:32,1578,8.233214455539706
12:26:33,1579,8.233214455539706
12:26:34,1579,8.233214455539706
12:26:35,1580,8.233214455539706
12:26:36,1580,8.233214455539706
12:26:37,1580,8.234497505345688
12:26:38,1580,8.234497505345688
12:26:39,1581,8.234497505345688
12:26:40,1581,8.234497505345688
12:26:41,1582,8.237962962962962
12:26:42,1582,8.237962962962962
12:26:43,1582,8.237962962962962
12:26:44,1583,8.238161328588374
12:26:45,1583,8.238161328588374
12:26:46,1583,8.238161328588374
12:26:47,1584,8.238161328588374
12:26:48,1584,8.238161328588374
12:26:49,1584,8.238161328588374
12:26:50,1584,8.241915599810337
12:26:51,1585,8.241915599810337
12:26:52,1585,8.241915599810337
12:26:53,1585,8.241915599810337
12:26:54,1585,8.241915599810337
12:26:55,1586,8.241915599810337
12:26:56,1586,8.242987443733712
12:26:57,1586,8.24051846590909
12:26:58,1586,8.24051846590909
12:26:59,1587,8.24189732670925
12:27:00,1587,8.24189732670925
12:27:01,1587,8.24189732670925
12:27:02,1587,8.241997635933807
12:27:03,1587,8.243042759272383
12:27:04,1587,8.243042759272383
12:27:05,1587,8.243042759272383
12:27:06,1587,8.244015580736544
12:27:07,1587,8.243158763859402
12:27:08,1587,8.243158763859402
12:27:09,1587,8.243158763859402
12:27:10,1587,8.243158763859402
12:27:11,1587,8.243158763859402
12:27:12,1587,8.243158763859402
12:27:13,1587,8.243158763859402
12:27:14,1587,8.243158763859402
12:27:15,1588,8.244094766619519
12:27:16,1588,8.24396937573616
12:27:17,1588,8.24396937573616
12:27:18,1588,8.24396937573616
12:27:19,1589,8.247598870056498
12:27:20,1589,8.24724770642202
12:27:21,1589,8.24724770642202
12:27:22,1590,8.24724770642202
12:27:23,1590,8.24724770642202
12:27:24,1590,8.24724770642202
12:27:25,1590,8.24724770642202
12:27:26,1590,8.24724770642202
12:27:27,1590,8.24724770642202
12:27:28,1590,8.24724770642202
12:27:29,1590,8.24724770642202
12:27:30,1590,8.24724770642202
12:27:31,1590,8.248683591913494
12:27:32,1590,8.248683591913494
12:27:33,1590,8.248683591913494
12:27:34,1590,8.24789758045572
12:27:35,1590,8.24789758045572
12:27:36,1590,8.246713615023474
12:27:37,1590,8.246713615023474
12:27:38,1590,8.246713615023474
12:27:39,1590,8.25075064508562
12:27:40,1590,8.250234411626817
12:27:41,1590,8.250234411626817
12:27:42,1590,8.250234411626817
12:27:43,1590,8.250234411626817
12:27:44,1590,8.250234411626817
12:27:45,1590,8.247680955727336
12:27:46,1590,8.251685393258427
12:27:47,1590,8.251685393258427
12:27:48,1590,8.251685393258427
12:27:49,1590,8.251685393258427
12:27:50,1590,8.251685393258427
12:27:51,1590,8.251685393258427
12:27:52,1590,8.251685393258427
12:27:53,1590,8.251685393258427
12:27:54,1590,8.251685393258427
12:27:55,1590,8.251685393258427
12:27:56,1590,8.251685393258427
12:27:57,1590,8.252197288452548
12:27:58,1591,8.252197288452548
12:27:59,1591,8.252197288452548
12:28:00,1591,8.252197288452548
12:28:01,1591,8.252197288452548
12:28:02,1592,8.252197288452548
12:28:03,1592,8.252197288452548
12:28:04,1592,8.253363700070077
12:28:05,1592,8.253363700070077
12:28:06,1592,8.257633053221289
12:28:07,1592,8.257633053221289
12:28:08,1592,8.259219114219114
12:28:09,1592,8.259219114219114
12:28:10,1593,8.259219114219114
12:28:11,1593,8.261670160726764
12:28:12,1593,8.261670160726764
12:28:13,1594,8.261670160726764
12:28:14,1595,8.265793761638735
12:28:15,1595,8.265793761638735
12:28:16,1595,8.265793761638735
12:28:17,1596,8.265793761638735
12:28:18,1596,8.265793761638735
12:28:19,1596,8.265793761638735
12:28:20,1596,8.265980939098094
12:28:21,1596,8.265980939098094
12:28:22,1597,8.265980939098094
12:28:23,1597,8.265980939098094
12:28:24,1597,8.265980939098094
12:28:25,1597,8.267781649245064
12:28:26,1598,8.267781649245064
12:28:27,1598,8.268337975858866
12:28:28,1598,8.268337975858866
12:28:29,1598,8.268337975858866
12:28:30,1599,8.269392252377639
12:28:31,1599,8.269392252377639
12:28:32,1599,8.269392252377639
12:28:33,1599,8.269392252377639
12:28:34,1600,8.269392252377639
12:28:35,1600,8.269392252377639
12:28:36,1600,8.269392252377639
12:28:37,1600,8.269392252377639
12:28:38,1600,8.272102457116366
12:28:39,1600,8.270013898540652
12:28:40,1600,8.269849537037038
12:28:41,1600,8.269849537037038
12:28:42,1600,8.269849537037038
12:28:43,1600,8.269849537037038
12:28:44,1601,8.269849537037038
12:28:45,1602,8.269849537037038
12:28:46,1602,8.269849537037038
12:28:47,1603,8.27046925566343
12:28:48,1603,8.27046925566343
12:28:49,1603,8.27046925566343
12:28:50,1603,8.27046925566343
12:28:51,1603,8.27046925566343
12:28:52,1603,8.27046925566343
12:28:53,1603,8.27046925566343
12:28:54,1604,8.271586971586972
12:28:55,1604,8.271586971586972
12:28:56,1604,8.271586971586972
12:28:57,1604,8.276304247460757
12:28:58,1604,8.276304247460757
12:28:59,1604,8.276304247460757
12:29:00,1604,8.276304247460757
12:29:01,1604,8.276304247460757
12:29:02,1605,8.276304247460757
12:29:03,1605,8.278961937716263
12:29:04,1605,8.277927616413093
12:29:05,1605,8.277927616413093
12:29:06,1605,8.277927616413093
12:29:07,1605,8.278484220225755
12:29:08,1605,8.278484220225755
12:29:09,1605,8.278484220225755
12:29:10,1605,8.278484220225755
12:29:11,1605,8.278484220225755
12:29:12,1605,8.278484220225755
12:29:13,1605,8.278484220225755
12:29:14,1605,8.281169429097606
12:29:15,1605,8.281746031746032
12:29:16,1605,8.281746031746032
12:29:17,1606,8.28406896551724
12:29:18,1606,8.28406896551724
12:29:19,1606,8.28406896551724
12:29:20,1607,8.28406896551724
12:29:21,1608,8.286687342062946
12:29:22,1608,8.286687342062946
12:29:23,1608,8.286687342062946
12:29:24,1608,8.286687342062946
12:29:25,1610,8.286687342062946
12:29:26,1610,8.286687342062946
12:29:27,1610,8.288039485766758
12:29:28,1610,8.288039485766758
12:29:29,1610,8.285673319568708
12:29:30,1611,8.28752865657955
12:29:31,1611,8.28752865657955
12:29:32,1611,8.287113402061856
12:29:33,1612,8.287113402061856
12:29:34,1613,8.287113402061856
12:29:35,1613,8.287042124542124
12:29:36,1613,8.287042124542124
12:29:37,1613,8.288252116220544
12:29:38,1615,8.288305898491084
12:29:39,1615,8.288305898491084
12:29:40,1615,8.288305898491084
12:29:41,1615,8.288305898491084
12:29:42,1615,8.288305898491084
12:29:43,1616,8.288305898491084
12:29:44,1617,8.288305898491084
12:29:45,1617,8.288305898491084
12:29:46,1617,8.288305898491084
12:29:47,1618,8.288305898491084
12:29:48,1618,8.289284898332191
12:29:49,1618,8.289284898332191
12:29:50,1618,8.289284898332191
12:29:51,1619,8.292054794520547
12:29:52,1619,8.292054794520547
12:29:53,1619,8.292054794520547
12:29:54,1619,8.292054794520547
12:29:55,1620,8.292054794520547
12:29:56,1620,8.291603924252795
12:29:57,1620,8.291603924252795
12:29:58,1620,8.291603924252795
12:29:59,1620,8.291603924252795
12:30:00,1620,8.291603924252795
12:30:01,1620,8.291603924252795
12:30:02,1620,8.292943456452347
12:30:03,1621,8.292943456452347
12:30:04,1621,8.292943456452347
12:30:05,1621,8.292943456452347
12:30:06,1622,8.292943456452347
12:30:07,1622,8.292943456452347
12:30:08,1622,8.292943456452347
12:30:09,1622,8.296992481203008
12:30:10,1622,8.296992481203008
12:30:11,1622,8.296992481203008
12:30:12,1623,8.296992481203008
12:30:13,1623,8.296992481203008
12:30:14,1623,8.296992481203008
12:30:15,1623,8.296992481203008
12:30:16,1624,8.296992481203008
12:30:17,1625,8.296992481203008
12:30:18,1625,8.296992481203008
12:30:19,1625,8.298884335154828
12:30:20,1625,8.298884335154828
12:30:21,1626,8.298884335154828
12:30:22,1627,8.298759954493743
12:30:23,1627,8.298759954493743
12:30:24,1628,8.298759954493743
12:30:25,1628,8.298759954493743
12:30:26,1628,8.298759954493743
12:30:27,1628,8.29968167348795
12:30:28,1628,8.29968167348795
12:30:29,1628,8.29968167348795
12:30:30,1628,8.29968167348795
12:30:31,1628,8.301272438082254
12:30:32,1628,8.301272438082254
12:30:33,1628,8.29872842870118
12:30:34,1628,8.29872842870118
12:30:35,1628,8.298956206035852
12:30:36,1629,8.298956206035852
12:30:37,1629,8.30264172335601
12:30:38,1629,8.30264172335601
12:30:39,1629,8.30640154090188
12:30:40,1629,8.30679347826087
12:30:41,1630,8.30679347826087
12:30:42,1630,8.30679347826087
12:30:43,1630,8.30679347826087
12:30:44,1630,8.308706467661692
12:30:45,1630,8.308706467661692
12:30:46,1631,8.30780790960452
12:30:47,1631,8.30780790960452
12:30:48,1631,8.30780790960452
12:30:49,1631,8.30780790960452
12:30:50,1631,8.30780790960452
12:30:51,1632,8.30780790960452
12:30:52,1632,8.305070009033424
12:30:53,1632,8.30608214849921
12:30:54,1632,8.30608214849921
12:30:55,1633,8.30608214849921
12:30:56,1633,8.30608214849921
12:30:57,1633,8.30608214849921
12:30:58,1633,8.30608214849921
12:30:59,1633,8.306427604871448
12:31:00,1633,8.306427604871448
12:31:01,1634,8.306427604871448
12:31:02,1634,8.306427604871448
12:31:03,1634,8.30982645931936
12:31:04,1634,8.30982645931936
12:31:05,1634,8.30982645931936
12:31:06,1635,8.311565315315315
12:31:07,1636,8.311565315315315
12:31:08,1636,8.31307674994373
12:31:09,1637,8.31307674994373
12:31:10,1637,8.31307674994373
12:31:11,1638,8.31307674994373
12:31:12,1639,8.31307674994373
12:31:13,1639,8.31307674994373
12:31:14,1639,8.31307674994373
12:31:15,1639,8.31369770580297
12:31:16,1640,8.31369770580297
12:31:17,1640,8.31369770580297
12:31:18,1640,8.31369770580297
12:31:19,1642,8.31369770580297
12:31:20,1642,8.31369770580297
12:31:21,1642,8.31369770580297
12:31:22,1643,8.31369770580297
12:31:23,1643,8.31369770580297
12:31:24,1645,8.31369770580297
12:31:25,1645,8.312946729602157
12:31:26,1645,8.312946729602157
12:31:27,1645,8.3137822671156
12:31:28,1647,8.3137822671156
12:31:29,1647,8.315130103185286
12:31:30,1648,8.315130103185286
12:31:31,1649,8.315130103185286
12:31:32,1649,8.315130103185286
12:31:33,1649,8.315130103185286
12:31:34,1649,8.315130103185286
12:31:35,1650,8.31492938802959
12:31:36,1650,8.31492938802959
12:31:37,1650,8.31492938802959
12:31:38,1650,8.31492938802959
12:31:39,1651,8.31492938802959
12:31:40,1651,8.31492938802959
12:31:41,1651,8.31492938802959
12:31:42,1652,8.31492938802959
12:31:43,1652,8.31492938802959
12:31:44,1653,8.31492938802959
12:31:45,1653,8.319287634408603
12:31:46,1654,8.319755988359079
12:31:47,1654,8.319755988359079
12:31:48,1654,8.320078299776286
12:31:49,1654,8.320078299776286
12:31:50,1654,8.320078299776286
12:31:51,1654,8.320078299776286
12:31:52,1654,8.324692600044711
12:31:53,1654,8.324692600044711
12:31:54,1655,8.324692600044711
12:31:55,1655,8.324692600044711
12:31:56,1656,8.324441465594282
12:31:57,1657,8.324441465594282
12:31:58,1657,8.3251841929002
12:31:59,1657,8.321664435519857
12:32:00,1657,8.321664435519857
12:32:01,1657,8.323232998885173
12:32:02,1657,8.323232998885173
12:32:03,1657,8.323232998885173
12:32:04,1657,8.323232998885173
12:32:05,1657,8.323232998885173
12:32:06,1657,8.323232998885173
12:32:07,1657,8.323232998885173
12:32:08,1659,8.323232998885173
12:32:09,1659,8.323232998885173
12:32:10,1660,8.323232998885173
12:32:11,1660,8.323232998885173
12:32:12,1660,8.323232998885173
12:32:13,1661,8.323232998885173
12:32:14,1661,8.323232998885173
12:32:15,1661,8.324275846702317
12:32:16,1661,8.324275846702317
12:32:17,1662,8.327410376308173
12:32:18,1662,8.327410376308173
12:32:19,1663,8.32844904316867
12:32:20,1663,8.32844904316867
12:32:21,1663,8.32844904316867
12:32:22,1663,8.328841449855458
12:32:23,1663,8.328841449855458
12:32:24,1663,8.328841449855458
12:32:25,1664,8.331811111111112
12:32:26,1664,8.33081279147235
12:32:27,1664,8.33081279147235
12:32:28,1665,8.33081279147235
12:32:29,1665,8.33081279147235
12:32:30,1665,8.33081279147235
12:32:31,1666,8.33081279147235
12:32:32,1666,8.33081279147235
12:32:33,1666,8.33081279147235
12:32:34,1666,8.332478916999555
12:32:35,1667,8.332478916999555
12:32:36,1667,8.332978487469505
12:32:37,1668,8.332978487469505
12:32:38,1669,8.332978487469505
12:32:39,1669,8.332978487469505
12:32:40,1669,8.332978487469505
12:32:41,1669,8.332978487469505
12:32:42,1670,8.332978487469505
12:32:43,1670,8.331948138297872
12:32:44,1670,8.332746400885936
12:32:45,1670,8.332746400885936
12:32:46,1670,8.335635236830456
12:32:47,1670,8.335635236830456
12:32:48,1671,8.3397699623977
12:32:49,1671,8.33723474801061
12:32:50,1671,8.33723474801061
12:32:51,1671,8.33723474801061
12:32:52,1671,8.342317880794702
12:32:53,1671,8.342317880794702
12:32:54,1671,8.342317880794702
12:32:55,1671,8.342317880794702
12:32:56,1671,8.342317880794702
12:32:57,1671,8.342267813809839
12:32:58,1671,8.342267813809839
12:32:59,1671,8.342267813809839
12:33:00,1671,8.342267813809839
12:33:01,1671,8.342267813809839
12:33:02,1671,8.342267813809839
12:33:03,1671,8.342267813809839
12:33:04,1671,8.342267813809839
12:33:05,1671,8.34295634920635
12:33:06,1671,8.34295634920635
12:33:07,1671,8.34295634920635
12:33:08,1671,8.339832562238378
12:33:09,1671,8.339832562238378
12:33:10,1671,8.339832562238378
12:33:11,1672,8.339832562238378
12:33:12,1672,8.339832562238378
12:33:13,1672,8.339832562238378
12:33:14,1673,8.342107001321004
12:33:15,1674,8.342107001321004
12:33:16,1674,8.342107001321004
12:33:17,1674,8.346281628162817
12:33:18,1674,8.346281628162817
12:33:19,1674,8.346281628162817
12:33:20,1674,8.346350043975374
12:33:21,1674,8.346350043975374
12:33:22,1674,8.346350043975374
12:33:23,1674,8.346350043975374
12:33:24,1674,8.348176225005494
12:33:25,1674,8.348176225005494
12:33:26,1674,8.34486166007905
12:33:27,1674,8.34486166007905
12:33:28,1674,8.34486166007905
12:33:29,1674,8.34486166007905
12:33:30,1674,8.34486166007905
12:33:31,1675,8.34486166007905
12:33:32,1676,8.344053105113012
12:33:33,1677,8.345548245614035
12:33:34,1677,8.345548245614035
12:33:35,1677,8.345548245614035
12:33:36,1678,8.345548245614035
12:33:37,1678,8.345548245614035
12:33:38,1679,8.347030462415079
12:33:39,1679,8.347030462415079
12:33:40,1679,8.347030462415079
12:33:41,1679,8.347030462415079
12:33:42,1680,8.349145860709593
12:33:43,1681,8.349145860709593
12:33:44,1681,8.349145860709593
12:33:45,1683,8.349145860709593
12:33:46,1683,8.348982271831911
12:33:47,1683,8.348982271831911
12:33:48,1683,8.348982271831911
12:33:49,1683,8.348982271831911
12:33:50,1683,8.352930883639546
12:33:51,1683,8.352930883639546
12:33:52,1683,8.352930883639546
12:33:53,1683,8.352930883639546
12:33:54,1683,8.352930883639546
12:33:55,1683,8.3535956284153
12:33:56,1683,8.3535956284153
12:33:57,1684,8.3535956284153
12:33:58,1684,8.357055482743556
12:33:59,1684,8.357055482743556
12:34:00,1684,8.357055482743556
12:34:01,1684,8.357055482743556
12:34:02,1684,8.357055482743556
12:34:03,1684,8.357055482743556
12:34:04,1684,8.357055482743556
12:34:05,1684,8.35641781270465
12:34:06,1684,8.35641781270465
12:34:07,1685,8.357842495636998
12:34:08,1685,8.357842495636998
12:34:09,1685,8.357842495636998
12:34:10,1685,8.357842495636998
12:34:11,1686,8.357859167211684
12:34:12,1686,8.357859167211684
12:34:13,1686,8.357859167211684
12:34:14,1686,8.357859167211684
12:34:15,1686,8.357859167211684
12:34:16,1687,8.357859167211684
12:34:17,1687,8.357859167211684
12:34:18,1687,8.358627450980391
12:34:19,1687,8.358627450980391
12:34:20,1687,8.358627450980391
12:34:21,1688,8.35831700413673
12:34:22,1688,8.35831700413673
12:34:23,1688,8.358931679721497
12:34:24,1689,8.358931679721497
12:34:25,1689,8.358931679721497
12:34:26,1690,8.359110676233964
12:34:27,1690,8.359110676233964
12:34:28,1691,8.359110676233964
12:34:29,1691,8.364232942199044
12:34:30,1691,8.364232942199044
12:34:31,1691,8.364232942199044
12:34:32,1692,8.367361111111112
12:34:33,1692,8.367361111111112
12:34:34,1692,8.367361111111112
12:34:35,1692,8.367361111111112
12:34:36,1692,8.367361111111112
12:34:37,1692,8.367361111111112
12:34:38,1692,8.367361111111112
12:34:39,1692,8.36572327044025
12:34:40,1692,8.36572327044025
12:34:41,1692,8.36572327044025
12:34:42,1692,8.36572327044025
12:34:43,1692,8.36572327044025
12:34:44,1692,8.36572327044025
12:34:45,1692,8.36572327044025
12:34:46,1692,8.36572327044025
12:34:47,1692,8.362993064586043
12:34:48,1692,8.365724496426251
12:34:49,1692,8.365724496426251
12:34:50,1692,8.365724496426251
12:34:51,1692,8.365724496426251
12:34:52,1692,8.365724496426251
12:34:53,1692,8.365724496426251
12:34:54,1692,8.365724496426251
12:34:55,1692,8.365724496426251
12:34:56,1692,8.364112554112554
12:34:57,1692,8.364112554112554
12:34:58,1692,8.36462253947653
12:34:59,1692,8.36462253947653
12:35:00,1692,8.36462253947653
12:35:01,1692,8.365196714223952
12:35:02,1692,8.365196714223952
12:35:03,1693,8.365196714223952
12:35:04,1693,8.365196714223952
12:35:05,1693,8.36543529920069
12:35:06,1693,8.36543529920069
12:35:07,1693,8.36543529920069
12:35:08,1693,8.366094559585493
12:35:09,1694,8.366094559585493
12:35:10,1694,8.366094559585493
12:35:11,1694,8.366094559585493
12:35:12,1694,8.366094559585493
12:35:13,1695,8.366094559585493
12:35:14,1695,8.366094559585493
12:35:15,1695,8.366094559585493
12:35:16,1695,8.366612729234088
12:35:17,1695,8.366612729234088
12:35:18,1695,8.366612729234088
12:35:19,1695,8.36847779215179
12:35:20,1695,8.36847779215179
12:35:21,1695,8.369898728722259
12:35:22,1695,8.372276055124892
12:35:23,1695,8.369571766731225
12:35:24,1695,8.372118279569893
12:35:25,1695,8.372118279569893
12:35:26,1695,8.377229744251022
12:35:27,1695,8.377229744251022
12:35:28,1695,8.377448453608247
12:35:29,1695,8.377448453608247
12:35:30,1695,8.377448453608247
12:35:31,1695,8.376743936467053
12:35:32,1695,8.379890604890605
12:35:33,1695,8.379890604890605
12:35:34,1696,8.379890604890605
12:35:35,1696,8.379890604890605
12:35:36,1696,8.379890604890605
12:35:37,1698,8.379890604890605
12:35:38,1698,8.379890604890605
12:35:39,1698,8.379890604890605
12:35:40,1698,8.379890604890605
12:35:41,1698,8.3805359056806
12:35:42,1699,8.3805359056806
12:35:43,1699,8.3805359056806
12:35:44,1699,8.3805359056806
12:35:45,1700,8.385304198800343
12:35:46,1700,8.385304198800343
12:35:47,1700,8.38538856775851
12:35:48,1700,8.38538856775851
12:35:49,1700,8.38538856775851
12:35:50,1700,8.38538856775851
12:35:51,1701,8.385055626872058
12:35:52,1701,8.385055626872058
12:35:53,1701,8.389918751336326
12:35:54,1701,8.389918751336326
12:35:55,1701,8.389918751336326
12:35:56,1701,8.389918751336326
12:35:57,1702,8.390320512820512
12:35:58,1702,8.390320512820512
12:35:59,1702,8.390320512820512
12:36:00,1703,8.390320512820512
12:36:01,1704,8.390320512820512
12:36:02,1704,8.390320512820512
12:36:03,1704,8.390320512820512
12:36:04,1704,8.390320512820512
12:36:05,1705,8.390320512820512
12:36:06,1705,8.391383728379244
12:36:07,1705,8.391383728379244
12:36:08,1706,8.391383728379244
12:36:09,1706,8.39632949210414
12:36:10,1707,8.39632949210414
12:36:11,1707,8.39632949210414
12:36:12,1708,8.39632949210414
12:36:13,1708,8.398997654084026
12:36:14,1709,8.398997654084026
12:36:15,1710,8.396845694799659
12:36:16,1711,8.396845694799659
12:36:17,1711,8.396845694799659
12:36:18,1712,8.396845694799659
12:36:19,1713,8.398594249201278
12:36:20,1713,8.398594249201278
12:36:21,1713,8.398594249201278
12:36:22,1713,8.398594249201278
12:36:23,1713,8.398594249201278
12:36:24,1713,8.398594249201278
12:36:25,1713,8.398594249201278
12:36:26,1713,8.400117071094082
12:36:27,1713,8.400117071094082
12:36:28,1713,8.402286747500533
12:36:29,1713,8.402286747500533
12:36:30,1713,8.402286747500533
12:36:31,1713,8.40342261904762
12:36:32,1714,8.40342261904762
12:36:33,1714,8.40342261904762
12:36:34,1714,8.403038028468238
12:36:35,1715,8.403038028468238
12:36:36,1715,8.403038028468238
12:36:37,1715,8.402887473460721
12:36:38,1715,8.402887473460721
12:36:39,1715,8.402887473460721
12:36:40,1715,8.402811372798642
12:36:41,1716,8.402811372798642
12:36:42,1716,8.402811372798642
12:36:43,1716,8.401897794741306
12:36:44,1716,8.401897794741306
12:36:45,1716,8.401897794741306
12:36:46,1716,8.401897794741306
12:36:47,1716,8.401897794741306
12:36:48,1716,8.401897794741306
12:36:49,1716,8.401897794741306
12:36:50,1716,8.401897794741306
12:36:51,1716,8.401897794741306
12:36:52,1716,8.401897794741306
12:36:53,1716,8.401897794741306
12:36:54,1716,8.401897794741306
12:36:55,1716,8.401897794741306
12:36:56,1716,8.401897794741306
12:36:57,1716,8.399862258953169
12:36:58,1716,8.401545955103769
12:36:59,1717,8.401545955103769
12:37:00,1717,8.401545955103769
12:37:01,1717,8.405534391534392
12:37:02,1718,8.405534391534392
12:37:03,1718,8.406789340101522
12:37:04,1718,8.406789340101522
12:37:05,1718,8.406789340101522
12:37:06,1718,8.406789340101522
12:37:07,1719,8.406789340101522
12:37:08,1719,8.406789340101522
12:37:09,1719,8.406789340101522
12:37:10,1721,8.406789340101522
12:37:11,1721,8.406789340101522
12:37:12,1721,8.406789340101522
12:37:13,1721,8.409258084971464
12:37:14,1722,8.409258084971464
12:37:15,1722,8.412803462106819
12:37:16,1722,8.412803462106819
12:37:17,1722,8.40957805907173
12:37:18,1724,8.411269238878347
12:37:19,1724,8.411269238878347
12:37:20,1724,8.411269238878347
12:37:21,1724,8.411269238878347
12:37:22,1724,8.411269238878347
12:37:23,1724,8.413495575221239
12:37:24,1724,8.413495575221239
12:37:25,1724,8.413495575221239
12:37:26,1724,8.412834280901242
12:37:27,1724,8.412834280901242
12:37:28,1724,8.412834280901242
12:37:29,1724,8.412834280901242
12:37:30,1724,8.412834280901242
12:37:31,1724,8.413415404040403
12:37:32,1724,8.413415404040403
12:37:33,1724,8.414553101997898
12:37:34,1724,8.416372425388818
12:37:35,1724,8.416372425388818
12:37:36,1724,8.416372425388818
12:37:37,1725,8.416372425388818
12:37:38,1725,8.416372425388818
12:37:39,1725,8.416372425388818
12:37:40,1725,8.416372425388818
12:37:41,1725,8.416372425388818
12:37:42,1725,8.416372425388818
12:37:43,1725,8.416372425388818
12:37:44,1725,8.416372425388818
12:37:45,1725,8.416372425388818
12:37:46,1725,8.416372425388818
12:37:47,1725,8.416372425388818
12:37:48,1725,8.416372425388818
12:37:49,1725,8.416372425388818
12:37:50,1725,8.416372425388818
12:37:51,1725,8.416372425388818
12:37:52,1725,8.417916404116783
12:37:53,1725,8.417916404116783
12:37:54,1725,8.417916404116783
12:37:55,1725,8.417916404116783
12:37:56,1725,8.417916404116783
12:37:57,1725,8.417916404116783
12:37:58,1725,8.417916404116783
12:37:59,1725,8.417916404116783
12:38:00,1725,8.417916404116783
12:38:01,1725,8.417916404116783
12:38:02,1725,8.420203610411418
12:38:03,1725,8.422813089993706
12:38:04,1725,8.422813089993706
12:38:05,1725,8.425283018867924
12:38:06,1725,8.422260632725749
12:38:07,1725,8.422260632725749
12:38:08,1725,8.423304020100502
12:38:09,1725,8.42294413057125
12:38:10,1725,8.42294413057125
12:38:11,1725,8.42294413057125
12:38:12,1725,8.427049351735675
12:38:13,1725,8.427049351735675
12:38:14,1725,8.426666666666668
12:38:15,1725,8.426666666666668
12:38:16,1725,8.426666666666668
12:38:17,1725,8.426666666666668
12:38:18,1725,8.426666666666668
12:38:19,1725,8.426666666666668
12:38:20,1725,8.429104010025062
12:38:21,1726,8.429104010025062
12:38:22,1726,8.429104010025062
12:38:23,1726,8.429104010025062
12:38:24,1726,8.429357127948236
12:38:25,1727,8.429357127948236
12:38:26,1727,8.43028785982478
12:38:27,1727,8.43028785982478
12:38:28,1727,8.43028785982478
12:38:29,1727,8.43028785982478
12:38:30,1727,8.43028785982478
12:38:31,1727,8.43028785982478
12:38:32,1727,8.429706066291432
12:38:33,1727,8.429706066291432
12:38:34,1727,8.429614583333334
12:38:35,1727,8.429614583333334
12:38:36,1728,8.429614583333334
12:38:37,1728,8.429614583333334
12:38:38,1728,8.429614583333334
12:38:39,1728,8.429614583333334
12:38:40,1729,8.429614583333334
12:38:41,1729,8.429614583333334
12:38:42,1729,8.429614583333334
12:38:43,1729,8.429614583333334
12:38:44,1729,8.429614583333334
12:38:45,1729,8.429614583333334
12:38:46,1729,8.429614583333334
12:38:47,1729,8.429614583333334
12:38:48,1729,8.429614583333334
12:38:49,1729,8.429614583333334
12:38:50,1729,8.429614583333334
12:38:51,1729,8.429614583333334
12:38:52,1729,8.432229856339788
12:38:53,1730,8.432229856339788
12:38:54,1731,8.435330836454431
12:38:55,1731,8.436410896236223
12:38:56,1732,8.436410896236223
12:38:57,1733,8.439089775561097
12:38:58,1734,8.439089775561097
12:38:59,1735,8.439089775561097
12:39:00,1736,8.439844236760125
12:39:01,1737,8.4428601079286
12:39:02,1737,8.4428601079286
12:39:03,1737,8.4428601079286
12:39:04,1738,8.4428601079286
12:39:05,1738,8.442532669570628
12:39:06,1739,8.442532669570628
12:39:07,1740,8.442532669570628
12:39:08,1740,8.442532669570628
12:39:09,1740,8.442532669570628
12:39:10,1740,8.442532669570628
12:39:11,1741,8.442532669570628
12:39:12,1741,8.442568407960199
12:39:13,1741,8.443215247565776
12:39:14,1742,8.443215247565776
12:39:15,1742,8.442888198757764
12:39:16,1743,8.442888198757764
12:39:17,1743,8.442888198757764
12:39:18,1743,8.442888198757764
12:39:19,1743,8.442888198757764
12:39:20,1744,8.442888198757764
12:39:21,1744,8.442888198757764
12:39:22,1745,8.442888198757764
12:39:23,1745,8.442888198757764
12:39:24,1745,8.442888198757764
12:39:25,1745,8.442888198757764
12:39:26,1745,8.442888198757764
12:39:27,1745,8.442888198757764
12:39:28,1746,8.445768673701634
12:39:29,1746,8.445768673701634
12:39:30,1746,8.444789081885856
12:39:31,1746,8.445226286422814
12:39:32,1748,8.442048740190005
12:39:33,1748,8.442048740190005
12:39:34,1748,8.442048740190005
12:39:35,1749,8.442048740190005
12:39:36,1749,8.442048740190005
12:39:37,1749,8.442048740190005
12:39:38,1749,8.442048740190005
12:39:39,1749,8.442048740190005
12:39:40,1749,8.442048740190005
12:39:41,1750,8.444974200206397
12:39:42,1750,8.444974200206397
12:39:43,1750,8.444974200206397
12:39:44,1751,8.44825701320132
12:39:45,1751,8.44825701320132
12:39:46,1751,8.44825701320132
12:39:47,1751,8.44825701320132
12:39:48,1752,8.44825701320132
12:39:49,1752,8.451649144506288
12:39:50,1752,8.451649144506288
12:39:51,1752,8.451649144506288
12:39:52,1752,8.451649144506288
12:39:53,1752,8.451649144506288
12:39:54,1752,8.450360527400083
12:39:55,1752,8.450360527400083
12:39:56,1752,8.450360527400083
12:39:57,1752,8.450360527400083
12:39:58,1752,8.450360527400083
12:39:59,1752,8.450360527400083
12:40:00,1752,8.450360527400083
12:40:01,1752,8.450360527400083
12:40:02,1753,8.451770640312951
12:40:03,1753,8.451770640312951
12:40:04,1753,8.451770640312951
12:40:05,1754,8.455174897119342
12:40:06,1754,8.456055932551923
12:40:07,1754,8.45616522811344
12:40:08,1755,8.45616522811344
12:40:09,1755,8.45616522811344
12:40:10,1755,8.45616522811344
12:40:11,1755,8.455216676935716
12:40:12,1755,8.455216676935716
12:40:13,1755,8.455244252873563
12:40:14,1755,8.455244252873563
12:40:15,1755,8.455244252873563
12:40:16,1756,8.455244252873563
12:40:17,1756,8.455244252873563
12:40:18,1757,8.452041025641027
12:40:19,1757,8.452041025641027
12:40:20,1758,8.453321033210333
12:40:21,1758,8.453321033210333
12:40:22,1759,8.456924810489655
12:40:23,1759,8.456924810489655
12:40:24,1759,8.456924810489655
12:40:25,1759,8.456924810489655
12:40:26,1760,8.456924810489655
12:40:27,1761,8.456924810489655
12:40:28,1761,8.456924810489655
12:40:29,1761,8.456924810489655
12:40:30,1762,8.460145372645373
12:40:31,1762,8.460145372645373
12:40:32,1762,8.460145372645373
12:40:33,1762,8.460145372645373
12:40:34,1762,8.463587067730714
12:40:35,1763,8.463587067730714
12:40:36,1763,8.463587067730714
12:40:37,1763,8.463587067730714
12:40:38,1763,8.467280163599181
12:40:39,1764,8.467280163599181
12:40:40,1764,8.467280163599181
12:40:41,1764,8.467280163599181
12:40:42,1766,8.467280163599181
12:40:43,1766,8.466033108522378
12:40:44,1766,8.466033108522378
12:40:45,1767,8.466033108522378
12:40:46,1767,8.463848039215685
12:40:47,1767,8.463848039215685
12:40:48,1768,8.466880996121658
12:40:49,1768,8.466880996121658
12:40:50,1768,8.466880996121658
12:40:51,1769,8.466880996121658
12:40:52,1769,8.466880996121658
12:40:53,1769,8.467788657690738
12:40:54,1769,8.468256880733945
12:40:55,1769,8.468256880733945
12:40:56,1770,8.468256880733945
12:40:57,1770,8.468256880733945
12:40:58,1771,8.468969030154849
12:40:59,1771,8.468969030154849
12:41:00,1771,8.468969030154849
12:41:01,1771,8.468969030154849
12:41:02,1772,8.468969030154849
12:41:03,1772,8.46784768886174
12:41:04,1772,8.468264143264143
12:41:05,1772,8.468264143264143
12:41:06,1773,8.468264143264143
12:41:07,1773,8.469188529591214
12:41:08,1773,8.469188529591214
12:41:09,1774,8.469188529591214
12:41:10,1774,8.469188529591214
12:41:11,1774,8.469188529591214
12:41:12,1775,8.47089430894309
12:41:13,1775,8.471165955718059
12:41:14,1776,8.471165955718059
12:41:15,1777,8.471165955718059
12:41:16,1777,8.471165955718059
12:41:17,1778,8.471165955718059
12:41:18,1778,8.471165955718059
12:41:19,1778,8.471165955718059
12:41:20,1778,8.471165955718059
12:41:21,1779,8.46743808363784
12:41:22,1779,8.46743808363784
12:41:23,1779,8.469557719618583
12:41:24,1780,8.469557719618583
12:41:25,1780,8.469557719618583
12:41:26,1780,8.469557719618583
12:41:27,1780,8.469557719618583
12:41:28,1780,8.469557719618583
12:41:29,1781,8.470192502532928
12:41:30,1781,8.47411907654921
12:41:31,1781,8.47411907654921
12:41:32,1781,8.47411907654921
12:41:33,1781,8.47411907654921
12:41:34,1781,8.47411907654921
12:41:35,1781,8.47411907654921
12:41:36,1781,8.476877150374419
12:41:37,1781,8.476877150374419
12:41:38,1781,8.480997168284789
12:41:39,1781,8.480997168284789
12:41:40,1782,8.480997168284789
12:41:41,1782,8.480997168284789
12:41:42,1782,8.480997168284789
12:41:43,1783,8.480997168284789
12:41:44,1783,8.480997168284789
12:41:45,1783,8.480997168284789
12:41:46,1783,8.480997168284789
12:41:47,1784,8.480997168284789
12:41:48,1784,8.480997168284789
12:41:49,1784,8.480997168284789
12:41:50,1784,8.480997168284789
12:41:51,1784,8.480533656761674
12:41:52,1784,8.480533656761674
12:41:53,1784,8.480533656761674
12:41:54,1784,8.47860606060606
12:41:55,1784,8.47860606060606
12:41:56,1784,8.47860606060606
12:41:57,1784,8.479133858267717
12:41:58,1784,8.479133858267717
12:41:59,1784,8.479133858267717
12:42:00,1784,8.479133858267717
12:42:01,1784,8.479133858267717
12:42:02,1784,8.479133858267717
12:42:03,1784,8.479133858267717
12:42:04,1784,8.479133858267717
12:42:05,1784,8.479133858267717
12:42:06,1784,8.479133858267717
12:42:07,1785,8.479133858267717
12:42:08,1785,8.479133858267717
12:42:09,1787,8.479133858267717
12:42:10,1788,8.481577885391443
12:42:11,1788,8.481577885391443
12:42:12,1788,8.481577885391443
12:42:13,1789,8.481577885391443
12:42:14,1789,8.483172010485985
12:42:15,1789,8.483172010485985
12:42:16,1790,8.487716646513503
12:42:17,1790,8.487716646513503
12:42:18,1791,8.489788519637463
12:42:19,1791,8.492481884057971
12:42:20,1791,8.492481884057971
12:42:21,1792,8.492275196137598
12:42:22,1793,8.495667470848412
12:42:23,1793,8.495667470848412
12:42:24,1794,8.495667470848412
12:42:25,1794,8.491812336749046
12:42:26,1795,8.490481927710842
12:42:27,1795,8.490481927710842
12:42:28,1795,8.491380694360826
12:42:29,1796,8.493261131167268
12:42:30,1796,8.493261131167268
12:42:31,1796,8.493261131167268
12:42:32,1797,8.493261131167268
12:42:33,1797,8.493261131167268
12:42:34,1797,8.493261131167268
12:42:35,1797,8.493261131167268
12:42:36,1798,8.493261131167268
12:42:37,1799,8.493261131167268
12:42:38,1799,8.494347564642213
12:42:39,1799,8.494347564642213
12:42:40,1799,8.494347564642213
12:42:41,1801,8.494347564642213
12:42:42,1801,8.494347564642213
12:42:43,1801,8.494347564642213
12:42:44,1801,8.494347564642213
12:42:45,1802,8.494347564642213
12:42:46,1803,8.492628205128206
12:42:47,1803,8.492942942942943
12:42:48,1803,8.492942942942943
12:42:49,1804,8.492942942942943
12:42:50,1804,8.49341736694678
12:42:51,1804,8.49341736694678
12:42:52,1805,8.49341736694678
12:42:53,1805,8.495033972821743
12:42:54,1806,8.495033972821743
12:42:55,1806,8.49430796884362
12:42:56,1807,8.49430796884362
12:42:57,1807,8.49430796884362
12:42:58,1807,8.49430796884362
12:42:59,1807,8.49430796884362
12:43:00,1807,8.49430796884362
12:43:01,1807,8.49430796884362
12:43:02,1807,8.49430796884362
12:43:03,1808,8.49626746506986
12:43:04,1808,8.49626746506986
12:43:05,1808,8.49626746506986
12:43:06,1808,8.49626746506986
12:43:07,1808,8.498204667863554
12:43:08,1808,8.498204667863554
12:43:09,1808,8.498204667863554
12:43:10,1808,8.499661084529505
12:43:11,1808,8.499661084529505
12:43:12,1808,8.499661084529505
12:43:13,1810,8.499661084529505
12:43:14,1810,8.50469216975493
12:43:15,1810,8.50469216975493
12:43:16,1810,8.50469216975493
12:43:17,1810,8.506700517722022
12:43:18,1810,8.506700517722022
12:43:19,1810,8.506700517722022
12:43:20,1810,8.506700517722022
12:43:21,1810,8.506700517722022
12:43:22,1810,8.506517412935324
12:43:23,1810,8.506517412935324
12:43:24,1810,8.506517412935324
12:43:25,1810,8.506517412935324
12:43:26,1810,8.505817422434367
12:43:27,1810,8.506112104949315
12:43:28,1810,8.506112104949315
12:43:29,1810,8.506112104949315
12:43:30,1811,8.506112104949315
12:43:31,1811,8.50863130711164
12:43:32,1811,8.50863130711164
12:43:33,1812,8.50863130711164
12:43:34,1812,8.50863130711164
12:43:35,1812,8.505668056382767
12:43:36,1812,8.505109126984127
12:43:37,1812,8.505109126984127
12:43:38,1812,8.506008328375966
12:43:39,1812,8.506008328375966
12:43:40,1812,8.506008328375966
12:43:41,1813,8.502685295283392
12:43:42,1813,8.502685295283392
12:43:43,1814,8.502685295283392
12:43:44,1814,8.502366805307982
12:43:45,1815,8.502366805307982
12:43:46,1815,8.502366805307982
12:43:47,1817,8.502366805307982
12:43:48,1817,8.502366805307982
12:43:49,1817,8.502366805307982
12:43:50,1818,8.502366805307982
12:43:51,1819,8.502366805307982
12:43:52,1819,8.502366805307982
12:43:53,1819,8.502366805307982
12:43:54,1819,8.502366805307982
12:43:55,1820,8.502366805307982
12:43:56,1821,8.502366805307982
12:43:57,1821,8.502366805307982
12:43:58,1821,8.502366805307982
12:43:59,1821,8.502366805307982
12:44:00,1822,8.502366805307982
12:44:01,1822,8.502366805307982
12:44:02,1822,8.502366805307982
12:44:03,1822,8.502366805307982
12:44:04,1822,8.502366805307982
12:44:05,1822,8.502366805307982
12:44:06,1822,8.502366805307982
12:44:07,1822,8.504423990498813
12:44:08,1822,8.50564787339268
12:44:09,1822,8.50564787339268
12:44:10,1822,8.50564787339268
12:44:11,1822,8.502777777777778
12:44:12,1822,8.50181782256471
12:44:13,1822,8.50181782256471
12:44:14,1822,8.50181782256471
12:44:15,1822,8.50181782256471
12:44:16,1822,8.501698262243286
12:44:17,1823,8.501698262243286
12:44:18,1823,8.501698262243286
12:44:19,1823,8.501698262243286
12:44:20,1824,8.501698262243286
12:44:21,1824,8.501698262243286
12:44:22,1824,8.501698262243286
12:44:23,1825,8.501698262243286
12:44:24,1825,8.501698262243286
12:44:25,1825,8.501698262243286
12:44:26,1826,8.501698262243286
12:44:27,1826,8.502989934872707
12:44:28,1826,8.502989934872707
12:44:29,1826,8.506918982850385
12:44:30,1826,8.506918982850385
12:44:31,1826,8.506918982850385
12:44:32,1826,8.508298877731837
12:44:33,1826,8.508298877731837
12:44:34,1826,8.506627335299902
12:44:35,1826,8.506627335299902
12:44:36,1826,8.503744103773585
12:44:37,1826,8.503624042427813
12:44:38,1826,8.503624042427813
12:44:39,1826,8.503624042427813
12:44:40,1826,8.503624042427813
12:44:41,1826,8.503624042427813
12:44:42,1826,8.503624042427813
12:44:43,1827,8.503624042427813
12:44:44,1827,8.503624042427813
12:44:45,1827,8.503624042427813
12:44:46,1827,8.503624042427813
12:44:47,1827,8.503624042427813
12:44:48,1827,8.503624042427813
12:44:49,1828,8.503624042427813
12:44:50,1828,8.503121319199058
12:44:51,1829,8.503121319199058
12:44:52,1829,8.503121319199058
12:44:53,1829,8.503121319199058
12:44:54,1829,8.503121319199058
12:44:55,1829,8.503121319199058
12:44:56,1829,8.503121319199058
12:44:57,1829,8.5054836178144
12:44:58,1829,8.5054836178144
12:44:59,1829,8.503058823529411
12:45:00,1829,8.503058823529411
12:45:01,1829,8.504742308446012
12:45:02,1830,8.50526831179005
12:45:03,1830,8.509356038363672
12:45:04,1830,8.509356038363672
12:45:05,1830,8.508157276995306
12:45:06,1831,8.508157276995306
12:45:07,1831,8.508157276995306
12:45:08,1831,8.508157276995306
12:45:09,1831,8.506803519061584
12:45:10,1831,8.506803519061584
12:45:11,1831,8.506803519061584
12:45:12,1831,8.506803519061584
12:45:13,1831,8.506803519061584
12:45:14,1831,8.506803519061584
12:45:15,1831,8.506803519061584
12:45:16,1831,8.506803519061584
12:45:17,1831,8.506803519061584
12:45:18,1831,8.511052528802969
12:45:19,1831,8.511052528802969
12:45:20,1831,8.511052528802969
12:45:21,1831,8.511052528802969
12:45:22,1831,8.511052528802969
12:45:23,1831,8.508391881342702
12:45:24,1831,8.508391881342702
12:45:25,1831,8.508391881342702
12:45:26,1831,8.508391881342702
12:45:27,1831,8.508391881342702
12:45:28,1832,8.508391881342702
12:45:29,1832,8.508391881342702
12:45:30,1832,8.508391881342702
12:45:31,1832,8.508391881342702
12:45:32,1832,8.508391881342702
12:45:33,1832,8.508391881342702
12:45:34,1832,8.508391881342702
12:45:35,1834,8.508391881342702
12:45:36,1834,8.509274429490931
12:45:37,1834,8.508148148148148
12:45:38,1834,8.506263393726865
12:45:39,1834,8.506263393726865
12:45:40,1834,8.506263393726865
12:45:41,1834,8.506263393726865
12:45:42,1834,8.506263393726865
12:45:43,1835,8.50558800623053
12:45:44,1836,8.50558800623053
12:45:45,1837,8.50558800623053
12:45:46,1837,8.50558800623053
12:45:47,1837,8.50558800623053
12:45:48,1837,8.50558800623053
12:45:49,1837,8.50558800623053
12:45:50,1837,8.510196536291108
12:45:51,1837,8.50796382730455
12:45:52,1838,8.510359572400388
12:45:53,1838,8.510359572400388
12:45:54,1838,8.510359572400388
12:45:55,1839,8.510359572400388
12:45:56,1839,8.510359572400388
12:45:57,1839,8.510359572400388
12:45:58,1840,8.50735236985237
12:45:59,1840,8.50735236985237
12:46:00,1841,8.505620267909144
12:46:01,1842,8.505620267909144
12:46:02,1842,8.505620267909144
12:46:03,1843,8.505620267909144
12:46:04,1844,8.505620267909144
12:46:05,1844,8.505620267909144
12:46:06,1844,8.504811796662786
12:46:07,1845,8.504811796662786
12:46:08,1846,8.50592398681404
12:46:09,1846,8.508827519379844
12:46:10,1846,8.506672477241914
12:46:11,1847,8.509552845528455
12:46:12,1847,8.507738440704198
12:46:13,1847,8.511388244392885
12:46:14,1848,8.511388244392885
12:46:15,1848,8.511388244392885
12:46:16,1848,8.511388244392885
12:46:17,1848,8.511388244392885
12:46:18,1848,8.511388244392885
12:46:19,1848,8.511388244392885
12:46:20,1848,8.511388244392885
12:46:21,1848,8.511388244392885
12:46:22,1848,8.511388244392885
12:46:23,1848,8.511388244392885
12:46:24,1848,8.511388244392885
12:46:25,1848,8.512338164251208
12:46:26,1849,8.512338164251208
12:46:27,1849,8.512338164251208
12:46:28,1849,8.512746234067206
12:46:29,1849,8.512746234067206
12:46:30,1850,8.511812391430226
12:46:31,1850,8.511812391430226
12:46:32,1850,8.516657021604939
12:46:33,1851,8.516657021604939
12:46:34,1851,8.516657021604939
12:46:35,1851,8.516657021604939
12:46:36,1852,8.516657021604939
12:46:37,1852,8.516657021604939
12:46:38,1852,8.516657021604939
12:46:39,1853,8.516657021604939
12:46:40,1853,8.516657021604939
12:46:41,1853,8.517804125698863
12:46:42,1854,8.517804125698863
12:46:43,1854,8.51544315992293
12:46:44,1854,8.51544315992293
12:46:45,1854,8.51544315992293
12:46:46,1854,8.51544315992293
12:46:47,1854,8.51544315992293
12:46:48,1854,8.51544315992293
12:46:49,1854,8.51544315992293
12:46:50,1854,8.51544315992293
12:46:51,1854,8.51544315992293
12:46:52,1854,8.51544315992293
12:46:53,1854,8.51544315992293
12:46:54,1854,8.51544315992293
12:46:55,1854,8.51544315992293
12:46:56,1854,8.51737916425958
12:46:57,1854,8.51737916425958
12:46:58,1854,8.51737916425958
12:46:59,1854,8.520640877598153
12:47:00,1854,8.520640877598153
12:47:01,1855,8.519167147528371
12:47:02,1855,8.519167147528371
12:47:03,1855,8.519167147528371
12:47:04,1855,8.519167147528371
12:47:05,1855,8.519167147528371
12:47:06,1855,8.519167147528371
12:47:07,1855,8.518790849673202
12:47:08,1856,8.518790849673202
12:47:09,1856,8.518790849673202
12:47:10,1856,8.518790849673202
12:47:11,1856,8.516359269932757
12:47:12,1856,8.516359269932757
12:47:13,1856,8.516359269932757
12:47:14,1856,8.516359269932757
12:47:15,1856,8.517357910906298
12:47:16,1856,8.518537708693149
12:47:17,1856,8.517280398925969
12:47:18,1856,8.517280398925969
12:47:19,1857,8.517280398925969
12:47:20,1857,8.517011692543608
12:47:21,1857,8.517011692543608
12:47:22,1857,8.517011692543608
12:47:23,1857,8.516657088122605
12:47:24,1858,8.516657088122605
12:47:25,1858,8.516657088122605
12:47:26,1859,8.516657088122605
12:47:27,1860,8.516657088122605
12:47:28,1860,8.516657088122605
12:47:29,1860,8.518217499521349
12:47:30,1861,8.518217499521349
12:47:31,1861,8.518217499521349
12:47:32,1861,8.51563337160352
12:47:33,1861,8.51563337160352
12:47:34,1861,8.51563337160352
12:47:35,1862,8.519984700707592
12:47:36,1862,8.519984700707592
12:47:37,1862,8.52306001529052
12:47:38,1863,8.52306001529052
12:47:39,1863,8.52306001529052
12:47:40,1863,8.52306001529052
12:47:41,1863,8.522683858643743
12:47:42,1863,8.522683858643743
12:47:43,1863,8.522683858643743
12:47:44,1864,8.522683858643743
12:47:45,1864,8.522683858643743
12:47:46,1864,8.522683858643743
12:47:47,1865,8.522683858643743
12:47:48,1865,8.52712867506682
12:47:49,1865,8.52712867506682
12:47:50,1865,8.52712867506682
12:47:51,1865,8.52601067887109
12:47:52,1867,8.52601067887109
12:47:53,1867,8.52601067887109
12:47:54,1867,8.522657142857144
12:47:55,1867,8.522657142857144
12:47:56,1868,8.521102227298687
12:47:57,1868,8.521102227298687
12:47:58,1868,8.521102227298687
12:47:59,1868,8.521102227298687
12:48:00,1869,8.518264840182649
12:48:01,1869,8.518264840182649
12:48:02,1869,8.518264840182649
12:48:03,1869,8.518264840182649
12:48:04,1869,8.518378018634722
12:48:05,1869,8.518378018634722
12:48:06,1869,8.518378018634722
12:48:07,1869,8.518091980235651
12:48:08,1869,8.518091980235651
12:48:09,1869,8.51664767331434
12:48:10,1869,8.515708048595293
12:48:11,1870,8.515708048595293
12:48:12,1870,8.512075507493835
12:48:13,1870,8.512075507493835
12:48:14,1870,8.512075507493835
12:48:15,1870,8.512075507493835
12:48:16,1870,8.512075507493835
12:48:17,1870,8.512075507493835
12:48:18,1870,8.512075507493835
12:48:19,1870,8.512075507493835
12:48:20,1870,8.512075507493835
12:48:21,1870,8.512075507493835
12:48:22,1870,8.509489950701555
12:48:23,1870,8.510034110289938
12:48:24,1870,8.510034110289938
12:48:25,1870,8.510034110289938
12:48:26,1870,8.510034110289938
12:48:27,1870,8.510034110289938
12:48:28,1870,8.514583333333333
12:48:29,1870,8.514583333333333
12:48:30,1870,8.514925231875829
12:48:31,1870,8.514925231875829
12:48:32,1870,8.514925231875829
12:48:33,1870,8.514689746500189
12:48:34,1870,8.514689746500189
12:48:35,1870,8.514689746500189
12:48:36,1870,8.514689746500189
12:48:37,1870,8.517451314048024
12:48:38,1871,8.517356386999245
12:48:39,1871,8.517356386999245
12:48:40,1871,8.51417374881964
12:48:41,1871,8.51417374881964
12:48:42,1872,8.51417374881964
12:48:43,1872,8.512872782181955
12:48:44,1872,8.512872782181955
12:48:45,1873,8.509262403320129
12:48:46,1874,8.509262403320129
12:48:47,1874,8.509262403320129
12:48:48,1874,8.509262403320129
12:48:49,1874,8.509262403320129
12:48:50,1875,8.510030165912518
12:48:51,1875,8.510030165912518
12:48:52,1875,8.510030165912518
12:48:53,1876,8.510030165912518
12:48:54,1876,8.510030165912518
12:48:55,1876,8.510030165912518
12:48:56,1876,8.510030165912518
12:48:57,1876,8.509902016205013
12:48:58,1878,8.509902016205013
12:48:59,1878,8.508681732580037
12:49:00,1878,8.507227555053642
12:49:01,1878,8.507227555053642
12:49:02,1880,8.507227555053642
12:49:03,1880,8.507227555053642
12:49:04,1881,8.507227555053642
12:49:05,1882,8.507227555053642
12:49:06,1882,8.507227555053642
12:49:07,1882,8.507227555053642
12:49:08,1883,8.507227555053642
12:49:09,1883,8.507227555053642
12:49:10,1884,8.507227555053642
12:49:11,1885,8.507227555053642
12:49:12,1885,8.507227555053642
12:49:13,1885,8.507633013724384
12:49:14,1886,8.507633013724384
12:49:15,1886,8.507633013724384
12:49:16,1886,8.507633013724384
12:49:17,1887,8.507633013724384
12:49:18,1888,8.507675685832394
12:49:19,1888,8.507675685832394
12:49:20,1889,8.507675685832394
12:49:21,1891,8.507675685832394
12:49:22,1891,8.507675685832394
12:49:23,1892,8.507675685832394
12:49:24,1893,8.507675685832394
12:49:25,1893,8.507675685832394
12:49:26,1893,8.510257132132132
12:49:27,1893,8.510257132132132
12:49:28,1895,8.510257132132132
12:49:29,1895,8.510257132132132
12:49:30,1896,8.510257132132132
12:49:31,1898,8.510257132132132
12:49:32,1898,8.510257132132132
12:49:33,1898,8.510245594300711
12:49:34,1900,8.510245594300711
12:49:35,1900,8.510245594300711
12:49:36,1900,8.510842696629213
12:49:37,1901,8.510842696629213
12:49:38,1901,8.510842696629213
12:49:39,1901,8.510842696629213
12:49:40,1902,8.510842696629213
12:49:41,1902,8.510842696629213
12:49:42,1902,8.510842696629213
12:49:43,1903,8.510842696629213
12:49:44,1903,8.510845966685382
12:49:45,1904,8.512280209502432
12:49:46,1904,8.512280209502432
12:49:47,1905,8.512280209502432
12:49:48,1905,8.512280209502432
12:49:49,1906,8.512280209502432
12:49:50,1907,8.513191330343796
12:49:51,1907,8.513191330343796
12:49:52,1908,8.513191330343796
12:49:53,1909,8.513191330343796
12:49:54,1909,8.513191330343796
12:49:55,1909,8.514229691876752
12:49:56,1910,8.510768943635686
12:49:57,1911,8.510768943635686
12:49:58,1911,8.510768943635686
12:49:59,1912,8.510768943635686
12:50:00,1912,8.510768943635686
12:50:01,1913,8.510768943635686
12:50:02,1913,8.510768943635686
12:50:03,1914,8.510768943635686
12:50:04,1914,8.507908972206678
12:50:05,1915,8.507908972206678
12:50:06,1915,8.506692766592096
12:50:07,1916,8.506692766592096
12:50:08,1916,8.506692766592096
12:50:09,1917,8.505962362586175
12:50:10,1917,8.505962362586175
12:50:11,1917,8.505962362586175
12:50:12,1918,8.505962362586175
12:50:13,1918,8.505962362586175
12:50:14,1918,8.505962362586175
12:50:15,1918,8.505353817504655
12:50:16,1920,8.505353817504655
12:50:17,1920,8.505353817504655
12:50:18,1920,8.505353817504655
12:50:19,1920,8.505353817504655
12:50:20,1922,8.505353817504655
12:50:21,1922,8.505353817504655
12:50:22,1922,8.505353817504655
12:50:23,1922,8.509840029761905
12:50:24,1922,8.509840029761905
12:50:25,1923,8.51019706265105
12:50:26,1923,8.51019706265105
12:50:27,1923,8.51019706265105
12:50:28,1924,8.51019706265105
12:50:29,1924,8.51019706265105
12:50:30,1924,8.51019706265105
12:50:31,1924,8.51019706265105
12:50:32,1924,8.51019706265105
12:50:33,1924,8.51019706265105
12:50:34,1924,8.515700483091788
12:50:35,1924,8.515700483091788
12:50:36,1924,8.515700483091788
12:50:37,1925,8.515700483091788
12:50:38,1925,8.515700483091788
12:50:39,1925,8.516267409470752
12:50:40,1925,8.516267409470752
12:50:41,1925,8.516267409470752
12:50:42,1925,8.516267409470752
12:50:43,1925,8.516267409470752
12:50:44,1925,8.516267409470752
12:50:45,1925,8.516267409470752
12:50:46,1925,8.513131031922791
12:50:47,1925,8.513131031922791
12:50:48,1925,8.513131031922791
12:50:49,1925,8.51341124095715
12:50:50,1926,8.51341124095715
12:50:51,1926,8.51341124095715
12:50:52,1926,8.51341124095715
12:50:53,1926,8.51341124095715
12:50:54,1926,8.51341124095715
12:50:55,1926,8.514711876968686
12:50:56,1926,8.514711876968686
12:50:57,1926,8.511731481481482
12:50:58,1927,8.510910605219323
12:50:59,1927,8.510910605219323
12:51:00,1927,8.510220125786164
12:51:01,1927,8.510220125786164
12:51:02,1927,8.510220125786164
12:51:03,1927,8.510220125786164
12:51:04,1927,8.510220125786164
12:51:05,1927,8.510220125786164
12:51:06,1927,8.510220125786164
12:51:07,1927,8.510220125786164
12:51:08,1928,8.510220125786164
12:51:09,1928,8.510220125786164
12:51:10,1928,8.510220125786164
12:51:11,1928,8.510220125786164
12:51:12,1928,8.511499352930302
12:51:13,1928,8.51080931263858
12:51:14,1928,8.51080931263858
12:51:15,1928,8.51080931263858
12:51:16,1928,8.51080931263858
12:51:17,1928,8.509002770083102
12:51:18,1928,8.509002770083102
12:51:19,1928,8.509002770083102
12:51:20,1928,8.507945736434108
12:51:21,1928,8.507945736434108
12:51:22,1928,8.5081903707803
12:51:23,1928,8.5081903707803
12:51:24,1929,8.510278392330383
12:51:25,1929,8.510278392330383
12:51:26,1929,8.506863829003132
12:51:27,1929,8.506863829003132
12:51:28,1930,8.506863829003132
12:51:29,1930,8.506863829003132
12:51:30,1930,8.506863829003132
12:51:31,1930,8.506863829003132
12:51:32,1930,8.504935543278085
12:51:33,1930,8.504935543278085
12:51:34,1930,8.505420577949568
12:51:35,1930,8.505420577949568
12:51:36,1930,8.507634289919059
12:51:37,1930,8.507634289919059
12:51:38,1930,8.507634289919059
12:51:39,1930,8.507634289919059
12:51:40,1930,8.507634289919059
12:51:41,1930,8.507634289919059
12:51:42,1930,8.507634289919059
12:51:43,1930,8.507634289919059
12:51:44,1930,8.505322669608384
12:51:45,1930,8.505322669608384
12:51:46,1930,8.505322669608384
12:51:47,1930,8.509151047409041
12:51:48,1930,8.507030102790015
12:51:49,1930,8.507030102790015
12:51:50,1930,8.507030102790015
12:51:51,1931,8.507030102790015
12:51:52,1931,8.507356448358099
12:51:53,1931,8.507356448358099
12:51:54,1931,8.507356448358099
12:51:55,1931,8.507356448358099
12:51:56,1932,8.507356448358099
12:51:57,1932,8.507214888155483
12:51:58,1932,8.507214888155483
12:51:59,1932,8.507214888155483
12:52:00,1932,8.507214888155483
12:52:01,1932,8.507214888155483
12:52:02,1932,8.507214888155483
12:52:03,1932,8.503985706432106
12:52:04,1932,8.503985706432106
12:52:05,1932,8.506492673992675
12:52:06,1932,8.504438952956251
12:52:07,1933,8.504438952956251
12:52:08,1933,8.503027808269302
12:52:09,1933,8.503027808269302
12:52:10,1933,8.503027808269302
12:52:11,1933,8.503027808269302
12:52:12,1933,8.503027808269302
12:52:13,1933,8.50522947522399
12:52:14,1933,8.50522947522399
12:52:15,1933,8.50522947522399
12:52:16,1934,8.50522947522399
12:52:17,1934,8.50522947522399
12:52:18,1934,8.50522947522399
12:52:19,1934,8.50522947522399
12:52:20,1935,8.50522947522399
12:52:21,1935,8.50662100456621
12:52:22,1935,8.50662100456621
12:52:23,1935,8.50662100456621
12:52:24,1936,8.50662100456621
12:52:25,1936,8.50662100456621
12:52:26,1936,8.50662100456621
12:52:27,1937,8.50662100456621
12:52:28,1937,8.50662100456621
12:52:29,1938,8.50662100456621
12:52:30,1938,8.50662100456621
12:52:31,1938,8.507338444687843
12:52:32,1938,8.507338444687843
12:52:33,1939,8.505464331326401
12:52:34,1939,8.505464331326401
12:52:35,1939,8.505464331326401
12:52:36,1939,8.505464331326401
12:52:37,1939,8.505464331326401
12:52:38,1939,8.505464331326401
12:52:39,1939,8.503398942956078
12:52:40,1940,8.503398942956078
12:52:41,1940,8.501448087431694
12:52:42,1940,8.502403058438013
12:52:43,1940,8.502403058438013
12:52:44,1940,8.501655749636098
12:52:45,1941,8.501655749636098
12:52:46,1941,8.501655749636098
12:52:47,1941,8.500781960356429
12:52:48,1941,8.500781960356429
12:52:49,1941,8.500781960356429
12:52:50,1942,8.500781960356429
12:52:51,1942,8.500781960356429
12:52:52,1942,8.500781960356429
12:52:53,1942,8.500781960356429
12:52:54,1942,8.497637222828063
12:52:55,1942,8.497637222828063
12:52:56,1942,8.49794732061762
12:52:57,1942,8.49794732061762
12:52:58,1943,8.49794732061762
12:52:59,1943,8.495989838504808
12:53:00,1944,8.495989838504808
12:53:01,1944,8.495989838504808
12:53:02,1944,8.495989838504808
12:53:03,1945,8.495989838504808
12:53:04,1945,8.496109902067465
12:53:05,1946,8.499202465107848
12:53:06,1946,8.499202465107848
12:53:07,1946,8.499202465107848
12:53:08,1946,8.499202465107848
12:53:09,1946,8.499202465107848
12:53:10,1946,8.499202465107848
12:53:11,1947,8.499202465107848
12:53:12,1947,8.499202465107848
12:53:13,1947,8.499202465107848
12:53:14,1948,8.499202465107848
12:53:15,1948,8.495880861850443
12:53:16,1948,8.495880861850443
12:53:17,1948,8.495880861850443
12:53:18,1948,8.495880861850443
12:53:19,1948,8.495880861850443
12:53:20,1948,8.495880861850443
12:53:21,1948,8.495880861850443
12:53:22,1949,8.495880861850443
12:53:23,1949,8.495267824828085
12:53:24,1949,8.495267824828085
12:53:25,1949,8.496183758364985
12:53:26,1949,8.496183758364985
12:53:27,1950,8.496183758364985
12:53:28,1950,8.493739837398374
12:53:29,1950,8.493739837398374
12:53:30,1950,8.493739837398374
12:53:31,1950,8.493739837398374
12:53:32,1952,8.495530877573131
12:53:33,1952,8.495530877573131
12:53:34,1952,8.495530877573131
12:53:35,1952,8.495530877573131
12:53:36,1953,8.495530877573131
12:53:37,1953,8.495530877573131
12:53:38,1953,8.495530877573131
12:53:39,1953,8.495530877573131
12:53:40,1954,8.495530877573131
12:53:41,1954,8.495530877573131
12:53:42,1954,8.495530877573131
12:53:43,1954,8.495530877573131
12:53:44,1955,8.495530877573131
12:53:45,1956,8.495530877573131
12:53:46,1956,8.495530877573131
12:53:47,1956,8.495530877573131
12:53:48,1956,8.495530877573131
12:53:49,1956,8.495530877573131
12:53:50,1956,8.495530877573131
12:53:51,1956,8.495530877573131
12:53:52,1956,8.495530877573131
12:53:53,1956,8.495530877573131
12:53:54,1956,8.495530877573131
12:53:55,1956,8.495530877573131
12:53:56,1956,8.495530877573131
12:53:57,1956,8.495530877573131
12:53:58,1956,8.495530877573131
12:53:59,1956,8.495530877573131
12:54:00,1956,8.495530877573131
12:54:01,1957,8.494651875901877
12:54:02,1957,8.494651875901877
12:54:03,1957,8.490603603603605
12:54:04,1957,8.488024491265982
12:54:05,1957,8.488024491265982
12:54:06,1957,8.488327933765298
12:54:07,1957,8.488327933765298
12:54:08,1957,8.49069976614499
12:54:09,1957,8.49069976614499
12:54:10,1957,8.49069976614499
12:54:11,1957,8.49014742898238
12:54:12,1957,8.49014742898238
12:54:13,1957,8.49014742898238
12:54:14,1957,8.49014742898238
12:54:15,1957,8.49014742898238
12:54:16,1957,8.49014742898238
12:54:17,1957,8.49014742898238
12:54:18,1957,8.49014742898238
12:54:19,1957,8.49203953279425
12:54:20,1957,8.49203953279425
12:54:21,1958,8.49203953279425
12:54:22,1958,8.490193965517241
12:54:23,1958,8.490193965517241
12:54:24,1958,8.490423622329923
12:54:25,1959,8.490423622329923
12:54:26,1959,8.490423622329923
12:54:27,1959,8.490423622329923
12:54:28,1959,8.490423622329923
12:54:29,1959,8.490423622329923
12:54:30,1959,8.490604267527344
12:54:31,1960,8.490604267527344
12:54:32,1960,8.489740143369175
12:54:33,1960,8.489740143369175
12:54:34,1960,8.489740143369175
12:54:35,1960,8.489740143369175
12:54:36,1961,8.48980834676697
12:54:37,1961,8.48980834676697
12:54:38,1961,8.484523170513508
12:54:39,1961,8.484523170513508
12:54:40,1961,8.484755007153076
12:54:41,1961,8.484755007153076
12:54:42,1961,8.48456657730116
12:54:43,1961,8.48456657730116
12:54:44,1961,8.48456657730116
12:54:45,1962,8.48456657730116
12:54:46,1962,8.48456657730116
12:54:47,1963,8.48456657730116
12:54:48,1964,8.483690603787066
12:54:49,1964,8.483690603787066
12:54:50,1964,8.483690603787066
12:54:51,1964,8.483690603787066
12:54:52,1965,8.483690603787066
12:54:53,1965,8.482128191394393
12:54:54,1966,8.480861884368307
12:54:55,1966,8.478339575530587
12:54:56,1966,8.478511586452763
12:54:57,1966,8.478511586452763
12:54:58,1967,8.482442544094067
12:54:59,1967,8.482442544094067
12:55:00,1967,8.482442544094067
12:55:01,1967,8.481721866096866
12:55:02,1967,8.481721866096866
12:55:03,1967,8.481721866096866
12:55:04,1968,8.481721866096866
12:55:05,1969,8.48059263214095
12:55:06,1969,8.48059263214095
12:55:07,1969,8.481839203130559
12:55:08,1970,8.481839203130559
12:55:09,1970,8.481839203130559
12:55:10,1970,8.481839203130559
12:55:11,1971,8.481839203130559
12:55:12,1971,8.479937777777778
12:55:13,1971,8.479937777777778
12:55:14,1971,8.4784026297086
12:55:15,1971,8.4784026297086
12:55:16,1971,8.478272065352513
12:55:17,1972,8.478272065352513
12:55:18,1972,8.478272065352513
12:55:19,1972,8.478272065352513
12:55:20,1972,8.478272065352513
12:55:21,1972,8.478272065352513
12:55:22,1973,8.47530173943912
12:55:23,1974,8.47530173943912
12:55:24,1974,8.47530173943912
12:55:25,1974,8.47530173943912
12:55:26,1975,8.47530173943912
12:55:27,1975,8.47530173943912
12:55:28,1975,8.47530173943912
12:55:29,1975,8.47530173943912
12:55:30,1975,8.476991307433032
12:55:31,1975,8.476991307433032
12:55:32,1977,8.476991307433032
12:55:33,1977,8.476991307433032
12:55:34,1977,8.47584219858156
12:55:35,1978,8.47584219858156
12:55:36,1978,8.47584219858156
12:55:37,1978,8.472328548644338
12:55:38,1978,8.472328548644338
12:55:39,1978,8.472328548644338
12:55:40,1978,8.472328548644338
12:55:41,1978,8.472328548644338
12:55:42,1978,8.472328548644338
12:55:43,1978,8.472328548644338
12:55:44,1978,8.472328548644338
12:55:45,1978,8.472236981934113
12:55:46,1979,8.469764560099133
12:55:47,1979,8.469764560099133
12:55:48,1979,8.469764560099133
12:55:49,1979,8.471947983014863
12:55:50,1979,8.471947983014863
12:55:51,1979,8.471947983014863
12:55:52,1979,8.471947983014863
12:55:53,1979,8.470459770114942
12:55:54,1979,8.470459770114942
12:55:55,1979,8.470459770114942
12:55:56,1979,8.470459770114942
12:55:57,1980,8.469609402615765
12:55:58,1980,8.469609402615765
12:55:59,1980,8.469609402615765
12:56:00,1981,8.471586292174528
12:56:01,1981,8.471586292174528
12:56:02,1981,8.471586292174528
12:56:03,1981,8.471586292174528
12:56:04,1982,8.471586292174528
12:56:05,1982,8.471586292174528
12:56:06,1982,8.47164548022599
12:56:07,1982,8.47164548022599
12:56:08,1982,8.47164548022599
12:56:09,1982,8.470998764778543
12:56:10,1982,8.470998764778543
12:56:11,1982,8.468430335097002
12:56:12,1982,8.468430335097002
12:56:13,1982,8.468430335097002
12:56:14,1982,8.468430335097002
12:56:15,1982,8.468430335097002
12:56:16,1982,8.468430335097002
12:56:17,1982,8.468430335097002
12:56:18,1982,8.468430335097002
12:56:19,1982,8.46987484576062
12:56:20,1982,8.468595842142355
12:56:21,1982,8.468595842142355
12:56:22,1982,8.468595842142355
12:56:23,1982,8.46820743088572
12:56:24,1982,8.46820743088572
12:56:25,1982,8.465883491728265
12:56:26,1982,8.465883491728265
12:56:27,1982,8.465883491728265
12:56:28,1982,8.465883491728265
12:56:29,1982,8.465883491728265
12:56:30,1982,8.465883491728265
12:56:31,1982,8.465109938434477
12:56:32,1982,8.465109938434477
12:56:33,1982,8.465109938434477
12:56:34,1982,8.46613924050633
12:56:35,1982,8.46613924050633
12:56:36,1982,8.46613924050633
12:56:37,1982,8.46613924050633
12:56:38,1982,8.46613924050633
12:56:39,1983,8.46613924050633
12:56:40,1983,8.46613924050633
12:56:41,1983,8.468353540678264
12:56:42,1983,8.468353540678264
12:56:43,1983,8.468353540678264
12:56:44,1983,8.466166139796277
12:56:45,1984,8.466166139796277
12:56:46,1984,8.466166139796277
12:56:47,1984,8.463823064770931
12:56:48,1984,8.463823064770931
12:56:49,1985,8.463823064770931
12:56:50,1985,8.463823064770931
12:56:51,1985,8.45978432403998
12:56:52,1985,8.45978432403998
12:56:53,1985,8.45978432403998
12:56:54,1986,8.45978432403998
12:56:55,1986,8.45978432403998
12:56:56,1986,8.45978432403998
12:56:57,1986,8.45978432403998
12:56:58,1987,8.45978432403998
12:56:59,1987,8.459279705573081
12:57:00,1987,8.459279705573081
12:57:01,1987,8.45902084428096
12:57:02,1987,8.45902084428096
12:57:03,1988,8.45902084428096
12:57:04,1989,8.45902084428096
12:57:05,1989,8.45902084428096
12:57:06,1989,8.45902084428096
12:57:07,1989,8.45902084428096
12:57:08,1989,8.45902084428096
12:57:09,1989,8.457095363079615
12:57:10,1989,8.457095363079615
12:57:11,1989,8.456357117873383
12:57:12,1989,8.456357117873383
12:57:13,1989,8.456357117873383
12:57:14,1989,8.456357117873383
12:57:15,1989,8.456357117873383
12:57:16,1989,8.456357117873383
12:57:17,1989,8.456357117873383
12:57:18,1990,8.456357117873383
12:57:19,1990,8.456357117873383
12:57:20,1990,8.456357117873383
12:57:21,1991,8.453452193672435
12:57:22,1991,8.453452193672435
12:57:23,1991,8.452978686233402
12:57:24,1991,8.452978686233402
12:57:25,1992,8.452978686233402
12:57:26,1993,8.452977125894884
12:57:27,1993,8.452977125894884
12:57:28,1993,8.452977125894884
12:57:29,1993,8.45280977312391
12:57:30,1993,8.45280977312391
12:57:31,1993,8.45280977312391
12:57:32,1994,8.45280977312391
12:57:33,1994,8.452005930577359
12:57:34,1994,8.449921548117155
12:57:35,1994,8.44957309635825
12:57:36,1994,8.44957309635825
12:57:37,1994,8.44957309635825
12:57:38,1995,8.44957309635825
12:57:39,1995,8.446255660048763
12:57:40,1996,8.446255660048763
12:57:41,1996,8.446255660048763
12:57:42,1996,8.445892080069626
12:57:43,1996,8.445892080069626
12:57:44,1996,8.445892080069626
12:57:45,1996,8.445892080069626
12:57:46,1996,8.445659359777315
12:57:47,1996,8.445659359777315
12:57:48,1996,8.446393812999652
12:57:49,1996,8.446393812999652
12:57:50,1996,8.446569393781484
12:57:51,1996,8.446569393781484
12:57:52,1996,8.446569393781484
12:57:53,1996,8.446569393781484
12:57:54,1996,8.443588408814854
12:57:55,1996,8.443588408814854
12:57:56,1996,8.443588408814854
12:57:57,1997,8.443588408814854
12:57:58,1997,8.443588408814854
12:57:59,1998,8.443588408814854
12:58:00,1998,8.443588408814854
12:58:01,1998,8.443588408814854
12:58:02,1998,8.443588408814854
12:58:03,1999,8.443588408814854
12:58:04,1999,8.443588408814854
12:58:05,1999,8.44373048907388
12:58:06,1999,8.44373048907388
12:58:07,1999,8.44373048907388
12:58:08,1999,8.442598370601491
12:58:09,1999,8.442598370601491
12:58:10,2000,8.442598370601491
12:58:11,2000,8.442598370601491
12:58:12,2000,8.442598370601491
12:58:13,2000,8.442598370601491
12:58:14,2000,8.442598370601491
12:58:15,2000,8.442598370601491
12:58:16,2000,8.442598370601491
12:58:17,2000,8.44174462924463
12:58:18,2001,8.44174462924463
12:58:19,2001,8.44174462924463
12:58:20,2001,8.44174462924463
12:58:21,2002,8.44174462924463
12:58:22,2002,8.44174462924463
12:58:23,2002,8.439445887445888
12:58:24,2002,8.439445887445888
12:58:25,2003,8.439445887445888
12:58:26,2003,8.439445887445888
12:58:27,2003,8.439445887445888
12:58:28,2003,8.439460020768431
12:58:29,2005,8.439460020768431
12:58:30,2005,8.43603182840339
12:58:31,2005,8.43603182840339
12:58:32,2005,8.43603182840339
12:58:33,2006,8.43603182840339
12:58:34,2006,8.436428077455048
12:58:35,2006,8.436428077455048
12:58:36,2006,8.436428077455048
12:58:37,2007,8.436428077455048
12:58:38,2007,8.436428077455048
12:58:39,2007,8.436428077455048
12:58:40,2007,8.436428077455048
12:58:41,2007,8.436428077455048
12:58:42,2008,8.43481078278901
12:58:43,2008,8.43481078278901
12:58:44,2008,8.43481078278901
12:58:45,2008,8.43481078278901
12:58:46,2009,8.43481078278901
12:58:47,2009,8.434974093264248
12:58:48,2009,8.434974093264248
12:58:49,2010,8.437277749007423
12:58:50,2010,8.437277749007423
12:58:51,2010,8.437629399585921
12:58:52,2010,8.437629399585921
12:58:53,2010,8.437629399585921
12:58:54,2010,8.436187273667874
12:58:55,2011,8.436187273667874
12:58:56,2011,8.436187273667874
12:58:57,2011,8.436187273667874
12:58:58,2011,8.433721130644605
12:58:59,2011,8.433721130644605
12:59:00,2011,8.433721130644605
12:59:01,2011,8.433721130644605
12:59:02,2011,8.433721130644605
12:59:03,2011,8.433721130644605
12:59:04,2011,8.433721130644605
12:59:05,2011,8.433721130644605
12:59:06,2011,8.434280792420328
12:59:07,2011,8.434280792420328
12:59:08,2011,8.436113980716254
12:59:09,2011,8.436113980716254
12:59:10,2011,8.436113980716254
12:59:11,2011,8.436113980716254
12:59:12,2011,8.436113980716254
12:59:13,2011,8.436113980716254
12:59:14,2011,8.436113980716254
12:59:15,2011,8.434193770435382
12:59:16,2011,8.434193770435382
12:59:17,2011,8.431450919718067
12:59:18,2011,8.431450919718067
12:59:19,2011,8.431450919718067
12:59:20,2011,8.428316151202749
12:59:21,2011,8.428316151202749
12:59:22,2011,8.428316151202749
12:59:23,2011,8.428859694315644
12:59:24,2011,8.428859694315644
12:59:25,2011,8.42826982492276
12:59:26,2011,8.42826982492276
12:59:27,2011,8.42826982492276
12:59:28,2011,8.42826982492276
12:59:29,2011,8.42826982492276
12:59:30,2011,8.42826982492276
12:59:31,2011,8.42826982492276
12:59:32,2011,8.42826982492276
12:59:33,2011,8.42826982492276
12:59:34,2011,8.42826982492276
12:59:35,2011,8.426788471435923
12:59:36,2011,8.426788471435923
12:59:37,2011,8.426788471435923
12:59:38,2012,8.426788471435923
12:59:39,2012,8.427383401920439
12:59:40,2012,8.427383401920439
12:59:41,2013,8.427383401920439
12:59:42,2013,8.427383401920439
12:59:43,2013,8.427383401920439
12:59:44,2014,8.427383401920439
12:59:45,2014,8.427383401920439
12:59:46,2014,8.427383401920439
12:59:47,2014,8.424130248500429
12:59:48,2014,8.424130248500429
12:59:49,2017,8.424130248500429
12:59:50,2017,8.421976704350804
12:59:51,2017,8.421976704350804
12:59:52,2017,8.421976704350804
12:59:53,2019,8.421976704350804
12:59:54,2019,8.421976704350804
12:59:55,2019,8.421976704350804
12:59:56,2019,8.421976704350804
12:59:57,2019,8.421976704350804
12:59:58,2019,8.419207734428474
12:59:59,2019,8.419207734428474
13:00:00,2019,8.419207734428474
13:00:01,2019,8.418385496835985
13:00:02,2019,8.420230769230768
13:00:03,2019,8.420230769230768
13:00:04,2019,8.418520416880233
13:00:05,2019,8.419125683060109
13:00:06,2019,8.419125683060109
13:00:07,2019,8.419125683060109
13:00:08,2020,8.418433179723502
13:00:09,2020,8.415191061071306
13:00:10,2020,8.415191061071306
13:00:11,2021,8.413461210571185
13:00:12,2022,8.413461210571185
13:00:13,2022,8.414400136332652
13:00:14,2023,8.414400136332652
13:00:15,2024,8.414400136332652
13:00:16,2024,8.414400136332652
13:00:17,2024,8.414400136332652
13:00:18,2025,8.414400136332652
13:00:19,2025,8.414400136332652
13:00:20,2025,8.411573837506387
13:00:21,2025,8.411573837506387
13:00:22,2025,8.411573837506387
13:00:23,2026,8.411573837506387
13:00:24,2026,8.411573837506387
13:00:25,2027,8.411573837506387
13:00:26,2028,8.411573837506387
13:00:27,2028,8.411573837506387
13:00:28,2028,8.411573837506387
13:00:29,2030,8.411573837506387
13:00:30,2030,8.411573837506387
13:00:31,2030,8.411573837506387
13:00:32,2031,8.411573837506387
13:00:33,2032,8.410308137555328
13:00:34,2032,8.410308137555328
13:00:35,2032,8.410308137555328
13:00:36,2032,8.407086949123702
13:00:37,2034,8.407086949123702
13:00:38,2034,8.407086949123702
13:00:39,2035,8.407086949123702
13:00:40,2035,8.406700680272108
13:00:41,2035,8.406700680272108
13:00:42,2036,8.406700680272108
13:00:43,2037,8.401749915052667
13:00:44,2037,8.401749915052667
13:00:45,2037,8.401749915052667
13:00:46,2038,8.401502801833928
13:00:47,2039,8.401502801833928
13:00:48,2039,8.401502801833928
13:00:49,2039,8.40490495587237
13:00:50,2040,8.40490495587237
13:00:51,2041,8.40490495587237
13:00:52,2042,8.403095843935539
13:00:53,2042,8.403095843935539
13:00:54,2042,8.403095843935539
13:00:55,2044,8.401627670396744
13:00:56,2044,8.401627670396744
13:00:57,2044,8.401627670396744
13:00:58,2044,8.398542619894933
13:00:59,2046,8.398542619894933
13:01:00,2046,8.398542619894933
13:01:01,2046,8.395824864498644
13:01:02,2047,8.395824864498644
13:01:03,2047,8.395824864498644
13:01:04,2048,8.397003555104114
13:01:05,2049,8.397003555104114
13:01:06,2049,8.396463620981388
13:01:07,2050,8.396463620981388
13:01:08,2050,8.396463620981388
13:01:09,2051,8.396463620981388
13:01:10,2051,8.393387451378318
13:01:11,2051,8.393387451378318
13:01:12,2051,8.393387451378318
13:01:13,2052,8.393387451378318
13:01:14,2052,8.393387451378318
13:01:15,2052,8.393002028397566
13:01:16,2054,8.390310863321508
13:01:17,2055,8.390310863321508
13:01:18,2055,8.38998649105032
13:01:19,2055,8.38998649105032
13:01:20,2059,8.38998649105032
13:01:21,2059,8.39012658227848
13:01:22,2059,8.39012658227848
13:01:23,2059,8.39012658227848
13:01:24,2059,8.39012658227848
13:01:25,2059,8.39012658227848
13:01:26,2059,8.39012658227848
13:01:27,2060,8.387626518218623
13:01:28,2060,8.385727533299612
13:01:29,2060,8.385727533299612
13:01:30,2060,8.385727533299612
13:01:31,2060,8.385727533299612
13:01:32,2060,8.385727533299612
13:01:33,2061,8.385727533299612
13:01:34,2062,8.385727533299612
13:01:35,2062,8.385727533299612
13:01:36,2063,8.385727533299612
13:01:37,2063,8.385727533299612
13:01:38,2063,8.385727533299612
13:01:39,2063,8.385727533299612
13:01:40,2064,8.385017685699848
13:01:41,2064,8.385017685699848
13:01:42,2064,8.385017685699848
13:01:43,2065,8.385017685699848
13:01:44,2065,8.385017685699848
13:01:45,2066,8.385017685699848
13:01:46,2066,8.385017685699848
13:01:47,2067,8.385017685699848
13:01:48,2067,8.385017685699848
13:01:49,2067,8.385017685699848
13:01:50,2067,8.385017685699848
13:01:51,2068,8.385017685699848
13:01:52,2068,8.385017685699848
13:01:53,2068,8.385017685699848
13:01:54,2069,8.385017685699848
13:01:55,2069,8.381835016835018
13:01:56,2069,8.381835016835018
13:01:57,2070,8.381835016835018
13:01:58,2070,8.381835016835018
13:01:59,2070,8.381835016835018
13:02:00,2071,8.379404341241797
13:02:01,2071,8.379404341241797
13:02:02,2071,8.379404341241797
13:02:03,2071,8.376387487386477
13:02:04,2071,8.375626155656413
13:02:05,2073,8.375626155656413
13:02:06,2073,8.372589045698925
13:02:07,2073,8.371679261125104
13:02:08,2074,8.371679261125104
13:02:09,2075,8.371679261125104
13:02:10,2075,8.37184457871769
13:02:11,2075,8.37184457871769
13:02:12,2076,8.37184457871769
13:02:13,2076,8.372521389028686
13:02:14,2076,8.372521389028686
13:02:15,2076,8.372521389028686
13:02:16,2077,8.372521389028686
13:02:17,2077,8.370690811535882
13:02:18,2077,8.370690811535882
13:02:19,2077,8.370690811535882
13:02:20,2078,8.370690811535882
13:02:21,2078,8.370690811535882
13:02:22,2078,8.370690811535882
13:02:23,2078,8.370690811535882
13:02:24,2079,8.370690811535882
13:02:25,2079,8.370690811535882
13:02:26,2079,8.367789508965979
13:02:27,2079,8.367789508965979
13:02:28,2079,8.367789508965979
13:02:29,2079,8.367789508965979
13:02:30,2079,8.370125628140704
13:02:31,2079,8.370125628140704
13:02:32,2079,8.370125628140704
13:02:33,2079,8.370125628140704
13:02:34,2079,8.370125628140704
13:02:35,2080,8.370125628140704
13:02:36,2080,8.370125628140704
13:02:37,2080,8.368583626318433
13:02:38,2081,8.368583626318433
13:02:39,2081,8.368583626318433
13:02:40,2081,8.368583626318433
13:02:41,2081,8.368583626318433
13:02:42,2081,8.368908969210175
13:02:43,2081,8.368908969210175
13:02:44,2081,8.368908969210175
13:02:45,2083,8.366139822712828
13:02:46,2083,8.366139822712828
13:02:47,2083,8.366139822712828
13:02:48,2083,8.362988966900703
13:02:49,2083,8.362988966900703
13:02:50,2084,8.362988966900703
13:02:51,2084,8.360868838763576
13:02:52,2084,8.360868838763576
13:02:53,2085,8.360868838763576
13:02:54,2086,8.360868838763576
13:02:55,2086,8.360868838763576
13:02:56,2087,8.360868838763576
13:02:57,2087,8.360868838763576
13:02:58,2087,8.360868838763576
13:02:59,2087,8.357857381429525
13:03:00,2087,8.357857381429525
13:03:01,2087,8.358412618928392
13:03:02,2088,8.358412618928392
13:03:03,2088,8.358412618928392
13:03:04,2088,8.358412618928392
13:03:05,2090,8.358412618928392
13:03:06,2091,8.355930930930931
13:03:07,2091,8.355930930930931
13:03:08,2091,8.355930930930931
13:03:09,2092,8.355930930930931
13:03:10,2094,8.354952476238118
13:03:11,2094,8.354952476238118
13:03:12,2094,8.354952476238118
13:03:13,2094,8.354952476238118
13:03:14,2094,8.354952476238118
13:03:15,2094,8.354952476238118
13:03:16,2095,8.354952476238118
13:03:17,2095,8.354975
13:03:18,2095,8.354975
13:03:19,2096,8.352332167249708
13:03:20,2096,8.352332167249708
13:03:21,2096,8.352332167249708
13:03:22,2097,8.352430902430903
13:03:23,2097,8.352430902430903
13:03:24,2097,8.352430902430903
13:03:25,2097,8.35516724912631
13:03:26,2097,8.35516724912631
13:03:27,2098,8.353251829673985
13:03:28,2098,8.353251829673985
13:03:29,2098,8.353251829673985
13:03:30,2098,8.353251829673985
13:03:31,2098,8.353251829673985
13:03:32,2099,8.353251829673985
13:03:33,2099,8.353251829673985
13:03:34,2099,8.350133000831255
13:03:35,2099,8.350133000831255
13:03:36,2099,8.350133000831255
13:03:37,2099,8.350133000831255
13:03:38,2100,8.347133599202392
13:03:39,2100,8.347133599202392
13:03:40,2100,8.344411227370868
13:03:41,2100,8.344411227370868
13:03:42,2100,8.342023572377158
13:03:43,2100,8.342023572377158
13:03:44,2100,8.339165422266468
13:03:45,2100,8.3381592039801
13:03:46,2100,8.335463285264378
13:03:47,2100,8.3331013916501
13:03:48,2101,8.3331013916501
13:03:49,2101,8.3331013916501
13:03:50,2101,8.3331013916501
13:03:51,2102,8.332323232323231
13:03:52,2102,8.332323232323231
13:03:53,2103,8.332323232323231
13:03:54,2103,8.332323232323231
13:03:55,2103,8.332323232323231
13:03:56,2103,8.332323232323231
13:03:57,2103,8.329220456802384
13:03:58,2103,8.329220456802384
13:03:59,2104,8.329220456802384
13:04:00,2104,8.329220456802384
13:04:01,2104,8.329220456802384
13:04:02,2104,8.329220456802384
13:04:03,2104,8.329220456802384
13:04:04,2104,8.329220456802384
13:04:05,2104,8.329220456802384
13:04:06,2104,8.329220456802384
13:04:07,2104,8.329220456802384
13:04:08,2105,8.326774193548387
13:04:09,2105,8.326774193548387
13:04:10,2105,8.326774193548387
13:04:11,2105,8.326774193548387
13:04:12,2105,8.326774193548387
13:04:13,2105,8.326912906957528
13:04:14,2106,8.326912906957528
13:04:15,2106,8.326912906957528
13:04:16,2106,8.326912906957528
13:04:17,2106,8.326912906957528
13:04:18,2106,8.326912906957528
13:04:19,2106,8.323827221671623
13:04:20,2106,8.323827221671623
13:04:21,2106,8.323827221671623
13:04:22,2106,8.323827221671623
13:04:23,2106,8.323827221671623
13:04:24,2106,8.323827221671623
13:04:25,2106,8.324145616641902
13:04:26,2107,8.324145616641902
13:04:27,2107,8.324145616641902
13:04:28,2107,8.324145616641902
13:04:29,2108,8.321749174917493
13:04:30,2108,8.321749174917493
13:04:31,2108,8.321749174917493
13:04:32,2109,8.321749174917493
13:04:33,2109,8.319214910110507
13:04:34,2109,8.319214910110507
13:04:35,2110,8.319214910110507
13:04:36,2110,8.314508156203658
13:04:37,2110,8.314508156203658
13:04:38,2111,8.314508156203658
13:04:39,2111,8.317424242424243
13:04:40,2111,8.317424242424243
13:04:41,2111,8.31679012345679
13:04:42,2112,8.31679012345679
13:04:43,2112,8.31679012345679
13:04:44,2112,8.316954590325766
13:04:45,2113,8.314586416707778
13:04:46,2113,8.314586416707778
13:04:47,2113,8.311785009861932
13:04:48,2113,8.311785009861932
13:04:49,2114,8.311785009861932
13:04:50,2114,8.311785009861932
13:04:51,2114,8.311785009861932
13:04:52,2115,8.311785009861932
13:04:53,2115,8.311785009861932
13:04:54,2115,8.309881715130606
13:04:55,2115,8.309881715130606
13:04:56,2116,8.309881715130606
13:04:57,2117,8.309881715130606
13:04:58,2117,8.309881715130606
13:04:59,2117,8.309881715130606
13:05:00,2118,8.307216748768473
13:05:01,2118,8.307216748768473
13:05:02,2118,8.307216748768473
13:05:03,2118,8.307216748768473
13:05:04,2118,8.304956507467585
13:05:05,2118,8.304956507467585
13:05:06,2118,8.304956507467585
13:05:07,2118,8.304956507467585
13:05:08,2118,8.304956507467585
13:05:09,2118,8.304142060367454
13:05:10,2118,8.304142060367454
13:05:11,2118,8.304142060367454
13:05:12,2118,8.304142060367454
13:05:13,2118,8.304142060367454
13:05:14,2118,8.304142060367454
13:05:15,2118,8.302688965404165
13:05:16,2118,8.300532612258277
13:05:17,2118,8.300532612258277
13:05:18,2118,8.29976248976249
13:05:19,2118,8.29976248976249
13:05:20,2118,8.29976248976249
13:05:21,2118,8.29976248976249
13:05:22,2118,8.29976248976249
13:05:23,2119,8.29976248976249
13:05:24,2119,8.297347740667977
13:05:25,2119,8.297347740667977
13:05:26,2119,8.2957862870234
13:05:27,2120,8.2957862870234
13:05:28,2120,8.2957862870234
13:05:29,2120,8.2957862870234
13:05:30,2120,8.2957862870234
13:05:31,2120,8.297865554465162
13:05:32,2120,8.297865554465162
13:05:33,2120,8.297865554465162
13:05:34,2120,8.29534085335949
13:05:35,2120,8.293243464052289
13:05:36,2120,8.293243464052289
13:05:37,2120,8.293243464052289
13:05:38,2122,8.2911644618651
13:05:39,2122,8.2911644618651
13:05:40,2122,8.2911644618651
13:05:41,2123,8.288736532810969
13:05:42,2123,8.288736532810969
13:05:43,2124,8.288736532810969
13:05:44,2124,8.287175721977484
13:05:45,2125,8.287175721977484
13:05:46,2125,8.287175721977484
13:05:47,2125,8.287175721977484
13:05:48,2125,8.287175721977484
13:05:49,2125,8.287175721977484
13:05:50,2125,8.287175721977484
13:05:51,2125,8.285852902804958
13:05:52,2125,8.285852902804958
13:05:53,2125,8.283814180929095
13:05:54,2125,8.283814180929095
13:05:55,2125,8.283814180929095
13:05:56,2125,8.283814180929095
13:05:57,2125,8.283814180929095
13:05:58,2125,8.283814180929095
13:05:59,2125,8.281573802541544
13:06:00,2125,8.281573802541544
13:06:01,2125,8.281573802541544
13:06:02,2127,8.281573802541544
13:06:03,2127,8.281573802541544
13:06:04,2128,8.28038593063019
13:06:05,2128,8.28038593063019
13:06:06,2129,8.28038593063019
13:06:07,2130,8.28038593063019
13:06:08,2130,8.28038593063019
13:06:09,2130,8.277791341145834
13:06:10,2131,8.275410769481049
13:06:11,2131,8.275410769481049
13:06:12,2131,8.275410769481049
13:06:13,2131,8.275410769481049
13:06:14,2131,8.273024390243902
13:06:15,2131,8.273024390243902
13:06:16,2132,8.27177799447424
13:06:17,2132,8.269850552306693
13:06:18,2132,8.269850552306693
13:06:19,2132,8.268412079883097
13:06:20,2132,8.268412079883097
13:06:21,2132,8.268412079883097
13:06:22,2132,8.268412079883097
13:06:23,2132,8.271949042518663
13:06:24,2132,8.271949042518663
13:06:25,2133,8.271949042518663
13:06:26,2133,8.271949042518663
13:06:27,2133,8.270129764801299
13:06:28,2133,8.270129764801299
13:06:29,2133,8.267777237354085
13:06:30,2133,8.267777237354085
13:06:31,2133,8.267777237354085
13:06:32,2134,8.267777237354085
13:06:33,2134,8.267777237354085
13:06:34,2134,8.267777237354085
13:06:35,2134,8.267777237354085
13:06:36,2134,8.267777237354085
13:06:37,2134,8.265200129638632
13:06:38,2135,8.265200129638632
13:06:39,2135,8.265200129638632
13:06:40,2135,8.265200129638632
13:06:41,2136,8.265200129638632
13:06:42,2136,8.265200129638632
13:06:43,2136,8.262941367023
13:06:44,2136,8.262941367023
13:06:45,2137,8.262941367023
13:06:46,2137,8.262941367023
13:06:47,2137,8.262941367023
13:06:48,2138,8.262941367023
13:06:49,2138,8.262941367023
13:06:50,2138,8.262941367023
13:06:51,2138,8.262941367023
13:06:52,2139,8.262941367023
13:06:53,2139,8.262028492795856
13:06:54,2139,8.262028492795856
13:06:55,2139,8.262028492795856
13:06:56,2140,8.261173139158576
13:06:57,2140,8.25830502992075
13:06:58,2140,8.25830502992075
13:06:59,2140,8.25830502992075
13:07:00,2140,8.25830502992075
13:07:01,2140,8.25830502992075
13:07:02,2141,8.25830502992075
13:07:03,2141,8.25830502992075
13:07:04,2141,8.25830502992075
13:07:05,2141,8.25830502992075
13:07:06,2142,8.256231813773036
13:07:07,2142,8.256231813773036
13:07:08,2142,8.256231813773036
13:07:09,2143,8.255130069478106
13:07:10,2143,8.255117029862793
13:07:11,2143,8.255117029862793
13:07:12,2143,8.255117029862793
13:07:13,2144,8.254227170054856
13:07:14,2144,8.254227170054856
13:07:15,2144,8.254227170054856
13:07:16,2144,8.25187872923722
13:07:17,2145,8.250008059316569
13:07:18,2145,8.250008059316569
13:07:19,2145,8.247551151925245
13:07:20,2145,8.24683574879227
13:07:21,2145,8.24683574879227
13:07:22,2145,8.24683574879227
13:07:23,2145,8.24683574879227
13:07:24,2145,8.24683574879227
13:07:25,2145,8.24683574879227
13:07:26,2145,8.24683574879227
13:07:27,2146,8.24683574879227
13:07:28,2146,8.24683574879227
13:07:29,2146,8.24683574879227
13:07:30,2146,8.24683574879227
13:07:31,2147,8.24683574879227
13:07:32,2147,8.245871559633027
13:07:33,2148,8.243693693693693
13:07:34,2150,8.243693693693693
13:07:35,2150,8.243693693693693
13:07:36,2151,8.243693693693693
13:07:37,2152,8.243693693693693
13:07:38,2152,8.241160398585665
13:07:39,2152,8.241160398585665
13:07:40,2152,8.241160398585665
13:07:41,2152,8.23859437751004
13:07:42,2152,8.23859437751004
13:07:43,2152,8.237331406551059
13:07:44,2152,8.237331406551059
13:07:45,2153,8.23677579842722
13:07:46,2153,8.23677579842722
13:07:47,2153,8.23677579842722
13:07:48,2153,8.23432787937119
13:07:49,2153,8.23432787937119
13:07:50,2153,8.23432787937119
13:07:51,2153,8.23432787937119
13:07:52,2153,8.232443482443482
13:07:53,2153,8.232443482443482
13:07:54,2153,8.232443482443482
13:07:55,2153,8.232443482443482
13:07:56,2153,8.232443482443482
13:07:57,2153,8.232443482443482
13:07:58,2153,8.232443482443482
13:07:59,2153,8.232443482443482
13:08:00,2153,8.233020983501522
13:08:01,2153,8.233020983501522
13:08:02,2153,8.233020983501522
13:08:03,2153,8.233020983501522
13:08:04,2153,8.233020983501522
13:08:05,2153,8.233020983501522
13:08:06,2153,8.23234069804675
13:08:07,2153,8.231765082413187
13:08:08,2153,8.229582533589252
13:08:09,2153,8.229582533589252
13:08:10,2153,8.229582533589252
13:08:11,2153,8.229582533589252
13:08:12,2153,8.229582533589252
13:08:13,2153,8.226810551558753
13:08:14,2153,8.226810551558753
13:08:15,2153,8.226810551558753
13:08:16,2153,8.226810551558753
13:08:17,2153,8.226810551558753
13:08:18,2153,8.226810551558753
13:08:19,2153,8.226810551558753
13:08:20,2153,8.226810551558753
13:08:21,2153,8.226810551558753
13:08:22,2153,8.224504634068392
13:08:23,2153,8.224504634068392
13:08:24,2153,8.222272799872226
13:08:25,2153,8.222272799872226
13:08:26,2153,8.220194763729246
13:08:27,2153,8.220194763729246
13:08:28,2153,8.220194763729246
13:08:29,2153,8.220194763729246
13:08:30,2153,8.220194763729246
13:08:31,2153,8.220194763729246
13:08:32,2153,8.220194763729246
13:08:33,2153,8.21886867719802
13:08:34,2153,8.21886867719802
13:08:35,2153,8.21886867719802
13:08:36,2153,8.21886867719802
13:08:37,2153,8.21886867719802
13:08:38,2153,8.21886867719802
13:08:39,2153,8.21886867719802
13:08:40,2153,8.21886867719802
13:08:41,2153,8.21886867719802
13:08:42,2153,8.21886867719802
13:08:43,2153,8.21886867719802
13:08:44,2153,8.21886867719802
13:08:45,2153,8.21886867719802
13:08:46,2153,8.21886867719802
13:08:47,2153,8.21886867719802
13:08:48,2153,8.21886867719802
13:08:49,2153,8.221172248803828
13:08:50,2153,8.221172248803828
13:08:51,2153,8.221172248803828
13:08:52,2153,8.219615813805197
13:08:53,2153,8.219615813805197
13:08:54,2153,8.218698215423837
13:08:55,2154,8.218698215423837
13:08:56,2154,8.218698215423837
13:08:57,2154,8.216618911174786
13:08:58,2154,8.216618911174786
13:08:59,2155,8.216618911174786
13:09:00,2155,8.21425616547335
13:09:01,2155,8.214138040712468
13:09:02,2155,8.214138040712468
13:09:03,2155,8.214138040712468
13:09:04,2155,8.211349546971865
13:09:05,2155,8.211349546971865
13:09:06,2155,8.211349546971865
13:09:07,2155,8.211349546971865
13:09:08,2155,8.211349546971865
13:09:09,2155,8.211349546971865
13:09:10,2155,8.211349546971865
13:09:11,2155,8.20909596441055
13:09:12,2155,8.2087422582182
13:09:13,2155,8.2087422582182
13:09:14,2155,8.2087422582182
13:09:15,2155,8.206873015873017
13:09:16,2155,8.206873015873017
13:09:17,2155,8.201466856961623
13:09:18,2155,8.201466856961623
13:09:19,2155,8.201466856961623
13:09:20,2155,8.201363132033602
13:09:21,2155,8.201363132033602
13:09:22,2155,8.201363132033602
13:09:23,2155,8.201363132033602
13:09:24,2155,8.199912864385299
13:09:25,2155,8.199912864385299
13:09:26,2155,8.199912864385299
13:09:27,2155,8.199912864385299
13:09:28,2155,8.199912864385299
13:09:29,2156,8.196636593858816
13:09:30,2156,8.196636593858816
13:09:31,2156,8.196636593858816
13:09:32,2156,8.194367979750039
13:09:33,2157,8.194367979750039
13:09:34,2157,8.194367979750039
13:09:35,2157,8.194367979750039
13:09:36,2157,8.194367979750039
13:09:37,2158,8.194367979750039
13:09:38,2158,8.194367979750039
13:09:39,2158,8.19630771663504
13:09:40,2158,8.19630771663504
13:09:41,2158,8.19630771663504
13:09:42,2159,8.194705231547337
13:09:43,2159,8.194705231547337
13:09:44,2159,8.194705231547337
13:09:45,2159,8.194705231547337
13:09:46,2159,8.194705231547337
13:09:47,2159,8.194705231547337
13:09:48,2159,8.194705231547337
13:09:49,2159,8.194705231547337
13:09:50,2159,8.19280410742496
13:09:51,2159,8.19280410742496
13:09:52,2159,8.19280410742496
13:09:53,2159,8.190628454129165
13:09:54,2159,8.190628454129165
13:09:55,2159,8.190628454129165
13:09:56,2159,8.18822601010101
13:09:57,2160,8.18822601010101
13:09:58,2160,8.18822601010101
13:09:59,2160,8.18822601010101
13:10:00,2160,8.18822601010101
13:10:01,2160,8.18822601010101
13:10:02,2160,8.18822601010101
13:10:03,2160,8.18721407162013
13:10:04,2160,8.18721407162013
13:10:05,2160,8.18721407162013
13:10:06,2160,8.184444970040996
13:10:07,2160,8.184444970040996
13:10:08,2161,8.184444970040996
13:10:09,2161,8.183821907013396
13:10:10,2161,8.18390831758034
13:10:11,2161,8.18390831758034
13:10:12,2161,8.18390831758034
13:10:13,2161,8.18390831758034
13:10:14,2161,8.18250669185955
13:10:15,2161,8.18250669185955
13:10:16,2162,8.180941139439723
13:10:17,2162,8.180941139439723
13:10:18,2162,8.180941139439723
13:10:19,2162,8.180941139439723
13:10:20,2163,8.178574799433695
13:10:21,2163,8.178003144654088
13:10:22,2164,8.175711142542825
13:10:23,2165,8.175711142542825
13:10:24,2166,8.175711142542825
13:10:25,2166,8.175711142542825
13:10:26,2166,8.175711142542825
13:10:27,2166,8.173209236569274
13:10:28,2166,8.173209236569274
13:10:29,2166,8.173209236569274
13:10:30,2166,8.175098131574815
13:10:31,2166,8.175098131574815
13:10:32,2166,8.175098131574815
13:10:33,2166,8.175098131574815
13:10:34,2166,8.175098131574815
13:10:35,2166,8.175098131574815
13:10:36,2166,8.175098131574815
13:10:37,2166,8.175098131574815
13:10:38,2166,8.17339139987445
13:10:39,2166,8.171372549019608
13:10:40,2166,8.171372549019608
13:10:41,2166,8.171372549019608
13:10:42,2166,8.171372549019608
13:10:43,2166,8.171372549019608
13:10:44,2166,8.171372549019608
13:10:45,2166,8.17101756036375
13:10:46,2166,8.17101756036375
13:10:47,2166,8.17101756036375
13:10:48,2166,8.17101756036375
13:10:49,2167,8.17101756036375
13:10:50,2167,8.17101756036375
13:10:51,2167,8.17101756036375
13:10:52,2167,8.17101756036375
13:10:53,2167,8.16926813979
13:10:54,2168,8.16926813979
13:10:55,2168,8.16844454887218
13:10:56,2168,8.16844454887218
13:10:57,2168,8.16844454887218
13:10:58,2169,8.16844454887218
13:10:59,2169,8.16844454887218
13:11:00,2169,8.16844454887218
13:11:01,2169,8.16844454887218
13:11:02,2169,8.16844454887218
13:11:03,2169,8.16844454887218
13:11:04,2169,8.16844454887218
13:11:05,2169,8.16844454887218
13:11:06,2169,8.167167684358853
13:11:07,2169,8.167167684358853
13:11:08,2169,8.167167684358853
13:11:09,2169,8.167167684358853
13:11:10,2169,8.167167684358853
13:11:11,2169,8.165156494522693
13:11:12,2170,8.165156494522693
13:11:13,2170,8.163194118567183
13:11:14,2170,8.163194118567183
13:11:15,2170,8.163194118567183
13:11:16,2170,8.163194118567183
13:11:17,2170,8.160467479674796
13:11:18,2170,8.160467479674796
13:11:19,2170,8.162025316455695
13:11:20,2170,8.162025316455695
13:11:21,2170,8.162025316455695
13:11:22,2170,8.162025316455695
13:11:23,2170,8.162025316455695
13:11:24,2171,8.162025316455695
13:11:25,2171,8.162025316455695
13:11:26,2171,8.162025316455695
13:11:27,2171,8.16069197125898
13:11:28,2172,8.157728337236534
13:11:29,2172,8.157728337236534
13:11:30,2172,8.157728337236534
13:11:31,2172,8.157728337236534
13:11:32,2172,8.157728337236534
13:11:33,2172,8.157728337236534
13:11:34,2172,8.157728337236534
13:11:35,2172,8.15770911360799
13:11:36,2172,8.15487443456559
13:11:37,2173,8.15487443456559
13:11:38,2173,8.15487443456559
13:11:39,2173,8.152034611786716
13:11:40,2173,8.152034611786716
13:11:41,2173,8.152034611786716
13:11:42,2173,8.152034611786716
13:11:43,2173,8.150592177029765
13:11:44,2173,8.150592177029765
13:11:45,2173,8.150592177029765
13:11:46,2174,8.150592177029765
13:11:47,2174,8.150592177029765
13:11:48,2174,8.150592177029765
13:11:49,2174,8.150592177029765
13:11:50,2174,8.150592177029765
13:11:51,2174,8.150592177029765
13:11:52,2174,8.150592177029765
13:11:53,2174,8.150592177029765
13:11:54,2174,8.150592177029765
13:11:55,2174,8.150592177029765
13:11:56,2174,8.149470404984424
13:11:57,2174,8.149470404984424
13:11:58,2174,8.149470404984424
13:11:59,2174,8.149470404984424
13:12:00,2174,8.149470404984424
13:12:01,2174,8.14771913436089
13:12:02,2174,8.14771913436089
13:12:03,2174,8.146716464363523
13:12:04,2174,8.146716464363523
13:12:05,2174,8.146716464363523
13:12:06,2174,8.146716464363523
13:12:07,2174,8.146716464363523
13:12:08,2174,8.146716464363523
13:12:09,2174,8.146716464363523
13:12:10,2174,8.146716464363523
13:12:11,2174,8.148366775548297
13:12:12,2175,8.148366775548297
13:12:13,2175,8.148366775548297
13:12:14,2175,8.148366775548297
13:12:15,2176,8.148366775548297
13:12:16,2176,8.148366775548297
13:12:17,2176,8.148366775548297
13:12:18,2176,8.148366775548297
13:12:19,2177,8.145662313432835
13:12:20,2177,8.145662313432835
13:12:21,2178,8.145662313432835
13:12:22,2179,8.145662313432835
13:12:23,2179,8.145662313432835
13:12:24,2179,8.145662313432835
13:12:25,2179,8.145104895104895
13:12:26,2179,8.145104895104895
13:12:27,2180,8.145104895104895
13:12:28,2181,8.145104895104895
13:12:29,2181,8.142280211245728
13:12:30,2181,8.139458158671014
13:12:31,2181,8.139458158671014
13:12:32,2181,8.139458158671014
13:12:33,2181,8.139458158671014
13:12:34,2181,8.139458158671014
13:12:35,2181,8.138213842333954
13:12:36,2181,8.138213842333954
13:12:37,2181,8.1355126415387
13:12:38,2181,8.1355126415387
13:12:39,2181,8.1355126415387
13:12:40,2181,8.1355126415387
13:12:41,2181,8.1355126415387
13:12:42,2181,8.1355126415387
13:12:43,2181,8.132829457364341
13:12:44,2181,8.132829457364341
13:12:45,2181,8.131775918177592
13:12:46,2181,8.131775918177592
13:12:47,2181,8.131775918177592
13:12:48,2181,8.129228624535317
13:12:49,2182,8.129228624535317
13:12:50,2182,8.129228624535317
13:12:51,2182,8.129228624535317
13:12:52,2182,8.129228624535317
13:12:53,2182,8.129228624535317
13:12:54,2182,8.129228624535317
13:12:55,2182,8.129228624535317
13:12:56,2182,8.129228624535317
13:12:57,2182,8.129228624535317
13:12:58,2182,8.129228624535317
13:12:59,2182,8.129228624535317
13:13:00,2182,8.129228624535317
13:13:01,2183,8.131088403777675
13:13:02,2183,8.131088403777675
13:13:03,2183,8.128164654905602
13:13:04,2183,8.128164654905602
13:13:05,2183,8.128164654905602
13:13:06,2183,8.128164654905602
13:13:07,2184,8.128164654905602
13:13:08,2184,8.128164654905602
13:13:09,2184,8.126952822892498
13:13:10,2185,8.126952822892498
13:13:11,2186,8.126952822892498
13:13:12,2187,8.126952822892498
13:13:13,2188,8.126952822892498
13:13:14,2188,8.126952822892498
13:13:15,2188,8.126952822892498
13:13:16,2189,8.126952822892498
13:13:17,2190,8.126952822892498
13:13:18,2190,8.124025974025974
13:13:19,2190,8.121341369185597
13:13:20,2190,8.121341369185597
13:13:21,2190,8.121341369185597
13:13:22,2192,8.121341369185597
13:13:23,2193,8.121341369185597
13:13:24,2193,8.121341369185597
13:13:25,2194,8.121341369185597
13:13:26,2194,8.1187828236021
13:13:27,2196,8.1187828236021
13:13:28,2198,8.1187828236021
13:13:29,2198,8.1187828236021
13:13:30,2199,8.115987339817817
13:13:31,2200,8.115987339817817
13:13:32,2200,8.115987339817817
13:13:33,2200,8.115987339817817
13:13:34,2200,8.115987339817817
13:13:35,2203,8.115987339817817
13:13:36,2203,8.115038580246914
13:13:37,2203,8.115038580246914
13:13:38,2204,8.115038580246914
13:13:39,2205,8.115038580246914
13:13:40,2205,8.115038580246914
13:13:41,2205,8.115038580246914
13:13:42,2205,8.112239703840816
13:13:43,2206,8.112239703840816
13:13:44,2207,8.112239703840816
13:13:45,2207,8.112239703840816
13:13:46,2207,8.112239703840816
13:13:47,2208,8.112239703840816
13:13:48,2208,8.112239703840816
13:13:49,2209,8.112239703840816
13:13:50,2209,8.112239703840816
13:13:51,2209,8.112239703840816
13:13:52,2210,8.114469626888683
13:13:53,2210,8.111689012174448
13:13:54,2211,8.111689012174448
13:13:55,2211,8.111689012174448
13:13:56,2211,8.111689012174448
13:13:57,2211,8.111689012174448
13:13:58,2212,8.111689012174448
13:13:59,2212,8.111689012174448
13:14:00,2213,8.111689012174448
13:14:01,2214,8.111689012174448
13:14:02,2214,8.111689012174448
13:14:03,2214,8.111689012174448
13:14:04,2214,8.111689012174448
13:14:05,2215,8.111689012174448
13:14:06,2215,8.111689012174448
13:14:07,2215,8.111689012174448
13:14:08,2215,8.111689012174448
13:14:09,2216,8.114048059149722
13:14:10,2216,8.114048059149722
13:14:11,2216,8.112363356428022
13:14:12,2216,8.112363356428022
13:14:13,2216,8.112363356428022
13:14:14,2216,8.112363356428022
13:14:15,2216,8.112363356428022
13:14:16,2217,8.112363356428022
13:14:17,2217,8.112363356428022
13:14:18,2217,8.112363356428022
13:14:19,2217,8.112363356428022
13:14:20,2217,8.112363356428022
13:14:21,2217,8.109579870729455
13:14:22,2217,8.109579870729455
13:14:23,2217,8.109579870729455
13:14:24,2218,8.109579870729455
13:14:25,2219,8.108337178895555
13:14:26,2219,8.108337178895555
13:14:27,2219,8.108337178895555
13:14:28,2219,8.108337178895555
13:14:29,2220,8.108337178895555
13:14:30,2220,8.108337178895555
13:14:31,2220,8.10554274292743
13:14:32,2220,8.10554274292743
13:14:33,2220,8.10554274292743
13:14:34,2220,8.10554274292743
13:14:35,2220,8.10554274292743
13:14:36,2221,8.10554274292743
13:14:37,2221,8.10554274292743
13:14:38,2221,8.10554274292743
13:14:39,2221,8.10554274292743
13:14:40,2221,8.102650991240203
13:14:41,2221,8.102650991240203
13:14:42,2221,8.10000768049155
13:14:43,2221,8.10000768049155
13:14:44,2221,8.102065100568094
13:14:45,2221,8.102065100568094
13:14:46,2221,8.102065100568094
13:14:47,2221,8.102065100568094
13:14:48,2221,8.102065100568094
13:14:49,2221,8.102065100568094
13:14:50,2221,8.102065100568094
13:14:51,2221,8.102065100568094
13:14:52,2222,8.102065100568094
13:14:53,2222,8.102065100568094
13:14:54,2222,8.102065100568094
13:14:55,2223,8.102065100568094
13:14:56,2224,8.102065100568094
13:14:57,2224,8.099524248004911
13:14:58,2224,8.099524248004911
13:14:59,2226,8.099524248004911
13:15:00,2227,8.09767602393005
13:15:01,2227,8.094794541551671
13:15:02,2228,8.094794541551671
13:15:03,2230,8.094794541551671
13:15:04,2230,8.094794541551671
13:15:05,2230,8.092268199233716
13:15:06,2230,8.092268199233716
13:15:07,2230,8.092268199233716
13:15:08,2230,8.092268199233716
13:15:09,2230,8.092268199233716
13:15:10,2232,8.092268199233716
13:15:11,2232,8.092268199233716
13:15:12,2232,8.092268199233716
13:15:13,2232,8.092268199233716
13:15:14,2232,8.092268199233716
13:15:15,2233,8.092268199233716
13:15:16,2233,8.092268199233716
13:15:17,2233,8.090801164215685
13:15:18,2234,8.090801164215685
13:15:19,2234,8.090801164215685
13:15:20,2234,8.088056959118052
13:15:21,2234,8.088056959118052
13:15:22,2234,8.083149762888175
13:15:23,2235,8.083149762888175
13:15:24,2235,8.083149762888175
13:15:25,2235,8.083149762888175
13:15:26,2237,8.083149762888175
13:15:27,2237,8.080389908256882
13:15:28,2237,8.077640226195934
13:15:29,2237,8.077640226195934
13:15:30,2239,8.077640226195934
13:15:31,2239,8.074908340971586
13:15:32,2239,8.074908340971586
13:15:33,2239,8.074908340971586
13:15:34,2240,8.07204916781188
13:15:35,2240,8.07204916781188
13:15:36,2240,8.07204916781188
13:15:37,2241,8.07204916781188
13:15:38,2241,8.07204916781188
13:15:39,2241,8.07204916781188
13:15:40,2242,8.07204916781188
13:15:41,2242,8.07204916781188
13:15:42,2242,8.069291819291818
13:15:43,2243,8.069291819291818
13:15:44,2243,8.069291819291818
13:15:45,2243,8.069291819291818
13:15:46,2244,8.069291819291818
13:15:47,2244,8.07160945842868
13:15:48,2244,8.07160945842868
13:15:49,2245,8.068992070753279
13:15:50,2245,8.066377076665143
13:15:51,2246,8.066377076665143
13:15:52,2246,8.066377076665143
13:15:53,2246,8.063764472882388
13:15:54,2247,8.063764472882388
13:15:55,2247,8.063764472882388
13:15:56,2247,8.063764472882388
13:15:57,2249,8.063764472882388
13:15:58,2249,8.063764472882388
13:15:59,2249,8.063764472882388
13:16:00,2249,8.063764472882388
13:16:01,2249,8.063764472882388
13:16:02,2249,8.063764472882388
13:16:03,2249,8.063764472882388
13:16:04,2249,8.063764472882388
13:16:05,2249,8.063764472882388
13:16:06,2249,8.063764472882388
13:16:07,2249,8.063764472882388
13:16:08,2249,8.063764472882388
13:16:09,2249,8.061458809197502
13:16:10,2249,8.061458809197502
13:16:11,2249,8.061458809197502
13:16:12,2249,8.061458809197502
13:16:13,2250,8.058972602739725
13:16:14,2250,8.058972602739725
13:16:15,2250,8.058972602739725
13:16:16,2250,8.058972602739725
13:16:17,2250,8.056488665753841
13:16:18,2250,8.056488665753841
13:16:19,2250,8.056488665753841
13:16:20,2250,8.054615267639901
13:16:21,2250,8.054615267639901
13:16:22,2250,8.054615267639901
13:16:23,2250,8.054615267639901
13:16:24,2250,8.054615267639901
13:16:25,2251,8.054615267639901
13:16:26,2251,8.052378780969752
13:16:27,2251,8.052378780969752
13:16:28,2251,8.052378780969752
13:16:29,2251,8.052378780969752
13:16:30,2251,8.052378780969752
13:16:31,2251,8.052378780969752
13:16:32,2252,8.052378780969752
13:16:33,2252,8.052378780969752
13:16:34,2252,8.052378780969752
13:16:35,2252,8.052378780969752
13:16:36,2252,8.054823761774536
13:16:37,2252,8.052217160212605
13:16:38,2252,8.052217160212605
13:16:39,2252,8.049870977534912
13:16:40,2252,8.047640722196935
13:16:41,2252,8.047640722196935
13:16:42,2252,8.047640722196935
13:16:43,2252,8.047640722196935
13:16:44,2252,8.047640722196935
13:16:45,2252,8.047640722196935
13:16:46,2252,8.047640722196935
13:16:47,2252,8.047640722196935
13:16:48,2252,8.047640722196935
13:16:49,2252,8.047640722196935
13:16:50,2253,8.047640722196935
13:16:51,2253,8.047640722196935
13:16:52,2254,8.047640722196935
13:16:53,2255,8.047640722196935
13:16:54,2255,8.047640722196935
13:16:55,2255,8.047640722196935
13:16:56,2255,8.047640722196935
13:16:57,2255,8.047640722196935
13:16:58,2255,8.047640722196935
13:16:59,2255,8.045518653321201
13:17:00,2256,8.045518653321201
13:17:01,2256,8.043489464908292
13:17:02,2256,8.043489464908292
13:17:03,2256,8.043489464908292
13:17:04,2256,8.041318181818182
13:17:05,2257,8.03861123731637
13:17:06,2257,8.03861123731637
13:17:07,2257,8.036429003935815
13:17:08,2258,8.031473079249848
13:17:09,2258,8.031473079249848
13:17:10,2259,8.031473079249848
13:17:11,2259,8.031473079249848
13:17:12,2259,8.029599395313681
13:17:13,2259,8.029599395313681
13:17:14,2260,8.029599395313681
13:17:15,2261,8.029599395313681
13:17:16,2261,8.029599395313681
13:17:17,2261,8.029599395313681
13:17:18,2262,8.02746297975219
13:17:19,2262,8.02746297975219
13:17:20,2262,8.025139706992901
13:17:21,2263,8.025139706992901
13:17:22,2263,8.022546799516908
13:17:23,2264,8.019760072430964
13:17:24,2264,8.019760072430964
13:17:25,2265,8.019760072430964
13:17:26,2266,8.020874811463047
13:17:27,2266,8.020874811463047
13:17:28,2266,8.020874811463047
13:17:29,2266,8.018423036333484
13:17:30,2266,8.018423036333484
13:17:31,2266,8.018423036333484
13:17:32,2267,8.018423036333484
13:17:33,2267,8.018423036333484
13:17:34,2267,8.018423036333484
13:17:35,2268,8.01634267631103
13:17:36,2268,8.01634267631103
13:17:37,2268,8.01634267631103
13:17:38,2268,8.01634267631103
13:17:39,2268,8.01634267631103
13:17:40,2268,8.01634267631103
13:17:41,2269,8.01634267631103
13:17:42,2269,8.01634267631103
13:17:43,2269,8.01634267631103
13:17:44,2270,8.01634267631103
13:17:45,2270,8.01634267631103
13:17:46,2270,8.01634267631103
13:17:47,2270,8.01634267631103
13:17:48,2270,8.01634267631103
13:17:49,2270,8.012119843420656
13:17:50,2270,8.012119843420656
13:17:51,2270,8.012119843420656
13:17:52,2270,8.009443190368698
13:17:53,2270,8.009443190368698
13:17:54,2270,8.009443190368698
13:17:55,2270,8.009443190368698
13:17:56,2270,8.009443190368698
13:17:57,2270,8.009443190368698
13:17:58,2270,8.009443190368698
13:17:59,2270,8.009443190368698
13:18:00,2270,8.009443190368698
13:18:01,2270,8.009443190368698
13:18:02,2270,8.00701714801444
13:18:03,2270,8.00701714801444
13:18:04,2270,8.00701714801444
13:18:05,2270,8.00701714801444
13:18:06,2271,8.00701714801444
13:18:07,2271,8.00701714801444
13:18:08,2271,8.005254848894904
13:18:09,2271,8.003471596032462
13:18:10,2271,8.003471596032462
13:18:11,2271,8.001036502929248
13:18:12,2271,7.998731231231232
13:18:13,2271,7.99660063034669
13:18:14,2272,7.99660063034669
13:18:15,2272,7.995651521967312
13:18:16,2272,7.995651521967312
13:18:17,2272,7.995651521967312
13:18:18,2272,7.994229616306955
13:18:19,2273,7.994229616306955
13:18:20,2273,7.994229616306955
13:18:21,2274,7.991940074906367
13:18:22,2274,7.991940074906367
13:18:23,2274,7.991940074906367
13:18:24,2275,7.991940074906367
13:18:25,2275,7.990146750524109
13:18:26,2275,7.990146750524109
13:18:27,2275,7.990146750524109
13:18:28,2275,7.990146750524109
13:18:29,2276,7.990146750524109
13:18:30,2276,7.990146750524109
13:18:31,2276,7.987808711270768
13:18:32,2277,7.987808711270768
13:18:33,2277,7.987808711270768
13:18:34,2277,7.987808711270768
13:18:35,2277,7.987808711270768
13:18:36,2277,7.987808711270768
13:18:37,2277,7.987808711270768
13:18:38,2277,7.987808711270768
13:18:39,2279,7.987808711270768
13:18:40,2280,7.987808711270768
13:18:41,2281,7.985846798324357
13:18:42,2281,7.985846798324357
13:18:43,2282,7.985846798324357
13:18:44,2282,7.985846798324357
13:18:45,2283,7.985846798324357
13:18:46,2283,7.985846798324357
13:18:47,2283,7.983729624644834
13:18:48,2283,7.983729624644834
13:18:49,2284,7.983729624644834
13:18:50,2284,7.983729624644834
13:18:51,2284,7.981442451420031
13:18:52,2284,7.981442451420031
13:18:53,2285,7.981442451420031
13:18:54,2285,7.97906021216196
13:18:55,2285,7.97906021216196
13:18:56,2286,7.97906021216196
13:18:57,2286,7.97906021216196
13:18:58,2286,7.97906021216196
13:18:59,2287,7.977262544802867
13:19:00,2287,7.977262544802867
13:19:01,2287,7.975100761307658
13:19:02,2287,7.975100761307658
13:19:03,2288,7.973142345568487
13:19:04,2288,7.972020879940343
13:19:05,2288,7.972020879940343
13:19:06,2290,7.969983601669648
13:19:07,2290,7.971576516167486
13:19:08,2290,7.971576516167486
13:19:09,2291,7.971576516167486
13:19:10,2292,7.971576516167486
13:19:11,2292,7.971576516167486
13:19:12,2292,7.971576516167486
13:19:13,2292,7.971576516167486
13:19:14,2292,7.971576516167486
13:19:15,2292,7.971576516167486
13:19:16,2292,7.971576516167486
13:19:17,2292,7.968833780160859
13:19:18,2292,7.968833780160859
13:19:19,2292,7.968833780160859
13:19:20,2292,7.968833780160859
13:19:21,2292,7.968833780160859
13:19:22,2292,7.968833780160859
13:19:23,2292,7.968833780160859
13:19:24,2292,7.968833780160859
13:19:25,2293,7.968833780160859
13:19:26,2294,7.968833780160859
13:19:27,2294,7.96726217061188
13:19:28,2294,7.96726217061188
13:19:29,2295,7.96726217061188
13:19:30,2295,7.96726217061188
13:19:31,2295,7.96726217061188
13:19:32,2296,7.96726217061188
13:19:33,2296,7.96726217061188
13:19:34,2296,7.965662202380953
13:19:35,2296,7.965662202380953
13:19:36,2297,7.965662202380953
13:19:37,2297,7.965662202380953
13:19:38,2298,7.965662202380953
13:19:39,2298,7.965662202380953
13:19:40,2298,7.965662202380953
13:19:41,2298,7.963505875353265
13:19:42,2298,7.963505875353265
13:19:43,2298,7.963505875353265
13:19:44,2298,7.963505875353265
13:19:45,2298,7.963505875353265
13:19:46,2298,7.963505875353265
13:19:47,2298,7.961239964317573
13:19:48,2298,7.961239964317573
13:19:49,2298,7.961239964317573
13:19:50,2298,7.961239964317573
13:19:51,2298,7.961239964317573
13:19:52,2298,7.961239964317573
13:19:53,2298,7.959496210432457
13:19:54,2299,7.959496210432457
13:19:55,2300,7.959496210432457
13:19:56,2300,7.957865418894831
13:19:57,2300,7.957865418894831
13:19:58,2300,7.957865418894831
13:19:59,2301,7.957342242019303
13:20:00,2301,7.955201840308697
13:20:01,2301,7.953775404242694
13:20:02,2301,7.953775404242694
13:20:03,2301,7.953775404242694
13:20:04,2301,7.95185349940688
13:20:05,2301,7.95185349940688
13:20:06,2302,7.95185349940688
13:20:07,2303,7.95185349940688
13:20:08,2303,7.949592411442123
13:20:09,2303,7.949592411442123
13:20:10,2303,7.949592411442123
13:20:11,2303,7.946977777777778
13:20:12,2303,7.946977777777778
13:20:13,2303,7.946977777777778
13:20:14,2303,7.946977777777778
13:20:15,2303,7.94484673478454
13:20:16,2303,7.94484673478454
13:20:17,2304,7.94484673478454
13:20:18,2304,7.94484673478454
13:20:19,2304,7.94484673478454
13:20:20,2304,7.94484673478454
13:20:21,2304,7.9426657785672
13:20:22,2305,7.9426657785672
13:20:23,2305,7.940531143660305
13:20:24,2305,7.940531143660305
13:20:25,2307,7.940531143660305
13:20:26,2307,7.940531143660305
13:20:27,2308,7.940531143660305
13:20:28,2308,7.940531143660305
13:20:29,2309,7.940531143660305
13:20:30,2310,7.940232179828453
13:20:31,2311,7.940232179828453
13:20:32,2312,7.940232179828453
13:20:33,2313,7.940232179828453
13:20:34,2313,7.940232179828453
13:20:35,2314,7.938218773096822
13:20:36,2314,7.935741725768322
13:20:37,2314,7.935741725768322
13:20:38,2314,7.935741725768322
13:20:39,2317,7.935741725768322
13:20:40,2317,7.933259488997194
13:20:41,2317,7.933259488997194
13:20:42,2318,7.933259488997194
13:20:43,2320,7.933259488997194
13:20:44,2320,7.931222320637732
13:20:45,2321,7.931222320637732
13:20:46,2321,7.931222320637732
13:20:47,2322,7.929865722296001
13:20:48,2323,7.928089970501475
13:20:49,2323,7.928089970501475
13:20:50,2324,7.928089970501475
13:20:51,2325,7.9260430487984666
13:20:52,2325,7.9260430487984666
13:20:53,2325,7.9260430487984666
13:20:54,2327,7.9260430487984666
13:20:55,2327,7.9260430487984666
13:20:56,2328,7.9260430487984666
13:20:57,2329,7.9260430487984666
13:20:58,2329,7.9260430487984666
13:20:59,2330,7.923342175066312
13:21:00,2331,7.923342175066312
13:21:01,2331,7.921350714390926
13:21:02,2331,7.918889870435807
13:21:03,2333,7.918889870435807
13:21:04,2334,7.916438557763061
13:21:05,2334,7.916438557763061
13:21:06,2336,7.916438557763061
13:21:07,2336,7.914452780229479
13:21:08,2336,7.914452780229479
13:21:09,2338,7.914452780229479
13:21:10,2338,7.914452780229479
13:21:11,2339,7.914452780229479
13:21:12,2341,7.914452780229479
13:21:13,2341,7.914452780229479
13:21:14,2341,7.9121673283340686
13:21:15,2342,7.9121673283340686
13:21:16,2343,7.9121673283340686
13:21:17,2343,7.9121673283340686
13:21:18,2344,7.9121673283340686
13:21:19,2345,7.9121673283340686
13:21:20,2345,7.9121673283340686
13:21:21,2345,7.9121673283340686
13:21:22,2347,7.912154614932392
13:21:23,2348,7.912154614932392
13:21:24,2349,7.912154614932392
13:21:25,2349,7.912154614932392
13:21:26,2350,7.912154614932392
13:21:27,2350,7.909695901278096
13:21:28,2350,7.909695901278096
13:21:29,2350,7.907584434654919
13:21:30,2352,7.907584434654919
13:21:31,2352,7.907584434654919
13:21:32,2352,7.907584434654919
13:21:33,2352,7.9053720827829155
13:21:34,2352,7.9053720827829155
13:21:35,2352,7.9053720827829155
13:21:36,2352,7.9053720827829155
13:21:37,2353,7.9053720827829155
13:21:38,2355,7.9053720827829155
13:21:39,2355,7.9053720827829155
13:21:40,2355,7.9053720827829155
13:21:41,2355,7.903271713615024
13:21:42,2355,7.903271713615024
13:21:43,2355,7.903271713615024
13:21:44,2356,7.903271713615024
13:21:45,2356,7.903271713615024
13:21:46,2356,7.901884440533803
13:21:47,2356,7.901884440533803
13:21:48,2357,7.901884440533803
13:21:49,2358,7.901884440533803
13:21:50,2358,7.8996775139255355
13:21:51,2358,7.8996775139255355
13:21:52,2358,7.8996775139255355
13:21:53,2359,7.8975897435897435
13:21:54,2359,7.8975897435897435
13:21:55,2360,7.8975897435897435
13:21:56,2361,7.895664909197422
13:21:57,2362,7.895664909197422
13:21:58,2363,7.893229395403308
13:21:59,2363,7.893229395403308
13:22:00,2363,7.893229395403308
13:22:01,2363,7.890803336259877
13:22:02,2363,7.886732456140351
13:22:03,2363,7.886732456140351
13:22:04,2363,7.886732456140351
13:22:05,2363,7.886732456140351
13:22:06,2363,7.886732456140351
13:22:07,2363,7.886732456140351
13:22:08,2363,7.886732456140351
13:22:09,2363,7.886732456140351
13:22:10,2363,7.886928247844512
13:22:11,2363,7.886928247844512
13:22:12,2363,7.886928247844512
13:22:13,2363,7.886928247844512
13:22:14,2364,7.886928247844512
13:22:15,2365,7.886928247844512
13:22:16,2365,7.886928247844512
13:22:17,2365,7.886928247844512
13:22:18,2365,7.886928247844512
13:22:19,2366,7.886928247844512
13:22:20,2366,7.886928247844512
13:22:21,2366,7.886928247844512
13:22:22,2366,7.884947414548642
13:22:23,2366,7.884947414548642
13:22:24,2366,7.884947414548642
13:22:25,2366,7.882420791356403
13:22:26,2366,7.879983946293053
13:22:27,2366,7.879983946293053
13:22:28,2366,7.877972283005106
13:22:29,2366,7.877972283005106
13:22:30,2366,7.877972283005106
13:22:31,2366,7.877972283005106
13:22:32,2366,7.875670749489647
13:22:33,2366,7.875670749489647
13:22:34,2367,7.875670749489647
13:22:35,2368,7.875670749489647
13:22:36,2368,7.875670749489647
13:22:37,2368,7.874617402710975
13:22:38,2368,7.874617402710975
13:22:39,2369,7.874617402710975
13:22:40,2369,7.874617402710975
13:22:41,2369,7.872086247086247
13:22:42,2369,7.872086247086247
13:22:43,2369,7.872086247086247
13:22:44,2369,7.872086247086247
13:22:45,2369,7.8696592398427265
13:22:46,2369,7.8696592398427265
13:22:47,2369,7.8696592398427265
13:22:48,2369,7.8696592398427265
13:22:49,2369,7.8696592398427265
13:22:50,2369,7.867489082969432
13:22:51,2369,7.867489082969432
13:22:52,2369,7.867489082969432
13:22:53,2369,7.867489082969432
13:22:54,2370,7.867489082969432
13:22:55,2370,7.867489082969432
13:22:56,2370,7.867489082969432
13:22:57,2370,7.867489082969432
13:22:58,2370,7.865888258402444
13:22:59,2370,7.864282599215002
13:23:00,2370,7.864282599215002
13:23:01,2370,7.864282599215002
13:23:02,2370,7.859869281045751
13:23:03,2370,7.859869281045751
13:23:04,2371,7.857723577235772
13:23:05,2371,7.857723577235772
13:23:06,2371,7.857723577235772
13:23:07,2373,7.857723577235772
13:23:08,2373,7.857723577235772
13:23:09,2373,7.857723577235772
13:23:10,2375,7.857723577235772
13:23:11,2375,7.857723577235772
13:23:12,2375,7.857723577235772
13:23:13,2376,7.857723577235772
13:23:14,2376,7.857723577235772
13:23:15,2376,7.855427369032071
13:23:16,2376,7.855427369032071
13:23:17,2377,7.855427369032071
13:23:18,2377,7.852915578764143
13:23:19,2377,7.852915578764143
13:23:20,2377,7.852915578764143
13:23:21,2377,7.852915578764143
13:23:22,2377,7.850739451935624
13:23:23,2377,7.850739451935624
13:23:24,2377,7.848572463768116
13:23:25,2377,7.848572463768116
13:23:26,2377,7.848572463768116
13:23:27,2377,7.8476387078081995
13:23:28,2377,7.8476387078081995
13:23:29,2377,7.8476387078081995
13:23:30,2378,7.8476387078081995
13:23:31,2378,7.8476387078081995
13:23:32,2378,7.8476387078081995
13:23:33,2378,7.8476387078081995
13:23:34,2379,7.847871416159861
13:23:35,2379,7.845730206976408
13:23:36,2379,7.845730206976408
13:23:37,2379,7.845730206976408
13:23:38,2380,7.845730206976408
13:23:39,2380,7.845730206976408
13:23:40,2380,7.845730206976408
13:23:41,2380,7.845730206976408
13:23:42,2380,7.843641493055555
13:23:43,2381,7.843641493055555
13:23:44,2381,7.841612436731742
13:23:45,2381,7.841612436731742
13:23:46,2382,7.841612436731742
13:23:47,2382,7.841612436731742
13:23:48,2383,7.841612436731742
13:23:49,2383,7.841612436731742
13:23:50,2384,7.84025729979763
13:23:51,2384,7.84025729979763
13:23:52,2384,7.838368732842074
13:23:53,2384,7.838368732842074
13:23:54,2385,7.838368732842074
13:23:55,2385,7.838368732842074
13:23:56,2385,7.838368732842074
13:23:57,2386,7.838368732842074
13:23:58,2386,7.838368732842074
13:23:59,2387,7.838368732842074
13:24:00,2387,7.838368732842074
13:24:01,2388,7.838368732842074
13:24:02,2388,7.838368732842074
13:24:03,2388,7.838368732842074
13:24:04,2389,7.838368732842074
13:24:05,2389,7.835983535528596
13:24:06,2389,7.835983535528596
13:24:07,2390,7.834610942688032
13:24:08,2391,7.832698412698412
13:24:09,2391,7.832698412698412
13:24:10,2392,7.832698412698412
13:24:11,2393,7.830801961632771
13:24:12,2393,7.830801961632771
13:24:13,2393,7.830801961632771
13:24:14,2393,7.830801961632771
13:24:15,2393,7.830801961632771
13:24:16,2393,7.830801961632771
13:24:17,2394,7.830801961632771
13:24:18,2394,7.829779411764706
13:24:19,2395,7.827849834270068
13:24:20,2395,7.826101987899741
13:24:21,2396,7.826101987899741
13:24:22,2396,7.826101987899741
13:24:23,2396,7.826101987899741
13:24:24,2396,7.824568221070812
13:24:25,2396,7.824568221070812
13:24:26,2397,7.824568221070812
13:24:27,2398,7.822766508416055
13:24:28,2398,7.822766508416055
13:24:29,2398,7.822766508416055
13:24:30,2399,7.822766508416055
13:24:31,2399,7.822766508416055
13:24:32,2399,7.822766508416055
13:24:33,2400,7.822766508416055
13:24:34,2400,7.822766508416055
13:24:35,2400,7.822766508416055
13:24:36,2400,7.822766508416055
13:24:37,2401,7.822766508416055
13:24:38,2401,7.822766508416055
13:24:39,2402,7.822766508416055
13:24:40,2403,7.822766508416055
13:24:41,2403,7.8209951107276385
13:24:42,2403,7.819433663935604
13:24:43,2404,7.819433663935604
13:24:44,2404,7.819433663935604
13:24:45,2404,7.817514367816091
13:24:46,2404,7.815848053999713
13:24:47,2405,7.814082687338501
13:24:48,2406,7.814082687338501
13:24:49,2406,7.814082687338501
13:24:50,2406,7.814082687338501
13:24:51,2407,7.814082687338501
13:24:52,2408,7.814082687338501
13:24:53,2408,7.814082687338501
13:24:54,2408,7.8123475391017365
13:24:55,2409,7.8123475391017365
13:24:56,2409,7.8123475391017365
13:24:57,2409,7.810786001147447
13:24:58,2410,7.810786001147447
13:24:59,2410,7.810786001147447
13:25:00,2411,7.810786001147447
13:25:01,2411,7.810786001147447
13:25:02,2411,7.808774193548387
13:25:03,2411,7.807151046145027
13:25:04,2411,7.807151046145027
13:25:05,2412,7.805135367425871
13:25:06,2412,7.805135367425871
13:25:07,2412,7.805135367425871
13:25:08,2412,7.805135367425871
13:25:09,2412,7.805135367425871
13:25:10,2412,7.805135367425871
13:25:11,2412,7.805135367425871
13:25:12,2412,7.805135367425871
13:25:13,2412,7.803558132875143
13:25:14,2412,7.803558132875143
13:25:15,2413,7.803558132875143
13:25:16,2413,7.803558132875143
13:25:17,2413,7.803558132875143
13:25:18,2414,7.801874910548161
13:25:19,2415,7.800436337625178
13:25:20,2415,7.800436337625178
13:25:21,2415,7.7997854997855
13:25:22,2415,7.7997854997855
13:25:23,2415,7.798206117781589
13:25:24,2416,7.798206117781589
13:25:25,2416,7.798206117781589
13:25:26,2416,7.798206117781589
13:25:27,2416,7.798206117781589
13:25:28,2416,7.79672810401486
13:25:29,2416,7.79672810401486
13:25:30,2416,7.79672810401486
13:25:31,2416,7.796879463010568
13:25:32,2416,7.793871289954338
13:25:33,2416,7.793871289954338
13:25:34,2416,7.793871289954338
13:25:35,2416,7.7924261874197684
13:25:36,2416,7.790640148274878
13:25:37,2418,7.790640148274878
13:25:38,2418,7.790640148274878
13:25:39,2419,7.790640148274878
13:25:40,2419,7.790640148274878
13:25:41,2420,7.790640148274878
13:25:42,2420,7.790640148274878
13:25:43,2421,7.790640148274878
13:25:44,2421,7.790640148274878
13:25:45,2421,7.789119281744335
13:25:46,2422,7.789119281744335
13:25:47,2422,7.789119281744335
13:25:48,2423,7.789119281744335
13:25:49,2423,7.789119281744335
13:25:50,2423,7.789119281744335
13:25:51,2423,7.7876709401709405
13:25:52,2423,7.7876709401709405
13:25:53,2423,7.785227110921259
13:25:54,2423,7.785227110921259
13:25:55,2423,7.785227110921259
13:25:56,2423,7.785227110921259
13:25:57,2423,7.785227110921259
13:25:58,2423,7.7838528323370335
13:25:59,2423,7.7838528323370335
13:26:00,2424,7.7838528323370335
13:26:01,2424,7.7838528323370335
13:26:02,2424,7.7838528323370335
13:26:03,2424,7.782330345710628
13:26:04,2424,7.782693401592719
13:26:05,2425,7.782693401592719
13:26:06,2425,7.782693401592719
13:26:07,2425,7.781279317697228
13:26:08,2426,7.780122193805058
13:26:09,2426,7.780122193805058
13:26:10,2426,7.780122193805058
13:26:11,2426,7.780122193805058
13:26:12,2427,7.779661979832411
13:26:13,2427,7.779661979832411
13:26:14,2427,7.779661979832411
13:26:15,2427,7.779661979832411
13:26:16,2428,7.779661979832411
13:26:17,2428,7.779661979832411
13:26:18,2428,7.779661979832411
13:26:19,2429,7.779661979832411
13:26:20,2429,7.779661979832411
13:26:21,2429,7.779661979832411
13:26:22,2429,7.779661979832411
13:26:23,2430,7.779661979832411
13:26:24,2430,7.779661979832411
13:26:25,2430,7.779661979832411
13:26:26,2431,7.779661979832411
13:26:27,2431,7.778321976149915
13:26:28,2431,7.778321976149915
13:26:29,2431,7.778321976149915
13:26:30,2431,7.778321976149915
13:26:31,2431,7.778321976149915
13:26:32,2431,7.778321976149915
13:26:33,2432,7.778321976149915
13:26:34,2433,7.776401305520079
13:26:35,2433,7.776401305520079
13:26:36,2433,7.774212765957446
13:26:37,2433,7.774212765957446
13:26:38,2433,7.774212765957446
13:26:39,2433,7.774212765957446
13:26:40,2433,7.774212765957446
13:26:41,2433,7.7726499361973636
13:26:42,2433,7.7726499361973636
13:26:43,2433,7.7726499361973636
13:26:44,2433,7.7726499361973636
13:26:45,2433,7.7726499361973636
13:26:46,2433,7.7726499361973636
13:26:47,2433,7.7726499361973636
13:26:48,2433,7.770684523809524
13:26:49,2433,7.770684523809524
13:26:50,2434,7.770684523809524
13:26:51,2434,7.770684523809524
13:26:52,2434,7.76947159654342
13:26:53,2434,7.76947159654342
13:26:54,2434,7.76947159654342
13:26:55,2434,7.76947159654342
13:26:56,2434,7.76947159654342
13:26:57,2434,7.76947159654342
13:26:58,2434,7.76947159654342
13:26:59,2434,7.76947159654342
13:27:00,2434,7.76947159654342
13:27:01,2435,7.76947159654342
13:27:02,2435,7.7677070063694265
13:27:03,2435,7.7677070063694265
13:27:04,2435,7.7677070063694265
13:27:05,2436,7.7677070063694265
13:27:06,2436,7.7677070063694265
13:27:07,2436,7.7677070063694265
13:27:08,2436,7.7677070063694265
13:27:09,2437,7.7677070063694265
13:27:10,2437,7.766808149405772
13:27:11,2437,7.766808149405772
13:27:12,2438,7.766808149405772
13:27:13,2438,7.766815160514779
13:27:14,2438,7.766815160514779
13:27:15,2439,7.766815160514779
13:27:16,2439,7.766016398077467
13:27:17,2439,7.764575385050162
13:27:18,2439,7.763686440677967
13:27:19,2440,7.763686440677967
13:27:20,2440,7.763686440677967
13:27:21,2440,7.763686440677967
13:27:22,2440,7.763686440677967
13:27:23,2440,7.763686440677967
13:27:24,2440,7.762431173231681
13:27:25,2440,7.7606548123059556
13:27:26,2440,7.7606548123059556
13:27:27,2440,7.7606548123059556
13:27:28,2441,7.75871067851601
13:27:29,2442,7.75871067851601
13:27:30,2442,7.756895093062606
13:27:31,2442,7.756895093062606
13:27:32,2442,7.755813953488372
13:27:33,2443,7.755813953488372
13:27:34,2443,7.755813953488372
13:27:35,2444,7.755813953488372
13:27:36,2444,7.755813953488372
13:27:37,2444,7.755813953488372
13:27:38,2445,7.753874330797407
13:27:39,2445,7.753874330797407
13:27:40,2445,7.753874330797407
13:27:41,2445,7.753874330797407
13:27:42,2446,7.753874330797407
13:27:43,2446,7.753874330797407
13:27:44,2446,7.753168567807351
13:27:45,2446,7.753168567807351
13:27:46,2446,7.7522170608108105
13:27:47,2446,7.7522170608108105
13:27:48,2446,7.7522170608108105
13:27:49,2446,7.7522170608108105
13:27:50,2446,7.7522170608108105
13:27:51,2446,7.7522170608108105
13:27:52,2446,7.751772899957788
13:27:53,2446,7.751772899957788
13:27:54,2446,7.750534458509142
13:27:55,2446,7.750534458509142
13:27:56,2446,7.750534458509142
13:27:57,2446,7.750534458509142
13:27:58,2446,7.750534458509142
13:27:59,2446,7.750534458509142
13:28:00,2446,7.750442851117672
13:28:01,2446,7.750442851117672
13:28:02,2446,7.750442851117672
13:28:03,2446,7.748285553681844
13:28:04,2446,7.748285553681844
13:28:05,2447,7.748285553681844
13:28:06,2447,7.748285553681844
13:28:07,2447,7.748285553681844
13:28:08,2447,7.748285553681844
13:28:09,2447,7.746734091866836
13:28:10,2447,7.746734091866836
13:28:11,2447,7.746734091866836
13:28:12,2447,7.746734091866836
13:28:13,2447,7.746734091866836
13:28:14,2447,7.746734091866836
13:28:15,2447,7.746734091866836
13:28:16,2448,7.746734091866836
13:28:17,2448,7.746734091866836
13:28:18,2449,7.746734091866836
13:28:19,2449,7.746734091866836
13:28:20,2449,7.745240101095198
13:28:21,2450,7.744175438596491
13:28:22,2450,7.741792929292929
13:28:23,2450,7.741792929292929
13:28:24,2450,7.741792929292929
13:28:25,2450,7.741792929292929
13:28:26,2450,7.741792929292929
13:28:27,2450,7.741792929292929
13:28:28,2450,7.741792929292929
13:28:29,2450,7.741792929292929
13:28:30,2450,7.741792929292929
13:28:31,2450,7.741792929292929
13:28:32,2450,7.7397559949516195
13:28:33,2450,7.738758059994393
13:28:34,2450,7.738758059994393
13:28:35,2450,7.738755779739387
13:28:36,2450,7.738755779739387
13:28:37,2450,7.738755779739387
13:28:38,2450,7.73781512605042
13:28:39,2450,7.73781512605042
13:28:40,2450,7.73652526949461
13:28:41,2450,7.73652526949461
13:28:42,2450,7.73652526949461
13:28:43,2450,7.73652526949461
13:28:44,2450,7.7363909879652955
13:28:45,2450,7.7363909879652955
13:28:46,2450,7.7363909879652955
13:28:47,2450,7.7363909879652955
13:28:48,2450,7.7363909879652955
13:28:49,2450,7.7363909879652955
13:28:50,2450,7.7363909879652955
13:28:51,2450,7.7363909879652955
13:28:52,2450,7.7363909879652955
13:28:53,2451,7.734830046160302
13:28:54,2451,7.734934284116331
13:28:55,2451,7.734934284116331
13:28:56,2451,7.734934284116331
13:28:57,2451,7.734934284116331
13:28:58,2451,7.734934284116331
13:28:59,2451,7.734934284116331
13:29:00,2451,7.734934284116331
13:29:01,2451,7.733717679944095
13:29:02,2451,7.733717679944095
13:29:03,2451,7.733717679944095
13:29:04,2451,7.733717679944095
13:29:05,2451,7.733717679944095
13:29:06,2451,7.733717679944095
13:29:07,2451,7.733717679944095
13:29:08,2451,7.733717679944095
13:29:09,2451,7.733717679944095
13:29:10,2451,7.733717679944095
13:29:11,2451,7.733717679944095
13:29:12,2451,7.733717679944095
13:29:13,2452,7.733717679944095
13:29:14,2452,7.733717679944095
13:29:15,2452,7.733717679944095
13:29:16,2452,7.733717679944095
13:29:17,2453,7.733717679944095
13:29:18,2453,7.733717679944095
13:29:19,2453,7.732292539815591
13:29:20,2454,7.732292539815591
13:29:21,2454,7.732292539815591
13:29:22,2454,7.73045664013406
13:29:23,2455,7.73045664013406
13:29:24,2455,7.729571468453377
13:29:25,2455,7.729571468453377
13:29:26,2455,7.727605692758476
13:29:27,2455,7.726994421199442
13:29:28,2455,7.726994421199442
13:29:29,2455,7.726994421199442
13:29:30,2455,7.726174543426739
13:29:31,2455,7.726174543426739
13:29:32,2455,7.726511984392419
13:29:33,2455,7.726466081626968
13:29:34,2455,7.726466081626968
13:29:35,2455,7.7252923976608185
13:29:36,2455,7.7252923976608185
13:29:37,2455,7.7252923976608185
13:29:38,2455,7.7252923976608185
13:29:39,2455,7.7252923976608185
13:29:40,2455,7.7252923976608185
13:29:41,2455,7.7252923976608185
13:29:42,2455,7.724363256784969
13:29:43,2455,7.7226001669449085
13:29:44,2455,7.7226001669449085
13:29:45,2455,7.722097065776666
13:29:46,2455,7.722097065776666
13:29:47,2455,7.721100917431192
13:29:48,2455,7.721100917431192
13:29:49,2455,7.721100917431192
13:29:50,2455,7.721100917431192
13:29:51,2455,7.721100917431192
13:29:52,2455,7.721100917431192
13:29:53,2455,7.720182020286231
13:29:54,2455,7.720182020286231
13:29:55,2455,7.720182020286231
13:29:56,2455,7.720182020286231
13:29:57,2455,7.720182020286231
13:29:58,2455,7.720182020286231
13:29:59,2455,7.720182020286231
13:30:00,2455,7.720182020286231
13:30:01,2456,7.720182020286231
13:30:02,2456,7.7187986111111115
13:30:03,2456,7.7187986111111115
13:30:04,2456,7.7187986111111115
13:30:05,2456,7.7187986111111115
13:30:06,2456,7.719290573372206
13:30:07,2456,7.719290573372206
13:30:08,2456,7.719290573372206
13:30:09,2457,7.719290573372206
13:30:10,2457,7.719290573372206
13:30:11,2457,7.719290573372206
13:30:12,2458,7.719290573372206
13:30:13,2458,7.719290573372206
13:30:14,2458,7.716715217089749
13:30:15,2458,7.716715217089749
13:30:16,2459,7.716715217089749
13:30:17,2459,7.714553014553015
13:30:18,2459,7.714553014553015
13:30:19,2459,7.714553014553015
13:30:20,2459,7.713743419229703
13:30:21,2459,7.713743419229703
13:30:22,2460,7.713743419229703
13:30:23,2460,7.713225315053317
13:30:24,2460,7.713225315053317
13:30:25,2461,7.713225315053317
13:30:26,2461,7.713225315053317
13:30:27,2461,7.713225315053317
13:30:28,2461,7.713225315053317
13:30:29,2462,7.711219545957918
13:30:30,2462,7.711219545957918
13:30:31,2462,7.711219545957918
13:30:32,2462,7.709547530095476
13:30:33,2463,7.709547530095476
13:30:34,2463,7.709547530095476
13:30:35,2463,7.709547530095476
13:30:36,2463,7.708395573997234
13:30:37,2463,7.708395573997234
13:30:38,2463,7.708395573997234
13:30:39,2463,7.707652426379096
13:30:40,2463,7.707652426379096
13:30:41,2463,7.707652426379096
13:30:42,2463,7.707652426379096
13:30:43,2463,7.70685461580984
13:30:44,2463,7.70685461580984
13:30:45,2463,7.70685461580984
13:30:46,2463,7.70685461580984
13:30:47,2463,7.70685461580984
13:30:48,2463,7.70685461580984
13:30:49,2463,7.70685461580984
13:30:50,2463,7.70685461580984
13:30:51,2463,7.705049039922641
13:30:52,2463,7.705049039922641
13:30:53,2463,7.705049039922641
13:30:54,2463,7.705049039922641
13:30:55,2463,7.705049039922641
13:30:56,2463,7.705049039922641
13:30:57,2463,7.705049039922641
13:30:58,2464,7.705049039922641
13:30:59,2464,7.705049039922641
13:31:00,2464,7.705049039922641
13:31:01,2464,7.705049039922641
13:31:02,2464,7.705049039922641
13:31:03,2464,7.70298950566142
13:31:04,2464,7.702022084195997
13:31:05,2464,7.702022084195997
13:31:06,2464,7.702022084195997
13:31:07,2464,7.700103434009103
13:31:08,2464,7.700103434009103
13:31:09,2464,7.700978770333609
13:31:10,2464,7.69942813834918
13:31:11,2464,7.69942813834918
13:31:12,2464,7.698856749311294
13:31:13,2464,7.698856749311294
13:31:14,2464,7.698856749311294
13:31:15,2464,7.698856749311294
13:31:16,2465,7.698856749311294
13:31:17,2465,7.698856749311294
13:31:18,2465,7.698856749311294
13:31:19,2465,7.698856749311294
13:31:20,2465,7.698856749311294
13:31:21,2465,7.698375326999862
13:31:22,2465,7.698375326999862
13:31:23,2465,7.698375326999862
13:31:24,2465,7.698375326999862
13:31:25,2465,7.698375326999862
13:31:26,2465,7.698375326999862
13:31:27,2465,7.6986586875773835
13:31:28,2465,7.6986586875773835
13:31:29,2465,7.6986586875773835
13:31:30,2465,7.696885313531353
13:31:31,2465,7.696885313531353
13:31:32,2465,7.696885313531353
13:31:33,2465,7.696885313531353
13:31:34,2465,7.696885313531353
13:31:35,2465,7.695951890034364
13:31:36,2465,7.695951890034364
13:31:37,2465,7.695951890034364
13:31:38,2465,7.695951890034364
13:31:39,2465,7.695951890034364
13:31:40,2465,7.695951890034364
13:31:41,2465,7.694572684803518
13:31:42,2465,7.694572684803518
13:31:43,2465,7.694572684803518
13:31:44,2465,7.694572684803518
13:31:45,2465,7.694572684803518
13:31:46,2465,7.694572684803518
13:31:47,2465,7.694572684803518
13:31:48,2465,7.694572684803518
13:31:49,2465,7.694572684803518
13:31:50,2465,7.694572684803518
13:31:51,2465,7.694572684803518
13:31:52,2465,7.692157670649636
13:31:53,2465,7.692157670649636
13:31:54,2465,7.692157670649636
13:31:55,2465,7.69033209825717
13:31:56,2465,7.69033209825717
13:31:57,2465,7.6901097393689986
13:31:58,2465,7.688948306595365
13:31:59,2465,7.688948306595365
13:32:00,2465,7.688948306595365
13:32:01,2465,7.688948306595365
13:32:02,2465,7.688948306595365
13:32:03,2465,7.688948306595365
13:32:04,2465,7.688948306595365
13:32:05,2465,7.688948306595365
13:32:06,2466,7.688157894736842
13:32:07,2466,7.688157894736842
13:32:08,2466,7.688157894736842
13:32:09,2466,7.688157894736842
13:32:10,2466,7.688157894736842
13:32:11,2466,7.688157894736842
13:32:12,2466,7.688157894736842
13:32:13,2466,7.685751472804494
13:32:14,2466,7.685751472804494
13:32:15,2466,7.685112936344969
13:32:16,2466,7.685112936344969
13:32:17,2467,7.684811165845648
13:32:18,2467,7.684926822596088
13:32:19,2466,7.68733579638752
13:32:20,2466,7.68733579638752
13:32:21,2466,7.68733579638752
13:32:22,2466,7.68733579638752
13:32:23,2467,7.68733579638752
13:32:24,2467,7.68733579638752
13:32:25,2467,7.68733579638752
13:32:26,2467,7.68733579638752
13:32:27,2467,7.68733579638752
13:32:28,2466,7.689739904175223
13:32:29,2466,7.689739904175223
13:32:30,2466,7.687876299945265
13:32:31,2465,7.690280629705681
13:32:32,2465,7.690280629705681
13:32:33,2465,7.6891351943076085
13:32:34,2465,7.6891351943076085
13:32:35,2465,7.6891351943076085
13:32:36,2465,7.6891351943076085
13:32:37,2465,7.6891351943076085
13:32:38,2465,7.6891351943076085
13:32:39,2465,7.688189030228424
13:32:40,2463,7.692799452429842
13:32:41,2463,7.692799452429842
13:32:42,2463,7.692799452429842
13:32:43,2463,7.692799452429842
13:32:44,2463,7.691468253968254
13:32:45,2463,7.691468253968254
13:32:46,2463,7.691468253968254
13:32:47,2463,7.691468253968254
13:32:48,2463,7.691468253968254
13:32:49,2462,7.694300766283525
13:32:50,2462,7.694300766283525
13:32:51,2463,7.694300766283525
13:32:52,2462,7.696495550992471
13:32:53,2460,7.700986436498151
13:32:54,2460,7.700986436498151
13:32:55,2460,7.700986436498151
13:32:56,2459,7.703186677631579
13:32:57,2459,7.703186677631579
13:32:58,2458,7.705498423145483
13:32:59,2458,7.705498423145483
13:33:00,2458,7.705498423145483
13:33:01,2457,7.707716049382716
13:33:02,2457,7.707716049382716
13:33:03,2457,7.707716049382716
13:33:04,2457,7.706053750171397
13:33:05,2457,7.704824561403509
13:33:06,2457,7.704665022605837
13:33:07,2457,7.706925606247432
13:33:08,2457,7.706925606247432
13:33:09,2457,7.706925606247432
13:33:10,2458,7.706925606247432
13:33:11,2457,7.7091214364035086
13:33:12,2457,7.7091214364035086
13:33:13,2457,7.7091214364035086
13:33:14,2457,7.7091214364035086
13:33:15,2456,7.711223090634856
13:33:16,2456,7.71343621399177
13:33:17,2456,7.71343621399177
13:33:18,2456,7.71343621399177
13:33:19,2456,7.7157540826128725
13:33:20,2456,7.7138340192043895
13:33:21,2456,7.713717421124828
13:33:22,2456,7.713717421124828
13:33:23,2455,7.715788390284067
13:33:24,2455,7.715788390284067
13:33:25,2455,7.715788390284067
13:33:26,2454,7.717998352553542
13:33:27,2455,7.717998352553542
13:33:28,2455,7.717998352553542
13:33:29,2454,7.720079659387447
13:33:30,2454,7.720079659387447
13:33:31,2454,7.720079659387447
13:33:32,2454,7.718808347062054
13:33:33,2453,7.720903722016207
13:33:34,2453,7.720903722016207
13:33:35,2452,7.722890904094531
13:33:36,2452,7.722890904094531
13:33:37,2452,7.722890904094531
13:33:38,2451,7.723186314921682
13:33:39,2451,7.723186314921682
13:33:40,2450,7.723900796922232
13:33:41,2450,7.723900796922232
13:33:42,2450,7.723900796922232
13:33:43,2449,7.7261030927835055
13:33:44,2449,7.7261030927835055
13:33:45,2449,7.7261030927835055
13:33:46,2449,7.7261030927835055
13:33:47,2449,7.7261030927835055
13:33:48,2449,7.7261030927835055
13:33:49,2449,7.7261030927835055
13:33:50,2449,7.7261030927835055
13:33:51,2448,7.728094059405941
13:33:52,2448,7.728094059405941
13:33:53,2448,7.728094059405941
13:33:54,2447,7.730596809680969
13:33:55,2446,7.732666116384647
13:33:56,2447,7.732666116384647
13:33:57,2447,7.732865786578658
13:33:58,2446,7.734853487412298
13:33:59,2446,7.734853487412298
13:34:00,2446,7.734853487412298
13:34:01,2445,7.736746490503716
13:34:02,2445,7.736746490503716
13:34:03,2445,7.736746490503716
13:34:04,2445,7.736746490503716
13:34:05,2445,7.736746490503716
13:34:06,2445,7.736746490503716
13:34:07,2445,7.736746490503716
13:34:08,2446,7.736746490503716
13:34:09,2446,7.736746490503716
13:34:10,2446,7.736746490503716
13:34:11,2445,7.738551562715132
13:34:12,2445,7.738551562715132
13:34:13,2445,7.73610652353427
13:34:14,2446,7.73610652353427
13:34:15,2446,7.73610652353427
13:34:16,2445,7.7380077103125435
13:34:17,2445,7.7380077103125435
13:34:18,2445,7.7380077103125435
13:34:19,2445,7.7380077103125435
13:34:20,2445,7.7380077103125435
13:34:21,2444,7.7399035812672174
13:34:22,2444,7.7399035812672174
13:34:23,2444,7.7399035812672174
13:34:24,2444,7.7399035812672174
13:34:25,2443,7.74189058839741
13:34:26,2443,7.74189058839741
13:34:27,2443,7.73965564738292
13:34:28,2443,7.73965564738292
13:34:29,2443,7.73965564738292
13:34:30,2444,7.738824662813102
13:34:31,2444,7.738824662813102
13:34:32,2444,7.738824662813102
13:34:33,2443,7.740506677681399
13:34:34,2443,7.740506677681399
13:34:35,2442,7.742513774104683
13:34:36,2442,7.742513774104683
13:34:37,2442,7.741539308825554
13:34:38,2442,7.741539308825554
13:34:39,2443,7.741539308825554
13:34:40,2442,7.743223140495868
13:34:41,2442,7.743223140495868
13:34:42,2441,7.745121951219512
13:34:43,2440,7.746850013785498
13:34:44,2439,7.748662253482278
13:34:45,2438,7.750455298013246
13:34:46,2438,7.750455298013246
13:34:47,2438,7.75045510964005
13:34:48,2439,7.75045510964005
13:34:49,2439,7.75045510964005
13:34:50,2439,7.75045510964005
13:34:51,2439,7.75045510964005
13:34:52,2439,7.75045510964005
13:34:53,2439,7.75045510964005
13:34:54,2439,7.7483250620347395
13:34:55,2438,7.7501585988139565
13:34:56,2438,7.7501585988139565
13:34:57,2438,7.74781499862145
13:34:58,2437,7.749386291545993
13:34:59,2436,7.750979580573952
13:35:00,2436,7.750979580573952
13:35:01,2436,7.750979580573952
13:35:02,2435,7.753180187637969
13:35:03,2435,7.753180187637969
13:35:04,2435,7.753180187637969
13:35:05,2435,7.753180187637969
13:35:06,2434,7.754808222958058
13:35:07,2434,7.754808222958058
13:35:08,2434,7.754808222958058
13:35:09,2434,7.754808222958058
13:35:10,2435,7.754808222958058
13:35:11,2434,7.756597653554175
13:35:12,2434,7.756597653554175
13:35:13,2434,7.756597653554175
13:35:14,2435,7.756597653554175
13:35:15,2433,7.760035916563061
13:35:16,2433,7.760035916563061
13:35:17,2432,7.761733001658374
13:35:18,2432,7.761733001658374
13:35:19,2431,7.763431494538919
13:35:20,2430,7.765138312586445
13:35:21,2430,7.765138312586445
13:35:22,2430,7.765138312586445
13:35:23,2430,7.765138312586445
13:35:24,2430,7.765138312586445
13:35:25,2431,7.765138312586445
13:35:26,2431,7.765138312586445
13:35:27,2432,7.764088206829808
13:35:28,2431,7.7658506224066395
13:35:29,2431,7.7658506224066395
13:35:30,2432,7.7636112263237935
13:35:31,2431,7.765290456431535
13:35:32,2431,7.765290456431535
13:35:33,2431,7.765290456431535
13:35:34,2430,7.766860384668604
13:35:35,2430,7.766860384668604
13:35:36,2429,7.768742216687422
13:35:37,2429,7.768742216687422
13:35:38,2429,7.768742216687422
13:35:39,2428,7.770348837209302
13:35:40,2428,7.770348837209302
13:35:41,2428,7.770348837209302
13:35:42,2428,7.770348837209302
13:35:43,2428,7.770348837209302
13:35:44,2428,7.770348837209302
13:35:45,2428,7.770348837209302
13:35:46,2428,7.770348837209302
13:35:47,2428,7.768202573682026
13:35:48,2428,7.768202573682026
13:35:49,2427,7.769629014396457
13:35:50,2426,7.771430549785348
13:35:51,2426,7.771430549785348
13:35:52,2426,7.771430549785348
13:35:53,2425,7.773004987531172
13:35:54,2425,7.773004987531172
13:35:55,2425,7.773004987531172
13:35:56,2425,7.773189308959977
13:35:57,2424,7.774785259074536
13:35:58,2424,7.774785259074536
13:35:59,2424,7.774785259074536
13:36:00,2424,7.77240686885473
13:36:01,2423,7.774099473538376
13:36:02,2423,7.774099473538376
13:36:03,2423,7.774099473538376
13:36:04,2423,7.775440055440056
13:36:05,2423,7.775440055440056
13:36:06,2421,7.778436676376751
13:36:07,2421,7.778436676376751
13:36:08,2422,7.778436676376751
13:36:09,2422,7.778436676376751
13:36:10,2422,7.778436676376751
13:36:11,2422,7.778436676376751
13:36:12,2423,7.778436676376751
13:36:13,2423,7.778436676376751
13:36:14,2424,7.778436676376751
13:36:15,2425,7.778436676376751
13:36:16,2425,7.776442041042707
13:36:17,2425,7.776442041042707
13:36:18,2426,7.776442041042707
13:36:19,2426,7.7744490644490645
13:36:20,2426,7.7759082085413205
13:36:21,2427,7.7759082085413205
13:36:22,2426,7.774875207986688
13:36:23,2427,7.774875207986688
13:36:24,2426,7.776168678041338
13:36:25,2427,7.776168678041338
13:36:26,2426,7.777504857063558
13:36:27,2427,7.777504857063558
13:36:28,2427,7.778606136332084
13:36:29,2427,7.776339161809603
13:36:30,2428,7.776339161809603
13:36:31,2429,7.776339161809603
13:36:32,2429,7.776339161809603
13:36:33,2429,7.776339161809603
13:36:34,2430,7.776339161809603
13:36:35,2431,7.776339161809603
13:36:36,2431,7.773970037453183
13:36:37,2431,7.775270607826811
13:36:38,2432,7.775270607826811
13:36:39,2432,7.775270607826811
13:36:40,2430,7.777777777777778
13:36:41,2430,7.777777777777778
13:36:42,2430,7.7791579824927055
13:36:43,2431,7.7791579824927055
13:36:44,2430,7.780393383375034
13:36:45,2430,7.778018618868973
13:36:46,2432,7.778018618868973
13:36:47,2432,7.777534722222223
13:36:48,2432,7.777534722222223
13:36:49,2432,7.77888703626511
13:36:50,2433,7.77888703626511
13:36:51,2432,7.780247428412566
13:36:52,2432,7.780247428412566
13:36:53,2433,7.780247428412566
13:36:54,2434,7.780247428412566
13:36:55,2432,7.7827420701168615
13:36:56,2432,7.7839457202505224
13:36:57,2432,7.7839457202505224
13:36:58,2433,7.7839457202505224
13:36:59,2432,7.785435811751601
13:37:00,2432,7.785435811751601
13:37:01,2433,7.785435811751601
13:37:02,2433,7.785435811751601
13:37:03,2434,7.785435811751601
13:37:04,2434,7.785435811751601
13:37:05,2435,7.785435811751601
13:37:06,2435,7.783743910925539
13:37:07,2435,7.783743910925539
13:37:08,2435,7.783743910925539
13:37:09,2435,7.783743910925539
13:37:10,2435,7.781476071229828
13:37:11,2435,7.781476071229828
13:37:12,2434,7.782734864300626
13:37:13,2434,7.782734864300626
13:37:14,2433,7.783723196881092
13:37:15,2433,7.783723196881092
13:37:16,2432,7.784983981055857
13:37:17,2431,7.786573299888517
13:37:18,2431,7.786161025212425
13:37:19,2431,7.786161025212425
13:37:20,2431,7.786161025212425
13:37:21,2432,7.786161025212425
13:37:22,2433,7.786161025212425
13:37:23,2433,7.786161025212425
13:37:24,2433,7.786161025212425
13:37:25,2432,7.787444258639911
13:37:26,2432,7.787444258639911
13:37:27,2432,7.787444258639911
13:37:28,2432,7.787444258639911
13:37:29,2431,7.7883800362470375
13:37:30,2430,7.789281729428173
13:37:31,2430,7.789281729428173
13:37:32,2429,7.790023719826985
13:37:33,2428,7.791185092127304
13:37:34,2428,7.791185092127304
13:37:35,2428,7.788900516255057
13:37:36,2428,7.788900516255057
13:37:37,2428,7.788900516255057
13:37:38,2428,7.788900516255057
13:37:39,2428,7.788900516255057
13:37:40,2428,7.788900516255057
13:37:41,2427,7.790033500837521
13:37:42,2427,7.790033500837521
13:37:43,2427,7.790033500837521
13:37:44,2427,7.790033500837521
13:37:45,2427,7.790033500837521
13:37:46,2428,7.790033500837521
13:37:47,2428,7.787756383424027
13:37:48,2428,7.787756383424027
13:37:49,2426,7.790483172741237
13:37:50,2426,7.78821189279732
13:37:51,2426,7.78821189279732
13:37:52,2426,7.78821189279732
13:37:53,2426,7.786082042695688
13:37:54,2427,7.786082042695688
13:37:55,2427,7.785725244072524
13:37:56,2427,7.785725244072524
13:37:57,2427,7.785725244072524
13:37:58,2427,7.78322877457131
13:37:59,2428,7.78322877457131
13:38:00,2427,7.784365411436541
13:38:01,2427,7.784365411436541
13:38:02,2428,7.785133249616297
13:38:03,2427,7.786278615298715
13:38:04,2428,7.786278615298715
13:38:05,2427,7.788530315730651
13:38:06,2427,7.788530315730651
13:38:07,2426,7.7901607267645
13:38:08,2426,7.7901607267645
13:38:09,2426,7.790834731543624
13:38:10,2426,7.790834731543624
13:38:11,2426,7.789545772187282
13:38:12,2426,7.789545772187282
13:38:13,2426,7.789545772187282
13:38:14,2427,7.789545772187282
13:38:15,2427,7.789545772187282
13:38:16,2427,7.789545772187282
13:38:17,2428,7.789545772187282
13:38:18,2428,7.789545772187282
13:38:19,2428,7.789545772187282
13:38:20,2427,7.787784765897973
13:38:21,2428,7.787784765897973
13:38:22,2427,7.788821308724833
13:38:23,2427,7.788821308724833
13:38:24,2426,7.789816757588474
13:38:25,2426,7.789816757588474
13:38:26,2427,7.787534955257271
13:38:27,2427,7.787534955257271
13:38:28,2427,7.787534955257271
13:38:29,2427,7.787534955257271
13:38:30,2426,7.788438942509442
13:38:31,2426,7.788438942509442
13:38:32,2426,7.788438942509442
13:38:33,2427,7.7861507270693515
13:38:34,2427,7.7861507270693515
13:38:35,2427,7.783766596785465
13:38:36,2426,7.784605704697986
13:38:37,2426,7.784605704697986
13:38:38,2427,7.782201257861635
13:38:39,2427,7.782201257861635
13:38:40,2427,7.779924559932942
13:38:41,2426,7.780936408106219
13:38:42,2426,7.780936408106219
13:38:43,2426,7.778660240290583
13:38:44,2427,7.778660240290583
13:38:45,2427,7.778660240290583
13:38:46,2427,7.778660240290583
13:38:47,2428,7.778660240290583
13:38:48,2428,7.778660240290583
13:38:49,2427,7.780824598183089
13:38:50,2427,7.781683445190157
13:38:51,2427,7.781683445190157
13:38:52,2426,7.782123373898447
13:38:53,2424,7.7840683186336275
13:38:54,2424,7.7840683186336275
13:38:55,2424,7.77948664148832
13:38:56,2423,7.780352644836272
13:38:57,2424,7.780352644836272
13:38:58,2424,7.780352644836272
13:38:59,2424,7.780352644836272
13:39:00,2424,7.777968946705832
13:39:01,2424,7.775587248322148
13:39:02,2424,7.773200559049616
13:39:03,2424,7.773200559049616
13:39:04,2424,7.773200559049616
13:39:05,2424,7.773200559049616
13:39:06,2424,7.773200559049616
13:39:07,2423,7.771425576519916
13:39:08,2423,7.771425576519916
13:39:09,2423,7.771425576519916
13:39:10,2423,7.772259507829977
13:39:11,2424,7.772259507829977
13:39:12,2422,7.7754967814161775
13:39:13,2422,7.7754967814161775
13:39:14,2423,7.7754967814161775
13:39:15,2423,7.773331934536299
13:39:16,2424,7.773331934536299
13:39:17,2424,7.773331934536299
13:39:18,2424,7.773331934536299
13:39:19,2424,7.773331934536299
13:39:20,2424,7.773880492583263
13:39:21,2424,7.773880492583263
13:39:22,2424,7.773880492583263
13:39:23,2424,7.773880492583263
13:39:24,2423,7.774534509309814
13:39:25,2424,7.774534509309814
13:39:26,2424,7.774534509309814
13:39:27,2424,7.774534509309814
13:39:28,2424,7.772928911279037
13:39:29,2425,7.772928911279037
13:39:30,2424,7.773603527929441
13:39:31,2424,7.773603527929441
13:39:32,2424,7.773603527929441
13:39:33,2425,7.773603527929441
13:39:34,2425,7.773603527929441
13:39:35,2425,7.773603527929441
13:39:36,2426,7.773603527929441
13:39:37,2426,7.773603527929441
13:39:38,2426,7.771648474671144
13:39:39,2426,7.771648474671144
13:39:40,2426,7.771648474671144
13:39:41,2425,7.770752868737755
13:39:42,2424,7.771251574968501
13:39:43,2424,7.771251574968501
13:39:44,2424,7.771251574968501
13:39:45,2422,7.772670589883704
13:39:46,2422,7.772670589883704
13:39:47,2422,7.772670589883704
13:39:48,2422,7.7707282913165265
13:39:49,2422,7.7707282913165265
13:39:50,2422,7.7707282913165265
13:39:51,2422,7.7707282913165265
13:39:52,2423,7.7707282913165265
13:39:53,2424,7.768346633067338
13:39:54,2424,7.768346633067338
13:39:55,2424,7.765869017632242
13:39:56,2424,7.765869017632242
13:39:57,2424,7.765869017632242
13:39:58,2424,7.761940715883669
13:39:59,2423,7.762526227444398
13:40:00,2423,7.762526227444398
13:40:01,2422,7.763049258326336
13:40:02,2422,7.763049258326336
13:40:03,2423,7.763049258326336
13:40:04,2421,7.765840336134454
13:40:05,2422,7.765840336134454
13:40:06,2423,7.765840336134454
13:40:07,2422,7.766470505814768
13:40:08,2423,7.766470505814768
13:40:09,2422,7.768839360807402
13:40:10,2421,7.7692820081335014
13:40:11,2421,7.7692820081335014
13:40:12,2422,7.76733249229044
13:40:13,2423,7.76733249229044
13:40:14,2423,7.765489701555276
13:40:15,2423,7.765489701555276
13:40:16,2424,7.763767507002801
13:40:17,2424,7.763767507002801
13:40:18,2424,7.763767507002801
13:40:19,2423,7.764116575591985
13:40:20,2423,7.76234593837535
13:40:21,2423,7.760072798544029
13:40:22,2422,7.760532212885154
13:40:23,2423,7.760532212885154
13:40:24,2423,7.760532212885154
13:40:25,2423,7.760532212885154
13:40:26,2423,7.760532212885154
13:40:27,2423,7.760532212885154
13:40:28,2423,7.760532212885154
13:40:29,2423,7.760532212885154
13:40:30,2423,7.760532212885154
13:40:31,2422,7.762701415160432
13:40:32,2422,7.762701415160432
13:40:33,2421,7.764872441827866
13:40:34,2420,7.765271350441734
13:40:35,2420,7.765271350441734
13:40:36,2420,7.765271350441734
13:40:37,2419,7.767424242424243
13:40:38,2419,7.765138129294629
13:40:39,2419,7.763526773198766
13:40:40,2419,7.763526773198766
13:40:41,2419,7.761356312175985
13:40:42,2418,7.761963835155593
13:40:43,2418,7.761963835155593
13:40:44,2418,7.759695950679557
13:40:45,2418,7.759695950679557
13:40:46,2419,7.757976190476191
13:40:47,2419,7.757976190476191
13:40:48,2420,7.757976190476191
13:40:49,2419,7.7582107328008965
13:40:50,2419,7.7582107328008965
13:40:51,2419,7.7582107328008965
13:40:52,2419,7.7582107328008965
13:40:53,2418,7.758536585365854
13:40:54,2418,7.757152865349586
13:40:55,2418,7.754880952380953
13:40:56,2418,7.753114937701246
13:40:57,2418,7.753114937701246
13:40:58,2418,7.753114937701246
13:40:59,2418,7.750839630562552
13:41:00,2417,7.752897942041159
13:41:01,2417,7.752897942041159
13:41:02,2417,7.752897942041159
13:41:03,2416,7.75516106442577
13:41:04,2416,7.7536189276214476
13:41:05,2415,7.754439775910365
13:41:06,2415,7.752169956600868
13:41:07,2415,7.752169956600868
13:41:08,2414,7.75264705882353
13:41:09,2413,7.753180608098641
13:41:10,2413,7.753180608098641
13:41:11,2412,7.753525371460611
13:41:12,2413,7.753525371460611
13:41:13,2413,7.753525371460611
13:41:14,2412,7.753561912775207
13:41:15,2411,7.755611672278339
13:41:16,2411,7.755611672278339
13:41:17,2411,7.755611672278339
13:41:18,2412,7.754270088346655
13:41:19,2412,7.7519974768713205
13:41:20,2412,7.7519974768713205
13:41:21,2412,7.7519974768713205
13:41:22,2412,7.75011209191537
13:41:23,2412,7.748683473389355
13:41:24,2413,7.748683473389355
13:41:25,2412,7.75084769510999
13:41:26,2411,7.748921115314558
13:41:27,2410,7.751296607793664
13:41:28,2411,7.751296607793664
13:41:29,2411,7.753561912775207
13:41:30,2411,7.753561912775207
13:41:31,2412,7.753561912775207
13:41:32,2411,7.7540404040404045
13:41:33,2410,7.755424561403509
13:41:34,2410,7.755424561403509
13:41:35,2412,7.755424561403509
13:41:36,2412,7.753486251402918
13:41:37,2412,7.753486251402918
13:41:38,2412,7.753486251402918
13:41:39,2413,7.751100827373439
13:41:40,2413,7.751100827373439
13:41:41,2413,7.751100827373439
13:41:42,2414,7.751100827373439
13:41:43,2413,7.751557239057239
13:41:44,2413,7.751557239057239
13:41:45,2413,7.750680415263749
13:41:46,2413,7.750680415263749
13:41:47,2411,7.750463157894737
13:41:48,2411,7.750463157894737
13:41:49,2411,7.750463157894737
13:41:50,2411,7.750463157894737
13:41:51,2412,7.7481902356902355
13:41:52,2412,7.7481902356902355
13:41:53,2412,7.7481902356902355
13:41:54,2412,7.746031412144159
13:41:55,2412,7.746031412144159
13:41:56,2412,7.746031412144159
13:41:57,2412,7.746031412144159
13:41:58,2413,7.746031412144159
13:41:59,2413,7.746031412144159
13:42:00,2412,7.746443602693603
13:42:01,2412,7.744853456738185
13:42:02,2411,7.74486531986532
13:42:03,2411,7.742378348057776
13:42:04,2411,7.742378348057776
13:42:05,2410,7.742725869809203
13:42:06,2410,7.742725869809203
13:42:07,2409,7.743157894736842
13:42:08,2409,7.743157894736842
13:42:09,2410,7.743157894736842
13:42:10,2410,7.743157894736842
13:42:11,2410,7.741301907968575
13:42:12,2410,7.741301907968575
13:42:13,2410,7.741301907968575
13:42:14,2410,7.741301907968575
13:42:15,2411,7.741301907968575
13:42:16,2411,7.741301907968575
13:42:17,2410,7.7440957596180855
13:42:18,2410,7.7440957596180855
13:42:19,2410,7.744545071609099
13:42:20,2409,7.744655148194971
13:42:21,2409,7.744655148194971
13:42:22,2409,7.7422704296545914
13:42:23,2408,7.741090985678181
13:42:24,2409,7.741090985678181
13:42:25,2409,7.741090985678181
13:42:26,2408,7.743032729315915
13:42:27,2408,7.741540297669194
13:42:28,2408,7.741540297669194
13:42:29,2408,7.741540297669194
13:42:30,2408,7.741540297669194
13:42:31,2408,7.741540297669194
13:42:32,2408,7.741540297669194
13:42:33,2407,7.7438123331928645
13:42:34,2407,7.7438123331928645
13:42:35,2407,7.7429935411401285
13:42:36,2407,7.7429935411401285
13:42:37,2407,7.7429935411401285
13:42:38,2407,7.7429935411401285
13:42:39,2407,7.7429935411401285
13:42:40,2406,7.743166175024582
13:42:41,2405,7.745453906689151
13:42:42,2406,7.745453906689151
13:42:43,2406,7.745453906689151
13:42:44,2406,7.745453906689151
13:42:45,2406,7.745453906689151
13:42:46,2406,7.743517347942127
13:42:47,2406,7.743517347942127
13:42:48,2406,7.743517347942127
13:42:49,2405,7.743830803822372
13:42:50,2405,7.743830803822372
13:42:51,2405,7.742274195814018
13:42:52,2404,7.742411467116358
13:42:53,2404,7.742411467116358
13:42:54,2404,7.742411467116358
13:42:55,2403,7.742633206804443
13:42:56,2403,7.742633206804443
13:42:57,2402,7.7426652601969055
13:42:58,2402,7.7426652601969055
13:42:59,2402,7.7426652601969055
13:43:00,2402,7.7426652601969055
13:43:01,2402,7.740721214677351
13:43:02,2402,7.740721214677351
13:43:03,2402,7.740721214677351
13:43:04,2402,7.740721214677351
13:43:05,2402,7.740721214677351
13:43:06,2401,7.74098452883263
13:43:07,2401,7.74098452883263
13:43:08,2401,7.738710811190777
13:43:09,2401,7.738710811190777
13:43:10,2400,7.74076652601969
13:43:11,2400,7.73916069169127
13:43:12,2400,7.737218943226532
13:43:13,2400,7.737218943226532
13:43:14,2400,7.737218943226532
13:43:15,2400,7.737218943226532
13:43:16,2400,7.73567214496418
13:43:17,2400,7.73567214496418
13:43:18,2400,7.73567214496418
13:43:19,2400,7.73567214496418
13:43:20,2400,7.73567214496418
13:43:21,2400,7.73567214496418
13:43:22,2400,7.73567214496418
13:43:23,2400,7.73567214496418
13:43:24,2400,7.73567214496418
13:43:25,2400,7.73567214496418
13:43:26,2400,7.734632125807357
13:43:27,2399,7.734695884253407
13:43:28,2399,7.734695884253407
13:43:29,2398,7.734766722878021
13:43:30,2398,7.7323851664559635
13:43:31,2399,7.73065150238697
13:43:32,2399,7.73065150238697
13:43:33,2399,7.73065150238697
13:43:34,2399,7.73065150238697
13:43:35,2398,7.728378947368421
13:43:36,2398,7.728378947368421
13:43:37,2398,7.728378947368421
13:43:38,2398,7.726010101010101
13:43:39,2398,7.726010101010101
13:43:40,2398,7.723629224512691
13:43:41,2398,7.723629224512691
13:43:42,2398,7.723629224512691
13:43:43,2398,7.723629224512691
13:43:44,2396,7.726014035087719
13:43:45,2396,7.726014035087719
13:43:46,2395,7.726687719298245
13:43:47,2395,7.726687719298245
13:43:48,2395,7.726687719298245
13:43:49,2395,7.726687719298245
13:43:50,2395,7.726687719298245
13:43:51,2395,7.724312570145903
13:43:52,2395,7.724312570145903
13:43:53,2395,7.724312570145903
13:43:54,2394,7.724357894736842
13:43:55,2394,7.724357894736842
13:43:56,2394,7.724357894736842
13:43:57,2393,7.722077192982456
13:43:58,2393,7.722077192982456
13:43:59,2393,7.722077192982456
13:44:00,2393,7.722077192982456
13:44:01,2393,7.722009267059815
13:44:02,2394,7.722009267059815
13:44:03,2394,7.722009267059815
13:44:04,2393,7.722004495013345
13:44:05,2393,7.720408593091828
13:44:06,2393,7.720408593091828
13:44:07,2392,7.7202626773423235
13:44:08,2392,7.7202626773423235
13:44:09,2393,7.7202626773423235
13:44:10,2393,7.7202626773423235
13:44:11,2393,7.7202626773423235
13:44:12,2392,7.720255653883972
13:44:13,2392,7.720255653883972
13:44:14,2392,7.720255653883972
13:44:15,2392,7.717881213142376
13:44:16,2392,7.717881213142376
13:44:17,2392,7.716385964912281
13:44:18,2391,7.716238416175232
13:44:19,2392,7.716238416175232
13:44:20,2392,7.716238416175232
13:44:21,2393,7.713866666666666
13:44:22,2393,7.713866666666666
13:44:23,2393,7.713866666666666
13:44:24,2393,7.71212822671156
13:44:25,2393,7.71212822671156
13:44:26,2393,7.71212822671156
13:44:27,2393,7.710201935212453
13:44:28,2395,7.710201935212453
13:44:29,2394,7.710185185185185
13:44:30,2394,7.710185185185185
13:44:31,2393,7.712554385964912
13:44:32,2393,7.712554385964912
13:44:33,2393,7.710521885521885
13:44:34,2393,7.710521885521885
13:44:35,2392,7.708585858585859
13:44:36,2392,7.708585858585859
13:44:37,2392,7.706562894404712
13:44:38,2391,7.706376262626263
13:44:39,2390,7.707295173961841
13:44:40,2390,7.707295173961841
13:44:41,2390,7.707295173961841
13:44:42,2390,7.707295173961841
13:44:43,2390,7.707295173961841
13:44:44,2390,7.707295173961841
13:44:45,2390,7.707295173961841
13:44:46,2389,7.70476290684624
13:44:47,2389,7.70476290684624
13:44:48,2389,7.70476290684624
13:44:49,2389,7.70476290684624
13:44:50,2389,7.70476290684624
13:44:51,2389,7.70476290684624
13:44:52,2389,7.70476290684624
13:44:53,2389,7.702741550974618
13:44:54,2389,7.702741550974618
13:44:55,2389,7.702741550974618
13:44:56,2389,7.702741550974618
13:44:57,2389,7.702741550974618
13:44:58,2389,7.702741550974618
13:44:59,2389,7.702741550974618
13:45:00,2389,7.702741550974618
13:45:01,2389,7.702741550974618
13:45:02,2390,7.700476590972807
13:45:03,2390,7.700476590972807
13:45:04,2390,7.700476590972807
13:45:05,2390,7.700476590972807
13:45:06,2390,7.700476590972807
13:45:07,2389,7.70010517458982
13:45:08,2389,7.70010517458982
13:45:09,2388,7.699782547699215
13:45:10,2388,7.699782547699215
13:45:11,2388,7.699782547699215
13:45:12,2387,7.699480701754386
13:45:13,2387,7.697453703703704
13:45:14,2387,7.697453703703704
13:45:15,2387,7.697453703703704
13:45:16,2387,7.697453703703704
13:45:17,2387,7.697453703703704
13:45:18,2386,7.6972
13:45:19,2386,7.6972
13:45:20,2386,7.6972
13:45:21,2386,7.6972
13:45:22,2386,7.6972
13:45:23,2386,7.6972
13:45:24,2386,7.6972
13:45:25,2386,7.6972
13:45:26,2386,7.6972
13:45:27,2386,7.6952861952861955
13:45:28,2386,7.6952861952861955
13:45:29,2386,7.6952861952861955
13:45:30,2386,7.6952861952861955
13:45:31,2386,7.693738606086103
13:45:32,2386,7.693738606086103
13:45:33,2386,7.693738606086103
13:45:34,2385,7.693329124579124
13:45:35,2385,7.693329124579124
13:45:36,2385,7.693329124579124
13:45:37,2385,7.693329124579124
13:45:38,2385,7.690976020193521
13:45:39,2385,7.690976020193521
13:45:40,2385,7.690976020193521
13:45:41,2385,7.690976020193521
13:45:42,2384,7.690530303030303
13:45:43,2384,7.690530303030303
13:45:44,2383,7.690119298245614
13:45:45,2383,7.690119298245614
13:45:46,2383,7.690119298245614
13:45:47,2384,7.690119298245614
13:45:48,2384,7.690119298245614
13:45:49,2384,7.690119298245614
13:45:50,2384,7.690119298245614
13:45:51,2384,7.687647306397307
13:45:52,2384,7.687647306397307
13:45:53,2385,7.687647306397307
13:45:54,2385,7.687647306397307
13:45:55,2385,7.687647306397307
13:45:56,2384,7.687059649122807
13:45:57,2384,7.687059649122807
13:45:58,2384,7.687059649122807
13:45:59,2384,7.687059649122807
13:46:00,2383,7.684112280701754
13:46:01,2384,7.684112280701754
13:46:02,2384,7.684112280701754
13:46:03,2384,7.684112280701754
13:46:04,2384,7.684112280701754
13:46:05,2384,7.684112280701754
13:46:06,2384,7.684112280701754
13:46:07,2383,7.683642235327155
13:46:08,2383,7.681284210526315
13:46:09,2383,7.681284210526315
13:46:10,2383,7.681284210526315
13:46:11,2383,7.681284210526315
13:46:12,2383,7.681284210526315
13:46:13,2384,7.681284210526315
13:46:14,2384,7.681284210526315
13:46:15,2383,7.680679584386408
13:46:16,2383,7.680679584386408
13:46:17,2382,7.680200870908836
13:46:18,2382,7.680200870908836
13:46:19,2382,7.6777379949452405
13:46:20,2382,7.6777379949452405
13:46:21,2382,7.6777379949452405
13:46:22,2382,7.6777379949452405
13:46:23,2382,7.6777379949452405
13:46:24,2382,7.675375438596491
13:46:25,2381,7.674747262005055
13:46:26,2381,7.674747262005055
13:46:27,2381,7.672392982456141
13:46:28,2380,7.6721637180567255
13:46:29,2380,7.6721637180567255
13:46:30,2380,7.6721637180567255
13:46:31,2381,7.6721637180567255
13:46:32,2381,7.6721637180567255
13:46:33,2381,7.6721637180567255
13:46:34,2382,7.6721637180567255
13:46:35,2381,7.671632251720747
13:46:36,2381,7.671632251720747
13:46:37,2381,7.671632251720747
13:46:38,2381,7.671632251720747
13:46:39,2381,7.671632251720747
13:46:40,2381,7.671632251720747
13:46:41,2381,7.671632251720747
13:46:42,2381,7.671632251720747
13:46:43,2380,7.6738898257448005
13:46:44,2381,7.6738898257448005
13:46:45,2381,7.6738898257448005
13:46:46,2381,7.6738898257448005
13:46:47,2381,7.6738898257448005
13:46:48,2381,7.6738898257448005
13:46:49,2380,7.673154787009701
13:46:50,2380,7.673154787009701
13:46:51,2380,7.673154787009701
13:46:52,2378,7.674940199803012
13:46:53,2378,7.674940199803012
13:46:54,2377,7.674563626126126
13:46:55,2376,7.676820166173779
13:46:56,2375,7.679191321499014
13:46:57,2375,7.679191321499014
13:46:58,2375,7.679191321499014
13:46:59,2375,7.681458773784355
13:47:00,2375,7.681458773784355
13:47:01,2375,7.681458773784355
13:47:02,2375,7.681458773784355
13:47:03,2375,7.681458773784355
13:47:04,2375,7.683714043993232
13:47:05,2376,7.683714043993232
13:47:06,2376,7.683714043993232
13:47:07,2376,7.683714043993232
13:47:08,2376,7.683714043993232
13:47:09,2376,7.683714043993232
13:47:10,2376,7.683714043993232
13:47:11,2376,7.683714043993232
13:47:12,2376,7.683714043993232
13:47:13,2376,7.683714043993232
13:47:14,2375,7.682881929750318
13:47:15,2374,7.682458368614168
13:47:16,2374,7.682458368614168
13:47:17,2374,7.682458368614168
13:47:18,2374,7.682458368614168
13:47:19,2373,7.684491034872229
13:47:20,2373,7.684491034872229
13:47:21,2373,7.684491034872229
13:47:22,2373,7.684491034872229
13:47:23,2372,7.683566384180791
13:47:24,2372,7.681307355640266
13:47:25,2371,7.680889830508475
13:47:26,2371,7.680889830508475
13:47:27,2371,7.680889830508475
13:47:28,2371,7.680889830508475
13:47:29,2371,7.680889830508475
13:47:30,2371,7.680889830508475
13:47:31,2371,7.680889830508475
13:47:32,2371,7.680889830508475
13:47:33,2371,7.680889830508475
13:47:34,2371,7.680889830508475
13:47:35,2371,7.680889830508475
13:47:36,2371,7.680974576271186
13:47:37,2370,7.680316518298714
13:47:38,2370,7.680316518298714
13:47:39,2370,7.680316518298714
13:47:40,2370,7.680316518298714
13:47:41,2370,7.680316518298714
13:47:42,2369,7.679728583545378
13:47:43,2369,7.679728583545378
13:47:44,2369,7.679728583545378
13:47:45,2369,7.679728583545378
13:47:46,2369,7.679728583545378
13:47:47,2367,7.682095359366158
13:47:48,2367,7.682095359366158
13:47:49,2367,7.682095359366158
13:47:50,2367,7.682095359366158
13:47:51,2367,7.682095359366158
13:47:52,2367,7.67971291189365
13:47:53,2367,7.67971291189365
13:47:54,2367,7.67971291189365
13:47:55,2366,7.678975664968874
13:47:56,2366,7.678975664968874
13:47:57,2365,7.679186128803964
13:47:58,2365,7.679186128803964
13:47:59,2366,7.679186128803964
13:48:00,2366,7.679186128803964
13:48:01,2366,7.679186128803964
13:48:02,2366,7.679186128803964
13:48:03,2366,7.679186128803964
13:48:04,2365,7.678363069951855
13:48:05,2365,7.678363069951855
13:48:06,2364,7.678665533361666
13:48:07,2364,7.678665533361666
13:48:08,2364,7.678665533361666
13:48:09,2364,7.678665533361666
13:48:10,2363,7.680484693877551
13:48:11,2362,7.680001417836381
13:48:12,2362,7.680001417836381
13:48:13,2361,7.679540621012335
13:48:14,2361,7.679540621012335
13:48:15,2361,7.679540621012335
13:48:16,2360,7.681460992907802
13:48:17,2360,7.681460992907802
13:48:18,2360,7.681460992907802
13:48:19,2360,7.681460992907802
13:48:20,2360,7.681460992907802
13:48:21,2361,7.681460992907802
13:48:22,2361,7.681460992907802
13:48:23,2360,7.683212714630339
13:48:24,2360,7.683212714630339
13:48:25,2360,7.683212714630339
13:48:26,2360,7.683212714630339
13:48:27,2360,7.683212714630339
13:48:28,2359,7.685029812606474
13:48:29,2359,7.685029812606474
13:48:30,2359,7.685029812606474
13:48:31,2358,7.684441130521233
13:48:32,2358,7.684441130521233
13:48:33,2357,7.686253196930946
13:48:34,2357,7.686253196930946
13:48:35,2357,7.683979548359607
13:48:36,2357,7.683979548359607
13:48:37,2357,7.683979548359607
13:48:38,2357,7.683979548359607
13:48:39,2356,7.6856919579425975
13:48:40,2356,7.683304928277233
13:48:41,2356,7.683304928277233
13:48:42,2356,7.683304928277233
13:48:43,2356,7.683304928277233
13:48:44,2356,7.683304928277233
13:48:45,2356,7.683304928277233
13:48:46,2355,7.682473714123331
13:48:47,2355,7.682473714123331
13:48:48,2355,7.682473714123331
13:48:49,2354,7.682423596304193
13:48:50,2354,7.67993037794828
13:48:51,2354,7.67993037794828
13:48:52,2353,7.681641791044776
13:48:53,2353,7.681641791044776
13:48:54,2353,7.681641791044776
13:48:55,2353,7.6806029579067125
13:48:56,2353,7.6806029579067125
13:48:57,2353,7.6806029579067125
13:48:58,2353,7.6806029579067125
13:48:59,2353,7.680516431924882
13:49:00,2353,7.680516431924882
13:49:01,2353,7.680516431924882
13:49:02,2353,7.680516431924882
13:49:03,2352,7.680310143690425
13:49:04,2353,7.680310143690425
13:49:05,2351,7.681923679339314
13:49:06,2351,7.679647025334472
13:49:07,2350,7.679695286914424
13:49:08,2351,7.679695286914424
13:49:09,2351,7.6775334471961285
13:49:10,2350,7.677630642175709
13:49:11,2350,7.67524195844008
13:49:12,2351,7.67524195844008
13:49:13,2351,7.676826142674071
13:49:14,2351,7.676826142674071
13:49:15,2351,7.676826142674071
13:49:16,2352,7.676826142674071
13:49:17,2352,7.676826142674071
13:49:18,2351,7.676844729344729
13:49:19,2352,7.676844729344729
13:49:20,2352,7.676844729344729
13:49:21,2352,7.676844729344729
13:49:22,2352,7.678452330055579
13:49:23,2352,7.678452330055579
13:49:24,2352,7.678452330055579
13:49:25,2352,7.678452330055579
13:49:26,2352,7.678452330055579
13:49:27,2352,7.678452330055579
13:49:28,2352,7.678452330055579
13:49:29,2352,7.6799757627601934
13:49:30,2352,7.6799757627601934
13:49:31,2352,7.6799757627601934
13:49:32,2352,7.6799757627601934
13:49:33,2352,7.6799757627601934
13:49:34,2352,7.6799757627601934
13:49:35,2352,7.6799757627601934
13:49:36,2352,7.6799757627601934
13:49:37,2352,7.6799757627601934
13:49:38,2351,7.679931536157467
13:49:39,2351,7.679931536157467
13:49:40,2351,7.679931536157467
13:49:41,2351,7.67976598173516
13:49:42,2351,7.67976598173516
13:49:43,2350,7.68129193433262
13:49:44,2350,7.68129193433262
13:49:45,2350,7.68129193433262
13:49:46,2350,7.68129193433262
13:49:47,2349,7.680912596401028
13:49:48,2349,7.680912596401028
13:49:49,2349,7.680912596401028
13:49:50,2348,7.6805543649092725
13:49:51,2348,7.6805543649092725
13:49:52,2349,7.6805543649092725
13:49:53,2348,7.682054030874785
13:49:54,2348,7.682054030874785
13:49:55,2349,7.682054030874785
13:49:56,2349,7.682054030874785
13:49:57,2349,7.679989998571225
13:49:58,2349,7.679989998571225
13:49:59,2349,7.679989998571225
13:50:00,2349,7.679989998571225
13:50:01,2350,7.679989998571225
13:50:02,2350,7.679989998571225
13:50:03,2350,7.679989998571225
13:50:04,2351,7.679989998571225
13:50:05,2350,7.67898985569367
13:50:06,2350,7.67898985569367
13:50:07,2349,7.678759291023442
13:50:08,2348,7.68002288002288
13:50:09,2348,7.68002288002288
13:50:10,2346,7.681036210104479
13:50:11,2346,7.681036210104479
13:50:12,2346,7.681036210104479
13:50:13,2347,7.681036210104479
13:50:14,2346,7.681221363115693
13:50:15,2346,7.681221363115693
13:50:16,2346,7.681221363115693
13:50:17,2346,7.681221363115693
13:50:18,2346,7.681221363115693
13:50:19,2347,7.681221363115693
13:50:20,2347,7.681221363115693
13:50:21,2346,7.682459533018192
13:50:22,2346,7.682459533018192
13:50:23,2346,7.682459533018192
13:50:24,2347,7.682459533018192
13:50:25,2348,7.682459533018192
13:50:26,2349,7.682459533018192
13:50:27,2348,7.68384207509315
13:50:28,2348,7.68384207509315
13:50:29,2348,7.68384207509315
13:50:30,2348,7.68384207509315
13:50:31,2348,7.68384207509315
13:50:32,2348,7.68384207509315
13:50:33,2346,7.685348537005164
13:50:34,2346,7.685348537005164
13:50:35,2346,7.685348537005164
13:50:36,2346,7.685348537005164
13:50:37,2346,7.685348537005164
13:50:38,2346,7.685348537005164
13:50:39,2344,7.685902957220787
13:50:40,2344,7.685902957220787
13:50:41,2344,7.685902957220787
13:50:42,2343,7.687133620689655
13:50:43,2342,7.6860201149425285
13:50:44,2342,7.684051414620135
13:50:45,2341,7.683498563218391
13:50:46,2340,7.684734799482536
13:50:47,2340,7.684734799482536
13:50:48,2340,7.684734799482536
13:50:49,2341,7.684734799482536
13:50:50,2343,7.684734799482536
13:50:51,2343,7.684734799482536
13:50:52,2344,7.684734799482536
13:50:53,2344,7.684734799482536
13:50:54,2344,7.684929536957147
13:50:55,2344,7.684929536957147
13:50:56,2345,7.684929536957147
13:50:57,2345,7.684929536957147
13:50:58,2346,7.684929536957147
13:50:59,2346,7.684929536957147
13:51:00,2346,7.684929536957147
13:51:01,2345,7.685606387570134
13:51:02,2344,7.686679620034542
13:51:03,2344,7.686679620034542
13:51:04,2344,7.686679620034542
13:51:05,2345,7.686679620034542
13:51:06,2345,7.687271418286538
13:51:07,2345,7.687271418286538
13:51:08,2345,7.687271418286538
13:51:09,2345,7.687271418286538
13:51:10,2345,7.684851755900978
13:51:11,2345,7.684658027357812
13:51:12,2345,7.684658027357812
13:51:13,2345,7.684658027357812
13:51:14,2345,7.684658027357812
13:51:15,2345,7.684658027357812
13:51:16,2345,7.682347438111687
13:51:17,2344,7.683491720662347
13:51:18,2344,7.681073690270582
13:51:19,2344,7.681073690270582
13:51:20,2344,7.678765645230902
13:51:21,2344,7.678765645230902
13:51:22,2344,7.678765645230902
13:51:23,2343,7.679720782959125
13:51:24,2343,7.679720782959125
13:51:25,2342,7.680741540676746
13:51:26,2342,7.680741540676746
13:51:27,2342,7.680741540676746
13:51:28,2341,7.678560115190785
13:51:29,2341,7.678560115190785
13:51:30,2341,7.678560115190785
13:51:31,2339,7.676894266781907
13:51:32,2339,7.676894266781907
13:51:33,2339,7.676894266781907
13:51:34,2338,7.676098861507422
13:51:35,2339,7.676098861507422
13:51:36,2338,7.673411154345007
13:51:37,2338,7.673411154345007
13:51:38,2337,7.674207035755479
13:51:39,2337,7.674207035755479
13:51:40,2337,7.674207035755479
13:51:41,2337,7.674207035755479
13:51:42,2336,7.675118996105582
13:51:43,2336,7.675118996105582
13:51:44,2336,7.675118996105582
13:51:45,2336,7.675118996105582
13:51:46,2336,7.675118996105582
13:51:47,2335,7.675959595959596
13:51:48,2335,7.675959595959596
13:51:49,2335,7.675959595959596
13:51:50,2335,7.675959595959596
13:51:51,2335,7.675959595959596
13:51:52,2335,7.675959595959596
13:51:53,2335,7.675959595959596
13:51:54,2335,7.675959595959596
13:51:55,2335,7.675959595959596
13:51:56,2334,7.6772917568933154
13:51:57,2333,7.674404504114335
13:51:58,2333,7.674404504114335
13:51:59,2333,7.674404504114335
13:52:00,2333,7.674404504114335
13:52:01,2332,7.674703928365107
13:52:02,2332,7.674703928365107
13:52:03,2332,7.674703928365107
13:52:04,2333,7.674703928365107
13:52:05,2333,7.674703928365107
13:52:06,2333,7.674703928365107
13:52:07,2332,7.674880797572604
13:52:08,2332,7.672811958405546
13:52:09,2332,7.672811958405546
13:52:10,2331,7.674353417136252
13:52:11,2331,7.672284806470248
13:52:12,2331,7.672284806470248
13:52:13,2331,7.672284806470248
13:52:14,2331,7.672284806470248
13:52:15,2330,7.672092183210519
13:52:16,2330,7.669779029462739
13:52:17,2330,7.669779029462739
13:52:18,2329,7.669924866348794
13:52:19,2329,7.669924866348794
13:52:20,2328,7.670576756287945
13:52:21,2328,7.670576756287945
13:52:22,2327,7.67118582791034
13:52:23,2327,7.67118582791034
13:52:24,2327,7.668755420641804
13:52:25,2326,7.6694287780187995
13:52:26,2326,7.6694287780187995
13:52:27,2324,7.670697640758431
13:52:28,2324,7.668258101851851
13:52:29,2324,7.668258101851851
13:52:30,2323,7.669366044290056
13:52:31,2323,7.669366044290056
13:52:32,2322,7.66996090356212
13:52:33,2322,7.66996090356212
13:52:34,2322,7.66996090356212
13:52:35,2321,7.671237143271042
13:52:36,2321,7.671237143271042
13:52:37,2321,7.671237143271042
13:52:38,2321,7.669034173182739
13:52:39,2321,7.669607417065044
13:52:40,2321,7.669607417065044
13:52:41,2321,7.669607417065044
13:52:42,2321,7.669607417065044
13:52:43,2321,7.669607417065044
13:52:44,2321,7.669607417065044
13:52:45,2321,7.669607417065044
13:52:46,2321,7.6670648711265565
13:52:47,2322,7.664748878274714
13:52:48,2321,7.664986967854039
13:52:49,2321,7.664986967854039
13:52:50,2321,7.664986967854039
13:52:51,2321,7.664986967854039
13:52:52,2320,7.664957264957265
13:52:53,2320,7.664957264957265
13:52:54,2320,7.664957264957265
13:52:55,2318,7.666731912425692
13:52:56,2318,7.666731912425692
13:52:57,2318,7.666731912425692
13:52:58,2317,7.666325938813977
13:52:59,2317,7.6638913043478265
13:53:00,2317,7.6638913043478265
13:53:01,2317,7.662002028103723
13:53:02,2317,7.662002028103723
13:53:03,2317,7.662002028103723
13:53:04,2317,7.659694468578048
13:53:05,2317,7.659694468578048
13:53:06,2317,7.659694468578048
13:53:07,2317,7.659694468578048
13:53:08,2317,7.657627731943842
13:53:09,2316,7.658000289603243
13:53:10,2316,7.658000289603243
13:53:11,2316,7.658000289603243
13:53:12,2315,7.655944106573994
13:53:13,2315,7.651692708333333
13:53:14,2314,7.6520842379505
13:53:15,2313,7.653424558355054
13:53:16,2313,7.653424558355054
13:53:17,2311,7.654775362318841
13:53:18,2311,7.652694480660583
13:53:19,2309,7.65403073800203
13:53:20,2309,7.65403073800203
13:53:21,2309,7.65403073800203
13:53:22,2307,7.6553693223044545
13:53:23,2307,7.6553693223044545
13:53:24,2307,7.6553693223044545
13:53:25,2307,7.6553693223044545
13:53:26,2307,7.652835799245721
13:53:27,2307,7.652835799245721
13:53:28,2307,7.652835799245721
13:53:29,2308,7.652835799245721
13:53:30,2306,7.654732868757259
13:53:31,2306,7.654732868757259
13:53:32,2305,7.6559767610748
13:53:33,2305,7.6559767610748
13:53:34,2306,7.6559767610748
13:53:35,2305,7.656168265039232
13:53:36,2305,7.656168265039232
13:53:37,2305,7.656168265039232
13:53:38,2306,7.656168265039232
13:53:39,2306,7.656168265039232
13:53:40,2306,7.656168265039232
13:53:41,2306,7.656168265039232
13:53:42,2305,7.656330862043902
13:53:43,2305,7.654126707352514
13:53:44,2305,7.654126707352514
13:53:45,2305,7.654126707352514
13:53:46,2304,7.654906236371565
13:53:47,2304,7.654906236371565
13:53:48,2304,7.652702702702703
13:53:49,2304,7.652702702702703
13:53:50,2304,7.652702702702703
13:53:51,2305,7.652702702702703
13:53:52,2305,7.652702702702703
13:53:53,2304,7.653743276639046
13:53:54,2304,7.653743276639046
13:53:55,2304,7.653743276639046
13:53:56,2304,7.653743276639046
13:53:57,2304,7.653743276639046
13:53:58,2304,7.653743276639046
13:53:59,2303,7.65381762652705
13:54:00,2303,7.651853467073702
13:54:01,2303,7.651853467073702
13:54:02,2303,7.64989102005231
13:54:03,2304,7.64989102005231
13:54:04,2303,7.650065416484954
13:54:05,2303,7.648031095611741
13:54:06,2302,7.648858845762465
13:54:07,2302,7.648858845762465
13:54:08,2302,7.648858845762465
13:54:09,2302,7.648858845762465
13:54:10,2302,7.648858845762465
13:54:11,2301,7.648938336242001
13:54:12,2300,7.649679906882002
13:54:13,2300,7.649679906882002
13:54:14,2299,7.650844250363901
13:54:15,2299,7.650844250363901
13:54:16,2298,7.650815494393476
13:54:17,2298,7.650815494393476
13:54:18,2298,7.650815494393476
13:54:19,2296,7.6520478064422095
13:54:20,2296,7.6520478064422095
13:54:21,2296,7.6520478064422095
13:54:22,2296,7.6520478064422095
13:54:23,2295,7.65213619130942
13:54:24,2295,7.65213619130942
13:54:25,2294,7.652086068563093
13:54:26,2294,7.649766695829688
13:54:27,2294,7.649766695829688
13:54:28,2294,7.649766695829688
13:54:29,2295,7.649766695829688
13:54:30,2295,7.649766695829688
13:54:31,2295,7.649766695829688
13:54:32,2295,7.649766695829688
13:54:33,2294,7.6509555069292485
13:54:34,2294,7.6509555069292485
13:54:35,2293,7.65094862813777
13:54:36,2294,7.65094862813777
13:54:37,2294,7.65094862813777
13:54:38,2294,7.65094862813777
13:54:39,2294,7.65094862813777
13:54:40,2294,7.65094862813777
13:54:41,2293,7.651598773543583
13:54:42,2293,7.651598773543583
13:54:43,2293,7.651598773543583
13:54:44,2292,7.651482617586912
13:54:45,2292,7.651482617586912
13:54:46,2292,7.651482617586912
13:54:47,2292,7.651482617586912
13:54:48,2292,7.651482617586912
13:54:49,2292,7.651482617586912
13:54:50,2292,7.651482617586912
13:54:51,2292,7.651482617586912
13:54:52,2292,7.6473876240513725
13:54:53,2292,7.647853701270259
13:54:54,2292,7.647853701270259
13:54:55,2291,7.647845457201285
13:54:56,2291,7.647845457201285
13:54:57,2291,7.647845457201285
13:54:58,2291,7.647845457201285
13:54:59,2291,7.647845457201285
13:55:00,2290,7.648626333479468
13:55:01,2290,7.648626333479468
13:55:02,2288,7.649436887523767
13:55:03,2288,7.649436887523767
13:55:04,2287,7.649890254609306
13:55:05,2287,7.649890254609306
13:55:06,2287,7.649890254609306
13:55:07,2287,7.649890254609306
13:55:08,2287,7.649890254609306
13:55:09,2285,7.650571177504394
13:55:10,2285,7.650571177504394
13:55:11,2285,7.650571177504394
13:55:12,2285,7.650571177504394
13:55:13,2285,7.650571177504394
13:55:14,2285,7.650571177504394
13:55:15,2285,7.650571177504394
13:55:16,2285,7.650571177504394
13:55:17,2285,7.650571177504394
13:55:18,2285,7.650571177504394
13:55:19,2285,7.650571177504394
13:55:20,2285,7.650571177504394
13:55:21,2285,7.650571177504394
13:55:22,2285,7.650571177504394
13:55:23,2283,7.651062738199942
13:55:24,2283,7.651062738199942
13:55:25,2282,7.651173192550227
13:55:26,2282,7.651173192550227
13:55:27,2282,7.651173192550227
13:55:28,2282,7.651173192550227
13:55:29,2282,7.651173192550227
13:55:30,2282,7.651173192550227
13:55:31,2282,7.651173192550227
13:55:32,2282,7.651173192550227
13:55:33,2282,7.651173192550227
13:55:34,2282,7.651173192550227
13:55:35,2281,7.6515338323792745
13:55:36,2281,7.6515338323792745
13:55:37,2281,7.6515338323792745
13:55:38,2279,7.651623328926106
13:55:39,2279,7.649162995594713
13:55:40,2279,7.649162995594713
13:55:41,2279,7.649162995594713
13:55:42,2278,7.644892118009688
13:55:43,2279,7.644892118009688
13:55:44,2279,7.644892118009688
13:55:45,2278,7.645315712187959
13:55:46,2278,7.645315712187959
13:55:47,2278,7.645315712187959
13:55:48,2277,7.645879241956809
13:55:49,2278,7.645879241956809
13:55:50,2278,7.643538913362702
13:55:51,2278,7.643538913362702
13:55:52,2278,7.643538913362702
13:55:53,2277,7.642977816953136
13:55:54,2278,7.642977816953136
13:55:55,2278,7.642977816953136
13:55:56,2278,7.642977816953136
13:55:57,2278,7.642977816953136
13:55:58,2277,7.643783068783069
13:55:59,2278,7.643783068783069
13:56:00,2278,7.643783068783069
13:56:01,2276,7.643578993821712
13:56:02,2277,7.643578993821712
13:56:03,2276,7.643936718175128
13:56:04,2276,7.643936718175128
13:56:05,2276,7.643936718175128
13:56:06,2276,7.643936718175128
13:56:07,2276,7.643936718175128
13:56:08,2277,7.643936718175128
13:56:09,2277,7.643936718175128
13:56:10,2277,7.643936718175128
13:56:11,2277,7.643936718175128
13:56:12,2275,7.642101001177857
13:56:13,2275,7.642101001177857
13:56:14,2275,7.642101001177857
13:56:15,2275,7.642101001177857
13:56:16,2274,7.642112240388864
13:56:17,2274,7.642112240388864
13:56:18,2274,7.642956086059534
13:56:19,2274,7.642956086059534
13:56:20,2274,7.642956086059534
13:56:21,2274,7.642956086059534
13:56:22,2275,7.642956086059534
13:56:23,2275,7.642956086059534
13:56:24,2274,7.6413277335691125
13:56:25,2273,7.640549904172195
13:56:26,2273,7.637975243147657
13:56:27,2272,7.637608727701607
13:56:28,2272,7.637608727701607
13:56:29,2272,7.637608727701607
13:56:30,2272,7.637608727701607
13:56:31,2273,7.637608727701607
13:56:32,2272,7.6378466076696165
13:56:33,2271,7.6381806108897745
13:56:34,2271,7.6381806108897745
13:56:35,2271,7.6381806108897745
13:56:36,2271,7.635730088495575
13:56:37,2271,7.636063154788255
13:56:38,2271,7.636063154788255
13:56:39,2271,7.636063154788255
13:56:40,2271,7.636063154788255
13:56:41,2271,7.636063154788255
13:56:42,2270,7.6367581930912305
13:56:43,2270,7.6367581930912305
13:56:44,2269,7.636922168069709
13:56:45,2270,7.636922168069709
13:56:46,2270,7.636922168069709
13:56:47,2270,7.636922168069709
13:56:48,2270,7.636922168069709
13:56:49,2270,7.636922168069709
13:56:50,2269,7.636362293144208
13:56:51,2270,7.636362293144208
13:56:52,2270,7.636362293144208
13:56:53,2270,7.636362293144208
13:56:54,2270,7.636362293144208
13:56:55,2270,7.636362293144208
13:56:56,2270,7.636362293144208
13:56:57,2271,7.636362293144208
13:56:58,2271,7.636362293144208
13:56:59,2271,7.636362293144208
13:57:00,2271,7.636362293144208
13:57:01,2271,7.636362293144208
13:57:02,2271,7.636362293144208
13:57:03,2272,7.636362293144208
13:57:04,2272,7.636362293144208
13:57:05,2272,7.636362293144208
13:57:06,2271,7.636541019955654
13:57:07,2270,7.636542443064182
13:57:08,2270,7.636542443064182
13:57:09,2270,7.636542443064182
13:57:10,2269,7.6368397691966265
13:57:11,2269,7.6368397691966265
13:57:12,2269,7.6368397691966265
13:57:13,2269,7.6368397691966265
13:57:14,2269,7.6368397691966265
13:57:15,2268,7.634805444592396
13:57:16,2267,7.634332445233866
13:57:17,2267,7.634332445233866
13:57:18,2267,7.634332445233866
13:57:19,2266,7.633525840367244
13:57:20,2267,7.633525840367244
13:57:21,2266,7.633762962962963
13:57:22,2266,7.633762962962963
13:57:23,2266,7.633762962962963
13:57:24,2265,7.634200385356454
13:57:25,2265,7.634200385356454
13:57:26,2265,7.634200385356454
13:57:27,2266,7.634200385356454
13:57:28,2266,7.634200385356454
13:57:29,2266,7.634200385356454
13:57:30,2266,7.634200385356454
13:57:31,2265,7.634541814946619
13:57:32,2265,7.634541814946619
13:57:33,2265,7.634541814946619
13:57:34,2265,7.634541814946619
13:57:35,2265,7.634541814946619
13:57:36,2265,7.634541814946619
13:57:37,2264,7.634282747366859
13:57:38,2264,7.634282747366859
13:57:39,2264,7.634282747366859
13:57:40,2264,7.634282747366859
13:57:41,2262,7.6347587230883445
13:57:42,2262,7.6347587230883445
13:57:43,2262,7.6347587230883445
13:57:44,2262,7.6347587230883445
13:57:45,2261,7.63173719376392
13:57:46,2261,7.63173719376392
13:57:47,2261,7.63173719376392
13:57:48,2261,7.63173719376392
13:57:49,2261,7.63173719376392
13:57:50,2259,7.631899242086491
13:57:51,2259,7.631899242086491
13:57:52,2260,7.631899242086491
13:57:53,2259,7.628919601723881
13:57:54,2260,7.628919601723881
13:57:55,2259,7.628984537615224
13:57:56,2259,7.628984537615224
13:57:57,2259,7.626631000148611
13:57:58,2260,7.626631000148611
13:57:59,2259,7.626702349093072
13:58:00,2259,7.626702349093072
13:58:01,2260,7.626702349093072
13:58:02,2259,7.627331548415886
13:58:03,2259,7.627331548415886
13:58:04,2259,7.626808035714286
13:58:05,2258,7.624605654761905
13:58:06,2258,7.624605654761905
13:58:07,2259,7.622147850661906
13:58:08,2259,7.622147850661906
13:58:09,2259,7.6215922619047625
13:58:10,2260,7.6215922619047625
13:58:11,2259,7.618735119047619
13:58:12,2259,7.618735119047619
13:58:13,2258,7.618177757927646
13:58:14,2258,7.618177757927646
13:58:15,2259,7.618177757927646
13:58:16,2259,7.617709264224009
13:58:17,2259,7.617709264224009
13:58:18,2259,7.617709264224009
13:58:19,2259,7.617709264224009
13:58:20,2259,7.617709264224009
13:58:21,2259,7.617709264224009
13:58:22,2259,7.617709264224009
13:58:23,2259,7.617709264224009
13:58:24,2259,7.615237457198154
13:58:25,2258,7.6156836461126005
13:58:26,2257,7.615526747131574
13:58:27,2257,7.615526747131574
13:58:28,2257,7.615526747131574
13:58:29,2256,7.615004472271915
13:58:30,2256,7.612650871703173
13:58:31,2256,7.612650871703173
13:58:32,2257,7.612650871703173
13:58:33,2256,7.612634168157424
13:58:34,2256,7.612634168157424
13:58:35,2257,7.612634168157424
13:58:36,2257,7.612634168157424
13:58:37,2257,7.610162419907614
13:58:38,2256,7.6095930232558135
13:58:39,2256,7.6095930232558135
13:58:40,2256,7.6095930232558135
13:58:41,2255,7.608985831469053
13:58:42,2255,7.608985831469053
13:58:43,2255,7.60662641621944
13:58:44,2256,7.60662641621944
13:58:45,2256,7.604172254507525
13:58:46,2256,7.604172254507525
13:58:47,2255,7.603957960644007
13:58:48,2255,7.603957960644007
13:58:49,2255,7.603957960644007
13:58:50,2254,7.601826177698271
13:58:51,2254,7.601826177698271
13:58:52,2254,7.601826177698271
13:58:53,2254,7.601826177698271
13:58:54,2254,7.601826177698271
13:58:55,2253,7.602453392990305
13:58:56,2253,7.602453392990305
13:58:57,2253,7.602453392990305
13:58:58,2251,7.601679355127631
13:58:59,2251,7.601679355127631
13:59:00,2251,7.601679355127631
13:59:01,2250,7.600821385902031
13:59:02,2250,7.600821385902031
13:59:03,2249,7.600022411474675
13:59:04,2249,7.600022411474675
13:59:05,2249,7.600022411474675
13:59:06,2249,7.600022411474675
13:59:07,2248,7.599753363228699
13:59:08,2248,7.599753363228699
13:59:09,2248,7.599753363228699
13:59:10,2248,7.599753363228699
13:59:11,2248,7.599753363228699
13:59:12,2249,7.597392798446138
13:59:13,2249,7.597392798446138
13:59:14,2249,7.597392798446138
13:59:15,2249,7.597392798446138
13:59:16,2249,7.597392798446138
13:59:17,2247,7.596298788694482
13:59:18,2247,7.596298788694482
13:59:19,2246,7.593180798564378
13:59:20,2246,7.593180798564378
13:59:21,2246,7.593180798564378
13:59:22,2246,7.593180798564378
13:59:23,2246,7.593180798564378
13:59:24,2246,7.593180798564378
13:59:25,2247,7.590829596412556
13:59:26,2246,7.58983101540302
13:59:27,2246,7.58983101540302
13:59:28,2246,7.58983101540302
13:59:29,2246,7.58983101540302
13:59:30,2246,7.58983101540302
13:59:31,2246,7.58983101540302
13:59:32,2246,7.58983101540302
13:59:33,2247,7.587361733931241
13:59:34,2247,7.587361733931241
13:59:35,2247,7.587361733931241
13:59:36,2247,7.587361733931241
13:59:37,2246,7.58770001495439
13:59:38,2246,7.58770001495439
13:59:39,2247,7.58770001495439
13:59:40,2246,7.587507480550569
13:59:41,2246,7.587507480550569
13:59:42,2245,7.58466487133453
13:59:43,2244,7.58360275407873
13:59:44,2244,7.58360275407873
13:59:45,2243,7.584291704103025
13:59:46,2242,7.583220973782772
13:59:47,2242,7.583220973782772
13:59:48,2241,7.582156774580336
13:59:49,2241,7.582156774580336
13:59:50,2240,7.582066276803119
13:59:51,2239,7.581098109810981
13:59:52,2239,7.581098109810981
13:59:53,2239,7.581098109810981
13:59:54,2238,7.580016509079994
13:59:55,2238,7.580016509079994
13:59:56,2238,7.580016509079994
13:59:57,2238,7.580016509079994
13:59:58,2237,7.577345039771874
13:59:59,2237,7.577345039771874
14:00:00,2237,7.577345039771874
14:00:01,2236,7.5779804804804805
14:00:02,2236,7.5779804804804805
14:00:03,2236,7.5779804804804805
14:00:04,2236,7.5779804804804805
14:00:05,2236,7.5779804804804805
14:00:06,2236,7.5779804804804805
14:00:07,2236,7.5779804804804805
14:00:08,2236,7.5779804804804805
14:00:09,2236,7.5779804804804805
14:00:10,2235,7.577662610785639
14:00:11,2235,7.577662610785639
14:00:12,2234,7.578028253681995
14:00:13,2234,7.578028253681995
14:00:14,2235,7.575657202944269
14:00:15,2234,7.575120228434025
14:00:16,2233,7.573823485190197
14:00:17,2234,7.573823485190197
14:00:18,2234,7.571453261196273
14:00:19,2234,7.571453261196273
14:00:20,2234,7.571453261196273
14:00:21,2234,7.571453261196273
14:00:22,2235,7.568859846777828
14:00:23,2234,7.5664112963797505
14:00:24,2234,7.5664112963797505
14:00:25,2234,7.564054054054054
14:00:26,2235,7.564054054054054
14:00:27,2235,7.564054054054054
14:00:28,2235,7.564054054054054
14:00:29,2235,7.564054054054054
14:00:30,2236,7.564054054054054
14:00:31,2236,7.564054054054054
14:00:32,2236,7.564054054054054
14:00:33,2235,7.5626858945470925
14:00:34,2235,7.5626858945470925
14:00:35,2235,7.5626858945470925
14:00:36,2234,7.561324015629697
14:00:37,2234,7.561324015629697
14:00:38,2234,7.561324015629697
14:00:39,2233,7.560118779130958
14:00:40,2233,7.560118779130958
14:00:41,2233,7.560118779130958
14:00:42,2233,7.560118779130958
14:00:43,2232,7.558837244283995
14:00:44,2232,7.558837244283995
14:00:45,2232,7.556608028867839
14:00:46,2231,7.556332731648616
14:00:47,2231,7.556332731648616
14:00:48,2230,7.556704288939051
14:00:49,2230,7.556704288939051
14:00:50,2230,7.556704288939051
14:00:51,2229,7.557106293285155
14:00:52,2228,7.555543003464377
14:00:53,2228,7.555543003464377
14:00:54,2228,7.555543003464377
14:00:55,2228,7.555543003464377
14:00:56,2228,7.555543003464377
14:00:57,2227,7.551762313601446
14:00:58,2227,7.551762313601446
14:00:59,2227,7.551762313601446
14:01:00,2227,7.551762313601446
14:01:01,2227,7.551762313601446
14:01:02,2226,7.551047317661242
14:01:03,2226,7.551047317661242
14:01:04,2226,7.551047317661242
14:01:05,2225,7.550248756218905
14:01:06,2224,7.546502336800844
14:01:07,2224,7.546502336800844
14:01:08,2223,7.544901960784314
14:01:09,2223,7.542899140660335
14:01:10,2223,7.542899140660335
14:01:11,2222,7.541372549019608
14:01:12,2222,7.541372549019608
14:01:13,2222,7.541372549019608
14:01:14,2222,7.541372549019608
14:01:15,2221,7.539806850762034
14:01:16,2221,7.539806850762034
14:01:17,2221,7.539806850762034
14:01:18,2221,7.539806850762034
14:01:19,2221,7.537820512820513
14:01:20,2221,7.537820512820513
14:01:21,2220,7.5374075750716765
14:01:22,2220,7.5374075750716765
14:01:23,2220,7.5374075750716765
14:01:24,2220,7.5374075750716765
14:01:25,2220,7.5374075750716765
14:01:26,2219,7.537809480676328
14:01:27,2219,7.537809480676328
14:01:28,2219,7.537809480676328
14:01:29,2218,7.537743543271409
14:01:30,2218,7.537743543271409
14:01:31,2218,7.537743543271409
14:01:32,2218,7.537743543271409
14:01:33,2218,7.537743543271409
14:01:34,2217,7.537866424901782
14:01:35,2217,7.535953783416402
14:01:36,2216,7.5341719552734965
14:01:37,2216,7.5341719552734965
14:01:38,2216,7.532064642803202
14:01:39,2216,7.532064642803202
14:01:40,2215,7.531104563312179
14:01:41,2215,7.531104563312179
14:01:42,2215,7.531104563312179
14:01:43,2215,7.531104563312179
14:01:44,2214,7.529478458049886
14:01:45,2214,7.529478458049886
14:01:46,2213,7.529733817301875
14:01:47,2212,7.527969435618096
14:01:48,2212,7.527969435618096
14:01:49,2212,7.527969435618096
14:01:50,2212,7.5257410768300055
14:01:51,2212,7.5257410768300055
14:01:52,2211,7.524746557724315
14:01:53,2211,7.52238354506957
14:01:54,2211,7.52238354506957
14:01:55,2211,7.52238354506957
14:01:56,2210,7.520373732788622
14:01:57,2210,7.520373732788622
14:01:58,2210,7.520373732788622
14:01:59,2210,7.520373732788622
14:02:00,2210,7.520373732788622
14:02:01,2210,7.520373732788622
14:02:02,2210,7.520373732788622
14:02:03,2210,7.520373732788622
14:02:04,2209,7.520125643354526
14:02:05,2209,7.520125643354526
14:02:06,2209,7.520125643354526
14:02:07,2209,7.520125643354526
14:02:08,2208,7.5176052073872235
14:02:09,2208,7.5176052073872235
14:02:10,2207,7.517264879600181
14:02:11,2207,7.517264879600181
14:02:12,2206,7.515219696969697
14:02:13,2206,7.515219696969697
14:02:14,2206,7.515219696969697
14:02:15,2205,7.511962121212121
14:02:16,2205,7.511962121212121
14:02:17,2205,7.511962121212121
14:02:18,2204,7.509981809913597
14:02:19,2204,7.509981809913597
14:02:20,2204,7.509981809913597
14:02:21,2204,7.509981809913597
14:02:22,2204,7.509981809913597
14:02:23,2204,7.509981809913597
14:02:24,2204,7.509981809913597
14:02:25,2204,7.509981809913597
14:02:26,2203,7.505911778080946
14:02:27,2203,7.505911778080946
14:02:28,2203,7.503446969696969
14:02:29,2203,7.503446969696969
14:02:30,2202,7.503099893891163
14:02:31,2201,7.500978161965423
14:02:32,2201,7.498514476277095
14:02:33,2201,7.498514476277095
14:02:34,2200,7.496474067333939
14:02:35,2200,7.496474067333939
14:02:36,2198,7.492118039751176
14:02:37,2198,7.492118039751176
14:02:38,2197,7.4898679417122045
14:02:39,2197,7.4898679417122045
14:02:40,2197,7.4898679417122045
14:02:41,2197,7.4898679417122045
14:02:42,2196,7.488868640850417
14:02:43,2196,7.488868640850417
14:02:44,2196,7.488868640850417
14:02:45,2196,7.488868640850417
14:02:46,2196,7.488868640850417
14:02:47,2196,7.488868640850417
14:02:48,2196,7.488868640850417
14:02:49,2195,7.487784867821331
14:02:50,2195,7.487784867821331
14:02:51,2194,7.4855829153366775
14:02:52,2194,7.483242175630507
14:02:53,2193,7.481144550843593
14:02:54,2193,7.481144550843593
14:02:55,2193,7.481144550843593
14:02:56,2193,7.481144550843593
14:02:57,2193,7.481144550843593
14:02:58,2193,7.481144550843593
14:02:59,2193,7.481144550843593
14:03:00,2193,7.481144550843593
14:03:01,2191,7.478335615396318
14:03:02,2191,7.478335615396318
14:03:03,2191,7.478335615396318
14:03:04,2191,7.478335615396318
14:03:05,2191,7.478335615396318
14:03:06,2190,7.476019786910198
14:03:07,2190,7.476019786910198
14:03:08,2189,7.473945485000761
14:03:09,2189,7.473945485000761
14:03:10,2189,7.473945485000761
14:03:11,2189,7.473945485000761
14:03:12,2189,7.473945485000761
14:03:13,2188,7.471701706276661
14:03:14,2188,7.471701706276661
14:03:15,2188,7.471701706276661
14:03:16,2188,7.471701706276661
14:03:17,2188,7.471701706276661
14:03:18,2188,7.471701706276661
14:03:19,2188,7.471701706276661
14:03:20,2188,7.471701706276661
14:03:21,2188,7.472374638012498
14:03:22,2188,7.472374638012498
14:03:23,2188,7.472374638012498
14:03:24,2187,7.469967978042086
14:03:25,2187,7.469967978042086
14:03:26,2187,7.469967978042086
14:03:27,2187,7.469967978042086
14:03:28,2187,7.469967978042086
14:03:29,2187,7.469967978042086
14:03:30,2187,7.469967978042086
14:03:31,2187,7.469967978042086
14:03:32,2186,7.469206712433257
14:03:33,2186,7.469206712433257
14:03:34,2186,7.469206712433257
14:03:35,2184,7.465971904107497
14:03:36,2184,7.465971904107497
14:03:37,2184,7.465971904107497
14:03:38,2183,7.465039718912313
14:03:39,2183,7.465039718912313
14:03:40,2181,7.462339449541285
14:03:41,2181,7.462339449541285
14:03:42,2180,7.459828667584519
14:03:43,2180,7.459828667584519
14:03:44,2180,7.459828667584519
14:03:45,2180,7.459828667584519
14:03:46,2180,7.459828667584519
14:03:47,2180,7.459828667584519
14:03:48,2180,7.459828667584519
14:03:49,2180,7.459828667584519
14:03:50,2180,7.459828667584519
14:03:51,2180,7.459828667584519
14:03:52,2180,7.459828667584519
14:03:53,2180,7.459828667584519
14:03:54,2180,7.459828667584519
14:03:55,2180,7.459828667584519
14:03:56,2179,7.458976124885216
14:03:57,2179,7.458976124885216
14:03:58,2178,7.45643852396264
14:03:59,2178,7.45643852396264
14:04:00,2178,7.45643852396264
14:04:01,2178,7.45643852396264
14:04:02,2178,7.45643852396264
14:04:03,2178,7.45643852396264
14:04:04,2178,7.45643852396264
14:04:05,2178,7.45643852396264
14:04:06,2178,7.45643852396264
14:04:07,2177,7.4555300245098035
14:04:08,2177,7.4555300245098035
14:04:09,2175,7.452046918123275
14:04:10,2175,7.452046918123275
14:04:11,2175,7.452046918123275
14:04:12,2175,7.452046918123275
14:04:13,2174,7.451342230403436
14:04:14,2173,7.448603437691835
14:04:15,2173,7.448603437691835
14:04:16,2172,7.447558728696453
14:04:17,2171,7.444946236559139
14:04:18,2171,7.444946236559139
14:04:19,2171,7.444946236559139
14:04:20,2170,7.4436299369909324
14:04:21,2170,7.4436299369909324
14:04:22,2170,7.4436299369909324
14:04:23,2170,7.4436299369909324
14:04:24,2170,7.4436299369909324
14:04:25,2169,7.441020910209102
14:04:26,2169,7.441020910209102
14:04:27,2169,7.441020910209102
14:04:28,2169,7.441020910209102
14:04:29,2169,7.441020910209102
14:04:30,2168,7.441524380864482
14:04:31,2167,7.439966143428747
14:04:32,2167,7.439966143428747
14:04:33,2167,7.439966143428747
14:04:34,2167,7.439966143428747
14:04:35,2167,7.439966143428747
14:04:36,2167,7.439966143428747
14:04:37,2167,7.439966143428747
14:04:38,2167,7.439966143428747
14:04:39,2167,7.439966143428747
14:04:40,2167,7.439966143428747
14:04:41,2167,7.439966143428747
14:04:42,2167,7.439966143428747
14:04:43,2166,7.438960739030023
14:04:44,2166,7.438960739030023
14:04:45,2166,7.438960739030023
14:04:46,2165,7.437815773259397
14:04:47,2165,7.437815773259397
14:04:48,2165,7.437815773259397
14:04:49,2165,7.437815773259397
14:04:50,2165,7.437815773259397
14:04:51,2165,7.437815773259397
14:04:52,2165,7.437815773259397
14:04:53,2165,7.437815773259397
14:04:54,2165,7.437815773259397
14:04:55,2165,7.437815773259397
14:04:56,2165,7.437815773259397
14:04:57,2164,7.436831561103405
14:04:58,2163,7.433957755164971
14:04:59,2163,7.433957755164971
14:05:00,2163,7.433957755164971
14:05:01,2163,7.433957755164971
14:05:02,2162,7.434173993521518
14:05:03,2161,7.431149691358025
14:05:04,2160,7.430199166280685
14:05:05,2160,7.430199166280685
14:05:06,2159,7.428954278653074
14:05:07,2159,7.428954278653074
14:05:08,2159,7.428954278653074
14:05:09,2159,7.428954278653074
14:05:10,2159,7.428954278653074
14:05:11,2159,7.428954278653074
14:05:12,2159,7.428954278653074
14:05:13,2159,7.428954278653074
14:05:14,2158,7.427229176325143
14:05:15,2158,7.427229176325143
14:05:16,2158,7.427229176325143
14:05:17,2158,7.427229176325143
14:05:18,2158,7.427229176325143
14:05:19,2156,7.424052590873937
14:05:20,2156,7.424052590873937
14:05:21,2156,7.424052590873937
14:05:22,2154,7.419832791453786
14:05:23,2154,7.419832791453786
14:05:24,2154,7.419832791453786
14:05:25,2154,7.419832791453786
14:05:26,2154,7.419832791453786
14:05:27,2154,7.419832791453786
14:05:28,2154,7.419832791453786
14:05:29,2154,7.419832791453786
14:05:30,2154,7.419832791453786
14:05:31,2154,7.419832791453786
14:05:32,2153,7.417913568773234
14:05:33,2153,7.417913568773234
14:05:34,2152,7.417154811715481
14:05:35,2152,7.417154811715481
14:05:36,2152,7.417154811715481
14:05:37,2151,7.414364341085271
14:05:38,2151,7.414364341085271
14:05:39,2150,7.413006049325267
14:05:40,2150,7.413006049325267
14:05:41,2149,7.410699875853507
14:05:42,2149,7.410699875853507
14:05:43,2149,7.410699875853507
14:05:44,2149,7.410699875853507
14:05:45,2149,7.410699875853507
14:05:46,2149,7.410699875853507
14:05:47,2149,7.410699875853507
14:05:48,2148,7.409260984319205
14:05:49,2147,7.407991612301957
14:05:50,2147,7.407991612301957
14:05:51,2147,7.407991612301957
14:05:52,2146,7.406627816627816
14:05:53,2146,7.406627816627816
14:05:54,2146,7.406627816627816
14:05:55,2145,7.404151119402985
14:05:56,2145,7.401895881895882
14:05:57,2145,7.401895881895882
14:05:58,2145,7.401895881895882
14:05:59,2145,7.401895881895882
14:06:00,2145,7.401895881895882
14:06:01,2145,7.401895881895882
14:06:02,2145,7.401895881895882
14:06:03,2145,7.401895881895882
14:06:04,2145,7.401895881895882
14:06:05,2144,7.400831778606966
14:06:06,2144,7.400831778606966
14:06:07,2144,7.400831778606966
14:06:08,2143,7.399875563851299
14:06:09,2142,7.398957360722067
14:06:10,2141,7.397742487933987
14:06:11,2141,7.397742487933987
14:06:12,2140,7.395498442367601
14:06:13,2140,7.395498442367601
14:06:14,2140,7.395498442367601
14:06:15,2140,7.395498442367601
14:06:16,2140,7.395498442367601
14:06:17,2140,7.395498442367601
14:06:18,2140,7.395498442367601
14:06:19,2140,7.395498442367601
14:06:20,2140,7.395498442367601
14:06:21,2140,7.395498442367601
14:06:22,2139,7.393002960885149
14:06:23,2138,7.392906142812597
14:06:24,2137,7.3900171580096705
14:06:25,2137,7.3900171580096705
14:06:26,2137,7.3900171580096705
14:06:27,2136,7.388810861423221
14:06:28,2135,7.387111631537861
14:06:29,2135,7.387111631537861
14:06:30,2135,7.387111631537861
14:06:31,2134,7.385035926273039
14:06:32,2134,7.385035926273039
14:06:33,2134,7.385035926273039
14:06:34,2134,7.385035926273039
14:06:35,2134,7.385035926273039
14:06:36,2134,7.385035926273039
14:06:37,2134,7.385035926273039
14:06:38,2134,7.385035926273039
14:06:39,2134,7.385035926273039
14:06:40,2134,7.385035926273039
14:06:41,2133,7.3852086263478665
14:06:42,2133,7.3852086263478665
14:06:43,2132,7.383646028767981
14:06:44,2131,7.381941185671829
14:06:45,2130,7.38018779342723
14:06:46,2130,7.38018779342723
14:06:47,2130,7.38018779342723
14:06:48,2129,7.378792860497886
14:06:49,2129,7.378792860497886
14:06:50,2129,7.378792860497886
14:06:51,2129,7.378792860497886
14:06:52,2129,7.378792860497886
14:06:53,2129,7.378792860497886
14:06:54,2128,7.377427944862155
14:06:55,2128,7.377427944862155
14:06:56,2128,7.377427944862155
14:06:57,2128,7.377427944862155
14:06:58,2127,7.376100924619966
14:06:59,2127,7.376100924619966
14:07:00,2127,7.376100924619966
14:07:01,2127,7.376100924619966
14:07:02,2127,7.376100924619966
14:07:03,2126,7.374623706491063
14:07:04,2126,7.374623706491063
14:07:05,2126,7.374623706491063
14:07:06,2126,7.374623706491063
14:07:07,2126,7.374623706491063
14:07:08,2126,7.374623706491063
14:07:09,2126,7.374623706491063
14:07:10,2126,7.374623706491063
14:07:11,2126,7.374623706491063
14:07:12,2125,7.371898039215686
14:07:13,2124,7.371304143126177
14:07:14,2123,7.368770607630711
14:07:15,2123,7.368770607630711
14:07:16,2122,7.366493873704053
14:07:17,2122,7.366493873704053
14:07:18,2121,7.365975168945466
14:07:19,2121,7.365975168945466
14:07:20,2120,7.36439465408805
14:07:21,2120,7.36439465408805
14:07:22,2119,7.363316029573698
14:07:23,2119,7.363316029573698
14:07:24,2119,7.363316029573698
14:07:25,2119,7.363316029573698
14:07:26,2119,7.363316029573698
14:07:27,2119,7.363316029573698
14:07:28,2119,7.363316029573698
14:07:29,2119,7.363316029573698
14:07:30,2118,7.361614730878187
14:07:31,2117,7.360502283105022
14:07:32,2116,7.358861058601135
14:07:33,2115,7.35692671394799
14:07:34,2115,7.35692671394799
14:07:35,2114,7.356204667297382
14:07:36,2114,7.356204667297382
14:07:37,2113,7.3544723142451485
14:07:38,2112,7.354505997474748
14:07:39,2112,7.354505997474748
14:07:40,2112,7.354505997474748
14:07:41,2112,7.354505997474748
14:07:42,2112,7.354505997474748
14:07:43,2112,7.354505997474748
14:07:44,2112,7.354505997474748
14:07:45,2112,7.354505997474748
14:07:46,2112,7.354505997474748
14:07:47,2112,7.354505997474748
14:07:48,2112,7.354505997474748
14:07:49,2112,7.354505997474748
14:07:50,2111,7.353229117321964
14:07:51,2111,7.353229117321964
14:07:52,2111,7.353229117321964
14:07:53,2111,7.353229117321964
14:07:54,2111,7.353229117321964
14:07:55,2111,7.353229117321964
14:07:56,2111,7.353229117321964
14:07:57,2111,7.353229117321964
14:07:58,2111,7.353229117321964
14:07:59,2111,7.353229117321964
14:08:00,2111,7.353229117321964
14:08:01,2111,7.353229117321964
14:08:02,2110,7.352914691943128
14:08:03,2110,7.352914691943128
14:08:04,2110,7.352914691943128
14:08:05,2110,7.352914691943128
14:08:06,2109,7.35109056424846
14:08:07,2109,7.35109056424846
14:08:08,2108,7.349138203668564
14:08:09,2108,7.349138203668564
14:08:10,2107,7.347753520012656
14:08:11,2107,7.347753520012656
14:08:12,2106,7.347245963912631
14:08:13,2106,7.347245963912631
14:08:14,2105,7.345874901029295
14:08:15,2105,7.345874901029295
14:08:16,2105,7.345874901029295
14:08:17,2105,7.345874901029295
14:08:18,2105,7.345874901029295
14:08:19,2105,7.345874901029295
14:08:20,2104,7.344938212927757
14:08:21,2104,7.344938212927757
14:08:22,2104,7.344938212927757
14:08:23,2103,7.344642574100491
14:08:24,2103,7.344642574100491
14:08:25,2101,7.3430271299381245
14:08:26,2101,7.3430271299381245
14:08:27,2100,7.342626984126984
14:08:28,2099,7.341043353978084
14:08:29,2099,7.341043353978084
14:08:30,2098,7.340530664124563
14:08:31,2098,7.340530664124563
14:08:32,2098,7.340530664124563
14:08:33,2098,7.340530664124563
14:08:34,2098,7.340530664124563
14:08:35,2098,7.340530664124563
14:08:36,2098,7.340530664124563
14:08:37,2098,7.340530664124563
14:08:38,2098,7.340530664124563
14:08:39,2098,7.340530664124563
14:08:40,2097,7.340216181847083
14:08:41,2096,7.339440203562341
14:08:42,2095,7.339029435163087
14:08:43,2095,7.339029435163087
14:08:44,2093,7.33647077560121
14:08:45,2093,7.33647077560121
14:08:46,2093,7.33647077560121
14:08:47,2093,7.33647077560121
14:08:48,2093,7.33647077560121
14:08:49,2093,7.33647077560121
14:08:50,2093,7.33647077560121
14:08:51,2093,7.33647077560121
14:08:52,2093,7.33647077560121
14:08:53,2093,7.33647077560121
14:08:54,2093,7.33647077560121
14:08:55,2093,7.33647077560121
14:08:56,2093,7.33647077560121
14:08:57,2092,7.334576163161249
14:08:58,2091,7.334178224135183
14:08:59,2091,7.334178224135183
14:09:00,2091,7.334178224135183
14:09:01,2090,7.332296650717704
14:09:02,2090,7.332296650717704
14:09:03,2090,7.332296650717704
14:09:04,2090,7.332296650717704
14:09:05,2090,7.332296650717704
14:09:06,2090,7.332296650717704
14:09:07,2090,7.332296650717704
14:09:08,2090,7.332296650717704
14:09:09,2090,7.332296650717704
14:09:10,2089,7.331155257699058
14:09:11,2089,7.331155257699058
14:09:12,2088,7.33088282247765
14:09:13,2087,7.328853218335729
14:09:14,2087,7.328853218335729
14:09:15,2087,7.328853218335729
14:09:16,2085,7.327194244604317
14:09:17,2085,7.327194244604317
14:09:18,2085,7.327194244604317
14:09:19,2084,7.325591810620602
14:09:20,2084,7.325591810620602
14:09:21,2083,7.323619779164667
14:09:22,2083,7.323619779164667
14:09:23,2083,7.323619779164667
14:09:24,2083,7.323619779164667
14:09:25,2082,7.322758565481908
14:09:26,2082,7.322758565481908
14:09:27,2082,7.322758565481908
14:09:28,2082,7.322758565481908
14:09:29,2082,7.322758565481908
14:09:30,2082,7.322758565481908
14:09:31,2082,7.322758565481908
14:09:32,2081,7.322056703507928
14:09:33,2080,7.320913461538462
14:09:34,2079,7.320602853936188
14:09:35,2079,7.320602853936188
14:09:36,2079,7.320602853936188
14:09:37,2079,7.320602853936188
14:09:38,2079,7.320602853936188
14:09:39,2079,7.320602853936188
14:09:40,2079,7.320602853936188
14:09:41,2079,7.320602853936188
14:09:42,2079,7.320602853936188
14:09:43,2079,7.320602853936188
14:09:44,2078,7.319529996791787
14:09:45,2078,7.319529996791787
14:09:46,2077,7.319643716899375
14:09:47,2077,7.319643716899375
14:09:48,2077,7.319643716899375
14:09:49,2077,7.319643716899375
14:09:50,2076,7.318826268464997
14:09:51,2076,7.318826268464997
14:09:52,2076,7.318826268464997
14:09:53,2076,7.318826268464997
14:09:54,2076,7.318826268464997
14:09:55,2076,7.318826268464997
14:09:56,2076,7.318826268464997
14:09:57,2076,7.318826268464997
14:09:58,2076,7.318826268464997
14:09:59,2075,7.317807228915663
14:10:00,2075,7.317807228915663
14:10:01,2075,7.317807228915663
14:10:02,2074,7.315806814529091
14:10:03,2074,7.315806814529091
14:10:04,2072,7.315009652509653
14:10:05,2072,7.315009652509653
14:10:06,2072,7.315009652509653
14:10:07,2070,7.313816425120773
14:10:08,2070,7.313816425120773
14:10:09,2069,7.312421459642339
14:10:10,2069,7.312421459642339
14:10:11,2069,7.312421459642339
14:10:12,2069,7.312421459642339
14:10:13,2069,7.312421459642339
14:10:14,2069,7.312421459642339
14:10:15,2069,7.312421459642339
14:10:16,2069,7.312421459642339
14:10:17,2069,7.312421459642339
14:10:18,2069,7.312421459642339
14:10:19,2068,7.309929078014184
14:10:20,2068,7.309929078014184
14:10:21,2068,7.309929078014184
14:10:22,2066,7.30921264924169
14:10:23,2066,7.30921264924169
14:10:24,2065,7.308377723970945
14:10:25,2064,7.307235142118864
14:10:26,2062,7.306741028128031
14:10:27,2062,7.306741028128031
14:10:28,2062,7.306741028128031
14:10:29,2062,7.306741028128031
14:10:30,2062,7.306741028128031
14:10:31,2062,7.306741028128031
14:10:32,2062,7.306741028128031
14:10:33,2061,7.306194404010998
14:10:34,2061,7.306194404010998
14:10:35,2060,7.305169902912621
14:10:36,2060,7.305169902912621
14:10:37,2060,7.305169902912621
14:10:38,2060,7.305169902912621
14:10:39,2060,7.305169902912621
14:10:40,2059,7.304192973935567
14:10:41,2059,7.304192973935567
14:10:42,2058,7.303158406219631
14:10:43,2058,7.303158406219631
14:10:44,2058,7.303158406219631
14:10:45,2058,7.303158406219631
14:10:46,2058,7.303158406219631
14:10:47,2058,7.303158406219631
14:10:48,2058,7.303158406219631
14:10:49,2058,7.303158406219631
14:10:50,2058,7.303158406219631
14:10:51,2058,7.303158406219631
14:10:52,2058,7.303158406219631
14:10:53,2058,7.303158406219631
14:10:54,2057,7.302009398800843
14:10:55,2057,7.302009398800843
14:10:56,2056,7.301548313878081
14:10:57,2055,7.301459854014598
14:10:58,2054,7.3008195391106785
14:10:59,2053,7.301704822211398
14:11:00,2053,7.301704822211398
14:11:01,2053,7.301704822211398
14:11:02,2053,7.301704822211398
14:11:03,2053,7.301704822211398
14:11:04,2053,7.301704822211398
14:11:05,2053,7.301704822211398
14:11:06,2053,7.301704822211398
14:11:07,2053,7.301704822211398
14:11:08,2052,7.300170565302144
14:11:09,2052,7.300170565302144
14:11:10,2052,7.300170565302144
14:11:11,2051,7.29949618072485
14:11:12,2051,7.29949618072485
14:11:13,2051,7.29949618072485
14:11:14,2051,7.29949618072485
14:11:15,2050,7.298227642276422
14:11:16,2050,7.298227642276422
14:11:17,2050,7.298227642276422
14:11:18,2050,7.298227642276422
14:11:19,2050,7.298227642276422
14:11:20,2050,7.298227642276422
14:11:21,2050,7.298227642276422
14:11:22,2049,7.2976492598015295
14:11:23,2049,7.2976492598015295
14:11:24,2049,7.2976492598015295
14:11:25,2049,7.2976492598015295
14:11:26,2049,7.2976492598015295
14:11:27,2047,7.294943820224719
14:11:28,2047,7.294943820224719
14:11:29,2047,7.294943820224719
14:11:30,2046,7.293841642228739
14:11:31,2045,7.293569682151589
14:11:32,2044,7.292954990215264
14:11:33,2044,7.292954990215264
14:11:34,2044,7.292954990215264
14:11:35,2043,7.292086800456844
14:11:36,2043,7.292086800456844
14:11:37,2043,7.292086800456844
14:11:38,2043,7.292086800456844
14:11:39,2043,7.292086800456844
14:11:40,2043,7.292086800456844
14:11:41,2043,7.292086800456844
14:11:42,2043,7.292086800456844
14:11:43,2043,7.292086800456844
14:11:44,2042,7.291650342801176
14:11:45,2041,7.290813326800588
14:11:46,2040,7.290236928104576
14:11:47,2040,7.290236928104576
14:11:48,2040,7.290236928104576
14:11:49,2040,7.290236928104576
14:11:50,2039,7.289292136668302
14:11:51,2039,7.289292136668302
14:11:52,2039,7.289292136668302
14:11:53,2039,7.289292136668302
14:11:54,2039,7.289292136668302
14:11:55,2039,7.289292136668302
14:11:56,2039,7.289292136668302
14:11:57,2039,7.289292136668302
14:11:58,2038,7.28824828263003
14:11:59,2038,7.28824828263003
14:12:00,2038,7.28824828263003
14:12:01,2037,7.287162493863525
14:12:02,2036,7.286010150622134
14:12:03,2035,7.286568386568387
14:12:04,2035,7.286568386568387
14:12:05,2034,7.286422484431333
14:12:06,2034,7.286422484431333
14:12:07,2034,7.286422484431333
14:12:08,2034,7.286422484431333
14:12:09,2034,7.286422484431333
14:12:10,2034,7.286422484431333
14:12:11,2034,7.286422484431333
14:12:12,2034,7.286422484431333
14:12:13,2034,7.286422484431333
14:12:14,2033,7.285759960649287
14:12:15,2033,7.285759960649287
14:12:16,2033,7.285759960649287
14:12:17,2032,7.283702427821522
14:12:18,2032,7.283702427821522
14:12:19,2032,7.283702427821522
14:12:20,2030,7.281789819376026
14:12:21,2030,7.281789819376026
14:12:22,2029,7.282331197634303
14:12:23,2028,7.281402038132808
14:12:24,2028,7.281402038132808
14:12:25,2028,7.281402038132808
14:12:26,2028,7.281402038132808
14:12:27,2028,7.281402038132808
14:12:28,2028,7.281402038132808
14:12:29,2028,7.281402038132808
14:12:30,2028,7.281402038132808
14:12:31,2027,7.28034862687058
14:12:32,2027,7.28034862687058
14:12:33,2027,7.28034862687058
14:12:34,2027,7.28034862687058
14:12:35,2027,7.28034862687058
14:12:36,2027,7.28034862687058
14:12:37,2027,7.28034862687058
14:12:38,2027,7.28034862687058
14:12:39,2026,7.279302402105956
14:12:40,2026,7.279302402105956
14:12:41,2026,7.279302402105956
14:12:42,2026,7.279302402105956
14:12:43,2026,7.279302402105956
14:12:44,2026,7.279302402105956
14:12:45,2026,7.279302402105956
14:12:46,2026,7.279302402105956
14:12:47,2026,7.279302402105956
14:12:48,2025,7.278493827160493
14:12:49,2024,7.276103425559947
14:12:50,2024,7.276103425559947
14:12:51,2024,7.276103425559947
14:12:52,2022,7.275164853280581
14:12:53,2022,7.275164853280581
14:12:54,2022,7.275164853280581
14:12:55,2021,7.273932046841497
14:12:56,2020,7.274315181518151
14:12:57,2019,7.2731385174178635
14:12:58,2019,7.2731385174178635
14:12:59,2019,7.2731385174178635
14:13:00,2019,7.2731385174178635
14:13:01,2019,7.2731385174178635
14:13:02,2019,7.2731385174178635
14:13:03,2019,7.2731385174178635
14:13:04,2019,7.2731385174178635
14:13:05,2019,7.2731385174178635
14:13:06,2018,7.272092831185993
14:13:07,2018,7.272092831185993
14:13:08,2018,7.272092831185993
14:13:09,2016,7.269866071428571
14:13:10,2016,7.269866071428571
14:13:11,2015,7.268717948717949
14:13:12,2015,7.268717948717949
14:13:13,2014,7.2693396226415095
14:13:14,2014,7.2693396226415095
14:13:15,2014,7.2693396226415095
14:13:16,2014,7.2693396226415095
14:13:17,2014,7.2693396226415095
14:13:18,2014,7.2693396226415095
14:13:19,2014,7.2693396226415095
14:13:20,2014,7.2693396226415095
14:13:21,2014,7.2693396226415095
14:13:22,2014,7.2693396226415095
14:13:23,2013,7.2681983772147705
14:13:24,2013,7.2681983772147705
14:13:25,2012,7.266848906560637
14:13:26,2012,7.266848906560637
14:13:27,2012,7.266848906560637
14:13:28,2012,7.266848906560637
14:13:29,2011,7.265514669318747
14:13:30,2011,7.265514669318747
14:13:31,2011,7.265514669318747
14:13:32,2011,7.265514669318747
14:13:33,2011,7.265514669318747
14:13:34,2011,7.265514669318747
14:13:35,2011,7.265514669318747
14:13:36,2010,7.2643615257048095
14:13:37,2010,7.2643615257048095
14:13:38,2010,7.2643615257048095
14:13:39,2008,7.261313081009296
14:13:40,2008,7.261313081009296
14:13:41,2008,7.261313081009296
14:13:42,2008,7.261313081009296
14:13:43,2007,7.259832253778442
14:13:44,2006,7.2597789963443
14:13:45,2006,7.2597789963443
14:13:46,2005,7.260349127182044
14:13:47,2005,7.260349127182044
14:13:48,2004,7.258424817032601
14:13:49,2004,7.258424817032601
14:13:50,2004,7.258424817032601
14:13:51,2004,7.258424817032601
14:13:52,2004,7.258424817032601
14:13:53,2003,7.257971376268929
14:13:54,2003,7.257971376268929
14:13:55,2003,7.257971376268929
14:13:56,2003,7.257971376268929
14:13:57,2002,7.257276057276058
14:13:58,2002,7.257276057276058
14:13:59,2002,7.257276057276058
14:14:00,2002,7.257276057276058
14:14:01,2002,7.257276057276058
14:14:02,2000,7.255208333333333
14:14:03,2000,7.255208333333333
14:14:04,2000,7.255208333333333
14:14:05,2000,7.255208333333333
14:14:06,2000,7.255208333333333
14:14:07,2000,7.255208333333333
14:14:08,2000,7.255208333333333
14:14:09,2000,7.255208333333333
14:14:10,2000,7.255208333333333
14:14:11,2000,7.255208333333333
14:14:12,2000,7.255208333333333
14:14:13,1999,7.25341003835251
14:14:14,1998,7.252744411077744
14:14:15,1997,7.250559172091471
14:14:16,1997,7.250559172091471
14:14:17,1996,7.249123246492986
14:14:18,1996,7.249123246492986
14:14:19,1996,7.249123246492986
14:14:20,1995,7.248504594820385
14:14:21,1995,7.248504594820385
14:14:22,1995,7.248504594820385
14:14:23,1995,7.248504594820385
14:14:24,1995,7.248504594820385
14:14:25,1995,7.248504594820385
14:14:26,1995,7.248504594820385
14:14:27,1994,7.247960548311601
14:14:28,1994,7.247960548311601
14:14:29,1994,7.247960548311601
14:14:30,1994,7.247960548311601
14:14:31,1993,7.247257066399063
14:14:32,1993,7.247257066399063
14:14:33,1993,7.247257066399063
14:14:34,1992,7.2458165997322626
14:14:35,1992,7.2458165997322626
14:14:36,1991,7.244952285283777
14:14:37,1991,7.244952285283777
14:14:38,1991,7.244952285283777
14:14:39,1991,7.244952285283777
14:14:40,1991,7.244952285283777
14:14:41,1991,7.244952285283777
14:14:42,1991,7.244952285283777
14:14:43,1991,7.244952285283777
14:14:44,1991,7.244952285283777
14:14:45,1991,7.244952285283777
14:14:46,1991,7.244952285283777
14:14:47,1990,7.242353433835846
14:14:48,1990,7.242353433835846
14:14:49,1989,7.241310541310542
14:14:50,1989,7.241310541310542
14:14:51,1989,7.241310541310542
14:14:52,1988,7.239461770623743
14:14:53,1988,7.239461770623743
14:14:54,1987,7.23765307834256
14:14:55,1987,7.23765307834256
14:14:56,1987,7.23765307834256
14:14:57,1987,7.23765307834256
14:14:58,1987,7.23765307834256
14:14:59,1987,7.23765307834256
14:15:00,1987,7.23765307834256
14:15:01,1986,7.237260825780464
14:15:02,1986,7.237260825780464
14:15:03,1986,7.237260825780464
14:15:04,1985,7.236238455079765
14:15:05,1985,7.236238455079765
14:15:06,1985,7.236238455079765
14:15:07,1984,7.235819892473118
14:15:08,1984,7.235819892473118
14:15:09,1983,7.236501933097999
14:15:10,1983,7.236501933097999
14:15:11,1982,7.235679448368652
14:15:12,1982,7.235679448368652
14:15:13,1982,7.235679448368652
14:15:14,1982,7.235679448368652
14:15:15,1982,7.235679448368652
14:15:16,1982,7.235679448368652
14:15:17,1982,7.235679448368652
14:15:18,1982,7.235679448368652
14:15:19,1981,7.23520107689719
14:15:20,1981,7.23520107689719
14:15:21,1980,7.2341161616161616
14:15:22,1979,7.23191847734546
14:15:23,1979,7.23191847734546
14:15:24,1979,7.23191847734546
14:15:25,1977,7.230930703085483
14:15:26,1977,7.230930703085483
14:15:27,1977,7.230930703085483
14:15:28,1977,7.230930703085483
14:15:29,1977,7.230930703085483
14:15:30,1977,7.230930703085483
14:15:31,1977,7.230930703085483
14:15:32,1977,7.230930703085483
14:15:33,1977,7.230930703085483
14:15:34,1977,7.230930703085483
14:15:35,1977,7.230930703085483
14:15:36,1976,7.2281376518218625
14:15:37,1975,7.227400843881856
14:15:38,1975,7.227400843881856
14:15:39,1974,7.226215805471125
14:15:40,1974,7.226215805471125
14:15:41,1974,7.226215805471125
14:15:42,1973,7.224007433688123
14:15:43,1973,7.224007433688123
14:15:44,1973,7.224007433688123
14:15:45,1973,7.224007433688123
14:15:46,1973,7.224007433688123
14:15:47,1973,7.224007433688123
14:15:48,1973,7.224007433688123
14:15:49,1973,7.224007433688123
14:15:50,1973,7.224007433688123
14:15:51,1972,7.2228025693035836
14:15:52,1972,7.2228025693035836
14:15:53,1971,7.222315237612041
14:15:54,1971,7.222315237612041
14:15:55,1971,7.222315237612041
14:15:56,1971,7.222315237612041
14:15:57,1970,7.221201353637903
14:15:58,1970,7.221201353637903
14:15:59,1970,7.221201353637903
14:16:00,1969,7.219663111562553
14:16:01,1969,7.219663111562553
14:16:02,1969,7.219663111562553
14:16:03,1969,7.219663111562553
14:16:04,1969,7.219663111562553
14:16:05,1969,7.219663111562553
14:16:06,1969,7.219663111562553
14:16:07,1969,7.219663111562553
14:16:08,1969,7.219663111562553
14:16:09,1969,7.219663111562553
14:16:10,1968,7.218572154471545
14:16:11,1968,7.218572154471545
14:16:12,1966,7.214979654120041
14:16:13,1966,7.214979654120041
14:16:14,1965,7.2160983884648005
14:16:15,1965,7.2160983884648005
14:16:16,1964,7.214511201629327
14:16:17,1964,7.214511201629327
14:16:18,1964,7.214511201629327
14:16:19,1964,7.214511201629327
14:16:20,1964,7.214511201629327
14:16:21,1964,7.214511201629327
14:16:22,1964,7.214511201629327
14:16:23,1964,7.214511201629327
14:16:24,1963,7.213329937170997
14:16:25,1963,7.213329937170997
14:16:26,1963,7.213329937170997
14:16:27,1963,7.213329937170997
14:16:28,1961,7.210819309875914
14:16:29,1960,7.210238095238095
14:16:30,1960,7.210238095238095
14:16:31,1960,7.210238095238095
14:16:32,1959,7.208814020758891
14:16:33,1959,7.208814020758891
14:16:34,1959,7.208814020758891
14:16:35,1959,7.208814020758891
14:16:36,1959,7.208814020758891
14:16:37,1959,7.208814020758891
14:16:38,1959,7.208814020758891
14:16:39,1959,7.208814020758891
14:16:40,1959,7.208814020758891
14:16:41,1958,7.208571671773919
14:16:42,1958,7.208571671773919
14:16:43,1958,7.208571671773919
14:16:44,1958,7.208571671773919
14:16:45,1957,7.206659853517289
14:16:46,1957,7.206659853517289
14:16:47,1957,7.206659853517289
14:16:48,1957,7.206659853517289
14:16:49,1956,7.207583503749148
14:16:50,1955,7.2073401534526855
14:16:51,1955,7.2073401534526855
14:16:52,1955,7.2073401534526855
14:16:53,1955,7.2073401534526855
14:16:54,1955,7.2073401534526855
14:16:55,1955,7.2073401534526855
14:16:56,1955,7.2073401534526855
14:16:57,1955,7.2073401534526855
14:16:58,1955,7.2073401534526855
14:16:59,1954,7.206158307744797
14:17:00,1953,7.204130397678784
14:17:01,1953,7.204130397678784
14:17:02,1952,7.204474043715847
14:17:03,1952,7.204474043715847
14:17:04,1951,7.20257987356911
14:17:05,1950,7.201316239316239
14:17:06,1950,7.201316239316239
14:17:07,1949,7.200615700359159
14:17:08,1949,7.200615700359159
14:17:09,1949,7.200615700359159
14:17:10,1949,7.200615700359159
14:17:11,1949,7.200615700359159
14:17:12,1949,7.200615700359159
14:17:13,1948,7.199238535249829
14:17:14,1948,7.199238535249829
14:17:15,1948,7.199238535249829
14:17:16,1948,7.199238535249829
14:17:17,1948,7.199238535249829
14:17:18,1948,7.199238535249829
14:17:19,1947,7.198210922787194
14:17:20,1947,7.198210922787194
14:17:21,1946,7.198167180541281
14:17:22,1946,7.198167180541281
14:17:23,1945,7.1991088260497
14:17:24,1945,7.1991088260497
14:17:25,1945,7.1991088260497
14:17:26,1945,7.1991088260497
14:17:27,1945,7.1991088260497
14:17:28,1945,7.1991088260497
14:17:29,1945,7.1991088260497
14:17:30,1945,7.1991088260497
14:17:31,1944,7.199116941015089
14:17:32,1944,7.199116941015089
14:17:33,1943,7.19820723966375
14:17:34,1943,7.19820723966375
14:17:35,1943,7.19820723966375
14:17:36,1942,7.197528321318229
14:17:37,1942,7.197528321318229
14:17:38,1942,7.197528321318229
14:17:39,1941,7.195534947621501
14:17:40,1941,7.195534947621501
14:17:41,1941,7.195534947621501
14:17:42,1940,7.194888316151203
14:17:43,1940,7.194888316151203
14:17:44,1940,7.194888316151203
14:17:45,1940,7.194888316151203
14:17:46,1940,7.194888316151203
14:17:47,1940,7.194888316151203
14:17:48,1940,7.194888316151203
14:17:49,1940,7.194888316151203
14:17:50,1940,7.194888316151203
14:17:51,1939,7.194163658243081
14:17:52,1939,7.194163658243081
14:17:53,1938,7.194298245614035
14:17:54,1937,7.194940629839959
14:17:55,1937,7.194940629839959
14:17:56,1936,7.1944214876033055
14:17:57,1936,7.1944214876033055
14:17:58,1936,7.1944214876033055
14:17:59,1936,7.1944214876033055
14:18:00,1936,7.1944214876033055
14:18:01,1936,7.1944214876033055
14:18:02,1936,7.1944214876033055
14:18:03,1936,7.1944214876033055
14:18:04,1935,7.192721791559
14:18:05,1935,7.192721791559
14:18:06,1935,7.192721791559
14:18:07,1933,7.189782721158821
14:18:08,1933,7.189782721158821
14:18:09,1932,7.188819875776398
14:18:10,1931,7.1874762644571035
14:18:11,1931,7.1874762644571035
14:18:12,1929,7.186270952134094
14:18:13,1929,7.186270952134094
14:18:14,1928,7.187033195020747
14:18:15,1928,7.187033195020747
14:18:16,1928,7.187033195020747
14:18:17,1928,7.187033195020747
14:18:18,1928,7.187033195020747
14:18:19,1928,7.187033195020747
14:18:20,1928,7.187033195020747
14:18:21,1928,7.187033195020747
14:18:22,1928,7.187033195020747
14:18:23,1927,7.185971285244767
14:18:24,1927,7.185971285244767
14:18:25,1926,7.186024575977847
14:18:26,1926,7.186024575977847
14:18:27,1926,7.186024575977847
14:18:28,1925,7.185359307359307
14:18:29,1925,7.185359307359307
14:18:30,1925,7.185359307359307
14:18:31,1924,7.184797297297297
14:18:32,1923,7.184442711041775
14:18:33,1923,7.184442711041775
14:18:34,1923,7.184442711041775
14:18:35,1923,7.184442711041775
14:18:36,1923,7.184442711041775
14:18:37,1923,7.184442711041775
14:18:38,1923,7.184442711041775
14:18:39,1923,7.184442711041775
14:18:40,1923,7.184442711041775
14:18:41,1923,7.184442711041775
14:18:42,1923,7.184442711041775
14:18:43,1923,7.184442711041775
14:18:44,1921,7.18387124761409
14:18:45,1921,7.18387124761409
14:18:46,1920,7.184053819444444
14:18:47,1920,7.184053819444444
14:18:48,1920,7.184053819444444
14:18:49,1920,7.184053819444444
14:18:50,1920,7.184053819444444
14:18:51,1920,7.184053819444444
14:18:52,1920,7.184053819444444
14:18:53,1920,7.184053819444444
14:18:54,1920,7.184053819444444
14:18:55,1920,7.184053819444444
14:18:56,1919,7.183949973944763
14:18:57,1919,7.183949973944763
14:18:58,1918,7.1841414668057
14:18:59,1917,7.182385672057034
14:19:00,1917,7.182385672057034
14:19:01,1916,7.182393876130829
14:19:02,1916,7.182393876130829
14:19:03,1915,7.181009573542211
14:19:04,1915,7.181009573542211
14:19:05,1914,7.181748519679554
14:19:06,1914,7.181748519679554
14:19:07,1914,7.181748519679554
14:19:08,1914,7.181748519679554
14:19:09,1914,7.181748519679554
14:19:10,1914,7.181748519679554
14:19:11,1914,7.181748519679554
14:19:12,1914,7.181748519679554
14:19:13,1913,7.180885171632689
14:19:14,1913,7.180885171632689
14:19:15,1913,7.180885171632689
14:19:16,1913,7.180885171632689
14:19:17,1913,7.180885171632689
14:19:18,1913,7.180885171632689
14:19:19,1912,7.179968619246862
14:19:20,1912,7.179968619246862
14:19:21,1912,7.179968619246862
14:19:22,1912,7.179968619246862
14:19:23,1912,7.179968619246862
14:19:24,1912,7.179968619246862
14:19:25,1912,7.179968619246862
14:19:26,1912,7.179968619246862
14:19:27,1912,7.179968619246862
14:19:28,1912,7.179968619246862
14:19:29,1912,7.179968619246862
14:19:30,1911,7.179801151229722
14:19:31,1911,7.179801151229722
14:19:32,1911,7.179801151229722
14:19:33,1910,7.179232111692844
14:19:34,1909,7.178828356905885
14:19:35,1908,7.178948287910552
14:19:36,1907,7.178762454116413
14:19:37,1906,7.17855893669115
14:19:38,1906,7.17855893669115
14:19:39,1906,7.17855893669115
14:19:40,1905,7.179072615923009
14:19:41,1905,7.179072615923009
14:19:42,1905,7.179072615923009
14:19:43,1905,7.179072615923009
14:19:44,1905,7.179072615923009
14:19:45,1905,7.179072615923009
14:19:46,1905,7.179072615923009
14:19:47,1905,7.179072615923009
14:19:48,1905,7.179072615923009
14:19:49,1904,7.178851540616247
14:19:50,1904,7.178851540616247
14:19:51,1904,7.178851540616247
14:19:52,1903,7.1785251357505695
14:19:53,1903,7.1785251357505695
14:19:54,1903,7.1785251357505695
14:19:55,1903,7.1785251357505695
14:19:56,1902,7.178373641780582
14:19:57,1902,7.178373641780582
14:19:58,1902,7.178373641780582
14:19:59,1902,7.178373641780582
14:20:00,1902,7.178373641780582
14:20:01,1902,7.178373641780582
14:20:02,1901,7.176643871646502
14:20:03,1901,7.176643871646502
14:20:04,1901,7.176643871646502
14:20:05,1900,7.175377192982456
14:20:06,1900,7.175377192982456
14:20:07,1898,7.173191078328064
14:20:08,1897,7.173176946055175
14:20:09,1897,7.173176946055175
14:20:10,1897,7.173176946055175
14:20:11,1896,7.172565049226441
14:20:12,1896,7.172565049226441
14:20:13,1896,7.172565049226441
14:20:14,1896,7.172565049226441
14:20:15,1896,7.172565049226441
14:20:16,1896,7.172565049226441
14:20:17,1896,7.172565049226441
14:20:18,1896,7.172565049226441
14:20:19,1895,7.17207563764292
14:20:20,1895,7.17207563764292
14:20:21,1894,7.171594508975713
14:20:22,1894,7.171594508975713
14:20:23,1893,7.171614720901568
14:20:24,1893,7.171614720901568
14:20:25,1893,7.171614720901568
14:20:26,1893,7.171614720901568
14:20:27,1893,7.171614720901568
14:20:28,1893,7.171614720901568
14:20:29,1893,7.171614720901568
14:20:30,1893,7.171614720901568
14:20:31,1893,7.171614720901568
14:20:32,1893,7.171614720901568
14:20:33,1893,7.171614720901568
14:20:34,1893,7.171614720901568
14:20:35,1893,7.171614720901568
14:20:36,1893,7.171614720901568
14:20:37,1893,7.171614720901568
14:20:38,1892,7.170216701902748
14:20:39,1892,7.170216701902748
14:20:40,1892,7.170216701902748
14:20:41,1892,7.170216701902748
14:20:42,1892,7.170216701902748
14:20:43,1891,7.169566367001587
14:20:44,1890,7.170202821869489
14:20:45,1889,7.169622375154403
14:20:46,1889,7.169622375154403
14:20:47,1889,7.169622375154403
14:20:48,1889,7.169622375154403
14:20:49,1889,7.169622375154403
14:20:50,1889,7.169622375154403
14:20:51,1888,7.168449858757062
14:20:52,1888,7.168449858757062
14:20:53,1888,7.168449858757062
14:20:54,1888,7.168449858757062
14:20:55,1888,7.168449858757062
14:20:56,1886,7.167550371155885
14:20:57,1886,7.167550371155885
14:20:58,1886,7.167550371155885
14:20:59,1886,7.167550371155885
14:21:00,1885,7.166799292661362
14:21:01,1885,7.166799292661362
14:21:02,1885,7.166799292661362
14:21:03,1884,7.165994338287332
14:21:04,1884,7.165994338287332
14:21:05,1884,7.165994338287332
14:21:06,1884,7.165994338287332
14:21:07,1883,7.164374225526642
14:21:08,1883,7.164374225526642
14:21:09,1882,7.163460857244067
14:21:10,1882,7.163460857244067
14:21:11,1882,7.163460857244067
14:21:12,1881,7.1632996632996635
14:21:13,1881,7.1632996632996635
14:21:14,1880,7.162535460992908
14:21:15,1880,7.162535460992908
14:21:16,1880,7.162535460992908
14:21:17,1879,7.1623292531488385
14:21:18,1879,7.1623292531488385
14:21:19,1877,7.161711951695969
14:21:20,1877,7.161711951695969
14:21:21,1877,7.161711951695969
14:21:22,1877,7.161711951695969
14:21:23,1877,7.161711951695969
14:21:24,1877,7.161711951695969
14:21:25,1877,7.161711951695969
14:21:26,1877,7.161711951695969
14:21:27,1877,7.161711951695969
14:21:28,1875,7.159395555555556
14:21:29,1875,7.159395555555556
14:21:30,1875,7.159395555555556
14:21:31,1874,7.158457844183564
14:21:32,1874,7.158457844183564
14:21:33,1874,7.158457844183564
14:21:34,1874,7.158457844183564
14:21:35,1874,7.158457844183564
14:21:36,1874,7.158457844183564
14:21:37,1874,7.158457844183564
14:21:38,1874,7.158457844183564
14:21:39,1873,7.157545826659548
14:21:40,1873,7.157545826659548
14:21:41,1873,7.157545826659548
14:21:42,1872,7.156063034188034
14:21:43,1872,7.156063034188034
14:21:44,1872,7.156063034188034
14:21:45,1871,7.15542490646713
14:21:46,1871,7.15542490646713
14:21:47,1871,7.15542490646713
14:21:48,1870,7.154901960784314
14:21:49,1869,7.154209024433744
14:21:50,1869,7.154209024433744
14:21:51,1868,7.153042469664525
14:21:52,1868,7.153042469664525
14:21:53,1868,7.153042469664525
14:21:54,1868,7.153042469664525
14:21:55,1868,7.153042469664525
14:21:56,1868,7.153042469664525
14:21:57,1868,7.153042469664525
14:21:58,1868,7.153042469664525
14:21:59,1867,7.151312265666845
14:22:00,1867,7.151312265666845
14:22:01,1867,7.151312265666845
14:22:02,1867,7.151312265666845
14:22:03,1867,7.151312265666845
14:22:04,1867,7.151312265666845
14:22:05,1867,7.151312265666845
14:22:06,1867,7.151312265666845
14:22:07,1867,7.151312265666845
14:22:08,1867,7.151312265666845
14:22:09,1867,7.151312265666845
14:22:10,1867,7.151312265666845
14:22:11,1867,7.151312265666845
14:22:12,1867,7.151312265666845
14:22:13,1867,7.151312265666845
14:22:14,1867,7.151312265666845
14:22:15,1867,7.151312265666845
14:22:16,1867,7.151312265666845
14:22:17,1867,7.151312265666845
14:22:18,1867,7.151312265666845
14:22:19,1867,7.151312265666845
14:22:20,1867,7.151312265666845
14:22:21,1866,7.1501071811361205
14:22:22,1866,7.1501071811361205
14:22:23,1866,7.1501071811361205
14:22:24,1865,7.148588025022341
14:22:25,1864,7.148712446351932
14:22:26,1864,7.148712446351932
14:22:27,1863,7.147226695294328
14:22:28,1863,7.147226695294328
14:22:29,1863,7.147226695294328
14:22:30,1862,7.1456766917293235
14:22:31,1862,7.1456766917293235
14:22:32,1862,7.1456766917293235
14:22:33,1860,7.143602150537634
14:22:34,1860,7.143602150537634
14:22:35,1860,7.143602150537634
14:22:36,1859,7.142791823561055
14:22:37,1859,7.142791823561055
14:22:38,1859,7.142791823561055
14:22:39,1859,7.142791823561055
14:22:40,1859,7.142791823561055
14:22:41,1859,7.142791823561055
14:22:42,1859,7.142791823561055
14:22:43,1858,7.141630785791174
14:22:44,1858,7.141630785791174
14:22:45,1858,7.141630785791174
14:22:46,1857,7.139517142344284
14:22:47,1857,7.139517142344284
14:22:48,1857,7.139517142344284
14:22:49,1856,7.138829022988506
14:22:50,1856,7.138829022988506
14:22:51,1856,7.138829022988506
14:22:52,1855,7.1367654986522915
14:22:53,1855,7.1367654986522915
14:22:54,1855,7.1367654986522915
14:22:55,1855,7.1367654986522915
14:22:56,1854,7.135095289464221
14:22:57,1854,7.135095289464221
14:22:58,1854,7.135095289464221
14:22:59,1854,7.135095289464221
14:23:00,1854,7.135095289464221
14:23:01,1854,7.135095289464221
14:23:02,1854,7.135095289464221
14:23:03,1854,7.135095289464221
14:23:04,1854,7.135095289464221
14:23:05,1854,7.135095289464221
14:23:06,1853,7.133333333333334
14:23:07,1852,7.132604391648668
14:23:08,1852,7.132604391648668
14:23:09,1852,7.132604391648668
14:23:10,1852,7.132604391648668
14:23:11,1852,7.132604391648668
14:23:12,1851,7.1309922564379615
14:23:13,1851,7.1309922564379615
14:23:14,1851,7.1309922564379615
14:23:15,1850,7.129162162162162
14:23:16,1850,7.129162162162162
14:23:17,1849,7.127663601946998
14:23:18,1849,7.127663601946998
14:23:19,1849,7.127663601946998
14:23:20,1849,7.127663601946998
14:23:21,1849,7.127663601946998
14:23:22,1848,7.126424963924964
14:23:23,1848,7.126424963924964
14:23:24,1847,7.124724778920773
14:23:25,1846,7.123049837486458
14:23:26,1846,7.123049837486458
14:23:27,1846,7.123049837486458
14:23:28,1845,7.123685636856369
14:23:29,1845,7.123685636856369
14:23:30,1845,7.123685636856369
14:23:31,1845,7.123685636856369
14:23:32,1844,7.121845625451916
14:23:33,1844,7.121845625451916
14:23:34,1844,7.121845625451916
14:23:35,1843,7.119650931452342
14:23:36,1843,7.119650931452342
14:23:37,1843,7.119650931452342
14:23:38,1843,7.119650931452342
14:23:39,1843,7.119650931452342
14:23:40,1843,7.119650931452342
14:23:41,1843,7.119650931452342
14:23:42,1842,7.11747195077814
14:23:43,1842,7.11747195077814
14:23:44,1842,7.11747195077814
14:23:45,1842,7.11747195077814
14:23:46,1842,7.11747195077814
14:23:47,1842,7.11747195077814
14:23:48,1841,7.116105377512222
14:23:49,1841,7.116105377512222
14:23:50,1841,7.116105377512222
14:23:51,1841,7.116105377512222
14:23:52,1841,7.116105377512222
14:23:53,1841,7.116105377512222
14:23:54,1840,7.11401268115942
14:23:55,1840,7.11401268115942
14:23:56,1838,7.111634022488213
14:23:57,1838,7.111634022488213
14:23:58,1838,7.111634022488213
14:23:59,1837,7.111957902377065
14:24:00,1837,7.111957902377065
14:24:01,1836,7.112445533769063
14:24:02,1836,7.112445533769063
14:24:03,1835,7.110236148955495
14:24:04,1835,7.110236148955495
14:24:05,1834,7.108505997818975
14:24:06,1834,7.108505997818975
14:24:07,1834,7.108505997818975
14:24:08,1834,7.108505997818975
14:24:09,1834,7.108505997818975
14:24:10,1834,7.108505997818975
14:24:11,1834,7.108505997818975
14:24:12,1834,7.108505997818975
14:24:13,1834,7.108505997818975
14:24:14,1834,7.108505997818975
14:24:15,1832,7.107960334788937
14:24:16,1832,7.107960334788937
14:24:17,1832,7.107960334788937
14:24:18,1831,7.10740943018387
14:24:19,1831,7.10740943018387
14:24:20,1831,7.10740943018387
14:24:21,1830,7.106867030965391
14:24:22,1830,7.106867030965391
14:24:23,1830,7.106867030965391
14:24:24,1830,7.106867030965391
14:24:25,1830,7.106867030965391
14:24:26,1830,7.106867030965391
14:24:27,1830,7.106867030965391
14:24:28,1830,7.106867030965391
14:24:29,1828,7.103583150984682
14:24:30,1828,7.103583150984682
14:24:31,1828,7.103583150984682
14:24:32,1827,7.103329684364168
14:24:33,1827,7.103329684364168
14:24:34,1827,7.103329684364168
14:24:35,1827,7.103329684364168
14:24:36,1827,7.103329684364168
14:24:37,1826,7.103002920774005
14:24:38,1826,7.103002920774005
14:24:39,1826,7.103002920774005
14:24:40,1826,7.103002920774005
14:24:41,1825,7.102639269406393
14:24:42,1825,7.102639269406393
14:24:43,1824,7.100411184210526
14:24:44,1824,7.100411184210526
14:24:45,1823,7.098262936551472
14:24:46,1823,7.098262936551472
14:24:47,1821,7.097062053816584
14:24:48,1821,7.097062053816584
14:24:49,1821,7.097062053816584
14:24:50,1821,7.097062053816584
14:24:51,1820,7.096282051282051
14:24:52,1820,7.096282051282051
14:24:53,1820,7.096282051282051
14:24:54,1820,7.096282051282051
14:24:55,1819,7.094649074583105
14:24:56,1819,7.094649074583105
14:24:57,1819,7.094649074583105
14:24:58,1819,7.094649074583105
14:24:59,1819,7.094649074583105
14:25:00,1819,7.094649074583105
14:25:01,1819,7.094649074583105
14:25:02,1818,7.0924917491749175
14:25:03,1818,7.0924917491749175
14:25:04,1818,7.0924917491749175
14:25:05,1818,7.0924917491749175
14:25:06,1817,7.0925885158686475
14:25:07,1817,7.0925885158686475
14:25:08,1817,7.0925885158686475
14:25:09,1817,7.0925885158686475
14:25:10,1816,7.0921714390602055
14:25:11,1816,7.0921714390602055
14:25:12,1816,7.0921714390602055
14:25:13,1816,7.0921714390602055
14:25:14,1816,7.0921714390602055
14:25:15,1816,7.0921714390602055
14:25:16,1816,7.0921714390602055
14:25:17,1816,7.0921714390602055
14:25:18,1816,7.0921714390602055
14:25:19,1815,7.092121212121212
14:25:20,1815,7.092121212121212
14:25:21,1814,7.091629915472253
14:25:22,1814,7.091629915472253
14:25:23,1813,7.09123000551572
14:25:24,1812,7.089854672553348
14:25:25,1812,7.089854672553348
14:25:26,1812,7.089854672553348
14:25:27,1812,7.089854672553348
14:25:28,1812,7.089854672553348
14:25:29,1811,7.088505429780968
14:25:30,1811,7.088505429780968
14:25:31,1809,7.085323383084576
14:25:32,1809,7.085323383084576
14:25:33,1809,7.085323383084576
14:25:34,1808,7.083121312684366
14:25:35,1808,7.083121312684366
14:25:36,1808,7.083121312684366
14:25:37,1807,7.082558568529792
14:25:38,1807,7.082558568529792
14:25:39,1807,7.082558568529792
14:25:40,1807,7.082558568529792
14:25:41,1807,7.082558568529792
14:25:42,1807,7.082558568529792
14:25:43,1806,7.082355112587671
14:25:44,1806,7.082355112587671
14:25:45,1805,7.0816897506925205
14:25:46,1805,7.0816897506925205
14:25:47,1805,7.0816897506925205
14:25:48,1805,7.0816897506925205
14:25:49,1805,7.0816897506925205
14:25:50,1805,7.0816897506925205
14:25:51,1805,7.0816897506925205
14:25:52,1804,7.08160569105691
14:25:53,1804,7.08160569105691
14:25:54,1803,7.081447587354409
14:25:55,1803,7.081447587354409
14:25:56,1803,7.081447587354409
14:25:57,1803,7.081447587354409
14:25:58,1803,7.081447587354409
14:25:59,1803,7.081447587354409
14:26:00,1803,7.081447587354409
14:26:01,1803,7.081447587354409
14:26:02,1803,7.081447587354409
14:26:03,1803,7.081447587354409
14:26:04,1803,7.081447587354409
14:26:05,1803,7.081447587354409
14:26:06,1801,7.079094947251527
14:26:07,1801,7.079094947251527
14:26:08,1800,7.077703703703704
14:26:09,1800,7.077703703703704
14:26:10,1800,7.077703703703704
14:26:11,1800,7.077703703703704
14:26:12,1799,7.07716323883639
14:26:13,1799,7.07716323883639
14:26:14,1799,7.07716323883639
14:26:15,1798,7.076362625139043
14:26:16,1798,7.076362625139043
14:26:17,1797,7.076210350584307
14:26:18,1797,7.076210350584307
14:26:19,1797,7.076210350584307
14:26:20,1796,7.075575352635486
14:26:21,1796,7.075575352635486
14:26:22,1796,7.075575352635486
14:26:23,1796,7.075575352635486
14:26:24,1796,7.075575352635486
14:26:25,1795,7.073658310120706
14:26:26,1795,7.073658310120706
14:26:27,1794,7.073801560758083
14:26:28,1794,7.073801560758083
14:26:29,1794,7.073801560758083
14:26:30,1794,7.073801560758083
14:26:31,1793,7.072941067112846
14:26:32,1792,7.072712053571428
14:26:33,1792,7.072712053571428
14:26:34,1792,7.072712053571428
14:26:35,1792,7.072712053571428
14:26:36,1792,7.072712053571428
14:26:37,1792,7.072712053571428
14:26:38,1792,7.072712053571428
14:26:39,1792,7.072712053571428
14:26:40,1792,7.072712053571428
14:26:41,1792,7.072712053571428
14:26:42,1792,7.072712053571428
14:26:43,1792,7.072712053571428
14:26:44,1791,7.071673180718407
14:26:45,1790,7.071731843575419
14:26:46,1790,7.071731843575419
14:26:47,1790,7.071731843575419
14:26:48,1790,7.071731843575419
14:26:49,1790,7.071731843575419
14:26:50,1790,7.071731843575419
14:26:51,1790,7.071731843575419
14:26:52,1789,7.07064468045463
14:26:53,1788,7.069891871737509
14:26:54,1788,7.069891871737509
14:26:55,1787,7.067991046446559
14:26:56,1786,7.067123926838373
14:26:57,1786,7.067123926838373
14:26:58,1785,7.065910364145659
14:26:59,1785,7.065910364145659
14:27:00,1785,7.065910364145659
14:27:01,1785,7.065910364145659
14:27:02,1784,7.065414798206278
14:27:03,1784,7.065414798206278
14:27:04,1784,7.065414798206278
14:27:05,1784,7.065414798206278
14:27:06,1784,7.065414798206278
14:27:07,1784,7.065414798206278
14:27:08,1783,7.064769115722565
14:27:09,1783,7.064769115722565
14:27:10,1783,7.064769115722565
14:27:11,1783,7.064769115722565
14:27:12,1783,7.064769115722565
14:27:13,1782,7.063776655443322
14:27:14,1782,7.063776655443322
14:27:15,1782,7.063776655443322
14:27:16,1782,7.063776655443322
14:27:17,1781,7.063943477447127
14:27:18,1781,7.063943477447127
14:27:19,1780,7.062846441947566
14:27:20,1779,7.062310286677909
14:27:21,1779,7.062310286677909
14:27:22,1779,7.062310286677909
14:27:23,1779,7.062310286677909
14:27:24,1779,7.062310286677909
14:27:25,1778,7.060086239220097
14:27:26,1778,7.060086239220097
14:27:27,1777,7.059163383980492
14:27:28,1777,7.059163383980492
14:27:29,1777,7.059163383980492
14:27:30,1777,7.059163383980492
14:27:31,1776,7.0579204204204204
14:27:32,1776,7.0579204204204204
14:27:33,1776,7.0579204204204204
14:27:34,1775,7.057887323943662
14:27:35,1775,7.057887323943662
14:27:36,1773,7.057181801090431
14:27:37,1773,7.057181801090431
14:27:38,1773,7.057181801090431
14:27:39,1773,7.057181801090431
14:27:40,1773,7.057181801090431
14:27:41,1773,7.057181801090431
14:27:42,1773,7.057181801090431
14:27:43,1773,7.057181801090431
14:27:44,1772,7.055793829947329
14:27:45,1772,7.055793829947329
14:27:46,1772,7.055793829947329
14:27:47,1771,7.054018445322793
14:27:48,1770,7.0530979284369115
14:27:49,1770,7.0530979284369115
14:27:50,1770,7.0530979284369115
14:27:51,1770,7.0530979284369115
14:27:52,1769,7.054013566986998
14:27:53,1769,7.054013566986998
14:27:54,1769,7.054013566986998
14:27:55,1769,7.054013566986998
14:27:56,1768,7.0532239819004525
14:27:57,1768,7.0532239819004525
14:27:58,1768,7.0532239819004525
14:27:59,1768,7.0532239819004525
14:28:00,1768,7.0532239819004525
14:28:01,1767,7.052461799660441
14:28:02,1767,7.052461799660441
14:28:03,1767,7.052461799660441
14:28:04,1767,7.052461799660441
14:28:05,1767,7.052461799660441
14:28:06,1767,7.052461799660441
14:28:07,1767,7.052461799660441
14:28:08,1767,7.052461799660441
14:28:09,1767,7.052461799660441
14:28:10,1767,7.052461799660441
14:28:11,1766,7.053265383163458
14:28:12,1766,7.053265383163458
14:28:13,1766,7.053265383163458
14:28:14,1766,7.053265383163458
14:28:15,1766,7.053265383163458
14:28:16,1766,7.053265383163458
14:28:17,1766,7.053265383163458
14:28:18,1766,7.053265383163458
14:28:19,1766,7.053265383163458
14:28:20,1765,7.051926345609065
14:28:21,1765,7.051926345609065
14:28:22,1764,7.0509164777021915
14:28:23,1764,7.0509164777021915
14:28:24,1764,7.0509164777021915
14:28:25,1763,7.049565135186236
14:28:26,1761,7.048646602309294
14:28:27,1761,7.048646602309294
14:28:28,1760,7.047689393939394
14:28:29,1760,7.047689393939394
14:28:30,1760,7.047689393939394
14:28:31,1759,7.046541595603562
14:28:32,1759,7.046541595603562
14:28:33,1759,7.046541595603562
14:28:34,1758,7.044330678801669
14:28:35,1758,7.044330678801669
14:28:36,1758,7.044330678801669
14:28:37,1758,7.044330678801669
14:28:38,1758,7.044330678801669
14:28:39,1757,7.042306962625688
14:28:40,1757,7.042306962625688
14:28:41,1757,7.042306962625688
14:28:42,1756,7.0404612756264235
14:28:43,1756,7.0404612756264235
14:28:44,1756,7.0404612756264235
14:28:45,1756,7.0404612756264235
14:28:46,1756,7.0404612756264235
14:28:47,1756,7.0404612756264235
14:28:48,1756,7.0404612756264235
14:28:49,1756,7.0404612756264235
14:28:50,1756,7.0404612756264235
14:28:51,1756,7.0404612756264235
14:28:52,1756,7.0404612756264235
14:28:53,1756,7.0404612756264235
14:28:54,1756,7.0404612756264235
14:28:55,1756,7.0404612756264235
14:28:56,1755,7.039211775878442
14:28:57,1755,7.039211775878442
14:28:58,1755,7.039211775878442
14:28:59,1755,7.039211775878442
14:29:00,1754,7.038207905739262
14:29:01,1754,7.038207905739262
14:29:02,1753,7.03687963491158
14:29:03,1753,7.03687963491158
14:29:04,1753,7.03687963491158
14:29:05,1752,7.035150304414003
14:29:06,1751,7.034132876451552
14:29:07,1751,7.034132876451552
14:29:08,1751,7.034132876451552
14:29:09,1751,7.034132876451552
14:29:10,1751,7.034132876451552
14:29:11,1751,7.034132876451552
14:29:12,1751,7.034132876451552
14:29:13,1751,7.034132876451552
14:29:14,1751,7.034132876451552
14:29:15,1749,7.032685344006099
14:29:16,1749,7.032685344006099
14:29:17,1748,7.033419145690313
14:29:18,1748,7.033419145690313
14:29:19,1748,7.033419145690313
14:29:20,1747,7.031301278381989
14:29:21,1747,7.031301278381989
14:29:22,1747,7.031301278381989
14:29:23,1746,7.029791905307369
14:29:24,1746,7.029791905307369
14:29:25,1745,7.027249283667621
14:29:26,1745,7.027249283667621
14:29:27,1745,7.027249283667621
14:29:28,1745,7.027249283667621
14:29:29,1744,7.026012996941897
14:29:30,1744,7.026012996941897
14:29:31,1743,7.023637406769937
14:29:32,1743,7.023637406769937
14:29:33,1743,7.023637406769937
14:29:34,1743,7.023637406769937
14:29:35,1743,7.023637406769937
14:29:36,1743,7.023637406769937
14:29:37,1742,7.021947952544967
14:29:38,1742,7.021947952544967
14:29:39,1742,7.021947952544967
14:29:40,1742,7.021947952544967
14:29:41,1742,7.021947952544967
14:29:42,1742,7.021947952544967
14:29:43,1741,7.021376603484587
14:29:44,1741,7.021376603484587
14:29:45,1741,7.021376603484587
14:29:46,1741,7.021376603484587
14:29:47,1741,7.021376603484587
14:29:48,1740,7.02066091954023
14:29:49,1739,7.019417289630056
14:29:50,1739,7.019417289630056
14:29:51,1739,7.019417289630056
14:29:52,1739,7.019417289630056
14:29:53,1739,7.019417289630056
14:29:54,1739,7.019417289630056
14:29:55,1739,7.019417289630056
14:29:56,1738,7.01758726505562
14:29:57,1738,7.01758726505562
14:29:58,1738,7.01758726505562
14:29:59,1738,7.01758726505562
14:30:00,1738,7.01758726505562
14:30:01,1738,7.01758726505562
14:30:02,1738,7.01758726505562
14:30:03,1738,7.01758726505562
14:30:04,1738,7.01758726505562
14:30:05,1736,7.013949692780338
14:30:06,1735,7.013948126801153
14:30:07,1735,7.013948126801153
14:30:08,1734,7.014571318723568
14:30:09,1734,7.014571318723568
14:30:10,1734,7.014571318723568
14:30:11,1734,7.014571318723568
14:30:12,1733,7.012954414310444
14:30:13,1733,7.012954414310444
14:30:14,1733,7.012954414310444
14:30:15,1732,7.011220169361048
14:30:16,1732,7.011220169361048
14:30:17,1731,7.00843443096476
14:30:18,1731,7.00843443096476
14:30:19,1731,7.00843443096476
14:30:20,1731,7.00843443096476
14:30:21,1729,7.004761904761905
14:30:22,1729,7.004761904761905
14:30:23,1729,7.004761904761905
14:30:24,1728,7.0025655864197525
14:30:25,1728,7.0025655864197525
14:30:26,1728,7.0025655864197525
14:30:27,1728,7.0025655864197525
14:30:28,1728,7.0025655864197525
14:30:29,1728,7.0025655864197525
14:30:30,1728,7.0025655864197525
14:30:31,1728,7.0025655864197525
14:30:32,1727,7.001862574792511
14:30:33,1727,7.001862574792511
14:30:34,1727,7.001862574792511
14:30:35,1726,7.00063731170336
14:30:36,1726,7.00063731170336
14:30:37,1725,6.998057971014492
14:30:38,1725,6.998057971014492
14:30:39,1724,6.996452049497293
14:30:40,1723,6.996063068291739
14:30:41,1722,6.995373596593109
14:30:42,1722,6.995373596593109
14:30:43,1722,6.995373596593109
14:30:44,1722,6.995373596593109
14:30:45,1722,6.995373596593109
14:30:46,1722,6.995373596593109
14:30:47,1722,6.995373596593109
14:30:48,1722,6.995373596593109
14:30:49,1722,6.995373596593109
14:30:50,1722,6.995373596593109
14:30:51,1721,6.99286267673833
14:30:52,1721,6.99286267673833
14:30:53,1721,6.99286267673833
14:30:54,1721,6.99286267673833
14:30:55,1720,6.99343023255814
14:30:56,1720,6.99343023255814
14:30:57,1720,6.99343023255814
14:30:58,1719,6.993116152802017
14:30:59,1719,6.993116152802017
14:31:00,1718,6.992850213426465
14:31:01,1718,6.992850213426465
14:31:02,1718,6.992850213426465
14:31:03,1718,6.992850213426465
14:31:04,1718,6.992850213426465
14:31:05,1717,6.992059794214716
14:31:06,1717,6.992059794214716
14:31:07,1717,6.992059794214716
14:31:08,1717,6.992059794214716
14:31:09,1717,6.992059794214716
14:31:10,1717,6.992059794214716
14:31:11,1715,6.988046647230321
14:31:12,1715,6.988046647230321
14:31:13,1715,6.988046647230321
14:31:14,1714,6.987407623492804
14:31:15,1714,6.987407623492804
14:31:16,1714,6.987407623492804
14:31:17,1713,6.986223000583771
14:31:18,1713,6.986223000583771
14:31:19,1713,6.986223000583771
14:31:20,1713,6.986223000583771
14:31:21,1712,6.985504283489096
14:31:22,1712,6.985504283489096
14:31:23,1711,6.984726280927333
14:31:24,1711,6.984726280927333
14:31:25,1711,6.984726280927333
14:31:26,1711,6.984726280927333
14:31:27,1710,6.982368421052631
14:31:28,1710,6.982368421052631
14:31:29,1710,6.982368421052631
14:31:30,1709,6.981392627267408
14:31:31,1709,6.981392627267408
14:31:32,1709,6.981392627267408
14:31:33,1709,6.981392627267408
14:31:34,1709,6.981392627267408
14:31:35,1709,6.981392627267408
14:31:36,1709,6.981392627267408
14:31:37,1709,6.981392627267408
14:31:38,1709,6.981392627267408
14:31:39,1709,6.981392627267408
14:31:40,1709,6.981392627267408
14:31:41,1708,6.978971506635442
14:31:42,1708,6.978971506635442
14:31:43,1708,6.978971506635442
14:31:44,1708,6.978971506635442
14:31:45,1707,6.978148799062683
14:31:46,1707,6.978148799062683
14:31:47,1707,6.978148799062683
14:31:48,1706,6.978096912856585
14:31:49,1706,6.978096912856585
14:31:50,1705,6.978475073313783
14:31:51,1705,6.978475073313783
14:31:52,1705,6.978475073313783
14:31:53,1705,6.978475073313783
14:31:54,1705,6.978475073313783
14:31:55,1704,6.977924491392801
14:31:56,1704,6.977924491392801
14:31:57,1704,6.977924491392801
14:31:58,1703,6.977050303386181
14:31:59,1703,6.977050303386181
14:32:00,1703,6.977050303386181
14:32:01,1701,6.975024495394866
14:32:02,1701,6.975024495394866
14:32:03,1700,6.971960784313725
14:32:04,1700,6.971960784313725
14:32:05,1700,6.971960784313725
14:32:06,1700,6.971960784313725
14:32:07,1700,6.971960784313725
14:32:08,1700,6.971960784313725
14:32:09,1700,6.971960784313725
14:32:10,1700,6.971960784313725
14:32:11,1700,6.971960784313725
14:32:12,1699,6.971424367274867
14:32:13,1699,6.971424367274867
14:32:14,1699,6.971424367274867
14:32:15,1699,6.971424367274867
14:32:16,1699,6.971424367274867
14:32:17,1699,6.971424367274867
14:32:18,1698,6.971780526109148
14:32:19,1697,6.971184443134944
14:32:20,1697,6.971184443134944
14:32:21,1696,6.96966391509434
14:32:22,1696,6.96966391509434
14:32:23,1695,6.968810226155359
14:32:24,1695,6.968810226155359
14:32:25,1695,6.968810226155359
14:32:26,1695,6.968810226155359
14:32:27,1695,6.968810226155359
14:32:28,1693,6.965386887182516
14:32:29,1693,6.965386887182516
14:32:30,1693,6.965386887182516
14:32:31,1693,6.965386887182516
14:32:32,1692,6.964765563435776
14:32:33,1691,6.963256455746107
14:32:34,1691,6.963256455746107
14:32:35,1691,6.963256455746107
14:32:36,1690,6.962692307692308
14:32:37,1690,6.962692307692308
14:32:38,1689,6.962384053680679
14:32:39,1688,6.961611374407583
14:32:40,1688,6.961611374407583
14:32:41,1688,6.961611374407583
14:32:42,1688,6.961611374407583
14:32:43,1688,6.961611374407583
14:32:44,1688,6.961611374407583
14:32:45,1688,6.961611374407583
14:32:46,1688,6.961611374407583
14:32:47,1688,6.961611374407583
14:32:48,1688,6.961611374407583
14:32:49,1688,6.961611374407583
14:32:50,1687,6.960027662517289
14:32:51,1687,6.960027662517289
14:32:52,1686,6.958580466587583
14:32:53,1686,6.958580466587583
14:32:54,1685,6.958061325420376
14:32:55,1685,6.958061325420376
14:32:56,1685,6.958061325420376
