11:00:00,0,0.0
11:00:01,0,0.0
11:00:02,0,0.0
11:00:03,0,0.0
11:00:04,0,0.0
11:00:05,0,0.0
11:00:06,0,0.0
11:00:07,0,0.0
11:00:08,0,0.0
11:00:09,0,0.0
11:00:10,0,0.0
11:00:11,0,0.0
11:00:12,0,0.0
11:00:13,0,0.0
11:00:14,0,0.0
11:00:15,0,0.0
11:00:16,0,0.0
11:00:17,0,0.0
11:00:18,0,0.0
11:00:19,0,0.0
11:00:20,0,0.0
11:00:21,0,0.0
11:00:22,0,0.0
11:00:23,0,0.0
11:00:24,0,0.0
11:00:25,0,0.0
11:00:26,0,0.0
11:00:27,1,0.0
11:00:28,2,0.0
11:00:29,3,0.0
11:00:30,3,0.0
11:00:31,4,0.0
11:00:32,5,0.0
11:00:33,6,0.0
11:00:34,6,0.0
11:00:35,7,0.0
11:00:36,8,0.0
11:00:37,9,0.0
11:00:38,9,0.0
11:00:39,11,0.0
11:00:40,13,0.0
11:00:41,13,0.0
11:00:42,13,0.0
11:00:43,15,0.0
11:00:44,16,0.0
11:00:45,16,0.0
11:00:46,16,0.0
11:00:47,19,0.0
11:00:48,19,0.0
11:00:49,19,0.0
11:00:50,20,0.0
11:00:51,22,0.0
11:00:52,22,0.0
11:00:53,23,0.0
11:00:54,24,0.0
11:00:55,25,0.0
11:00:56,25,0.0
11:00:57,25,0.0
11:00:58,27,0.0
11:00:59,28,0.0
11:01:00,29,0.0
11:01:01,30,0.0
11:01:02,30,0.0
11:01:03,32,0.0
11:01:04,33,0.0
11:01:05,33,0.0
11:01:06,34,0.0
11:01:07,35,0.0
11:01:08,35,0.0
11:01:09,35,0.0
11:01:10,37,0.0
11:01:11,37,0.0
11:01:12,38,0.0
11:01:13,38,0.0
11:01:14,38,0.0
11:01:15,39,0.0
11:01:16,39,0.0
11:01:17,39,0.0
11:01:18,42,0.0
11:01:19,42,0.0
11:01:20,43,0.0
11:01:21,43,0.0
11:01:22,43,0.0
11:01:23,46,0.0
11:01:24,46,0.0
11:01:25,46,0.0
11:01:26,46,0.0
11:01:27,48,0.0
11:01:28,48,0.0
11:01:29,50,0.0
11:01:30,50,0.0
11:01:31,51,0.0
11:01:32,51,0.0
11:01:33,53,0.0
11:01:34,54,0.0
11:01:35,55,0.0
11:01:36,55,0.0
11:01:37,56,0.0
11:01:38,56,0.0
11:01:39,57,0.0
11:01:40,59,0.0
11:01:41,59,0.0
11:01:42,60,0.0
11:01:43,62,0.0
11:01:44,63,0.0
11:01:45,63,0.0
11:01:46,65,0.0
11:01:47,66,0.0
11:01:48,66,0.0
11:01:49,66,0.0
11:01:50,69,0.0
11:01:51,69,0.0
11:01:52,70,0.0
11:01:53,71,0.0
11:01:54,72,0.0
11:01:55,73,0.0
11:01:56,75,0.0
11:01:57,75,0.0
11:01:58,75,0.0
11:01:59,77,0.0
11:02:00,78,0.0
11:02:01,78,0.0
11:02:02,80,0.0
11:02:03,81,0.0
11:02:04,81,0.0
11:02:05,81,0.0
11:02:06,82,0.0
11:02:07,83,0.0
11:02:08,83,0.0
11:02:09,83,0.0
11:02:10,83,0.0
11:02:11,84,0.0
11:02:12,85,0.0
11:02:13,85,0.0
11:02:14,85,0.0
11:02:15,86,0.0
11:02:16,86,0.0
11:02:17,87,0.0
11:02:18,88,0.0
11:02:19,88,0.0
11:02:20,88,0.0
11:02:21,88,0.0
11:02:22,89,0.0
11:02:23,89,0.0
11:02:24,90,0.0
11:02:25,91,0.0
11:02:26,91,0.0
11:02:27,91,0.0
11:02:28,92,0.0
11:02:29,92,0.0
11:02:30,93,1.8166666666666667
11:02:31,94,1.8166666666666667
11:02:32,94,1.8166666666666667
11:02:33,94,1.95
11:02:34,95,1.9944444444444445
11:02:35,95,1.9944444444444445
11:02:36,95,1.9944444444444445
11:02:37,96,1.9944444444444445
11:02:38,96,2.0208333333333335
11:02:39,96,2.0208333333333335
11:02:40,97,2.0366666666666666
11:02:41,97,2.0366666666666666
11:02:42,97,2.0416666666666665
11:02:43,97,2.0416666666666665
11:02:44,99,2.0416666666666665
11:02:45,99,2.0416666666666665
11:02:46,99,2.047619047619048
11:02:47,100,2.047619047619048
11:02:48,100,2.047619047619048
11:02:49,100,2.047619047619048
11:02:50,102,2.047619047619048
11:02:51,102,2.0854166666666667
11:02:52,102,2.0854166666666667
11:02:53,102,2.0854166666666667
11:02:54,103,2.0854166666666667
11:02:55,103,2.0854166666666667
11:02:56,103,2.1129629629629627
11:02:57,104,2.135
11:02:58,105,2.135
11:02:59,105,2.1515151515151514
11:03:00,105,2.1515151515151514
11:03:01,106,2.1515151515151514
11:03:02,106,2.1515151515151514
11:03:03,106,2.1515151515151514
11:03:04,107,2.1515151515151514
11:03:05,108,2.1515151515151514
11:03:06,108,2.1515151515151514
11:03:07,108,2.1515151515151514
11:03:08,108,2.1515151515151514
11:03:09,109,2.188888888888889
11:03:10,109,2.188888888888889
11:03:11,110,2.188888888888889
11:03:12,110,2.188888888888889
11:03:13,111,2.188888888888889
11:03:14,111,2.188888888888889
11:03:15,111,2.201282051282051
11:03:16,112,2.201282051282051
11:03:17,113,2.201282051282051
11:03:18,114,2.201282051282051
11:03:19,114,2.201282051282051
11:03:20,114,2.201282051282051
11:03:21,116,2.229761904761905
11:03:22,116,2.229761904761905
11:03:23,117,2.229761904761905
11:03:24,117,2.229761904761905
11:03:25,119,2.2555555555555555
11:03:26,119,2.2555555555555555
11:03:27,119,2.2555555555555555
11:03:28,120,2.2555555555555555
11:03:29,120,2.2555555555555555
11:03:30,120,2.2555555555555555
11:03:31,120,2.2555555555555555
11:03:32,122,2.2555555555555555
11:03:33,122,2.2555555555555555
11:03:34,122,2.2555555555555555
11:03:35,124,2.2555555555555555
11:03:36,124,2.29375
11:03:37,124,2.313725490196078
11:03:38,124,2.313725490196078
11:03:39,124,2.3305555555555557
11:03:40,125,2.344736842105263
11:03:41,125,2.344736842105263
11:03:42,125,2.3725
11:03:43,126,2.3984126984126983
11:03:44,127,2.3984126984126983
11:03:45,127,2.4212121212121214
11:03:46,127,2.4212121212121214
11:03:47,127,2.4212121212121214
11:03:48,127,2.4212121212121214
11:03:49,128,2.4212121212121214
11:03:50,128,2.4212121212121214
11:03:51,128,2.4434782608695653
11:03:52,129,2.4434782608695653
11:03:53,130,2.4434782608695653
11:03:54,130,2.473611111111111
11:03:55,130,2.473611111111111
11:03:56,130,2.473611111111111
11:03:57,130,2.473611111111111
11:03:58,130,2.473611111111111
11:03:59,130,2.473611111111111
11:04:00,130,2.473611111111111
11:04:01,130,2.473611111111111
11:04:02,131,2.473611111111111
11:04:03,131,2.51
11:04:04,131,2.51
11:04:05,131,2.5346153846153845
11:04:06,131,2.5346153846153845
11:04:07,131,2.5346153846153845
11:04:08,131,2.5567901234567905
11:04:09,131,2.5567901234567905
11:04:10,131,2.5567901234567905
11:04:11,132,2.5567901234567905
11:04:12,132,2.5567901234567905
11:04:13,133,2.5567901234567905
11:04:14,133,2.5567901234567905
11:04:15,133,2.577380952380952
11:04:16,133,2.577380952380952
11:04:17,134,2.577380952380952
11:04:18,135,2.577380952380952
11:04:19,135,2.577380952380952
11:04:20,135,2.577380952380952
11:04:21,136,2.577380952380952
11:04:22,136,2.577380952380952
11:04:23,136,2.577380952380952
11:04:24,136,2.6063218390804597
11:04:25,137,2.6063218390804597
11:04:26,137,2.6063218390804597
11:04:27,137,2.6063218390804597
11:04:28,137,2.6394444444444445
11:04:29,138,2.6394444444444445
11:04:30,138,2.6394444444444445
11:04:31,138,2.6394444444444445
11:04:32,139,2.6394444444444445
11:04:33,139,2.6394444444444445
11:04:34,139,2.6394444444444445
11:04:35,139,2.6394444444444445
11:04:36,139,2.6394444444444445
11:04:37,139,2.663978494623656
11:04:38,140,2.663978494623656
11:04:39,140,2.663978494623656
11:04:40,140,2.7232323232323234
11:04:41,140,2.7232323232323234
11:04:42,140,2.7465686274509804
11:04:43,140,2.7465686274509804
11:04:44,141,2.7990740740740745
11:04:45,141,2.7990740740740745
11:04:46,141,2.7990740740740745
11:04:47,141,2.817117117117117
11:04:48,141,2.817117117117117
11:04:49,142,2.817117117117117
11:04:50,142,2.817117117117117
11:04:51,142,2.817117117117117
11:04:52,142,2.817117117117117
11:04:53,143,2.817117117117117
11:04:54,143,2.817117117117117
11:04:55,143,2.836842105263158
11:04:56,143,2.836842105263158
11:04:57,143,2.8504273504273505
11:04:58,143,2.875
11:04:59,143,2.875
11:05:00,143,2.8959349593495936
11:05:01,144,2.8959349593495936
11:05:02,144,2.8959349593495936
11:05:03,144,2.8959349593495936
11:05:04,144,2.8959349593495936
11:05:05,145,2.913095238095238
11:05:06,145,2.92984496124031
11:05:07,145,2.92984496124031
11:05:08,146,2.92984496124031
11:05:09,146,2.92984496124031
11:05:10,146,2.92984496124031
11:05:11,146,2.92984496124031
11:05:12,147,2.92984496124031
11:05:13,147,2.92984496124031
11:05:14,147,2.952272727272727
11:05:15,149,2.952272727272727
11:05:16,149,2.9662962962962967
11:05:17,149,2.9662962962962967
11:05:18,150,2.9662962962962967
11:05:19,150,2.993840579710145
11:05:20,150,2.993840579710145
11:05:21,150,3.0141843971631204
11:05:22,151,3.0141843971631204
11:05:23,151,3.0322916666666666
11:05:24,151,3.0322916666666666
11:05:25,152,3.0322916666666666
11:05:26,152,3.0322916666666666
11:05:27,152,3.0322916666666666
11:05:28,152,3.0322916666666666
11:05:29,153,3.0322916666666666
11:05:30,153,3.051360544217687
11:05:31,153,3.051360544217687
11:05:32,153,3.073
11:05:33,153,3.089542483660131
11:05:34,153,3.089542483660131
11:05:35,153,3.089542483660131
11:05:36,153,3.089542483660131
11:05:37,153,3.089542483660131
11:05:38,153,3.089542483660131
11:05:39,153,3.089542483660131
11:05:40,154,3.1083333333333334
11:05:41,154,3.130503144654088
11:05:42,154,3.130503144654088
11:05:43,154,3.130503144654088
11:05:44,155,3.130503144654088
11:05:45,155,3.130503144654088
11:05:46,155,3.130503144654088
11:05:47,156,3.130503144654088
11:05:48,156,3.130503144654088
11:05:49,156,3.1558641975308643
11:05:50,157,3.1558641975308643
11:05:51,157,3.1724242424242424
11:05:52,157,3.1724242424242424
11:05:53,158,3.194047619047619
11:05:54,158,3.194047619047619
11:05:55,158,3.214327485380117
11:05:56,158,3.214327485380117
11:05:57,159,3.214327485380117
11:05:58,159,3.214327485380117
11:05:59,159,3.214327485380117
11:06:00,159,3.2304597701149422
11:06:01,160,3.2304597701149422
11:06:02,160,3.2304597701149422
11:06:03,160,3.248870056497175
11:06:04,160,3.248870056497175
11:06:05,160,3.2827868852459017
11:06:06,161,3.2827868852459017
11:06:07,161,3.2827868852459017
11:06:08,161,3.2827868852459017
11:06:09,162,3.2827868852459017
11:06:10,163,3.2827868852459017
11:06:11,163,3.2827868852459017
11:06:12,164,3.3045698924731184
11:06:13,164,3.3045698924731184
11:06:14,164,3.3045698924731184
11:06:15,165,3.3248677248677247
11:06:16,165,3.3248677248677247
11:06:17,165,3.3248677248677247
11:06:18,166,3.3411458333333335
11:06:19,166,3.3411458333333335
11:06:20,166,3.353333333333333
11:06:21,166,3.353333333333333
11:06:22,167,3.364141414141414
11:06:23,167,3.364141414141414
11:06:24,167,3.3833333333333333
11:06:25,167,3.398529411764706
11:06:26,167,3.398529411764706
11:06:27,168,3.4082125603864735
11:06:28,168,3.4082125603864735
11:06:29,168,3.4082125603864735
11:06:30,169,3.4276190476190473
11:06:31,169,3.4276190476190473
11:06:32,169,3.4276190476190473
11:06:33,169,3.4276190476190473
11:06:34,169,3.4276190476190473
11:06:35,170,3.4276190476190473
11:06:36,170,3.4276190476190473
11:06:37,170,3.4276190476190473
11:06:38,170,3.4276190476190473
11:06:39,171,3.4276190476190473
11:06:40,171,3.4276190476190473
11:06:41,171,3.4276190476190473
11:06:42,172,3.4276190476190473
11:06:43,172,3.4276190476190473
11:06:44,172,3.4276190476190473
11:06:45,172,3.443192488262911
11:06:46,172,3.443192488262911
11:06:47,172,3.443192488262911
11:06:48,172,3.443192488262911
11:06:49,172,3.443192488262911
11:06:50,172,3.460648148148148
11:06:51,172,3.460648148148148
11:06:52,172,3.4792237442922374
11:06:53,172,3.4792237442922374
11:06:54,172,3.4792237442922374
11:06:55,172,3.5015765765765763
11:06:56,172,3.5015765765765763
11:06:57,172,3.5015765765765763
11:06:58,172,3.5015765765765763
11:06:59,172,3.5015765765765763
11:07:00,172,3.5206666666666666
11:07:01,172,3.5206666666666666
11:07:02,173,3.5206666666666666
11:07:03,174,3.5353070175438597
11:07:04,174,3.5353070175438597
11:07:05,175,3.5353070175438597
11:07:06,176,3.5353070175438597
11:07:07,176,3.5353070175438597
11:07:08,177,3.5525974025974025
11:07:09,177,3.5525974025974025
11:07:10,177,3.5525974025974025
11:07:11,177,3.5525974025974025
11:07:12,177,3.5525974025974025
11:07:13,178,3.5758547008547006
11:07:14,178,3.5758547008547006
11:07:15,178,3.601054852320675
11:07:16,178,3.601054852320675
11:07:17,179,3.601054852320675
11:07:18,179,3.601054852320675
11:07:19,179,3.625
11:07:20,179,3.625
11:07:21,179,3.625
11:07:22,179,3.625
11:07:23,179,3.642798353909465
11:07:24,179,3.642798353909465
11:07:25,179,3.658130081300813
11:07:26,180,3.658130081300813
11:07:27,180,3.658130081300813
11:07:28,180,3.658130081300813
11:07:29,181,3.67429718875502
11:07:30,181,3.67429718875502
11:07:31,181,3.6968253968253966
11:07:32,181,3.6968253968253966
11:07:33,182,3.6968253968253966
11:07:34,182,3.6968253968253966
11:07:35,182,3.6968253968253966
11:07:36,182,3.6968253968253966
11:07:37,183,3.7131372549019606
11:07:38,183,3.7131372549019606
11:07:39,183,3.7131372549019606
11:07:40,183,3.7131372549019606
11:07:41,184,3.7131372549019606
11:07:42,184,3.728294573643411
11:07:43,184,3.728294573643411
11:07:44,184,3.728294573643411
11:07:45,184,3.7693181818181816
11:07:46,185,3.7693181818181816
11:07:47,185,3.792883895131086
11:07:48,185,3.792883895131086
11:07:49,186,3.792883895131086
11:07:50,186,3.815
11:07:51,186,3.815
11:07:52,186,3.815
11:07:53,187,3.815
11:07:54,188,3.815
11:07:55,189,3.815
11:07:56,190,3.83003663003663
11:07:57,190,3.83003663003663
11:07:58,191,3.8485507246376813
11:07:59,193,3.8485507246376813
11:08:00,193,3.8485507246376813
11:08:01,193,3.8485507246376813
11:08:02,193,3.8485507246376813
11:08:03,194,3.8485507246376813
11:08:04,194,3.8637992831541217
11:08:05,194,3.8879432624113477
11:08:06,194,3.8879432624113477
11:08:07,195,3.91140350877193
11:08:08,195,3.91140350877193
11:08:09,195,3.9213541666666667
11:08:10,195,3.9213541666666667
11:08:11,195,3.9457044673539516
11:08:12,195,3.9457044673539516
11:08:13,195,3.9457044673539516
11:08:14,195,3.9625850340136055
11:08:15,195,3.9625850340136055
11:08:16,195,3.9625850340136055
11:08:17,195,3.9625850340136055
11:08:18,196,3.9625850340136055
11:08:19,196,3.9625850340136055
11:08:20,197,3.9625850340136055
11:08:21,198,3.9769360269360265
11:08:22,198,3.9769360269360265
11:08:23,198,3.9769360269360265
11:08:24,198,3.9769360269360265
11:08:25,199,3.9769360269360265
11:08:26,199,3.9769360269360265
11:08:27,199,3.9769360269360265
11:08:28,200,3.9769360269360265
11:08:29,200,3.9769360269360265
11:08:30,200,3.9769360269360265
11:08:31,200,3.9769360269360265
11:08:32,201,3.9769360269360265
11:08:33,201,3.9769360269360265
11:08:34,201,3.9953333333333334
11:08:35,201,4.007095709570957
11:08:36,202,4.024183006535948
11:08:37,202,4.024183006535948
11:08:38,202,4.033980582524272
11:08:39,203,4.033980582524272
11:08:40,203,4.04775641025641
11:08:41,203,4.071746031746032
11:08:42,203,4.071746031746032
11:08:43,204,4.071746031746032
11:08:44,204,4.098442367601246
11:08:45,204,4.098442367601246
11:08:46,205,4.105555555555556
11:08:47,206,4.105555555555556
11:08:48,206,4.120795107033639
11:08:49,206,4.120795107033639
11:08:50,206,4.120795107033639
11:08:51,206,4.120795107033639
11:08:52,206,4.138030303030303
11:08:53,206,4.138030303030303
11:08:54,206,4.154054054054054
11:08:55,206,4.154054054054054
11:08:56,206,4.154054054054054
11:08:57,206,4.154054054054054
11:08:58,206,4.154054054054054
11:08:59,206,4.154054054054054
11:09:00,206,4.158779761904762
11:09:01,206,4.158779761904762
11:09:02,206,4.158779761904762
11:09:03,206,4.158779761904762
11:09:04,206,4.158779761904762
11:09:05,207,4.158779761904762
11:09:06,208,4.158779761904762
11:09:07,208,4.158779761904762
11:09:08,208,4.176991150442478
11:09:09,208,4.176991150442478
11:09:10,208,4.203070175438596
11:09:11,208,4.203070175438596
11:09:12,208,4.203070175438596
11:09:13,208,4.211449275362319
11:09:14,208,4.211449275362319
11:09:15,208,4.211449275362319
11:09:16,209,4.2188218390804595
11:09:17,209,4.2188218390804595
11:09:18,209,4.2188218390804595
11:09:19,210,4.2188218390804595
11:09:20,211,4.2188218390804595
11:09:21,211,4.2188218390804595
11:09:22,211,4.2188218390804595
11:09:23,211,4.202564102564103
11:09:24,211,4.202564102564103
11:09:25,211,4.202118644067797
11:09:26,211,4.202118644067797
11:09:27,211,4.217366946778712
11:09:28,211,4.217366946778712
11:09:29,211,4.217366946778712
11:09:30,211,4.217366946778712
11:09:31,211,4.217366946778712
11:09:32,211,4.217366946778712
11:09:33,211,4.232777777777778
11:09:34,211,4.232777777777778
11:09:35,211,4.232777777777778
11:09:36,211,4.232777777777778
11:09:37,211,4.232777777777778
11:09:38,211,4.251928374655647
11:09:39,211,4.251928374655647
11:09:40,211,4.251928374655647
11:09:41,211,4.251928374655647
11:09:42,211,4.270081967213115
11:09:43,211,4.270081967213115
11:09:44,211,4.288753387533875
11:09:45,211,4.288753387533875
11:09:46,211,4.3032258064516125
11:09:47,211,4.3032258064516125
11:09:48,211,4.3032258064516125
11:09:49,211,4.3032258064516125
11:09:50,211,4.3032258064516125
11:09:51,211,4.3032258064516125
11:09:52,211,4.3032258064516125
11:09:53,211,4.3032258064516125
11:09:54,211,4.3032258064516125
11:09:55,211,4.3032258064516125
11:09:56,211,4.3032258064516125
11:09:57,211,4.2916
11:09:58,211,4.2916
11:09:59,211,4.310582010582011
11:10:00,211,4.325853018372703
11:10:01,211,4.308203125
11:10:02,211,4.308203125
11:10:03,211,4.308203125
11:10:04,211,4.308203125
11:10:05,211,4.308203125
11:10:06,211,4.308203125
11:10:07,211,4.3242894056847545
11:10:08,211,4.3242894056847545
11:10:09,211,4.3242894056847545
11:10:10,213,4.3242894056847545
11:10:11,213,4.3242894056847545
11:10:12,213,4.343589743589744
11:10:13,214,4.343589743589744
11:10:14,214,4.343589743589744
11:10:15,214,4.343589743589744
11:10:16,215,4.343589743589744
11:10:17,215,4.343589743589744
11:10:18,215,4.341287878787879
11:10:19,215,4.341287878787879
11:10:20,216,4.341287878787879
11:10:21,216,4.326315789473684
11:10:22,216,4.326315789473684
11:10:23,216,4.326315789473684
11:10:24,216,4.326315789473684
11:10:25,216,4.326315789473684
11:10:26,217,4.326315789473684
11:10:27,217,4.326315789473684
11:10:28,217,4.326315789473684
11:10:29,217,4.326119402985074
11:10:30,217,4.347283950617284
11:10:31,217,4.347283950617284
11:10:32,217,4.347283950617284
11:10:33,217,4.347283950617284
11:10:34,217,4.3648284313725485
11:10:35,217,4.3648284313725485
11:10:36,217,4.3648284313725485
11:10:37,217,4.3648284313725485
11:10:38,217,4.3648284313725485
11:10:39,217,4.3648284313725485
11:10:40,217,4.349878345498783
11:10:41,217,4.3631642512077295
11:10:42,217,4.3631642512077295
11:10:43,217,4.3631642512077295
11:10:44,218,4.3631642512077295
11:10:45,218,4.36797619047619
11:10:46,218,4.36797619047619
11:10:47,218,4.36797619047619
11:10:48,218,4.388416075650118
11:10:49,218,4.388416075650118
11:10:50,219,4.378169014084507
11:10:51,219,4.378169014084507
11:10:52,219,4.378169014084507
11:10:53,219,4.362121212121212
11:10:54,219,4.362121212121212
11:10:55,219,4.362121212121212
11:10:56,219,4.362121212121212
11:10:57,219,4.362121212121212
11:10:58,219,4.362121212121212
11:10:59,220,4.362121212121212
11:11:00,220,4.362121212121212
11:11:01,220,4.362121212121212
11:11:02,220,4.362121212121212
11:11:03,220,4.362121212121212
11:11:04,221,4.362121212121212
11:11:05,221,4.362121212121212
11:11:06,222,4.362121212121212
11:11:07,222,4.377430555555555
11:11:08,222,4.377430555555555
11:11:09,222,4.3613793103448275
11:11:10,222,4.3613793103448275
11:11:11,223,4.3613793103448275
11:11:12,223,4.3613793103448275
11:11:13,223,4.3613793103448275
11:11:14,224,4.3613793103448275
11:11:15,224,4.3613793103448275
11:11:16,224,4.3613793103448275
11:11:17,225,4.3613793103448275
11:11:18,225,4.38458904109589
11:11:19,225,4.38458904109589
11:11:20,225,4.407369614512472
11:11:21,226,4.407369614512472
11:11:22,226,4.407369614512472
11:11:23,226,4.428265765765766
11:11:24,226,4.428265765765766
11:11:25,227,4.428265765765766
11:11:26,227,4.428265765765766
11:11:27,227,4.428265765765766
11:11:28,227,4.428265765765766
11:11:29,227,4.428265765765766
11:11:30,227,4.441946308724833
11:11:31,228,4.441946308724833
11:11:32,228,4.441946308724833
11:11:33,228,4.4351111111111114
11:11:34,228,4.4351111111111114
11:11:35,229,4.4351111111111114
11:11:36,229,4.4351111111111114
11:11:37,229,4.4351111111111114
11:11:38,230,4.453421633554084
11:11:39,230,4.453421633554084
11:11:40,231,4.470285087719299
11:11:41,232,4.470285087719299
11:11:42,232,4.470285087719299
11:11:43,232,4.470285087719299
11:11:44,232,4.470285087719299
11:11:45,233,4.470285087719299
11:11:46,233,4.470285087719299
11:11:47,233,4.470285087719299
11:11:48,233,4.470285087719299
11:11:49,235,4.470285087719299
11:11:50,235,4.470285087719299
11:11:51,235,4.470285087719299
11:11:52,236,4.470285087719299
11:11:53,237,4.470285087719299
11:11:54,237,4.486904761904762
11:11:55,237,4.486904761904762
11:11:56,237,4.474731182795699
11:11:57,237,4.489636752136752
11:11:58,237,4.489636752136752
11:11:59,237,4.489636752136752
11:12:00,237,4.506687898089171
11:12:01,238,4.506687898089171
11:12:02,238,4.506687898089171
11:12:03,238,4.489662447257384
11:12:04,238,4.489662447257384
11:12:05,238,4.489662447257384
11:12:06,238,4.489662447257384
11:12:07,238,4.489662447257384
11:12:08,238,4.489662447257384
11:12:09,238,4.489662447257384
11:12:10,238,4.489662447257384
11:12:11,238,4.489662447257384
11:12:12,238,4.508280922431866
11:12:13,238,4.504166666666666
11:12:14,238,4.504166666666666
11:12:15,238,4.525569358178054
11:12:16,238,4.525569358178054
11:12:17,238,4.51059670781893
11:12:18,238,4.51059670781893
11:12:19,238,4.5251533742331285
11:12:20,238,4.5251533742331285
11:12:21,238,4.510162601626017
11:12:22,238,4.510162601626017
11:12:23,238,4.510162601626017
11:12:24,239,4.510162601626017
11:12:25,239,4.510162601626017
11:12:26,239,4.510162601626017
11:12:27,239,4.510162601626017
11:12:28,239,4.510162601626017
11:12:29,239,4.510162601626017
11:12:30,239,4.510162601626017
11:12:31,239,4.496969696969697
11:12:32,239,4.5133534136546185
11:12:33,240,4.5133534136546185
11:12:34,240,4.529341317365269
11:12:35,240,4.529341317365269
11:12:36,240,4.529341317365269
11:12:37,240,4.529341317365269
11:12:38,240,4.543055555555555
11:12:39,240,4.543055555555555
11:12:40,240,4.543055555555555
11:12:41,240,4.53629191321499
11:12:42,240,4.53629191321499
11:12:43,240,4.53629191321499
11:12:44,240,4.53629191321499
11:12:45,240,4.53629191321499
11:12:46,240,4.53629191321499
11:12:47,240,4.553823529411765
11:12:48,240,4.553823529411765
11:12:49,240,4.553823529411765
11:12:50,240,4.553823529411765
11:12:51,240,4.553823529411765
11:12:52,240,4.553823529411765
11:12:53,240,4.553823529411765
11:12:54,240,4.553823529411765
11:12:55,240,4.553823529411765
11:12:56,240,4.553823529411765
11:12:57,241,4.553823529411765
11:12:58,241,4.574366471734892
11:12:59,241,4.574366471734892
11:13:00,241,4.574366471734892
11:13:01,242,4.593798449612404
11:13:02,242,4.593798449612404
11:13:03,242,4.593798449612404
11:13:04,243,4.608670520231214
11:13:05,243,4.608670520231214
11:13:06,243,4.623180076628353
11:13:07,243,4.623180076628353
11:13:08,244,4.623180076628353
11:13:09,244,4.623180076628353
11:13:10,244,4.623180076628353
11:13:11,245,4.623180076628353
11:13:12,245,4.636666666666667
11:13:13,245,4.636666666666667
11:13:14,245,4.636666666666667
11:13:15,246,4.636666666666667
11:13:16,246,4.636666666666667
11:13:17,246,4.654545454545454
11:13:18,246,4.644350282485876
11:13:19,246,4.644350282485876
11:13:20,246,4.663857677902622
11:13:21,246,4.663857677902622
11:13:22,246,4.663857677902622
11:13:23,246,4.663857677902622
11:13:24,246,4.678957169459963
11:13:25,246,4.678957169459963
11:13:26,246,4.678957169459963
11:13:27,247,4.678957169459963
11:13:28,247,4.678957169459963
11:13:29,247,4.678957169459963
11:13:30,247,4.670462962962962
11:13:31,247,4.670462962962962
11:13:32,247,4.670462962962962
11:13:33,247,4.670462962962962
11:13:34,247,4.670462962962962
11:13:35,247,4.670462962962962
11:13:36,247,4.688029465930018
11:13:37,247,4.688029465930018
11:13:38,248,4.688029465930018
11:13:39,248,4.672252747252747
11:13:40,248,4.672252747252747
11:13:41,248,4.685428051001821
11:13:42,248,4.685428051001821
11:13:43,248,4.685428051001821
11:13:44,248,4.685428051001821
11:13:45,248,4.685428051001821
11:13:46,248,4.685428051001821
11:13:47,248,4.699728260869565
11:13:48,248,4.699728260869565
11:13:49,248,4.699728260869565
11:13:50,248,4.699728260869565
11:13:51,248,4.699728260869565
11:13:52,248,4.699728260869565
11:13:53,248,4.699728260869565
11:13:54,248,4.718738738738739
11:13:55,248,4.718738738738739
11:13:56,248,4.718738738738739
11:13:57,248,4.718738738738739
11:13:58,248,4.704480286738351
11:13:59,248,4.704480286738351
11:14:00,248,4.704480286738351
11:14:01,248,4.704480286738351
11:14:02,248,4.704480286738351
11:14:03,248,4.704480286738351
11:14:04,248,4.704480286738351
11:14:05,248,4.723351158645276
11:14:06,249,4.723351158645276
11:14:07,249,4.723351158645276
11:14:08,249,4.723351158645276
11:14:09,249,4.723351158645276
11:14:10,249,4.741046099290781
11:14:11,249,4.757848324514992
11:14:12,249,4.757848324514992
11:14:13,249,4.757848324514992
11:14:14,249,4.757848324514992
11:14:15,249,4.757848324514992
11:14:16,249,4.74640350877193
11:14:17,249,4.74640350877193
11:14:18,250,4.74640350877193
11:14:19,250,4.74640350877193
11:14:20,250,4.74640350877193
11:14:21,250,4.74640350877193
11:14:22,251,4.74640350877193
11:14:23,251,4.7310645724258285
11:14:24,252,4.748524305555555
11:14:25,252,4.748524305555555
11:14:26,252,4.748524305555555
11:14:27,252,4.748524305555555
11:14:28,252,4.76692573402418
11:14:29,252,4.753006872852234
11:14:30,253,4.753006872852234
11:14:31,253,4.753006872852234
11:14:32,253,4.753006872852234
11:14:33,254,4.753006872852234
11:14:34,254,4.753006872852234
11:14:35,254,4.753006872852234
11:14:36,254,4.753006872852234
11:14:37,254,4.753006872852234
11:14:38,255,4.753006872852234
11:14:39,256,4.753006872852234
11:14:40,256,4.753006872852234
11:14:41,257,4.753006872852234
11:14:42,257,4.753006872852234
11:14:43,257,4.753006872852234
11:14:44,258,4.771452991452992
11:14:45,259,4.771452991452992
11:14:46,259,4.771452991452992
11:14:47,261,4.771452991452992
11:14:48,261,4.771452991452992
11:14:49,262,4.771452991452992
11:14:50,263,4.771452991452992
11:14:51,263,4.771452991452992
11:14:52,264,4.771452991452992
11:14:53,265,4.771452991452992
11:14:54,265,4.771452991452992
11:14:55,265,4.771452991452992
11:14:56,266,4.771452991452992
11:14:57,267,4.790136054421769
11:14:58,267,4.790136054421769
11:14:59,267,4.807783417935702
11:15:00,268,4.807783417935702
11:15:01,269,4.807783417935702
11:15:02,269,4.807783417935702
11:15:03,269,4.807783417935702
11:15:04,270,4.807783417935702
11:15:05,271,4.822053872053872
11:15:06,272,4.822053872053872
11:15:07,272,4.8383584589614745
11:15:08,272,4.8383584589614745
11:15:09,272,4.8383584589614745
11:15:10,273,4.8383584589614745
11:15:11,273,4.8383584589614745
11:15:12,273,4.8383584589614745
11:15:13,274,4.8383584589614745
11:15:14,274,4.8383584589614745
11:15:15,274,4.8383584589614745
11:15:16,274,4.8383584589614745
11:15:17,275,4.8383584589614745
11:15:18,275,4.8545
11:15:19,275,4.8545
11:15:20,276,4.8545
11:15:21,276,4.8545
11:15:22,277,4.869485903814263
11:15:23,277,4.869485903814263
11:15:24,277,4.869485903814263
11:15:25,278,4.869485903814263
11:15:26,278,4.869485903814263
11:15:27,278,4.869485903814263
11:15:28,278,4.869485903814263
11:15:29,278,4.869485903814263
11:15:30,278,4.869485903814263
11:15:31,280,4.869485903814263
11:15:32,280,4.886881188118812
11:15:33,280,4.886881188118812
11:15:34,281,4.886881188118812
11:15:35,281,4.9067323481116585
11:15:36,281,4.9067323481116585
11:15:37,281,4.9067323481116585
11:15:38,282,4.9067323481116585
11:15:39,283,4.9067323481116585
11:15:40,284,4.920261437908496
11:15:41,285,4.920261437908496
11:15:42,285,4.9348780487804875
11:15:43,286,4.9348780487804875
11:15:44,286,4.9348780487804875
11:15:45,287,4.9348780487804875
11:15:46,288,4.9348780487804875
11:15:47,288,4.95299352750809
11:15:48,290,4.95299352750809
11:15:49,290,4.95299352750809
11:15:50,290,4.95299352750809
11:15:51,291,4.95299352750809
11:15:52,291,4.95299352750809
11:15:53,292,4.95299352750809
11:15:54,292,4.95299352750809
11:15:55,293,4.95299352750809
11:15:56,293,4.95299352750809
11:15:57,294,4.95299352750809
11:15:58,295,4.964009661835749
11:15:59,295,4.964009661835749
11:16:00,296,4.964009661835749
11:16:01,297,4.964009661835749
11:16:02,297,4.964009661835749
11:16:03,297,4.964009661835749
11:16:04,299,4.964009661835749
11:16:05,300,4.964009661835749
11:16:06,301,4.980849358974359
11:16:07,301,4.980849358974359
11:16:08,302,4.999282296650718
11:16:09,302,4.999282296650718
11:16:10,303,4.999282296650718
11:16:11,303,5.015238095238095
11:16:12,304,5.015238095238095
11:16:13,305,5.015238095238095
11:16:14,305,5.015238095238095
11:16:15,305,5.015238095238095
11:16:16,307,5.015238095238095
11:16:17,307,5.015238095238095
11:16:18,307,5.015238095238095
11:16:19,308,5.015238095238095
11:16:20,309,5.015238095238095
11:16:21,309,5.015238095238095
11:16:22,310,5.015238095238095
11:16:23,311,5.015238095238095
11:16:24,311,5.015238095238095
11:16:25,312,5.015238095238095
11:16:26,312,5.033491311216429
11:16:27,314,5.019496855345912
11:16:28,315,5.019496855345912
11:16:29,315,5.019496855345912
11:16:30,315,5.019496855345912
11:16:31,316,5.005790297339593
11:16:32,316,5.022663551401869
11:16:33,316,5.022663551401869
11:16:34,317,5.007751937984496
11:16:35,317,5.007751937984496
11:16:36,317,5.007751937984496
11:16:37,318,4.99429012345679
11:16:38,319,4.99429012345679
11:16:39,319,5.010829493087558
11:16:40,319,5.010829493087558
11:16:41,320,5.026223241590214
11:16:42,321,5.026223241590214
11:16:43,321,5.026223241590214
11:16:44,322,5.0127853881278535
11:16:45,322,5.0127853881278535
11:16:46,322,5.0127853881278535
11:16:47,324,5.0127853881278535
11:16:48,324,5.0127853881278535
11:16:49,324,5.0127853881278535
11:16:50,325,5.0127853881278535
11:16:51,326,5.0127853881278535
11:16:52,326,5.0127853881278535
11:16:53,327,5.0127853881278535
11:16:54,328,5.0127853881278535
11:16:55,328,5.03189393939394
11:16:56,329,5.03189393939394
11:16:57,329,5.03189393939394
11:16:58,329,5.03189393939394
11:16:59,330,5.03189393939394
11:17:00,331,5.03189393939394
11:17:01,331,5.0363499245852195
11:17:02,331,5.0363499245852195
11:17:03,331,5.0363499245852195
11:17:04,331,5.0363499245852195
11:17:05,331,5.0363499245852195
11:17:06,331,5.0363499245852195
11:17:07,332,5.024099099099099
11:17:08,332,5.024099099099099
11:17:09,332,5.024099099099099
11:17:10,332,5.024099099099099
11:17:11,333,5.024099099099099
11:17:12,333,5.040657698056801
11:17:13,334,5.028497023809524
11:17:14,334,5.028497023809524
11:17:15,334,5.042296296296296
11:17:16,334,5.042296296296296
11:17:17,334,5.042296296296296
11:17:18,335,5.048384728340675
11:17:19,335,5.048384728340675
11:17:20,335,5.048384728340675
11:17:21,336,5.035526315789474
11:17:22,336,5.052037845705968
11:17:23,336,5.052037845705968
11:17:24,336,5.052037845705968
11:17:25,336,5.052037845705968
11:17:26,336,5.052037845705968
11:17:27,336,5.0426086956521745
11:17:28,336,5.0426086956521745
11:17:29,336,5.055988455988456
11:17:30,336,5.055988455988456
11:17:31,336,5.055988455988456
11:17:32,336,5.055988455988456
11:17:33,336,5.07198275862069
11:17:34,336,5.062660944206008
11:17:35,336,5.062660944206008
11:17:36,336,5.062660944206008
11:17:37,336,5.062660944206008
11:17:38,336,5.062660944206008
11:17:39,336,5.062660944206008
11:17:40,336,5.062660944206008
11:17:41,336,5.062660944206008
11:17:42,336,5.062660944206008
11:17:43,336,5.062660944206008
11:17:44,337,5.062660944206008
11:17:45,337,5.062660944206008
11:17:46,337,5.062660944206008
11:17:47,337,5.062660944206008
11:17:48,337,5.062660944206008
11:17:49,338,5.062660944206008
11:17:50,339,5.062660944206008
11:17:51,339,5.062660944206008
11:17:52,340,5.062660944206008
11:17:53,340,5.062660944206008
11:17:54,341,5.062660944206008
11:17:55,341,5.068304843304843
11:17:56,341,5.068304843304843
11:17:57,342,5.060141843971632
11:17:58,342,5.060141843971632
11:17:59,343,5.051977401129943
11:18:00,343,5.051977401129943
11:18:01,344,5.051977401129943
11:18:02,344,5.070393811533052
11:18:03,344,5.070393811533052
11:18:04,345,5.079831932773109
11:18:05,345,5.079831932773109
11:18:06,346,5.079831932773109
11:18:07,346,5.079831932773109
11:18:08,346,5.087935843793584
11:18:09,346,5.079722222222222
11:18:10,347,5.079722222222222
11:18:11,347,5.089073305670817
11:18:12,347,5.089073305670817
11:18:13,348,5.089073305670817
11:18:14,348,5.089073305670817
11:18:15,348,5.089073305670817
11:18:16,349,5.094421487603305
11:18:17,349,5.094421487603305
11:18:18,350,5.08525377229081
11:18:19,351,5.093579234972678
11:18:20,351,5.086530612244898
11:18:21,351,5.0939701897018965
11:18:22,352,5.0939701897018965
11:18:23,352,5.0867071524966265
11:18:24,352,5.095698924731183
11:18:25,353,5.095698924731183
11:18:26,353,5.095698924731183
11:18:27,353,5.095698924731183
11:18:28,353,5.104216867469879
11:18:29,354,5.104216867469879
11:18:30,354,5.104216867469879
11:18:31,354,5.104216867469879
11:18:32,356,5.104216867469879
11:18:33,356,5.098273572377158
11:18:34,356,5.098273572377158
11:18:35,357,5.106944444444445
11:18:36,357,5.106944444444445
11:18:37,358,5.106944444444445
11:18:38,358,5.106944444444445
11:18:39,359,5.106944444444445
11:18:40,359,5.106944444444445
11:18:41,359,5.106944444444445
11:18:42,360,5.106944444444445
11:18:43,360,5.106944444444445
11:18:44,360,5.106944444444445
11:18:45,360,5.106944444444445
11:18:46,360,5.115085638998682
11:18:47,360,5.107152230971129
11:18:48,360,5.107152230971129
11:18:49,360,5.107152230971129
11:18:50,360,5.101437908496732
11:18:51,360,5.101437908496732
11:18:52,360,5.101437908496732
11:18:53,360,5.101437908496732
11:18:54,360,5.101437908496732
11:18:55,360,5.101437908496732
11:18:56,360,5.111067708333334
11:18:57,360,5.111067708333334
11:18:58,360,5.111067708333334
11:18:59,361,5.111067708333334
11:19:00,361,5.111067708333334
11:19:01,361,5.111067708333334
11:19:02,363,5.111067708333334
11:19:03,363,5.111067708333334
11:19:04,363,5.111067708333334
11:19:05,363,5.1138242894056845
11:19:06,365,5.1138242894056845
11:19:07,365,5.1138242894056845
11:19:08,365,5.1138242894056845
11:19:09,365,5.1138242894056845
11:19:10,366,5.1138242894056845
11:19:11,367,5.107271557271558
11:19:12,367,5.107271557271558
11:19:13,368,5.101602564102564
11:19:14,369,5.101602564102564
11:19:15,370,5.101602564102564
11:19:16,371,5.098020434227331
11:19:17,373,5.098020434227331
11:19:18,373,5.09351145038168
11:19:19,374,5.09351145038168
11:19:20,375,5.09351145038168
11:19:21,376,5.088212927756654
11:19:22,377,5.088212927756654
11:19:23,377,5.088212927756654
11:19:24,380,5.088212927756654
11:19:25,380,5.098358585858586
11:19:26,381,5.098358585858586
11:19:27,382,5.107861635220126
11:19:28,383,5.107861635220126
11:19:29,384,5.107861635220126
11:19:30,384,5.116729323308271
11:19:31,384,5.116729323308271
11:19:32,385,5.116729323308271
11:19:33,385,5.126716604244694
11:19:34,386,5.126716604244694
11:19:35,388,5.126716604244694
11:19:36,389,5.126716604244694
11:19:37,389,5.126716604244694
11:19:38,391,5.121828358208956
11:19:39,391,5.120941759603469
11:19:40,392,5.116666666666666
11:19:41,393,5.116666666666666
11:19:42,395,5.116666666666666
11:19:43,395,5.113222632226322
11:19:44,396,5.113222632226322
11:19:45,396,5.113222632226322
11:19:46,397,5.113222632226322
11:19:47,399,5.113222632226322
11:19:48,399,5.11078431372549
11:19:49,400,5.11078431372549
11:19:50,402,5.11078431372549
11:19:51,402,5.11078431372549
11:19:52,403,5.116239316239316
11:19:53,405,5.116239316239316
11:19:54,406,5.122871046228711
11:19:55,406,5.122871046228711
11:19:56,406,5.119030303030303
11:19:57,407,5.119030303030303
11:19:58,407,5.119030303030303
11:19:59,409,5.1250603864734305
11:20:00,409,5.1250603864734305
11:20:01,410,5.1250603864734305
11:20:02,411,5.1250603864734305
11:20:03,411,5.1250603864734305
11:20:04,411,5.122202166064982
11:20:05,412,5.122202166064982
11:20:06,413,5.122202166064982
11:20:07,415,5.122202166064982
11:20:08,415,5.122202166064982
11:20:09,416,5.122202166064982
11:20:10,418,5.122202166064982
11:20:11,418,5.122202166064982
11:20:12,419,5.122202166064982
11:20:13,421,5.119304556354916
11:20:14,422,5.119304556354916
11:20:15,422,5.116845878136201
11:20:16,422,5.1239880952380945
11:20:17,424,5.1239880952380945
11:20:18,424,5.1239880952380945
11:20:19,425,5.125266903914591
11:20:20,426,5.125266903914591
11:20:21,427,5.1225768321513
11:20:22,427,5.1225768321513
11:20:23,428,5.1225768321513
11:20:24,429,5.1225768321513
11:20:25,429,5.1225768321513
11:20:26,430,5.129093050647821
11:20:27,431,5.13262910798122
11:20:28,431,5.13262910798122
11:20:29,432,5.130292397660819
11:20:30,433,5.130292397660819
11:20:31,434,5.130292397660819
11:20:32,435,5.127214452214452
11:20:33,436,5.127214452214452
11:20:34,437,5.133449477351917
11:20:35,438,5.133449477351917
11:20:36,439,5.141898148148148
11:20:37,439,5.141898148148148
11:20:38,439,5.141898148148148
11:20:39,439,5.141898148148148
11:20:40,440,5.141898148148148
11:20:41,440,5.141898148148148
11:20:42,441,5.141898148148148
11:20:43,442,5.141898148148148
11:20:44,443,5.139827586206896
11:20:45,443,5.139827586206896
11:20:46,445,5.142382588774341
11:20:47,445,5.142382588774341
11:20:48,447,5.142382588774341
11:20:49,447,5.142382588774341
11:20:50,448,5.142382588774341
11:20:51,448,5.142382588774341
11:20:52,450,5.145034246575343
11:20:53,451,5.145034246575343
11:20:54,451,5.150625711035267
11:20:55,451,5.150625711035267
11:20:56,452,5.150625711035267
11:20:57,453,5.150625711035267
11:20:58,453,5.150625711035267
11:20:59,454,5.150625711035267
11:21:00,455,5.150625711035267
11:21:01,455,5.150625711035267
11:21:02,455,5.150625711035267
11:21:03,456,5.149149659863946
11:21:04,456,5.149149659863946
11:21:05,457,5.149149659863946
11:21:06,458,5.149209039548023
11:21:07,458,5.149209039548023
11:21:08,458,5.148817567567567
11:21:09,458,5.148817567567567
11:21:10,458,5.148817567567567
11:21:11,459,5.148821548821549
11:21:12,459,5.148821548821549
11:21:13,459,5.148821548821549
11:21:14,460,5.148821548821549
11:21:15,460,5.148821548821549
11:21:16,461,5.15251677852349
11:21:17,462,5.15251677852349
11:21:18,462,5.15251677852349
11:21:19,462,5.15251677852349
11:21:20,463,5.15251677852349
11:21:21,463,5.152229654403568
11:21:22,464,5.152229654403568
11:21:23,464,5.152722222222223
11:21:24,464,5.152722222222223
11:21:25,464,5.152722222222223
11:21:26,465,5.149280177187154
11:21:27,466,5.149280177187154
11:21:28,466,5.149280177187154
11:21:29,466,5.149280177187154
11:21:30,466,5.1496688741721846
11:21:31,466,5.1496688741721846
11:21:32,467,5.1496688741721846
11:21:33,467,5.1496688741721846
11:21:34,468,5.145504385964912
11:21:35,468,5.145504385964912
11:21:36,468,5.149890710382513
11:21:37,469,5.149891067538126
11:21:38,469,5.149891067538126
11:21:39,469,5.149891067538126
11:21:40,470,5.149891067538126
11:21:41,471,5.149891067538126
11:21:42,471,5.152388707926167
11:21:43,471,5.152388707926167
11:21:44,472,5.152388707926167
11:21:45,472,5.152388707926167
11:21:46,473,5.152388707926167
11:21:47,473,5.152388707926167
11:21:48,473,5.152388707926167
11:21:49,473,5.152388707926167
11:21:50,473,5.152388707926167
11:21:51,474,5.152388707926167
11:21:52,474,5.147619047619047
11:21:53,474,5.147619047619047
11:21:54,474,5.149784250269687
11:21:55,476,5.149784250269687
11:21:56,476,5.149784250269687
11:21:57,476,5.15247311827957
11:21:58,477,5.15247311827957
11:21:59,479,5.15247311827957
11:22:00,479,5.15247311827957
11:22:01,480,5.15247311827957
11:22:02,480,5.150911039657021
11:22:03,481,5.150911039657021
11:22:04,481,5.150911039657021
11:22:05,481,5.152403846153846
11:22:06,481,5.152403846153846
11:22:07,483,5.152403846153846
11:22:08,483,5.152403846153846
11:22:09,483,5.152403846153846
11:22:10,483,5.152403846153846
11:22:11,483,5.152403846153846
11:22:12,483,5.14989350372737
11:22:13,483,5.14989350372737
11:22:14,483,5.14989350372737
11:22:15,483,5.14989350372737
11:22:16,483,5.14989350372737
11:22:17,483,5.14989350372737
11:22:18,483,5.14989350372737
11:22:19,483,5.14989350372737
11:22:20,483,5.1523885350318475
11:22:21,483,5.1523885350318475
11:22:22,483,5.1523885350318475
11:22:23,483,5.151476793248945
11:22:24,483,5.151476793248945
11:22:25,483,5.15272536687631
11:22:26,484,5.15272536687631
11:22:27,484,5.15272536687631
11:22:28,485,5.150989583333333
11:22:29,485,5.150989583333333
11:22:30,485,5.148078920041537
11:22:31,485,5.148078920041537
11:22:32,485,5.148078920041537
11:22:33,485,5.145962732919255
11:22:34,486,5.145962732919255
11:22:35,486,5.145962732919255
11:22:36,486,5.145962732919255
11:22:37,486,5.145962732919255
11:22:38,487,5.145962732919255
11:22:39,487,5.145962732919255
11:22:40,487,5.145962732919255
11:22:41,488,5.145962732919255
11:22:42,488,5.145962732919255
11:22:43,488,5.145962732919255
11:22:44,489,5.145962732919255
11:22:45,490,5.145962732919255
11:22:46,490,5.150412796697626
11:22:47,491,5.150412796697626
11:22:48,492,5.150412796697626
11:22:49,493,5.150412796697626
11:22:50,493,5.150412796697626
11:22:51,493,5.148765432098766
11:22:52,494,5.148765432098766
11:22:53,494,5.148765432098766
11:22:54,494,5.1528205128205125
11:22:55,495,5.1528205128205125
11:22:56,495,5.1560838445807775
11:22:57,495,5.1560838445807775
11:22:58,495,5.1560838445807775
11:22:59,496,5.159378185524974
11:23:00,496,5.159378185524974
11:23:01,496,5.164583333333334
11:23:02,496,5.164583333333334
11:23:03,496,5.166515151515152
11:23:04,496,5.166515151515152
11:23:05,496,5.169327309236948
11:23:06,496,5.169327309236948
11:23:07,496,5.169327309236948
11:23:08,496,5.169327309236948
11:23:09,496,5.167967967967968
11:23:10,497,5.167967967967968
11:23:11,497,5.167967967967968
11:23:12,497,5.167967967967968
11:23:13,497,5.166616766467066
11:23:14,497,5.166616766467066
11:23:15,497,5.166766169154229
11:23:16,497,5.166766169154229
11:23:17,498,5.168694362017804
11:23:18,498,5.168694362017804
11:23:19,498,5.168694362017804
11:23:20,498,5.168694362017804
11:23:21,498,5.168694362017804
11:23:22,498,5.168694362017804
11:23:23,498,5.168694362017804
11:23:24,499,5.168694362017804
11:23:25,499,5.168694362017804
11:23:26,499,5.168694362017804
11:23:27,499,5.168694362017804
11:23:28,499,5.16646942800789
11:23:29,499,5.16646942800789
11:23:30,499,5.16646942800789
11:23:31,499,5.16646942800789
11:23:32,499,5.16646942800789
11:23:33,499,5.16646942800789
11:23:34,499,5.16646942800789
11:23:35,499,5.16646942800789
11:23:36,500,5.16646942800789
11:23:37,500,5.16646942800789
11:23:38,500,5.16646942800789
11:23:39,500,5.164601769911504
11:23:40,503,5.164601769911504
11:23:41,503,5.164601769911504
11:23:42,503,5.170147058823529
11:23:43,503,5.170147058823529
11:23:44,503,5.170147058823529
11:23:45,503,5.174926686217009
11:23:46,504,5.174926686217009
11:23:47,504,5.174926686217009
11:23:48,504,5.173001949317738
11:23:49,505,5.173001949317738
11:23:50,505,5.173001949317738
11:23:51,505,5.173858114674442
11:23:52,506,5.178779069767442
11:23:53,506,5.177246376811595
11:23:54,507,5.177246376811595
11:23:55,508,5.183622350674374
11:23:56,508,5.183622350674374
11:23:57,509,5.183622350674374
11:23:58,511,5.183622350674374
11:23:59,511,5.183622350674374
11:24:00,512,5.183622350674374
11:24:01,512,5.183622350674374
11:24:02,514,5.190441882804995
11:24:03,515,5.190038314176245
11:24:04,515,5.190038314176245
11:24:05,516,5.190038314176245
11:24:06,517,5.190038314176245
11:24:07,517,5.1926934097421205
11:24:08,517,5.1926934097421205
11:24:09,518,5.1926934097421205
11:24:10,518,5.1926934097421205
11:24:11,518,5.1926934097421205
11:24:12,519,5.1926934097421205
11:24:13,519,5.19104761904762
11:24:14,519,5.19104761904762
11:24:15,519,5.19104761904762
11:24:16,520,5.19104761904762
11:24:17,520,5.19104761904762
11:24:18,520,5.19104761904762
11:24:19,520,5.19104761904762
11:24:20,520,5.19104761904762
11:24:21,520,5.19104761904762
11:24:22,521,5.19104761904762
11:24:23,521,5.19104761904762
11:24:24,521,5.197293447293447
11:24:25,521,5.197293447293447
11:24:26,521,5.197293447293447
11:24:27,522,5.196969696969697
11:24:28,522,5.196969696969697
11:24:29,522,5.196969696969697
11:24:30,522,5.196969696969697
11:24:31,523,5.196969696969697
11:24:32,523,5.196969696969697
11:24:33,523,5.197119924457035
11:24:34,523,5.2040960451977405
11:24:35,524,5.2040960451977405
11:24:36,524,5.207136150234742
11:24:37,524,5.207136150234742
11:24:38,524,5.207069288389514
11:24:39,525,5.207069288389514
11:24:40,525,5.207069288389514
11:24:41,525,5.209663865546219
11:24:42,525,5.209663865546219
11:24:43,526,5.214106145251397
11:24:44,526,5.214106145251397
11:24:45,527,5.214106145251397
11:24:46,528,5.2220519962859795
11:24:47,528,5.2216203703703705
11:24:48,528,5.2216203703703705
11:24:49,530,5.2216203703703705
11:24:50,530,5.2216203703703705
11:24:51,530,5.2216203703703705
11:24:52,530,5.229501385041551
11:24:53,531,5.230156537753222
11:24:54,531,5.230156537753222
11:24:55,531,5.230156537753222
11:24:56,531,5.2328741965105605
11:24:57,532,5.2328741965105605
11:24:58,533,5.2328741965105605
11:24:59,533,5.2328741965105605
11:25:00,533,5.2328741965105605
11:25:01,534,5.2328741965105605
11:25:02,535,5.234569597069597
11:25:03,535,5.234569597069597
11:25:04,536,5.234569597069597
11:25:05,536,5.234569597069597
11:25:06,536,5.233561643835617
11:25:07,537,5.233561643835617
11:25:08,537,5.233697632058289
11:25:09,537,5.233697632058289
11:25:10,537,5.233697632058289
11:25:11,537,5.233697632058289
11:25:12,538,5.233697632058289
11:25:13,538,5.233697632058289
11:25:14,538,5.233697632058289
11:25:15,538,5.233697632058289
11:25:16,539,5.233697632058289
11:25:17,539,5.233697632058289
11:25:18,539,5.233697632058289
11:25:19,539,5.233697632058289
11:25:20,539,5.234922797456858
11:25:21,540,5.234922797456858
11:25:22,540,5.234922797456858
11:25:23,540,5.234922797456858
11:25:24,540,5.237952898550725
11:25:25,541,5.237952898550725
11:25:26,541,5.237952898550725
11:25:27,541,5.238798554652214
11:25:28,541,5.239054054054054
11:25:29,541,5.239054054054054
11:25:30,542,5.239054054054054
11:25:31,542,5.239054054054054
11:25:32,542,5.239054054054054
11:25:33,543,5.248337825696316
11:25:34,543,5.248337825696316
11:25:35,543,5.248337825696316
11:25:36,544,5.250940860215054
11:25:37,545,5.250940860215054
11:25:38,545,5.257730116175156
11:25:39,546,5.257730116175156
11:25:40,546,5.257730116175156
11:25:41,547,5.257730116175156
11:25:42,548,5.260695187165775
11:25:43,549,5.263244444444444
11:25:44,549,5.263244444444444
11:25:45,549,5.272916666666666
11:25:46,549,5.272916666666666
11:25:47,549,5.272916666666666
11:25:48,549,5.272916666666666
11:25:49,549,5.272916666666666
11:25:50,550,5.272916666666666
11:25:51,550,5.272916666666666
11:25:52,550,5.272916666666666
11:25:53,551,5.272916666666666
11:25:54,551,5.272916666666666
11:25:55,551,5.272916666666666
11:25:56,551,5.274314765694076
11:25:57,551,5.274314765694076
11:25:58,552,5.274314765694076
11:25:59,552,5.274314765694076
11:26:00,552,5.2781746031746035
11:26:01,552,5.2781746031746035
11:26:02,552,5.280694810905893
11:26:03,552,5.280694810905893
11:26:04,553,5.280694810905893
11:26:05,553,5.280694810905893
11:26:06,553,5.280694810905893
11:26:07,553,5.280694810905893
11:26:08,554,5.280694810905893
11:26:09,555,5.282982456140351
11:26:10,555,5.282982456140351
11:26:11,556,5.2838582677165356
11:26:12,556,5.2838582677165356
11:26:13,556,5.2838582677165356
11:26:14,556,5.2838582677165356
11:26:15,556,5.2838582677165356
11:26:16,556,5.2856457242582895
11:26:17,557,5.286945169712793
11:26:18,558,5.286945169712793
11:26:19,558,5.291449652777778
11:26:20,558,5.293679653679654
11:26:21,558,5.293679653679654
11:26:22,559,5.293679653679654
11:26:23,559,5.293679653679654
11:26:24,559,5.293679653679654
11:26:25,560,5.304015544041451
11:26:26,560,5.3059862187769165
11:26:27,562,5.3059862187769165
11:26:28,562,5.310051546391752
11:26:29,562,5.318294772922022
11:26:30,564,5.318294772922022
11:26:31,564,5.318294772922022
11:26:32,564,5.318294772922022
11:26:33,564,5.318294772922022
11:26:34,565,5.328675213675213
11:26:35,566,5.33073316283035
11:26:36,566,5.33073316283035
11:26:37,566,5.33073316283035
11:26:38,567,5.33073316283035
11:26:39,567,5.33073316283035
11:26:40,568,5.33073316283035
11:26:41,569,5.33073316283035
11:26:42,569,5.33073316283035
11:26:43,569,5.33073316283035
11:26:44,569,5.33073316283035
11:26:45,570,5.33073316283035
11:26:46,570,5.335884353741497
11:26:47,570,5.335884353741497
11:26:48,570,5.335884353741497
11:26:49,570,5.335884353741497
11:26:50,570,5.337616624257846
11:26:51,570,5.337616624257846
11:26:52,571,5.337616624257846
11:26:53,571,5.337616624257846
11:26:54,571,5.3448523206751055
11:26:55,571,5.3448523206751055
11:26:56,571,5.3448523206751055
11:26:57,571,5.3448523206751055
11:26:58,571,5.3448523206751055
11:26:59,571,5.3448523206751055
11:27:00,571,5.347180134680134
11:27:01,571,5.347180134680134
11:27:02,571,5.347180134680134
11:27:03,571,5.347180134680134
11:27:04,571,5.347180134680134
11:27:05,571,5.347180134680134
11:27:06,571,5.347180134680134
11:27:07,571,5.349916036943744
11:27:08,571,5.349916036943744
11:27:09,572,5.35075376884422
11:27:10,572,5.35075376884422
11:27:11,572,5.35075376884422
11:27:12,572,5.35075376884422
11:27:13,572,5.35075376884422
11:27:14,572,5.3540935672514625
11:27:15,572,5.359583333333333
11:27:16,572,5.359583333333333
11:27:17,572,5.362427265170408
11:27:18,572,5.370646766169155
11:27:19,573,5.377336641852771
11:27:20,573,5.377336641852771
11:27:21,574,5.377336641852771
11:27:22,574,5.377336641852771
11:27:23,574,5.377336641852771
11:27:24,574,5.377336641852771
11:27:25,574,5.389232673267327
11:27:26,574,5.389232673267327
11:27:27,574,5.389232673267327
11:27:28,574,5.394897119341564
11:27:29,574,5.394897119341564
11:27:30,575,5.394897119341564
11:27:31,575,5.394897119341564
11:27:32,575,5.394897119341564
11:27:33,576,5.394897119341564
11:27:34,576,5.394897119341564
11:27:35,576,5.394897119341564
11:27:36,576,5.401313628899836
11:27:37,579,5.401313628899836
11:27:38,579,5.408230958230958
11:27:39,579,5.408230958230958
11:27:40,579,5.408230958230958
11:27:41,581,5.408230958230958
11:27:42,581,5.417277913610432
11:27:43,583,5.417277913610432
11:27:44,583,5.417277913610432
11:27:45,584,5.417277913610432
11:27:46,586,5.417277913610432
11:27:47,586,5.417277913610432
11:27:48,586,5.417277913610432
11:27:49,587,5.420772357723577
11:27:50,588,5.426845093268451
11:27:51,588,5.430542071197411
11:27:52,589,5.430542071197411
11:27:53,591,5.430542071197411
11:27:54,591,5.430542071197411
11:27:55,591,5.430542071197411
11:27:56,591,5.430542071197411
11:27:57,591,5.430542071197411
11:27:58,593,5.433575464083939
11:27:59,593,5.433575464083939
11:28:00,594,5.433575464083939
11:28:01,594,5.437761674718197
11:28:02,595,5.446144578313253
11:28:03,595,5.446144578313253
11:28:04,595,5.446144578313253
11:28:05,595,5.446144578313253
11:28:06,595,5.446144578313253
11:28:07,597,5.446144578313253
11:28:08,597,5.446144578313253
11:28:09,597,5.446144578313253
11:28:10,598,5.446144578313253
11:28:11,598,5.453405448717948
11:28:12,598,5.453405448717948
11:28:13,598,5.453405448717948
11:28:14,599,5.453405448717948
11:28:15,599,5.453405448717948
11:28:16,599,5.460631494804157
11:28:17,599,5.463317384370016
11:28:18,600,5.463317384370016
11:28:19,600,5.463317384370016
11:28:20,600,5.463317384370016
11:28:21,600,5.467820206841686
11:28:22,600,5.467820206841686
11:28:23,600,5.467820206841686
11:28:24,600,5.467820206841686
11:28:25,600,5.467820206841686
11:28:26,600,5.467820206841686
11:28:27,600,5.467820206841686
11:28:28,600,5.467820206841686
11:28:29,600,5.467820206841686
11:28:30,600,5.467820206841686
11:28:31,600,5.467820206841686
11:28:32,601,5.467820206841686
11:28:33,602,5.467820206841686
11:28:34,602,5.467820206841686
11:28:35,602,5.471071428571429
11:28:36,603,5.478266033254157
11:28:37,604,5.478266033254157
11:28:38,604,5.478266033254157
11:28:39,604,5.482109004739337
11:28:40,605,5.4895587076438135
11:28:41,605,5.493238993710691
11:28:42,605,5.493238993710691
11:28:43,605,5.501882352941177
11:28:44,605,5.501882352941177
11:28:45,606,5.509898278560251
11:28:46,606,5.509898278560251
11:28:47,606,5.513036690085871
11:28:48,607,5.521923676012461
11:28:49,607,5.521923676012461
11:28:50,607,5.525951825951826
11:28:51,608,5.525951825951826
11:28:52,608,5.525951825951826
11:28:53,608,5.535271317829457
11:28:54,609,5.535271317829457
11:28:55,609,5.535271317829457
11:28:56,609,5.535271317829457
11:28:57,609,5.535271317829457
11:28:58,609,5.535271317829457
11:28:59,610,5.538940448569219
11:29:00,610,5.538940448569219
11:29:01,610,5.538940448569219
11:29:02,610,5.538940448569219
11:29:03,610,5.538940448569219
11:29:04,610,5.538940448569219
11:29:05,610,5.538940448569219
11:29:06,610,5.542554012345679
11:29:07,610,5.542554012345679
11:29:08,610,5.542554012345679
11:29:09,610,5.542554012345679
11:29:10,610,5.542554012345679
11:29:11,610,5.546843725943033
11:29:12,610,5.546843725943033
11:29:13,610,5.550384024577573
11:29:14,610,5.550384024577573
11:29:15,610,5.550384024577573
11:29:16,610,5.550384024577573
11:29:17,610,5.550384024577573
11:29:18,610,5.553065134099617
11:29:19,610,5.553065134099617
11:29:20,610,5.553065134099617
11:29:21,610,5.553065134099617
11:29:22,610,5.553065134099617
11:29:23,610,5.553065134099617
11:29:24,610,5.561467889908257
11:29:25,611,5.561467889908257
11:29:26,611,5.561467889908257
11:29:27,611,5.561467889908257
11:29:28,611,5.561467889908257
11:29:29,611,5.561467889908257
11:29:30,611,5.561467889908257
11:29:31,611,5.561467889908257
11:29:32,611,5.561467889908257
11:29:33,611,5.561467889908257
11:29:34,611,5.571357742181541
11:29:35,611,5.580251141552512
11:29:36,611,5.580251141552512
11:29:37,611,5.583788914198937
11:29:38,612,5.594204545454545
11:29:39,612,5.598790627362056
11:29:40,612,5.598790627362056
11:29:41,613,5.602036199095023
11:29:42,614,5.602036199095023
11:29:43,614,5.611888638073739
11:29:44,614,5.611888638073739
11:29:45,615,5.616741741741742
11:29:46,615,5.625280898876405
11:29:47,616,5.625280898876405
11:29:48,616,5.628176382660687
11:29:49,617,5.628176382660687
11:29:50,617,5.628176382660687
11:29:51,617,5.628176382660687
11:29:52,617,5.628176382660687
11:29:53,617,5.628176382660687
11:29:54,617,5.628176382660687
11:29:55,618,5.628176382660687
11:29:56,618,5.628176382660687
11:29:57,618,5.628176382660687
11:29:58,618,5.628176382660687
11:29:59,619,5.628176382660687
11:30:00,619,5.628176382660687
11:30:01,619,5.628176382660687
11:30:02,619,5.628176382660687
11:30:03,620,5.631730052199851
11:30:04,620,5.631730052199851
11:30:05,621,5.631730052199851
11:30:06,621,5.631730052199851
11:30:07,621,5.631730052199851
11:30:08,621,5.631730052199851
11:30:09,622,5.631730052199851
11:30:10,622,5.641480654761905
11:30:11,622,5.641480654761905
11:30:12,622,5.64547141796585
11:30:13,623,5.654703703703704
11:30:14,624,5.654703703703704
11:30:15,624,5.654703703703704
11:30:16,625,5.654703703703704
11:30:17,625,5.654703703703704
11:30:18,625,5.654703703703704
11:30:19,627,5.654703703703704
11:30:20,627,5.654703703703704
11:30:21,627,5.654703703703704
11:30:22,627,5.65849963045085
11:30:23,628,5.65849963045085
11:30:24,628,5.669247787610619
11:30:25,628,5.669247787610619
11:30:26,628,5.6738042678440035
11:30:27,628,5.685168869309838
11:30:28,630,5.685168869309838
11:30:29,631,5.689267399267399
11:30:30,631,5.689267399267399
11:30:31,632,5.689267399267399
11:30:32,632,5.698099415204679
11:30:33,632,5.708169219547775
11:30:34,633,5.708169219547775
11:30:35,633,5.708169219547775
11:30:36,633,5.7215686274509805
11:30:37,633,5.7215686274509805
11:30:38,633,5.7215686274509805
11:30:39,634,5.723949275362319
11:30:40,635,5.723949275362319
11:30:41,635,5.723949275362319
11:30:42,635,5.723949275362319
11:30:43,636,5.723949275362319
11:30:44,636,5.723949275362319
11:30:45,636,5.727440347071584
11:30:46,637,5.727440347071584
11:30:47,639,5.727440347071584
11:30:48,639,5.727440347071584
11:30:49,640,5.727440347071584
11:30:50,640,5.727440347071584
11:30:51,640,5.727440347071584
11:30:52,640,5.727440347071584
11:30:53,641,5.736688311688312
11:30:54,641,5.736688311688312
11:30:55,641,5.736688311688312
11:30:56,641,5.739020878329734
11:30:57,641,5.750323275862069
11:30:58,642,5.750323275862069
11:30:59,642,5.750323275862069
11:31:00,642,5.750323275862069
11:31:01,642,5.750323275862069
11:31:02,643,5.750323275862069
11:31:03,643,5.750323275862069
11:31:04,643,5.750323275862069
11:31:05,644,5.750323275862069
11:31:06,644,5.750323275862069
11:31:07,644,5.750323275862069
11:31:08,645,5.750323275862069
11:31:09,645,5.750323275862069
11:31:10,645,5.750323275862069
11:31:11,645,5.750323275862069
11:31:12,646,5.750323275862069
11:31:13,646,5.750323275862069
11:31:14,647,5.764413447782546
11:31:15,648,5.775517487508922
11:31:16,649,5.7778846153846155
11:31:17,649,5.7778846153846155
11:31:18,649,5.7778846153846155
11:31:19,650,5.781307746979389
11:31:20,650,5.781307746979389
11:31:21,650,5.781307746979389
11:31:22,650,5.785496453900709
11:31:23,650,5.785496453900709
11:31:24,650,5.78895966029724
11:31:25,650,5.78895966029724
11:31:26,650,5.792337570621469
11:31:27,650,5.792337570621469
11:31:28,650,5.803241719520789
11:31:29,650,5.803241719520789
11:31:30,650,5.803241719520789
11:31:31,650,5.815295358649789
11:31:32,650,5.815295358649789
11:31:33,650,5.815295358649789
11:31:34,651,5.826140350877194
11:31:35,651,5.826140350877194
11:31:36,651,5.836764705882353
11:31:37,652,5.836764705882353
11:31:38,652,5.839133473095737
11:31:39,652,5.839133473095737
11:31:40,652,5.839133473095737
11:31:41,652,5.839133473095737
11:31:42,652,5.839133473095737
11:31:43,652,5.839133473095737
11:31:44,652,5.839133473095737
11:31:45,652,5.839133473095737
11:31:46,652,5.839133473095737
11:31:47,653,5.851464435146443
11:31:48,653,5.851464435146443
11:31:49,653,5.851464435146443
11:31:50,653,5.851464435146443
11:31:51,653,5.851464435146443
11:31:52,653,5.855080027835769
11:31:53,653,5.855080027835769
11:31:54,653,5.855080027835769
11:31:55,654,5.855080027835769
11:31:56,654,5.855080027835769
11:31:57,654,5.855080027835769
11:31:58,654,5.855080027835769
11:31:59,654,5.855080027835769
11:32:00,654,5.855080027835769
11:32:01,654,5.858333333333333
11:32:02,654,5.858333333333333
11:32:03,654,5.861261261261261
11:32:04,654,5.873305670816044
11:32:05,655,5.873305670816044
11:32:06,655,5.873305670816044
11:32:07,655,5.878605935127674
11:32:08,655,5.878605935127674
11:32:09,655,5.888980716253443
11:32:10,655,5.888980716253443
11:32:11,655,5.888980716253443
11:32:12,656,5.89914089347079
11:32:13,656,5.89914089347079
11:32:14,656,5.89914089347079
11:32:15,656,5.89914089347079
11:32:16,656,5.89914089347079
11:32:17,656,5.908161865569273
11:32:18,656,5.908161865569273
11:32:19,657,5.912662559890486
11:32:20,658,5.926024590163935
11:32:21,658,5.926024590163935
11:32:22,660,5.926024590163935
11:32:23,660,5.926024590163935
11:32:24,660,5.926024590163935
11:32:25,661,5.926024590163935
11:32:26,661,5.926024590163935
11:32:27,661,5.929686434901159
11:32:28,662,5.929686434901159
11:32:29,664,5.932925170068027
11:32:30,664,5.932925170068027
11:32:31,665,5.932925170068027
11:32:32,665,5.932925170068027
11:32:33,666,5.932925170068027
11:32:34,666,5.932925170068027
11:32:35,668,5.932925170068027
11:32:36,669,5.932925170068027
11:32:37,669,5.945858791581807
11:32:38,669,5.9492208672086715
11:32:39,671,5.961629479377958
11:32:40,672,5.961629479377958
11:32:41,672,5.964237516869096
11:32:42,673,5.964237516869096
11:32:43,674,5.964237516869096
11:32:44,674,5.964237516869096
11:32:45,674,5.964237516869096
11:32:46,675,5.964237516869096
11:32:47,675,5.964237516869096
11:32:48,675,5.964237516869096
11:32:49,676,5.968316498316498
11:32:50,676,5.968316498316498
11:32:51,677,5.968316498316498
11:32:52,677,5.968316498316498
11:32:53,677,5.968316498316498
11:32:54,678,5.968316498316498
11:32:55,678,5.968316498316498
11:32:56,678,5.981418010752688
11:32:57,679,5.987625754527163
11:32:58,679,5.9990294511378845
11:32:59,679,5.9990294511378845
11:33:00,679,5.9990294511378845
11:33:01,681,5.9990294511378845
11:33:02,681,6.002672010688043
11:33:03,682,6.002672010688043
11:33:04,683,6.002672010688043
11:33:05,683,6.002672010688043
11:33:06,683,6.014666666666667
11:33:07,684,6.014666666666667
11:33:08,684,6.014666666666667
11:33:09,684,6.016167664670659
11:33:10,684,6.029980079681275
11:33:11,685,6.029980079681275
11:33:12,685,6.034029158383035
11:33:13,686,6.034029158383035
11:33:14,686,6.034029158383035
11:33:15,686,6.045667989417989
11:33:16,688,6.04990099009901
11:33:17,688,6.04990099009901
11:33:18,688,6.04990099009901
11:33:19,689,6.04990099009901
11:33:20,690,6.04990099009901
11:33:21,690,6.04990099009901
11:33:22,690,6.04990099009901
11:33:23,691,6.04990099009901
11:33:24,692,6.04990099009901
11:33:25,692,6.04990099009901
11:33:26,693,6.04990099009901
11:33:27,694,6.04990099009901
11:33:28,694,6.053656126482213
11:33:29,694,6.053656126482213
11:33:30,695,6.065976331360947
11:33:31,696,6.070242782152231
11:33:32,696,6.070242782152231
11:33:33,696,6.083071381794368
11:33:34,697,6.083071381794368
11:33:35,697,6.083071381794368
11:33:36,697,6.083071381794368
11:33:37,697,6.083071381794368
11:33:38,698,6.083071381794368
11:33:39,698,6.083071381794368
11:33:40,699,6.083071381794368
11:33:41,700,6.083071381794368
11:33:42,701,6.083071381794368
11:33:43,701,6.083071381794368
11:33:44,702,6.083071381794368
11:33:45,702,6.100815394651011
11:33:46,702,6.100815394651011
11:33:47,703,6.100815394651011
11:33:48,703,6.106998697916667
11:33:49,703,6.106998697916667
11:33:50,703,6.106998697916667
11:33:51,704,6.111143599740091
11:33:52,704,6.111143599740091
11:33:53,704,6.11488326848249
11:33:54,704,6.11488326848249
11:33:55,705,6.11488326848249
11:33:56,705,6.128543689320389
11:33:57,705,6.128543689320389
11:33:58,705,6.135852713178295
11:33:59,706,6.135852713178295
11:34:00,706,6.135852713178295
11:34:01,706,6.143423597678917
11:34:02,707,6.159344894026975
11:34:03,707,6.159344894026975
11:34:04,707,6.159344894026975
11:34:05,707,6.1675
11:34:06,707,6.1675
11:34:07,707,6.1675
11:34:08,708,6.1675
11:34:09,708,6.1675
11:34:10,708,6.170953294945617
11:34:11,709,6.170953294945617
11:34:12,709,6.170953294945617
11:34:13,709,6.170953294945617
11:34:14,709,6.170953294945617
11:34:15,709,6.170953294945617
11:34:16,709,6.170953294945617
11:34:17,709,6.170953294945617
11:34:18,709,6.188559592096877
11:34:19,710,6.188559592096877
11:34:20,711,6.188559592096877
11:34:21,712,6.188559592096877
11:34:22,712,6.188559592096877
11:34:23,712,6.188559592096877
11:34:24,712,6.188559592096877
11:34:25,714,6.1926526717557255
11:34:26,714,6.1926526717557255
11:34:27,714,6.1926526717557255
11:34:28,715,6.1926526717557255
11:34:29,715,6.1926526717557255
11:34:30,715,6.1926526717557255
11:34:31,715,6.1926526717557255
11:34:32,715,6.197936507936507
11:34:33,715,6.197936507936507
11:34:34,715,6.197936507936507
11:34:35,715,6.202154626108999
11:34:36,715,6.208918406072106
11:34:37,715,6.208918406072106
11:34:38,715,6.210984848484849
11:34:39,715,6.210984848484849
11:34:40,715,6.210984848484849
11:34:41,715,6.210984848484849
11:34:42,715,6.210984848484849
11:34:43,716,6.210984848484849
11:34:44,716,6.210984848484849
11:34:45,717,6.210984848484849
11:34:46,717,6.225236294896031
11:34:47,717,6.225236294896031
11:34:48,717,6.234025157232705
11:34:49,718,6.234025157232705
11:34:50,718,6.244005021971123
11:34:51,718,6.244005021971123
11:34:52,718,6.244005021971123
11:34:53,718,6.244005021971123
11:34:54,718,6.258176691729323
11:34:55,718,6.258176691729323
11:34:56,718,6.258176691729323
11:34:57,718,6.258176691729323
11:34:58,718,6.258176691729323
11:34:59,718,6.260350218886804
11:35:00,718,6.260350218886804
11:35:01,718,6.262453183520599
11:35:02,718,6.262453183520599
11:35:03,718,6.262453183520599
11:35:04,718,6.262453183520599
11:35:05,718,6.26791277258567
11:35:06,718,6.26791277258567
11:35:07,718,6.280814676616915
11:35:08,718,6.280814676616915
11:35:09,718,6.280814676616915
11:35:10,718,6.289882060831782
11:35:11,718,6.289882060831782
11:35:12,718,6.289882060831782
11:35:13,718,6.289882060831782
11:35:14,718,6.289882060831782
11:35:15,718,6.289882060831782
11:35:16,719,6.289882060831782
11:35:17,719,6.289882060831782
11:35:18,719,6.292162329615861
11:35:19,719,6.292162329615861
11:35:20,719,6.292162329615861
11:35:21,719,6.300680272108844
11:35:22,719,6.300680272108844
11:35:23,719,6.300680272108844
11:35:24,719,6.300680272108844
11:35:25,719,6.305586419753086
11:35:26,719,6.305586419753086
11:35:27,719,6.305586419753086
11:35:28,720,6.313462723351818
11:35:29,720,6.313462723351818
11:35:30,720,6.317712177121772
11:35:31,721,6.317712177121772
11:35:32,721,6.317712177121772
11:35:33,721,6.317712177121772
11:35:34,721,6.3309392265193365
11:35:35,721,6.3309392265193365
11:35:36,722,6.3309392265193365
11:35:37,723,6.3309392265193365
11:35:38,723,6.3335477941176475
11:35:39,723,6.337125382262997
11:35:40,723,6.337125382262997
11:35:41,724,6.342307692307693
11:35:42,724,6.342307692307693
11:35:43,724,6.342307692307693
11:35:44,724,6.342307692307693
11:35:45,724,6.3522242535039615
11:35:46,726,6.3522242535039615
11:35:47,726,6.355109489051094
11:35:48,726,6.370704310868246
11:35:49,727,6.370704310868246
11:35:50,728,6.370704310868246
11:35:51,728,6.370704310868246
11:35:52,729,6.370704310868246
11:35:53,729,6.370704310868246
11:35:54,729,6.370704310868246
11:35:55,729,6.370704310868246
11:35:56,730,6.370704310868246
11:35:57,730,6.384242424242425
11:35:58,730,6.384242424242425
11:35:59,730,6.384242424242425
11:36:00,730,6.384242424242425
11:36:01,730,6.384242424242425
11:36:02,730,6.384242424242425
11:36:03,730,6.384242424242425
11:36:04,730,6.384242424242425
11:36:05,731,6.391470054446461
11:36:06,731,6.391470054446461
11:36:07,731,6.400301386377336
11:36:08,732,6.400301386377336
11:36:09,732,6.400301386377336
11:36:10,732,6.400301386377336
11:36:11,732,6.400301386377336
11:36:12,732,6.400301386377336
11:36:13,733,6.400301386377336
11:36:14,733,6.400301386377336
11:36:15,733,6.400301386377336
11:36:16,733,6.4042117930204565
11:36:17,734,6.4042117930204565
11:36:18,734,6.4123723723723725
11:36:19,734,6.4123723723723725
11:36:20,735,6.4123723723723725
11:36:21,735,6.4123723723723725
11:36:22,735,6.4123723723723725
11:36:23,735,6.424580335731415
11:36:24,736,6.424580335731415
11:36:25,736,6.424580335731415
11:36:26,736,6.428156792339917
11:36:27,738,6.428156792339917
11:36:28,738,6.43183990442055
11:36:29,738,6.438044126416219
11:36:30,739,6.4419047619047625
11:36:31,739,6.4419047619047625
11:36:32,739,6.4419047619047625
11:36:33,739,6.4419047619047625
11:36:34,739,6.4419047619047625
11:36:35,739,6.4419047619047625
11:36:36,739,6.4419047619047625
11:36:37,739,6.4419047619047625
11:36:38,739,6.4419047619047625
11:36:39,739,6.4419047619047625
11:36:40,739,6.4419047619047625
11:36:41,739,6.4419047619047625
11:36:42,739,6.4419047619047625
11:36:43,739,6.4419047619047625
11:36:44,739,6.4419047619047625
11:36:45,739,6.4419047619047625
11:36:46,739,6.455407011289364
11:36:47,739,6.455407011289364
11:36:48,739,6.455407011289364
11:36:49,739,6.463735938425104
11:36:50,739,6.463735938425104
11:36:51,739,6.481769911504425
11:36:52,739,6.481769911504425
11:36:53,739,6.481769911504425
11:36:54,739,6.488515901060071
11:36:55,739,6.488515901060071
11:36:56,739,6.501467136150235
11:36:57,739,6.501467136150235
11:36:58,739,6.501467136150235
11:36:59,739,6.501467136150235
11:37:00,739,6.501467136150235
11:37:01,739,6.501467136150235
11:37:02,739,6.501467136150235
11:37:03,739,6.501467136150235
11:37:04,739,6.501467136150235
11:37:05,739,6.501467136150235
11:37:06,740,6.510134739308729
11:37:07,740,6.510134739308729
11:37:08,740,6.510134739308729
11:37:09,740,6.510134739308729
11:37:10,741,6.510134739308729
11:37:11,741,6.510134739308729
11:37:12,741,6.510134739308729
11:37:13,742,6.510134739308729
11:37:14,742,6.5139181286549706
11:37:15,742,6.5139181286549706
11:37:16,742,6.52784588441331
11:37:17,742,6.532109557109558
11:37:18,743,6.532109557109558
11:37:19,743,6.532109557109558
11:37:20,743,6.532109557109558
11:37:21,743,6.532109557109558
11:37:22,743,6.532109557109558
11:37:23,744,6.535892961023851
11:37:24,744,6.535892961023851
11:37:25,744,6.535892961023851
11:37:26,745,6.535892961023851
11:37:27,745,6.535892961023851
11:37:28,745,6.535892961023851
11:37:29,745,6.535892961023851
11:37:30,746,6.535892961023851
11:37:31,746,6.535892961023851
11:37:32,746,6.54369918699187
11:37:33,747,6.546434782608696
11:37:34,747,6.546434782608696
11:37:35,747,6.546434782608696
11:37:36,747,6.550665509259259
11:37:37,748,6.550665509259259
11:37:38,748,6.567359907567879
11:37:39,748,6.567359907567879
11:37:40,748,6.567359907567879
11:37:41,748,6.567359907567879
11:37:42,748,6.5802479815455595
11:37:43,749,6.5802479815455595
11:37:44,749,6.5802479815455595
11:37:45,749,6.589971264367816
11:37:46,751,6.589971264367816
11:37:47,751,6.589971264367816
11:37:48,751,6.589971264367816
11:37:49,751,6.589971264367816
11:37:50,752,6.589971264367816
11:37:51,752,6.589971264367816
11:37:52,752,6.589971264367816
11:37:53,754,6.589971264367816
11:37:54,754,6.589971264367816
11:37:55,754,6.589971264367816
11:37:56,754,6.594234079173838
11:37:57,754,6.594234079173838
11:37:58,754,6.602720504009164
11:37:59,754,6.602720504009164
11:38:00,754,6.602720504009164
11:38:01,754,6.602720504009164
11:38:02,754,6.602720504009164
11:38:03,754,6.602720504009164
11:38:04,754,6.602720504009164
11:38:05,755,6.604431103487707
11:38:06,756,6.613584474885845
11:38:07,756,6.620997150997152
11:38:08,756,6.620997150997152
11:38:09,756,6.620997150997152
11:38:10,756,6.620997150997152
11:38:11,756,6.623663253697384
11:38:12,756,6.623663253697384
11:38:13,756,6.628080636002271
11:38:14,756,6.628080636002271
11:38:15,756,6.628080636002271
11:38:16,756,6.628080636002271
11:38:17,756,6.628080636002271
11:38:18,756,6.628080636002271
11:38:19,756,6.630385487528344
11:38:20,756,6.6372948500282964
11:38:21,756,6.6372948500282964
11:38:22,756,6.6372948500282964
11:38:23,756,6.6372948500282964
11:38:24,756,6.638757062146893
11:38:25,756,6.638757062146893
11:38:26,756,6.638757062146893
11:38:27,756,6.653976311336717
11:38:28,757,6.653976311336717
11:38:29,757,6.653976311336717
11:38:30,757,6.653976311336717
11:38:31,758,6.66089527027027
11:38:32,758,6.66089527027027
11:38:33,759,6.66089527027027
11:38:34,759,6.671360314783586
11:38:35,760,6.671360314783586
11:38:36,761,6.671360314783586
11:38:37,761,6.671360314783586
11:38:38,762,6.67780583613917
11:38:39,762,6.67780583613917
11:38:40,762,6.67780583613917
11:38:41,763,6.681008403361345
11:38:42,763,6.681008403361345
11:38:43,763,6.685011185682327
11:38:44,763,6.692601898380793
11:38:45,764,6.692601898380793
11:38:46,764,6.692601898380793
11:38:47,764,6.692601898380793
11:38:48,765,6.692601898380793
11:38:49,765,6.692601898380793
11:38:50,765,6.692601898380793
11:38:51,766,6.692601898380793
11:38:52,766,6.692601898380793
11:38:53,766,6.692601898380793
11:38:54,766,6.695735785953177
11:38:55,766,6.695735785953177
11:38:56,766,6.7077351140790205
11:38:57,766,6.7077351140790205
11:38:58,766,6.7077351140790205
11:38:59,766,6.7077351140790205
11:39:00,766,6.711166666666667
11:39:01,766,6.711166666666667
11:39:02,766,6.714559068219634
11:39:03,766,6.714559068219634
11:39:04,767,6.714559068219634
11:39:05,767,6.714559068219634
11:39:06,767,6.714559068219634
11:39:07,768,6.714559068219634
11:39:08,768,6.714559068219634
11:39:09,768,6.714559068219634
11:39:10,768,6.714559068219634
11:39:11,769,6.714559068219634
11:39:12,769,6.714559068219634
11:39:13,771,6.71921373200443
11:39:14,772,6.71921373200443
11:39:15,772,6.71921373200443
11:39:16,772,6.727317880794702
11:39:17,772,6.727317880794702
11:39:18,772,6.727317880794702
11:39:19,772,6.7427667766776676
11:39:20,772,6.7427667766776676
11:39:21,772,6.745442064799561
11:39:22,772,6.750027412280701
11:39:23,772,6.750027412280701
11:39:24,772,6.764148877941981
11:39:25,772,6.764148877941981
11:39:26,772,6.764148877941981
11:39:27,772,6.764148877941981
11:39:28,772,6.7666939890710385
11:39:29,772,6.7666939890710385
11:39:30,772,6.7666939890710385
11:39:31,772,6.7666939890710385
11:39:32,772,6.7666939890710385
11:39:33,772,6.7666939890710385
11:39:34,772,6.774986361156574
11:39:35,772,6.774986361156574
11:39:36,772,6.774986361156574
11:39:37,772,6.778758169934641
11:39:38,772,6.778758169934641
11:39:39,772,6.778758169934641
11:39:40,772,6.778758169934641
11:39:41,772,6.778758169934641
11:39:42,773,6.778758169934641
11:39:43,773,6.782599238716694
11:39:44,773,6.782599238716694
11:39:45,773,6.782599238716694
11:39:46,773,6.793213897937025
11:39:47,773,6.793213897937025
11:39:48,773,6.793213897937025
11:39:49,773,6.801544715447154
11:39:50,773,6.802353896103896
11:39:51,773,6.802353896103896
11:39:52,773,6.813317125877903
11:39:53,773,6.813317125877903
11:39:54,773,6.813317125877903
11:39:55,773,6.813317125877903
11:39:56,773,6.813317125877903
11:39:57,773,6.813317125877903
11:39:58,774,6.813317125877903
11:39:59,774,6.813317125877903
11:40:00,774,6.813317125877903
11:40:01,774,6.813317125877903
11:40:02,775,6.813317125877903
11:40:03,775,6.813317125877903
11:40:04,775,6.813317125877903
11:40:05,775,6.815480043149946
11:40:06,775,6.815480043149946
11:40:07,775,6.815480043149946
11:40:08,775,6.833924731182796
11:40:09,776,6.833924731182796
11:40:10,776,6.833924731182796
11:40:11,776,6.839425657541599
11:40:12,776,6.839425657541599
11:40:13,777,6.839425657541599
11:40:14,777,6.839425657541599
11:40:15,777,6.839425657541599
11:40:16,777,6.839425657541599
11:40:17,777,6.843274383708467
11:40:18,777,6.843274383708467
11:40:19,777,6.843274383708467
11:40:20,777,6.843274383708467
11:40:21,778,6.843274383708467
11:40:22,778,6.843274383708467
11:40:23,778,6.843274383708467
11:40:24,778,6.850961538461538
11:40:25,778,6.850961538461538
11:40:26,778,6.8596
11:40:27,778,6.8596
11:40:28,779,6.8596
11:40:29,779,6.8596
11:40:30,779,6.8596
11:40:31,779,6.8596
11:40:32,779,6.8596
11:40:33,779,6.8596
11:40:34,779,6.864243876464324
11:40:35,779,6.867304625199362
11:40:36,779,6.867304625199362
11:40:37,779,6.867304625199362
11:40:38,780,6.87696390658174
11:40:39,780,6.878060413354531
11:40:40,780,6.878060413354531
11:40:41,780,6.887698412698413
11:40:42,780,6.891706286318014
11:40:43,780,6.896492616033755
11:40:44,780,6.896492616033755
11:40:45,780,6.896492616033755
11:40:46,780,6.896492616033755
11:40:47,781,6.896492616033755
11:40:48,781,6.896492616033755
11:40:49,781,6.896492616033755
11:40:50,781,6.896492616033755
11:40:51,781,6.896492616033755
11:40:52,782,6.896492616033755
11:40:53,782,6.896492616033755
11:40:54,782,6.896492616033755
11:40:55,783,6.896492616033755
11:40:56,783,6.896492616033755
11:40:57,784,6.89913112164297
11:40:58,784,6.89913112164297
11:40:59,785,6.901656151419559
11:41:00,785,6.913385826771654
11:41:01,785,6.913385826771654
11:41:02,785,6.913385826771654
11:41:03,786,6.913385826771654
11:41:04,786,6.916430817610063
11:41:05,786,6.916430817610063
11:41:06,786,6.916430817610063
11:41:07,786,6.921951857666143
11:41:08,786,6.921951857666143
11:41:09,786,6.921951857666143
11:41:10,786,6.921951857666143
11:41:11,787,6.921951857666143
11:41:12,787,6.921951857666143
11:41:13,787,6.921951857666143
11:41:14,787,6.930564263322884
11:41:15,788,6.930564263322884
11:41:16,788,6.932603025560772
11:41:17,788,6.932603025560772
11:41:18,789,6.932603025560772
11:41:19,789,6.932603025560772
11:41:20,789,6.932603025560772
11:41:21,789,6.932603025560772
11:41:22,789,6.932603025560772
11:41:23,790,6.932603025560772
11:41:24,790,6.932603025560772
11:41:25,790,6.932603025560772
11:41:26,791,6.932603025560772
11:41:27,791,6.932603025560772
11:41:28,791,6.943385416666667
11:41:29,792,6.943385416666667
11:41:30,792,6.946021840873636
11:41:31,793,6.956516095534787
11:41:32,793,6.959590461378952
11:41:33,793,6.959590461378952
11:41:34,794,6.963483436853002
11:41:35,795,6.965452196382429
11:41:36,795,6.965452196382429
11:41:37,795,6.965452196382429
11:41:38,795,6.965452196382429
11:41:39,795,6.965452196382429
11:41:40,796,6.965452196382429
11:41:41,796,6.965452196382429
11:41:42,796,6.965452196382429
11:41:43,796,6.965452196382429
11:41:44,797,6.965452196382429
11:41:45,797,6.965452196382429
11:41:46,797,6.965452196382429
11:41:47,797,6.965452196382429
11:41:48,797,6.965452196382429
11:41:49,799,6.967698658410733
11:41:50,799,6.967698658410733
11:41:51,799,6.967698658410733
11:41:52,800,6.971406491499227
11:41:53,800,6.971406491499227
11:41:54,801,6.974871399176954
11:41:55,802,6.987570621468927
11:41:56,802,6.987570621468927
11:41:57,802,6.987570621468927
11:41:58,803,6.987570621468927
11:41:59,804,6.987570621468927
11:42:00,804,6.987570621468927
11:42:01,805,6.987570621468927
11:42:02,807,6.987570621468927
11:42:03,807,6.9952564102564105
11:42:04,808,6.9952564102564105
11:42:05,808,6.9952564102564105
11:42:06,808,6.998438300051204
11:42:07,809,6.998438300051204
11:42:08,809,6.998438300051204
11:42:09,809,6.998438300051204
11:42:10,809,6.998438300051204
11:42:11,811,7.002377300613498
11:42:12,811,7.002377300613498
11:42:13,811,7.002377300613498
11:42:14,813,7.002377300613498
11:42:15,813,7.005002552322614
11:42:16,813,7.005002552322614
11:42:17,814,7.005002552322614
11:42:18,814,7.005002552322614
11:42:19,814,7.017735368956743
11:42:20,815,7.017735368956743
11:42:21,815,7.032520325203252
11:42:22,815,7.032520325203252
11:42:23,818,7.035591070522577
11:42:24,818,7.035591070522577
11:42:25,818,7.035591070522577
11:42:26,820,7.035591070522577
11:42:27,821,7.035591070522577
11:42:28,821,7.035591070522577
11:42:29,822,7.03920972644377
11:42:30,824,7.03920972644377
11:42:31,824,7.03920972644377
11:42:32,825,7.03920972644377
11:42:33,825,7.03920972644377
11:42:34,827,7.046863935255437
11:42:35,827,7.046863935255437
11:42:36,829,7.046863935255437
11:42:37,829,7.046863935255437
11:42:38,829,7.049646464646465
11:42:39,829,7.05287443267776
11:42:40,831,7.055614300100705
11:42:41,831,7.055614300100705
11:42:42,832,7.055614300100705
11:42:43,833,7.055614300100705
11:42:44,833,7.055614300100705
11:42:45,834,7.055614300100705
11:42:46,834,7.055614300100705
11:42:47,834,7.055614300100705
11:42:48,835,7.058345902463549
11:42:49,835,7.061621485943775
11:42:50,835,7.061621485943775
11:42:51,836,7.061621485943775
11:42:52,836,7.061621485943775
11:42:53,836,7.070125313283208
11:42:54,838,7.070125313283208
11:42:55,839,7.070125313283208
11:42:56,839,7.070125313283208
11:42:57,839,7.070125313283208
11:42:58,841,7.070125313283208
11:42:59,842,7.07515015015015
11:43:00,842,7.07515015015015
11:43:01,843,7.080159920039979
11:43:02,843,7.080159920039979
11:43:03,844,7.084256487025948
11:43:04,845,7.084256487025948
11:43:05,845,7.084256487025948
11:43:06,846,7.084256487025948
11:43:07,847,7.098231190832087
11:43:08,848,7.098231190832087
11:43:09,848,7.098231190832087
11:43:10,850,7.098231190832087
11:43:11,851,7.106318407960199
11:43:12,851,7.106318407960199
11:43:13,852,7.10946348733234
11:43:14,852,7.10946348733234
11:43:15,852,7.10946348733234
11:43:16,852,7.10946348733234
11:43:17,853,7.10946348733234
11:43:18,853,7.10946348733234
11:43:19,853,7.10946348733234
11:43:20,853,7.10946348733234
11:43:21,853,7.10946348733234
11:43:22,854,7.10946348733234
11:43:23,854,7.10946348733234
11:43:24,854,7.1140625
11:43:25,854,7.1140625
11:43:26,854,7.125606736007924
11:43:27,854,7.125606736007924
11:43:28,854,7.125606736007924
11:43:29,854,7.125606736007924
11:43:30,854,7.128635014836795
11:43:31,854,7.128635014836795
11:43:32,854,7.128635014836795
11:43:33,854,7.128635014836795
11:43:34,854,7.128635014836795
11:43:35,854,7.134
11:43:36,854,7.134
11:43:37,854,7.134
11:43:38,854,7.134
11:43:39,855,7.137647928994083
11:43:40,855,7.137647928994083
11:43:41,855,7.137647928994083
11:43:42,857,7.137647928994083
11:43:43,857,7.141161989167897
11:43:44,857,7.141161989167897
11:43:45,857,7.149754178957719
11:43:46,858,7.149754178957719
11:43:47,858,7.149754178957719
11:43:48,858,7.15139911634757
11:43:49,858,7.15139911634757
11:43:50,858,7.15139911634757
11:43:51,858,7.154828431372549
11:43:52,859,7.154828431372549
11:43:53,859,7.16071953010279
11:43:54,859,7.16071953010279
11:43:55,861,7.16071953010279
11:43:56,861,7.16071953010279
11:43:57,861,7.16263440860215
11:43:58,861,7.170766227428014
11:43:59,862,7.170766227428014
11:44:00,862,7.170766227428014
11:44:01,862,7.181189083820663
11:44:02,862,7.181189083820663
11:44:03,863,7.189440389294404
11:44:04,863,7.189440389294404
11:44:05,863,7.189440389294404
11:44:06,863,7.192565597667638
11:44:07,863,7.192565597667638
11:44:08,863,7.197040271712761
11:44:09,863,7.197040271712761
11:44:10,863,7.197040271712761
11:44:11,863,7.197040271712761
11:44:12,863,7.197040271712761
11:44:13,863,7.197040271712761
11:44:14,863,7.20566037735849
11:44:15,863,7.20566037735849
11:44:16,863,7.215531400966183
11:44:17,863,7.215531400966183
11:44:18,863,7.218789194404246
11:44:19,863,7.218789194404246
11:44:20,863,7.218789194404246
11:44:21,863,7.218789194404246
11:44:22,864,7.218789194404246
11:44:23,864,7.218789194404246
11:44:24,864,7.218789194404246
11:44:25,864,7.218789194404246
11:44:26,864,7.225770712909441
11:44:27,864,7.225770712909441
11:44:28,865,7.225770712909441
11:44:29,865,7.225770712909441
11:44:30,865,7.225770712909441
11:44:31,866,7.225770712909441
11:44:32,866,7.234487734487734
11:44:33,866,7.234487734487734
11:44:34,866,7.242699327569644
11:44:35,866,7.242699327569644
11:44:36,868,7.242699327569644
11:44:37,868,7.244748201438849
11:44:38,868,7.244748201438849
11:44:39,868,7.246934865900383
11:44:40,868,7.246934865900383
11:44:41,868,7.245982783357245
11:44:42,868,7.25031041069723
11:44:43,868,7.255674773485932
11:44:44,869,7.255674773485932
11:44:45,869,7.255674773485932
11:44:46,869,7.255674773485932
11:44:47,869,7.255674773485932
11:44:48,869,7.255674773485932
11:44:49,870,7.255674773485932
11:44:50,870,7.255674773485932
11:44:51,870,7.255674773485932
11:44:52,870,7.255674773485932
11:44:53,870,7.255674773485932
11:44:54,870,7.255674773485932
11:44:55,870,7.255674773485932
11:44:56,870,7.255674773485932
11:44:57,870,7.255674773485932
11:44:58,870,7.255674773485932
11:44:59,870,7.255674773485932
11:45:00,870,7.255619047619048
11:45:01,870,7.260294816928198
11:45:02,870,7.260294816928198
11:45:03,870,7.260294816928198
11:45:04,870,7.266405508072174
11:45:05,870,7.266405508072174
11:45:06,871,7.266405508072174
11:45:07,871,7.280705492424243
11:45:08,871,7.280705492424243
11:45:09,871,7.292198581560283
11:45:10,871,7.295278564683664
11:45:11,871,7.295278564683664
11:45:12,871,7.295278564683664
11:45:13,871,7.295278564683664
11:45:14,871,7.295278564683664
11:45:15,871,7.295278564683664
11:45:16,871,7.305846298915606
11:45:17,871,7.305846298915606
11:45:18,871,7.305979284369115
11:45:19,871,7.305979284369115
11:45:20,871,7.305979284369115
11:45:21,871,7.305979284369115
11:45:22,871,7.305979284369115
11:45:23,871,7.305979284369115
11:45:24,871,7.305979284369115
11:45:25,871,7.305979284369115
11:45:26,871,7.305979284369115
11:45:27,871,7.305979284369115
11:45:28,872,7.308603667136812
11:45:29,872,7.308603667136812
11:45:30,872,7.308603667136812
11:45:31,872,7.308603667136812
11:45:32,872,7.308603667136812
11:45:33,874,7.311267605633803
11:45:34,874,7.311267605633803
11:45:35,875,7.311267605633803
11:45:36,875,7.311267605633803
11:45:37,875,7.311267605633803
11:45:38,875,7.311267605633803
11:45:39,875,7.31924519456165
11:45:40,875,7.31924519456165
11:45:41,876,7.322237827715356
11:45:42,876,7.322237827715356
11:45:43,876,7.322237827715356
11:45:44,876,7.329195885928003
11:45:45,876,7.329195885928003
11:45:46,876,7.329195885928003
11:45:47,876,7.329195885928003
11:45:48,876,7.329195885928003
11:45:49,876,7.329195885928003
11:45:50,876,7.329195885928003
11:45:51,876,7.329195885928003
11:45:52,877,7.329195885928003
11:45:53,877,7.329195885928003
11:45:54,877,7.337464985994398
11:45:55,878,7.337464985994398
11:45:56,878,7.337464985994398
11:45:57,878,7.337464985994398
11:45:58,878,7.346270396270397
11:45:59,878,7.348393854748603
11:46:00,878,7.348393854748603
11:46:01,878,7.348393854748603
11:46:02,878,7.350302185030218
11:46:03,878,7.350302185030218
11:46:04,878,7.350302185030218
11:46:05,878,7.350302185030218
11:46:06,878,7.362401483541957
11:46:07,878,7.362401483541957
11:46:08,878,7.364537037037037
11:46:09,879,7.364537037037037
11:46:10,879,7.364537037037037
11:46:11,879,7.367799352750809
11:46:12,879,7.367799352750809
11:46:13,880,7.367799352750809
11:46:14,880,7.367799352750809
11:46:15,880,7.367799352750809
11:46:16,880,7.367799352750809
11:46:17,880,7.367799352750809
11:46:18,881,7.367799352750809
11:46:19,881,7.368951985226223
11:46:20,881,7.368951985226223
11:46:21,881,7.368951985226223
11:46:22,882,7.368951985226223
11:46:23,882,7.368951985226223
11:46:24,882,7.368951985226223
11:46:25,883,7.368951985226223
11:46:26,883,7.368951985226223
11:46:27,883,7.368951985226223
11:46:28,883,7.368951985226223
11:46:29,883,7.368951985226223
11:46:30,883,7.368951985226223
11:46:31,884,7.376486860304287
11:46:32,884,7.376486860304287
11:46:33,884,7.376486860304287
11:46:34,884,7.376486860304287
11:46:35,884,7.376486860304287
11:46:36,884,7.376486860304287
11:46:37,884,7.376486860304287
11:46:38,884,7.376486860304287
11:46:39,884,7.376749539594844
11:46:40,884,7.376749539594844
11:46:41,884,7.38014233241506
11:46:42,884,7.38014233241506
11:46:43,884,7.38014233241506
11:46:44,884,7.3841127922971115
11:46:45,884,7.3841127922971115
11:46:46,884,7.3841127922971115
11:46:47,884,7.392330586080586
11:46:48,884,7.403406492912666
11:46:49,884,7.403406492912666
11:46:50,884,7.405662100456621
11:46:51,884,7.405662100456621
11:46:52,884,7.405662100456621
11:46:53,886,7.405662100456621
11:46:54,886,7.405662100456621
11:46:55,886,7.405662100456621
11:46:56,887,7.414409484724122
11:46:57,887,7.414409484724122
11:46:58,887,7.414409484724122
11:46:59,888,7.414409484724122
11:47:00,888,7.4167805100182145
11:47:01,888,7.419713506139154
11:47:02,888,7.419713506139154
11:47:03,888,7.419713506139154
11:47:04,888,7.419713506139154
11:47:05,888,7.427225249772934
11:47:06,888,7.427225249772934
11:47:07,888,7.427225249772934
11:47:08,888,7.427225249772934
11:47:09,888,7.427225249772934
11:47:10,888,7.427225249772934
11:47:11,888,7.427225249772934
11:47:12,888,7.427225249772934
11:47:13,888,7.427225249772934
11:47:14,888,7.427225249772934
11:47:15,888,7.427225249772934
11:47:16,888,7.427225249772934
11:47:17,889,7.427225249772934
11:47:18,889,7.427225249772934
11:47:19,889,7.4288435374149655
11:47:20,890,7.4288435374149655
11:47:21,890,7.4288435374149655
11:47:22,890,7.438564311594203
11:47:23,890,7.438564311594203
11:47:24,890,7.438564311594203
11:47:25,890,7.438564311594203
11:47:26,893,7.438564311594203
11:47:27,893,7.438564311594203
11:47:28,893,7.438564311594203
11:47:29,895,7.438564311594203
11:47:30,896,7.438564311594203
11:47:31,896,7.438564311594203
11:47:32,897,7.441904115784713
11:47:33,897,7.441904115784713
11:47:34,897,7.445889792231256
11:47:35,897,7.450789354984213
11:47:36,898,7.450789354984213
11:47:37,898,7.4608333333333325
11:47:38,899,7.4608333333333325
11:47:39,899,7.463067926225821
11:47:40,899,7.470440251572327
11:47:41,899,7.470440251572327
11:47:42,901,7.470440251572327
11:47:43,901,7.470121130551817
11:47:44,901,7.470121130551817
11:47:45,901,7.470121130551817
11:47:46,903,7.470295698924731
11:47:47,903,7.470295698924731
11:47:48,903,7.470295698924731
11:47:49,904,7.484405719392314
11:47:50,904,7.484405719392314
11:47:51,904,7.488152610441768
11:47:52,905,7.488152610441768
11:47:53,905,7.489750445632798
11:47:54,905,7.489750445632798
11:47:55,906,7.489750445632798
11:47:56,906,7.489750445632798
11:47:57,906,7.489750445632798
11:47:58,906,7.496016911437473
11:47:59,906,7.496016911437473
11:48:00,906,7.496016911437473
11:48:01,907,7.496016911437473
11:48:02,908,7.496016911437473
11:48:03,908,7.494111111111111
11:48:04,908,7.494111111111111
11:48:05,909,7.494111111111111
11:48:06,911,7.502330226364847
11:48:07,912,7.502330226364847
11:48:08,912,7.505961879432624
11:48:09,913,7.505961879432624
11:48:10,913,7.505961879432624
11:48:11,914,7.508654271801682
11:48:12,914,7.508654271801682
11:48:13,915,7.508654271801682
11:48:14,916,7.508654271801682
11:48:15,917,7.510632183908045
11:48:16,918,7.510632183908045
11:48:17,919,7.50962472406181
11:48:18,919,7.50962472406181
11:48:19,920,7.50962472406181
11:48:20,920,7.50962472406181
11:48:21,921,7.50962472406181
11:48:22,921,7.50962472406181
11:48:23,923,7.510471781305115
11:48:24,923,7.510471781305115
11:48:25,924,7.510471781305115
11:48:26,925,7.51748128577719
11:48:27,925,7.51748128577719
11:48:28,925,7.51748128577719
11:48:29,925,7.527616534740545
11:48:30,926,7.527616534740545
11:48:31,926,7.527616534740545
11:48:32,926,7.527272727272727
11:48:33,926,7.527272727272727
11:48:34,927,7.527272727272727
11:48:35,927,7.527272727272727
11:48:36,928,7.527272727272727
11:48:37,928,7.5305482456140345
11:48:38,929,7.5305482456140345
11:48:39,929,7.5305482456140345
11:48:40,930,7.5305482456140345
11:48:41,930,7.5305482456140345
11:48:42,930,7.530858519491897
11:48:43,931,7.530858519491897
11:48:44,932,7.530858519491897
11:48:45,932,7.530858519491897
11:48:46,932,7.530858519491897
11:48:47,932,7.537204724409449
11:48:48,933,7.537204724409449
11:48:49,933,7.536915683704675
11:48:50,933,7.536915683704675
11:48:51,933,7.536915683704675
11:48:52,933,7.536915683704675
11:48:53,934,7.536915683704675
11:48:54,935,7.536915683704675
11:48:55,935,7.536915683704675
11:48:56,935,7.536915683704675
11:48:57,936,7.547581699346406
11:48:58,936,7.547581699346406
11:48:59,937,7.547581699346406
11:49:00,937,7.551087902523934
11:49:01,938,7.551087902523934
11:49:02,938,7.551087902523934
11:49:03,939,7.551087902523934
11:49:04,939,7.551087902523934
11:49:05,940,7.551087902523934
11:49:06,940,7.551087902523934
11:49:07,940,7.551087902523934
11:49:08,942,7.551087902523934
11:49:09,942,7.551087902523934
11:49:10,942,7.551087902523934
11:49:11,942,7.551087902523934
11:49:12,942,7.551087902523934
11:49:13,942,7.559408952629292
11:49:14,942,7.559408952629292
11:49:15,943,7.559548611111111
11:49:16,943,7.560923276983095
11:49:17,944,7.560923276983095
11:49:18,944,7.560923276983095
11:49:19,944,7.568679653679654
11:49:20,944,7.574340683095547
11:49:21,944,7.574340683095547
11:49:22,944,7.574340683095547
11:49:23,944,7.573769430051813
11:49:24,944,7.573769430051813
11:49:25,945,7.573769430051813
11:49:26,945,7.573769430051813
11:49:27,946,7.573769430051813
11:49:28,946,7.573566192324278
11:49:29,946,7.573566192324278
11:49:30,948,7.573566192324278
11:49:31,948,7.574935400516796
11:49:32,948,7.574935400516796
11:49:33,949,7.5793333333333335
11:49:34,950,7.5793333333333335
11:49:35,951,7.5793333333333335
11:49:36,952,7.5793333333333335
11:49:37,953,7.5793333333333335
11:49:38,954,7.5793333333333335
11:49:39,954,7.5793333333333335
11:49:40,955,7.5793333333333335
11:49:41,956,7.5793333333333335
11:49:42,958,7.5793333333333335
11:49:43,958,7.5793333333333335
11:49:44,958,7.5793333333333335
11:49:45,959,7.580930930930931
11:49:46,959,7.580930930930931
11:49:47,959,7.592866323907455
11:49:48,959,7.592866323907455
11:49:49,959,7.594180573384681
11:49:50,960,7.594180573384681
11:49:51,960,7.594180573384681
11:49:52,960,7.598548868971404
11:49:53,960,7.598548868971404
11:49:54,961,7.604667519181586
11:49:55,961,7.604667519181586
11:49:56,961,7.604667519181586
11:49:57,961,7.604667519181586
11:49:58,961,7.604667519181586
11:49:59,961,7.604667519181586
11:50:00,961,7.604667519181586
11:50:01,961,7.604667519181586
11:50:02,961,7.604667519181586
11:50:03,961,7.604667519181586
11:50:04,961,7.606534695615156
11:50:05,961,7.606534695615156
11:50:06,961,7.607270408163265
11:50:07,961,7.607270408163265
11:50:08,961,7.60728237791932
11:50:09,961,7.618553859202715
11:50:10,962,7.618553859202715
11:50:11,962,7.619673867005506
11:50:12,964,7.620093062605752
11:50:13,964,7.625306294888044
11:50:14,964,7.625306294888044
11:50:15,964,7.625306294888044
11:50:16,965,7.625306294888044
11:50:17,965,7.62548523206751
11:50:18,965,7.62548523206751
11:50:19,965,7.62548523206751
11:50:20,965,7.6271386430678465
11:50:21,966,7.6271386430678465
11:50:22,966,7.6271386430678465
11:50:23,966,7.6271386430678465
11:50:24,966,7.6271386430678465
11:50:25,966,7.6271386430678465
11:50:26,966,7.6271386430678465
11:50:27,966,7.6276725589225585
11:50:28,966,7.6276725589225585
11:50:29,966,7.6276725589225585
11:50:30,966,7.6276725589225585
11:50:31,966,7.6276725589225585
11:50:32,966,7.6276725589225585
11:50:33,967,7.6276725589225585
11:50:34,967,7.6276725589225585
11:50:35,967,7.6276725589225585
11:50:36,967,7.6276725589225585
11:50:37,967,7.640491183879093
11:50:38,967,7.64167714884696
11:50:39,968,7.64167714884696
11:50:40,968,7.6464405360134
11:50:41,968,7.6464405360134
11:50:42,968,7.6464405360134
11:50:43,968,7.6464405360134
11:50:44,968,7.6464405360134
11:50:45,968,7.6464405360134
11:50:46,968,7.6464405360134
11:50:47,968,7.6464405360134
11:50:48,968,7.651359263906316
11:50:49,969,7.651963241436926
11:50:50,969,7.651963241436926
11:50:51,970,7.651963241436926
11:50:52,970,7.651963241436926
11:50:53,971,7.651963241436926
11:50:54,971,7.651963241436926
11:50:55,971,7.651963241436926
11:50:56,971,7.651963241436926
11:50:57,972,7.653337505214852
11:50:58,972,7.655125
11:50:59,972,7.664086558468581
11:51:00,973,7.664086558468581
11:51:01,973,7.663632585203658
11:51:02,973,7.663632585203658
11:51:03,974,7.663632585203658
11:51:04,974,7.663632585203658
11:51:05,974,7.663632585203658
11:51:06,974,7.663632585203658
11:51:07,975,7.663632585203658
11:51:08,976,7.664736405147364
11:51:09,976,7.666024046434495
11:51:10,976,7.666024046434495
11:51:11,977,7.666024046434495
11:51:12,977,7.666024046434495
11:51:13,977,7.6668115942028985
11:51:14,978,7.6668115942028985
11:51:15,978,7.6668115942028985
11:51:16,978,7.6668115942028985
11:51:17,979,7.6668115942028985
11:51:18,979,7.6668115942028985
11:51:19,979,7.6668115942028985
11:51:20,980,7.667390405293631
11:51:21,980,7.667390405293631
11:51:22,980,7.667390405293631
11:51:23,981,7.667390405293631
11:51:24,981,7.667390405293631
11:51:25,981,7.667390405293631
11:51:26,981,7.667390405293631
11:51:27,981,7.672098306484924
11:51:28,982,7.673638613861386
11:51:29,982,7.675442933662959
11:51:30,982,7.676481481481482
11:51:31,982,7.676481481481482
11:51:32,982,7.679921907110564
11:51:33,983,7.678838259441708
11:51:34,983,7.678838259441708
11:51:35,983,7.678838259441708
11:51:36,984,7.678838259441708
11:51:37,984,7.678838259441708
11:51:38,984,7.6850963509635095
11:51:39,985,7.6850963509635095
11:51:40,985,7.6850963509635095
11:51:41,985,7.6850963509635095
11:51:42,986,7.6850963509635095
11:51:43,986,7.6850963509635095
11:51:44,987,7.6850963509635095
11:51:45,987,7.6850963509635095
11:51:46,987,7.6850963509635095
11:51:47,987,7.6850963509635095
11:51:48,987,7.6850963509635095
11:51:49,987,7.687674037674038
11:51:50,987,7.689304703476482
11:51:51,987,7.689304703476482
11:51:52,987,7.6961192810457515
11:51:53,987,7.6961192810457515
11:51:54,987,7.6961192810457515
11:51:55,987,7.6961192810457515
11:51:56,987,7.6961192810457515
11:51:57,987,7.6961192810457515
11:51:58,987,7.6961192810457515
11:51:59,987,7.6961192810457515
11:52:00,987,7.6961192810457515
11:52:01,987,7.697511219910241
11:52:02,987,7.697511219910241
11:52:03,987,7.697511219910241
11:52:04,988,7.700427350427351
11:52:05,988,7.700427350427351
11:52:06,988,7.7022967479674795
11:52:07,988,7.705136012992286
11:52:08,989,7.705136012992286
11:52:09,989,7.705136012992286
11:52:10,989,7.705136012992286
11:52:11,990,7.706954582319545
11:52:12,990,7.706954582319545
11:52:13,990,7.706954582319545
11:52:14,990,7.706954582319545
11:52:15,990,7.707695423248279
11:52:16,990,7.712055016181229
11:52:17,991,7.712055016181229
11:52:18,991,7.712055016181229
11:52:19,991,7.712055016181229
11:52:20,991,7.712055016181229
11:52:21,992,7.712055016181229
11:52:22,992,7.712055016181229
11:52:23,992,7.712055016181229
11:52:24,993,7.712055016181229
11:52:25,993,7.713838383838383
11:52:26,993,7.712812752219532
11:52:27,993,7.712812752219532
11:52:28,994,7.712812752219532
11:52:29,994,7.712812752219532
11:52:30,994,7.712812752219532
11:52:31,995,7.712812752219532
11:52:32,995,7.712812752219532
11:52:33,995,7.712812752219532
11:52:34,995,7.712812752219532
11:52:35,995,7.712812752219532
11:52:36,995,7.7147319629181785
11:52:37,995,7.7147319629181785
11:52:38,995,7.717973462002413
11:52:39,995,7.717973462002413
11:52:40,995,7.717973462002413
11:52:41,995,7.72429718875502
11:52:42,995,7.728700361010831
11:52:43,995,7.728700361010831
11:52:44,995,7.728700361010831
11:52:45,995,7.728700361010831
11:52:46,995,7.728700361010831
11:52:47,995,7.729507211538461
11:52:48,995,7.729507211538461
11:52:49,995,7.729507211538461
11:52:50,995,7.730832332933174
11:52:51,995,7.730832332933174
11:52:52,995,7.730832332933174
11:52:53,995,7.730832332933174
11:52:54,995,7.730832332933174
11:52:55,995,7.730832332933174
11:52:56,995,7.734192645883294
11:52:57,995,7.7327345309381235
11:52:58,996,7.7327345309381235
11:52:59,996,7.7327345309381235
11:53:00,997,7.736104465709729
11:53:01,997,7.736104465709729
11:53:02,998,7.736104465709729
11:53:03,999,7.736104465709729
11:53:04,999,7.738809239346874
11:53:05,999,7.738809239346874
11:53:06,1000,7.738809239346874
11:53:07,1001,7.743038981702466
11:53:08,1001,7.743038981702466
11:53:09,1001,7.743038981702466
11:53:10,1002,7.743038981702466
11:53:11,1002,7.743038981702466
11:53:12,1002,7.743038981702466
11:53:13,1003,7.743038981702466
11:53:14,1003,7.743038981702466
11:53:15,1003,7.743038981702466
11:53:16,1003,7.745589988081049
11:53:17,1003,7.745589988081049
11:53:18,1003,7.745589988081049
11:53:19,1003,7.745589988081049
11:53:20,1003,7.745589988081049
11:53:21,1003,7.745589988081049
11:53:22,1003,7.745589988081049
11:53:23,1003,7.745515873015873
11:53:24,1004,7.745515873015873
11:53:25,1004,7.745515873015873
11:53:26,1004,7.746789536266349
11:53:27,1004,7.746789536266349
11:53:28,1005,7.746789536266349
11:53:29,1005,7.746789536266349
11:53:30,1006,7.750336500395883
11:53:31,1007,7.750336500395883
11:53:32,1007,7.750336500395883
11:53:33,1007,7.75678133649664
11:53:34,1007,7.75678133649664
11:53:35,1007,7.7616113744075825
11:53:36,1007,7.7649704142011835
11:53:37,1007,7.7649704142011835
11:53:38,1007,7.7649704142011835
11:53:39,1007,7.769089834515366
11:53:40,1007,7.769089834515366
11:53:41,1007,7.767217630853994
11:53:42,1007,7.767217630853994
11:53:43,1007,7.771069182389937
11:53:44,1007,7.771069182389937
11:53:45,1007,7.771069182389937
11:53:46,1007,7.769238319591676
11:53:47,1007,7.769238319591676
11:53:48,1007,7.769238319591676
11:53:49,1007,7.769238319591676
11:53:50,1007,7.769238319591676
11:53:51,1007,7.771117647058824
11:53:52,1007,7.771117647058824
11:53:53,1007,7.771117647058824
11:53:54,1007,7.7714397496087635
11:53:55,1007,7.7714397496087635
11:53:56,1008,7.7714397496087635
11:53:57,1008,7.7714397496087635
11:53:58,1009,7.776123485736616
11:53:59,1009,7.776123485736616
11:54:00,1009,7.776123485736616
11:54:01,1009,7.776123485736616
11:54:02,1009,7.776123485736616
11:54:03,1009,7.776123485736616
11:54:04,1009,7.776123485736616
11:54:05,1009,7.776123485736616
11:54:06,1010,7.774297423887588
11:54:07,1010,7.774297423887588
11:54:08,1010,7.774297423887588
11:54:09,1011,7.774297423887588
11:54:10,1012,7.774297423887588
11:54:11,1012,7.774297423887588
11:54:12,1013,7.774297423887588
11:54:13,1014,7.774297423887588
11:54:14,1014,7.774297423887588
11:54:15,1015,7.774297423887588
11:54:16,1015,7.774297423887588
11:54:17,1016,7.776510721247563
11:54:18,1017,7.780724299065421
11:54:19,1017,7.779424348502529
11:54:20,1017,7.779424348502529
11:54:21,1018,7.779424348502529
11:54:22,1018,7.785236985236986
11:54:23,1018,7.785236985236986
11:54:24,1018,7.785236985236986
11:54:25,1018,7.785236985236986
11:54:26,1018,7.785236985236986
11:54:27,1018,7.784322856034149
11:54:28,1018,7.784322856034149
11:54:29,1019,7.784322856034149
11:54:30,1019,7.784322856034149
11:54:31,1019,7.784322856034149
11:54:32,1020,7.7891666666666675
11:54:33,1020,7.7891666666666675
11:54:34,1020,7.7891666666666675
11:54:35,1022,7.7891666666666675
11:54:36,1022,7.7891666666666675
11:54:37,1022,7.7891666666666675
11:54:38,1022,7.7891666666666675
11:54:39,1024,7.795005807200929
11:54:40,1024,7.795005807200929
11:54:41,1024,7.795005807200929
11:54:42,1026,7.796191028615623
11:54:43,1026,7.796191028615623
11:54:44,1026,7.797006566241792
11:54:45,1026,7.797006566241792
11:54:46,1027,7.797006566241792
11:54:47,1027,7.797006566241792
11:54:48,1027,7.797006566241792
11:54:49,1028,7.801620370370371
11:54:50,1028,7.801620370370371
11:54:51,1028,7.801620370370371
11:54:52,1029,7.801620370370371
11:54:53,1029,7.801620370370371
11:54:54,1029,7.801620370370371
11:54:55,1029,7.801620370370371
11:54:56,1030,7.801620370370371
11:54:57,1030,7.806859344894026
11:54:58,1030,7.806859344894026
11:54:59,1031,7.806859344894026
11:55:00,1031,7.806859344894026
11:55:01,1031,7.806859344894026
11:55:02,1033,7.806859344894026
11:55:03,1033,7.806859344894026
11:55:04,1033,7.806859344894026
11:55:05,1033,7.806859344894026
11:55:06,1034,7.808949191685913
11:55:07,1036,7.808949191685913
11:55:08,1036,7.808949191685913
11:55:09,1036,7.80843906189927
11:55:10,1038,7.8123847926267285
11:55:11,1038,7.811200613732259
11:55:12,1038,7.811072796934866
11:55:13,1040,7.811072796934866
11:55:14,1040,7.810964408725602
11:55:15,1040,7.8172782874617734
11:55:16,1041,7.8172782874617734
11:55:17,1041,7.8172782874617734
11:55:18,1042,7.81676212294769
11:55:19,1043,7.81676212294769
11:55:20,1043,7.81676212294769
11:55:21,1044,7.81676212294769
11:55:22,1044,7.821758199847445
11:55:23,1045,7.821758199847445
11:55:24,1046,7.827561904761905
11:55:25,1046,7.827561904761905
11:55:26,1047,7.827561904761905
11:55:27,1047,7.827561904761905
11:55:28,1048,7.827561904761905
11:55:29,1048,7.827561904761905
11:55:30,1048,7.827561904761905
11:55:31,1048,7.827561904761905
11:55:32,1048,7.827561904761905
11:55:33,1048,7.827561904761905
11:55:34,1048,7.8285197869101975
11:55:35,1049,7.8285197869101975
11:55:36,1049,7.8285197869101975
11:55:37,1049,7.8285197869101975
11:55:38,1049,7.8285197869101975
11:55:39,1049,7.8285197869101975
11:55:40,1049,7.8285197869101975
11:55:41,1049,7.8285197869101975
11:55:42,1049,7.834150513112885
11:55:43,1049,7.834150513112885
11:55:44,1049,7.833447228549734
11:55:45,1049,7.833447228549734
11:55:46,1049,7.838907849829352
11:55:47,1050,7.838907849829352
11:55:48,1050,7.838907849829352
11:55:49,1050,7.838907849829352
11:55:50,1050,7.838907849829352
11:55:51,1051,7.838907849829352
11:55:52,1051,7.838907849829352
11:55:53,1051,7.837784090909091
11:55:54,1052,7.837784090909091
11:55:55,1052,7.837784090909091
11:55:56,1052,7.83955732122588
11:55:57,1053,7.83955732122588
11:55:58,1053,7.83955732122588
11:55:59,1053,7.83955732122588
11:56:00,1054,7.83955732122588
11:56:01,1054,7.841005291005291
11:56:02,1054,7.839392223480559
11:56:03,1055,7.844952919020716
11:56:04,1055,7.844952919020716
11:56:05,1055,7.844952919020716
11:56:06,1055,7.844952919020716
11:56:07,1055,7.844952919020716
11:56:08,1055,7.844952919020716
11:56:09,1055,7.847197140707299
11:56:10,1055,7.847237880496054
11:56:11,1055,7.847237880496054
11:56:12,1055,7.847237880496054
11:56:13,1055,7.8512199699699705
11:56:14,1055,7.8512199699699705
11:56:15,1055,7.8512199699699705
11:56:16,1055,7.858286464191976
11:56:17,1055,7.858286464191976
11:56:18,1056,7.858286464191976
11:56:19,1056,7.858286464191976
11:56:20,1056,7.858286464191976
11:56:21,1056,7.858286464191976
11:56:22,1057,7.858370786516854
11:56:23,1057,7.858370786516854
11:56:24,1057,7.85959595959596
11:56:25,1058,7.85959595959596
11:56:26,1058,7.85959595959596
11:56:27,1058,7.85959595959596
11:56:28,1058,7.85959595959596
11:56:29,1058,7.85959595959596
11:56:30,1058,7.8596599402092675
11:56:31,1058,7.8596599402092675
11:56:32,1059,7.8596599402092675
11:56:33,1059,7.8596599402092675
11:56:34,1059,7.8596599402092675
11:56:35,1059,7.86164613661814
11:56:36,1060,7.8663497390007455
11:56:37,1060,7.8663497390007455
11:56:38,1060,7.8663497390007455
11:56:39,1061,7.8663497390007455
11:56:40,1061,7.8663497390007455
11:56:41,1061,7.8663497390007455
11:56:42,1062,7.8663497390007455
11:56:43,1062,7.8663497390007455
11:56:44,1062,7.8696275605214145
11:56:45,1062,7.8696275605214145
11:56:46,1062,7.870498511904762
11:56:47,1062,7.877406168710517
11:56:48,1062,7.877406168710517
11:56:49,1062,7.877406168710517
11:56:50,1062,7.877406168710517
11:56:51,1062,7.877406168710517
11:56:52,1062,7.8752041573867855
11:56:53,1062,7.8752041573867855
11:56:54,1062,7.8752041573867855
11:56:55,1062,7.8752041573867855
11:56:56,1062,7.8752041573867855
11:56:57,1062,7.876140155728588
11:56:58,1062,7.876140155728588
11:56:59,1062,7.876140155728588
11:57:00,1062,7.876140155728588
11:57:01,1062,7.876140155728588
11:57:02,1062,7.876140155728588
11:57:03,1062,7.8832962962962965
11:57:04,1062,7.8832962962962965
11:57:05,1062,7.8832962962962965
11:57:06,1062,7.884369219385868
11:57:07,1062,7.884369219385868
11:57:08,1062,7.887786400591279
11:57:09,1062,7.887786400591279
11:57:10,1062,7.889977851605759
11:57:11,1062,7.889977851605759
11:57:12,1062,7.889977851605759
11:57:13,1062,7.889977851605759
11:57:14,1063,7.891703539823009
11:57:15,1063,7.891703539823009
11:57:16,1063,7.891703539823009
11:57:17,1063,7.891703539823009
11:57:18,1064,7.891703539823009
11:57:19,1064,7.891703539823009
11:57:20,1064,7.891703539823009
11:57:21,1065,7.891703539823009
11:57:22,1065,7.891703539823009
11:57:23,1065,7.891703539823009
11:57:24,1065,7.891703539823009
11:57:25,1066,7.891703539823009
11:57:26,1066,7.89609576427256
11:57:27,1067,7.89609576427256
11:57:28,1067,7.89609576427256
11:57:29,1067,7.8964495952906555
11:57:30,1068,7.8964495952906555
11:57:31,1068,7.8964495952906555
11:57:32,1068,7.8964495952906555
11:57:33,1069,7.8964495952906555
11:57:34,1069,7.8964495952906555
11:57:35,1069,7.898272693862551
11:57:36,1070,7.898272693862551
11:57:37,1070,7.898127753303965
11:57:38,1070,7.898127753303965
11:57:39,1070,7.898127753303965
11:57:40,1070,7.898127753303965
11:57:41,1071,7.898127753303965
11:57:42,1071,7.8966446644664465
11:57:43,1071,7.8966446644664465
11:57:44,1072,7.8966446644664465
11:57:45,1072,7.8966446644664465
11:57:46,1072,7.8966446644664465
11:57:47,1073,7.897967032967033
11:57:48,1073,7.897967032967033
11:57:49,1073,7.900384193194292
11:57:50,1073,7.900384193194292
11:57:51,1073,7.900384193194292
11:57:52,1073,7.900384193194292
11:57:53,1073,7.907876461988304
11:57:54,1073,7.9079591091639285
11:57:55,1074,7.9079591091639285
11:57:56,1074,7.914916119620715
11:57:57,1074,7.914916119620715
11:57:58,1074,7.914916119620715
11:57:59,1074,7.917030965391621
11:58:00,1074,7.917594614264919
11:58:01,1075,7.917594614264919
11:58:02,1076,7.919683751363141
11:58:03,1076,7.919683751363141
11:58:04,1077,7.921623093681917
11:58:05,1078,7.921623093681917
11:58:06,1078,7.921623093681917
11:58:07,1078,7.921623093681917
11:58:08,1078,7.924211099020675
11:58:09,1079,7.924211099020675
11:58:10,1079,7.924211099020675
11:58:11,1079,7.924211099020675
11:58:12,1079,7.924211099020675
11:58:13,1080,7.924211099020675
11:58:14,1080,7.924211099020675
11:58:15,1080,7.924211099020675
11:58:16,1080,7.924719507781398
11:58:17,1081,7.924719507781398
11:58:18,1081,7.924719507781398
11:58:19,1081,7.928018799710774
11:58:20,1082,7.928018799710774
11:58:21,1082,7.928018799710774
11:58:22,1082,7.928018799710774
11:58:23,1083,7.928018799710774
11:58:24,1083,7.928018799710774
11:58:25,1083,7.9305344889851925
11:58:26,1085,7.9305344889851925
11:58:27,1085,7.9305344889851925
11:58:28,1085,7.929888167388167
11:58:29,1086,7.929888167388167
11:58:30,1086,7.929888167388167
11:58:31,1086,7.929888167388167
11:58:32,1086,7.93227027027027
11:58:33,1086,7.93227027027027
11:58:34,1086,7.93227027027027
11:58:35,1086,7.931281497480201
11:58:36,1087,7.931281497480201
11:58:37,1087,7.9310499820208555
11:58:38,1087,7.9310499820208555
11:58:39,1087,7.932076149425288
11:58:40,1088,7.932076149425288
11:58:41,1088,7.932076149425288
11:58:42,1088,7.932076149425288
11:58:43,1088,7.940868317186939
11:58:44,1088,7.940868317186939
11:58:45,1089,7.940868317186939
11:58:46,1089,7.940868317186939
11:58:47,1089,7.940868317186939
11:58:48,1089,7.940868317186939
11:58:49,1090,7.940868317186939
11:58:50,1090,7.940868317186939
11:58:51,1090,7.942921146953405
11:58:52,1090,7.942921146953405
11:58:53,1091,7.94508226037196
11:58:54,1091,7.94508226037196
11:58:55,1091,7.94508226037196
11:58:56,1092,7.94508226037196
11:58:57,1092,7.94508226037196
11:58:58,1092,7.94508226037196
11:58:59,1095,7.94508226037196
11:59:00,1095,7.9494283672740265
11:59:01,1096,7.9494283672740265
11:59:02,1097,7.9494283672740265
11:59:03,1097,7.9494283672740265
11:59:04,1097,7.9494283672740265
11:59:05,1099,7.9494283672740265
11:59:06,1099,7.9494283672740265
11:59:07,1099,7.9520342612419705
11:59:08,1099,7.9520342612419705
11:59:09,1099,7.951087344028521
11:59:10,1099,7.951087344028521
11:59:11,1099,7.954415954415954
11:59:12,1099,7.956652436855212
11:59:13,1099,7.956652436855212
11:59:14,1099,7.956652436855212
11:59:15,1099,7.9593638948116565
11:59:16,1101,7.959176428824991
11:59:17,1101,7.959176428824991
11:59:18,1101,7.9624113475177305
11:59:19,1102,7.9624113475177305
11:59:20,1102,7.9624113475177305
11:59:21,1102,7.970563230605738
11:59:22,1103,7.970563230605738
11:59:23,1103,7.970563230605738
11:59:24,1103,7.972682236376504
11:59:25,1103,7.972682236376504
11:59:26,1104,7.976069282431954
11:59:27,1104,7.976069282431954
11:59:28,1104,7.976069282431954
11:59:29,1105,7.976069282431954
11:59:30,1105,7.978778248587571
11:59:31,1105,7.978778248587571
11:59:32,1105,7.978778248587571
11:59:33,1105,7.978778248587571
11:59:34,1105,7.978778248587571
11:59:35,1105,7.978778248587571
11:59:36,1105,7.978778248587571
11:59:37,1105,7.978778248587571
11:59:38,1105,7.978778248587571
11:59:39,1105,7.978778248587571
11:59:40,1105,7.979488536155203
11:59:41,1105,7.981712473572939
11:59:42,1105,7.981712473572939
11:59:43,1105,7.981712473572939
11:59:44,1105,7.981712473572939
11:59:45,1105,7.981712473572939
11:59:46,1105,7.981712473572939
11:59:47,1105,7.981712473572939
11:59:48,1105,7.981712473572939
11:59:49,1105,7.981712473572939
11:59:50,1105,7.981712473572939
11:59:51,1105,7.981712473572939
11:59:52,1105,7.984688489968321
11:59:53,1105,7.984688489968321
11:59:54,1105,7.984688489968321
11:59:55,1105,7.984688489968321
11:59:56,1105,7.987253867791842
11:59:57,1105,7.987253867791842
11:59:58,1105,7.9874956094134175
11:59:59,1106,7.9874956094134175
12:00:00,1107,7.9874956094134175
12:00:01,1107,7.9874956094134175
12:00:02,1107,7.9874956094134175
12:00:03,1108,7.9874956094134175
12:00:04,1108,7.989456140350877
12:00:05,1108,7.9893445495969155
12:00:06,1109,7.9893445495969155
12:00:07,1109,7.993574929971989
12:00:08,1109,7.996135012242042
12:00:09,1110,7.996135012242042
12:00:10,1110,8.005625436757512
12:00:11,1110,8.005625436757512
12:00:12,1111,8.005625436757512
12:00:13,1111,8.005625436757512
12:00:14,1111,8.005625436757512
12:00:15,1112,8.009720767888307
12:00:16,1113,8.009720767888307
12:00:17,1113,8.009720767888307
12:00:18,1114,8.009720767888307
12:00:19,1114,8.009720767888307
12:00:20,1115,8.009720767888307
12:00:21,1115,8.009720767888307
12:00:22,1115,8.0134239888424
12:00:23,1115,8.0134239888424
12:00:24,1115,8.0134239888424
12:00:25,1116,8.0134239888424
12:00:26,1117,8.015569487983282
12:00:27,1117,8.015569487983282
12:00:28,1118,8.015569487983282
12:00:29,1118,8.015031315240083
12:00:30,1119,8.01651025373653
12:00:31,1120,8.019409722222223
12:00:32,1120,8.02343045438779
12:00:33,1120,8.02343045438779
12:00:34,1121,8.02343045438779
12:00:35,1121,8.023579348579348
12:00:36,1122,8.023579348579348
12:00:37,1123,8.023579348579348
12:00:38,1123,8.023579348579348
12:00:39,1123,8.023174108688128
12:00:40,1124,8.023174108688128
12:00:41,1124,8.026659751037345
12:00:42,1125,8.026659751037345
12:00:43,1126,8.026659751037345
12:00:44,1126,8.026659751037345
12:00:45,1126,8.026659751037345
12:00:46,1128,8.026659751037345
12:00:47,1128,8.026659751037345
12:00:48,1128,8.026659751037345
12:00:49,1128,8.026659751037345
12:00:50,1129,8.026659751037345
12:00:51,1129,8.029395509499135
12:00:52,1130,8.029395509499135
12:00:53,1131,8.029395509499135
12:00:54,1131,8.029395509499135
12:00:55,1131,8.032746721877157
12:00:56,1131,8.032746721877157
12:00:57,1131,8.032746721877157
12:00:58,1131,8.03438469493278
12:00:59,1132,8.042475895316805
12:01:00,1132,8.041898864809081
12:01:01,1132,8.041898864809081
12:01:02,1134,8.045910652920963
12:01:03,1134,8.045777548918641
12:01:04,1134,8.045777548918641
12:01:05,1135,8.049331275720165
12:01:06,1136,8.049331275720165
12:01:07,1136,8.049880095923262
12:01:08,1136,8.049880095923262
12:01:09,1137,8.049880095923262
12:01:10,1138,8.049880095923262
12:01:11,1138,8.049880095923262
12:01:12,1139,8.049880095923262
12:01:13,1139,8.053507871321013
12:01:14,1139,8.053507871321013
12:01:15,1140,8.053507871321013
12:01:16,1141,8.059418803418803
12:01:17,1141,8.059418803418803
12:01:18,1141,8.059418803418803
12:01:19,1141,8.059418803418803
12:01:20,1142,8.061116803278688
12:01:21,1143,8.061116803278688
12:01:22,1144,8.061116803278688
12:01:23,1146,8.061116803278688
12:01:24,1146,8.06502900034118
12:01:25,1147,8.06502900034118
12:01:26,1147,8.06502900034118
12:01:27,1149,8.06502900034118
12:01:28,1149,8.06502900034118
12:01:29,1150,8.06502900034118
12:01:30,1150,8.06502900034118
12:01:31,1150,8.06502900034118
12:01:32,1151,8.066070820565203
12:01:33,1152,8.068945578231292
12:01:34,1153,8.068945578231292
12:01:35,1153,8.068501529051987
12:01:36,1154,8.068501529051987
12:01:37,1155,8.067922606924643
12:01:38,1155,8.067922606924643
12:01:39,1156,8.067922606924643
12:01:40,1157,8.067922606924643
12:01:41,1157,8.067158358765683
12:01:42,1157,8.067158358765683
12:01:43,1158,8.067158358765683
12:01:44,1159,8.067158358765683
12:01:45,1159,8.067158358765683
12:01:46,1159,8.067158358765683
12:01:47,1160,8.067158358765683
12:01:48,1160,8.067158358765683
12:01:49,1160,8.067158358765683
12:01:50,1161,8.069241192411925
12:01:51,1161,8.069241192411925
12:01:52,1161,8.068730964467004
12:01:53,1161,8.068730964467004
12:01:54,1162,8.068730964467004
12:01:55,1162,8.068730964467004
12:01:56,1162,8.068730964467004
12:01:57,1163,8.068730964467004
12:01:58,1163,8.068730964467004
12:01:59,1163,8.068730964467004
12:02:00,1164,8.068730964467004
12:02:01,1164,8.068730964467004
12:02:02,1164,8.068730964467004
12:02:03,1164,8.068730964467004
12:02:04,1164,8.073647734956051
12:02:05,1166,8.073647734956051
12:02:06,1166,8.073647734956051
12:02:07,1166,8.074586288416075
12:02:08,1166,8.074586288416075
12:02:09,1167,8.074586288416075
12:02:10,1167,8.082878328277722
12:02:11,1167,8.082878328277722
12:02:12,1169,8.082811447811448
12:02:13,1169,8.082811447811448
12:02:14,1169,8.082811447811448
12:02:15,1169,8.086175580221997
12:02:16,1170,8.086175580221997
12:02:17,1170,8.086175580221997
12:02:18,1170,8.086175580221997
12:02:19,1171,8.086175580221997
12:02:20,1171,8.086175580221997
12:02:21,1171,8.0859375
12:02:22,1172,8.084407519301779
12:02:23,1172,8.089050972501676
12:02:24,1172,8.089050972501676
12:02:25,1172,8.088425460636516
12:02:26,1173,8.088425460636516
12:02:27,1173,8.088425460636516
12:02:28,1173,8.088425460636516
12:02:29,1174,8.088425460636516
12:02:30,1174,8.088425460636516
12:02:31,1174,8.088425460636516
12:02:32,1174,8.087868139223561
12:02:33,1174,8.087729856235374
12:02:34,1175,8.087729856235374
12:02:35,1175,8.087729856235374
12:02:36,1175,8.087729856235374
12:02:37,1175,8.087729856235374
12:02:38,1175,8.087729856235374
12:02:39,1175,8.087729856235374
12:02:40,1175,8.09001336005344
12:02:41,1175,8.09001336005344
12:02:42,1175,8.09001336005344
12:02:43,1175,8.09001336005344
12:02:44,1175,8.08933933933934
12:02:45,1176,8.08933933933934
12:02:46,1176,8.08933933933934
12:02:47,1176,8.08933933933934
12:02:48,1176,8.08933933933934
12:02:49,1177,8.08933933933934
12:02:50,1177,8.08933933933934
12:02:51,1177,8.08933933933934
12:02:52,1178,8.08933933933934
12:02:53,1178,8.08933933933934
12:02:54,1178,8.08933933933934
12:02:55,1178,8.09395
12:02:56,1178,8.09395
12:02:57,1178,8.09395
12:02:58,1178,8.094105894105894
12:02:59,1178,8.100931470392547
12:03:00,1178,8.100931470392547
12:03:01,1178,8.100931470392547
12:03:02,1178,8.1026753074111
12:03:03,1178,8.1026753074111
12:03:04,1178,8.1026753074111
12:03:05,1178,8.10644090305445
12:03:06,1178,8.10644090305445
12:03:07,1178,8.10644090305445
12:03:08,1178,8.105997349237906
12:03:09,1178,8.105997349237906
12:03:10,1178,8.105997349237906
12:03:11,1178,8.109970238095238
12:03:12,1178,8.109970238095238
12:03:13,1178,8.110901883052527
12:03:14,1178,8.110901883052527
12:03:15,1178,8.110901883052527
12:03:16,1178,8.110901883052527
12:03:17,1178,8.110901883052527
12:03:18,1178,8.110901883052527
12:03:19,1178,8.110901883052527
12:03:20,1178,8.110901883052527
12:03:21,1178,8.110901883052527
12:03:22,1179,8.110901883052527
12:03:23,1179,8.110901883052527
12:03:24,1179,8.110901883052527
12:03:25,1179,8.110901883052527
12:03:26,1179,8.110901883052527
12:03:27,1179,8.110901883052527
12:03:28,1179,8.110901883052527
12:03:29,1179,8.113184818481848
12:03:30,1179,8.114012528849324
12:03:31,1179,8.114012528849324
12:03:32,1179,8.113422266139658
12:03:33,1179,8.113422266139658
12:03:34,1179,8.113422266139658
12:03:35,1179,8.113422266139658
12:03:36,1181,8.113422266139658
12:03:37,1181,8.113422266139658
12:03:38,1181,8.113422266139658
12:03:39,1181,8.113422266139658
12:03:40,1181,8.113422266139658
12:03:41,1181,8.113422266139658
12:03:42,1181,8.113422266139658
12:03:43,1181,8.113422266139658
12:03:44,1181,8.113984863441921
12:03:45,1181,8.113984863441921
12:03:46,1181,8.113984863441921
12:03:47,1181,8.120660749506904
12:03:48,1181,8.120660749506904
12:03:49,1181,8.121116584564861
12:03:50,1181,8.121116584564861
12:03:51,1181,8.121116584564861
12:03:52,1181,8.121116584564861
12:03:53,1181,8.122194881889763
12:03:54,1181,8.12623729924615
12:03:55,1181,8.12623729924615
12:03:56,1181,8.12623729924615
12:03:57,1181,8.12623729924615
12:03:58,1182,8.126669941060904
12:03:59,1182,8.126669941060904
12:04:00,1182,8.126669941060904
12:04:01,1182,8.126669941060904
12:04:02,1182,8.126669941060904
12:04:03,1182,8.126669941060904
12:04:04,1182,8.126669941060904
12:04:05,1182,8.126669941060904
12:04:06,1182,8.129358848544324
12:04:07,1182,8.129358848544324
12:04:08,1182,8.129358848544324
12:04:09,1182,8.129358848544324
12:04:10,1182,8.129358848544324
12:04:11,1182,8.129444444444443
12:04:12,1182,8.129444444444443
12:04:13,1182,8.129444444444443
12:04:14,1182,8.129444444444443
12:04:15,1182,8.129187071498531
12:04:16,1182,8.129187071498531
12:04:17,1182,8.129187071498531
12:04:18,1182,8.129187071498531
12:04:19,1182,8.130740378343118
12:04:20,1182,8.130740378343118
12:04:21,1182,8.130740378343118
12:04:22,1183,8.130740378343118
12:04:23,1183,8.130740378343118
12:04:24,1183,8.130740378343118
12:04:25,1184,8.130482241772564
12:04:26,1184,8.130482241772564
12:04:27,1184,8.130482241772564
12:04:28,1184,8.130482241772564
12:04:29,1184,8.130482241772564
12:04:30,1185,8.130143229166666
12:04:31,1185,8.130143229166666
12:04:32,1185,8.130143229166666
12:04:33,1185,8.130143229166666
12:04:34,1185,8.137934959349593
12:04:35,1185,8.137934959349593
12:04:36,1185,8.137934959349593
12:04:37,1185,8.137934959349593
12:04:38,1185,8.14093567251462
12:04:39,1185,8.14093567251462
12:04:40,1185,8.14093567251462
12:04:41,1185,8.141099221789883
12:04:42,1185,8.141099221789883
12:04:43,1185,8.14540006478782
12:04:44,1185,8.14540006478782
12:04:45,1185,8.14540006478782
12:04:46,1185,8.14540006478782
12:04:47,1185,8.14846278317152
12:04:48,1186,8.14846278317152
12:04:49,1186,8.14846278317152
12:04:50,1186,8.149402454780361
12:04:51,1186,8.149402454780361
12:04:52,1186,8.149402454780361
12:04:53,1186,8.149402454780361
12:04:54,1187,8.149402454780361
12:04:55,1187,8.149402454780361
12:04:56,1187,8.149402454780361
12:04:57,1187,8.150968054211036
12:04:58,1187,8.150968054211036
12:04:59,1188,8.150968054211036
12:05:00,1188,8.150968054211036
12:05:01,1188,8.150968054211036
12:05:02,1188,8.150968054211036
12:05:03,1188,8.150515796260477
12:05:04,1188,8.150515796260477
12:05:05,1188,8.150515796260477
12:05:06,1188,8.150515796260477
12:05:07,1188,8.150515796260477
12:05:08,1188,8.15230273752013
12:05:09,1188,8.15770592020592
12:05:10,1188,8.15770592020592
12:05:11,1188,8.15770592020592
12:05:12,1188,8.15770592020592
12:05:13,1188,8.15770592020592
12:05:14,1188,8.15770592020592
12:05:15,1190,8.157119897139184
12:05:16,1190,8.157119897139184
12:05:17,1190,8.157119897139184
12:05:18,1190,8.157119897139184
12:05:19,1190,8.157119897139184
12:05:20,1191,8.157119897139184
12:05:21,1191,8.157119897139184
12:05:22,1191,8.157119897139184
12:05:23,1191,8.156278098908157
12:05:24,1191,8.156278098908157
12:05:25,1191,8.158132820019249
12:05:26,1191,8.158132820019249
12:05:27,1192,8.158132820019249
12:05:28,1192,8.158132820019249
12:05:29,1192,8.160528846153847
12:05:30,1192,8.160528846153847
12:05:31,1194,8.160528846153847
12:05:32,1194,8.16351264809478
12:05:33,1194,8.168218170185542
12:05:34,1194,8.168218170185542
12:05:35,1194,8.168218170185542
12:05:36,1196,8.168040907638224
12:05:37,1196,8.168040907638224
12:05:38,1197,8.175702426564495
12:05:39,1198,8.175702426564495
12:05:40,1198,8.175702426564495
12:05:41,1198,8.17950558213716
12:05:42,1198,8.17950558213716
12:05:43,1199,8.17950558213716
12:05:44,1199,8.17950558213716
12:05:45,1199,8.17950558213716
12:05:46,1199,8.17950558213716
12:05:47,1199,8.17950558213716
12:05:48,1199,8.17950558213716
12:05:49,1199,8.181628425748885
12:05:50,1199,8.180865966252785
12:05:51,1199,8.180865966252785
12:05:52,1199,8.180865966252785
12:05:53,1200,8.180865966252785
12:05:54,1200,8.180865966252785
12:05:55,1201,8.180865966252785
12:05:56,1202,8.180248091603053
12:05:57,1202,8.180248091603053
12:05:58,1202,8.182443597076581
12:05:59,1203,8.18484126984127
12:06:00,1203,8.18484126984127
12:06:01,1203,8.18484126984127
12:06:02,1204,8.18484126984127
12:06:03,1204,8.18484126984127
12:06:04,1205,8.18484126984127
12:06:05,1205,8.18484126984127
12:06:06,1207,8.18484126984127
12:06:07,1207,8.18484126984127
12:06:08,1207,8.18484126984127
12:06:09,1207,8.18484126984127
12:06:10,1208,8.18484126984127
12:06:11,1208,8.18484126984127
12:06:12,1208,8.18484126984127
12:06:13,1208,8.18484126984127
12:06:14,1208,8.188392007611798
12:06:15,1209,8.188392007611798
12:06:16,1209,8.188392007611798
12:06:17,1209,8.188392007611798
12:06:18,1210,8.188392007611798
12:06:19,1211,8.188392007611798
12:06:20,1211,8.188392007611798
12:06:21,1212,8.188392007611798
12:06:22,1212,8.187705956907477
12:06:23,1212,8.18781259892371
12:06:24,1212,8.18781259892371
12:06:25,1212,8.187697659709045
12:06:26,1212,8.187697659709045
12:06:27,1213,8.187697659709045
12:06:28,1213,8.192654028436019
12:06:29,1213,8.192654028436019
12:06:30,1213,8.192654028436019
12:06:31,1213,8.192654028436019
12:06:32,1213,8.192945075757576
12:06:33,1213,8.192945075757576
12:06:34,1213,8.19271523178808
12:06:35,1213,8.19271523178808
12:06:36,1213,8.196250787649653
12:06:37,1213,8.196250787649653
12:06:38,1213,8.196250787649653
12:06:39,1213,8.198504878816493
12:06:40,1213,8.198504878816493
12:06:41,1213,8.199025157232704
12:06:42,1213,8.199025157232704
12:06:43,1213,8.199025157232704
12:06:44,1213,8.199025157232704
12:06:45,1213,8.199025157232704
12:06:46,1214,8.198774740810556
12:06:47,1214,8.199278091650973
12:06:48,1214,8.199278091650973
12:06:49,1215,8.20181875195986
12:06:50,1215,8.201770050125313
12:06:51,1215,8.201770050125313
12:06:52,1216,8.201770050125313
12:06:53,1216,8.201770050125313
12:06:54,1216,8.201770050125313
12:06:55,1216,8.201770050125313
12:06:56,1216,8.201770050125313
12:06:57,1216,8.201220657276995
12:06:58,1217,8.201220657276995
12:06:59,1217,8.201220657276995
12:07:00,1217,8.201220657276995
12:07:01,1217,8.201220657276995
12:07:02,1218,8.201220657276995
12:07:03,1218,8.201220657276995
12:07:04,1218,8.20073483427142
12:07:05,1219,8.200624804748516
12:07:06,1219,8.200624804748516
12:07:07,1219,8.200624804748516
12:07:08,1220,8.200624804748516
12:07:09,1220,8.200624804748516
12:07:10,1221,8.200624804748516
12:07:11,1221,8.200624804748516
12:07:12,1222,8.200358926342073
12:07:13,1222,8.200358926342073
12:07:14,1223,8.200436545057686
12:07:15,1223,8.20411214953271
12:07:16,1224,8.20411214953271
12:07:17,1225,8.20411214953271
12:07:18,1225,8.20411214953271
12:07:19,1226,8.20411214953271
12:07:20,1226,8.212900715841892
12:07:21,1226,8.212900715841892
12:07:22,1226,8.212900715841892
12:07:23,1226,8.217739427860696
12:07:24,1227,8.221901211556384
12:07:25,1227,8.221901211556384
12:07:26,1227,8.221901211556384
12:07:27,1227,8.22344816883923
12:07:28,1228,8.22344816883923
12:07:29,1228,8.22344816883923
12:07:30,1228,8.22344816883923
12:07:31,1228,8.22344816883923
12:07:32,1228,8.22344816883923
12:07:33,1230,8.22344816883923
12:07:34,1230,8.22344816883923
12:07:35,1230,8.22344816883923
12:07:36,1231,8.22344816883923
12:07:37,1232,8.22344816883923
12:07:38,1232,8.225418215613383
12:07:39,1232,8.225418215613383
12:07:40,1233,8.225418215613383
12:07:41,1233,8.225418215613383
12:07:42,1233,8.225418215613383
12:07:43,1233,8.226385020117611
12:07:44,1234,8.226385020117611
12:07:45,1234,8.226385020117611
12:07:46,1234,8.225850340136054
12:07:47,1235,8.225850340136054
12:07:48,1235,8.225850340136054
12:07:49,1235,8.226305220883534
12:07:50,1235,8.226305220883534
12:07:51,1235,8.226305220883534
12:07:52,1235,8.22570987654321
12:07:53,1235,8.22570987654321
12:07:54,1236,8.22570987654321
12:07:55,1236,8.22570987654321
12:07:56,1236,8.22570987654321
12:07:57,1236,8.22570987654321
12:07:58,1236,8.22570987654321
12:07:59,1236,8.224514338575393
12:08:00,1237,8.224514338575393
12:08:01,1237,8.224514338575393
12:08:02,1237,8.224514338575393
12:08:03,1237,8.224514338575393
12:08:04,1238,8.224514338575393
12:08:05,1239,8.224514338575393
12:08:06,1239,8.224514338575393
12:08:07,1239,8.224514338575393
12:08:08,1240,8.224514338575393
12:08:09,1240,8.224514338575393
12:08:10,1240,8.224514338575393
12:08:11,1241,8.224060382008625
12:08:12,1241,8.224060382008625
12:08:13,1241,8.23190344403444
12:08:14,1241,8.23190344403444
12:08:15,1241,8.23190344403444
12:08:16,1242,8.23190344403444
12:08:17,1242,8.235023041474655
12:08:18,1242,8.235023041474655
12:08:19,1242,8.239487415592388
12:08:20,1242,8.239487415592388
12:08:21,1242,8.239487415592388
12:08:22,1242,8.239487415592388
12:08:23,1242,8.239487415592388
12:08:24,1242,8.239487415592388
12:08:25,1242,8.239487415592388
12:08:26,1242,8.239487415592388
12:08:27,1242,8.238960441582337
12:08:28,1242,8.238960441582337
12:08:29,1242,8.23811274509804
12:08:30,1242,8.23811274509804
12:08:31,1242,8.23811274509804
12:08:32,1242,8.23811274509804
12:08:33,1242,8.237572696663607
12:08:34,1243,8.237572696663607
12:08:35,1243,8.237446483180427
12:08:36,1243,8.237446483180427
12:08:37,1243,8.237446483180427
12:08:38,1244,8.237809349220898
12:08:39,1244,8.237809349220898
12:08:40,1245,8.237809349220898
12:08:41,1245,8.237809349220898
12:08:42,1245,8.239056776556776
12:08:43,1245,8.239056776556776
12:08:44,1246,8.24813967673071
12:08:45,1246,8.24813967673071
12:08:46,1247,8.248080438756855
12:08:47,1247,8.2482800608828
12:08:48,1247,8.2482800608828
12:08:49,1247,8.2482800608828
12:08:50,1248,8.2482800608828
12:08:51,1248,8.2482800608828
12:08:52,1248,8.2482800608828
12:08:53,1248,8.2482800608828
12:08:54,1248,8.2482800608828
12:08:55,1248,8.2482800608828
12:08:56,1248,8.2482800608828
12:08:57,1249,8.2482800608828
12:08:58,1249,8.2482800608828
12:08:59,1250,8.2482800608828
12:09:00,1250,8.2482800608828
12:09:01,1250,8.2482800608828
12:09:02,1251,8.2482800608828
12:09:03,1251,8.2482800608828
12:09:04,1251,8.25103406326034
12:09:05,1251,8.25103406326034
12:09:06,1252,8.255165603160133
12:09:07,1252,8.255165603160133
12:09:08,1252,8.258409228901032
12:09:09,1253,8.25799211404307
12:09:10,1253,8.25799211404307
12:09:11,1253,8.25799211404307
12:09:12,1253,8.25799211404307
12:09:13,1254,8.25799211404307
12:09:14,1255,8.25799211404307
12:09:15,1255,8.258333333333333
12:09:16,1255,8.258333333333333
12:09:17,1256,8.258333333333333
12:09:18,1256,8.258113835906752
12:09:19,1256,8.258113835906752
12:09:20,1257,8.258113835906752
12:09:21,1258,8.263838475499092
12:09:22,1258,8.263765488062859
12:09:23,1259,8.263765488062859
12:09:24,1259,8.264130434782608
12:09:25,1259,8.264130434782608
12:09:26,1259,8.264130434782608
12:09:27,1260,8.264130434782608
12:09:28,1260,8.262956259426847
12:09:29,1260,8.262956259426847
12:09:30,1260,8.262956259426847
12:09:31,1261,8.262956259426847
12:09:32,1262,8.262956259426847
12:09:33,1262,8.264104882459312
12:09:34,1262,8.262225233363445
12:09:35,1262,8.262225233363445
12:09:36,1262,8.262225233363445
12:09:37,1262,8.262225233363445
12:09:38,1262,8.262225233363445
12:09:39,1262,8.262225233363445
12:09:40,1262,8.262225233363445
12:09:41,1262,8.262225233363445
12:09:42,1263,8.262225233363445
12:09:43,1263,8.262225233363445
12:09:44,1263,8.262225233363445
12:09:45,1263,8.262225233363445
12:09:46,1264,8.262225233363445
12:09:47,1264,8.262225233363445
12:09:48,1265,8.262225233363445
12:09:49,1265,8.262225233363445
12:09:50,1265,8.262379663056558
12:09:51,1265,8.262379663056558
12:09:52,1266,8.26253381424707
12:09:53,1266,8.26253381424707
12:09:54,1266,8.267057057057057
12:09:55,1266,8.267057057057057
12:09:56,1266,8.267057057057057
12:09:57,1266,8.267057057057057
12:09:58,1266,8.267057057057057
12:09:59,1266,8.27023381294964
12:10:00,1266,8.267849655585504
12:10:01,1266,8.267849655585504
12:10:02,1266,8.267849655585504
12:10:03,1266,8.271035308198684
12:10:04,1266,8.271035308198684
12:10:05,1266,8.271255605381166
12:10:06,1266,8.271255605381166
12:10:07,1266,8.271255605381166
12:10:08,1266,8.271255605381166
12:10:09,1266,8.277255077658303
12:10:10,1266,8.277255077658303
12:10:11,1266,8.277255077658303
12:10:12,1266,8.2775290957923
12:10:13,1266,8.2775290957923
12:10:14,1266,8.2775290957923
12:10:15,1266,8.2775290957923
12:10:16,1266,8.2775290957923
12:10:17,1266,8.2775290957923
12:10:18,1266,8.278443649373882
12:10:19,1266,8.279654453380994
12:10:20,1266,8.279654453380994
12:10:21,1266,8.279654453380994
12:10:22,1266,8.279654453380994
12:10:23,1266,8.279654453380994
12:10:24,1266,8.280059523809523
12:10:25,1266,8.280059523809523
12:10:26,1266,8.280059523809523
12:10:27,1266,8.280059523809523
12:10:28,1266,8.280059523809523
12:10:29,1266,8.280059523809523
12:10:30,1266,8.280059523809523
12:10:31,1266,8.280059523809523
12:10:32,1266,8.280059523809523
12:10:33,1267,8.280059523809523
12:10:34,1267,8.280059523809523
12:10:35,1267,8.280059523809523
12:10:36,1267,8.280059523809523
12:10:37,1267,8.280059523809523
12:10:38,1267,8.281162652393697
12:10:39,1267,8.281162652393697
12:10:40,1267,8.280718954248366
12:10:41,1267,8.280718954248366
12:10:42,1267,8.280718954248366
12:10:43,1267,8.285173642030276
12:10:44,1267,8.29126631079478
12:10:45,1267,8.29126631079478
12:10:46,1267,8.29126631079478
12:10:47,1267,8.29126631079478
12:10:48,1267,8.288251851851852
12:10:49,1268,8.293315587104408
12:10:50,1268,8.293315587104408
12:10:51,1268,8.293315587104408
12:10:52,1268,8.293315587104408
12:10:53,1269,8.296705082742317
12:10:54,1269,8.296705082742317
12:10:55,1269,8.296705082742317
12:10:56,1269,8.296705082742317
12:10:57,1270,8.297313256569236
12:10:58,1270,8.297313256569236
12:10:59,1270,8.297313256569236
12:11:00,1270,8.298466076696165
12:11:01,1270,8.298466076696165
12:11:02,1270,8.299027409372236
12:11:03,1270,8.299027409372236
12:11:04,1271,8.299027409372236
12:11:05,1271,8.299027409372236
12:11:06,1271,8.299027409372236
12:11:07,1272,8.299027409372236
12:11:08,1272,8.299027409372236
12:11:09,1272,8.30085394581861
12:11:10,1273,8.30085394581861
12:11:11,1273,8.30085394581861
12:11:12,1273,8.302441894674905
12:11:13,1273,8.302441894674905
12:11:14,1274,8.299779541446208
12:11:15,1274,8.299779541446208
12:11:16,1274,8.299779541446208
12:11:17,1274,8.303289280469897
12:11:18,1275,8.303289280469897
12:11:19,1275,8.303289280469897
12:11:20,1275,8.303289280469897
12:11:21,1276,8.303289280469897
12:11:22,1276,8.303289280469897
12:11:23,1276,8.303289280469897
12:11:24,1276,8.303289280469897
12:11:25,1278,8.303289280469897
12:11:26,1278,8.303289280469897
12:11:27,1278,8.303289280469897
12:11:28,1278,8.303289280469897
12:11:29,1278,8.303289280469897
12:11:30,1278,8.30481220657277
12:11:31,1278,8.30481220657277
12:11:32,1278,8.30481220657277
12:11:33,1278,8.30481220657277
12:11:34,1278,8.30481220657277
12:11:35,1278,8.309050966608085
12:11:36,1278,8.309050966608085
12:11:37,1278,8.309050966608085
12:11:38,1278,8.306760316066725
12:11:39,1279,8.308011695906433
12:11:40,1279,8.308011695906433
12:11:41,1279,8.308011695906433
12:11:42,1279,8.308011695906433
12:11:43,1281,8.31148115687993
12:11:44,1281,8.31148115687993
12:11:45,1281,8.31148115687993
12:11:46,1281,8.31148115687993
12:11:47,1282,8.309223584354934
12:11:48,1283,8.309223584354934
12:11:49,1283,8.31052785068533
12:11:50,1283,8.31052785068533
12:11:51,1283,8.31052785068533
12:11:52,1284,8.323100436681223
12:11:53,1284,8.323100436681223
12:11:54,1284,8.323100436681223
12:11:55,1284,8.324883653286795
12:11:56,1284,8.324883653286795
12:11:57,1284,8.324883653286795
12:11:58,1284,8.324883653286795
12:11:59,1284,8.324883653286795
12:12:00,1285,8.323423423423424
12:12:01,1285,8.323423423423424
12:12:02,1285,8.323423423423424
12:12:03,1286,8.323423423423424
12:12:04,1286,8.323423423423424
12:12:05,1286,8.323423423423424
12:12:06,1286,8.327337398373983
12:12:07,1286,8.327337398373983
12:12:08,1286,8.33152016246011
12:12:09,1286,8.33152016246011
12:12:10,1286,8.33152016246011
12:12:11,1286,8.332884057971015
12:12:12,1286,8.332884057971015
12:12:13,1286,8.332884057971015
12:12:14,1286,8.332884057971015
12:12:15,1286,8.335230234578628
12:12:16,1287,8.335230234578628
12:12:17,1287,8.335230234578628
12:12:18,1287,8.33482349537037
12:12:19,1289,8.33482349537037
12:12:20,1289,8.33482349537037
12:12:21,1289,8.33482349537037
12:12:22,1290,8.33482349537037
12:12:23,1290,8.33482349537037
12:12:24,1290,8.33482349537037
12:12:25,1290,8.33482349537037
12:12:26,1291,8.33482349537037
12:12:27,1291,8.336368892743568
12:12:28,1291,8.336368892743568
12:12:29,1293,8.336368892743568
12:12:30,1294,8.336368892743568
12:12:31,1294,8.336368892743568
12:12:32,1295,8.336368892743568
12:12:33,1296,8.336368892743568
12:12:34,1297,8.337911611785096
12:12:35,1298,8.34082251082251
12:12:36,1299,8.34082251082251
12:12:37,1299,8.338422722029987
12:12:38,1300,8.338422722029987
12:12:39,1300,8.338422722029987
12:12:40,1300,8.338422722029987
12:12:41,1300,8.338422722029987
12:12:42,1301,8.343027945836935
12:12:43,1302,8.347625215889463
12:12:44,1302,8.346131722749497
12:12:45,1303,8.346131722749497
12:12:46,1303,8.346131722749497
12:12:47,1303,8.348548850574712
12:12:48,1305,8.35120585701981
12:12:49,1306,8.35120585701981
12:12:50,1306,8.35120585701981
12:12:51,1306,8.353528399311532
12:12:52,1306,8.353528399311532
12:12:53,1307,8.353528399311532
12:12:54,1307,8.353528399311532
12:12:55,1308,8.353528399311532
12:12:56,1308,8.350759529951276
12:12:57,1308,8.350759529951276
12:12:58,1308,8.350759529951276
12:12:59,1309,8.350759529951276
12:13:00,1309,8.350759529951276
12:13:01,1309,8.350759529951276
12:13:02,1310,8.350759529951276
12:13:03,1311,8.353436426116838
12:13:04,1311,8.353436426116838
12:13:05,1311,8.353436426116838
12:13:06,1312,8.353436426116838
12:13:07,1312,8.353436426116838
12:13:08,1313,8.353473413379074
12:13:09,1314,8.353473413379074
12:13:10,1315,8.353473413379074
12:13:11,1316,8.35746929448729
12:13:12,1316,8.35746929448729
12:13:13,1317,8.35746929448729
12:13:14,1318,8.35746929448729
12:13:15,1318,8.35746929448729
12:13:16,1318,8.35746929448729
12:13:17,1319,8.35746929448729
12:13:18,1320,8.35572203196347
12:13:19,1321,8.358169375534645
12:13:20,1322,8.358169375534645
12:13:21,1323,8.358169375534645
12:13:22,1323,8.357250712250712
12:13:23,1324,8.357250712250712
12:13:24,1325,8.357250712250712
12:13:25,1325,8.357250712250712
12:13:26,1326,8.357250712250712
12:13:27,1327,8.357250712250712
12:13:28,1327,8.357250712250712
12:13:29,1327,8.357250712250712
12:13:30,1327,8.357250712250712
12:13:31,1327,8.362083689154568
12:13:32,1327,8.366439135381116
12:13:33,1327,8.366439135381116
12:13:34,1327,8.366439135381116
12:13:35,1327,8.366439135381116
12:13:36,1327,8.370602443876102
12:13:37,1327,8.370602443876102
12:13:38,1327,8.370602443876102
12:13:39,1327,8.370602443876102
12:13:40,1327,8.373268029528678
12:13:41,1327,8.373268029528678
12:13:42,1327,8.373268029528678
12:13:43,1327,8.376326241134752
12:13:44,1327,8.380342970521543
12:13:45,1327,8.380342970521543
12:13:46,1327,8.380342970521543
12:13:47,1327,8.380342970521543
12:13:48,1327,8.380342970521543
12:13:49,1327,8.380342970521543
12:13:50,1327,8.384536958368734
12:13:51,1327,8.384536958368734
12:13:52,1327,8.384536958368734
12:13:53,1327,8.384536958368734
12:13:54,1327,8.3830220713073
12:13:55,1327,8.3830220713073
12:13:56,1327,8.3830220713073
12:13:57,1327,8.3830220713073
12:13:58,1327,8.3830220713073
12:13:59,1327,8.3830220713073
12:14:00,1327,8.381071529544812
12:14:01,1328,8.381071529544812
12:14:02,1328,8.381071529544812
12:14:03,1328,8.381071529544812
12:14:04,1328,8.381071529544812
12:14:05,1329,8.385296610169492
12:14:06,1329,8.385296610169492
12:14:07,1329,8.385294947784363
12:14:08,1330,8.38369994359842
12:14:09,1330,8.38369994359842
12:14:10,1331,8.38381234150465
12:14:11,1331,8.383375563063064
12:14:12,1331,8.381293952180028
12:14:13,1331,8.381293952180028
12:14:14,1332,8.381293952180028
12:14:15,1332,8.381293952180028
12:14:16,1332,8.381293952180028
12:14:17,1333,8.381829679595278
12:14:18,1333,8.381829679595278
12:14:19,1334,8.381829679595278
12:14:20,1335,8.381829679595278
12:14:21,1335,8.381829679595278
12:14:22,1335,8.381829679595278
12:14:23,1337,8.381829679595278
12:14:24,1337,8.381829679595278
12:14:25,1337,8.381760741364785
12:14:26,1338,8.381760741364785
12:14:27,1338,8.38641975308642
12:14:28,1339,8.38641975308642
12:14:29,1339,8.38641975308642
12:14:30,1339,8.389557050742921
12:14:31,1339,8.389557050742921
12:14:32,1340,8.389557050742921
12:14:33,1341,8.389557050742921
12:14:34,1341,8.390616246498599
12:14:35,1342,8.390616246498599
12:14:36,1342,8.390616246498599
12:14:37,1342,8.387951301427371
12:14:38,1343,8.387951301427371
12:14:39,1344,8.391974272930648
12:14:40,1345,8.391974272930648
12:14:41,1346,8.391974272930648
12:14:42,1346,8.390472198938252
12:14:43,1347,8.390472198938252
12:14:44,1347,8.391038525963149
12:14:45,1347,8.391038525963149
12:14:46,1347,8.391038525963149
12:14:47,1347,8.391687587168759
12:14:48,1347,8.391687587168759
12:14:49,1348,8.391687587168759
12:14:50,1348,8.391687587168759
12:14:51,1348,8.391687587168759
12:14:52,1348,8.391687587168759
12:14:53,1348,8.391687587168759
12:14:54,1348,8.391687587168759
12:14:55,1348,8.391687587168759
12:14:56,1348,8.391687587168759
12:14:57,1348,8.396989966555184
12:14:58,1348,8.396989966555184
12:14:59,1348,8.397089947089947
12:15:00,1348,8.400445186421814
12:15:01,1348,8.400445186421814
12:15:02,1348,8.400445186421814
12:15:03,1348,8.40025020850709
12:15:04,1348,8.40025020850709
12:15:05,1348,8.39936111111111
12:15:06,1349,8.39936111111111
12:15:07,1349,8.39936111111111
12:15:08,1349,8.39936111111111
12:15:09,1351,8.39936111111111
12:15:10,1351,8.39936111111111
12:15:11,1352,8.39936111111111
12:15:12,1353,8.39936111111111
12:15:13,1354,8.39936111111111
12:15:14,1354,8.39936111111111
12:15:15,1354,8.39936111111111
12:15:16,1355,8.39744657230086
12:15:17,1355,8.39744657230086
12:15:18,1356,8.39744657230086
12:15:19,1356,8.39744657230086
12:15:20,1356,8.39744657230086
12:15:21,1356,8.39744657230086
12:15:22,1357,8.39744657230086
12:15:23,1357,8.39744657230086
12:15:24,1357,8.402565169162507
12:15:25,1357,8.402565169162507
12:15:26,1357,8.400484898863951
12:15:27,1358,8.400484898863951
12:15:28,1358,8.405301771871539
12:15:29,1359,8.405301771871539
12:15:30,1360,8.405301771871539
12:15:31,1360,8.405301771871539
12:15:32,1360,8.405301771871539
12:15:33,1360,8.403762102351314
12:15:34,1361,8.403762102351314
12:15:35,1361,8.403762102351314
12:15:36,1361,8.402473742399115
12:15:37,1361,8.402473742399115
12:15:38,1361,8.402473742399115
12:15:39,1361,8.402473742399115
12:15:40,1361,8.4009942004971
12:15:41,1362,8.4009942004971
12:15:42,1362,8.4009942004971
12:15:43,1362,8.4009942004971
12:15:44,1363,8.4009942004971
12:15:45,1364,8.4009942004971
12:15:46,1364,8.40673289183223
12:15:47,1365,8.411304108078301
12:15:48,1365,8.411304108078301
12:15:49,1365,8.411304108078301
12:15:50,1365,8.41141873278237
12:15:51,1367,8.416322598403523
12:15:52,1367,8.416322598403523
12:15:53,1367,8.416322598403523
12:15:54,1368,8.419222313822479
12:15:55,1370,8.419222313822479
12:15:56,1370,8.419222313822479
12:15:57,1370,8.419222313822479
12:15:58,1371,8.419222313822479
12:15:59,1372,8.41609006040637
12:16:00,1372,8.41609006040637
12:16:01,1372,8.41609006040637
12:16:02,1373,8.41609006040637
12:16:03,1373,8.41609006040637
12:16:04,1373,8.41609006040637
12:16:05,1373,8.41609006040637
12:16:06,1373,8.415349794238683
12:16:07,1374,8.415349794238683
12:16:08,1374,8.413651315789474
12:16:09,1374,8.413651315789474
12:16:10,1374,8.413651315789474
12:16:11,1375,8.413651315789474
12:16:12,1375,8.413651315789474
12:16:13,1375,8.41709120788825
12:16:14,1375,8.41709120788825
12:16:15,1375,8.41709120788825
12:16:16,1375,8.41709120788825
12:16:17,1375,8.413327859879583
12:16:18,1375,8.413327859879583
12:16:19,1375,8.413327859879583
12:16:20,1375,8.413327859879583
12:16:21,1375,8.418020235165436
12:16:22,1375,8.41785519125683
12:16:23,1375,8.41785519125683
12:16:24,1376,8.416571116571117
12:16:25,1376,8.416571116571117
12:16:26,1376,8.415384615384616
12:16:27,1377,8.415384615384616
12:16:28,1377,8.415384615384616
12:16:29,1377,8.417388934314527
12:16:30,1377,8.417388934314527
12:16:31,1377,8.417388934314527
12:16:32,1377,8.417388934314527
12:16:33,1377,8.417388934314527
12:16:34,1378,8.417388934314527
12:16:35,1378,8.421105664488017
12:16:36,1378,8.421105664488017
12:16:37,1378,8.421105664488017
12:16:38,1378,8.421105664488017
12:16:39,1379,8.421105664488017
12:16:40,1379,8.421105664488017
12:16:41,1379,8.425591836734693
12:16:42,1379,8.425591836734693
12:16:43,1379,8.425591836734693
12:16:44,1379,8.425591836734693
12:16:45,1379,8.426277868406743
12:16:46,1379,8.426277868406743
12:16:47,1380,8.426277868406743
12:16:48,1381,8.42712578103776
12:16:49,1381,8.42712578103776
12:16:50,1382,8.42712578103776
12:16:51,1382,8.42712578103776
12:16:52,1382,8.42712578103776
12:16:53,1383,8.42712578103776
12:16:54,1384,8.42712578103776
12:16:55,1385,8.42712578103776
12:16:56,1386,8.427008686210641
12:16:57,1386,8.427691890425821
12:16:58,1389,8.427691890425821
12:16:59,1390,8.427691890425821
12:17:00,1390,8.427691890425821
12:17:01,1390,8.427691890425821
12:17:02,1391,8.427691890425821
12:17:03,1391,8.427691890425821
12:17:04,1391,8.427691890425821
12:17:05,1391,8.430284552845528
12:17:06,1391,8.430284552845528
12:17:07,1391,8.430284552845528
12:17:08,1391,8.430284552845528
12:17:09,1391,8.430284552845528
12:17:10,1391,8.430284552845528
12:17:11,1391,8.436027619821283
12:17:12,1391,8.436027619821283
12:17:13,1391,8.436027619821283
12:17:14,1391,8.436027619821283
12:17:15,1391,8.433901515151515
12:17:16,1391,8.43492835901595
12:17:17,1391,8.43492835901595
12:17:18,1392,8.43492835901595
12:17:19,1392,8.437641815235008
12:17:20,1392,8.437641815235008
12:17:21,1392,8.433603020496225
12:17:22,1393,8.433603020496225
12:17:23,1393,8.433603020496225
12:17:24,1394,8.433603020496225
12:17:25,1394,8.439746699002963
12:17:26,1394,8.439746699002963
12:17:27,1395,8.439746699002963
12:17:28,1395,8.439746699002963
12:17:29,1395,8.439746699002963
12:17:30,1396,8.443174474959612
12:17:31,1396,8.445655098197472
12:17:32,1397,8.445655098197472
12:17:33,1397,8.445655098197472
12:17:34,1397,8.443494623655914
12:17:35,1397,8.443494623655914
12:17:36,1399,8.443494623655914
12:17:37,1400,8.443494623655914
12:17:38,1401,8.443352135374699
12:17:39,1401,8.440244229736983
12:17:40,1401,8.440244229736983
12:17:41,1401,8.440244229736983
12:17:42,1402,8.440244229736983
12:17:43,1402,8.440244229736983
12:17:44,1402,8.440244229736983
12:17:45,1402,8.438911236256368
12:17:46,1403,8.438911236256368
12:17:47,1403,8.438911236256368
12:17:48,1403,8.4393756698821
12:17:49,1403,8.4393756698821
12:17:50,1404,8.441807228915662
12:17:51,1404,8.441807228915662
12:17:52,1404,8.441807228915662
12:17:53,1404,8.443592830390584
12:17:54,1405,8.443592830390584
12:17:55,1405,8.443592830390584
12:17:56,1405,8.445763164929163
12:17:57,1406,8.445763164929163
12:17:58,1406,8.445763164929163
12:17:59,1406,8.445763164929163
12:18:00,1406,8.445763164929163
12:18:01,1406,8.445763164929163
12:18:02,1406,8.446260683760684
12:18:03,1406,8.446260683760684
12:18:04,1406,8.446260683760684
12:18:05,1406,8.446260683760684
12:18:06,1406,8.446260683760684
12:18:07,1406,8.446260683760684
12:18:08,1406,8.446260683760684
12:18:09,1406,8.444689084601015
12:18:10,1406,8.444689084601015
12:18:11,1406,8.444689084601015
12:18:12,1407,8.4452
12:18:13,1408,8.4452
12:18:14,1408,8.4452
12:18:15,1409,8.450772715161204
12:18:16,1409,8.450772715161204
12:18:17,1409,8.450772715161204
12:18:18,1409,8.450772715161204
12:18:19,1409,8.450772715161204
12:18:20,1409,8.450772715161204
12:18:21,1409,8.450772715161204
12:18:22,1409,8.450772715161204
12:18:23,1409,8.450772715161204
12:18:24,1409,8.450772715161204
12:18:25,1410,8.450772715161204
12:18:26,1410,8.453740681576145
12:18:27,1410,8.453740681576145
12:18:28,1410,8.453298749667464
12:18:29,1410,8.453298749667464
12:18:30,1411,8.453298749667464
12:18:31,1411,8.453298749667464
12:18:32,1411,8.453298749667464
12:18:33,1411,8.456281540504648
12:18:34,1412,8.456281540504648
12:18:35,1412,8.456281540504648
12:18:36,1412,8.456281540504648
12:18:37,1412,8.456281540504648
12:18:38,1413,8.455281316348195
12:18:39,1413,8.453407584195173
12:18:40,1414,8.456094329623742
12:18:41,1414,8.456094329623742
12:18:42,1415,8.456094329623742
12:18:43,1415,8.45431559438708
12:18:44,1415,8.451283068783068
12:18:45,1415,8.451283068783068
12:18:46,1415,8.451283068783068
12:18:47,1416,8.451283068783068
12:18:48,1416,8.45018503832937
12:18:49,1416,8.45018503832937
12:18:50,1416,8.45018503832937
12:18:51,1416,8.44890385631273
12:18:52,1416,8.44890385631273
12:18:53,1416,8.44890385631273
12:18:54,1416,8.44890385631273
12:18:55,1416,8.44890385631273
12:18:56,1416,8.44890385631273
12:18:57,1416,8.44890385631273
12:18:58,1416,8.446582211665348
12:18:59,1416,8.446582211665348
12:19:00,1417,8.446582211665348
12:19:01,1417,8.448918776371308
12:19:02,1418,8.448918776371308
12:19:03,1418,8.448918776371308
12:19:04,1418,8.448918776371308
12:19:05,1418,8.448918776371308
12:19:06,1419,8.448918776371308
12:19:07,1419,8.452977602108037
12:19:08,1419,8.451276987888361
12:19:09,1419,8.449986845566956
12:19:10,1419,8.449986845566956
12:19:11,1422,8.449986845566956
12:19:12,1422,8.449986845566956
12:19:13,1422,8.449986845566956
12:19:14,1423,8.449986845566956
12:19:15,1424,8.449986845566956
12:19:16,1424,8.451669295478444
12:19:17,1424,8.450039401103231
12:19:18,1424,8.450039401103231
12:19:19,1425,8.450039401103231
12:19:20,1426,8.450039401103231
12:19:21,1426,8.450039401103231
12:19:22,1426,8.448779527559056
12:19:23,1426,8.448779527559056
12:19:24,1426,8.448779527559056
12:19:25,1426,8.452425911355887
12:19:26,1426,8.452425911355887
12:19:27,1427,8.452425911355887
12:19:28,1427,8.451205450733752
12:19:29,1427,8.451205450733752
12:19:30,1427,8.451205450733752
12:19:31,1427,8.453600418957842
12:19:32,1427,8.453600418957842
12:19:33,1428,8.453600418957842
12:19:34,1428,8.453600418957842
12:19:35,1428,8.450798011512298
12:19:36,1428,8.450798011512298
12:19:37,1429,8.450798011512298
12:19:38,1429,8.450798011512298
12:19:39,1429,8.450798011512298
12:19:40,1429,8.450798011512298
12:19:41,1429,8.450798011512298
12:19:42,1429,8.450798011512298
12:19:43,1429,8.44962091503268
12:19:44,1429,8.44962091503268
12:19:45,1429,8.44962091503268
12:19:46,1430,8.44962091503268
12:19:47,1430,8.44962091503268
12:19:48,1430,8.44962091503268
12:19:49,1431,8.44962091503268
12:19:50,1431,8.44962091503268
12:19:51,1431,8.44962091503268
12:19:52,1432,8.44962091503268
12:19:53,1432,8.44962091503268
12:19:54,1432,8.44962091503268
12:19:55,1432,8.44962091503268
12:19:56,1432,8.44873301985371
12:19:57,1432,8.452897415818324
12:19:58,1433,8.455581637976005
12:19:59,1433,8.455581637976005
12:20:00,1433,8.45466510294501
12:20:01,1433,8.45466510294501
12:20:02,1433,8.45265625
12:20:03,1433,8.45265625
12:20:04,1433,8.454059328649492
12:20:05,1433,8.454059328649492
12:20:06,1433,8.456716030137697
12:20:07,1434,8.456716030137697
12:20:08,1435,8.456716030137697
12:20:09,1435,8.456716030137697
12:20:10,1435,8.456716030137697
12:20:11,1435,8.456716030137697
12:20:12,1436,8.456716030137697
12:20:13,1436,8.456716030137697
12:20:14,1437,8.456716030137697
12:20:15,1437,8.456716030137697
12:20:16,1437,8.456716030137697
12:20:17,1437,8.46015057113188
12:20:18,1437,8.46015057113188
12:20:19,1438,8.46015057113188
12:20:20,1438,8.456622602384655
12:20:21,1439,8.456622602384655
12:20:22,1439,8.45950530950531
12:20:23,1439,8.45950530950531
12:20:24,1439,8.45950530950531
12:20:25,1440,8.456922877846791
12:20:26,1440,8.456922877846791
12:20:27,1440,8.456922877846791
12:20:28,1440,8.456922877846791
12:20:29,1440,8.456922877846791
12:20:30,1440,8.456922877846791
12:20:31,1440,8.456922877846791
12:20:32,1440,8.456922877846791
12:20:33,1440,8.456922877846791
12:20:34,1440,8.456922877846791
12:20:35,1440,8.456922877846791
12:20:36,1440,8.456102922161882
12:20:37,1440,8.456102922161882
12:20:38,1440,8.456102922161882
12:20:39,1440,8.456102922161882
12:20:40,1441,8.456102922161882
12:20:41,1441,8.456102922161882
12:20:42,1441,8.456102922161882
12:20:43,1441,8.456102922161882
12:20:44,1442,8.456102922161882
12:20:45,1442,8.456102922161882
12:20:46,1442,8.456102922161882
12:20:47,1443,8.459793281653747
12:20:48,1443,8.459793281653747
12:20:49,1443,8.459793281653747
12:20:50,1443,8.459793281653747
12:20:51,1443,8.459793281653747
12:20:52,1443,8.459793281653747
12:20:53,1444,8.460211722179189
12:20:54,1444,8.46264189886481
12:20:55,1444,8.46264189886481
12:20:56,1444,8.46264189886481
12:20:57,1444,8.459886568703274
12:20:58,1444,8.459886568703274
12:20:59,1444,8.459886568703274
12:21:00,1444,8.463526383526384
12:21:01,1444,8.463526383526384
12:21:02,1444,8.463526383526384
12:21:03,1444,8.463526383526384
12:21:04,1445,8.463526383526384
12:21:05,1445,8.466435185185185
12:21:06,1445,8.466435185185185
12:21:07,1445,8.466435185185185
12:21:08,1445,8.466435185185185
12:21:09,1446,8.466435185185185
12:21:10,1446,8.466088409149318
12:21:11,1446,8.466088409149318
12:21:12,1446,8.465793528505394
12:21:13,1446,8.465793528505394
12:21:14,1446,8.465793528505394
12:21:15,1446,8.465793528505394
12:21:16,1446,8.462573774698486
12:21:17,1446,8.462573774698486
12:21:18,1446,8.462573774698486
12:21:19,1446,8.462573774698486
12:21:20,1447,8.462573774698486
12:21:21,1447,8.462573774698486
12:21:22,1448,8.462573774698486
12:21:23,1449,8.462573774698486
12:21:24,1449,8.46226923076923
12:21:25,1449,8.461209326159365
12:21:26,1450,8.461209326159365
12:21:27,1450,8.461209326159365
12:21:28,1450,8.461209326159365
12:21:29,1450,8.461209326159365
12:21:30,1450,8.461209326159365
12:21:31,1450,8.461209326159365
12:21:32,1451,8.461209326159365
12:21:33,1451,8.461209326159365
12:21:34,1452,8.461251920122887
12:21:35,1452,8.461251920122887
12:21:36,1452,8.461251920122887
12:21:37,1452,8.465899206958301
12:21:38,1452,8.465899206958301
12:21:39,1452,8.465899206958301
12:21:40,1452,8.465899206958301
12:21:41,1452,8.465899206958301
12:21:42,1452,8.465005112474438
12:21:43,1453,8.462962962962964
12:21:44,1453,8.464076059213884
12:21:45,1453,8.465723029839326
12:21:46,1454,8.465723029839326
12:21:47,1454,8.46501019367992
12:21:48,1454,8.468054494525083
12:21:49,1454,8.468054494525083
12:21:50,1455,8.468054494525083
12:21:51,1455,8.468054494525083
12:21:52,1455,8.468054494525083
12:21:53,1456,8.468054494525083
12:21:54,1456,8.468054494525083
12:21:55,1456,8.468054494525083
12:21:56,1457,8.468054494525083
12:21:57,1457,8.470928753180662
12:21:58,1457,8.468014238494787
12:21:59,1457,8.468014238494787
12:22:00,1458,8.468014238494787
12:22:01,1458,8.468014238494787
12:22:02,1458,8.468014238494787
12:22:03,1458,8.468178353658537
12:22:04,1458,8.468178353658537
12:22:05,1458,8.468178353658537
12:22:06,1458,8.468178353658537
12:22:07,1459,8.468178353658537
12:22:08,1459,8.468178353658537
12:22:09,1460,8.468178353658537
12:22:10,1461,8.468178353658537
12:22:11,1461,8.468178353658537
12:22:12,1462,8.468178353658537
12:22:13,1463,8.468178353658537
12:22:14,1464,8.468178353658537
12:22:15,1465,8.466869763899467
12:22:16,1467,8.466869763899467
12:22:17,1467,8.466869763899467
12:22:18,1467,8.466869763899467
12:22:19,1468,8.466869763899467
12:22:20,1468,8.465246067985793
12:22:21,1468,8.465246067985793
12:22:22,1468,8.465246067985793
12:22:23,1468,8.465246067985793
12:22:24,1468,8.465246067985793
12:22:25,1468,8.465246067985793
12:22:26,1468,8.465246067985793
12:22:27,1468,8.465246067985793
12:22:28,1468,8.465246067985793
12:22:29,1468,8.470392902408111
12:22:30,1468,8.470392902408111
12:22:31,1469,8.470392902408111
12:22:32,1469,8.470392902408111
12:22:33,1469,8.471969121741331
12:22:34,1469,8.471969121741331
12:22:35,1469,8.473520485584219
12:22:36,1469,8.473520485584219
12:22:37,1469,8.473520485584219
12:22:38,1470,8.473520485584219
12:22:39,1471,8.473520485584219
12:22:40,1471,8.473520485584219
12:22:41,1471,8.474121809451605
12:22:42,1472,8.474121809451605
12:22:43,1472,8.474121809451605
12:22:44,1472,8.474121809451605
12:22:45,1472,8.474121809451605
12:22:46,1472,8.474121809451605
12:22:47,1472,8.476507696189755
12:22:48,1472,8.476507696189755
12:22:49,1472,8.476507696189755
12:22:50,1472,8.47898386283409
12:22:51,1472,8.47898386283409
12:22:52,1472,8.47898386283409
12:22:53,1472,8.47898386283409
12:22:54,1472,8.47898386283409
12:22:55,1473,8.476875629405841
12:22:56,1473,8.476875629405841
12:22:57,1473,8.476875629405841
12:22:58,1473,8.476875629405841
12:22:59,1473,8.476875629405841
12:23:00,1473,8.476875629405841
12:23:01,1474,8.480867924528303
12:23:02,1474,8.480867924528303
12:23:03,1474,8.477953745600805
12:23:04,1475,8.477895001255966
12:23:05,1475,8.477895001255966
12:23:06,1475,8.477895001255966
12:23:07,1476,8.477895001255966
12:23:08,1476,8.477895001255966
12:23:09,1476,8.477895001255966
12:23:10,1476,8.477895001255966
12:23:11,1477,8.477895001255966
12:23:12,1477,8.477895001255966
12:23:13,1478,8.477895001255966
12:23:14,1478,8.477895001255966
12:23:15,1478,8.477895001255966
12:23:16,1478,8.477895001255966
12:23:17,1478,8.477895001255966
12:23:18,1479,8.477895001255966
12:23:19,1480,8.477895001255966
12:23:20,1480,8.477895001255966
12:23:21,1480,8.477895001255966
12:23:22,1481,8.477895001255966
12:23:23,1481,8.480185603210433
12:23:24,1481,8.480185603210433
12:23:25,1481,8.480185603210433
12:23:26,1482,8.481478696741855
12:23:27,1483,8.481478696741855
12:23:28,1483,8.481478696741855
12:23:29,1483,8.481478696741855
12:23:30,1483,8.481478696741855
12:23:31,1483,8.481843225644878
12:23:32,1483,8.481843225644878
12:23:33,1483,8.481843225644878
12:23:34,1484,8.481843225644878
12:23:35,1484,8.481843225644878
12:23:36,1484,8.481843225644878
12:23:37,1484,8.481843225644878
12:23:38,1484,8.481843225644878
12:23:39,1484,8.483783783783784
12:23:40,1484,8.486734183545886
12:23:41,1485,8.486734183545886
12:23:42,1485,8.486734183545886
12:23:43,1485,8.486734183545886
12:23:44,1486,8.486769115442279
12:23:45,1486,8.484282147315856
12:23:46,1487,8.484282147315856
12:23:47,1487,8.484282147315856
12:23:48,1487,8.484282147315856
12:23:49,1488,8.484942614770459
12:23:50,1489,8.484942614770459
12:23:51,1489,8.484779356768886
12:23:52,1489,8.484779356768886
12:23:53,1490,8.484779356768886
12:23:54,1490,8.488203786746388
12:23:55,1490,8.488203786746388
12:23:56,1491,8.48553647000249
12:23:57,1492,8.48553647000249
12:23:58,1493,8.487388059701493
12:23:59,1493,8.487388059701493
12:24:00,1493,8.487388059701493
12:24:01,1493,8.487388059701493
12:24:02,1494,8.487388059701493
12:24:03,1495,8.487388059701493
12:24:04,1495,8.487388059701493
12:24:05,1495,8.487388059701493
12:24:06,1496,8.487388059701493
12:24:07,1496,8.487388059701493
12:24:08,1496,8.486490181456624
12:24:09,1496,8.489729259811227
12:24:10,1496,8.489729259811227
12:24:11,1497,8.489729259811227
12:24:12,1498,8.489729259811227
12:24:13,1498,8.490146438322164
12:24:14,1498,8.49364312267658
12:24:15,1498,8.49364312267658
12:24:16,1498,8.49364312267658
12:24:17,1498,8.497859440732492
12:24:18,1498,8.497859440732492
12:24:19,1498,8.497859440732492
12:24:20,1498,8.497859440732492
12:24:21,1498,8.497859440732492
12:24:22,1499,8.497859440732492
12:24:23,1499,8.497859440732492
12:24:24,1499,8.497859440732492
12:24:25,1499,8.497859440732492
12:24:26,1500,8.497859440732492
12:24:27,1500,8.497859440732492
12:24:28,1500,8.500556379821958
12:24:29,1500,8.500556379821958
12:24:30,1500,8.500556379821958
12:24:31,1500,8.500556379821958
12:24:32,1500,8.500556379821958
12:24:33,1500,8.501853224610823
12:24:34,1501,8.501853224610823
12:24:35,1501,8.501853224610823
12:24:36,1501,8.501853224610823
12:24:37,1501,8.501853224610823
12:24:38,1501,8.502456790123457
12:24:39,1502,8.502456790123457
12:24:40,1502,8.502763385146805
12:24:41,1502,8.502763385146805
12:24:42,1502,8.502763385146805
12:24:43,1502,8.498620349839863
12:24:44,1502,8.498620349839863
12:24:45,1502,8.498620349839863
12:24:46,1503,8.498620349839863
12:24:47,1503,8.500787789266372
12:24:48,1503,8.500787789266372
12:24:49,1503,8.500787789266372
12:24:50,1503,8.500787789266372
12:24:51,1503,8.500787789266372
12:24:52,1504,8.500787789266372
12:24:53,1504,8.500787789266372
12:24:54,1505,8.500787789266372
12:24:55,1505,8.500787789266372
12:24:56,1505,8.500615006150062
12:24:57,1505,8.498475909537856
12:24:58,1505,8.498475909537856
12:24:59,1505,8.501179071481209
12:25:00,1505,8.501179071481209
12:25:01,1505,8.501179071481209
12:25:02,1505,8.501179071481209
12:25:03,1505,8.501276386843397
12:25:04,1506,8.503777287220995
12:25:05,1506,8.503777287220995
12:25:06,1506,8.506147440607396
12:25:07,1506,8.506147440607396
12:25:08,1506,8.506147440607396
12:25:09,1506,8.50755017131669
12:25:10,1507,8.50755017131669
12:25:11,1507,8.50755017131669
12:25:12,1507,8.50755017131669
12:25:13,1507,8.50755017131669
12:25:14,1507,8.50755017131669
12:25:15,1507,8.50755017131669
12:25:16,1507,8.50575935436537
12:25:17,1507,8.508296676441837
12:25:18,1507,8.508296676441837
12:25:19,1507,8.508296676441837
12:25:20,1507,8.508296676441837
12:25:21,1507,8.508296676441837
12:25:22,1507,8.508296676441837
12:25:23,1507,8.508296676441837
12:25:24,1507,8.508296676441837
12:25:25,1507,8.508296676441837
12:25:26,1508,8.508296676441837
12:25:27,1508,8.508296676441837
12:25:28,1509,8.508296676441837
12:25:29,1510,8.508296676441837
12:25:30,1510,8.508296676441837
12:25:31,1510,8.508296676441837
12:25:32,1510,8.506764346764347
12:25:33,1510,8.506124938994631
12:25:34,1510,8.509461107047063
12:25:35,1511,8.512097953216374
12:25:36,1511,8.512097953216374
12:25:37,1511,8.512097953216374
12:25:38,1512,8.512097953216374
12:25:39,1513,8.513734793187348
12:25:40,1513,8.513734793187348
12:25:41,1513,8.513734793187348
12:25:42,1513,8.513734793187348
12:25:43,1515,8.513734793187348
12:25:44,1516,8.513734793187348
12:25:45,1517,8.51421103817165
12:25:46,1517,8.51454081632653
12:25:47,1519,8.51454081632653
12:25:48,1520,8.51454081632653
12:25:49,1520,8.51454081632653
12:25:50,1520,8.51454081632653
12:25:51,1520,8.51454081632653
12:25:52,1521,8.51454081632653
12:25:53,1521,8.519068413391558
12:25:54,1522,8.519068413391558
12:25:55,1523,8.522084848484848
12:25:56,1523,8.524127906976744
12:25:57,1523,8.524127906976744
12:25:58,1526,8.524127906976744
12:25:59,1526,8.524127906976744
12:26:00,1527,8.524127906976744
12:26:01,1527,8.524127906976744
12:26:02,1529,8.524127906976744
12:26:03,1529,8.524127906976744
12:26:04,1529,8.521326555313484
12:26:05,1530,8.521326555313484
12:26:06,1531,8.521326555313484
12:26:07,1531,8.521326555313484
12:26:08,1532,8.521326555313484
12:26:09,1532,8.523355104015481
12:26:10,1532,8.523355104015481
12:26:11,1532,8.523355104015481
12:26:12,1534,8.523355104015481
12:26:13,1534,8.524933526710177
12:26:14,1535,8.524933526710177
12:26:15,1537,8.526739130434782
12:26:16,1537,8.526739130434782
12:26:17,1538,8.526739130434782
12:26:18,1539,8.52734733285059
12:26:19,1540,8.52734733285059
12:26:20,1541,8.52734733285059
12:26:21,1541,8.52734733285059
12:26:22,1541,8.528087313072842
12:26:23,1541,8.528087313072842
12:26:24,1542,8.527030609785491
12:26:25,1542,8.527745664739884
12:26:26,1542,8.527745664739884
12:26:27,1543,8.527745664739884
12:26:28,1543,8.527745664739884
12:26:29,1543,8.527745664739884
12:26:30,1543,8.527745664739884
12:26:31,1543,8.527745664739884
12:26:32,1543,8.527745664739884
12:26:33,1543,8.527745664739884
12:26:34,1543,8.527745664739884
12:26:35,1543,8.527745664739884
12:26:36,1543,8.527745664739884
12:26:37,1543,8.526895306859206
12:26:38,1543,8.526599326599326
12:26:39,1544,8.526599326599326
12:26:40,1544,8.526599326599326
12:26:41,1545,8.526599326599326
12:26:42,1545,8.526599326599326
12:26:43,1545,8.529151646238885
12:26:44,1545,8.529151646238885
12:26:45,1545,8.529151646238885
12:26:46,1545,8.529151646238885
12:26:47,1545,8.529151646238885
12:26:48,1545,8.529151646238885
12:26:49,1545,8.529151646238885
12:26:50,1545,8.52957492795389
12:26:51,1546,8.52957492795389
12:26:52,1546,8.52957492795389
12:26:53,1546,8.52957492795389
12:26:54,1546,8.52957492795389
12:26:55,1546,8.53053755699544
12:26:56,1546,8.53413669064748
12:26:57,1546,8.53413669064748
12:26:58,1546,8.53413669064748
12:26:59,1546,8.53413669064748
12:27:00,1546,8.53413669064748
12:27:01,1547,8.53413669064748
12:27:02,1547,8.53413669064748
12:27:03,1547,8.537655651340996
12:27:04,1547,8.537655651340996
12:27:05,1547,8.537655651340996
12:27:06,1548,8.537655651340996
12:27:07,1548,8.537655651340996
12:27:08,1549,8.535510887772196
12:27:09,1549,8.535510887772196
12:27:10,1549,8.535510887772196
12:27:11,1549,8.535510887772196
12:27:12,1549,8.535510887772196
12:27:13,1549,8.5344093735055
12:27:14,1549,8.5344093735055
12:27:15,1549,8.534062126642771
12:27:16,1549,8.531876790830946
12:27:17,1549,8.531876790830946
12:27:18,1549,8.534490575041756
12:27:19,1549,8.534490575041756
12:27:20,1549,8.534490575041756
12:27:21,1549,8.534490575041756
12:27:22,1549,8.534490575041756
12:27:23,1549,8.534490575041756
12:27:24,1549,8.534490575041756
12:27:25,1549,8.534490575041756
12:27:26,1549,8.534490575041756
12:27:27,1549,8.534490575041756
12:27:28,1549,8.534490575041756
12:27:29,1549,8.534490575041756
12:27:30,1550,8.534490575041756
12:27:31,1550,8.534490575041756
12:27:32,1550,8.534490575041756
12:27:33,1551,8.5370886981402
12:27:34,1551,8.534786752442221
12:27:35,1551,8.534786752442221
12:27:36,1552,8.534786752442221
12:27:37,1552,8.537154761904763
12:27:38,1552,8.537154761904763
12:27:39,1553,8.537154761904763
12:27:40,1553,8.53828217939567
12:27:41,1553,8.53828217939567
12:27:42,1553,8.538310762651461
12:27:43,1555,8.538310762651461
12:27:44,1555,8.538310762651461
12:27:45,1555,8.538310762651461
12:27:46,1555,8.538310762651461
12:27:47,1555,8.538310762651461
12:27:48,1555,8.541227445394112
12:27:49,1555,8.54288256227758
12:27:50,1555,8.54288256227758
12:27:51,1555,8.54288256227758
12:27:52,1555,8.544262683736369
12:27:53,1555,8.544262683736369
12:27:54,1555,8.544262683736369
12:27:55,1555,8.544262683736369
12:27:56,1555,8.544262683736369
12:27:57,1555,8.545522388059702
12:27:58,1556,8.543181818181818
12:27:59,1556,8.543181818181818
12:28:00,1556,8.542879110480246
12:28:01,1557,8.542879110480246
12:28:02,1558,8.542281323877068
12:28:03,1558,8.542281323877068
12:28:04,1558,8.54487361209544
12:28:05,1559,8.54487361209544
12:28:06,1559,8.54487361209544
12:28:07,1559,8.54487361209544
12:28:08,1559,8.544593956562796
12:28:09,1559,8.544593956562796
12:28:10,1560,8.546154753479593
12:28:11,1560,8.546154753479593
12:28:12,1560,8.546154753479593
12:28:13,1561,8.546154753479593
12:28:14,1561,8.546154753479593
12:28:15,1561,8.546154753479593
12:28:16,1561,8.546154753479593
12:28:17,1561,8.546154753479593
12:28:18,1561,8.544106553512496
12:28:19,1562,8.544106553512496
12:28:20,1562,8.546454652532391
12:28:21,1562,8.546454652532391
12:28:22,1562,8.546454652532391
12:28:23,1562,8.543997175141243
12:28:24,1562,8.543997175141243
12:28:25,1562,8.543997175141243
12:28:26,1562,8.543997175141243
12:28:27,1562,8.543997175141243
12:28:28,1562,8.543997175141243
12:28:29,1562,8.543997175141243
12:28:30,1562,8.543997175141243
12:28:31,1562,8.543997175141243
12:28:32,1562,8.546118560338744
12:28:33,1562,8.546027268453221
12:28:34,1562,8.546027268453221
12:28:35,1562,8.546027268453221
12:28:36,1562,8.546027268453221
12:28:37,1562,8.546027268453221
12:28:38,1562,8.546027268453221
12:28:39,1562,8.549471458773784
12:28:40,1562,8.548791079812208
12:28:41,1562,8.548791079812208
12:28:42,1562,8.548791079812208
12:28:43,1562,8.551864883884587
12:28:44,1563,8.551864883884587
12:28:45,1564,8.551864883884587
12:28:46,1564,8.552168307548055
12:28:47,1565,8.552168307548055
12:28:48,1565,8.552168307548055
12:28:49,1565,8.54992972593113
12:28:50,1565,8.54992972593113
12:28:51,1565,8.551381086142323
12:28:52,1565,8.551381086142323
12:28:53,1565,8.551087719298245
12:28:54,1566,8.55404394576905
12:28:55,1566,8.55404394576905
12:28:56,1566,8.55404394576905
12:28:57,1566,8.55404394576905
12:28:58,1566,8.55404394576905
12:28:59,1566,8.556085026862883
12:29:00,1566,8.556085026862883
12:29:01,1566,8.556085026862883
12:29:02,1567,8.556085026862883
12:29:03,1567,8.556085026862883
12:29:04,1567,8.556085026862883
12:29:05,1567,8.556085026862883
12:29:06,1567,8.556085026862883
12:29:07,1567,8.555917366946778
12:29:08,1567,8.555917366946778
12:29:09,1567,8.555917366946778
12:29:10,1567,8.555917366946778
12:29:11,1567,8.555917366946778
12:29:12,1567,8.55728947982272
12:29:13,1567,8.55728947982272
12:29:14,1567,8.55728947982272
12:29:15,1567,8.554895104895106
12:29:16,1567,8.554895104895106
12:29:17,1568,8.554895104895106
12:29:18,1568,8.554895104895106
12:29:19,1568,8.554895104895106
12:29:20,1569,8.55708129513161
12:29:21,1571,8.55708129513161
12:29:22,1571,8.55708129513161
12:29:23,1571,8.55708129513161
12:29:24,1571,8.55708129513161
12:29:25,1573,8.556121973929237
12:29:26,1574,8.556121973929237
12:29:27,1574,8.556121973929237
12:29:28,1574,8.556121973929237
12:29:29,1574,8.556121973929237
12:29:30,1575,8.559583624098627
12:29:31,1575,8.559583624098627
12:29:32,1575,8.562029288702927
12:29:33,1576,8.562029288702927
12:29:34,1577,8.562029288702927
12:29:35,1577,8.562029288702927
12:29:36,1577,8.562029288702927
12:29:37,1577,8.56418118466899
12:29:38,1579,8.56418118466899
12:29:39,1579,8.56418118466899
12:29:40,1579,8.56418118466899
12:29:41,1579,8.561768802228412
12:29:42,1579,8.561482254697287
12:29:43,1580,8.561482254697287
12:29:44,1580,8.561482254697287
12:29:45,1580,8.560083449235048
12:29:46,1580,8.560083449235048
12:29:47,1581,8.560083449235048
12:29:48,1581,8.560083449235048
12:29:49,1581,8.562195969423211
12:29:50,1581,8.562195969423211
12:29:51,1582,8.563645833333334
12:29:52,1582,8.563645833333334
12:29:53,1582,8.563645833333334
12:29:54,1582,8.563645833333334
12:29:55,1583,8.563578533425861
12:29:56,1583,8.563578533425861
12:29:57,1583,8.563578533425861
12:29:58,1583,8.564795564795565
12:29:59,1584,8.564795564795565
12:30:00,1584,8.564795564795565
12:30:01,1584,8.563042474607572
12:30:02,1584,8.563042474607572
12:30:03,1585,8.563042474607572
12:30:04,1585,8.563042474607572
12:30:05,1585,8.560184544405997
12:30:06,1586,8.560184544405997
12:30:07,1586,8.560184544405997
12:30:08,1586,8.560972798524665
12:30:09,1586,8.560972798524665
12:30:10,1586,8.560972798524665
12:30:11,1586,8.560972798524665
12:30:12,1587,8.563303386316516
12:30:13,1587,8.563303386316516
12:30:14,1587,8.563303386316516
12:30:15,1587,8.563303386316516
12:30:16,1588,8.563303386316516
12:30:17,1589,8.563303386316516
12:30:18,1589,8.562338858195211
12:30:19,1589,8.562338858195211
12:30:20,1589,8.560754543363238
12:30:21,1590,8.560754543363238
12:30:22,1591,8.56496551724138
12:30:23,1591,8.56496551724138
12:30:24,1592,8.56496551724138
12:30:25,1592,8.567068688260969
12:30:26,1592,8.568468778696053
12:30:27,1592,8.568468778696053
12:30:28,1592,8.568468778696053
12:30:29,1592,8.568468778696053
12:30:30,1592,8.567676072493692
12:30:31,1592,8.567676072493692
12:30:32,1592,8.567676072493692
12:30:33,1592,8.56940623567171
12:30:34,1592,8.56940623567171
12:30:35,1592,8.56940623567171
12:30:36,1593,8.56940623567171
12:30:37,1593,8.56940623567171
12:30:38,1593,8.56940623567171
12:30:39,1593,8.56940623567171
12:30:40,1593,8.56940623567171
12:30:41,1594,8.56940623567171
12:30:42,1594,8.56940623567171
12:30:43,1594,8.571534936998855
12:30:44,1594,8.571534936998855
12:30:45,1594,8.571534936998855
12:30:46,1595,8.57032967032967
12:30:47,1595,8.57032967032967
12:30:48,1595,8.57032967032967
12:30:49,1595,8.568817204301075
12:30:50,1595,8.568817204301075
12:30:51,1596,8.568817204301075
12:30:52,1596,8.568817204301075
12:30:53,1596,8.568850022862367
12:30:54,1596,8.568850022862367
12:30:55,1597,8.568850022862367
12:30:56,1597,8.568850022862367
12:30:57,1597,8.568850022862367
12:30:58,1597,8.568928489833219
12:30:59,1597,8.568928489833219
12:31:00,1597,8.569406392694065
12:31:01,1598,8.56720282911248
12:31:02,1598,8.568091655266757
12:31:03,1598,8.568091655266757
12:31:04,1598,8.571907040328092
12:31:05,1598,8.571174863387977
12:31:06,1599,8.571174863387977
12:31:07,1600,8.571174863387977
12:31:08,1600,8.571174863387977
12:31:09,1600,8.571174863387977
12:31:10,1600,8.571174863387977
12:31:11,1601,8.571174863387977
12:31:12,1601,8.570693970420933
12:31:13,1601,8.570693970420933
12:31:14,1601,8.570693970420933
12:31:15,1601,8.570693970420933
12:31:16,1601,8.570693970420933
12:31:17,1601,8.570693970420933
12:31:18,1601,8.57194179172351
12:31:19,1602,8.57194179172351
12:31:20,1602,8.57194179172351
12:31:21,1602,8.575351952770209
12:31:22,1603,8.575351952770209
12:31:23,1603,8.575351952770209
12:31:24,1605,8.573746312684365
12:31:25,1605,8.573746312684365
12:31:26,1606,8.573746312684365
12:31:27,1606,8.57595238095238
12:31:28,1608,8.57595238095238
12:31:29,1608,8.57595238095238
12:31:30,1609,8.57595238095238
12:31:31,1610,8.57595238095238
12:31:32,1611,8.57595238095238
12:31:33,1611,8.578484024473147
12:31:34,1611,8.578484024473147
12:31:35,1614,8.578484024473147
12:31:36,1614,8.578484024473147
12:31:37,1614,8.578484024473147
12:31:38,1615,8.578484024473147
12:31:39,1616,8.57695179904956
12:31:40,1618,8.57695179904956
12:31:41,1618,8.575146992311172
12:31:42,1619,8.575146992311172
12:31:43,1620,8.575146992311172
12:31:44,1621,8.575146992311172
12:31:45,1621,8.575146992311172
12:31:46,1622,8.575146992311172
12:31:47,1623,8.575146992311172
12:31:48,1623,8.575146992311172
12:31:49,1624,8.575146992311172
12:31:50,1624,8.575146992311172
12:31:51,1625,8.57271186440678
12:31:52,1625,8.57271186440678
12:31:53,1625,8.57271186440678
12:31:54,1627,8.57271186440678
12:31:55,1627,8.57271186440678
12:31:56,1628,8.576603432700994
12:31:57,1630,8.576603432700994
12:31:58,1631,8.576603432700994
12:31:59,1632,8.576603432700994
12:32:00,1632,8.576229138475417
12:32:01,1633,8.576229138475417
12:32:02,1633,8.578104575163398
12:32:03,1633,8.578104575163398
12:32:04,1633,8.578104575163398
12:32:05,1634,8.578104575163398
12:32:06,1634,8.578104575163398
12:32:07,1634,8.578104575163398
12:32:08,1635,8.578963963963963
12:32:09,1635,8.578963963963963
12:32:10,1635,8.581285167679495
12:32:11,1636,8.581285167679495
12:32:12,1636,8.579734592892487
12:32:13,1637,8.579734592892487
12:32:14,1637,8.579860642841087
12:32:15,1637,8.579860642841087
12:32:16,1637,8.579860642841087
12:32:17,1638,8.582109164420485
12:32:18,1638,8.582109164420485
12:32:19,1639,8.582109164420485
12:32:20,1639,8.580561167227835
12:32:21,1639,8.580561167227835
12:32:22,1639,8.580561167227835
12:32:23,1639,8.580561167227835
12:32:24,1639,8.580561167227835
12:32:25,1640,8.580561167227835
12:32:26,1640,8.580561167227835
12:32:27,1640,8.580561167227835
12:32:28,1641,8.580561167227835
12:32:29,1641,8.582806545617576
12:32:30,1641,8.582806545617576
12:32:31,1642,8.581182795698926
12:32:32,1642,8.581182795698926
12:32:33,1643,8.582393104992166
12:32:34,1643,8.582550335570469
12:32:35,1644,8.582550335570469
12:32:36,1644,8.582550335570469
12:32:37,1644,8.582550335570469
12:32:38,1645,8.582550335570469
12:32:39,1645,8.582550335570469
12:32:40,1645,8.582550335570469
12:32:41,1646,8.582550335570469
12:32:42,1647,8.582550335570469
12:32:43,1647,8.582550335570469
12:32:44,1648,8.58114241001565
12:32:45,1648,8.58114241001565
12:32:46,1648,8.580261394101877
12:32:47,1650,8.580261394101877
12:32:48,1650,8.580261394101877
12:32:49,1650,8.580261394101877
12:32:50,1650,8.580261394101877
12:32:51,1650,8.580261394101877
12:32:52,1650,8.581100692118778
12:32:53,1650,8.581100692118778
12:32:54,1650,8.581100692118778
12:32:55,1650,8.581100692118778
12:32:56,1650,8.581100692118778
12:32:57,1650,8.581459170013385
12:32:58,1650,8.581583054626533
12:32:59,1650,8.581583054626533
12:33:00,1650,8.581583054626533
12:33:01,1650,8.581583054626533
12:33:02,1650,8.581583054626533
12:33:03,1650,8.580637254901962
12:33:04,1650,8.580637254901962
12:33:05,1650,8.580637254901962
12:33:06,1650,8.581963927855712
12:33:07,1650,8.581963927855712
12:33:08,1650,8.581963927855712
12:33:09,1650,8.581963927855712
12:33:10,1650,8.581963927855712
12:33:11,1651,8.581963927855712
12:33:12,1651,8.581963927855712
12:33:13,1651,8.581963927855712
12:33:14,1652,8.581963927855712
12:33:15,1653,8.581963927855712
12:33:16,1653,8.581963927855712
12:33:17,1653,8.584201157098354
12:33:18,1653,8.584201157098354
12:33:19,1653,8.584201157098354
12:33:20,1653,8.582254836557704
12:33:21,1653,8.583977777777779
12:33:22,1653,8.585009993337774
12:33:23,1653,8.585009993337774
12:33:24,1653,8.585009993337774
12:33:25,1653,8.584010208610742
12:33:26,1653,8.584010208610742
12:33:27,1653,8.584010208610742
12:33:28,1653,8.584010208610742
12:33:29,1653,8.584010208610742
12:33:30,1653,8.584010208610742
12:33:31,1654,8.584010208610742
12:33:32,1655,8.585750720780661
12:33:33,1656,8.584020390070922
12:33:34,1656,8.584020390070922
12:33:35,1656,8.584020390070922
12:33:36,1657,8.582602436323366
12:33:37,1657,8.582602436323366
12:33:38,1658,8.582602436323366
12:33:39,1658,8.582791417827913
12:33:40,1658,8.582791417827913
12:33:41,1658,8.585256410256411
12:33:42,1659,8.585256410256411
12:33:43,1660,8.58546357615894
12:33:44,1660,8.58546357615894
12:33:45,1662,8.58546357615894
12:33:46,1662,8.58546357615894
12:33:47,1663,8.58546357615894
12:33:48,1664,8.584259872049415
12:33:49,1665,8.584259872049415
12:33:50,1665,8.584259872049415
12:33:51,1665,8.584259872049415
12:33:52,1665,8.586529982363317
12:33:53,1665,8.586529982363317
12:33:54,1665,8.586529982363317
12:33:55,1666,8.586529982363317
12:33:56,1666,8.586529982363317
12:33:57,1667,8.586529982363317
12:33:58,1667,8.587541308658295
12:33:59,1667,8.587541308658295
12:34:00,1667,8.587541308658295
12:34:01,1667,8.587541308658295
12:34:02,1667,8.587541308658295
12:34:03,1667,8.587541308658295
12:34:04,1667,8.587541308658295
12:34:05,1667,8.587541308658295
12:34:06,1667,8.587541308658295
12:34:07,1668,8.584819462791723
12:34:08,1668,8.584819462791723
12:34:09,1668,8.584819462791723
12:34:10,1668,8.582926561125769
12:34:11,1669,8.582926561125769
12:34:12,1669,8.582926561125769
12:34:13,1669,8.581949022192925
12:34:14,1669,8.581949022192925
12:34:15,1669,8.582465963987703
12:34:16,1670,8.582465963987703
12:34:17,1671,8.582465963987703
12:34:18,1671,8.582465963987703
12:34:19,1671,8.582465963987703
12:34:20,1671,8.582465963987703
12:34:21,1672,8.582465963987703
12:34:22,1672,8.582465963987703
12:34:23,1672,8.580019749835419
12:34:24,1673,8.580019749835419
12:34:25,1673,8.580019749835419
12:34:26,1674,8.580019749835419
12:34:27,1674,8.582554824561404
12:34:28,1674,8.584966031119878
12:34:29,1674,8.584966031119878
12:34:30,1674,8.584966031119878
12:34:31,1674,8.584966031119878
12:34:32,1674,8.584966031119878
12:34:33,1674,8.585292186474065
12:34:34,1674,8.585292186474065
12:34:35,1674,8.585292186474065
12:34:36,1674,8.586472003499562
12:34:37,1674,8.586472003499562
12:34:38,1674,8.586472003499562
12:34:39,1674,8.586472003499562
12:34:40,1674,8.586472003499562
12:34:41,1674,8.586472003499562
12:34:42,1674,8.586472003499562
12:34:43,1674,8.586472003499562
12:34:44,1674,8.586472003499562
12:34:45,1675,8.586472003499562
12:34:46,1675,8.586472003499562
12:34:47,1675,8.587934426229507
12:34:48,1675,8.587934426229507
12:34:49,1675,8.587934426229507
12:34:50,1675,8.587934426229507
12:34:51,1675,8.587934426229507
12:34:52,1675,8.587934426229507
12:34:53,1675,8.585430318916558
12:34:54,1675,8.585430318916558
12:34:55,1675,8.585430318916558
12:34:56,1676,8.586258458851779
12:34:57,1676,8.586540139616057
12:34:58,1676,8.586540139616057
12:34:59,1676,8.586540139616057
12:35:00,1676,8.585513407455855
12:35:01,1676,8.587505446623092
12:35:02,1676,8.587505446623092
12:35:03,1677,8.585902460265622
12:35:04,1677,8.585902460265622
12:35:05,1677,8.585902460265622
12:35:06,1677,8.585902460265622
12:35:07,1678,8.585902460265622
12:35:08,1678,8.585902460265622
12:35:09,1679,8.585902460265622
12:35:10,1679,8.585902460265622
12:35:11,1680,8.586422976501305
12:35:12,1681,8.586422976501305
12:35:13,1682,8.586422976501305
12:35:14,1682,8.586422976501305
12:35:15,1683,8.586422976501305
12:35:16,1683,8.586422976501305
12:35:17,1683,8.586422976501305
12:35:18,1683,8.584453141987389
12:35:19,1685,8.58489787049109
12:35:20,1685,8.58489787049109
12:35:21,1685,8.585732899022803
12:35:22,1685,8.585732899022803
12:35:23,1685,8.585732899022803
12:35:24,1686,8.587706163194444
12:35:25,1686,8.587706163194444
12:35:26,1686,8.587706163194444
12:35:27,1687,8.587706163194444
12:35:28,1688,8.587706163194444
12:35:29,1688,8.587706163194444
12:35:30,1688,8.587706163194444
12:35:31,1688,8.587706163194444
12:35:32,1689,8.587706163194444
12:35:33,1689,8.589123834309259
12:35:34,1689,8.589304291287387
12:35:35,1689,8.589304291287387
12:35:36,1689,8.589304291287387
12:35:37,1689,8.589274891774892
12:35:38,1689,8.589274891774892
12:35:39,1689,8.589274891774892
12:35:40,1689,8.591336794289422
12:35:41,1689,8.591336794289422
12:35:42,1690,8.591336794289422
12:35:43,1690,8.588694336359707
12:35:44,1690,8.588694336359707
12:35:45,1691,8.589274141283216
12:35:46,1691,8.589274141283216
12:35:47,1691,8.589274141283216
12:35:48,1691,8.589274141283216
12:35:49,1691,8.589274141283216
12:35:50,1691,8.589274141283216
12:35:51,1692,8.589274141283216
12:35:52,1692,8.589928756476684
12:35:53,1692,8.587907227615966
12:35:54,1692,8.589456662354463
12:35:55,1692,8.589456662354463
12:35:56,1692,8.589456662354463
12:35:57,1693,8.589456662354463
12:35:58,1693,8.589456662354463
12:35:59,1693,8.589456662354463
12:36:00,1694,8.590379228614523
12:36:01,1695,8.590379228614523
12:36:02,1695,8.590379228614523
12:36:03,1695,8.590379228614523
12:36:04,1695,8.590379228614523
12:36:05,1696,8.590379228614523
12:36:06,1697,8.590379228614523
12:36:07,1697,8.590379228614523
12:36:08,1698,8.591171403962102
12:36:09,1698,8.591171403962102
12:36:10,1699,8.592177749085431
12:36:11,1699,8.593376344086021
12:36:12,1700,8.59097356544165
12:36:13,1700,8.59097356544165
12:36:14,1701,8.59097356544165
12:36:15,1702,8.592203608247422
12:36:16,1703,8.592203608247422
12:36:17,1704,8.592203608247422
12:36:18,1705,8.592203608247422
12:36:19,1706,8.593324747799956
12:36:20,1706,8.593324747799956
12:36:21,1706,8.593324747799956
12:36:22,1706,8.593324747799956
12:36:23,1706,8.593324747799956
12:36:24,1706,8.595380493033225
12:36:25,1706,8.595380493033225
12:36:26,1706,8.595380493033225
12:36:27,1706,8.595380493033225
12:36:28,1706,8.595380493033225
12:36:29,1706,8.595380493033225
12:36:30,1706,8.595380493033225
12:36:31,1706,8.595265638389032
12:36:32,1707,8.595265638389032
12:36:33,1707,8.595265638389032
12:36:34,1708,8.595265638389032
12:36:35,1708,8.595265638389032
12:36:36,1708,8.596478270177693
12:36:37,1708,8.596478270177693
12:36:38,1708,8.596478270177693
12:36:39,1708,8.596478270177693
12:36:40,1708,8.596478270177693
12:36:41,1710,8.596478270177693
12:36:42,1710,8.5956675224647
12:36:43,1710,8.594227068633739
12:36:44,1710,8.595405982905984
12:36:45,1711,8.595405982905984
12:36:46,1711,8.59363655776212
12:36:47,1711,8.59363655776212
12:36:48,1711,8.59363655776212
12:36:49,1711,8.59363655776212
12:36:50,1711,8.59363655776212
12:36:51,1711,8.59363655776212
12:36:52,1711,8.59363655776212
12:36:53,1711,8.594963721724286
12:36:54,1711,8.594963721724286
12:36:55,1711,8.594963721724286
12:36:56,1711,8.594963721724286
12:36:57,1711,8.594963721724286
12:36:58,1711,8.594963721724286
12:36:59,1712,8.593431435274047
12:37:00,1712,8.591528132992327
12:37:01,1712,8.591528132992327
12:37:02,1713,8.591528132992327
12:37:03,1713,8.591991480298189
12:37:04,1713,8.591991480298189
12:37:05,1713,8.591991480298189
12:37:06,1713,8.593603661132397
12:37:07,1714,8.593603661132397
12:37:08,1714,8.593603661132397
12:37:09,1714,8.593603661132397
12:37:10,1716,8.593603661132397
12:37:11,1716,8.593603661132397
12:37:12,1716,8.593603661132397
12:37:13,1716,8.595213784301214
12:37:14,1717,8.595213784301214
12:37:15,1717,8.595213784301214
12:37:16,1717,8.595213784301214
12:37:17,1717,8.592489908646696
12:37:18,1719,8.592489908646696
12:37:19,1719,8.592489908646696
12:37:20,1719,8.590966029723992
12:37:21,1719,8.590966029723992
12:37:22,1719,8.590966029723992
12:37:23,1719,8.590966029723992
12:37:24,1719,8.590966029723992
12:37:25,1719,8.590966029723992
12:37:26,1719,8.590966029723992
12:37:27,1719,8.590966029723992
12:37:28,1719,8.593394826123834
12:37:29,1719,8.593394826123834
12:37:30,1719,8.593394826123834
12:37:31,1719,8.593394826123834
12:37:32,1719,8.593394826123834
12:37:33,1719,8.593394826123834
12:37:34,1719,8.593394826123834
12:37:35,1720,8.593394826123834
12:37:36,1720,8.593394826123834
12:37:37,1721,8.592757306226174
12:37:38,1721,8.592757306226174
12:37:39,1723,8.592757306226174
12:37:40,1723,8.589530456852792
12:37:41,1723,8.589530456852792
12:37:42,1724,8.589530456852792
12:37:43,1724,8.589737898964279
12:37:44,1724,8.589737898964279
12:37:45,1725,8.589737898964279
12:37:46,1725,8.589737898964279
12:37:47,1725,8.59133924799324
12:37:48,1725,8.592273590880303
12:37:49,1725,8.592273590880303
12:37:50,1726,8.592273590880303
12:37:51,1726,8.590559071729958
12:37:52,1726,8.590559071729958
12:37:53,1727,8.590559071729958
12:37:54,1727,8.590559071729958
12:37:55,1727,8.590559071729958
12:37:56,1728,8.590559071729958
12:37:57,1728,8.590559071729958
12:37:58,1728,8.591735188699136
12:37:59,1729,8.591735188699136
12:38:00,1729,8.591735188699136
12:38:01,1729,8.591735188699136
12:38:02,1729,8.591735188699136
12:38:03,1729,8.591735188699136
12:38:04,1729,8.591735188699136
12:38:05,1729,8.591735188699136
12:38:06,1730,8.591735188699136
12:38:07,1730,8.591735188699136
12:38:08,1730,8.591735188699136
12:38:09,1730,8.589833544037084
12:38:10,1730,8.589833544037084
12:38:11,1730,8.589833544037084
12:38:12,1730,8.589833544037084
12:38:13,1730,8.58838702884818
12:38:14,1730,8.590393518518518
12:38:15,1730,8.590393518518518
12:38:16,1731,8.59
12:38:17,1731,8.590216477511559
12:38:18,1731,8.590216477511559
12:38:19,1732,8.590216477511559
12:38:20,1732,8.590216477511559
12:38:21,1733,8.590216477511559
12:38:22,1733,8.591220331863052
12:38:23,1733,8.593345927791772
12:38:24,1733,8.593345927791772
12:38:25,1734,8.593345927791772
12:38:26,1734,8.593345927791772
12:38:27,1734,8.593345927791772
12:38:28,1734,8.593224250052446
12:38:29,1734,8.591457023060796
12:38:30,1734,8.591457023060796
12:38:31,1734,8.591457023060796
12:38:32,1734,8.590142468049445
12:38:33,1734,8.590142468049445
12:38:34,1734,8.590142468049445
12:38:35,1734,8.590142468049445
12:38:36,1735,8.589907872696816
12:38:37,1735,8.588847039129524
12:38:38,1735,8.588847039129524
12:38:39,1735,8.588847039129524
12:38:40,1736,8.588847039129524
12:38:41,1736,8.588847039129524
12:38:42,1736,8.587567963195315
12:38:43,1736,8.587567963195315
12:38:44,1736,8.587567963195315
12:38:45,1736,8.587567963195315
12:38:46,1736,8.587567963195315
12:38:47,1736,8.587567963195315
12:38:48,1736,8.587567963195315
12:38:49,1736,8.587567963195315
12:38:50,1736,8.587567963195315
12:38:51,1736,8.587567963195315
12:38:52,1736,8.587567963195315
12:38:53,1737,8.587567963195315
12:38:54,1738,8.587567963195315
12:38:55,1738,8.587567963195315
12:38:56,1739,8.58632183908046
12:38:57,1740,8.58632183908046
12:38:58,1741,8.58632183908046
12:38:59,1742,8.58632183908046
12:39:00,1743,8.58632183908046
12:39:01,1744,8.586205096073517
12:39:02,1744,8.584731788770613
12:39:03,1744,8.584731788770613
12:39:04,1745,8.585304547350855
12:39:05,1745,8.584219303731498
12:39:06,1746,8.584219303731498
12:39:07,1747,8.585333333333333
12:39:08,1747,8.585333333333333
12:39:09,1747,8.585333333333333
12:39:10,1747,8.585333333333333
12:39:11,1748,8.587536412817311
12:39:12,1748,8.587536412817311
12:39:13,1748,8.587536412817311
12:39:14,1749,8.589426076107298
12:39:15,1749,8.589426076107298
12:39:16,1750,8.589426076107298
12:39:17,1750,8.588206566916044
12:39:18,1750,8.588206566916044
12:39:19,1751,8.586635514018692
12:39:20,1752,8.586635514018692
12:39:21,1752,8.586635514018692
12:39:22,1753,8.586635514018692
12:39:23,1753,8.586635514018692
12:39:24,1754,8.586635514018692
12:39:25,1754,8.586635514018692
12:39:26,1754,8.586635514018692
12:39:27,1754,8.586635514018692
12:39:28,1755,8.586635514018692
12:39:29,1755,8.586635514018692
12:39:30,1755,8.586635514018692
12:39:31,1755,8.586635514018692
12:39:32,1756,8.587577833125778
12:39:33,1756,8.587577833125778
12:39:34,1756,8.587577833125778
12:39:35,1757,8.588964945032151
12:39:36,1757,8.588964945032151
12:39:37,1757,8.588964945032151
12:39:38,1757,8.588964945032151
12:39:39,1757,8.589666252072968
12:39:40,1757,8.589666252072968
12:39:41,1758,8.589666252072968
12:39:42,1758,8.589666252072968
12:39:43,1758,8.589666252072968
12:39:44,1759,8.589666252072968
12:39:45,1759,8.589666252072968
12:39:46,1759,8.589666252072968
12:39:47,1759,8.589247980111871
12:39:48,1760,8.589247980111871
12:39:49,1760,8.589247980111871
12:39:50,1760,8.589247980111871
12:39:51,1760,8.58860248447205
12:39:52,1760,8.588454376163872
12:39:53,1760,8.588454376163872
12:39:54,1760,8.588454376163872
12:39:55,1760,8.588454376163872
12:39:56,1760,8.588454376163872
12:39:57,1760,8.588454376163872
12:39:58,1760,8.588454376163872
12:39:59,1760,8.589536807278742
12:40:00,1760,8.589536807278742
12:40:01,1760,8.589536807278742
12:40:02,1761,8.589536807278742
12:40:03,1761,8.589536807278742
12:40:04,1761,8.589536807278742
12:40:05,1762,8.589536807278742
12:40:06,1763,8.587817730936143
12:40:07,1763,8.588228004956628
12:40:08,1764,8.588307533539732
12:40:09,1764,8.588307533539732
12:40:10,1765,8.588307533539732
12:40:11,1765,8.587056518151815
12:40:12,1765,8.587056518151815
12:40:13,1765,8.587056518151815
12:40:14,1766,8.587056518151815
12:40:15,1766,8.587056518151815
12:40:16,1767,8.587793572311496
12:40:17,1767,8.587793572311496
12:40:18,1768,8.587793572311496
12:40:19,1768,8.587793572311496
12:40:20,1769,8.587793572311496
12:40:21,1769,8.587793572311496
12:40:22,1770,8.587793572311496
12:40:23,1770,8.587793572311496
12:40:24,1770,8.587793572311496
12:40:25,1770,8.587793572311496
12:40:26,1771,8.587793572311496
12:40:27,1772,8.587793572311496
12:40:28,1772,8.587793572311496
12:40:29,1772,8.587793572311496
12:40:30,1773,8.587793572311496
12:40:31,1773,8.587793572311496
12:40:32,1773,8.587793572311496
12:40:33,1773,8.587793572311496
12:40:34,1773,8.58858348774964
12:40:35,1774,8.58993827160494
12:40:36,1774,8.58993827160494
12:40:37,1774,8.58993827160494
12:40:38,1774,8.58993827160494
12:40:39,1775,8.588659263828912
12:40:40,1775,8.588659263828912
12:40:41,1775,8.588659263828912
12:40:42,1778,8.589005343197698
12:40:43,1778,8.589005343197698
12:40:44,1778,8.590193058122818
12:40:45,1780,8.590193058122818
12:40:46,1780,8.590193058122818
12:40:47,1780,8.590193058122818
12:40:48,1782,8.590193058122818
12:40:49,1782,8.590193058122818
12:40:50,1782,8.59053776683087
12:40:51,1782,8.59053776683087
12:40:52,1782,8.59053776683087
12:40:53,1782,8.591261538461538
12:40:54,1782,8.591261538461538
12:40:55,1782,8.591261538461538
12:40:56,1783,8.591758917589177
12:40:57,1783,8.591651300962917
12:40:58,1784,8.591651300962917
12:40:59,1784,8.590192465192466
12:41:00,1784,8.590192465192466
12:41:01,1784,8.590192465192466
12:41:02,1785,8.590628197258033
12:41:03,1785,8.588936605316974
12:41:04,1785,8.588936605316974
12:41:05,1785,8.588936605316974
12:41:06,1786,8.588936605316974
12:41:07,1786,8.588936605316974
12:41:08,1786,8.590884937666054
12:41:09,1787,8.589818218954248
12:41:10,1787,8.589818218954248
12:41:11,1787,8.589818218954248
12:41:12,1788,8.589818218954248
12:41:13,1788,8.589818218954248
12:41:14,1789,8.589818218954248
12:41:15,1790,8.590538885486835
12:41:16,1790,8.590538885486835
12:41:17,1791,8.590973072215423
12:41:18,1791,8.590973072215423
12:41:19,1791,8.590973072215423
12:41:20,1791,8.590973072215423
12:41:21,1791,8.590973072215423
12:41:22,1791,8.590973072215423
12:41:23,1791,8.590973072215423
12:41:24,1791,8.592517838939859
12:41:25,1791,8.59108598207009
12:41:26,1791,8.59108598207009
12:41:27,1791,8.5930869476685
12:41:28,1791,8.5930869476685
12:41:29,1792,8.591717541717541
12:41:30,1792,8.592861500915193
12:41:31,1792,8.592861500915193
12:41:32,1792,8.592861500915193
12:41:33,1792,8.592861500915193
12:41:34,1792,8.592861500915193
12:41:35,1792,8.592861500915193
12:41:36,1792,8.592861500915193
12:41:37,1792,8.592861500915193
12:41:38,1792,8.592861500915193
12:41:39,1792,8.592861500915193
12:41:40,1793,8.592861500915193
12:41:41,1793,8.593882113821138
12:41:42,1793,8.593882113821138
12:41:43,1794,8.593882113821138
12:41:44,1794,8.593845216331506
12:41:45,1794,8.593845216331506
12:41:46,1794,8.591930572472593
12:41:47,1795,8.591930572472593
12:41:48,1795,8.591930572472593
12:41:49,1795,8.591930572472593
12:41:50,1795,8.591930572472593
12:41:51,1795,8.591930572472593
12:41:52,1795,8.5929498884155
12:41:53,1795,8.5929498884155
12:41:54,1795,8.5929498884155
12:41:55,1795,8.5929498884155
12:41:56,1795,8.5929498884155
12:41:57,1795,8.5929498884155
12:41:58,1795,8.5929498884155
12:41:59,1795,8.593998377939984
12:42:00,1795,8.593998377939984
12:42:01,1795,8.593998377939984
12:42:02,1795,8.593998377939984
12:42:03,1795,8.593998377939984
12:42:04,1795,8.594772036474163
12:42:05,1795,8.594772036474163
12:42:06,1795,8.593337383556095
12:42:07,1796,8.593337383556095
12:42:08,1796,8.593337383556095
12:42:09,1798,8.593337383556095
12:42:10,1798,8.593337383556095
12:42:11,1798,8.593337383556095
12:42:12,1798,8.593337383556095
12:42:13,1799,8.593337383556095
12:42:14,1799,8.593337383556095
12:42:15,1799,8.594282533900019
12:42:16,1800,8.594282533900019
12:42:17,1800,8.594282533900019
12:42:18,1801,8.595337783171521
12:42:19,1801,8.5965736810188
12:42:20,1801,8.595666666666666
12:42:21,1802,8.595666666666666
12:42:22,1803,8.594642857142857
12:42:23,1803,8.594642857142857
12:42:24,1804,8.594646098003631
12:42:25,1804,8.594646098003631
12:42:26,1805,8.594646098003631
12:42:27,1805,8.595888754534462
12:42:28,1805,8.595888754534462
12:42:29,1806,8.595888754534462
12:42:30,1806,8.595888754534462
12:42:31,1806,8.595888754534462
12:42:32,1807,8.59730110775428
12:42:33,1807,8.59669887278583
12:42:34,1807,8.597596057131362
12:42:35,1807,8.597596057131362
12:42:36,1808,8.597596057131362
12:42:37,1809,8.597596057131362
12:42:38,1809,8.597596057131362
12:42:39,1809,8.596270607157217
12:42:40,1809,8.596270607157217
12:42:41,1811,8.596270607157217
12:42:42,1811,8.597779787020293
12:42:43,1811,8.597779787020293
12:42:44,1811,8.597779787020293
12:42:45,1812,8.597779787020293
12:42:46,1813,8.597779787020293
12:42:47,1813,8.597779787020293
12:42:48,1813,8.597779787020293
12:42:49,1814,8.597779787020293
12:42:50,1814,8.597779787020293
12:42:51,1814,8.597779787020293
12:42:52,1814,8.597779787020293
12:42:53,1814,8.597779787020293
12:42:54,1814,8.599216867469881
12:42:55,1814,8.599216867469881
12:42:56,1815,8.599216867469881
12:42:57,1815,8.598213927353
12:42:58,1816,8.598213927353
12:42:59,1816,8.598213927353
12:43:00,1816,8.598213927353
12:43:01,1816,8.598213927353
12:43:02,1816,8.598636181307661
12:43:03,1816,8.598636181307661
12:43:04,1816,8.598636181307661
12:43:05,1816,8.598636181307661
12:43:06,1816,8.598636181307661
12:43:07,1816,8.598636181307661
12:43:08,1816,8.598636181307661
12:43:09,1816,8.597704950891963
12:43:10,1816,8.597325721153846
12:43:11,1816,8.597325721153846
12:43:12,1816,8.597325721153846
12:43:13,1818,8.598779511804723
12:43:14,1818,8.598779511804723
12:43:15,1818,8.598779511804723
12:43:16,1818,8.598779511804723
12:43:17,1818,8.598779511804723
12:43:18,1818,8.598779511804723
12:43:19,1818,8.598779511804723
12:43:20,1818,8.598000399920016
12:43:21,1818,8.598000399920016
12:43:22,1818,8.599400479616309
12:43:23,1818,8.600039944078292
12:43:24,1818,8.601926147704592
12:43:25,1818,8.601926147704592
12:43:26,1818,8.601926147704592
12:43:27,1818,8.601926147704592
12:43:28,1818,8.603670456812289
12:43:29,1818,8.603670456812289
12:43:30,1819,8.603670456812289
12:43:31,1819,8.603670456812289
12:43:32,1819,8.604366028708135
12:43:33,1820,8.604366028708135
12:43:34,1820,8.604366028708135
12:43:35,1820,8.604366028708135
12:43:36,1820,8.604366028708135
12:43:37,1820,8.605718270571828
12:43:38,1820,8.605718270571828
12:43:39,1820,8.605718270571828
12:43:40,1820,8.605718270571828
12:43:41,1821,8.605718270571828
12:43:42,1821,8.605718270571828
12:43:43,1822,8.605718270571828
12:43:44,1822,8.605718270571828
12:43:45,1823,8.603793309438469
12:43:46,1823,8.604507462686568
12:43:47,1825,8.604507462686568
12:43:48,1825,8.604507462686568
12:43:49,1825,8.603858392999204
12:43:50,1826,8.603858392999204
12:43:51,1827,8.603858392999204
12:43:52,1827,8.603858392999204
12:43:53,1827,8.603858392999204
12:43:54,1828,8.604512025442258
12:43:55,1829,8.604512025442258
12:43:56,1830,8.604512025442258
12:43:57,1830,8.605065554231228
12:43:58,1830,8.605065554231228
12:43:59,1830,8.605065554231228
12:44:00,1831,8.606154457018068
12:44:01,1831,8.606154457018068
12:44:02,1831,8.605109126984127
12:44:03,1831,8.605109126984127
12:44:04,1831,8.605109126984127
12:44:05,1831,8.605109126984127
12:44:06,1831,8.605109126984127
12:44:07,1831,8.605109126984127
12:44:08,1831,8.605109126984127
12:44:09,1831,8.605109126984127
12:44:10,1831,8.605109126984127
12:44:11,1831,8.606761848106286
12:44:12,1831,8.606761848106286
12:44:13,1831,8.606761848106286
12:44:14,1831,8.608561236623068
12:44:15,1831,8.608561236623068
12:44:16,1831,8.608561236623068
12:44:17,1831,8.607664884135472
12:44:18,1831,8.607664884135472
12:44:19,1831,8.607664884135472
12:44:20,1832,8.607664884135472
12:44:21,1832,8.607664884135472
12:44:22,1832,8.607664884135472
12:44:23,1833,8.607664884135472
12:44:24,1833,8.607664884135472
12:44:25,1833,8.607664884135472
12:44:26,1834,8.608788598574822
12:44:27,1834,8.608788598574822
12:44:28,1834,8.608788598574822
12:44:29,1834,8.608788598574822
12:44:30,1835,8.608862512363997
12:44:31,1835,8.610092922103599
12:44:32,1835,8.610092922103599
12:44:33,1836,8.610610551274451
12:44:34,1836,8.610610551274451
12:44:35,1836,8.609853870458135
12:44:36,1837,8.609853870458135
12:44:37,1837,8.610798816568046
12:44:38,1837,8.610798816568046
12:44:39,1837,8.610798816568046
12:44:40,1837,8.610798816568046
12:44:41,1837,8.610798816568046
12:44:42,1837,8.610798816568046
12:44:43,1838,8.610798816568046
12:44:44,1838,8.610798816568046
12:44:45,1838,8.610798816568046
12:44:46,1838,8.610798816568046
12:44:47,1838,8.610798816568046
12:44:48,1838,8.612369406662726
12:44:49,1839,8.611052009456266
12:44:50,1839,8.609933057688522
12:44:51,1840,8.610005903187721
12:44:52,1840,8.610005903187721
12:44:53,1840,8.610005903187721
12:44:54,1840,8.610005903187721
12:44:55,1840,8.610005903187721
12:44:56,1840,8.610005903187721
12:44:57,1841,8.610005903187721
12:44:58,1841,8.610005903187721
12:44:59,1841,8.610005903187721
12:45:00,1841,8.610005903187721
12:45:01,1841,8.610005903187721
12:45:02,1842,8.610005903187721
12:45:03,1842,8.610137659783677
12:45:04,1842,8.610137659783677
12:45:05,1842,8.610137659783677
12:45:06,1843,8.610137659783677
12:45:07,1843,8.610137659783677
12:45:08,1843,8.608451257861637
12:45:09,1843,8.608451257861637
12:45:10,1843,8.608451257861637
12:45:11,1843,8.608451257861637
12:45:12,1843,8.610184639560007
12:45:13,1843,8.610184639560007
12:45:14,1843,8.609848930743574
12:45:15,1843,8.609848930743574
12:45:16,1843,8.609848930743574
12:45:17,1843,8.609848930743574
12:45:18,1843,8.61056862745098
12:45:19,1843,8.61056862745098
12:45:20,1843,8.61056862745098
12:45:21,1843,8.611395257691553
12:45:22,1843,8.611395257691553
12:45:23,1843,8.61316098707403
12:45:24,1843,8.61174398120963
12:45:25,1843,8.61174398120963
12:45:26,1843,8.61261737089202
12:45:27,1843,8.61261737089202
12:45:28,1844,8.61261737089202
12:45:29,1844,8.611984359726296
12:45:30,1844,8.611984359726296
12:45:31,1844,8.611984359726296
12:45:32,1844,8.611984359726296
12:45:33,1844,8.611984359726296
12:45:34,1844,8.611984359726296
12:45:35,1846,8.611984359726296
12:45:36,1846,8.611984359726296
12:45:37,1846,8.61491793669402
12:45:38,1846,8.61491793669402
12:45:39,1846,8.614352665495021
12:45:40,1846,8.614352665495021
12:45:41,1846,8.614352665495021
12:45:42,1846,8.614352665495021
12:45:43,1847,8.614352665495021
12:45:44,1848,8.614352665495021
12:45:45,1849,8.613095238095239
12:45:46,1849,8.612999804954164
12:45:47,1849,8.612999804954164
12:45:48,1849,8.612999804954164
12:45:49,1849,8.612999804954164
12:45:50,1849,8.612999804954164
12:45:51,1849,8.612999804954164
12:45:52,1850,8.612999804954164
12:45:53,1850,8.61280701754386
12:45:54,1850,8.61280701754386
12:45:55,1851,8.61280701754386
12:45:56,1851,8.61316968634327
12:45:57,1851,8.61316968634327
12:45:58,1852,8.61316968634327
12:45:59,1853,8.61316968634327
12:46:00,1853,8.612451323987539
12:46:01,1854,8.612451323987539
12:46:02,1854,8.612451323987539
12:46:03,1855,8.612451323987539
12:46:04,1856,8.612451323987539
12:46:05,1856,8.613738081338782
12:46:06,1856,8.612835472578762
12:46:07,1857,8.612835472578762
12:46:08,1858,8.612835472578762
12:46:09,1858,8.612835472578762
12:46:10,1858,8.61617103984451
12:46:11,1859,8.61617103984451
12:46:12,1859,8.618045843045843
12:46:13,1859,8.618045843045843
12:46:14,1860,8.618045843045843
12:46:15,1860,8.618045843045843
12:46:16,1860,8.619470314318976
12:46:17,1860,8.619470314318976
12:46:18,1860,8.619470314318976
12:46:19,1861,8.619470314318976
12:46:20,1861,8.61888565891473
12:46:21,1861,8.61888565891473
12:46:22,1861,8.61888565891473
12:46:23,1861,8.61957195429014
12:46:24,1861,8.61957195429014
12:46:25,1861,8.61957195429014
12:46:26,1862,8.61957195429014
12:46:27,1862,8.61957195429014
12:46:28,1862,8.61957195429014
12:46:29,1862,8.619328300425861
12:46:30,1863,8.619328300425861
12:46:31,1863,8.619328300425861
12:46:32,1863,8.619328300425861
12:46:33,1864,8.618388469723351
12:46:34,1864,8.618388469723351
12:46:35,1864,8.618388469723351
12:46:36,1865,8.618388469723351
12:46:37,1865,8.618388469723351
12:46:38,1865,8.618388469723351
12:46:39,1866,8.618388469723351
12:46:40,1866,8.618388469723351
12:46:41,1866,8.618388469723351
12:46:42,1867,8.618388469723351
12:46:43,1867,8.618388469723351
12:46:44,1867,8.618513147718485
12:46:45,1867,8.618513147718485
12:46:46,1867,8.620019323671498
12:46:47,1867,8.618404789494013
12:46:48,1867,8.618404789494013
12:46:49,1867,8.618404789494013
12:46:50,1867,8.618404789494013
12:46:51,1867,8.618404789494013
12:46:52,1867,8.618404789494013
12:46:53,1867,8.618404789494013
12:46:54,1867,8.617998455896545
12:46:55,1867,8.617998455896545
12:46:56,1867,8.617998455896545
12:46:57,1867,8.617998455896545
12:46:58,1867,8.617998455896545
12:46:59,1867,8.617998455896545
12:47:00,1867,8.617998455896545
12:47:01,1868,8.617998455896545
12:47:02,1868,8.619077932098767
12:47:03,1868,8.618006554848659
12:47:04,1868,8.618006554848659
12:47:05,1868,8.618006554848659
12:47:06,1868,8.617890173410405
12:47:07,1868,8.617890173410405
12:47:08,1869,8.617890173410405
12:47:09,1869,8.619651453880225
12:47:10,1869,8.6201597382602
12:47:11,1869,8.6201597382602
12:47:12,1869,8.6201597382602
12:47:13,1869,8.619859588382381
12:47:14,1869,8.619859588382381
12:47:15,1869,8.619859588382381
12:47:16,1869,8.619859588382381
12:47:17,1869,8.619859588382381
12:47:18,1869,8.619859588382381
12:47:19,1870,8.619859588382381
12:47:20,1870,8.619846301633045
12:47:21,1870,8.619846301633045
12:47:22,1870,8.619846301633045
12:47:23,1870,8.619846301633045
12:47:24,1871,8.619846301633045
12:47:25,1871,8.619258832565285
12:47:26,1872,8.619258832565285
12:47:27,1873,8.618815966225293
12:47:28,1873,8.618815966225293
12:47:29,1873,8.618815966225293
12:47:30,1874,8.618815966225293
12:47:31,1874,8.618815966225293
12:47:32,1875,8.618815966225293
12:47:33,1875,8.618815966225293
12:47:34,1875,8.618815966225293
12:47:35,1876,8.618824319140774
12:47:36,1876,8.618824319140774
12:47:37,1876,8.618824319140774
12:47:38,1877,8.618824319140774
12:47:39,1877,8.617855089131686
12:47:40,1877,8.617855089131686
12:47:41,1877,8.617855089131686
12:47:42,1877,8.617855089131686
12:47:43,1877,8.620017231476163
12:47:44,1878,8.621651358591658
12:47:45,1878,8.621651358591658
12:47:46,1878,8.621651358591658
12:47:47,1879,8.621651358591658
12:47:48,1879,8.621651358591658
12:47:49,1879,8.621651358591658
12:47:50,1879,8.621651358591658
12:47:51,1879,8.623340982979537
12:47:52,1881,8.623340982979537
12:47:53,1881,8.62273509174312
12:47:54,1881,8.622702960840495
12:47:55,1881,8.622702960840495
12:47:56,1883,8.622702960840495
12:47:57,1883,8.622842688048873
12:47:58,1883,8.622842688048873
12:47:59,1884,8.624117534821599
12:48:00,1885,8.624117534821599
12:48:01,1885,8.625305110602593
12:48:02,1885,8.625305110602593
12:48:03,1885,8.625305110602593
12:48:04,1885,8.625305110602593
12:48:05,1885,8.625305110602593
12:48:06,1885,8.625305110602593
12:48:07,1885,8.625305110602593
12:48:08,1885,8.625305110602593
12:48:09,1885,8.625305110602593
12:48:10,1885,8.625305110602593
12:48:11,1886,8.625305110602593
12:48:12,1886,8.625305110602593
12:48:13,1886,8.625305110602593
12:48:14,1886,8.625305110602593
12:48:15,1886,8.625305110602593
12:48:16,1886,8.625305110602593
12:48:17,1886,8.625305110602593
12:48:18,1886,8.625547932151706
12:48:19,1886,8.626647619047619
12:48:20,1886,8.626647619047619
12:48:21,1886,8.62623262897392
12:48:22,1886,8.62623262897392
12:48:23,1886,8.62623262897392
12:48:24,1886,8.62623262897392
12:48:25,1886,8.627825342465753
12:48:26,1886,8.627825342465753
12:48:27,1886,8.627825342465753
12:48:28,1886,8.625171037628279
12:48:29,1886,8.62468186134853
12:48:30,1886,8.62468186134853
12:48:31,1886,8.623035307517084
12:48:32,1886,8.623035307517084
12:48:33,1886,8.623035307517084
12:48:34,1886,8.623035307517084
12:48:35,1886,8.623035307517084
12:48:36,1886,8.623035307517084
12:48:37,1886,8.623035307517084
12:48:38,1887,8.623035307517084
12:48:39,1887,8.623035307517084
12:48:40,1887,8.623035307517084
12:48:41,1887,8.62368620755075
12:48:42,1888,8.62368620755075
12:48:43,1888,8.623302995828594
12:48:44,1888,8.625042637862423
12:48:45,1889,8.625042637862423
12:48:46,1890,8.625042637862423
12:48:47,1890,8.626354166666665
12:48:48,1890,8.626354166666665
12:48:49,1890,8.626354166666665
12:48:50,1891,8.626642059435927
12:48:51,1891,8.626642059435927
12:48:52,1891,8.626642059435927
12:48:53,1892,8.626642059435927
12:48:54,1892,8.626642059435927
12:48:55,1892,8.626642059435927
12:48:56,1892,8.626642059435927
12:48:57,1892,8.626642059435927
12:48:58,1893,8.626642059435927
12:48:59,1893,8.626642059435927
12:49:00,1893,8.626642059435927
12:49:01,1893,8.626642059435927
12:49:02,1895,8.626642059435927
12:49:03,1895,8.626778282255012
12:49:04,1896,8.626778282255012
12:49:05,1897,8.626778282255012
12:49:06,1897,8.626105442176872
12:49:07,1897,8.626105442176872
12:49:08,1898,8.626723323890463
12:49:09,1898,8.626723323890463
12:49:10,1899,8.626723323890463
12:49:11,1900,8.626723323890463
12:49:12,1900,8.626723323890463
12:49:13,1900,8.626723323890463
12:49:14,1901,8.626723323890463
12:49:15,1901,8.626723323890463
12:49:16,1901,8.626723323890463
12:49:17,1902,8.626723323890463
12:49:18,1903,8.626415628539071
12:49:19,1903,8.626415628539071
12:49:20,1904,8.626415628539071
12:49:21,1906,8.626415628539071
12:49:22,1906,8.626428975664968
12:49:23,1907,8.626428975664968
12:49:24,1908,8.627234162895927
12:49:25,1908,8.628264556246467
12:49:26,1908,8.628264556246467
12:49:27,1908,8.628264556246467
12:49:28,1910,8.628264556246467
12:49:29,1910,8.628264556246467
12:49:30,1911,8.628295668549905
12:49:31,1913,8.628295668549905
12:49:32,1913,8.628295668549905
12:49:33,1913,8.63091610233258
12:49:34,1915,8.63091610233258
12:49:35,1915,8.63091610233258
12:49:36,1915,8.630870464373002
12:49:37,1916,8.62990417136415
12:49:38,1916,8.62990417136415
12:49:39,1916,8.629276995305164
12:49:40,1917,8.629276995305164
12:49:41,1917,8.629673423423423
12:49:42,1917,8.629673423423423
12:49:43,1918,8.629673423423423
12:49:44,1918,8.629673423423423
12:49:45,1919,8.629673423423423
12:49:46,1919,8.629673423423423
12:49:47,1920,8.629673423423423
12:49:48,1920,8.629673423423423
12:49:49,1921,8.629673423423423
12:49:50,1922,8.629673423423423
12:49:51,1922,8.629673423423423
12:49:52,1923,8.629673423423423
12:49:53,1924,8.629673423423423
12:49:54,1924,8.629673423423423
12:49:55,1924,8.630256987432002
12:49:56,1925,8.630256987432002
12:49:57,1926,8.63075697957654
12:49:58,1926,8.63075697957654
12:49:59,1927,8.628710462287104
12:50:00,1927,8.628710462287104
12:50:01,1928,8.628710462287104
12:50:02,1928,8.629068462401795
12:50:03,1929,8.629068462401795
12:50:04,1929,8.629068462401795
12:50:05,1930,8.629068462401795
12:50:06,1930,8.629068462401795
12:50:07,1931,8.629068462401795
12:50:08,1931,8.630472985604786
12:50:09,1932,8.630472985604786
12:50:10,1932,8.630472985604786
12:50:11,1932,8.630472985604786
12:50:12,1933,8.630472985604786
12:50:13,1933,8.630472985604786
12:50:14,1933,8.631970121381887
12:50:15,1933,8.631970121381887
12:50:16,1935,8.631970121381887
12:50:17,1936,8.631345651362448
12:50:18,1936,8.631029658645776
12:50:19,1936,8.631029658645776
12:50:20,1938,8.631029658645776
12:50:21,1938,8.630322520507084
12:50:22,1938,8.630322520507084
12:50:23,1938,8.63157355679702
12:50:24,1938,8.63157355679702
12:50:25,1939,8.63157355679702
12:50:26,1939,8.63157355679702
12:50:27,1939,8.63157355679702
12:50:28,1940,8.63157355679702
12:50:29,1940,8.63157355679702
12:50:30,1940,8.631146473106272
12:50:31,1940,8.631146473106272
12:50:32,1940,8.631146473106272
12:50:33,1940,8.631146473106272
12:50:34,1940,8.631146473106272
12:50:35,1940,8.631146473106272
12:50:36,1940,8.631146473106272
12:50:37,1941,8.631146473106272
12:50:38,1941,8.631146473106272
12:50:39,1941,8.631146473106272
12:50:40,1941,8.631146473106272
12:50:41,1941,8.631146473106272
12:50:42,1941,8.631146473106272
12:50:43,1941,8.631146473106272
12:50:44,1941,8.631146473106272
12:50:45,1941,8.631146473106272
12:50:46,1941,8.631146473106272
12:50:47,1941,8.62989211309524
12:50:48,1941,8.62989211309524
12:50:49,1941,8.630414575199852
12:50:50,1942,8.631354515050166
12:50:51,1942,8.631354515050166
12:50:52,1942,8.631354515050166
12:50:53,1942,8.631354515050166
12:50:54,1942,8.631354515050166
12:50:55,1942,8.631354515050166
12:50:56,1942,8.631354515050166
12:50:57,1942,8.631354515050166
12:50:58,1943,8.632627669452182
12:50:59,1943,8.632627669452182
12:51:00,1943,8.632627669452182
12:51:01,1943,8.63144023756496
12:51:02,1943,8.632229641995918
12:51:03,1943,8.632229641995918
12:51:04,1943,8.633518724508713
12:51:05,1943,8.632324074074074
12:51:06,1943,8.632324074074074
12:51:07,1943,8.632065519156024
12:51:08,1944,8.632065519156024
12:51:09,1944,8.631391046984833
12:51:10,1944,8.631391046984833
12:51:11,1944,8.631391046984833
12:51:12,1944,8.633361064891847
12:51:13,1944,8.633361064891847
12:51:14,1944,8.633361064891847
12:51:15,1944,8.633019216555802
12:51:16,1944,8.633019216555802
12:51:17,1944,8.633019216555802
12:51:18,1944,8.634127423822715
12:51:19,1944,8.6328165374677
12:51:20,1944,8.6328165374677
12:51:21,1944,8.6328165374677
12:51:22,1944,8.633333333333333
12:51:23,1944,8.633333333333333
12:51:24,1945,8.634245943952802
12:51:25,1945,8.634245943952802
12:51:26,1945,8.634245943952802
12:51:27,1945,8.634245943952802
12:51:28,1946,8.634245943952802
12:51:29,1946,8.634245943952802
12:51:30,1946,8.634245943952802
12:51:31,1946,8.634245943952802
12:51:32,1946,8.634245943952802
12:51:33,1946,8.634245943952802
12:51:34,1946,8.634245943952802
12:51:35,1946,8.634245943952802
12:51:36,1946,8.632854247282108
12:51:37,1946,8.632854247282108
12:51:38,1946,8.63196132596685
12:51:39,1946,8.63196132596685
12:51:40,1946,8.63196132596685
12:51:41,1946,8.632817964292288
12:51:42,1946,8.632817964292288
12:51:43,1946,8.632817964292288
12:51:44,1946,8.632817964292288
12:51:45,1946,8.632817964292288
12:51:46,1946,8.632817964292288
12:51:47,1946,8.632817964292288
12:51:48,1946,8.632817964292288
12:51:49,1946,8.632817964292288
12:51:50,1946,8.632817964292288
12:51:51,1947,8.632817964292288
12:51:52,1947,8.632817964292288
12:51:53,1947,8.633903291046149
12:51:54,1947,8.633903291046149
12:51:55,1947,8.633903291046149
12:51:56,1948,8.635436179981635
12:51:57,1948,8.635436179981635
12:51:58,1948,8.635436179981635
12:51:59,1948,8.635436179981635
12:52:00,1948,8.635436179981635
12:52:01,1948,8.635811306901616
12:52:02,1948,8.635811306901616
12:52:03,1948,8.635811306901616
12:52:04,1948,8.635525591634563
12:52:05,1948,8.635525591634563
12:52:06,1948,8.635525591634563
12:52:07,1949,8.635525591634563
12:52:08,1949,8.635525591634563
12:52:09,1949,8.635525591634563
12:52:10,1949,8.635525591634563
12:52:11,1949,8.634158415841584
12:52:12,1949,8.634158415841584
12:52:13,1949,8.633919736118747
12:52:14,1949,8.633919736118747
12:52:15,1949,8.633919736118747
12:52:16,1950,8.634642857142858
12:52:17,1950,8.634642857142858
12:52:18,1950,8.63573128317774
12:52:19,1950,8.63573128317774
12:52:20,1951,8.63573128317774
12:52:21,1951,8.63790706183681
12:52:22,1951,8.63790706183681
12:52:23,1951,8.636597184128727
12:52:24,1952,8.636597184128727
12:52:25,1952,8.636597184128727
12:52:26,1952,8.636597184128727
12:52:27,1953,8.637436038011696
12:52:28,1953,8.637436038011696
12:52:29,1954,8.635972602739725
12:52:30,1954,8.636783497626872
12:52:31,1954,8.636783497626872
12:52:32,1954,8.636783497626872
12:52:33,1955,8.636783497626872
12:52:34,1955,8.636783497626872
12:52:35,1955,8.636783497626872
12:52:36,1955,8.637000547345375
12:52:37,1955,8.637000547345375
12:52:38,1955,8.637000547345375
12:52:39,1955,8.637000547345375
12:52:40,1956,8.637000547345375
12:52:41,1956,8.637000547345375
12:52:42,1956,8.636796063422635
12:52:43,1956,8.636796063422635
12:52:44,1956,8.636976320582878
12:52:45,1957,8.636976320582878
12:52:46,1957,8.636437283815765
12:52:47,1957,8.636437283815765
12:52:48,1957,8.636437283815765
12:52:49,1957,8.636437283815765
12:52:50,1958,8.636437283815765
12:52:51,1958,8.636437283815765
12:52:52,1958,8.636437283815765
12:52:53,1958,8.635443959243085
12:52:54,1958,8.635443959243085
12:52:55,1958,8.635443959243085
12:52:56,1958,8.6373431533006
12:52:57,1958,8.6373431533006
12:52:58,1959,8.6373431533006
12:52:59,1959,8.6373431533006
12:53:00,1960,8.637350054525626
12:53:01,1960,8.637350054525626
12:53:02,1960,8.63564940962761
12:53:03,1961,8.635984023238926
12:53:04,1961,8.635984023238926
12:53:05,1962,8.635984023238926
12:53:06,1962,8.635782979495554
12:53:07,1962,8.635782979495554
12:53:08,1962,8.635782979495554
12:53:09,1962,8.635782979495554
12:53:10,1962,8.635782979495554
12:53:11,1963,8.635782979495554
12:53:12,1963,8.635782979495554
12:53:13,1963,8.635782979495554
12:53:14,1964,8.635782979495554
12:53:15,1964,8.635782979495554
12:53:16,1964,8.635782979495554
12:53:17,1964,8.636996735582155
12:53:18,1964,8.636996735582155
12:53:19,1964,8.636405655247417
12:53:20,1964,8.636405655247417
12:53:21,1964,8.636405655247417
12:53:22,1965,8.637705956907476
12:53:23,1965,8.637705956907476
12:53:24,1965,8.637705956907476
12:53:25,1965,8.637260224393774
12:53:26,1965,8.637260224393774
12:53:27,1966,8.637260224393774
12:53:28,1966,8.637260224393774
12:53:29,1966,8.637260224393774
12:53:30,1966,8.638723096400797
12:53:31,1966,8.638723096400797
12:53:32,1967,8.63661424439624
12:53:33,1967,8.63661424439624
12:53:34,1967,8.63661424439624
12:53:35,1967,8.635022583559168
12:53:36,1968,8.635022583559168
12:53:37,1968,8.635022583559168
12:53:38,1968,8.635022583559168
12:53:39,1968,8.635022583559168
12:53:40,1969,8.635022583559168
12:53:41,1969,8.63506681112315
12:53:42,1969,8.635174156289478
12:53:43,1969,8.635174156289478
12:53:44,1970,8.634352453102453
12:53:45,1971,8.634352453102453
12:53:46,1971,8.634352453102453
12:53:47,1971,8.634352453102453
12:53:48,1971,8.634352453102453
12:53:49,1971,8.634352453102453
12:53:50,1971,8.634352453102453
12:53:51,1971,8.632089417703263
12:53:52,1971,8.632089417703263
12:53:53,1971,8.632089417703263
12:53:54,1971,8.632936936936938
12:53:55,1971,8.632936936936938
12:53:56,1971,8.632936936936938
12:53:57,1971,8.632936936936938
12:53:58,1971,8.632936936936938
12:53:59,1971,8.632936936936938
12:54:00,1971,8.632936936936938
12:54:01,1972,8.631766612641815
12:54:02,1972,8.631766612641815
12:54:03,1972,8.631766612641815
12:54:04,1972,8.63200215866163
12:54:05,1972,8.63200215866163
12:54:06,1972,8.633054656598347
12:54:07,1972,8.633054656598347
12:54:08,1972,8.633054656598347
12:54:09,1972,8.631132075471697
12:54:10,1972,8.631132075471697
12:54:11,1972,8.631132075471697
12:54:12,1972,8.632058189655172
12:54:13,1972,8.632058189655172
12:54:14,1972,8.632058189655172
12:54:15,1972,8.631807574941663
12:54:16,1972,8.631807574941663
12:54:17,1972,8.631807574941663
12:54:18,1972,8.631807574941663
12:54:19,1972,8.631807574941663
12:54:20,1972,8.631807574941663
12:54:21,1973,8.631807574941663
12:54:22,1973,8.631807574941663
12:54:23,1973,8.631807574941663
12:54:24,1973,8.631807574941663
12:54:25,1974,8.631807574941663
12:54:26,1974,8.631807574941663
12:54:27,1974,8.631807574941663
12:54:28,1974,8.6313598851812
12:54:29,1974,8.631423704500628
12:54:30,1974,8.631423704500628
12:54:31,1975,8.631423704500628
12:54:32,1975,8.631423704500628
12:54:33,1975,8.630994623655914
12:54:34,1975,8.630994623655914
12:54:35,1975,8.630994623655914
12:54:36,1976,8.630091348737238
12:54:37,1976,8.630091348737238
12:54:38,1976,8.630091348737238
12:54:39,1976,8.630091348737238
12:54:40,1976,8.631220909416397
12:54:41,1976,8.631928788692074
12:54:42,1976,8.631974248927039
12:54:43,1976,8.631974248927039
12:54:44,1976,8.630823508395855
12:54:45,1977,8.630823508395855
12:54:46,1977,8.630823508395855
12:54:47,1978,8.630823508395855
12:54:48,1979,8.630823508395855
12:54:49,1979,8.630823508395855
12:54:50,1979,8.630823508395855
12:54:51,1979,8.630823508395855
12:54:52,1980,8.630823508395855
12:54:53,1980,8.630823508395855
12:54:54,1981,8.630823508395855
12:54:55,1981,8.630823508395855
12:54:56,1981,8.629566148901981
12:54:57,1981,8.629566148901981
12:54:58,1982,8.629566148901981
12:54:59,1982,8.629566148901981
12:55:00,1982,8.62997858672377
12:55:01,1982,8.62997858672377
12:55:02,1982,8.62940966648832
12:55:03,1982,8.62940966648832
12:55:04,1983,8.628600713012478
12:55:05,1984,8.628600713012478
12:55:06,1984,8.628600713012478
12:55:07,1984,8.628727952966328
12:55:08,1985,8.628727952966328
12:55:09,1985,8.628727952966328
12:55:10,1985,8.628727952966328
12:55:11,1986,8.628727952966328
12:55:12,1986,8.628727952966328
12:55:13,1986,8.62707443019943
12:55:14,1986,8.62707443019943
12:55:15,1986,8.625467164975975
12:55:16,1986,8.625467164975975
12:55:17,1987,8.625515830665243
12:55:18,1988,8.625515830665243
12:55:19,1988,8.625515830665243
12:55:20,1988,8.625515830665243
12:55:21,1988,8.624835555555556
12:55:22,1989,8.624835555555556
12:55:23,1990,8.624835555555556
12:55:24,1990,8.62453802416489
12:55:25,1990,8.62453802416489
12:55:26,1991,8.623521576984551
12:55:27,1991,8.623521576984551
12:55:28,1991,8.623521576984551
12:55:29,1991,8.623521576984551
12:55:30,1991,8.623521576984551
12:55:31,1991,8.623997160099398
12:55:32,1992,8.622627284016321
12:55:33,1992,8.622627284016321
12:55:34,1992,8.622627284016321
12:55:35,1993,8.622627284016321
12:55:36,1993,8.622597517730496
12:55:37,1993,8.622597517730496
12:55:38,1993,8.622635494155155
12:55:39,1993,8.622635494155155
12:55:40,1993,8.622635494155155
12:55:41,1993,8.622635494155155
12:55:42,1993,8.622635494155155
12:55:43,1993,8.622635494155155
12:55:44,1993,8.62511063905116
12:55:45,1993,8.62511063905116
12:55:46,1994,8.62511063905116
12:55:47,1994,8.624000353857042
12:55:48,1994,8.624000353857042
12:55:49,1994,8.624000353857042
12:55:50,1994,8.623572060123784
12:55:51,1994,8.623572060123784
12:55:52,1994,8.623572060123784
12:55:53,1994,8.623572060123784
12:55:54,1994,8.623572060123784
12:55:55,1994,8.623572060123784
12:55:56,1994,8.623572060123784
12:55:57,1995,8.623572060123784
12:55:58,1995,8.623572060123784
12:55:59,1995,8.623572060123784
12:56:00,1996,8.623572060123784
12:56:01,1996,8.623572060123784
12:56:02,1996,8.623572060123784
12:56:03,1996,8.622021915871333
12:56:04,1997,8.622021915871333
12:56:05,1998,8.622557851969617
12:56:06,1998,8.622557851969617
12:56:07,1998,8.622557851969617
12:56:08,1998,8.622557851969617
12:56:09,1998,8.622557851969617
12:56:10,1998,8.622557851969617
12:56:11,1998,8.62176906779661
12:56:12,1998,8.62176906779661
12:56:13,1998,8.62176906779661
12:56:14,1998,8.62176906779661
12:56:15,1998,8.62176906779661
12:56:16,1998,8.621475207340746
12:56:17,1998,8.621475207340746
12:56:18,1998,8.621475207340746
12:56:19,1998,8.620705467372135
12:56:20,1998,8.620705467372135
12:56:21,1998,8.619451789176802
12:56:22,1998,8.618261099365752
12:56:23,1998,8.618261099365752
12:56:24,1998,8.618261099365752
12:56:25,1998,8.61767916886776
12:56:26,1998,8.61767916886776
12:56:27,1998,8.61767916886776
12:56:28,1998,8.61770503343893
12:56:29,1998,8.61770503343893
12:56:30,1998,8.61770503343893
12:56:31,1998,8.61770503343893
12:56:32,1998,8.61770503343893
12:56:33,1998,8.61770503343893
12:56:34,1998,8.61770503343893
12:56:35,1998,8.61770503343893
12:56:36,1998,8.616912928759895
12:56:37,1998,8.616912928759895
12:56:38,1998,8.616912928759895
12:56:39,1999,8.616912928759895
12:56:40,1999,8.616912928759895
12:56:41,1999,8.616912928759895
12:56:42,1999,8.617246835443039
12:56:43,1999,8.617246835443039
12:56:44,1999,8.617246835443039
12:56:45,2000,8.61650852222808
12:56:46,2000,8.61650852222808
12:56:47,2000,8.61650852222808
12:56:48,2000,8.615981735159817
12:56:49,2001,8.615981735159817
12:56:50,2001,8.617526315789473
12:56:51,2001,8.617526315789473
12:56:52,2001,8.617526315789473
12:56:53,2001,8.617148869016308
12:56:54,2002,8.617148869016308
12:56:55,2002,8.617148869016308
12:56:56,2002,8.61648274654055
12:56:57,2002,8.61648274654055
12:56:58,2003,8.614610673665792
12:56:59,2003,8.614610673665792
12:57:00,2003,8.614610673665792
12:57:01,2003,8.614610673665792
12:57:02,2003,8.614610673665792
12:57:03,2004,8.614610673665792
12:57:04,2005,8.61393844001399
12:57:05,2005,8.61393844001399
12:57:06,2005,8.61393844001399
12:57:07,2005,8.61393844001399
12:57:08,2005,8.61393844001399
12:57:09,2005,8.61393844001399
12:57:10,2005,8.61393844001399
12:57:11,2005,8.61393844001399
12:57:12,2005,8.61393844001399
12:57:13,2005,8.614315679077086
12:57:14,2005,8.614315679077086
12:57:15,2005,8.614072327044026
12:57:16,2005,8.614072327044026
12:57:17,2005,8.613593504452592
12:57:18,2006,8.613593504452592
12:57:19,2006,8.613593504452592
12:57:20,2006,8.613593504452592
12:57:21,2007,8.613593504452592
12:57:22,2007,8.61397174254317
12:57:23,2007,8.61397174254317
12:57:24,2007,8.61397174254317
12:57:25,2008,8.61316248256625
12:57:26,2009,8.61316248256625
12:57:27,2009,8.61316248256625
12:57:28,2009,8.61316248256625
12:57:29,2009,8.61316248256625
12:57:30,2009,8.610768426555149
12:57:31,2009,8.610614768373388
12:57:32,2010,8.610614768373388
12:57:33,2010,8.60992519137091
12:57:34,2010,8.60992519137091
12:57:35,2010,8.60992519137091
12:57:36,2010,8.60992519137091
12:57:37,2010,8.609511389323595
12:57:38,2011,8.609511389323595
12:57:39,2011,8.609511389323595
12:57:40,2012,8.609511389323595
12:57:41,2012,8.609511389323595
12:57:42,2012,8.609511389323595
12:57:43,2012,8.609511389323595
12:57:44,2012,8.609511389323595
12:57:45,2012,8.609428223844281
12:57:46,2012,8.609428223844281
12:57:47,2012,8.609428223844281
12:57:48,2012,8.608936946326212
12:57:49,2012,8.608936946326212
12:57:50,2012,8.608936946326212
12:57:51,2012,8.608936946326212
12:57:52,2012,8.608936946326212
12:57:53,2012,8.608680555555557
12:57:54,2012,8.608680555555557
12:57:55,2012,8.608680555555557
12:57:56,2012,8.60836801942421
12:57:57,2013,8.60836801942421
12:57:58,2013,8.60836801942421
12:57:59,2014,8.60836801942421
12:58:00,2014,8.607037614837928
12:58:01,2014,8.607037614837928
12:58:02,2014,8.607037614837928
12:58:03,2015,8.607037614837928
12:58:04,2015,8.607037614837928
12:58:05,2015,8.606658008658009
12:58:06,2015,8.606658008658009
12:58:07,2015,8.606645898234683
12:58:08,2015,8.606645898234683
12:58:09,2015,8.606645898234683
12:58:10,2016,8.606645898234683
12:58:11,2016,8.606645898234683
12:58:12,2016,8.606645898234683
12:58:13,2016,8.606645898234683
12:58:14,2016,8.606645898234683
12:58:15,2016,8.606645898234683
12:58:16,2016,8.604168828922331
12:58:17,2016,8.604168828922331
12:58:18,2017,8.604168828922331
12:58:19,2017,8.604659405255878
12:58:20,2017,8.60314335060449
12:58:21,2018,8.60314335060449
12:58:22,2018,8.602874158467115
12:58:23,2018,8.602874158467115
12:58:24,2018,8.602874158467115
12:58:25,2019,8.602874158467115
12:58:26,2019,8.602874158467115
12:58:27,2019,8.602874158467115
12:58:28,2019,8.602874158467115
12:58:29,2021,8.602874158467115
12:58:30,2021,8.602874158467115
12:58:31,2021,8.602874158467115
12:58:32,2021,8.602874158467115
12:58:33,2022,8.602874158467115
12:58:34,2022,8.602874158467115
12:58:35,2022,8.602874158467115
12:58:36,2022,8.602874158467115
12:58:37,2023,8.601552795031056
12:58:38,2023,8.601552795031056
12:58:39,2023,8.601552795031056
12:58:40,2023,8.6015856601172
12:58:41,2023,8.6015856601172
12:58:42,2024,8.601662360034453
12:58:43,2024,8.601662360034453
12:58:44,2024,8.601662360034453
12:58:45,2024,8.601662360034453
12:58:46,2025,8.601662360034453
12:58:47,2025,8.603228305785125
12:58:48,2025,8.601583204267769
12:58:49,2026,8.601583204267769
12:58:50,2026,8.601583204267769
12:58:51,2026,8.601583204267769
12:58:52,2026,8.601583204267769
12:58:53,2026,8.6015737874097
12:58:54,2026,8.6015737874097
12:58:55,2027,8.6015737874097
12:58:56,2027,8.6015737874097
12:58:57,2027,8.601736290183943
12:58:58,2027,8.601736290183943
12:58:59,2027,8.601736290183943
12:59:00,2027,8.601736290183943
12:59:01,2027,8.601736290183943
12:59:02,2027,8.601736290183943
12:59:03,2027,8.601736290183943
12:59:04,2027,8.601736290183943
12:59:05,2027,8.601736290183943
12:59:06,2027,8.601736290183943
12:59:07,2027,8.602491408934707
12:59:08,2027,8.600867250558132
12:59:09,2027,8.600867250558132
12:59:10,2027,8.599219018194301
12:59:11,2027,8.598095728255275
12:59:12,2027,8.598095728255275
12:59:13,2027,8.597822359396433
12:59:14,2027,8.597822359396433
12:59:15,2027,8.597822359396433
12:59:16,2027,8.597822359396433
12:59:17,2027,8.597822359396433
12:59:18,2027,8.597822359396433
12:59:19,2027,8.597822359396433
12:59:20,2027,8.595732647814911
12:59:21,2027,8.595732647814911
12:59:22,2027,8.593353888317917
12:59:23,2027,8.593353888317917
12:59:24,2027,8.593353888317917
12:59:25,2027,8.593353888317917
12:59:26,2027,8.593353888317917
12:59:27,2027,8.593353888317917
12:59:28,2027,8.593353888317917
12:59:29,2027,8.592852251326828
12:59:30,2027,8.593283709787816
12:59:31,2027,8.593283709787816
12:59:32,2027,8.593283709787816
12:59:33,2027,8.593283709787816
12:59:34,2027,8.593283709787816
12:59:35,2027,8.593283709787816
12:59:36,2027,8.593283709787816
12:59:37,2027,8.593283709787816
12:59:38,2028,8.594869163673678
12:59:39,2028,8.594869163673678
12:59:40,2028,8.594869163673678
12:59:41,2029,8.595726495726495
12:59:42,2029,8.596070391252349
12:59:43,2029,8.593681693989073
12:59:44,2030,8.593681693989073
12:59:45,2030,8.593681693989073
12:59:46,2030,8.592643795869602
12:59:47,2030,8.592643795869602
12:59:48,2030,8.592643795869602
12:59:49,2033,8.592643795869602
12:59:50,2033,8.591044012282499
12:59:51,2033,8.590929241261723
12:59:52,2033,8.590929241261723
12:59:53,2035,8.590929241261723
12:59:54,2035,8.590929241261723
12:59:55,2035,8.590929241261723
12:59:56,2035,8.590929241261723
12:59:57,2035,8.590929241261723
12:59:58,2035,8.590929241261723
12:59:59,2035,8.589579072937969
13:00:00,2035,8.589579072937969
13:00:01,2035,8.586237438255834
13:00:02,2035,8.586237438255834
13:00:03,2035,8.58589547156963
13:00:04,2035,8.585392206908287
13:00:05,2035,8.585392206908287
13:00:06,2035,8.585392206908287
13:00:07,2035,8.584974489795918
13:00:08,2036,8.584974489795918
13:00:09,2036,8.584974489795918
13:00:10,2036,8.583001869794321
13:00:11,2037,8.583001869794321
13:00:12,2038,8.583001869794321
13:00:13,2038,8.583001869794321
13:00:14,2039,8.583001869794321
13:00:15,2040,8.583001869794321
13:00:16,2040,8.583001869794321
13:00:17,2040,8.583001869794321
13:00:18,2041,8.580776418620454
13:00:19,2041,8.580776418620454
13:00:20,2041,8.580776418620454
13:00:21,2041,8.580776418620454
13:00:22,2041,8.580776418620454
13:00:23,2042,8.580776418620454
13:00:24,2042,8.580776418620454
13:00:25,2043,8.580776418620454
13:00:26,2044,8.580776418620454
13:00:27,2044,8.580776418620454
13:00:28,2044,8.582068262862965
13:00:29,2046,8.582068262862965
13:00:30,2046,8.582068262862965
13:00:31,2046,8.57998981670061
13:00:32,2047,8.57998981670061
13:00:33,2048,8.57998981670061
13:00:34,2048,8.57998981670061
13:00:35,2048,8.579100932994063
13:00:36,2048,8.578679213292641
13:00:37,2050,8.578679213292641
13:00:38,2050,8.578679213292641
13:00:39,2051,8.576863143631437
13:00:40,2051,8.576863143631437
13:00:41,2051,8.576863143631437
13:00:42,2052,8.576863143631437
13:00:43,2053,8.576863143631437
13:00:44,2053,8.576863143631437
13:00:45,2053,8.577645166751314
13:00:46,2054,8.577645166751314
13:00:47,2055,8.577645166751314
13:00:48,2055,8.577645166751314
13:00:49,2055,8.577645166751314
13:00:50,2056,8.577645166751314
13:00:51,2057,8.577645166751314
13:00:52,2058,8.577645166751314
13:00:53,2058,8.576472081218274
13:00:54,2058,8.57316928800947
13:00:55,2060,8.57316928800947
13:00:56,2060,8.57316928800947
13:00:57,2060,8.57316928800947
13:00:58,2060,8.57316928800947
13:00:59,2062,8.571010818120351
13:01:00,2063,8.571010818120351
13:01:01,2063,8.571010818120351
13:01:02,2064,8.571010818120351
13:01:03,2064,8.571010818120351
13:01:04,2065,8.571010818120351
13:01:05,2066,8.568702483527623
13:01:06,2066,8.568702483527623
13:01:07,2067,8.56628672745694
13:01:08,2067,8.56628672745694
13:01:09,2068,8.56628672745694
13:01:10,2068,8.56628672745694
13:01:11,2068,8.565198312236287
13:01:12,2068,8.565198312236287
13:01:13,2069,8.565198312236287
13:01:14,2069,8.56405327937953
13:01:15,2069,8.56405327937953
13:01:16,2070,8.56405327937953
13:01:17,2071,8.56405327937953
13:01:18,2071,8.56405327937953
13:01:19,2071,8.564088304684867
13:01:20,2074,8.565807646959744
13:01:21,2074,8.565807646959744
13:01:22,2074,8.565807646959744
13:01:23,2074,8.565807646959744
13:01:24,2074,8.565597643097643
13:01:25,2074,8.56452128554602
13:01:26,2074,8.56452128554602
13:01:27,2075,8.56452128554602
13:01:28,2075,8.56452128554602
13:01:29,2075,8.56420282542886
13:01:30,2075,8.56420282542886
13:01:31,2075,8.56420282542886
13:01:32,2075,8.56420282542886
13:01:33,2076,8.56420282542886
13:01:34,2076,8.56420282542886
13:01:35,2076,8.56420282542886
13:01:36,2077,8.56420282542886
13:01:37,2077,8.56420282542886
13:01:38,2077,8.56420282542886
13:01:39,2077,8.56420282542886
13:01:40,2078,8.56420282542886
13:01:41,2078,8.56420282542886
13:01:42,2078,8.56420282542886
13:01:43,2079,8.56420282542886
13:01:44,2079,8.562976970919483
13:01:45,2080,8.562976970919483
13:01:46,2080,8.562976970919483
13:01:47,2081,8.562976970919483
13:01:48,2081,8.562976970919483
13:01:49,2081,8.562976970919483
13:01:50,2081,8.562976970919483
13:01:51,2082,8.562976970919483
13:01:52,2082,8.562357190860215
13:01:53,2082,8.562357190860215
13:01:54,2083,8.562357190860215
13:01:55,2083,8.560604534005039
13:01:56,2083,8.560604534005039
13:01:57,2084,8.560604534005039
13:01:58,2084,8.558257804632428
13:01:59,2084,8.558257804632428
13:02:00,2085,8.557515517530616
13:02:01,2085,8.557997987927566
13:02:02,2085,8.557997987927566
13:02:03,2085,8.55627618568795
13:02:04,2085,8.55627618568795
13:02:05,2087,8.55627618568795
13:02:06,2087,8.55627618568795
13:02:07,2087,8.55627618568795
13:02:08,2088,8.55627618568795
13:02:09,2089,8.55627618568795
13:02:10,2089,8.553149078726968
13:02:11,2089,8.552410848819688
13:02:12,2090,8.552410848819688
13:02:13,2090,8.552410848819688
13:02:14,2090,8.551706827309237
13:02:15,2090,8.551706827309237
13:02:16,2091,8.551706827309237
13:02:17,2091,8.551706827309237
13:02:18,2091,8.553671182471986
13:02:19,2091,8.552774991641591
13:02:20,2092,8.552774991641591
13:02:21,2092,8.552263993316624
13:02:22,2092,8.550325651302606
13:02:23,2092,8.550325651302606
13:02:24,2093,8.547087297613086
13:02:25,2093,8.547087297613086
13:02:26,2093,8.547087297613086
13:02:27,2093,8.547087297613086
13:02:28,2093,8.547087297613086
13:02:29,2093,8.547087297613086
13:02:30,2093,8.547087297613086
13:02:31,2093,8.547087297613086
13:02:32,2093,8.547087297613086
13:02:33,2093,8.547087297613086
13:02:34,2093,8.547087297613086
13:02:35,2094,8.547297297297296
13:02:36,2094,8.547297297297296
13:02:37,2094,8.547297297297296
13:02:38,2095,8.547297297297296
13:02:39,2095,8.547297297297296
13:02:40,2095,8.547297297297296
13:02:41,2095,8.545589461397364
13:02:42,2095,8.545589461397364
13:02:43,2095,8.545589461397364
13:02:44,2095,8.540221555888722
13:02:45,2097,8.540221555888722
13:02:46,2097,8.540221555888722
13:02:47,2097,8.540221555888722
13:02:48,2097,8.540221555888722
13:02:49,2097,8.538176069229488
13:02:50,2098,8.538176069229488
13:02:51,2098,8.538176069229488
13:02:52,2098,8.538176069229488
13:02:53,2099,8.538176069229488
13:02:54,2100,8.535088157019294
13:02:55,2100,8.535088157019294
13:02:56,2101,8.535088157019294
13:02:57,2101,8.535088157019294
13:02:58,2101,8.535088157019294
13:02:59,2101,8.535088157019294
13:03:00,2101,8.534630091438071
13:03:01,2101,8.534630091438071
13:03:02,2103,8.534630091438071
13:03:03,2103,8.534630091438071
13:03:04,2103,8.534630091438071
13:03:05,2105,8.534630091438071
13:03:06,2106,8.534630091438071
13:03:07,2106,8.534630091438071
13:03:08,2106,8.534630091438071
13:03:09,2107,8.536273044344794
13:03:10,2109,8.536273044344794
13:03:11,2109,8.536022576361223
13:03:12,2109,8.534270781483324
13:03:13,2109,8.534270781483324
13:03:14,2109,8.534270781483324
13:03:15,2109,8.534270781483324
13:03:16,2110,8.534270781483324
13:03:17,2110,8.534270781483324
13:03:18,2110,8.534270781483324
13:03:19,2111,8.534270781483324
13:03:20,2111,8.531467661691542
13:03:21,2111,8.531467661691542
13:03:22,2112,8.530067959555776
13:03:23,2112,8.52850397614314
13:03:24,2112,8.52850397614314
13:03:25,2112,8.52850397614314
13:03:26,2112,8.52850397614314
13:03:27,2113,8.52850397614314
13:03:28,2113,8.52850397614314
13:03:29,2113,8.525434674615003
13:03:30,2113,8.525434674615003
13:03:31,2113,8.525434674615003
13:03:32,2114,8.523700761337306
13:03:33,2114,8.523700761337306
13:03:34,2114,8.52317617866005
13:03:35,2114,8.520362103174604
13:03:36,2114,8.520362103174604
13:03:37,2114,8.520362103174604
13:03:38,2115,8.520362103174604
13:03:39,2115,8.520362103174604
13:03:40,2115,8.520492480581721
13:03:41,2115,8.520492480581721
13:03:42,2115,8.520492480581721
13:03:43,2115,8.518789230260985
13:03:44,2115,8.518789230260985
13:03:45,2115,8.517731550272412
13:03:46,2115,8.517731550272412
13:03:47,2115,8.516130363036304
13:03:48,2116,8.516130363036304
13:03:49,2116,8.516130363036304
13:03:50,2116,8.516130363036304
13:03:51,2117,8.516130363036304
13:03:52,2117,8.516130363036304
13:03:53,2118,8.516130363036304
13:03:54,2118,8.516130363036304
13:03:55,2118,8.516130363036304
13:03:56,2118,8.516130363036304
13:03:57,2118,8.516130363036304
13:03:58,2118,8.516130363036304
13:03:59,2119,8.51515751278245
13:04:00,2119,8.51515751278245
13:04:01,2119,8.515686274509804
13:04:02,2119,8.515686274509804
13:04:03,2119,8.515686274509804
13:04:04,2119,8.513636363636364
13:04:05,2119,8.511530864197532
13:04:06,2119,8.511530864197532
13:04:07,2119,8.511530864197532
13:04:08,2120,8.511530864197532
13:04:09,2120,8.50898321816387
13:04:10,2120,8.506413418845584
13:04:11,2120,8.506413418845584
13:04:12,2120,8.506413418845584
13:04:13,2120,8.506413418845584
13:04:14,2121,8.506413418845584
13:04:15,2121,8.506413418845584
13:04:16,2121,8.506413418845584
13:04:17,2121,8.506413418845584
13:04:18,2121,8.506413418845584
13:04:19,2121,8.506413418845584
13:04:20,2121,8.506413418845584
13:04:21,2121,8.506413418845584
13:04:22,2121,8.506413418845584
13:04:23,2121,8.506413418845584
13:04:24,2121,8.506413418845584
13:04:25,2121,8.506413418845584
13:04:26,2122,8.506413418845584
13:04:27,2122,8.506413418845584
13:04:28,2122,8.506413418845584
13:04:29,2123,8.506413418845584
13:04:30,2123,8.503772189349112
13:04:31,2123,8.503772189349112
13:04:32,2124,8.501683916543453
13:04:33,2124,8.500509031198686
13:04:34,2124,8.500509031198686
13:04:35,2125,8.500509031198686
13:04:36,2125,8.500509031198686
13:04:37,2125,8.500509031198686
13:04:38,2126,8.500509031198686
13:04:39,2126,8.500098473658296
13:04:40,2126,8.500098473658296
13:04:41,2126,8.500098473658296
13:04:42,2127,8.500098473658296
13:04:43,2127,8.497744422572179
13:04:44,2127,8.497744422572179
13:04:45,2128,8.497744422572179
13:04:46,2128,8.495392687325792
13:04:47,2128,8.495392687325792
13:04:48,2128,8.493657817109145
13:04:49,2129,8.492678132678133
13:04:50,2129,8.492678132678133
13:04:51,2129,8.493217149402717
13:04:52,2130,8.493217149402717
13:04:53,2130,8.491372260386
13:04:54,2130,8.491372260386
13:04:55,2130,8.489668137976132
13:04:56,2131,8.489668137976132
13:04:57,2132,8.489668137976132
13:04:58,2132,8.489668137976132
13:04:59,2132,8.489668137976132
13:05:00,2133,8.489668137976132
13:05:01,2133,8.489668137976132
13:05:02,2133,8.489668137976132
13:05:03,2133,8.489668137976132
13:05:04,2133,8.489668137976132
13:05:05,2133,8.489668137976132
13:05:06,2133,8.489668137976132
13:05:07,2133,8.487598039215687
13:05:08,2133,8.487598039215687
13:05:09,2133,8.487598039215687
13:05:10,2133,8.486093418259024
13:05:11,2133,8.486093418259024
13:05:12,2133,8.486093418259024
13:05:13,2133,8.486093418259024
13:05:14,2133,8.485300359125041
13:05:15,2133,8.485300359125041
13:05:16,2133,8.485300359125041
13:05:17,2133,8.485300359125041
13:05:18,2133,8.485300359125041
13:05:19,2133,8.482786751509218
13:05:20,2133,8.482786751509218
13:05:21,2133,8.482786751509218
13:05:22,2133,8.484695042400523
13:05:23,2134,8.484695042400523
13:05:24,2134,8.484695042400523
13:05:25,2134,8.483096984515077
13:05:26,2134,8.483096984515077
13:05:27,2135,8.483096984515077
13:05:28,2135,8.483096984515077
13:05:29,2135,8.483096984515077
13:05:30,2135,8.481329423264906
13:05:31,2135,8.481329423264906
13:05:32,2135,8.481329423264906
13:05:33,2135,8.481329423264906
13:05:34,2135,8.479058785214134
13:05:35,2135,8.479058785214134
13:05:36,2135,8.479058785214134
13:05:37,2135,8.476944986979166
13:05:38,2137,8.476944986979166
13:05:39,2137,8.475345697088011
13:05:40,2137,8.475345697088011
13:05:41,2138,8.473634146341464
13:05:42,2138,8.473634146341464
13:05:43,2139,8.471794246708923
13:05:44,2139,8.471794246708923
13:05:45,2140,8.469679987004548
13:05:46,2140,8.469679987004548
13:05:47,2140,8.469679987004548
13:05:48,2140,8.469679987004548
13:05:49,2140,8.469679987004548
13:05:50,2140,8.469679987004548
13:05:51,2140,8.469679987004548
13:05:52,2140,8.469679987004548
13:05:53,2140,8.469679987004548
13:05:54,2140,8.4673161227472
13:05:55,2140,8.4673161227472
13:05:56,2140,8.46531970139565
13:05:57,2140,8.46531970139565
13:05:58,2140,8.46531970139565
13:05:59,2140,8.46531970139565
13:06:00,2140,8.4635198702352
13:06:01,2140,8.4635198702352
13:06:02,2142,8.462013618677043
13:06:03,2142,8.462013618677043
13:06:04,2143,8.462013618677043
13:06:05,2143,8.462013618677043
13:06:06,2144,8.45993356020094
13:06:07,2145,8.457377712989958
13:06:08,2145,8.457377712989958
13:06:09,2145,8.457377712989958
13:06:10,2146,8.456022340942205
13:06:11,2146,8.456022340942205
13:06:12,2146,8.456022340942205
13:06:13,2146,8.456022340942205
13:06:14,2146,8.454838187702265
13:06:15,2146,8.454838187702265
13:06:16,2147,8.454838187702265
13:06:17,2147,8.454838187702265
13:06:18,2147,8.454382985605694
13:06:19,2147,8.454382985605694
13:06:20,2147,8.454382985605694
13:06:21,2147,8.454382985605694
13:06:22,2147,8.452845134173941
13:06:23,2147,8.452845134173941
13:06:24,2147,8.450678623364032
13:06:25,2148,8.448409237726098
13:06:26,2148,8.448409237726098
13:06:27,2148,8.448409237726098
13:06:28,2148,8.450807102502019
13:06:29,2148,8.448515650209746
13:06:30,2148,8.448515650209746
13:06:31,2148,8.446766650540235
13:06:32,2149,8.446766650540235
13:06:33,2149,8.446766650540235
13:06:34,2149,8.446766650540235
13:06:35,2149,8.446766650540235
13:06:36,2149,8.446766650540235
13:06:37,2149,8.446766650540235
13:06:38,2150,8.446766650540235
13:06:39,2150,8.446766650540235
13:06:40,2150,8.446766650540235
13:06:41,2151,8.446766650540235
13:06:42,2151,8.444422952933591
13:06:43,2151,8.444422952933591
13:06:44,2151,8.444422952933591
13:06:45,2152,8.444422952933591
13:06:46,2152,8.442597067826647
13:06:47,2152,8.442597067826647
13:06:48,2153,8.441561996779388
13:06:49,2153,8.441561996779388
13:06:50,2153,8.441561996779388
13:06:51,2153,8.441561996779388
13:06:52,2154,8.441561996779388
13:06:53,2154,8.441561996779388
13:06:54,2154,8.440286496056656
13:06:55,2154,8.440286496056656
13:06:56,2155,8.440286496056656
13:06:57,2155,8.440286496056656
13:06:58,2155,8.440286496056656
13:06:59,2155,8.438046975546975
13:07:00,2155,8.438046975546975
13:07:01,2155,8.438046975546975
13:07:02,2156,8.438046975546975
13:07:03,2156,8.435906094227368
13:07:04,2156,8.435906094227368
13:07:05,2156,8.435906094227368
13:07:06,2157,8.435776277724205
13:07:07,2157,8.435776277724205
13:07:08,2157,8.435776277724205
13:07:09,2158,8.435776277724205
13:07:10,2158,8.435776277724205
13:07:11,2158,8.435776277724205
13:07:12,2158,8.435776277724205
13:07:13,2159,8.43421686746988
13:07:14,2159,8.43226557482338
13:07:15,2159,8.43226557482338
13:07:16,2159,8.43226557482338
13:07:17,2160,8.43226557482338
13:07:18,2160,8.433277162574225
13:07:19,2160,8.433277162574225
13:07:20,2160,8.431897658004491
13:07:21,2160,8.431897658004491
13:07:22,2160,8.428972262305596
13:07:23,2160,8.428972262305596
13:07:24,2160,8.428972262305596
13:07:25,2160,8.428972262305596
13:07:26,2160,8.428972262305596
13:07:27,2161,8.428972262305596
13:07:28,2161,8.428028846153847
13:07:29,2161,8.428028846153847
13:07:30,2161,8.428028846153847
13:07:31,2162,8.428028846153847
13:07:32,2162,8.428028846153847
13:07:33,2163,8.428028846153847
13:07:34,2165,8.428028846153847
13:07:35,2165,8.426493672913663
13:07:36,2166,8.426493672913663
13:07:37,2167,8.426493672913663
13:07:38,2167,8.423099695951352
13:07:39,2167,8.423099695951352
13:07:40,2167,8.423099695951352
13:07:41,2167,8.423099695951352
13:07:42,2167,8.423099695951352
13:07:43,2167,8.423099695951352
13:07:44,2167,8.421729046705055
13:07:45,2168,8.421729046705055
13:07:46,2168,8.421729046705055
13:07:47,2168,8.421729046705055
13:07:48,2168,8.41976818545164
13:07:49,2168,8.41976818545164
13:07:50,2168,8.41976818545164
13:07:51,2168,8.41976818545164
13:07:52,2168,8.41976818545164
13:07:53,2168,8.41976818545164
13:07:54,2168,8.41976818545164
13:07:55,2168,8.41800095877277
13:07:56,2168,8.4172097109088
13:07:57,2168,8.4172097109088
13:07:58,2168,8.416618773946361
13:07:59,2168,8.416618773946361
13:08:00,2168,8.416618773946361
13:08:01,2168,8.416618773946361
13:08:02,2168,8.416618773946361
13:08:03,2168,8.416618773946361
13:08:04,2168,8.416618773946361
13:08:05,2168,8.416618773946361
13:08:06,2168,8.416618773946361
13:08:07,2168,8.416618773946361
13:08:08,2168,8.41542205201851
13:08:09,2168,8.412400318979266
13:08:10,2168,8.410154630958074
13:08:11,2168,8.410154630958074
13:08:12,2168,8.411448374760994
13:08:13,2168,8.411448374760994
13:08:14,2168,8.411448374760994
13:08:15,2168,8.411448374760994
13:08:16,2168,8.411448374760994
13:08:17,2168,8.411448374760994
13:08:18,2168,8.409702324100605
13:08:19,2168,8.409702324100605
13:08:20,2168,8.4081861575179
13:08:21,2168,8.4081861575179
13:08:22,2168,8.4081861575179
13:08:23,2168,8.4081861575179
13:08:24,2168,8.4081861575179
13:08:25,2168,8.4081861575179
13:08:26,2168,8.4081861575179
13:08:27,2168,8.4081861575179
13:08:28,2168,8.4081861575179
13:08:29,2168,8.4081861575179
13:08:30,2168,8.4081861575179
13:08:31,2168,8.4081861575179
13:08:32,2168,8.4081861575179
13:08:33,2168,8.4081861575179
13:08:34,2168,8.4081861575179
13:08:35,2168,8.4081861575179
13:08:36,2168,8.405582061068703
13:08:37,2168,8.405582061068703
13:08:38,2168,8.404204419011286
13:08:39,2168,8.404204419011286
13:08:40,2168,8.404204419011286
13:08:41,2168,8.402089291388624
13:08:42,2168,8.402089291388624
13:08:43,2168,8.402089291388624
13:08:44,2168,8.402089291388624
13:08:45,2168,8.400436715896458
13:08:46,2168,8.399968253968254
13:08:47,2168,8.399968253968254
13:08:48,2168,8.399968253968254
13:08:49,2168,8.399968253968254
13:08:50,2168,8.399968253968254
13:08:51,2168,8.398342059336823
13:08:52,2168,8.398342059336823
13:08:53,2168,8.398342059336823
13:08:54,2168,8.398342059336823
13:08:55,2169,8.398342059336823
13:08:56,2169,8.398342059336823
13:08:57,2169,8.398342059336823
13:08:58,2169,8.39720900729464
13:08:59,2170,8.39720900729464
13:09:00,2170,8.39720900729464
13:09:01,2170,8.395181486764939
13:09:02,2170,8.395851148060174
13:09:03,2170,8.395851148060174
13:09:04,2170,8.393874643874645
13:09:05,2170,8.393874643874645
13:09:06,2170,8.393874643874645
13:09:07,2170,8.393874643874645
13:09:08,2170,8.393874643874645
13:09:09,2170,8.39359278595159
13:09:10,2170,8.39359278595159
13:09:11,2170,8.39359278595159
13:09:12,2170,8.39247311827957
13:09:13,2170,8.39247311827957
13:09:14,2170,8.39247311827957
13:09:15,2170,8.39247311827957
13:09:16,2170,8.39247311827957
13:09:17,2170,8.39247311827957
13:09:18,2170,8.39247311827957
13:09:19,2170,8.39247311827957
13:09:20,2170,8.391686423265371
13:09:21,2170,8.391686423265371
13:09:22,2170,8.391686423265371
13:09:23,2170,8.391686423265371
13:09:24,2170,8.391686423265371
13:09:25,2170,8.391686423265371
13:09:26,2170,8.391686423265371
13:09:27,2170,8.391686423265371
13:09:28,2170,8.391686423265371
13:09:29,2171,8.391686423265371
13:09:30,2171,8.3895102685624
13:09:31,2171,8.3895102685624
13:09:32,2171,8.3895102685624
13:09:33,2173,8.387012474340755
13:09:34,2173,8.38589015151515
13:09:35,2173,8.38589015151515
13:09:36,2173,8.38589015151515
13:09:37,2175,8.38589015151515
13:09:38,2175,8.38589015151515
13:09:39,2175,8.38589015151515
13:09:40,2175,8.38589015151515
13:09:41,2175,8.38589015151515
13:09:42,2176,8.38589015151515
13:09:43,2176,8.38589015151515
13:09:44,2176,8.38589015151515
13:09:45,2176,8.38589015151515
13:09:46,2176,8.38589015151515
13:09:47,2176,8.38589015151515
13:09:48,2176,8.384208865751695
13:09:49,2176,8.384208865751695
13:09:50,2176,8.384208865751695
13:09:51,2176,8.384019236833806
13:09:52,2176,8.384019236833806
13:09:53,2176,8.382174940898345
13:09:54,2176,8.381340579710145
13:09:55,2176,8.381340579710145
13:09:56,2176,8.381340579710145
13:09:57,2177,8.380121240749489
13:09:58,2177,8.380121240749489
13:09:59,2177,8.380121240749489
13:10:00,2177,8.380036197670758
13:10:01,2177,8.380036197670758
13:10:02,2177,8.380036197670758
13:10:03,2177,8.380871480257984
13:10:04,2177,8.380871480257984
13:10:05,2177,8.380871480257984
13:10:06,2177,8.380871480257984
13:10:07,2177,8.380871480257984
13:10:08,2178,8.380871480257984
13:10:09,2178,8.380871480257984
13:10:10,2178,8.380871480257984
13:10:11,2178,8.380871480257984
13:10:12,2178,8.380871480257984
13:10:13,2178,8.380871480257984
13:10:14,2178,8.380871480257984
13:10:15,2178,8.380871480257984
13:10:16,2179,8.3799213836478
13:10:17,2179,8.3799213836478
13:10:18,2179,8.3799213836478
13:10:19,2179,8.377950652208078
13:10:20,2180,8.377950652208078
13:10:21,2180,8.377950652208078
13:10:22,2181,8.377950652208078
13:10:23,2182,8.377950652208078
13:10:24,2182,8.377950652208078
13:10:25,2182,8.377950652208078
13:10:26,2182,8.377615457115928
13:10:27,2182,8.377615457115928
13:10:28,2182,8.377615457115928
13:10:29,2182,8.377615457115928
13:10:30,2182,8.375749725231591
13:10:31,2182,8.375749725231591
13:10:32,2182,8.375749725231591
13:10:33,2182,8.375749725231591
13:10:34,2182,8.375749725231591
13:10:35,2182,8.375749725231591
13:10:36,2182,8.375749725231591
13:10:37,2182,8.375749725231591
13:10:38,2182,8.375749725231591
13:10:39,2182,8.375749725231591
13:10:40,2182,8.375749725231591
13:10:41,2182,8.374717514124294
13:10:42,2182,8.373929411764706
13:10:43,2182,8.373929411764706
13:10:44,2182,8.373929411764706
13:10:45,2182,8.372162119786767
13:10:46,2182,8.372162119786767
13:10:47,2182,8.372162119786767
13:10:48,2182,8.372162119786767
13:10:49,2183,8.371148722770725
13:10:50,2183,8.37218828320802
13:10:51,2183,8.370659151401284
13:10:52,2183,8.370242566510173
13:10:53,2183,8.370242566510173
13:10:54,2184,8.370242566510173
13:10:55,2184,8.370242566510173
13:10:56,2184,8.370242566510173
13:10:57,2184,8.370242566510173
13:10:58,2185,8.370242566510173
13:10:59,2185,8.370242566510173
13:11:00,2185,8.370242566510173
13:11:01,2185,8.368919130298766
13:11:02,2185,8.368919130298766
13:11:03,2185,8.368919130298766
13:11:04,2185,8.368919130298766
13:11:05,2185,8.368919130298766
13:11:06,2185,8.368919130298766
13:11:07,2185,8.368919130298766
13:11:08,2185,8.368919130298766
13:11:09,2185,8.367385866166353
13:11:10,2185,8.367385866166353
13:11:11,2185,8.367385866166353
13:11:12,2186,8.365541490857947
13:11:13,2186,8.365541490857947
13:11:14,2186,8.365541490857947
13:11:15,2186,8.365541490857947
13:11:16,2186,8.365542018119337
13:11:17,2186,8.365542018119337
13:11:18,2186,8.365542018119337
13:11:19,2186,8.365542018119337
13:11:20,2186,8.365542018119337
13:11:21,2186,8.365542018119337
13:11:22,2186,8.365542018119337
13:11:23,2186,8.365542018119337
13:11:24,2187,8.365542018119337
13:11:25,2187,8.365542018119337
13:11:26,2187,8.365542018119337
13:11:27,2187,8.365542018119337
13:11:28,2188,8.365542018119337
13:11:29,2188,8.365542018119337
13:11:30,2188,8.365542018119337
13:11:31,2188,8.365542018119337
13:11:32,2188,8.365542018119337
13:11:33,2188,8.365542018119337
13:11:34,2188,8.365542018119337
13:11:35,2188,8.363481654957065
13:11:36,2188,8.363481654957065
13:11:37,2189,8.362687265917604
13:11:38,2189,8.362687265917604
13:11:39,2189,8.362687265917604
13:11:40,2189,8.362687265917604
13:11:41,2189,8.36110591171424
13:11:42,2189,8.362402556906767
13:11:43,2189,8.360557893096463
13:11:44,2189,8.360557893096463
13:11:45,2189,8.359914330218068
13:11:46,2190,8.359914330218068
13:11:47,2190,8.359914330218068
13:11:48,2190,8.359914330218068
13:11:49,2190,8.35846956250973
13:11:50,2190,8.35846956250973
13:11:51,2190,8.35846956250973
13:11:52,2190,8.35846956250973
13:11:53,2190,8.35846956250973
13:11:54,2190,8.35846956250973
13:11:55,2190,8.35846956250973
13:11:56,2190,8.35846956250973
13:11:57,2190,8.35846956250973
13:11:58,2190,8.35846956250973
13:11:59,2190,8.35722844693433
13:12:00,2190,8.35722844693433
13:12:01,2190,8.35722844693433
13:12:02,2190,8.35722844693433
13:12:03,2190,8.35722844693433
13:12:04,2190,8.35722844693433
13:12:05,2190,8.357263960180433
13:12:06,2190,8.357263960180433
13:12:07,2190,8.357263960180433
13:12:08,2190,8.357263960180433
13:12:09,2190,8.357263960180433
13:12:10,2190,8.357263960180433
13:12:11,2190,8.357263960180433
13:12:12,2191,8.357263960180433
13:12:13,2191,8.357263960180433
13:12:14,2191,8.357263960180433
13:12:15,2192,8.357263960180433
13:12:16,2192,8.357263960180433
13:12:17,2192,8.357263960180433
13:12:18,2192,8.354454291044776
13:12:19,2193,8.354454291044776
13:12:20,2193,8.354454291044776
13:12:21,2194,8.354454291044776
13:12:22,2195,8.350194159676919
13:12:23,2195,8.350194159676919
13:12:24,2195,8.350194159676919
13:12:25,2195,8.349922372302437
13:12:26,2195,8.349922372302437
13:12:27,2196,8.348300744878957
13:12:28,2197,8.348300744878957
13:12:29,2197,8.348300744878957
13:12:30,2197,8.346921048549714
13:12:31,2197,8.348449612403101
13:12:32,2197,8.346923911359058
13:12:33,2197,8.346923911359058
13:12:34,2197,8.346923911359058
13:12:35,2197,8.34621282527881
13:12:36,2197,8.34621282527881
13:12:37,2197,8.34621282527881
13:12:38,2197,8.34621282527881
13:12:39,2197,8.34621282527881
13:12:40,2197,8.34621282527881
13:12:41,2197,8.34621282527881
13:12:42,2197,8.34621282527881
13:12:43,2197,8.34621282527881
13:12:44,2197,8.34621282527881
13:12:45,2197,8.34621282527881
13:12:46,2197,8.34621282527881
13:12:47,2197,8.34621282527881
13:12:48,2197,8.34621282527881
13:12:49,2198,8.34512308406874
13:12:50,2198,8.34512308406874
13:12:51,2198,8.34512308406874
13:12:52,2198,8.34512308406874
13:12:53,2198,8.34512308406874
13:12:54,2198,8.34512308406874
13:12:55,2198,8.34512308406874
13:12:56,2198,8.34512308406874
13:12:57,2198,8.34512308406874
13:12:58,2198,8.34512308406874
13:12:59,2198,8.34512308406874
13:13:00,2198,8.34512308406874
13:13:01,2199,8.34512308406874
13:13:02,2199,8.342471371092541
13:13:03,2199,8.342471371092541
13:13:04,2199,8.342471371092541
13:13:05,2199,8.342471371092541
13:13:06,2199,8.340502706883218
13:13:07,2200,8.340502706883218
13:13:08,2200,8.340502706883218
13:13:09,2200,8.339865491651206
13:13:10,2201,8.339865491651206
13:13:11,2202,8.339865491651206
13:13:12,2203,8.338602997991037
13:13:13,2204,8.338602997991037
13:13:14,2204,8.338253012048193
13:13:15,2204,8.338253012048193
13:13:16,2205,8.338253012048193
13:13:17,2206,8.336081519221862
13:13:18,2206,8.336081519221862
13:13:19,2206,8.334853395061728
13:13:20,2206,8.334853395061728
13:13:21,2206,8.336742248958815
13:13:22,2208,8.336742248958815
13:13:23,2208,8.336742248958815
13:13:24,2208,8.336742248958815
13:13:25,2209,8.336742248958815
13:13:26,2209,8.336742248958815
13:13:27,2211,8.336742248958815
13:13:28,2212,8.336742248958815
13:13:29,2212,8.336742248958815
13:13:30,2213,8.336742248958815
13:13:31,2213,8.336742248958815
13:13:32,2213,8.336069996916436
13:13:33,2213,8.333171521035599
13:13:34,2213,8.333171521035599
13:13:35,2216,8.333171521035599
13:13:36,2216,8.333171521035599
13:13:37,2216,8.333171521035599
13:13:38,2217,8.333171521035599
13:13:39,2218,8.333171521035599
13:13:40,2218,8.333171521035599
13:13:41,2218,8.333171521035599
13:13:42,2218,8.333171521035599
13:13:43,2219,8.333171521035599
13:13:44,2220,8.333171521035599
13:13:45,2220,8.333171521035599
13:13:46,2220,8.333171521035599
13:13:47,2221,8.333171521035599
13:13:48,2221,8.333171521035599
13:13:49,2222,8.333171521035599
13:13:50,2222,8.333171521035599
13:13:51,2222,8.333171521035599
13:13:52,2223,8.333171521035599
13:13:53,2223,8.331608133086876
13:13:54,2224,8.331608133086876
13:13:55,2224,8.329391839876829
13:13:56,2224,8.329391839876829
13:13:57,2224,8.329391839876829
13:13:58,2225,8.329391839876829
13:13:59,2225,8.329391839876829
13:14:00,2226,8.329391839876829
13:14:01,2227,8.327239150507848
13:14:02,2227,8.327239150507848
13:14:03,2227,8.327239150507848
13:14:04,2227,8.325442239655438
13:14:05,2228,8.325442239655438
13:14:06,2228,8.325442239655438
13:14:07,2228,8.325442239655438
13:14:08,2228,8.325442239655438
13:14:09,2229,8.325442239655438
13:14:10,2229,8.327167896678967
13:14:11,2229,8.325457199938528
13:14:12,2229,8.325457199938528
13:14:13,2229,8.325457199938528
13:14:14,2229,8.324877112135177
13:14:15,2229,8.324877112135177
13:14:16,2230,8.324877112135177
13:14:17,2230,8.322263165975741
13:14:18,2230,8.322263165975741
13:14:19,2230,8.322263165975741
13:14:20,2230,8.322263165975741
13:14:21,2230,8.322263165975741
13:14:22,2230,8.322263165975741
13:14:23,2230,8.322263165975741
13:14:24,2231,8.322263165975741
13:14:25,2232,8.319375383670964
13:14:26,2232,8.319375383670964
13:14:27,2232,8.319375383670964
13:14:28,2232,8.319375383670964
13:14:29,2233,8.32080840619727
13:14:30,2233,8.32080840619727
13:14:31,2233,8.32080840619727
13:14:32,2233,8.32080840619727
13:14:33,2233,8.32080840619727
13:14:34,2233,8.3180619441889
13:14:35,2233,8.3180619441889
13:14:36,2234,8.317754789272032
13:14:37,2234,8.317754789272032
13:14:38,2234,8.317754789272032
13:14:39,2234,8.317754789272032
13:14:40,2234,8.317754789272032
13:14:41,2234,8.317754789272032
13:14:42,2234,8.317754789272032
13:14:43,2234,8.316230085784314
13:14:44,2234,8.316230085784314
13:14:45,2234,8.316230085784314
13:14:46,2234,8.316230085784314
13:14:47,2234,8.316230085784314
13:14:48,2234,8.316230085784314
13:14:49,2234,8.316230085784314
13:14:50,2234,8.316230085784314
13:14:51,2234,8.316230085784314
13:14:52,2235,8.316230085784314
13:14:53,2235,8.316230085784314
13:14:54,2235,8.316230085784314
13:14:55,2236,8.314285714285713
13:14:56,2237,8.314285714285713
13:14:57,2237,8.314285714285713
13:14:58,2237,8.314285714285713
13:14:59,2239,8.314285714285713
13:15:00,2240,8.314285714285713
13:15:01,2240,8.314285714285713
13:15:02,2241,8.314285714285713
13:15:03,2243,8.312228344046526
13:15:04,2243,8.312228344046526
13:15:05,2243,8.312228344046526
13:15:06,2243,8.312228344046526
13:15:07,2243,8.312228344046526
13:15:08,2243,8.312228344046526
13:15:09,2243,8.312228344046526
13:15:10,2245,8.312228344046526
13:15:11,2245,8.309492121768395
13:15:12,2245,8.309492121768395
13:15:13,2245,8.309492121768395
13:15:14,2245,8.309492121768395
13:15:15,2246,8.309492121768395
13:15:16,2246,8.309492121768395
13:15:17,2246,8.309373088685016
13:15:18,2247,8.307542411737735
13:15:19,2247,8.307542411737735
13:15:20,2247,8.307542411737735
13:15:21,2247,8.307542411737735
13:15:22,2247,8.307542411737735
13:15:23,2248,8.307542411737735
13:15:24,2248,8.307542411737735
13:15:25,2248,8.307542411737735
13:15:26,2250,8.304710642846237
13:15:27,2250,8.304710642846237
13:15:28,2250,8.304710642846237
13:15:29,2250,8.304710642846237
13:15:30,2252,8.304710642846237
13:15:31,2252,8.304710642846237
13:15:32,2252,8.304710642846237
13:15:33,2252,8.306501831501832
13:15:34,2253,8.306501831501832
13:15:35,2253,8.306501831501832
13:15:36,2253,8.306501831501832
13:15:37,2254,8.30376811594203
13:15:38,2254,8.30376811594203
13:15:39,2254,8.30376811594203
13:15:40,2255,8.300914913083258
13:15:41,2255,8.300914913083258
13:15:42,2255,8.300914913083258
13:15:43,2256,8.300914913083258
13:15:44,2256,8.300914913083258
13:15:45,2256,8.300914913083258
13:15:46,2257,8.298300563938424
13:15:47,2257,8.298300563938424
13:15:48,2257,8.298300563938424
13:15:49,2258,8.29558196221816
13:15:50,2258,8.29558196221816
13:15:51,2259,8.29558196221816
13:15:52,2259,8.293383584589614
13:15:53,2259,8.293383584589614
13:15:54,2260,8.293383584589614
13:15:55,2260,8.291651445966515
13:15:56,2260,8.291651445966515
13:15:57,2262,8.291651445966515
13:15:58,2262,8.291651445966515
13:15:59,2262,8.291651445966515
13:16:00,2262,8.291651445966515
13:16:01,2262,8.291651445966515
13:16:02,2262,8.291651445966515
13:16:03,2262,8.291651445966515
13:16:04,2262,8.289046097672296
13:16:05,2262,8.289046097672296
13:16:06,2262,8.28452652378781
13:16:07,2262,8.28452652378781
13:16:08,2262,8.281063022019742
13:16:09,2262,8.281063022019742
13:16:10,2262,8.281063022019742
13:16:11,2262,8.281063022019742
13:16:12,2262,8.281063022019742
13:16:13,2263,8.281063022019742
13:16:14,2263,8.281063022019742
13:16:15,2263,8.281063022019742
13:16:16,2263,8.281063022019742
13:16:17,2263,8.278483606557376
13:16:18,2263,8.278705810954332
13:16:19,2263,8.278705810954332
13:16:20,2263,8.278705810954332
13:16:21,2263,8.278705810954332
13:16:22,2263,8.280451925993328
13:16:23,2263,8.280451925993328
13:16:24,2263,8.280451925993328
13:16:25,2264,8.280451925993328
13:16:26,2264,8.280451925993328
13:16:27,2264,8.280451925993328
13:16:28,2264,8.277989995452478
13:16:29,2264,8.277989995452478
13:16:30,2264,8.277989995452478
13:16:31,2264,8.277989995452478
13:16:32,2265,8.277989995452478
13:16:33,2265,8.277989995452478
13:16:34,2265,8.277989995452478
13:16:35,2265,8.275659090909091
13:16:36,2265,8.275659090909091
13:16:37,2265,8.275659090909091
13:16:38,2265,8.275659090909091
13:16:39,2265,8.275659090909091
13:16:40,2265,8.273428744510072
13:16:41,2265,8.273428744510072
13:16:42,2265,8.273428744510072
13:16:43,2265,8.271911898274295
13:16:44,2265,8.271911898274295
13:16:45,2265,8.269624754123166
13:16:46,2265,8.269624754123166
13:16:47,2265,8.269624754123166
13:16:48,2265,8.26758166969147
13:16:49,2265,8.26758166969147
13:16:50,2266,8.26758166969147
13:16:51,2266,8.26758166969147
13:16:52,2267,8.26758166969147
13:16:53,2267,8.26758166969147
13:16:54,2267,8.26758166969147
13:16:55,2267,8.26758166969147
13:16:56,2267,8.26758166969147
13:16:57,2267,8.26758166969147
13:16:58,2267,8.26758166969147
13:16:59,2267,8.26758166969147
13:17:00,2268,8.265245653817082
13:17:01,2268,8.265245653817082
13:17:02,2268,8.262450891508008
13:17:03,2268,8.262450891508008
13:17:04,2268,8.260489352061622
13:17:05,2270,8.260489352061622
13:17:06,2270,8.260489352061622
13:17:07,2270,8.260489352061622
13:17:08,2271,8.258152173913043
13:17:09,2271,8.258152173913043
13:17:10,2272,8.255708898944194
13:17:11,2272,8.255708898944194
13:17:12,2272,8.253535353535353
13:17:13,2272,8.253535353535353
13:17:14,2273,8.2541742013261
13:17:15,2274,8.252093688808555
13:17:16,2274,8.252093688808555
13:17:17,2274,8.252093688808555
13:17:18,2275,8.252093688808555
13:17:19,2275,8.252093688808555
13:17:20,2275,8.252093688808555
13:17:21,2276,8.252093688808555
13:17:22,2276,8.252093688808555
13:17:23,2277,8.252093688808555
13:17:24,2277,8.252093688808555
13:17:25,2278,8.252093688808555
13:17:26,2279,8.252093688808555
13:17:27,2279,8.249962360734719
13:17:28,2279,8.249962360734719
13:17:29,2279,8.249962360734719
13:17:30,2279,8.247539503386005
13:17:31,2279,8.247539503386005
13:17:32,2280,8.247539503386005
13:17:33,2280,8.247539503386005
13:17:34,2280,8.247539503386005
13:17:35,2281,8.247539503386005
13:17:36,2281,8.247539503386005
13:17:37,2281,8.244998495788206
13:17:38,2281,8.244998495788206
13:17:39,2281,8.244998495788206
13:17:40,2281,8.244998495788206
13:17:41,2282,8.244998495788206
13:17:42,2282,8.244998495788206
13:17:43,2282,8.242948428807699
13:17:44,2283,8.242948428807699
13:17:45,2283,8.242948428807699
13:17:46,2283,8.242948428807699
13:17:47,2283,8.241621581003907
13:17:48,2283,8.241621581003907
13:17:49,2283,8.241621581003907
13:17:50,2283,8.239447198437736
13:17:51,2283,8.239447198437736
13:17:52,2283,8.239447198437736
13:17:53,2283,8.239447198437736
13:17:54,2283,8.239447198437736
13:17:55,2283,8.23762012012012
13:17:56,2283,8.23762012012012
13:17:57,2283,8.234976737205463
13:17:58,2283,8.234976737205463
13:17:59,2283,8.233138313831383
13:18:00,2283,8.233138313831383
13:18:01,2283,8.233138313831383
13:18:02,2283,8.232980956665168
13:18:03,2283,8.233902877697842
13:18:04,2283,8.233902877697842
13:18:05,2283,8.233902877697842
13:18:06,2284,8.233902877697842
13:18:07,2284,8.233902877697842
13:18:08,2284,8.233902877697842
13:18:09,2284,8.233902877697842
13:18:10,2284,8.23161797752809
13:18:11,2284,8.23161797752809
13:18:12,2284,8.229335130278526
13:18:13,2284,8.229335130278526
13:18:14,2285,8.229335130278526
13:18:15,2285,8.229335130278526
13:18:16,2285,8.229335130278526
13:18:17,2285,8.227488399940128
13:18:18,2285,8.227488399940128
13:18:19,2286,8.227488399940128
13:18:20,2286,8.225112208258528
13:18:21,2287,8.222947510094212
13:18:22,2287,8.222947510094212
13:18:23,2287,8.222947510094212
13:18:24,2288,8.222947510094212
13:18:25,2288,8.222947510094212
13:18:26,2288,8.222947510094212
13:18:27,2288,8.222947510094212
13:18:28,2288,8.222947510094212
13:18:29,2289,8.222947510094212
13:18:30,2289,8.222947510094212
13:18:31,2289,8.221240657698056
13:18:32,2290,8.221240657698056
13:18:33,2290,8.221240657698056
13:18:34,2290,8.221240657698056
13:18:35,2290,8.221240657698056
13:18:36,2290,8.221240657698056
13:18:37,2290,8.221240657698056
13:18:38,2290,8.221240657698056
13:18:39,2292,8.219916330494547
13:18:40,2293,8.219916330494547
13:18:41,2293,8.219916330494547
13:18:42,2293,8.219916330494547
13:18:43,2294,8.219916330494547
13:18:44,2294,8.219916330494547
13:18:45,2295,8.219916330494547
13:18:46,2295,8.217614994026285
13:18:47,2295,8.217614994026285
13:18:48,2295,8.217614994026285
13:18:49,2297,8.215233616957756
13:18:50,2297,8.215233616957756
13:18:51,2297,8.215233616957756
13:18:52,2297,8.213257236645777
13:18:53,2298,8.213257236645777
13:18:54,2298,8.210633855331842
13:18:55,2298,8.209846451997615
13:18:56,2299,8.20785277901952
13:18:57,2299,8.20785277901952
13:18:58,2299,8.20785277901952
13:18:59,2300,8.20785277901952
13:19:00,2300,8.20785277901952
13:19:01,2300,8.20785277901952
13:19:02,2300,8.20785277901952
13:19:03,2301,8.20785277901952
13:19:04,2301,8.20785277901952
13:19:05,2301,8.20785277901952
13:19:06,2303,8.2078418230563
13:19:07,2303,8.205813607265148
13:19:08,2303,8.205813607265148
13:19:09,2304,8.203452380952381
13:19:10,2305,8.203452380952381
13:19:11,2305,8.203452380952381
13:19:12,2305,8.201234567901235
13:19:13,2305,8.199427594409753
13:19:14,2305,8.199427594409753
13:19:15,2305,8.19684202704711
13:19:16,2305,8.19684202704711
13:19:17,2305,8.19684202704711
13:19:18,2305,8.19684202704711
13:19:19,2305,8.19684202704711
13:19:20,2305,8.19684202704711
13:19:21,2305,8.195447118241237
13:19:22,2305,8.195447118241237
13:19:23,2305,8.195447118241237
13:19:24,2305,8.195447118241237
13:19:25,2306,8.195447118241237
13:19:26,2307,8.195447118241237
13:19:27,2307,8.195447118241237
13:19:28,2307,8.195447118241237
13:19:29,2308,8.194046028210838
13:19:30,2308,8.194046028210838
13:19:31,2308,8.194046028210838
13:19:32,2309,8.194046028210838
13:19:33,2309,8.194046028210838
13:19:34,2309,8.194046028210838
13:19:35,2309,8.194046028210838
13:19:36,2310,8.194046028210838
13:19:37,2310,8.194046028210838
13:19:38,2311,8.194046028210838
13:19:39,2311,8.194046028210838
13:19:40,2311,8.194046028210838
13:19:41,2311,8.192252894033837
13:19:42,2311,8.192252894033837
13:19:43,2311,8.192252894033837
13:19:44,2311,8.190513276961875
13:19:45,2311,8.18884193357058
13:19:46,2311,8.18884193357058
13:19:47,2311,8.18635689936268
13:19:48,2311,8.185637037037036
13:19:49,2311,8.184192210869243
13:19:50,2311,8.184192210869243
13:19:51,2311,8.184192210869243
13:19:52,2311,8.184192210869243
13:19:53,2311,8.184192210869243
13:19:54,2312,8.184192210869243
13:19:55,2313,8.184192210869243
13:19:56,2313,8.184192210869243
13:19:57,2313,8.184192210869243
13:19:58,2313,8.184192210869243
13:19:59,2314,8.184192210869243
13:20:00,2314,8.184192210869243
13:20:01,2314,8.184192210869243
13:20:02,2314,8.18267465956187
13:20:03,2314,8.180085811510578
13:20:04,2314,8.180085811510578
13:20:05,2314,8.180085811510578
13:20:06,2315,8.179931972789115
13:20:07,2316,8.179931972789115
13:20:08,2316,8.179931972789115
13:20:09,2316,8.17769401330377
13:20:10,2316,8.17769401330377
13:20:11,2316,8.17769401330377
13:20:12,2316,8.17769401330377
13:20:13,2316,8.17769401330377
13:20:14,2316,8.17545803782506
13:20:15,2316,8.173733569635209
13:20:16,2316,8.173733569635209
13:20:17,2317,8.173733569635209
13:20:18,2317,8.173733569635209
13:20:19,2317,8.171833480956598
13:20:20,2317,8.171833480956598
13:20:21,2317,8.171833480956598
13:20:22,2318,8.171833480956598
13:20:23,2318,8.170274457724657
13:20:24,2318,8.170274457724657
13:20:25,2320,8.168060471976402
13:20:26,2320,8.168060471976402
13:20:27,2321,8.168060471976402
13:20:28,2321,8.168060471976402
13:20:29,2322,8.168060471976402
13:20:30,2323,8.168060471976402
13:20:31,2324,8.165841073271414
13:20:32,2325,8.165841073271414
13:20:33,2326,8.163608900677866
13:20:34,2326,8.163608900677866
13:20:35,2327,8.163608900677866
13:20:36,2327,8.163153630873472
13:20:37,2327,8.163153630873472
13:20:38,2327,8.163153630873472
13:20:39,2330,8.163153630873472
13:20:40,2330,8.163153630873472
13:20:41,2330,8.160585983510012
13:20:42,2331,8.160585983510012
13:20:43,2333,8.158020603384843
13:20:44,2333,8.155803177405119
13:20:45,2334,8.155803177405119
13:20:46,2334,8.155803177405119
13:20:47,2335,8.155803177405119
13:20:48,2336,8.155803177405119
13:20:49,2336,8.155803177405119
13:20:50,2337,8.15313189236877
13:20:51,2338,8.15313189236877
13:20:52,2338,8.15313189236877
13:20:53,2338,8.15313189236877
13:20:54,2340,8.15313189236877
13:20:55,2340,8.15313189236877
13:20:56,2341,8.150962244748053
13:20:57,2342,8.150962244748053
13:20:58,2342,8.150962244748053
13:20:59,2343,8.150962244748053
13:21:00,2344,8.150962244748053
13:21:01,2344,8.149096916299559
13:21:02,2344,8.149096916299559
13:21:03,2346,8.149096916299559
13:21:04,2347,8.149096916299559
13:21:05,2347,8.147108469103184
13:21:06,2349,8.147108469103184
13:21:07,2349,8.146662265258216
13:21:08,2349,8.146662265258216
13:21:09,2351,8.144354010852032
13:21:10,2351,8.144354010852032
13:21:11,2352,8.144354010852032
13:21:12,2354,8.143154500146585
13:21:13,2354,8.143154500146585
13:21:14,2354,8.143154500146585
13:21:15,2355,8.137829525483305
13:21:16,2356,8.137829525483305
13:21:17,2356,8.137829525483305
13:21:18,2357,8.135412091933832
13:21:19,2359,8.135412091933832
13:21:20,2359,8.135412091933832
13:21:21,2359,8.135412091933832
13:21:22,2361,8.135412091933832
13:21:23,2362,8.135412091933832
13:21:24,2363,8.135412091933832
13:21:25,2363,8.135412091933832
13:21:26,2364,8.135412091933832
13:21:27,2364,8.135412091933832
13:21:28,2364,8.135412091933832
13:21:29,2364,8.135412091933832
13:21:30,2366,8.135412091933832
13:21:31,2366,8.135412091933832
13:21:32,2366,8.135412091933832
13:21:33,2366,8.135412091933832
13:21:34,2366,8.135412091933832
13:21:35,2366,8.135412091933832
13:21:36,2366,8.135412091933832
13:21:37,2367,8.135412091933832
13:21:38,2369,8.135412091933832
13:21:39,2369,8.135412091933832
13:21:40,2369,8.133113842551946
13:21:41,2369,8.133113842551946
13:21:42,2369,8.133113842551946
13:21:43,2369,8.133113842551946
13:21:44,2370,8.133113842551946
13:21:45,2370,8.133113842551946
13:21:46,2370,8.131015065087025
13:21:47,2370,8.129597953216374
13:21:48,2371,8.129597953216374
13:21:49,2372,8.127432077125329
13:21:50,2372,8.127432077125329
13:21:51,2372,8.127432077125329
13:21:52,2372,8.127432077125329
13:21:53,2373,8.127432077125329
13:21:54,2373,8.127432077125329
13:21:55,2374,8.127432077125329
13:21:56,2375,8.125375967294495
13:21:57,2375,8.125375967294495
13:21:58,2376,8.125375967294495
13:21:59,2376,8.125094862813777
13:22:00,2376,8.125094862813777
13:22:01,2376,8.125094862813777
13:22:02,2376,8.125094862813777
13:22:03,2376,8.122676878191102
13:22:04,2376,8.122676878191102
13:22:05,2376,8.122676878191102
13:22:06,2376,8.12050160396617
13:22:07,2376,8.12050160396617
13:22:08,2376,8.12050160396617
13:22:09,2376,8.12050160396617
13:22:10,2376,8.12050160396617
13:22:11,2376,8.12050160396617
13:22:12,2376,8.12050160396617
13:22:13,2376,8.12050160396617
13:22:14,2377,8.12050160396617
13:22:15,2378,8.12050160396617
13:22:16,2378,8.118452120682116
13:22:17,2378,8.118452120682116
13:22:18,2378,8.11627331002331
13:22:19,2379,8.11627331002331
13:22:20,2379,8.11627331002331
13:22:21,2379,8.11352118829183
13:22:22,2379,8.11352118829183
13:22:23,2379,8.11352118829183
13:22:24,2379,8.11160116448326
13:22:25,2379,8.11160116448326
13:22:26,2379,8.11160116448326
13:22:27,2379,8.11160116448326
13:22:28,2379,8.11160116448326
13:22:29,2379,8.108977156991125
13:22:30,2379,8.108977156991125
13:22:31,2379,8.108977156991125
13:22:32,2379,8.108977156991125
13:22:33,2379,8.108977156991125
13:22:34,2380,8.106595404304828
13:22:35,2381,8.106595404304828
13:22:36,2381,8.106595404304828
13:22:37,2381,8.103908747457135
13:22:38,2381,8.103908747457135
13:22:39,2382,8.103908747457135
13:22:40,2382,8.103908747457135
13:22:41,2382,8.103908747457135
13:22:42,2382,8.103908747457135
13:22:43,2382,8.103908747457135
13:22:44,2382,8.103908747457135
13:22:45,2382,8.103908747457135
13:22:46,2382,8.103908747457135
13:22:47,2382,8.103908747457135
13:22:48,2382,8.102004357298474
13:22:49,2382,8.099499128919861
13:22:50,2382,8.099499128919861
13:22:51,2382,8.09809254424137
13:22:52,2382,8.09809254424137
13:22:53,2382,8.095577787443817
13:22:54,2383,8.095577787443817
13:22:55,2383,8.095577787443817
13:22:56,2383,8.095577787443817
13:22:57,2383,8.095577787443817
13:22:58,2383,8.095577787443817
13:22:59,2383,8.095577787443817
13:23:00,2383,8.093311594202898
13:23:01,2383,8.093311594202898
13:23:02,2383,8.093311594202898
13:23:03,2383,8.093311594202898
13:23:04,2384,8.093311594202898
13:23:05,2384,8.093311594202898
13:23:06,2384,8.093311594202898
13:23:07,2386,8.093311594202898
13:23:08,2386,8.09115601912212
13:23:09,2386,8.09115601912212
13:23:10,2388,8.09115601912212
13:23:11,2388,8.088449848024316
13:23:12,2388,8.088449848024316
13:23:13,2389,8.088449848024316
13:23:14,2389,8.086118344907408
13:23:15,2389,8.086118344907408
13:23:16,2389,8.086118344907408
13:23:17,2390,8.086118344907408
13:23:18,2390,8.086118344907408
13:23:19,2390,8.086118344907408
13:23:20,2390,8.086118344907408
13:23:21,2390,8.086118344907408
13:23:22,2390,8.086118344907408
13:23:23,2390,8.086118344907408
13:23:24,2390,8.086118344907408
13:23:25,2390,8.086118344907408
13:23:26,2390,8.085892986261749
13:23:27,2390,8.0836947094536
13:23:28,2390,8.0836947094536
13:23:29,2390,8.0836947094536
13:23:30,2391,8.0836947094536
13:23:31,2391,8.0836947094536
13:23:32,2391,8.0836947094536
13:23:33,2391,8.0836947094536
13:23:34,2392,8.0836947094536
13:23:35,2392,8.0836947094536
13:23:36,2392,8.0836947094536
13:23:37,2392,8.0836947094536
13:23:38,2393,8.08170784568704
13:23:39,2393,8.08170784568704
13:23:40,2393,8.080011554015021
13:23:41,2393,8.080049083297244
13:23:42,2393,8.080049083297244
13:23:43,2394,8.080049083297244
13:23:44,2394,8.077835497835498
13:23:45,2394,8.077835497835498
13:23:46,2395,8.077835497835498
13:23:47,2395,8.076006057983557
13:23:48,2396,8.076006057983557
13:23:49,2396,8.07387543252595
13:23:50,2397,8.07387543252595
13:23:51,2397,8.07387543252595
13:23:52,2397,8.07387543252595
13:23:53,2397,8.07387543252595
13:23:54,2398,8.07387543252595
13:23:55,2398,8.07387543252595
13:23:56,2398,8.07387543252595
13:23:57,2399,8.07387543252595
13:23:58,2399,8.073331892203488
13:23:59,2400,8.073331892203488
13:24:00,2400,8.073331892203488
13:24:01,2401,8.073331892203488
13:24:02,2401,8.073331892203488
13:24:03,2401,8.073331892203488
13:24:04,2402,8.073331892203488
13:24:05,2402,8.073331892203488
13:24:06,2402,8.073331892203488
13:24:07,2403,8.071276289253818
13:24:08,2404,8.071276289253818
13:24:09,2404,8.071276289253818
13:24:10,2405,8.071276289253818
13:24:11,2406,8.071276289253818
13:24:12,2406,8.071276289253818
13:24:13,2406,8.071276289253818
13:24:14,2406,8.07
13:24:15,2406,8.07
13:24:16,2406,8.07
13:24:17,2407,8.066163141993957
13:24:18,2407,8.066163141993957
13:24:19,2408,8.066163141993957
13:24:20,2408,8.064265171124534
13:24:21,2409,8.064265171124534
13:24:22,2409,8.062146039959753
13:24:23,2409,8.062146039959753
13:24:24,2409,8.062146039959753
13:24:25,2409,8.062146039959753
13:24:26,2410,8.062146039959753
13:24:27,2411,8.060352011494253
13:24:28,2411,8.060352011494253
13:24:29,2411,8.05897601608502
13:24:30,2413,8.05897601608502
13:24:31,2413,8.059244903818547
13:24:32,2413,8.059244903818547
13:24:33,2414,8.059244903818547
13:24:34,2414,8.057375520160711
13:24:35,2414,8.057375520160711
13:24:36,2414,8.057375520160711
13:24:37,2415,8.055579460699942
13:24:38,2415,8.055579460699942
13:24:39,2416,8.055579460699942
13:24:40,2417,8.055579460699942
13:24:41,2417,8.055579460699942
13:24:42,2417,8.055579460699942
13:24:43,2418,8.055579460699942
13:24:44,2419,8.055579460699942
13:24:45,2419,8.055579460699942
13:24:46,2419,8.055579460699942
13:24:47,2420,8.055579460699942
13:24:48,2422,8.05453046594982
13:24:49,2422,8.05453046594982
13:24:50,2422,8.0542633992548
13:24:51,2423,8.0542633992548
13:24:52,2424,8.0542633992548
13:24:53,2424,8.0542633992548
13:24:54,2424,8.0542633992548
13:24:55,2425,8.0542633992548
13:24:56,2425,8.0542633992548
13:24:57,2425,8.050451030927835
13:24:58,2426,8.050451030927835
13:24:59,2426,8.050451030927835
13:25:00,2427,8.050451030927835
13:25:01,2427,8.050451030927835
13:25:02,2427,8.048676112780878
13:25:03,2427,8.048676112780878
13:25:04,2427,8.048676112780878
13:25:05,2428,8.048676112780878
13:25:06,2428,8.046981402002862
13:25:07,2428,8.046981402002862
13:25:08,2428,8.046981402002862
13:25:09,2428,8.045345345345346
13:25:10,2428,8.045345345345346
13:25:11,2428,8.045345345345346
13:25:12,2428,8.043710691823899
13:25:13,2428,8.043710691823899
13:25:14,2428,8.043710691823899
13:25:15,2429,8.042198885555079
13:25:16,2429,8.042198885555079
13:25:17,2429,8.042198885555079
13:25:18,2430,8.04083833190517
13:25:19,2431,8.04083833190517
13:25:20,2431,8.04083833190517
13:25:21,2431,8.040492505353319
13:25:22,2431,8.040492505353319
13:25:23,2431,8.040492505353319
13:25:24,2432,8.040492505353319
13:25:25,2432,8.040492505353319
13:25:26,2432,8.039005422374428
13:25:27,2432,8.039005422374428
13:25:28,2432,8.039005422374428
13:25:29,2432,8.039005422374428
13:25:30,2432,8.039005422374428
13:25:31,2432,8.037469690486379
13:25:32,2432,8.037469690486379
13:25:33,2432,8.037469690486379
13:25:34,2432,8.037469690486379
13:25:35,2432,8.037469690486379
13:25:36,2432,8.037469690486379
13:25:37,2434,8.037469690486379
13:25:38,2434,8.037469690486379
13:25:39,2435,8.037469690486379
13:25:40,2435,8.037469690486379
13:25:41,2436,8.036177644710579
13:25:42,2436,8.036177644710579
13:25:43,2437,8.034316239316238
13:25:44,2437,8.034316239316238
13:25:45,2437,8.034316239316238
13:25:46,2438,8.034316239316238
13:25:47,2438,8.034316239316238
13:25:48,2439,8.034316239316238
13:25:49,2439,8.034316239316238
13:25:50,2439,8.034316239316238
13:25:51,2439,8.034316239316238
13:25:52,2439,8.032742417770184
13:25:53,2439,8.032742417770184
13:25:54,2439,8.032742417770184
13:25:55,2439,8.032742417770184
13:25:56,2439,8.032742417770184
13:25:57,2439,8.032742417770184
13:25:58,2439,8.032742417770184
13:25:59,2439,8.032742417770184
13:26:00,2440,8.030315969257044
13:26:01,2440,8.030315969257044
13:26:02,2440,8.030315969257044
13:26:03,2440,8.030315969257044
13:26:04,2440,8.028773652013088
13:26:05,2441,8.028773652013088
13:26:06,2441,8.027453071672355
13:26:07,2441,8.027453071672355
13:26:08,2442,8.027453071672355
13:26:09,2442,8.027453071672355
13:26:10,2442,8.027453071672355
13:26:11,2442,8.026098081023454
13:26:12,2443,8.026098081023454
13:26:13,2443,8.02492185279909
13:26:14,2443,8.02492185279909
13:26:15,2443,8.02492185279909
13:26:16,2444,8.02492185279909
13:26:17,2444,8.02492185279909
13:26:18,2444,8.023675614259338
13:26:19,2445,8.023675614259338
13:26:20,2445,8.023675614259338
13:26:21,2445,8.022373651334469
13:26:22,2445,8.022373651334469
13:26:23,2446,8.02121470129133
13:26:24,2446,8.019716312056737
13:26:25,2446,8.019530696157664
13:26:26,2447,8.019530696157664
13:26:27,2447,8.019530696157664
13:26:28,2447,8.019530696157664
13:26:29,2447,8.019302721088435
13:26:30,2447,8.019302721088435
13:26:31,2447,8.019302721088435
13:26:32,2447,8.019302721088435
13:26:33,2448,8.018132880011333
13:26:34,2449,8.018132880011333
13:26:35,2449,8.018132880011333
13:26:36,2449,8.018132880011333
13:26:37,2449,8.018132880011333
13:26:38,2449,8.018132880011333
13:26:39,2449,8.018132880011333
13:26:40,2449,8.018132880011333
13:26:41,2449,8.016723307844803
13:26:42,2449,8.016723307844803
13:26:43,2449,8.016723307844803
13:26:44,2449,8.016723307844803
13:26:45,2449,8.016723307844803
13:26:46,2449,8.014289756649688
13:26:47,2449,8.014289756649688
13:26:48,2449,8.014289756649688
13:26:49,2449,8.014289756649688
13:26:50,2450,8.014289756649688
13:26:51,2450,8.014289756649688
13:26:52,2450,8.01320181021072
13:26:53,2450,8.01320181021072
13:26:54,2450,8.01320181021072
13:26:55,2450,8.01320181021072
13:26:56,2450,8.01320181021072
13:26:57,2450,8.01320181021072
13:26:58,2450,8.01320181021072
13:26:59,2450,8.01103336160588
13:27:00,2450,8.01103336160588
13:27:01,2451,8.01103336160588
13:27:02,2451,8.010491733785503
13:27:03,2451,8.009385593220339
13:27:04,2451,8.009385593220339
13:27:05,2452,8.009385593220339
13:27:06,2452,8.009385593220339
13:27:07,2452,8.009385593220339
13:27:08,2452,8.009385593220339
13:27:09,2453,8.009385593220339
13:27:10,2453,8.00851334180432
13:27:11,2453,8.00851334180432
13:27:12,2454,8.00851334180432
13:27:13,2454,8.007359582274908
13:27:14,2454,8.007359582274908
13:27:15,2455,8.007359582274908
13:27:16,2455,8.005557906615884
13:27:17,2455,8.00562605752961
13:27:18,2455,8.00562605752961
13:27:19,2456,8.005081042988019
13:27:20,2456,8.005081042988019
13:27:21,2456,8.005081042988019
13:27:22,2456,8.003853198083966
13:27:23,2456,8.003853198083966
13:27:24,2456,8.003853198083966
13:27:25,2456,8.00304886635685
13:27:26,2456,8.00304886635685
13:27:27,2456,8.00304886635685
13:27:28,2457,8.00304886635685
13:27:29,2457,8.00304886635685
13:27:30,2457,8.00304886635685
13:27:31,2457,8.00304886635685
13:27:32,2457,8.00304886635685
13:27:33,2458,8.00304886635685
13:27:34,2458,8.00304886635685
13:27:35,2459,8.002231137387387
13:27:36,2459,8.002231137387387
13:27:37,2459,8.000977909103701
13:27:38,2460,7.999500703234881
13:27:39,2460,7.999500703234881
13:27:40,2460,7.997455363419092
13:27:41,2460,7.997455363419092
13:27:42,2461,7.997455363419092
13:27:43,2461,7.996514896008994
13:27:44,2461,7.996514896008994
13:27:45,2461,7.996514896008994
13:27:46,2461,7.994718359320129
13:27:47,2461,7.994718359320129
13:27:48,2461,7.994718359320129
13:27:49,2461,7.994718359320129
13:27:50,2461,7.994718359320129
13:27:51,2461,7.994718359320129
13:27:52,2461,7.994718359320129
13:27:53,2461,7.994718359320129
13:27:54,2461,7.993379668632406
13:27:55,2461,7.993379668632406
13:27:56,2461,7.992259649122807
13:27:57,2461,7.992259649122807
13:27:58,2461,7.992259649122807
13:27:59,2461,7.9893493198709855
13:28:00,2461,7.9893493198709855
13:28:01,2461,7.9893493198709855
13:28:02,2461,7.9893493198709855
13:28:03,2461,7.9876366694701435
13:28:04,2461,7.9876366694701435
13:28:05,2462,7.9876366694701435
13:28:06,2462,7.9876366694701435
13:28:07,2462,7.9876366694701435
13:28:08,2462,7.987845032927
13:28:09,2462,7.987845032927
13:28:10,2462,7.987845032927
13:28:11,2462,7.986589635854342
13:28:12,2462,7.986231275374492
13:28:13,2462,7.986231275374492
13:28:14,2462,7.986231275374492
13:28:15,2462,7.986231275374492
13:28:16,2463,7.986231275374492
13:28:17,2463,7.985131542121467
13:28:18,2464,7.985131542121467
13:28:19,2464,7.985131542121467
13:28:20,2464,7.983473213036788
13:28:21,2465,7.983473213036788
13:28:22,2465,7.983473213036788
13:28:23,2465,7.983473213036788
13:28:24,2465,7.983473213036788
13:28:25,2465,7.983473213036788
13:28:26,2465,7.983473213036788
13:28:27,2465,7.982005033557047
13:28:28,2465,7.980824598183089
13:28:29,2465,7.980824598183089
13:28:30,2465,7.9797080189997205
13:28:31,2465,7.979353442256668
13:28:32,2465,7.979353442256668
13:28:33,2465,7.979353442256668
13:28:34,2465,7.979353442256668
13:28:35,2465,7.978294249022892
13:28:36,2465,7.978294249022892
13:28:37,2465,7.976949909306543
13:28:38,2465,7.976949909306543
13:28:39,2465,7.976949909306543
13:28:40,2465,7.976949909306543
13:28:41,2465,7.976949909306543
13:28:42,2465,7.976949909306543
13:28:43,2465,7.976949909306543
13:28:44,2465,7.976949909306543
13:28:45,2465,7.976949909306543
13:28:46,2465,7.976949909306543
13:28:47,2465,7.976949909306543
13:28:48,2465,7.976949909306543
13:28:49,2465,7.976949909306543
13:28:50,2465,7.9766248256624825
13:28:51,2465,7.9766248256624825
13:28:52,2465,7.975128955806497
13:28:53,2466,7.975128955806497
13:28:54,2466,7.9719111296838
13:28:55,2466,7.9719111296838
13:28:56,2466,7.9719111296838
13:28:57,2466,7.9719111296838
13:28:58,2466,7.9719111296838
13:28:59,2466,7.9719111296838
13:29:00,2466,7.972041214146477
13:29:01,2466,7.972041214146477
13:29:02,2466,7.972041214146477
13:29:03,2466,7.971551844119693
13:29:04,2466,7.970659432387312
13:29:05,2466,7.970659432387312
13:29:06,2466,7.970659432387312
13:29:07,2466,7.970659432387312
13:29:08,2466,7.970659432387312
13:29:09,2466,7.969141983034349
13:29:10,2466,7.969141983034349
13:29:11,2466,7.969141983034349
13:29:12,2466,7.967458993605783
13:29:13,2467,7.967458993605783
13:29:14,2467,7.967458993605783
13:29:15,2467,7.966138668889815
13:29:16,2467,7.966138668889815
13:29:17,2468,7.966138668889815
13:29:18,2468,7.964875
13:29:19,2468,7.964875
13:29:20,2469,7.964875
13:29:21,2469,7.964875
13:29:22,2469,7.964875
13:29:23,2470,7.964875
13:29:24,2470,7.964875
13:29:25,2470,7.964875
13:29:26,2470,7.964875
13:29:27,2470,7.963751214771623
13:29:28,2470,7.963751214771623
13:29:29,2470,7.963751214771623
13:29:30,2470,7.963751214771623
13:29:31,2470,7.963751214771623
13:29:32,2470,7.963751214771623
13:29:33,2470,7.962683874548987
13:29:34,2470,7.962683874548987
13:29:35,2470,7.961457899847413
13:29:36,2470,7.960115085967831
13:29:37,2470,7.960115085967831
13:29:38,2470,7.960115085967831
13:29:39,2470,7.960115085967831
13:29:40,2470,7.960115085967831
13:29:41,2470,7.960115085967831
13:29:42,2470,7.958419958419958
13:29:43,2470,7.957488223884733
13:29:44,2470,7.957488223884733
13:29:45,2470,7.957488223884733
13:29:46,2470,7.957488223884733
13:29:47,2470,7.957488223884733
13:29:48,2470,7.957488223884733
13:29:49,2470,7.957488223884733
13:29:50,2470,7.957845173798643
13:29:51,2470,7.957845173798643
13:29:52,2470,7.957668881506091
13:29:53,2470,7.957361284073613
13:29:54,2470,7.957361284073613
13:29:55,2470,7.957361284073613
13:29:56,2470,7.955262793914246
13:29:57,2470,7.955262793914246
13:29:58,2470,7.955262793914246
13:29:59,2470,7.955262793914246
13:30:00,2470,7.955262793914246
13:30:01,2471,7.953387252868795
13:30:02,2471,7.953387252868795
13:30:03,2471,7.952321724709785
13:30:04,2471,7.952321724709785
13:30:05,2471,7.950656167979003
13:30:06,2471,7.950656167979003
13:30:07,2471,7.950656167979003
13:30:08,2471,7.950656167979003
13:30:09,2472,7.950656167979003
13:30:10,2472,7.950656167979003
13:30:11,2472,7.950656167979003
13:30:12,2473,7.950656167979003
13:30:13,2473,7.950656167979003
13:30:14,2473,7.950656167979003
13:30:15,2473,7.950656167979003
13:30:16,2474,7.950656167979003
13:30:17,2474,7.950656167979003
13:30:18,2474,7.950656167979003
13:30:19,2474,7.950656167979003
13:30:20,2474,7.950656167979003
13:30:21,2474,7.949682408174538
13:30:22,2475,7.949682408174538
13:30:23,2475,7.949682408174538
13:30:24,2475,7.949682408174538
13:30:25,2476,7.949682408174538
13:30:26,2476,7.949682408174538
13:30:27,2476,7.949095928226362
13:30:28,2476,7.949095928226362
13:30:29,2477,7.949095928226362
13:30:30,2477,7.94790976821192
13:30:31,2477,7.94790976821192
13:30:32,2477,7.94790976821192
13:30:33,2478,7.947248655357882
13:30:34,2478,7.945368072787428
13:30:35,2478,7.945368072787428
13:30:36,2478,7.943337467272978
13:30:37,2478,7.943337467272978
13:30:38,2478,7.942465564738291
13:30:39,2478,7.942465564738291
13:30:40,2478,7.942465564738291
13:30:41,2478,7.943136444995181
13:30:42,2478,7.943136444995181
13:30:43,2478,7.943136444995181
13:30:44,2478,7.943136444995181
13:30:45,2478,7.943136444995181
13:30:46,2478,7.943136444995181
13:30:47,2478,7.943136444995181
13:30:48,2478,7.943136444995181
13:30:49,2478,7.943136444995181
13:30:50,2478,7.943136444995181
13:30:51,2478,7.941694192127718
13:30:52,2478,7.941694192127718
13:30:53,2478,7.940707112395103
13:30:54,2478,7.940707112395103
13:30:55,2478,7.940456545654566
13:30:56,2478,7.940456545654566
13:30:57,2478,7.940456545654566
13:30:58,2479,7.938254295532646
13:30:59,2479,7.938254295532646
13:31:00,2479,7.938254295532646
13:31:01,2479,7.937737015663644
13:31:02,2479,7.937737015663644
13:31:03,2479,7.937737015663644
13:31:04,2479,7.937737015663644
13:31:05,2479,7.937737015663644
13:31:06,2479,7.937737015663644
13:31:07,2479,7.938497459140228
13:31:08,2479,7.938497459140228
13:31:09,2479,7.938497459140228
13:31:10,2479,7.938497459140228
13:31:11,2479,7.938497459140228
13:31:12,2479,7.936415431081824
13:31:13,2479,7.936415431081824
13:31:14,2479,7.936415431081824
13:31:15,2479,7.935872101001784
13:31:16,2480,7.935872101001784
13:31:17,2480,7.935185185185185
13:31:18,2480,7.935185185185185
13:31:19,2480,7.933490953947368
13:31:20,2480,7.933490953947368
13:31:21,2480,7.933490953947368
13:31:22,2480,7.933490953947368
13:31:23,2480,7.932860665844637
13:31:24,2480,7.932860665844637
13:31:25,2480,7.932860665844637
13:31:26,2480,7.931313338811284
13:31:27,2480,7.931313338811284
13:31:28,2480,7.931313338811284
13:31:29,2480,7.931313338811284
13:31:30,2480,7.931313338811284
13:31:31,2480,7.931313338811284
13:31:32,2480,7.931313338811284
13:31:33,2480,7.931313338811284
13:31:34,2480,7.931313338811284
13:31:35,2480,7.931313338811284
13:31:36,2480,7.931313338811284
13:31:37,2480,7.930499657768651
13:31:38,2480,7.930499657768651
13:31:39,2480,7.930499657768651
13:31:40,2480,7.930499657768651
13:31:41,2480,7.930499657768651
13:31:42,2480,7.930499657768651
13:31:43,2480,7.929161537409383
13:31:44,2480,7.929161537409383
13:31:45,2480,7.926873120043751
13:31:46,2480,7.926873120043751
13:31:47,2480,7.926873120043751
13:31:48,2480,7.926873120043751
13:31:49,2480,7.926873120043751
13:31:50,2480,7.926873120043751
13:31:51,2480,7.926458931255979
13:31:52,2480,7.926458931255979
13:31:53,2480,7.926458931255979
13:31:54,2480,7.926458931255979
13:31:55,2480,7.926458931255979
13:31:56,2480,7.926458931255979
13:31:57,2480,7.926458931255979
13:31:58,2480,7.926458931255979
13:31:59,2480,7.927527322404372
13:32:00,2480,7.927527322404372
13:32:01,2480,7.927527322404372
13:32:02,2480,7.927527322404372
13:32:03,2480,7.927527322404372
13:32:04,2480,7.927527322404372
13:32:05,2480,7.92729072784378
13:32:06,2481,7.92729072784378
13:32:07,2481,7.924280256515214
13:32:08,2481,7.924280256515214
13:32:09,2481,7.924280256515214
13:32:10,2481,7.9234247135842875
13:32:11,2481,7.9234247135842875
13:32:12,2481,7.9234247135842875
13:32:13,2481,7.9234247135842875
13:32:14,2481,7.9234247135842875
13:32:15,2481,7.9234247135842875
13:32:16,2481,7.922044989775051
13:32:17,2482,7.922044989775051
13:32:18,2482,7.922044989775051
13:32:19,2482,7.922044989775051
13:32:20,2482,7.922044989775051
13:32:21,2482,7.922044989775051
13:32:22,2482,7.922044989775051
13:32:23,2483,7.922044989775051
13:32:24,2483,7.922044989775051
13:32:25,2483,7.921708912510221
13:32:26,2483,7.921708912510221
13:32:27,2483,7.921708912510221
13:32:28,2483,7.921708912510221
13:32:29,2483,7.921708912510221
13:32:30,2483,7.921708912510221
13:32:31,2482,7.924205862304022
13:32:32,2482,7.922912409753439
13:32:33,2482,7.922912409753439
13:32:34,2481,7.925299809212319
13:32:35,2480,7.927689161554192
13:32:36,2480,7.927689161554192
13:32:37,2480,7.927689161554192
13:32:38,2480,7.927689161554192
13:32:39,2479,7.929004771642808
13:32:40,2479,7.926621695284819
13:32:41,2478,7.929004771642808
13:32:42,2478,7.929004771642808
13:32:43,2477,7.9308179959100205
13:32:44,2477,7.9308179959100205
13:32:45,2477,7.9308179959100205
13:32:46,2477,7.9308179959100205
13:32:47,2476,7.933210583742499
13:32:48,2476,7.934458077709611
13:32:49,2476,7.934458077709611
13:32:50,2476,7.934458077709611
13:32:51,2477,7.934458077709611
13:32:52,2476,7.935957736877982
13:32:53,2476,7.935957736877982
13:32:54,2476,7.935957736877982
13:32:55,2476,7.935690923957481
13:32:56,2476,7.935690923957481
13:32:57,2475,7.9373466884709725
13:32:58,2474,7.937489779231398
13:32:59,2474,7.937489779231398
13:33:00,2473,7.9389070591441815
13:33:01,2473,7.9389070591441815
13:33:02,2473,7.9389070591441815
13:33:03,2473,7.9389070591441815
13:33:04,2473,7.9389070591441815
13:33:05,2473,7.9389070591441815
13:33:06,2473,7.937242882441084
13:33:07,2474,7.937242882441084
13:33:08,2474,7.937242882441084
13:33:09,2474,7.937242882441084
13:33:10,2474,7.939424911420005
13:33:11,2474,7.939424911420005
13:33:12,2474,7.939424911420005
13:33:13,2474,7.939424911420005
13:33:14,2474,7.939424911420005
13:33:15,2474,7.939424911420005
13:33:16,2474,7.941710974778459
13:33:17,2474,7.941710974778459
13:33:18,2474,7.941710974778459
13:33:19,2475,7.941710974778459
13:33:20,2475,7.941710974778459
13:33:21,2476,7.940862632869992
13:33:22,2475,7.9430470347648265
13:33:23,2475,7.9430470347648265
13:33:24,2475,7.941032979013356
13:33:25,2475,7.941032979013356
13:33:26,2474,7.943210633946831
13:33:27,2475,7.943210633946831
13:33:28,2475,7.943210633946831
13:33:29,2475,7.943210633946831
13:33:30,2475,7.943210633946831
13:33:31,2475,7.942586535840829
13:33:32,2475,7.942586535840829
13:33:33,2475,7.942586535840829
13:33:34,2475,7.942586535840829
13:33:35,2475,7.942586535840829
13:33:36,2475,7.942586535840829
13:33:37,2474,7.944662576687117
13:33:38,2473,7.94683578832515
13:33:39,2473,7.94683578832515
13:33:40,2472,7.949017601309865
13:33:41,2471,7.94905853458862
13:33:42,2471,7.94905853458862
13:33:43,2470,7.951126126126126
13:33:44,2469,7.953188583913697
13:33:45,2469,7.952170352170352
13:33:46,2468,7.954240065546907
13:33:47,2468,7.954240065546907
13:33:48,2468,7.954240065546907
13:33:49,2468,7.954240065546907
13:33:50,2468,7.9535353535353535
13:33:51,2468,7.9535353535353535
13:33:52,2467,7.955259926320098
13:33:53,2467,7.955259926320098
13:33:54,2467,7.955259926320098
13:33:55,2466,7.957220857220857
13:33:56,2467,7.957220857220857
13:33:57,2467,7.957220857220857
13:33:58,2467,7.957220857220857
13:33:59,2467,7.957220857220857
13:34:00,2467,7.957220857220857
13:34:01,2467,7.957220857220857
13:34:02,2467,7.957220857220857
13:34:03,2467,7.957220857220857
13:34:04,2466,7.959094633346989
13:34:05,2466,7.959094633346989
13:34:06,2465,7.961065573770492
13:34:07,2465,7.961065573770492
13:34:08,2466,7.961065573770492
13:34:09,2465,7.963044963782972
13:34:10,2465,7.962452185792349
13:34:11,2465,7.962452185792349
13:34:12,2465,7.962452185792349
13:34:13,2465,7.962452185792349
13:34:14,2466,7.962452185792349
13:34:15,2466,7.962452185792349
13:34:16,2465,7.964432144321443
13:34:17,2465,7.964432144321443
13:34:18,2465,7.964432144321443
13:34:19,2465,7.964432144321443
13:34:20,2465,7.964432144321443
13:34:21,2465,7.964432144321443
13:34:22,2465,7.964432144321443
13:34:23,2465,7.963743169398907
13:34:24,2465,7.963743169398907
13:34:25,2464,7.965607489408227
13:34:26,2464,7.965607489408227
13:34:27,2464,7.965607489408227
13:34:28,2464,7.963189890710383
13:34:29,2463,7.964978816454831
13:34:30,2464,7.964978816454831
13:34:31,2464,7.964978816454831
13:34:32,2464,7.964978816454831
13:34:33,2464,7.964978816454831
13:34:34,2464,7.964978816454831
13:34:35,2464,7.964978816454831
13:34:36,2464,7.964978816454831
13:34:37,2464,7.964978816454831
13:34:38,2463,7.966851244189226
13:34:39,2464,7.966851244189226
13:34:40,2464,7.963886612021858
13:34:41,2462,7.967432321575061
13:34:42,2462,7.967432321575061
13:34:43,2461,7.969258651347285
13:34:44,2461,7.969258651347285
13:34:45,2459,7.97173645320197
13:34:46,2459,7.97173645320197
13:34:47,2459,7.97173645320197
13:34:48,2459,7.9735865845311436
13:34:49,2459,7.9735865845311436
13:34:50,2459,7.9735865845311436
13:34:51,2459,7.9735865845311436
13:34:52,2459,7.9735865845311436
13:34:53,2459,7.9735865845311436
13:34:54,2459,7.9735865845311436
13:34:55,2459,7.974883689107827
13:34:56,2458,7.976694045174538
13:34:57,2458,7.975362616310892
13:34:58,2457,7.9772553045859
13:34:59,2456,7.978957819775404
13:35:00,2456,7.978957819775404
13:35:01,2455,7.980702836004933
13:35:02,2455,7.980702836004933
13:35:03,2455,7.980702836004933
13:35:04,2455,7.980702836004933
13:35:05,2455,7.980702836004933
13:35:06,2454,7.98249725877193
13:35:07,2453,7.981757127192982
13:35:08,2453,7.979216331004247
13:35:09,2453,7.979216331004247
13:35:10,2454,7.979216331004247
13:35:11,2454,7.979216331004247
13:35:12,2454,7.978006025746371
13:35:13,2454,7.978006025746371
13:35:14,2455,7.978006025746371
13:35:15,2454,7.9796752979860255
13:35:16,2454,7.9772528074500135
13:35:17,2453,7.979058775174681
13:35:18,2453,7.979058775174681
13:35:19,2453,7.979058775174681
13:35:20,2452,7.980598958333333
13:35:21,2452,7.980598958333333
13:35:22,2451,7.982256958727547
13:35:23,2451,7.982256958727547
13:35:24,2450,7.983943758573388
13:35:25,2451,7.983943758573388
13:35:26,2451,7.983943758573388
13:35:27,2452,7.983943758573388
13:35:28,2452,7.983943758573388
13:35:29,2452,7.983943758573388
13:35:30,2453,7.983943758573388
13:35:31,2452,7.98440329218107
13:35:32,2452,7.98440329218107
13:35:33,2451,7.985988747083848
13:35:34,2450,7.986462192946343
13:35:35,2450,7.986462192946343
13:35:36,2450,7.986462192946343
13:35:37,2450,7.984060356652949
13:35:38,2450,7.984060356652949
13:35:39,2450,7.984060356652949
13:35:40,2450,7.984060356652949
13:35:41,2449,7.985673116508851
13:35:42,2448,7.987197968149369
13:35:43,2448,7.984877178537121
13:35:44,2448,7.9862071330589846
13:35:45,2448,7.9862071330589846
13:35:46,2448,7.9862071330589846
13:35:47,2448,7.9862071330589846
13:35:48,2448,7.9862071330589846
13:35:49,2448,7.9862071330589846
13:35:50,2447,7.987642376835461
13:35:51,2447,7.987642376835461
13:35:52,2446,7.989257276221855
13:35:53,2446,7.989257276221855
13:35:54,2445,7.990743029803598
13:35:55,2445,7.990743029803598
13:35:56,2444,7.992243748282495
13:35:57,2444,7.992243748282495
13:35:58,2444,7.992243748282495
13:35:59,2444,7.992243748282495
13:36:00,2444,7.992243748282495
13:36:01,2443,7.993828178694158
13:36:02,2443,7.993828178694158
13:36:03,2443,7.993828178694158
13:36:04,2443,7.995345159515951
13:36:05,2443,7.995345159515951
13:36:06,2441,7.998410404624278
13:36:07,2441,7.998410404624278
13:36:08,2442,7.998410404624278
13:36:09,2442,7.998410404624278
13:36:10,2442,7.998410404624278
13:36:11,2442,7.998410404624278
13:36:12,2443,7.998410404624278
13:36:13,2442,7.999800357978796
13:36:14,2443,7.999800357978796
13:36:15,2444,7.999800357978796
13:36:16,2443,8.001212121212122
13:36:17,2443,7.9992083161228145
13:36:18,2444,7.9992083161228145
13:36:19,2443,7.99838221120749
13:36:20,2444,7.99838221120749
13:36:21,2444,7.999979338842976
13:36:22,2444,7.999979338842976
13:36:23,2444,8.00160534656194
13:36:24,2444,8.00160534656194
13:36:25,2444,8.002991452991454
13:36:26,2443,8.004475244793822
13:36:27,2444,8.004475244793822
13:36:28,2444,8.006105132450331
13:36:29,2444,8.006105132450331
13:36:30,2445,8.006105132450331
13:36:31,2445,8.007446514837818
13:36:32,2445,8.007446514837818
13:36:33,2445,8.007446514837818
13:36:34,2446,8.009050772626932
13:36:35,2447,8.009050772626932
13:36:36,2447,8.007516204661426
13:36:37,2448,8.007516204661426
13:36:38,2449,8.007516204661426
13:36:39,2449,8.004962779156328
13:36:40,2449,8.004962779156328
13:36:41,2449,8.004962779156328
13:36:42,2450,8.004962779156328
13:36:43,2451,8.004962779156328
13:36:44,2451,8.00272151026595
13:36:45,2451,8.00272151026595
13:36:46,2452,8.004156327543424
13:36:47,2452,8.004156327543424
13:36:48,2452,8.004156327543424
13:36:49,2453,8.004156327543424
13:36:50,2454,8.001915392035276
13:36:51,2453,8.003280948442239
13:36:52,2453,8.003280948442239
13:36:53,2453,8.004599365604744
13:36:54,2454,8.004599365604744
13:36:55,2454,8.004599365604744
13:36:56,2454,8.005787803532009
13:36:57,2454,8.005787803532009
13:36:58,2455,8.005787803532009
13:36:59,2455,8.005787803532009
13:37:00,2455,8.005787803532009
13:37:01,2455,8.004718543046359
13:37:02,2455,8.004718543046359
13:37:03,2456,8.004718543046359
13:37:04,2455,8.006114561766735
13:37:05,2456,8.006114561766735
13:37:06,2456,8.006114561766735
13:37:07,2456,8.006114561766735
13:37:08,2456,8.006114561766735
13:37:09,2455,8.00741507870754
13:37:10,2455,8.00741507870754
13:37:11,2455,8.00741507870754
13:37:12,2455,8.00741507870754
13:37:13,2455,8.00741507870754
13:37:14,2454,8.008509462632961
13:37:15,2454,8.008509462632961
13:37:16,2453,8.006962287608784
13:37:17,2453,8.006962287608784
13:37:18,2453,8.006962287608784
13:37:19,2453,8.006962287608784
13:37:20,2452,8.007994748479824
13:37:21,2453,8.007994748479824
13:37:22,2454,8.007994748479824
13:37:23,2454,8.007994748479824
13:37:24,2453,8.011083471531233
13:37:25,2453,8.011083471531233
13:37:26,2452,8.01094527363184
13:37:27,2452,8.01094527363184
13:37:28,2452,8.01094527363184
13:37:29,2452,8.01094527363184
13:37:30,2451,8.012194110327664
13:37:31,2451,8.012194110327664
13:37:32,2450,8.010859947463016
13:37:33,2450,8.010859947463016
13:37:34,2450,8.010859947463016
13:37:35,2450,8.00841625207297
13:37:36,2450,8.00841625207297
13:37:37,2450,8.006078187594971
13:37:38,2449,8.007289939192924
13:37:39,2449,8.007289939192924
13:37:40,2449,8.007289939192924
13:37:41,2449,8.007289939192924
13:37:42,2449,8.007289939192924
13:37:43,2448,8.008530347020601
13:37:44,2448,8.008530347020601
13:37:45,2448,8.008530347020601
13:37:46,2447,8.010585305105852
13:37:47,2447,8.010585305105852
13:37:48,2446,8.011475636766335
13:37:49,2446,8.011475636766335
13:37:50,2446,8.011475636766335
13:37:51,2445,8.012401329455754
13:37:52,2445,8.012401329455754
13:37:53,2445,8.012401329455754
13:37:54,2446,8.012401329455754
13:37:55,2446,8.012401329455754
13:37:56,2446,8.012401329455754
13:37:57,2445,8.013577168190634
13:37:58,2445,8.013577168190634
13:37:59,2445,8.014608454608455
13:38:00,2445,8.014608454608455
13:38:01,2445,8.014608454608455
13:38:02,2446,8.014608454608455
13:38:03,2446,8.014608454608455
13:38:04,2447,8.014608454608455
13:38:05,2447,8.015751525235718
13:38:06,2446,8.016534886946872
13:38:07,2446,8.016534886946872
13:38:08,2445,8.01732583957813
13:38:09,2446,8.014849493688445
13:38:10,2445,8.016160144324173
13:38:11,2445,8.016160144324173
13:38:12,2444,8.01688185478273
13:38:13,2444,8.01688185478273
13:38:14,2445,8.01688185478273
13:38:15,2444,8.016104400944052
13:38:16,2444,8.017686650013877
13:38:17,2445,8.017686650013877
13:38:18,2445,8.017686650013877
13:38:19,2445,8.015210153974198
13:38:20,2445,8.015210153974198
13:38:21,2446,8.015210153974198
13:38:22,2445,8.016305856230918
13:38:23,2445,8.013829934803718
13:38:24,2445,8.011695784803106
13:38:25,2445,8.011695784803106
13:38:26,2446,8.011695784803106
13:38:27,2446,8.00923076923077
13:38:28,2446,8.00923076923077
13:38:29,2446,8.00923076923077
13:38:30,2446,8.00923076923077
13:38:31,2446,8.00923076923077
13:38:32,2446,8.00923076923077
13:38:33,2447,8.00923076923077
13:38:34,2447,8.00687863674148
13:38:35,2446,8.007789327789329
13:38:36,2445,8.008964226289518
13:38:37,2444,8.00990428630878
13:38:38,2445,8.00990428630878
13:38:39,2444,8.011143491534831
13:38:40,2444,8.011143491534831
13:38:41,2443,8.012203248646397
13:38:42,2442,8.012805555555556
13:38:43,2442,8.012805555555556
13:38:44,2443,8.012805555555556
13:38:45,2441,8.014901306644425
13:38:46,2441,8.014901306644425
13:38:47,2441,8.016214712835488
13:38:48,2441,8.016214712835488
13:38:49,2440,8.017153589315525
13:38:50,2441,8.017153589315525
13:38:51,2441,8.017153589315525
13:38:52,2441,8.014893617021277
13:38:53,2440,8.015727601558153
13:38:54,2440,8.015727601558153
13:38:55,2439,8.0166040361865
13:38:56,2439,8.0166040361865
13:38:57,2440,8.0166040361865
13:38:58,2440,8.0166040361865
13:38:59,2440,8.0166040361865
13:39:00,2440,8.0166040361865
13:39:01,2439,8.015845511482254
13:39:02,2439,8.015845511482254
13:39:03,2439,8.015845511482254
13:39:04,2439,8.015845511482254
13:39:05,2439,8.015407623817474
13:39:06,2439,8.015407623817474
13:39:07,2439,8.015407623817474
13:39:08,2439,8.015407623817474
13:39:09,2438,8.01615866388309
13:39:10,2439,8.01615866388309
13:39:11,2439,8.016520467836257
13:39:12,2439,8.014265831593598
13:39:13,2439,8.014265831593598
13:39:14,2439,8.015455304928988
13:39:15,2439,8.013089770354906
13:39:16,2440,8.013089770354906
13:39:17,2439,8.011948503827417
13:39:18,2439,8.009801057317752
13:39:19,2439,8.009801057317752
13:39:20,2440,8.009801057317752
13:39:21,2440,8.009801057317752
13:39:22,2440,8.009801057317752
13:39:23,2440,8.009801057317752
13:39:24,2439,8.012178148921363
13:39:25,2440,8.012178148921363
13:39:26,2439,8.011530967292972
13:39:27,2439,8.011530967292972
13:39:28,2438,8.01236424394319
13:39:29,2439,8.00990257480863
13:39:30,2439,8.00990257480863
13:39:31,2439,8.00990257480863
13:39:32,2439,8.00990257480863
13:39:33,2440,8.00990257480863
13:39:34,2439,8.010714285714286
13:39:35,2439,8.010714285714286
13:39:36,2440,8.010714285714286
13:39:37,2440,8.010714285714286
13:39:38,2440,8.010714285714286
13:39:39,2439,8.011324697033013
13:39:40,2439,8.009287106655528
13:39:41,2439,8.009287106655528
13:39:42,2439,8.009287106655528
13:39:43,2438,8.009931745368435
13:39:44,2438,8.009931745368435
13:39:45,2437,8.008608441287087
13:39:46,2437,8.008608441287087
13:39:47,2436,8.00738264382226
13:39:48,2436,8.00738264382226
13:39:49,2436,8.00738264382226
13:39:50,2436,8.00738264382226
13:39:51,2436,8.00738264382226
13:39:52,2437,8.004908103592314
13:39:53,2438,8.004908103592314
13:39:54,2438,8.004908103592314
13:39:55,2438,8.000459098497496
13:39:56,2438,8.000459098497496
13:39:57,2438,8.000459098497496
13:39:58,2437,8.002609603340293
13:39:59,2437,8.002609603340293
13:40:00,2436,8.00316067947647
13:40:01,2435,8.003893299902494
13:40:02,2434,8.0063754180602
13:40:03,2435,8.0063754180602
13:40:04,2435,8.004478339601615
13:40:05,2436,8.004478339601615
13:40:06,2437,8.004478339601615
13:40:07,2437,8.004478339601615
13:40:08,2437,8.000870231133389
13:40:09,2437,8.000870231133389
13:40:10,2437,8.000870231133389
13:40:11,2437,8.000870231133389
13:40:12,2438,8.000870231133389
13:40:13,2438,8.001358127872964
13:40:14,2438,8.001358127872964
13:40:15,2438,7.999463937621832
13:40:16,2439,7.999463937621832
13:40:17,2439,7.999463937621832
13:40:18,2439,7.999463937621832
13:40:19,2437,8.002647714604237
13:40:20,2437,8.002647714604237
13:40:21,2437,8.0008218414821
13:40:22,2436,8.003184225195094
13:40:23,2437,8.003184225195094
13:40:24,2437,8.003184225195094
13:40:25,2437,8.003184225195094
13:40:26,2437,8.003184225195094
13:40:27,2437,8.003184225195094
13:40:28,2437,8.003184225195094
13:40:29,2437,8.003184225195094
13:40:30,2436,8.004733026627632
13:40:31,2435,8.005076708507671
13:40:32,2435,8.002600027882336
13:40:33,2435,8.002600027882336
13:40:34,2435,8.000947603121515
13:40:35,2434,8.00147776383661
13:40:36,2434,7.999219620958751
13:40:37,2434,7.999219620958751
13:40:38,2434,7.999219620958751
13:40:39,2434,7.999219620958751
13:40:40,2434,7.999219620958751
13:40:41,2433,8.001596263766904
13:40:42,2432,8.002357043235705
13:40:43,2432,7.999993029415865
13:40:44,2432,7.999993029415865
13:40:45,2432,7.999993029415865
13:40:46,2431,8.001199442119944
13:40:47,2431,8.001199442119944
13:40:48,2432,8.001199442119944
13:40:49,2431,8.001513883075207
13:40:50,2431,8.001513883075207
13:40:51,2430,8.003636236739252
13:40:52,2430,8.001967350355796
13:40:53,2430,8.001967350355796
13:40:54,2429,8.002071996651319
13:40:55,2429,8.000397489539749
13:40:56,2429,8.000397489539749
13:40:57,2429,8.000397489539749
13:40:58,2429,7.998856824201868
13:40:59,2429,7.998856824201868
13:41:00,2429,7.996495261984393
13:41:01,2429,7.996495261984393
13:41:02,2429,7.996495261984393
13:41:03,2429,7.996495261984393
13:41:04,2429,7.996495261984393
13:41:05,2429,7.996495261984393
13:41:06,2429,7.996495261984393
13:41:07,2429,7.996495261984393
13:41:08,2428,7.997093266415726
13:41:09,2428,7.997093266415726
13:41:10,2427,7.999581589958159
13:41:11,2427,7.999581589958159
13:41:12,2428,7.999581589958159
13:41:13,2428,7.997971560016729
13:41:14,2428,7.997971560016729
13:41:15,2428,7.997971560016729
13:41:16,2428,7.997971560016729
13:41:17,2428,7.997971560016729
13:41:18,2429,7.995937848383501
13:41:19,2428,7.9936803232998885
13:41:20,2428,7.9936803232998885
13:41:21,2427,7.993789209535759
13:41:22,2427,7.993789209535759
13:41:23,2427,7.993789209535759
13:41:24,2427,7.993995815899582
13:41:25,2427,7.993995815899582
13:41:26,2427,7.993995815899582
13:41:27,2427,7.991969887076537
13:41:28,2428,7.991969887076537
13:41:29,2429,7.991969887076537
13:41:30,2429,7.991969887076537
13:41:31,2429,7.992608089260809
13:41:32,2429,7.992608089260809
13:41:33,2429,7.992608089260809
13:41:34,2428,7.9945235105343935
13:41:35,2430,7.9945235105343935
13:41:36,2430,7.9945235105343935
13:41:37,2430,7.993200836820083
13:41:38,2430,7.990840652446675
13:41:39,2430,7.991171548117155
13:41:40,2430,7.991171548117155
13:41:41,2429,7.9892119944212
13:41:42,2430,7.987947860030671
13:41:43,2430,7.987947860030671
13:41:44,2430,7.985493311036789
13:41:45,2431,7.983618888424572
13:41:46,2431,7.983618888424572
13:41:47,2431,7.983618888424572
13:41:48,2431,7.983618888424572
13:41:49,2431,7.981913116123642
13:41:50,2431,7.981913116123642
13:41:51,2432,7.979561586638831
13:41:52,2432,7.979561586638831
13:41:53,2432,7.979561586638831
13:41:54,2432,7.979561586638831
13:41:55,2430,7.981424989552862
13:41:56,2430,7.981424989552862
13:41:57,2429,7.982413985234713
13:41:58,2429,7.9829083054626535
13:41:59,2429,7.9829083054626535
13:42:00,2429,7.9829083054626535
13:42:01,2428,7.983249686323714
13:42:02,2428,7.983249686323714
13:42:03,2428,7.983249686323714
13:42:04,2427,7.985829846582985
13:42:05,2427,7.985829846582985
13:42:06,2427,7.983709744876621
13:42:07,2427,7.983709744876621
13:42:08,2427,7.983709744876621
13:42:09,2428,7.983709744876621
13:42:10,2428,7.983709744876621
13:42:11,2428,7.983709744876621
13:42:12,2428,7.9812430323299886
13:42:13,2427,7.981465216785167
13:42:14,2426,7.983193863319387
13:42:15,2427,7.983193863319387
13:42:16,2426,7.981910739191075
13:42:17,2427,7.981910739191075
13:42:18,2426,7.981903765690377
13:42:19,2427,7.981903765690377
13:42:20,2426,7.982363610994837
13:42:21,2426,7.982363610994837
13:42:22,2425,7.984840871021776
13:42:23,2425,7.984840871021776
13:42:24,2426,7.984840871021776
13:42:25,2426,7.984840871021776
13:42:26,2426,7.984840871021776
13:42:27,2426,7.982482210129762
13:42:28,2426,7.982482210129762
13:42:29,2426,7.982482210129762
13:42:30,2426,7.981429567642957
13:42:31,2426,7.981429567642957
13:42:32,2425,7.983793777033626
13:42:33,2424,7.9841150195421555
13:42:34,2424,7.983061252964978
13:42:35,2423,7.983396147403685
13:42:36,2423,7.983396147403685
13:42:37,2423,7.981631086926189
13:42:38,2423,7.9792747559274755
13:42:39,2422,7.979754430026511
13:42:40,2422,7.9780334728033475
13:42:41,2422,7.9780334728033475
13:42:42,2422,7.979949769778149
13:42:43,2422,7.977928870292887
13:42:44,2422,7.977928870292887
13:42:45,2422,7.977928870292887
13:42:46,2422,7.977928870292887
13:42:47,2422,7.977928870292887
13:42:48,2421,7.978121947816381
13:42:49,2421,7.976297071129707
13:42:50,2421,7.974383103304057
13:42:51,2421,7.974383103304057
13:42:52,2421,7.971920289855073
13:42:53,2421,7.971920289855073
13:42:54,2421,7.971920289855073
13:42:55,2421,7.971920289855073
13:42:56,2421,7.971920289855073
13:42:57,2421,7.971920289855073
13:42:58,2421,7.971920289855073
13:42:59,2420,7.97188066359961
13:43:00,2420,7.97188066359961
13:43:01,2420,7.97188066359961
13:43:02,2419,7.971903765690376
13:43:03,2419,7.971903765690376
13:43:04,2419,7.971903765690376
13:43:05,2418,7.972240826008092
13:43:06,2418,7.972240826008092
13:43:07,2417,7.972592127303183
13:43:08,2417,7.972592127303183
13:43:09,2417,7.97054555602065
13:43:10,2417,7.97054555602065
13:43:11,2417,7.97054555602065
13:43:12,2417,7.97054555602065
13:43:13,2416,7.970958961474037
13:43:14,2416,7.970958961474037
13:43:15,2416,7.968389842332915
13:43:16,2416,7.968389842332915
13:43:17,2416,7.968389842332915
13:43:18,2415,7.968467336683418
13:43:19,2414,7.970611646418098
13:43:20,2414,7.969465382467894
13:43:21,2413,7.969403714565005
13:43:22,2413,7.969403714565005
13:43:23,2413,7.969403714565005
13:43:24,2413,7.968013679508655
13:43:25,2412,7.9682656053623795
13:43:26,2412,7.96569653824679
13:43:27,2412,7.963848193107297
13:43:28,2412,7.963848193107297
13:43:29,2412,7.963848193107297
13:43:30,2412,7.963848193107297
13:43:31,2412,7.965864042434394
13:43:32,2412,7.965864042434394
13:43:33,2412,7.963297055950886
13:43:34,2412,7.963297055950886
13:43:35,2412,7.960843793584379
13:43:36,2412,7.960843793584379
13:43:37,2411,7.9608901911539
13:43:38,2411,7.958912133891213
13:43:39,2411,7.958912133891213
13:43:40,2410,7.961483186828519
13:43:41,2410,7.961483186828519
13:43:42,2409,7.961850921273031
13:43:43,2409,7.960011162271522
13:43:44,2409,7.960011162271522
13:43:45,2409,7.960011162271522
13:43:46,2409,7.960011162271522
13:43:47,2409,7.960011162271522
13:43:48,2408,7.960280569514238
13:43:49,2408,7.960280569514238
13:43:50,2408,7.960280569514238
13:43:51,2408,7.960280569514238
13:43:52,2408,7.960280569514238
13:43:53,2408,7.960280569514238
13:43:54,2408,7.960280569514238
13:43:55,2407,7.96017316017316
13:43:56,2407,7.96017316017316
13:43:57,2407,7.96017316017316
13:43:58,2407,7.96017316017316
13:43:59,2406,7.962643196423582
13:44:00,2406,7.960885351207932
13:44:01,2407,7.960885351207932
13:44:02,2408,7.960885351207932
13:44:03,2408,7.960885351207932
13:44:04,2408,7.960885351207932
13:44:05,2408,7.958431044109436
13:44:06,2407,7.958315877670716
13:44:07,2407,7.955967336683417
13:44:08,2407,7.953857960094879
13:44:09,2408,7.953857960094879
13:44:10,2408,7.953857960094879
13:44:11,2407,7.953817699609157
13:44:12,2406,7.953833263510683
13:44:13,2406,7.952582356225572
13:44:14,2406,7.952582356225572
13:44:15,2406,7.950125575554625
13:44:16,2406,7.950125575554625
13:44:17,2405,7.952372975991066
13:44:18,2405,7.952372975991066
13:44:19,2406,7.952372975991066
13:44:20,2406,7.952372975991066
13:44:21,2407,7.952372975991066
13:44:22,2407,7.952372975991066
13:44:23,2407,7.952372975991066
13:44:24,2406,7.9549434436531214
13:44:25,2405,7.952764976958525
13:44:26,2405,7.952764976958525
13:44:27,2405,7.952764976958525
13:44:28,2407,7.952764976958525
13:44:29,2406,7.952619446772841
13:44:30,2405,7.955087351502446
13:44:31,2405,7.955087351502446
13:44:32,2405,7.955087351502446
13:44:33,2405,7.955087351502446
13:44:34,2405,7.953324951103661
13:44:35,2405,7.953324951103661
13:44:36,2405,7.953324951103661
13:44:37,2405,7.9509775171065495
13:44:38,2405,7.9509775171065495
13:44:39,2405,7.9509775171065495
13:44:40,2405,7.9509775171065495
13:44:41,2405,7.9509775171065495
13:44:42,2405,7.9509775171065495
13:44:43,2405,7.9509775171065495
13:44:44,2405,7.9509775171065495
13:44:45,2404,7.950810282201732
13:44:46,2404,7.950810282201732
13:44:47,2404,7.950810282201732
13:44:48,2404,7.950810282201732
13:44:49,2404,7.950810282201732
13:44:50,2404,7.950810282201732
13:44:51,2404,7.950810282201732
13:44:52,2404,7.950810282201732
13:44:53,2404,7.950810282201732
13:44:54,2404,7.950810282201732
13:44:55,2404,7.950810282201732
13:44:56,2404,7.948994553833264
13:44:57,2404,7.948994553833264
13:44:58,2403,7.948791561888796
13:44:59,2403,7.948791561888796
13:45:00,2402,7.948658280922432
13:45:01,2402,7.948658280922432
13:45:02,2403,7.948658280922432
13:45:03,2403,7.947492316289466
13:45:04,2403,7.945587208490434
13:45:05,2403,7.945587208490434
13:45:06,2402,7.94351347577154
13:45:07,2402,7.941548017867114
13:45:08,2401,7.9414956011730204
13:45:09,2401,7.9414956011730204
13:45:10,2401,7.9414956011730204
13:45:11,2401,7.9414956011730204
13:45:12,2401,7.9414956011730204
13:45:13,2401,7.9414956011730204
13:45:14,2401,7.9414956011730204
13:45:15,2401,7.9414956011730204
13:45:16,2401,7.9414956011730204
13:45:17,2401,7.9414956011730204
13:45:18,2401,7.9414956011730204
13:45:19,2400,7.9414431405420505
13:45:20,2400,7.9414431405420505
13:45:21,2400,7.9414431405420505
13:45:22,2400,7.9414431405420505
13:45:23,2399,7.9414744933612855
13:45:24,2399,7.9414744933612855
13:45:25,2399,7.9414744933612855
13:45:26,2399,7.9414744933612855
13:45:27,2399,7.9414744933612855
13:45:28,2399,7.9414744933612855
13:45:29,2399,7.9414744933612855
13:45:30,2399,7.9414744933612855
13:45:31,2399,7.939787650181615
13:45:32,2399,7.939787650181615
13:45:33,2398,7.939601677148847
13:45:34,2398,7.939601677148847
13:45:35,2398,7.939601677148847
13:45:36,2397,7.9391918344519015
13:45:37,2397,7.9391918344519015
13:45:38,2397,7.9372466806429065
13:45:39,2397,7.9372466806429065
13:45:40,2397,7.93566638725901
13:45:41,2396,7.935779175401817
13:45:42,2396,7.933878178262085
13:45:43,2395,7.933885394828791
13:45:44,2395,7.933885394828791
13:45:45,2395,7.933885394828791
13:45:46,2395,7.933885394828791
13:45:47,2396,7.933885394828791
13:45:48,2395,7.933578020134228
13:45:49,2395,7.933578020134228
13:45:50,2395,7.933578020134228
13:45:51,2395,7.933578020134228
13:45:52,2395,7.933578020134228
13:45:53,2396,7.9312368972746325
13:45:54,2396,7.9312368972746325
13:45:55,2396,7.9312368972746325
13:45:56,2396,7.9312368972746325
13:45:57,2396,7.9312368972746325
13:45:58,2396,7.9312368972746325
13:45:59,2395,7.931529642058166
13:46:00,2395,7.931529642058166
13:46:01,2396,7.931529642058166
13:46:02,2396,7.931529642058166
13:46:03,2396,7.931529642058166
13:46:04,2396,7.931529642058166
13:46:05,2396,7.931529642058166
13:46:06,2396,7.931529642058166
13:46:07,2395,7.931305077633236
13:46:08,2395,7.928859060402685
13:46:09,2394,7.928479507623444
13:46:10,2394,7.928479507623444
13:46:11,2394,7.928479507623444
13:46:12,2393,7.928302546879373
13:46:13,2394,7.928302546879373
13:46:14,2394,7.928302546879373
13:46:15,2394,7.925849769198489
13:46:16,2394,7.925849769198489
13:46:17,2394,7.925849769198489
13:46:18,2394,7.925849769198489
13:46:19,2394,7.925849769198489
13:46:20,2394,7.925849769198489
13:46:21,2394,7.925849769198489
13:46:22,2394,7.925849769198489
13:46:23,2394,7.925849769198489
13:46:24,2394,7.925849769198489
13:46:25,2394,7.923517897091723
13:46:26,2394,7.923517897091723
13:46:27,2393,7.920672539149888
13:46:28,2392,7.92312910896629
13:46:29,2392,7.92138562639821
13:46:30,2392,7.92138562639821
13:46:31,2393,7.92138562639821
13:46:32,2392,7.923828507483564
13:46:33,2391,7.923537643436887
13:46:34,2392,7.9210868652958455
13:46:35,2391,7.923649594178561
13:46:36,2391,7.921212757028955
13:46:37,2391,7.921212757028955
13:46:38,2390,7.923656591099916
13:46:39,2390,7.923656591099916
13:46:40,2389,7.923379532409352
13:46:41,2389,7.923379532409352
13:46:42,2388,7.923193277310925
13:46:43,2388,7.923193277310925
13:46:44,2389,7.923193277310925
13:46:45,2388,7.9256480313857365
13:46:46,2388,7.9256480313857365
13:46:47,2388,7.9256480313857365
13:46:48,2388,7.9256480313857365
13:46:49,2388,7.9256480313857365
13:46:50,2388,7.9256480313857365
13:46:51,2388,7.9256480313857365
13:46:52,2388,7.9256480313857365
13:46:53,2388,7.9256480313857365
13:46:54,2388,7.9256480313857365
13:46:55,2388,7.9256480313857365
13:46:56,2387,7.922866750735603
13:46:57,2387,7.922866750735603
13:46:58,2387,7.922866750735603
13:46:59,2388,7.922866750735603
13:47:00,2388,7.922866750735603
13:47:01,2388,7.922866750735603
13:47:02,2387,7.923668348752454
13:47:03,2387,7.923668348752454
13:47:04,2388,7.923668348752454
13:47:05,2389,7.923668348752454
13:47:06,2389,7.923668348752454
13:47:07,2389,7.923668348752454
13:47:08,2388,7.926027205160566
13:47:09,2388,7.926027205160566
13:47:10,2388,7.926027205160566
13:47:11,2388,7.926027205160566
13:47:12,2388,7.926027205160566
13:47:13,2387,7.925694444444445
13:47:14,2386,7.928056140350877
13:47:15,2386,7.928056140350877
13:47:16,2385,7.927969671440606
13:47:17,2385,7.927969671440606
13:47:18,2385,7.927969671440606
13:47:19,2383,7.929820123664981
13:47:20,2383,7.929820123664981
13:47:21,2383,7.929820123664981
13:47:22,2382,7.932271896527484
13:47:23,2381,7.929537466610431
13:47:24,2381,7.929537466610431
13:47:25,2381,7.929537466610431
13:47:26,2381,7.929537466610431
13:47:27,2381,7.929537466610431
13:47:28,2380,7.931666666666667
13:47:29,2380,7.931666666666667
13:47:30,2379,7.931581539327424
13:47:31,2379,7.931581539327424
13:47:32,2379,7.931581539327424
13:47:33,2379,7.931581539327424
13:47:34,2378,7.931228885135136
13:47:35,2377,7.933354457118716
13:47:36,2378,7.933354457118716
13:47:37,2378,7.933354457118716
13:47:38,2378,7.933354457118716
13:47:39,2378,7.933354457118716
13:47:40,2378,7.933354457118716
13:47:41,2378,7.933354457118716
13:47:42,2378,7.933354457118716
13:47:43,2378,7.933354457118716
13:47:44,2378,7.933354457118716
13:47:45,2378,7.933354457118716
13:47:46,2378,7.933354457118716
13:47:47,2378,7.933354457118716
13:47:48,2378,7.933354457118716
13:47:49,2378,7.933354457118716
13:47:50,2378,7.933354457118716
13:47:51,2378,7.933354457118716
13:47:52,2378,7.933354457118716
13:47:53,2378,7.933354457118716
13:47:54,2378,7.933354457118716
13:47:55,2378,7.933354457118716
13:47:56,2377,7.934009580163427
13:47:57,2377,7.934009580163427
13:47:58,2376,7.933551704705551
13:47:59,2377,7.933551704705551
13:48:00,2376,7.935581395348837
13:48:01,2376,7.935581395348837
13:48:02,2376,7.935581395348837
13:48:03,2375,7.934954878736605
13:48:04,2375,7.934954878736605
13:48:05,2374,7.935216532656228
13:48:06,2374,7.935216532656228
13:48:07,2374,7.935216532656228
13:48:08,2374,7.9328468697123515
13:48:09,2373,7.933234588799548
13:48:10,2372,7.935273779283094
13:48:11,2372,7.935273779283094
13:48:12,2371,7.935528730763801
13:48:13,2371,7.935528730763801
13:48:14,2371,7.935528730763801
13:48:15,2371,7.935528730763801
13:48:16,2371,7.935528730763801
13:48:17,2370,7.936186440677966
13:48:18,2370,7.936186440677966
13:48:19,2369,7.938335452875512
13:48:20,2368,7.938683912920554
13:48:21,2368,7.940623674162071
13:48:22,2367,7.9386791118653655
13:48:23,2367,7.9386791118653655
13:48:24,2366,7.940647990945105
13:48:25,2365,7.9409129511677286
13:48:26,2365,7.9409129511677286
13:48:27,2365,7.9409129511677286
13:48:28,2365,7.9409129511677286
13:48:29,2364,7.941220617388842
13:48:30,2364,7.941220617388842
13:48:31,2364,7.941220617388842
13:48:32,2364,7.941220617388842
13:48:33,2364,7.941220617388842
13:48:34,2362,7.9442672902494325
13:48:35,2362,7.9442672902494325
13:48:36,2361,7.944548419112435
13:48:37,2361,7.944548419112435
13:48:38,2361,7.94204223356009
13:48:39,2361,7.94204223356009
13:48:40,2361,7.94204223356009
13:48:41,2361,7.94204223356009
13:48:42,2361,7.94204223356009
13:48:43,2361,7.94204223356009
13:48:44,2361,7.94204223356009
13:48:45,2361,7.94204223356009
13:48:46,2361,7.94204223356009
13:48:47,2360,7.9423720402665525
13:48:48,2359,7.942145186445484
13:48:49,2359,7.942145186445484
13:48:50,2359,7.942145186445484
13:48:51,2358,7.941578051892811
13:48:52,2358,7.941578051892811
13:48:53,2358,7.941578051892811
13:48:54,2358,7.941578051892811
13:48:55,2359,7.938981009070295
13:48:56,2359,7.938981009070295
13:48:57,2358,7.939139373316319
13:48:58,2358,7.939139373316319
13:48:59,2359,7.939139373316319
13:49:00,2359,7.939139373316319
13:49:01,2359,7.939139373316319
13:49:02,2359,7.939139373316319
13:49:03,2359,7.939139373316319
13:49:04,2360,7.939139373316319
13:49:05,2360,7.939139373316319
13:49:06,2358,7.93886524822695
13:49:07,2358,7.93886524822695
13:49:08,2359,7.93886524822695
13:49:09,2359,7.93886524822695
13:49:10,2359,7.936367503190132
13:49:11,2359,7.936367503190132
13:49:12,2359,7.938290780141844
13:49:13,2360,7.938290780141844
13:49:14,2359,7.940123456790123
13:49:15,2359,7.940123456790123
13:49:16,2360,7.940123456790123
13:49:17,2359,7.9417305508233955
13:49:18,2359,7.9417305508233955
13:49:19,2359,7.943445533304928
13:49:20,2359,7.943445533304928
13:49:21,2359,7.941063316297559
13:49:22,2359,7.942870330918904
13:49:23,2359,7.942870330918904
13:49:24,2359,7.942870330918904
13:49:25,2359,7.942870330918904
13:49:26,2358,7.942945439045183
13:49:27,2358,7.942945439045183
13:49:28,2357,7.943084577114428
13:49:29,2358,7.943084577114428
13:49:30,2358,7.943084577114428
13:49:31,2357,7.943287827076222
13:49:32,2357,7.943287827076222
13:49:33,2357,7.943287827076222
13:49:34,2356,7.943356096172997
13:49:35,2356,7.943356096172997
13:49:36,2356,7.943356096172997
13:49:37,2356,7.943356096172997
13:49:38,2356,7.943356096172997
13:49:39,2355,7.9451181326501565
13:49:40,2354,7.9464260287626365
13:49:41,2354,7.94812678062678
13:49:42,2354,7.9456215292609995
13:49:43,2354,7.9456215292609995
13:49:44,2353,7.947229344729345
13:49:45,2353,7.947229344729345
13:49:46,2353,7.947229344729345
13:49:47,2353,7.947229344729345
13:49:48,2353,7.947229344729345
13:49:49,2352,7.9487245261507775
13:49:50,2352,7.9487245261507775
13:49:51,2352,7.9487245261507775
13:49:52,2353,7.9487245261507775
13:49:53,2352,7.949301397205589
13:49:54,2352,7.949301397205589
13:49:55,2352,7.949736128940236
13:49:56,2352,7.949736128940236
13:49:57,2351,7.951398401826483
13:49:58,2351,7.951398401826483
13:49:59,2351,7.951398401826483
13:50:00,2350,7.951898643825839
13:50:01,2351,7.951898643825839
13:50:02,2351,7.951898643825839
13:50:03,2351,7.951898643825839
13:50:04,2352,7.951898643825839
13:50:05,2351,7.9534490145672665
13:50:06,2351,7.9534490145672665
13:50:07,2351,7.9534490145672665
13:50:08,2351,7.9534490145672665
13:50:09,2351,7.9534490145672665
13:50:10,2351,7.9534490145672665
13:50:11,2351,7.9534490145672665
13:50:12,2351,7.9534490145672665
13:50:13,2352,7.9534490145672665
13:50:14,2351,7.955007858265466
13:50:15,2351,7.955007858265466
13:50:16,2350,7.956518010291595
13:50:17,2349,7.956878306878307
13:50:18,2349,7.956878306878307
13:50:19,2350,7.956878306878307
13:50:20,2349,7.957939914163091
13:50:21,2349,7.955534105534105
13:50:22,2348,7.957074391988555
13:50:23,2348,7.957074391988555
13:50:24,2349,7.957074391988555
13:50:25,2350,7.957074391988555
13:50:26,2351,7.957074391988555
13:50:27,2350,7.957499642192643
13:50:28,2349,7.958283218785796
13:50:29,2349,7.958283218785796
13:50:30,2348,7.959783698610514
13:50:31,2348,7.959783698610514
13:50:32,2348,7.959783698610514
13:50:33,2347,7.961378618515334
13:50:34,2347,7.961378618515334
13:50:35,2346,7.961827956989247
13:50:36,2346,7.961827956989247
13:50:37,2345,7.961997991967872
13:50:38,2345,7.961997991967872
13:50:39,2345,7.961997991967872
13:50:40,2345,7.961997991967872
13:50:41,2345,7.961997991967872
13:50:42,2346,7.961997991967872
13:50:43,2346,7.959584229390681
13:50:44,2346,7.959584229390681
13:50:45,2344,7.962268618166164
13:50:46,2344,7.962268618166164
13:50:47,2343,7.963163939132931
13:50:48,2343,7.963163939132931
13:50:49,2344,7.963163939132931
13:50:50,2346,7.960525182953078
13:50:51,2346,7.960525182953078
13:50:52,2347,7.960525182953078
13:50:53,2346,7.9614053976457075
13:50:54,2347,7.9614053976457075
13:50:55,2346,7.961912968548039
13:50:56,2347,7.961912968548039
13:50:57,2347,7.961912968548039
13:50:58,2348,7.961912968548039
13:50:59,2348,7.961912968548039
13:51:00,2348,7.961912968548039
13:51:01,2348,7.961912968548039
13:51:02,2348,7.961912968548039
13:51:03,2348,7.961912968548039
13:51:04,2347,7.963311781609195
13:51:05,2348,7.963311781609195
13:51:06,2349,7.963311781609195
13:51:07,2348,7.961875
13:51:08,2348,7.961875
13:51:09,2347,7.9631378467730345
13:51:10,2347,7.9631378467730345
13:51:11,2348,7.960610632183909
13:51:12,2347,7.961822624694552
13:51:13,2347,7.961822624694552
13:51:14,2347,7.959288793103449
13:51:15,2347,7.959288793103449
13:51:16,2347,7.959288793103449
13:51:17,2346,7.960025873221216
13:51:18,2346,7.960025873221216
13:51:19,2346,7.960025873221216
13:51:20,2346,7.960025873221216
13:51:21,2346,7.960025873221216
13:51:22,2345,7.961274086856486
13:51:23,2345,7.961274086856486
13:51:24,2344,7.962422672996691
13:51:25,2344,7.962422672996691
13:51:26,2344,7.962422672996691
13:51:27,2343,7.964083189407023
13:51:28,2343,7.964083189407023
13:51:29,2343,7.964083189407023
13:51:30,2343,7.964083189407023
13:51:31,2342,7.962924582613701
13:51:32,2342,7.962924582613701
13:51:33,2342,7.962924582613701
13:51:34,2342,7.960502086030787
13:51:35,2341,7.9634773218142545
13:51:36,2341,7.9634773218142545
13:51:37,2340,7.964116969173149
13:51:38,2339,7.965333621559302
13:51:39,2339,7.965333621559302
13:51:40,2339,7.965333621559302
13:51:41,2339,7.965333621559302
13:51:42,2339,7.965333621559302
13:51:43,2338,7.966219723183391
13:51:44,2338,7.963553826199741
13:51:45,2338,7.963553826199741
13:51:46,2338,7.963553826199741
13:51:47,2338,7.963553826199741
13:51:48,2338,7.963553826199741
13:51:49,2338,7.963553826199741
13:51:50,2338,7.963553826199741
13:51:51,2338,7.961243157591472
13:51:52,2338,7.961243157591472
13:51:53,2337,7.963092664649085
13:51:54,2337,7.963092664649085
13:51:55,2336,7.964021049596309
13:51:56,2336,7.964021049596309
13:51:57,2336,7.964021049596309
13:51:58,2335,7.964878119140343
13:51:59,2335,7.962341407151096
13:52:00,2335,7.962341407151096
13:52:01,2335,7.962341407151096
13:52:02,2335,7.962341407151096
13:52:03,2334,7.963767488821578
13:52:04,2335,7.963767488821578
13:52:05,2335,7.963767488821578
13:52:06,2334,7.96478354978355
13:52:07,2334,7.96478354978355
13:52:08,2334,7.962476561373142
13:52:09,2334,7.962476561373142
13:52:10,2334,7.962476561373142
13:52:11,2334,7.962476561373142
13:52:12,2334,7.962476561373142
13:52:13,2333,7.961834703591519
13:52:14,2333,7.961834703591519
13:52:15,2333,7.961834703591519
13:52:16,2333,7.961834703591519
13:52:17,2333,7.961834703591519
13:52:18,2333,7.956967862804438
13:52:19,2333,7.956967862804438
13:52:20,2333,7.956967862804438
13:52:21,2332,7.957843137254902
13:52:22,2332,7.957843137254902
13:52:23,2332,7.9554186482202045
13:52:24,2330,7.9579691331314
13:52:25,2330,7.9579691331314
13:52:26,2328,7.9602280929695395
13:52:27,2328,7.9602280929695395
13:52:28,2328,7.9602280929695395
13:52:29,2326,7.962902759716804
13:52:30,2326,7.962902759716804
13:52:31,2325,7.964527320034692
13:52:32,2325,7.964527320034692
13:52:33,2325,7.964527320034692
13:52:34,2324,7.966044830079538
13:52:35,2324,7.966044830079538
13:52:36,2324,7.966044830079538
13:52:37,2324,7.966044830079538
13:52:38,2324,7.963370916449842
13:52:39,2325,7.963370916449842
13:52:40,2325,7.960706545296923
13:52:41,2325,7.958051704217215
13:52:42,2325,7.955630142919012
13:52:43,2325,7.955630142919012
13:52:44,2325,7.955630142919012
13:52:45,2325,7.955630142919012
13:52:46,2325,7.955630142919012
13:52:47,2325,7.9562247255921426
13:52:48,2325,7.953796737404359
13:52:49,2325,7.953796737404359
13:52:50,2325,7.953796737404359
13:52:51,2325,7.953796737404359
13:52:52,2324,7.955242634315424
13:52:53,2324,7.955242634315424
13:52:54,2324,7.955242634315424
13:52:55,2323,7.955887877474353
13:52:56,2323,7.955887877474353
13:52:57,2322,7.956642093090489
13:52:58,2322,7.954746423927178
13:52:59,2322,7.954746423927178
13:53:00,2321,7.955492917028042
13:53:01,2321,7.953164282618118
13:53:02,2320,7.953635443769875
13:53:03,2320,7.953635443769875
13:53:04,2318,7.955779803240741
13:53:05,2318,7.955779803240741
13:53:06,2316,7.9577975673327535
13:53:07,2316,7.9577975673327535
13:53:08,2316,7.9577975673327535
13:53:09,2316,7.9577975673327535
13:53:10,2315,7.959206142256989
13:53:11,2315,7.959206142256989
13:53:12,2315,7.959206142256989
13:53:13,2315,7.959206142256989
13:53:14,2314,7.958177603940316
13:53:15,2314,7.958177603940316
13:53:16,2313,7.959369565217391
13:53:17,2313,7.959369565217391
13:53:18,2311,7.961517261386714
13:53:19,2311,7.961517261386714
13:53:20,2311,7.961517261386714
13:53:21,2311,7.961517261386714
13:53:22,2311,7.961517261386714
13:53:23,2311,7.961517261386714
13:53:24,2311,7.961517261386714
13:53:25,2311,7.961517261386714
13:53:26,2311,7.9590619109757865
13:53:27,2311,7.9590619109757865
13:53:28,2311,7.956927536231884
13:53:29,2311,7.9584674496157755
13:53:30,2311,7.9584674496157755
13:53:31,2311,7.9584674496157755
13:53:32,2311,7.9584674496157755
13:53:33,2311,7.9584674496157755
13:53:34,2312,7.9584674496157755
13:53:35,2312,7.95613768115942
13:53:36,2312,7.95613768115942
13:53:37,2312,7.95613768115942
13:53:38,2313,7.95613768115942
13:53:39,2313,7.95613768115942
13:53:40,2312,7.957626504277221
13:53:41,2312,7.957626504277221
13:53:42,2312,7.957626504277221
13:53:43,2311,7.958021467943139
13:53:44,2311,7.958021467943139
13:53:45,2311,7.958021467943139
13:53:46,2310,7.956665216129967
13:53:47,2310,7.954451210671307
13:53:48,2310,7.954451210671307
13:53:49,2309,7.955947200464172
13:53:50,2309,7.955947200464172
13:53:51,2310,7.955947200464172
13:53:52,2309,7.957030909882456
13:53:53,2308,7.9575058072009295
13:53:54,2307,7.958946986201888
13:53:55,2307,7.958946986201888
13:53:56,2306,7.956746550472041
13:53:57,2306,7.956746550472041
13:53:58,2306,7.956746550472041
13:53:59,2306,7.956746550472041
13:54:00,2306,7.956746550472041
13:54:01,2306,7.956746550472041
13:54:02,2306,7.956746550472041
13:54:03,2306,7.956923859343215
13:54:04,2305,7.956182795698925
13:54:05,2305,7.956182795698925
13:54:06,2305,7.956182795698925
13:54:07,2305,7.956182795698925
13:54:08,2304,7.956985026893444
13:54:09,2304,7.954417320546353
13:54:10,2304,7.954417320546353
13:54:11,2304,7.954417320546353
13:54:12,2304,7.954417320546353
13:54:13,2304,7.954417320546353
13:54:14,2303,7.955872946649222
13:54:15,2303,7.955872946649222
13:54:16,2303,7.955872946649222
13:54:17,2303,7.955872946649222
13:54:18,2303,7.955872946649222
13:54:19,2303,7.955872946649222
13:54:20,2303,7.955872946649222
13:54:21,2303,7.955872946649222
13:54:22,2303,7.955872946649222
13:54:23,2303,7.955872946649222
13:54:24,2303,7.955872946649222
13:54:25,2302,7.956122745782432
13:54:26,2302,7.956122745782432
13:54:27,2302,7.956122745782432
13:54:28,2301,7.9573766914011355
13:54:29,2302,7.9573766914011355
13:54:30,2302,7.9573766914011355
13:54:31,2302,7.9573766914011355
13:54:32,2302,7.9573766914011355
13:54:33,2302,7.9573766914011355
13:54:34,2301,7.958558951965065
13:54:35,2300,7.958686471530508
13:54:36,2301,7.958686471530508
13:54:37,2300,7.957543323139654
13:54:38,2300,7.957543323139654
13:54:39,2299,7.958755827505827
13:54:40,2299,7.958755827505827
13:54:41,2299,7.958755827505827
13:54:42,2298,7.959554000874508
13:54:43,2298,7.959554000874508
13:54:44,2297,7.960061242344707
13:54:45,2297,7.960061242344707
13:54:46,2297,7.960061242344707
13:54:47,2296,7.96001458789205
13:54:48,2295,7.961281377699942
13:54:49,2295,7.961281377699942
13:54:50,2295,7.961281377699942
13:54:51,2295,7.961281377699942
13:54:52,2295,7.961281377699942
13:54:53,2295,7.961235216819974
13:54:54,2294,7.962328366929595
13:54:55,2294,7.962328366929595
13:54:56,2294,7.962328366929595
13:54:57,2293,7.963093672365921
13:54:58,2293,7.963093672365921
13:54:59,2293,7.963093672365921
13:55:00,2293,7.963093672365921
13:55:01,2293,7.960633946830266
13:55:02,2293,7.958869908015769
13:55:03,2292,7.959794040315513
13:55:04,2292,7.959794040315513
13:55:05,2292,7.959794040315513
13:55:06,2292,7.959794040315513
13:55:07,2291,7.9611500803741055
13:55:08,2291,7.9611500803741055
13:55:09,2290,7.962324561403508
13:55:10,2290,7.962324561403508
13:55:11,2290,7.962324561403508
13:55:12,2290,7.962324561403508
13:55:13,2290,7.962324561403508
13:55:14,2290,7.962324561403508
13:55:15,2290,7.962324561403508
13:55:16,2290,7.962324561403508
13:55:17,2290,7.962324561403508
13:55:18,2290,7.962324561403508
13:55:19,2290,7.962324561403508
13:55:20,2290,7.960645915534122
13:55:21,2289,7.961644736842105
13:55:22,2289,7.961644736842105
13:55:23,2289,7.959286862487214
13:55:24,2289,7.959286862487214
13:55:25,2288,7.959992690058479
13:55:26,2288,7.959992690058479
13:55:27,2288,7.959992690058479
13:55:28,2287,7.961050168202428
13:55:29,2286,7.962203687445127
13:55:30,2286,7.962203687445127
13:55:31,2286,7.962203687445127
13:55:32,2286,7.962203687445127
13:55:33,2286,7.962203687445127
13:55:34,2285,7.96188698580003
13:55:35,2286,7.96188698580003
13:55:36,2286,7.96188698580003
13:55:37,2285,7.962653778558876
13:55:38,2285,7.962653778558876
13:55:39,2284,7.962732600732601
13:55:40,2284,7.962732600732601
13:55:41,2284,7.960156707674282
13:55:42,2284,7.960156707674282
13:55:43,2284,7.960857142857143
13:55:44,2283,7.961624157138669
13:55:45,2283,7.961624157138669
13:55:46,2282,7.9612113213081095
13:55:47,2282,7.9612113213081095
13:55:48,2282,7.9612113213081095
13:55:49,2283,7.9612113213081095
13:55:50,2283,7.9612113213081095
13:55:51,2283,7.9612113213081095
13:55:52,2283,7.9612113213081095
13:55:53,2283,7.9612113213081095
13:55:54,2284,7.9612113213081095
13:55:55,2284,7.9612113213081095
13:55:56,2284,7.9612113213081095
13:55:57,2283,7.9621625586854465
13:55:58,2283,7.9621625586854465
13:55:59,2284,7.9621625586854465
13:56:00,2284,7.9621625586854465
13:56:01,2283,7.962703654777631
13:56:02,2284,7.962703654777631
13:56:03,2283,7.963465491923642
13:56:04,2283,7.961089094378394
13:56:05,2283,7.961089094378394
13:56:06,2283,7.961089094378394
13:56:07,2283,7.961089094378394
13:56:08,2284,7.961089094378394
13:56:09,2284,7.961089094378394
13:56:10,2283,7.961886930983847
13:56:11,2283,7.961886930983847
13:56:12,2282,7.9629205229910385
13:56:13,2282,7.9604478707782675
13:56:14,2282,7.9604478707782675
13:56:15,2282,7.9604478707782675
13:56:16,2282,7.9604478707782675
13:56:17,2281,7.961326575583957
13:56:18,2281,7.962286890064667
13:56:19,2281,7.962286890064667
13:56:20,2280,7.962704014115571
13:56:21,2279,7.963503971756399
13:56:22,2280,7.963503971756399
13:56:23,2280,7.963503971756399
13:56:24,2280,7.963503971756399
13:56:25,2280,7.961027790030879
13:56:26,2279,7.960444248308326
13:56:27,2278,7.961280353200882
13:56:28,2278,7.961280353200882
13:56:29,2277,7.961756478209659
13:56:30,2276,7.9615112682280165
13:56:31,2277,7.959260895170789
13:56:32,2277,7.959260895170789
13:56:33,2277,7.959260895170789
13:56:34,2277,7.959260895170789
13:56:35,2276,7.958638974812197
13:56:36,2275,7.959445918066607
13:56:37,2276,7.959445918066607
13:56:38,2276,7.959445918066607
13:56:39,2276,7.959445918066607
13:56:40,2276,7.959445918066607
13:56:41,2276,7.956841950213581
13:56:42,2276,7.956841950213581
13:56:43,2276,7.956841950213581
13:56:44,2276,7.956841950213581
13:56:45,2277,7.956841950213581
13:56:46,2277,7.956841950213581
13:56:47,2276,7.957110226937814
13:56:48,2276,7.957110226937814
13:56:49,2276,7.957110226937814
13:56:50,2276,7.957110226937814
13:56:51,2276,7.955489242558207
13:56:52,2276,7.955489242558207
13:56:53,2276,7.955489242558207
13:56:54,2276,7.955489242558207
13:56:55,2274,7.956541297935103
13:56:56,2274,7.956541297935103
13:56:57,2275,7.956541297935103
13:56:58,2275,7.956541297935103
13:56:59,2275,7.953943682736252
13:57:00,2275,7.953943682736252
13:57:01,2274,7.954690265486726
13:57:02,2274,7.954690265486726
13:57:03,2275,7.954690265486726
13:57:04,2275,7.954690265486726
13:57:05,2275,7.954690265486726
13:57:06,2275,7.954690265486726
13:57:07,2275,7.954690265486726
13:57:08,2274,7.9553637302641285
13:57:09,2274,7.9553637302641285
13:57:10,2273,7.956369943903159
13:57:11,2273,7.956369943903159
13:57:12,2273,7.956369943903159
13:57:13,2273,7.956369943903159
13:57:14,2273,7.956369943903159
13:57:15,2272,7.956933983163491
13:57:16,2271,7.957114361702128
13:57:17,2271,7.957114361702128
13:57:18,2270,7.957760532150775
13:57:19,2269,7.957446021887015
13:57:20,2269,7.957397544015388
13:57:21,2269,7.957397544015388
13:57:22,2269,7.957397544015388
13:57:23,2269,7.957397544015388
13:57:24,2269,7.957397544015388
13:57:25,2269,7.957397544015388
13:57:26,2268,7.956409117821196
13:57:27,2269,7.956409117821196
13:57:28,2269,7.956409117821196
13:57:29,2268,7.956530430919591
13:57:30,2268,7.956530430919591
13:57:31,2268,7.956530430919591
13:57:32,2268,7.956530430919591
13:57:33,2268,7.956530430919591
13:57:34,2268,7.956530430919591
13:57:35,2268,7.956530430919591
13:57:36,2268,7.956530430919591
13:57:37,2267,7.956511111111111
13:57:38,2267,7.956511111111111
13:57:39,2266,7.956395435008152
13:57:40,2266,7.956395435008152
13:57:41,2266,7.956395435008152
13:57:42,2266,7.956395435008152
13:57:43,2264,7.95701676309153
13:57:44,2264,7.95701676309153
13:57:45,2264,7.954292704626335
13:57:46,2264,7.954292704626335
13:57:47,2264,7.954292704626335
13:57:48,2264,7.954292704626335
13:57:49,2264,7.954292704626335
13:57:50,2263,7.954784156653315
13:57:51,2262,7.954801127931137
13:57:52,2262,7.95524870081663
13:57:53,2262,7.95524870081663
13:57:54,2263,7.95524870081663
13:57:55,2263,7.95524870081663
13:57:56,2263,7.95524870081663
13:57:57,2263,7.95275304244583
13:57:58,2264,7.95275304244583
13:57:59,2263,7.953318485523385
13:58:00,2263,7.953318485523385
13:58:01,2264,7.953318485523385
13:58:02,2263,7.953669043374926
13:58:03,2262,7.953239708723435
13:58:04,2263,7.953239708723435
13:58:05,2263,7.950742721330957
13:58:06,2263,7.950742721330957
13:58:07,2264,7.950742721330957
13:58:08,2264,7.948129175946548
13:58:09,2265,7.948129175946548
13:58:10,2266,7.948129175946548
13:58:11,2266,7.948129175946548
13:58:12,2265,7.9478980986333925
13:58:13,2265,7.9478980986333925
13:58:14,2265,7.9478980986333925
13:58:15,2266,7.9478980986333925
13:58:16,2267,7.9478980986333925
13:58:17,2266,7.947666815277159
13:58:18,2265,7.948275349390426
13:58:19,2265,7.948275349390426
13:58:20,2265,7.945772031505425
13:58:21,2265,7.945772031505425
13:58:22,2264,7.946037763901279
13:58:23,2264,7.946037763901279
13:58:24,2264,7.946037763901279
13:58:25,2264,7.946037763901279
13:58:26,2264,7.946037763901279
13:58:27,2264,7.946037763901279
13:58:28,2264,7.946037763901279
13:58:29,2264,7.946037763901279
13:58:30,2264,7.943542874126914
13:58:31,2264,7.943542874126914
13:58:32,2265,7.943542874126914
13:58:33,2265,7.943542874126914
13:58:34,2265,7.943542874126914
13:58:35,2266,7.943542874126914
13:58:36,2265,7.944038061254832
13:58:37,2264,7.9437899747136695
13:58:38,2264,7.9437899747136695
13:58:39,2264,7.9437899747136695
13:58:40,2263,7.941670385244682
13:58:41,2262,7.9413616071428565
13:58:42,2261,7.941759714158106
13:58:43,2261,7.939144345238095
13:58:44,2261,7.938596099449159
13:58:45,2261,7.938596099449159
13:58:46,2260,7.938159070598749
13:58:47,2260,7.938159070598749
13:58:48,2259,7.93864550737595
13:58:49,2258,7.938029218843172
13:58:50,2258,7.935508866040829
13:58:51,2257,7.9358154442456765
13:58:52,2257,7.9358154442456765
13:58:53,2257,7.9358154442456765
13:58:54,2256,7.9351006711409395
13:58:55,2256,7.9351006711409395
13:58:56,2256,7.9351006711409395
13:58:57,2256,7.9351006711409395
13:58:58,2256,7.932491055456172
13:58:59,2256,7.932491055456172
13:59:00,2255,7.932856077554064
13:59:01,2255,7.932856077554064
13:59:02,2255,7.932856077554064
13:59:03,2255,7.932856077554064
13:59:04,2255,7.932856077554064
13:59:05,2255,7.932856077554064
13:59:06,2255,7.932856077554064
13:59:07,2254,7.933228886899433
13:59:08,2254,7.933228886899433
13:59:09,2254,7.930611483967188
13:59:10,2254,7.930611483967188
13:59:11,2254,7.930611483967188
13:59:12,2254,7.930849000298418
13:59:13,2254,7.930849000298418
13:59:14,2253,7.9292002387347065
13:59:15,2253,7.9292002387347065
13:59:16,2253,7.9292002387347065
13:59:17,2253,7.9292002387347065
13:59:18,2253,7.9292002387347065
13:59:19,2252,7.929743245260487
13:59:20,2252,7.929743245260487
13:59:21,2252,7.929743245260487
13:59:22,2252,7.929743245260487
13:59:23,2252,7.929743245260487
13:59:24,2252,7.929743245260487
13:59:25,2252,7.929166666666666
13:59:26,2252,7.929166666666666
13:59:27,2252,7.929166666666666
13:59:28,2252,7.929166666666666
13:59:29,2252,7.929166666666666
13:59:30,2252,7.929166666666666
13:59:31,2252,7.929166666666666
13:59:32,2252,7.929166666666666
13:59:33,2253,7.929166666666666
13:59:34,2253,7.926556202418271
13:59:35,2252,7.925679510155317
13:59:36,2251,7.924988794262663
13:59:37,2251,7.924988794262663
13:59:38,2250,7.92534379671151
13:59:39,2250,7.9243382682817405
13:59:40,2249,7.922222222222222
13:59:41,2249,7.919715994020927
13:59:42,2248,7.9201136533572605
13:59:43,2248,7.9201136533572605
13:59:44,2247,7.919195092758827
13:59:45,2247,7.919195092758827
13:59:46,2246,7.919263583295914
13:59:47,2245,7.9185908954776885
13:59:48,2245,7.9185908954776885
13:59:49,2244,7.919041198501873
13:59:50,2244,7.919041198501873
13:59:51,2244,7.91677897574124
13:59:52,2244,7.91677897574124
13:59:53,2244,7.91677897574124
13:59:54,2244,7.91677897574124
13:59:55,2244,7.91677897574124
13:59:56,2244,7.91677897574124
13:59:57,2244,7.91677897574124
13:59:58,2244,7.91677897574124
13:59:59,2244,7.914039814399042
14:00:00,2244,7.914039814399042
14:00:01,2244,7.914039814399042
14:00:02,2244,7.911452722920407
14:00:03,2244,7.911452722920407
14:00:04,2243,7.911764705882352
14:00:05,2243,7.911764705882352
14:00:06,2243,7.9098818073010175
14:00:07,2243,7.9098818073010175
14:00:08,2243,7.9098818073010175
14:00:09,2243,7.9098818073010175
14:00:10,2243,7.9098818073010175
14:00:11,2242,7.908943271965274
