11:00:00,0,0.0
11:00:01,0,0.0
11:00:02,0,0.0
11:00:03,0,0.0
11:00:04,0,0.0
11:00:05,0,0.0
11:00:06,0,0.0
11:00:07,0,0.0
11:00:08,0,0.0
11:00:09,0,0.0
11:00:10,0,0.0
11:00:11,0,0.0
11:00:12,0,0.0
11:00:13,0,0.0
11:00:14,0,0.0
11:00:15,0,0.0
11:00:16,0,0.0
11:00:17,0,0.0
11:00:18,0,0.0
11:00:19,0,0.0
11:00:20,0,0.0
11:00:21,0,0.0
11:00:22,0,0.0
11:00:23,0,0.0
11:00:24,0,0.0
11:00:25,0,0.0
11:00:26,0,0.0
11:00:27,1,0.0
11:00:28,2,0.0
11:00:29,3,0.0
11:00:30,3,0.0
11:00:31,4,0.0
11:00:32,5,0.0
11:00:33,6,0.0
11:00:34,6,0.0
11:00:35,7,0.0
11:00:36,8,0.0
11:00:37,9,0.0
11:00:38,9,0.0
11:00:39,11,0.0
11:00:40,13,0.0
11:00:41,13,0.0
11:00:42,13,0.0
11:00:43,15,0.0
11:00:44,16,0.0
11:00:45,16,0.0
11:00:46,16,0.0
11:00:47,19,0.0
11:00:48,19,0.0
11:00:49,19,0.0
11:00:50,20,0.0
11:00:51,22,0.0
11:00:52,22,0.0
11:00:53,23,0.0
11:00:54,24,0.0
11:00:55,25,0.0
11:00:56,25,0.0
11:00:57,25,0.0
11:00:58,27,0.0
11:00:59,28,0.0
11:01:00,29,0.0
11:01:01,30,0.0
11:01:02,30,0.0
11:01:03,32,0.0
11:01:04,33,0.0
11:01:05,33,0.0
11:01:06,34,0.0
11:01:07,35,0.0
11:01:08,35,0.0
11:01:09,35,0.0
11:01:10,37,0.0
11:01:11,37,0.0
11:01:12,38,0.0
11:01:13,38,0.0
11:01:14,38,0.0
11:01:15,39,0.0
11:01:16,39,0.0
11:01:17,39,0.0
11:01:18,42,0.0
11:01:19,42,0.0
11:01:20,43,0.0
11:01:21,43,0.0
11:01:22,43,0.0
11:01:23,46,0.0
11:01:24,46,0.0
11:01:25,46,0.0
11:01:26,46,0.0
11:01:27,48,0.0
11:01:28,48,0.0
11:01:29,50,0.0
11:01:30,50,0.0
11:01:31,51,0.0
11:01:32,51,0.0
11:01:33,53,0.0
11:01:34,54,0.0
11:01:35,55,0.0
11:01:36,55,0.0
11:01:37,56,0.0
11:01:38,56,0.0
11:01:39,57,0.0
11:01:40,59,0.0
11:01:41,59,0.0
11:01:42,60,0.0
11:01:43,62,0.0
11:01:44,63,0.0
11:01:45,63,0.0
11:01:46,65,0.0
11:01:47,66,0.0
11:01:48,66,0.0
11:01:49,66,0.0
11:01:50,69,0.0
11:01:51,69,0.0
11:01:52,70,0.0
11:01:53,71,0.0
11:01:54,72,0.0
11:01:55,73,0.0
11:01:56,75,0.0
11:01:57,75,0.0
11:01:58,75,0.0
11:01:59,77,0.0
11:02:00,78,0.0
11:02:01,78,0.0
11:02:02,80,0.0
11:02:03,81,0.0
11:02:04,81,0.0
11:02:05,81,0.0
11:02:06,82,0.0
11:02:07,83,0.0
11:02:08,83,0.0
11:02:09,83,0.0
11:02:10,83,0.0
11:02:11,84,0.0
11:02:12,85,0.0
11:02:13,85,0.0
11:02:14,85,0.0
11:02:15,86,0.0
11:02:16,86,0.0
11:02:17,87,0.0
11:02:18,88,0.0
11:02:19,88,0.0
11:02:20,88,0.0
11:02:21,88,1.8166666666666667
11:02:22,89,1.8166666666666667
11:02:23,89,1.8166666666666667
11:02:24,90,1.8166666666666667
11:02:25,91,1.8166666666666667
11:02:26,91,1.8166666666666667
11:02:27,91,1.8222222222222222
11:02:28,92,1.8222222222222222
11:02:29,92,1.8222222222222222
11:02:30,93,1.8222222222222222
11:02:31,94,1.8222222222222222
11:02:32,94,1.8222222222222222
11:02:33,94,1.8222222222222222
11:02:34,95,1.8222222222222222
11:02:35,95,1.8222222222222222
11:02:36,95,1.8222222222222222
11:02:37,96,1.8222222222222222
11:02:38,96,1.8222222222222222
11:02:39,96,1.8222222222222222
11:02:40,97,1.8222222222222222
11:02:41,97,1.8222222222222222
11:02:42,97,1.8222222222222222
11:02:43,97,1.8222222222222222
11:02:44,99,1.8222222222222222
11:02:45,99,1.8222222222222222
11:02:46,99,1.8222222222222222
11:02:47,100,1.8222222222222222
11:02:48,100,1.8222222222222222
11:02:49,100,1.9541666666666666
11:02:50,102,2.033333333333333
11:02:51,102,2.033333333333333
11:02:52,102,2.033333333333333
11:02:53,102,2.033333333333333
11:02:54,103,2.0861111111111112
11:02:55,103,2.119047619047619
11:02:56,103,2.119047619047619
11:02:57,104,2.122916666666667
11:02:58,105,2.122916666666667
11:02:59,105,2.122916666666667
11:03:00,105,2.14
11:03:01,106,2.14
11:03:02,106,2.14
11:03:03,106,2.1606060606060606
11:03:04,107,2.175
11:03:05,108,2.175
11:03:06,108,2.2011904761904764
11:03:07,108,2.2011904761904764
11:03:08,108,2.2011904761904764
11:03:09,109,2.2311111111111113
11:03:10,109,2.2311111111111113
11:03:11,110,2.2311111111111113
11:03:12,110,2.2311111111111113
11:03:13,111,2.2311111111111113
11:03:14,111,2.2311111111111113
11:03:15,111,2.2311111111111113
11:03:16,112,2.2311111111111113
11:03:17,113,2.2311111111111113
11:03:18,114,2.2311111111111113
11:03:19,114,2.2311111111111113
11:03:20,114,2.2311111111111113
11:03:21,116,2.236458333333333
11:03:22,116,2.243137254901961
11:03:23,117,2.243137254901961
11:03:24,117,2.243137254901961
11:03:25,119,2.243137254901961
11:03:26,119,2.243137254901961
11:03:27,119,2.278703703703704
11:03:28,120,2.278703703703704
11:03:29,120,2.278703703703704
11:03:30,120,2.2973684210526315
11:03:31,120,2.2973684210526315
11:03:32,122,2.2973684210526315
11:03:33,122,2.2973684210526315
11:03:34,122,2.2973684210526315
11:03:35,124,2.2973684210526315
11:03:36,124,2.2991666666666664
11:03:37,124,2.2991666666666664
11:03:38,124,2.2991666666666664
11:03:39,124,2.2991666666666664
11:03:40,125,2.2991666666666664
11:03:41,125,2.2991666666666664
11:03:42,125,2.2991666666666664
11:03:43,126,2.2991666666666664
11:03:44,127,2.2991666666666664
11:03:45,127,2.2991666666666664
11:03:46,127,2.2991666666666664
11:03:47,127,2.2991666666666664
11:03:48,127,2.338095238095238
11:03:49,128,2.338095238095238
11:03:50,128,2.338095238095238
11:03:51,128,2.338095238095238
11:03:52,129,2.338095238095238
11:03:53,130,2.338095238095238
11:03:54,130,2.338095238095238
11:03:55,130,2.338095238095238
11:03:56,130,2.338095238095238
11:03:57,130,2.338095238095238
11:03:58,130,2.338095238095238
11:03:59,130,2.338095238095238
11:04:00,130,2.375
11:04:01,130,2.375
11:04:02,131,2.375
11:04:03,131,2.408695652173913
11:04:04,131,2.45
11:04:05,131,2.4680000000000004
11:04:06,131,2.4680000000000004
11:04:07,131,2.4935897435897436
11:04:08,131,2.4935897435897436
11:04:09,131,2.4935897435897436
11:04:10,131,2.49320987654321
11:04:11,132,2.49320987654321
11:04:12,132,2.5160714285714287
11:04:13,133,2.5160714285714287
11:04:14,133,2.5160714285714287
11:04:15,133,2.5482758620689654
11:04:16,133,2.5482758620689654
11:04:17,134,2.5482758620689654
11:04:18,135,2.5482758620689654
11:04:19,135,2.5482758620689654
11:04:20,135,2.5683333333333334
11:04:21,136,2.5683333333333334
11:04:22,136,2.596236559139785
11:04:23,136,2.596236559139785
11:04:24,136,2.6276041666666665
11:04:25,137,2.6276041666666665
11:04:26,137,2.6276041666666665
11:04:27,137,2.6276041666666665
11:04:28,137,2.6276041666666665
11:04:29,138,2.6276041666666665
11:04:30,138,2.6276041666666665
11:04:31,138,2.6276041666666665
11:04:32,139,2.6276041666666665
11:04:33,139,2.6276041666666665
11:04:34,139,2.6276041666666665
11:04:35,139,2.6276041666666665
11:04:36,139,2.6276041666666665
11:04:37,139,2.6276041666666665
11:04:38,140,2.6276041666666665
11:04:39,140,2.6276041666666665
11:04:40,140,2.6276041666666665
11:04:41,140,2.6292929292929292
11:04:42,140,2.6292929292929292
11:04:43,140,2.6292929292929292
11:04:44,141,2.6292929292929292
11:04:45,141,2.6292929292929292
11:04:46,141,2.696190476190476
11:04:47,141,2.7074074074074077
11:04:48,141,2.733783783783784
11:04:49,142,2.762280701754386
11:04:50,142,2.762280701754386
11:04:51,142,2.781196581196581
11:04:52,142,2.781196581196581
11:04:53,143,2.781196581196581
11:04:54,143,2.781196581196581
11:04:55,143,2.81
11:04:56,143,2.81
11:04:57,143,2.81
11:04:58,143,2.81
11:04:59,143,2.830894308943089
11:05:00,143,2.830894308943089
11:05:01,144,2.830894308943089
11:05:02,144,2.830894308943089
11:05:03,144,2.830894308943089
11:05:04,144,2.830894308943089
11:05:05,145,2.8555555555555556
11:05:06,145,2.8751937984496125
11:05:07,145,2.8912878787878786
11:05:08,146,2.8912878787878786
11:05:09,146,2.906296296296296
11:05:10,146,2.906296296296296
11:05:11,146,2.9239130434782608
11:05:12,147,2.9239130434782608
11:05:13,147,2.9239130434782608
11:05:14,147,2.9239130434782608
11:05:15,149,2.9239130434782608
11:05:16,149,2.9239130434782608
11:05:17,149,2.9239130434782608
11:05:18,150,2.9239130434782608
11:05:19,150,2.9239130434782608
11:05:20,150,2.9239130434782608
11:05:21,150,2.9239130434782608
11:05:22,151,2.9239130434782608
11:05:23,151,2.9239130434782608
11:05:24,151,2.9535460992907803
11:05:25,152,2.96875
11:05:26,152,2.99047619047619
11:05:27,152,2.99047619047619
11:05:28,152,2.99047619047619
11:05:29,153,3.0281045751633986
11:05:30,153,3.0281045751633986
11:05:31,153,3.0591194968553457
11:05:32,153,3.0591194968553457
11:05:33,153,3.0591194968553457
11:05:34,153,3.081172839506173
11:05:35,153,3.081172839506173
11:05:36,153,3.081172839506173
11:05:37,153,3.081172839506173
11:05:38,153,3.100909090909091
11:05:39,153,3.100909090909091
11:05:40,154,3.100909090909091
11:05:41,154,3.100909090909091
11:05:42,154,3.100909090909091
11:05:43,154,3.100909090909091
11:05:44,155,3.100909090909091
11:05:45,155,3.1202380952380953
11:05:46,155,3.1202380952380953
11:05:47,156,3.1202380952380953
11:05:48,156,3.1202380952380953
11:05:49,156,3.1202380952380953
11:05:50,157,3.1202380952380953
11:05:51,157,3.1202380952380953
11:05:52,157,3.1202380952380953
11:05:53,158,3.1202380952380953
11:05:54,158,3.1444444444444444
11:05:55,158,3.1444444444444444
11:05:56,158,3.1444444444444444
11:05:57,159,3.1444444444444444
11:05:58,159,3.16235632183908
11:05:59,159,3.16235632183908
11:06:00,159,3.1776836158192094
11:06:01,160,3.2
11:06:02,160,3.2
11:06:03,160,3.2
11:06:04,160,3.2
11:06:05,160,3.2
11:06:06,161,3.2
11:06:07,161,3.2
11:06:08,161,3.2
11:06:09,162,3.2
11:06:10,163,3.2
11:06:11,163,3.2
11:06:12,164,3.2
11:06:13,164,3.219125683060109
11:06:14,164,3.2400537634408604
11:06:15,165,3.2400537634408604
11:06:16,165,3.2587301587301587
11:06:17,165,3.2587301587301587
11:06:18,166,3.2587301587301587
11:06:19,166,3.283072916666667
11:06:20,166,3.283072916666667
11:06:21,166,3.3156565656565657
11:06:22,167,3.3156565656565657
11:06:23,167,3.3156565656565657
11:06:24,167,3.3588235294117648
11:06:25,167,3.3588235294117648
11:06:26,167,3.3806763285024157
11:06:27,168,3.3806763285024157
11:06:28,168,3.3806763285024157
11:06:29,168,3.3806763285024157
11:06:30,169,3.394761904761905
11:06:31,169,3.394761904761905
11:06:32,169,3.394761904761905
11:06:33,169,3.394761904761905
11:06:34,169,3.394761904761905
11:06:35,170,3.394761904761905
11:06:36,170,3.394761904761905
11:06:37,170,3.394761904761905
11:06:38,170,3.413849765258216
11:06:39,171,3.413849765258216
11:06:40,171,3.413849765258216
11:06:41,171,3.413849765258216
11:06:42,172,3.413849765258216
11:06:43,172,3.413849765258216
11:06:44,172,3.413849765258216
11:06:45,173,3.413849765258216
11:06:46,173,3.413849765258216
11:06:47,173,3.4321759259259257
11:06:48,173,3.4515981735159817
11:06:49,174,3.4515981735159817
11:06:50,174,3.4515981735159817
11:06:51,174,3.4884444444444447
11:06:52,175,3.4884444444444447
11:06:53,175,3.4884444444444447
11:06:54,175,3.5096491228070175
11:06:55,176,3.5096491228070175
11:06:56,176,3.5103896103896104
11:06:57,176,3.5103896103896104
11:06:58,177,3.5103896103896104
11:06:59,177,3.5320512820512824
11:07:00,177,3.5320512820512824
11:07:01,177,3.5320512820512824
11:07:02,178,3.5320512820512824
11:07:03,179,3.5320512820512824
11:07:04,179,3.5320512820512824
11:07:05,180,3.5320512820512824
11:07:06,181,3.5320512820512824
11:07:07,181,3.5320512820512824
11:07:08,182,3.5320512820512824
11:07:09,182,3.5348101265822787
11:07:10,182,3.5348101265822787
11:07:11,182,3.5740740740740744
11:07:12,182,3.5740740740740744
11:07:13,183,3.5941056910569107
11:07:14,183,3.5941056910569107
11:07:15,183,3.5941056910569107
11:07:16,183,3.5941056910569107
11:07:17,184,3.6118473895582333
11:07:18,184,3.6118473895582333
11:07:19,184,3.6118473895582333
11:07:20,184,3.6273809523809524
11:07:21,184,3.6273809523809524
11:07:22,185,3.6484313725490196
11:07:23,185,3.6484313725490196
11:07:24,185,3.6484313725490196
11:07:25,185,3.6627906976744184
11:07:26,186,3.6840996168582376
11:07:27,186,3.6840996168582376
11:07:28,186,3.6840996168582376
11:07:29,187,3.6840996168582376
11:07:30,187,3.6840996168582376
11:07:31,187,3.6840996168582376
11:07:32,187,3.6840996168582376
11:07:33,188,3.6840996168582376
11:07:34,188,3.6840996168582376
11:07:35,188,3.6840996168582376
11:07:36,188,3.70094696969697
11:07:37,189,3.70094696969697
11:07:38,189,3.7183520599250937
11:07:39,189,3.7183520599250937
11:07:40,189,3.7183520599250937
11:07:41,190,3.7183520599250937
11:07:42,190,3.7333333333333334
11:07:43,190,3.7333333333333334
11:07:44,190,3.7333333333333334
11:07:45,190,3.749084249084249
11:07:46,191,3.749084249084249
11:07:47,191,3.770471014492754
11:07:48,191,3.770471014492754
11:07:49,191,3.770471014492754
11:07:50,191,3.770471014492754
11:07:51,191,3.770471014492754
11:07:52,191,3.7874551971326165
11:07:53,192,3.7874551971326165
11:07:54,193,3.7874551971326165
11:07:55,194,3.8088652482269505
11:07:56,195,3.8088652482269505
11:07:57,195,3.8088652482269505
11:07:58,196,3.83140350877193
11:07:59,198,3.83140350877193
11:08:00,198,3.8534722222222224
11:08:01,198,3.8534722222222224
11:08:02,198,3.8534722222222224
11:08:03,199,3.8534722222222224
11:08:04,199,3.8534722222222224
11:08:05,199,3.8534722222222224
11:08:06,199,3.8534722222222224
11:08:07,200,3.8534722222222224
11:08:08,200,3.8534722222222224
11:08:09,200,3.870103092783505
11:08:10,200,3.870103092783505
11:08:11,200,3.870103092783505
11:08:12,200,3.870103092783505
11:08:13,201,3.870103092783505
11:08:14,201,3.8848639455782314
11:08:15,201,3.8848639455782314
11:08:16,201,3.8848639455782314
11:08:17,201,3.91010101010101
11:08:18,202,3.91010101010101
11:08:19,202,3.9266666666666667
11:08:20,203,3.9266666666666667
11:08:21,205,3.9266666666666667
11:08:22,205,3.9266666666666667
11:08:23,205,3.9266666666666667
11:08:24,205,3.9266666666666667
11:08:25,206,3.9266666666666667
11:08:26,206,3.944059405940594
11:08:27,206,3.944059405940594
11:08:28,207,3.944059405940594
11:08:29,207,3.9517973856209148
11:08:30,207,3.971844660194175
11:08:31,207,3.971844660194175
11:08:32,208,3.971844660194175
11:08:33,208,3.971844660194175
11:08:34,208,3.971844660194175
11:08:35,208,3.971844660194175
11:08:36,209,3.971844660194175
11:08:37,209,3.981891025641026
11:08:38,209,3.981891025641026
11:08:39,210,3.981891025641026
11:08:40,210,3.981891025641026
11:08:41,210,3.981891025641026
11:08:42,210,3.981891025641026
11:08:43,211,3.9998412698412698
11:08:44,211,3.9998412698412698
11:08:45,211,3.9998412698412698
11:08:46,212,3.9998412698412698
11:08:47,213,3.9998412698412698
11:08:48,213,3.9998412698412698
11:08:49,213,3.9998412698412698
11:08:50,213,3.9998412698412698
11:08:51,213,4.013836477987422
11:08:52,213,4.013836477987422
11:08:53,213,4.031619937694704
11:08:54,213,4.031619937694704
11:08:55,213,4.031619937694704
11:08:56,213,4.031619937694704
11:08:57,213,4.031619937694704
11:08:58,213,4.031619937694704
11:08:59,213,4.031619937694704
11:09:00,213,4.031619937694704
11:09:01,213,4.051851851851852
11:09:02,213,4.051851851851852
11:09:03,213,4.061926605504587
11:09:04,213,4.079242424242424
11:09:05,214,4.079242424242424
11:09:06,214,4.079242424242424
11:09:07,214,4.095045045045045
11:09:08,214,4.109375
11:09:09,214,4.109375
11:09:10,214,4.109375
11:09:11,214,4.109375
11:09:12,214,4.109375
11:09:13,214,4.109375
11:09:14,214,4.109375
11:09:15,214,4.109375
11:09:16,215,4.129793510324484
11:09:17,215,4.129793510324484
11:09:18,215,4.129793510324484
11:09:19,216,4.139766081871345
11:09:20,216,4.139766081871345
11:09:21,216,4.139766081871345
11:09:22,216,4.139766081871345
11:09:23,216,4.139766081871345
11:09:24,216,4.139766081871345
11:09:25,216,4.124202898550725
11:09:26,216,4.108764367816092
11:09:27,216,4.108764367816092
11:09:28,216,4.108764367816092
11:09:29,216,4.108764367816092
11:09:30,216,4.108764367816092
11:09:31,216,4.108764367816092
11:09:32,216,4.108764367816092
11:09:33,216,4.108764367816092
11:09:34,216,4.108764367816092
11:09:35,216,4.108764367816092
11:09:36,216,4.108764367816092
11:09:37,216,4.108764367816092
11:09:38,216,4.108764367816092
11:09:39,216,4.108764367816092
11:09:40,216,4.108764367816092
11:09:41,216,4.108764367816092
11:09:42,216,4.128917378917379
11:09:43,216,4.128917378917379
11:09:44,216,4.128917378917379
11:09:45,216,4.128917378917379
11:09:46,216,4.150988700564971
11:09:47,216,4.150988700564971
11:09:48,216,4.150988700564971
11:09:49,216,4.150988700564971
11:09:50,216,4.172829131652661
11:09:51,216,4.172829131652661
11:09:52,216,4.172829131652661
11:09:53,216,4.207851239669421
11:09:54,216,4.207851239669421
11:09:55,216,4.207851239669421
11:09:56,216,4.211612021857923
11:09:57,216,4.211612021857923
11:09:58,216,4.211612021857923
11:09:59,216,4.223441734417344
11:10:00,216,4.206048387096774
11:10:01,216,4.2241333333333335
11:10:02,216,4.2241333333333335
11:10:03,216,4.2241333333333335
11:10:04,216,4.2241333333333335
11:10:05,216,4.2241333333333335
11:10:06,216,4.2241333333333335
11:10:07,216,4.2241333333333335
11:10:08,216,4.2241333333333335
11:10:09,216,4.2241333333333335
11:10:10,218,4.246164021164021
11:10:11,218,4.246164021164021
11:10:12,218,4.246164021164021
11:10:13,219,4.265223097112861
11:10:14,219,4.265223097112861
11:10:15,219,4.265223097112861
11:10:16,220,4.265223097112861
11:10:17,220,4.265223097112861
11:10:18,220,4.265223097112861
11:10:19,220,4.285677083333334
11:10:20,221,4.285677083333334
11:10:21,221,4.285677083333334
11:10:22,221,4.285677083333334
11:10:23,221,4.285677083333334
11:10:24,221,4.307364341085272
11:10:25,221,4.307364341085272
11:10:26,222,4.307364341085272
11:10:27,222,4.307364341085272
11:10:28,222,4.307364341085272
11:10:29,222,4.307364341085272
11:10:30,222,4.307364341085272
11:10:31,222,4.307364341085272
11:10:32,222,4.307364341085272
11:10:33,222,4.307364341085272
11:10:34,222,4.294102564102563
11:10:35,222,4.294102564102563
11:10:36,222,4.294102564102563
11:10:37,222,4.314249363867685
11:10:38,222,4.314249363867685
11:10:39,222,4.314249363867685
11:10:40,222,4.314249363867685
11:10:41,222,4.314249363867685
11:10:42,222,4.314249363867685
11:10:43,222,4.314249363867685
11:10:44,223,4.314249363867685
11:10:45,223,4.329924242424243
11:10:46,223,4.331829573934837
11:10:47,223,4.331829573934837
11:10:48,223,4.331829573934837
11:10:49,223,4.321268656716418
11:10:50,224,4.321268656716418
11:10:51,224,4.321268656716418
11:10:52,224,4.321268656716418
11:10:53,224,4.3109876543209875
11:10:54,224,4.3109876543209875
11:10:55,224,4.3352941176470585
11:10:56,224,4.3352941176470585
11:10:57,224,4.3352941176470585
11:10:58,224,4.3352941176470585
11:10:59,225,4.320559610705597
11:11:00,225,4.345772946859904
11:11:01,225,4.345772946859904
11:11:02,225,4.345772946859904
11:11:03,225,4.345772946859904
11:11:04,226,4.345772946859904
11:11:05,226,4.36378896882494
11:11:06,227,4.36378896882494
11:11:07,227,4.36378896882494
11:11:08,227,4.36378896882494
11:11:09,227,4.349404761904762
11:11:10,227,4.370212765957447
11:11:11,228,4.370212765957447
11:11:12,228,4.370212765957447
11:11:13,228,4.370212765957447
11:11:14,229,4.370212765957447
11:11:15,229,4.394131455399061
11:11:16,229,4.394131455399061
11:11:17,230,4.394131455399061
11:11:18,230,4.394131455399061
11:11:19,230,4.394131455399061
11:11:20,230,4.377738927738928
11:11:21,230,4.377738927738928
11:11:22,230,4.377738927738928
11:11:23,230,4.377738927738928
11:11:24,230,4.377738927738928
11:11:25,230,4.377738927738928
11:11:26,230,4.377738927738928
11:11:27,230,4.377738927738928
11:11:28,230,4.401041666666667
11:11:29,230,4.401041666666667
11:11:30,230,4.401041666666667
11:11:31,230,4.416552511415525
11:11:32,230,4.416552511415525
11:11:33,230,4.416552511415525
11:11:34,230,4.416552511415525
11:11:35,230,4.416552511415525
11:11:36,230,4.416552511415525
11:11:37,230,4.416552511415525
11:11:38,230,4.416552511415525
11:11:39,230,4.416552511415525
11:11:40,231,4.411451247165533
11:11:41,231,4.411451247165533
11:11:42,231,4.411451247165533
11:11:43,231,4.411451247165533
11:11:44,231,4.411451247165533
11:11:45,231,4.411451247165533
11:11:46,231,4.411451247165533
11:11:47,231,4.40472972972973
11:11:48,231,4.40472972972973
11:11:49,233,4.40472972972973
11:11:50,233,4.40472972972973
11:11:51,233,4.40472972972973
11:11:52,234,4.430648769574944
11:11:53,235,4.446333333333333
11:11:54,235,4.446333333333333
11:11:55,235,4.446333333333333
11:11:56,235,4.446333333333333
11:11:57,235,4.446333333333333
11:11:58,235,4.466004415011038
11:11:59,235,4.466004415011038
11:12:00,235,4.48640350877193
11:12:01,236,4.48640350877193
11:12:02,236,4.48115468409586
11:12:03,236,4.48115468409586
11:12:04,236,4.48115468409586
11:12:05,236,4.48115468409586
11:12:06,236,4.471536796536797
11:12:07,236,4.471536796536797
11:12:08,236,4.471536796536797
11:12:09,236,4.471536796536797
11:12:10,236,4.471536796536797
11:12:11,236,4.471536796536797
11:12:12,236,4.471536796536797
11:12:13,236,4.471536796536797
11:12:14,236,4.461397849462366
11:12:15,236,4.461397849462366
11:12:16,236,4.461397849462366
11:12:17,236,4.4839743589743595
11:12:18,236,4.468577494692144
11:12:19,236,4.488818565400845
11:12:20,236,4.488818565400845
11:12:21,236,4.488818565400845
11:12:22,236,4.488818565400845
11:12:23,236,4.488818565400845
11:12:24,237,4.488818565400845
11:12:25,237,4.473584905660378
11:12:26,237,4.473584905660378
11:12:27,237,4.473584905660378
11:12:28,237,4.473584905660378
11:12:29,237,4.473584905660378
11:12:30,237,4.473584905660378
11:12:31,237,4.473584905660378
11:12:32,237,4.473584905660378
11:12:33,238,4.473584905660378
11:12:34,238,4.473584905660378
11:12:35,238,4.4920833333333325
11:12:36,238,4.4920833333333325
11:12:37,238,4.478674948240166
11:12:38,238,4.478674948240166
11:12:39,238,4.478674948240166
11:12:40,238,4.478674948240166
11:12:41,238,4.478674948240166
11:12:42,238,4.478674948240166
11:12:43,238,4.478674948240166
11:12:44,238,4.478674948240166
11:12:45,238,4.478674948240166
11:12:46,238,4.478674948240166
11:12:47,238,4.467078189300412
11:12:48,238,4.467078189300412
11:12:49,238,4.489161554192228
11:12:50,238,4.489161554192228
11:12:51,238,4.489161554192228
11:12:52,238,4.489161554192228
11:12:53,238,4.5096544715447155
11:12:54,238,4.5096544715447155
11:12:55,238,4.5096544715447155
11:12:56,238,4.5096544715447155
11:12:57,239,4.5096544715447155
11:12:58,239,4.5096544715447155
11:12:59,239,4.5096544715447155
11:13:00,239,4.5096544715447155
11:13:01,240,4.5096544715447155
11:13:02,240,4.5320202020202025
11:13:03,240,4.5320202020202025
11:13:04,241,4.5320202020202025
11:13:05,241,4.5320202020202025
11:13:06,241,4.5320202020202025
11:13:07,241,4.5320202020202025
11:13:08,242,4.5320202020202025
11:13:09,242,4.552208835341365
11:13:10,242,4.552208835341365
11:13:11,243,4.552208835341365
11:13:12,243,4.577045908183633
11:13:13,243,4.577045908183633
11:13:14,243,4.577045908183633
11:13:15,244,4.597023809523809
11:13:16,244,4.597023809523809
11:13:17,244,4.616568047337278
11:13:18,244,4.616568047337278
11:13:19,244,4.606274509803922
11:13:20,244,4.606274509803922
11:13:21,244,4.606274509803922
11:13:22,244,4.597953216374269
11:13:23,244,4.597953216374269
11:13:24,244,4.597953216374269
11:13:25,244,4.597953216374269
11:13:26,244,4.597953216374269
11:13:27,245,4.597953216374269
11:13:28,245,4.621027131782946
11:13:29,245,4.621027131782946
11:13:30,245,4.621027131782946
11:13:31,245,4.639595375722544
11:13:32,245,4.659099616858238
11:13:33,245,4.659099616858238
11:13:34,245,4.659099616858238
11:13:35,245,4.659099616858238
11:13:36,245,4.679142857142858
11:13:37,245,4.679142857142858
11:13:38,246,4.679142857142858
11:13:39,246,4.679142857142858
11:13:40,246,4.679142857142858
11:13:41,246,4.679142857142858
11:13:42,246,4.679142857142858
11:13:43,246,4.679142857142858
11:13:44,246,4.679142857142858
11:13:45,246,4.679142857142858
11:13:46,246,4.679142857142858
11:13:47,246,4.7012310606060606
11:13:48,246,4.7012310606060606
11:13:49,246,4.7012310606060606
11:13:50,246,4.7012310606060606
11:13:51,246,4.7012310606060606
11:13:52,246,4.7012310606060606
11:13:53,246,4.7012310606060606
11:13:54,246,4.7012310606060606
11:13:55,246,4.7012310606060606
11:13:56,246,4.7012310606060606
11:13:57,246,4.719774011299435
11:13:58,246,4.704868913857678
11:13:59,246,4.704868913857678
11:14:00,246,4.704868913857678
11:14:01,246,4.704868913857678
11:14:02,246,4.69171322160149
11:14:03,246,4.69171322160149
11:14:04,246,4.69171322160149
11:14:05,246,4.711944444444444
11:14:06,247,4.711944444444444
11:14:07,247,4.711944444444444
11:14:08,247,4.711944444444444
11:14:09,247,4.711944444444444
11:14:10,247,4.732136279926335
11:14:11,247,4.732136279926335
11:14:12,247,4.732136279926335
11:14:13,247,4.732136279926335
11:14:14,247,4.732136279926335
11:14:15,247,4.75
11:14:16,247,4.75
11:14:17,247,4.768123861566484
11:14:18,248,4.768123861566484
11:14:19,248,4.768123861566484
11:14:20,248,4.768123861566484
11:14:21,248,4.768123861566484
11:14:22,249,4.768123861566484
11:14:23,249,4.768123861566484
11:14:24,250,4.756159420289856
11:14:25,250,4.756159420289856
11:14:26,250,4.756159420289856
11:14:27,250,4.756159420289856
11:14:28,250,4.756159420289856
11:14:29,250,4.756159420289856
11:14:30,251,4.756159420289856
11:14:31,251,4.756159420289856
11:14:32,251,4.756159420289856
11:14:33,252,4.777477477477477
11:14:34,252,4.777477477477477
11:14:35,252,4.777477477477477
11:14:36,252,4.777477477477477
11:14:37,252,4.777477477477477
11:14:38,253,4.777477477477477
11:14:39,254,4.797401433691757
11:14:40,254,4.797401433691757
11:14:41,255,4.797401433691757
11:14:42,255,4.797401433691757
11:14:43,255,4.797401433691757
11:14:44,256,4.817825311942959
11:14:45,257,4.817825311942959
11:14:46,257,4.817825311942959
11:14:47,259,4.817825311942959
11:14:48,259,4.817825311942959
11:14:49,260,4.817825311942959
11:14:50,261,4.817825311942959
11:14:51,261,4.8365248226950355
11:14:52,262,4.8365248226950355
11:14:53,263,4.8365248226950355
11:14:54,263,4.844561403508772
11:14:55,263,4.844561403508772
11:14:56,264,4.866492146596858
11:14:57,265,4.866492146596858
11:14:58,265,4.866492146596858
11:14:59,265,4.866492146596858
11:15:00,266,4.866492146596858
11:15:01,267,4.8546875
11:15:02,267,4.8546875
11:15:03,267,4.8546875
11:15:04,268,4.8546875
11:15:05,269,4.8546875
11:15:06,270,4.8546875
11:15:07,270,4.8546875
11:15:08,270,4.8546875
11:15:09,270,4.8546875
11:15:10,271,4.8546875
11:15:11,271,4.8546875
11:15:12,271,4.8546875
11:15:13,272,4.875302245250432
11:15:14,272,4.875302245250432
11:15:15,272,4.875302245250432
11:15:16,272,4.875302245250432
11:15:17,273,4.875302245250432
11:15:18,273,4.875302245250432
11:15:19,273,4.895103092783505
11:15:20,274,4.915470085470086
11:15:21,274,4.915470085470086
11:15:22,275,4.915470085470086
11:15:23,275,4.915470085470086
11:15:24,275,4.915470085470086
11:15:25,276,4.915470085470086
11:15:26,276,4.936904761904762
11:15:27,276,4.936904761904762
11:15:28,276,4.936904761904762
11:15:29,276,4.936904761904762
11:15:30,276,4.936904761904762
11:15:31,278,4.936904761904762
11:15:32,278,4.936904761904762
11:15:33,278,4.936904761904762
11:15:34,279,4.936904761904762
11:15:35,279,4.936904761904762
11:15:36,279,4.936904761904762
11:15:37,279,4.936904761904762
11:15:38,280,4.936904761904762
11:15:39,281,4.936904761904762
11:15:40,282,4.955922165820643
11:15:41,283,4.955922165820643
11:15:42,283,4.976262626262626
11:15:43,284,4.976262626262626
11:15:44,284,4.976262626262626
11:15:45,285,4.976262626262626
11:15:46,286,4.995896147403685
11:15:47,286,4.995896147403685
11:15:48,288,4.995896147403685
11:15:49,288,4.995896147403685
11:15:50,288,4.995896147403685
11:15:51,289,4.995896147403685
11:15:52,289,4.995896147403685
11:15:53,290,5.015083333333333
11:15:54,290,5.015083333333333
11:15:55,291,5.015083333333333
11:15:56,291,5.0357379767827535
11:15:57,292,5.0357379767827535
11:15:58,293,5.0357379767827535
11:15:59,293,5.056930693069307
11:16:00,294,5.056930693069307
11:16:01,295,5.056930693069307
11:16:02,295,5.056930693069307
11:16:03,295,5.056930693069307
11:16:04,297,5.056930693069307
11:16:05,298,5.074548440065682
11:16:06,299,5.074548440065682
11:16:07,299,5.074548440065682
11:16:08,300,5.074548440065682
11:16:09,300,5.074548440065682
11:16:10,301,5.074548440065682
11:16:11,301,5.074548440065682
11:16:12,302,5.074548440065682
11:16:13,303,5.074548440065682
11:16:14,303,5.093464052287582
11:16:15,303,5.093464052287582
11:16:16,305,5.093464052287582
11:16:17,305,5.093464052287582
11:16:18,305,5.093464052287582
11:16:19,306,5.093464052287582
11:16:20,307,5.093464052287582
11:16:21,307,5.093464052287582
11:16:22,308,5.093464052287582
11:16:23,309,5.093464052287582
11:16:24,309,5.093464052287582
11:16:25,310,5.093464052287582
11:16:26,310,5.093464052287582
11:16:27,312,5.099352750809062
11:16:28,313,5.099352750809062
11:16:29,313,5.099352750809062
11:16:30,313,5.121417069243156
11:16:31,314,5.121417069243156
11:16:32,314,5.121417069243156
11:16:33,314,5.143028846153846
11:16:34,315,5.143028846153846
11:16:35,315,5.143028846153846
11:16:36,315,5.143028846153846
11:16:37,316,5.12822966507177
11:16:38,317,5.12822966507177
11:16:39,317,5.132780410742496
11:16:40,317,5.132780410742496
11:16:41,318,5.132780410742496
11:16:42,319,5.132780410742496
11:16:43,319,5.132780410742496
11:16:44,320,5.132780410742496
11:16:45,320,5.132780410742496
11:16:46,320,5.119654088050314
11:16:47,322,5.119654088050314
11:16:48,322,5.119654088050314
11:16:49,322,5.141001564945227
11:16:50,323,5.141001564945227
11:16:51,324,5.141001564945227
11:16:52,324,5.141001564945227
11:16:53,325,5.141001564945227
11:16:54,326,5.126791277258567
11:16:55,326,5.126791277258567
11:16:56,327,5.144186046511629
11:16:57,327,5.144186046511629
11:16:58,327,5.131095679012346
11:16:59,328,5.131095679012346
11:17:00,329,5.131095679012346
11:17:01,329,5.131095679012346
11:17:02,329,5.149462365591398
11:17:03,329,5.149462365591398
11:17:04,329,5.158295281582952
11:17:05,329,5.158295281582952
11:17:06,329,5.145530303030303
11:17:07,330,5.145530303030303
11:17:08,330,5.145530303030303
11:17:09,330,5.145530303030303
11:17:10,330,5.145530303030303
11:17:11,331,5.145530303030303
11:17:12,331,5.145530303030303
11:17:13,332,5.145530303030303
11:17:14,332,5.145530303030303
11:17:15,332,5.145530303030303
11:17:16,332,5.145530303030303
11:17:17,332,5.145530303030303
11:17:18,333,5.1653092006033186
11:17:19,333,5.1653092006033186
11:17:20,333,5.153903903903904
11:17:21,334,5.153903903903904
11:17:22,334,5.153903903903904
11:17:23,334,5.175635276532137
11:17:24,334,5.175635276532137
11:17:25,334,5.175635276532137
11:17:26,334,5.196279761904762
11:17:27,334,5.196279761904762
11:17:28,334,5.196279761904762
11:17:29,334,5.196279761904762
11:17:30,334,5.18474074074074
11:17:31,334,5.18474074074074
11:17:32,334,5.18474074074074
11:17:33,334,5.172050147492626
11:17:34,334,5.172050147492626
11:17:35,334,5.172050147492626
11:17:36,334,5.172050147492626
11:17:37,334,5.172050147492626
11:17:38,334,5.172050147492626
11:17:39,334,5.172050147492626
11:17:40,334,5.172050147492626
11:17:41,334,5.160646108663729
11:17:42,334,5.160646108663729
11:17:43,334,5.160646108663729
11:17:44,335,5.160646108663729
11:17:45,335,5.160646108663729
11:17:46,335,5.160646108663729
11:17:47,335,5.160646108663729
11:17:48,335,5.160646108663729
11:17:49,336,5.160646108663729
11:17:50,337,5.148099415204679
11:17:51,337,5.167248908296943
11:17:52,338,5.167248908296943
11:17:53,338,5.167248908296943
11:17:54,339,5.156086956521738
11:17:55,339,5.177994227994228
11:17:56,339,5.177994227994228
11:17:57,340,5.191917024320458
11:17:58,340,5.191917024320458
11:17:59,341,5.182122507122506
11:18:00,341,5.182122507122506
11:18:01,342,5.182122507122506
11:18:02,342,5.182122507122506
11:18:03,342,5.182122507122506
11:18:04,343,5.182122507122506
11:18:05,343,5.182122507122506
11:18:06,344,5.182122507122506
11:18:07,344,5.182122507122506
11:18:08,344,5.1711347517730495
11:18:09,344,5.1711347517730495
11:18:10,345,5.182348804500704
11:18:11,345,5.182348804500704
11:18:12,345,5.182348804500704
11:18:13,346,5.203501400560224
11:18:14,346,5.203501400560224
11:18:15,346,5.195188284518829
11:18:16,347,5.195188284518829
11:18:17,347,5.185625
11:18:18,348,5.185625
11:18:19,349,5.185625
11:18:20,349,5.177178423236515
11:18:21,349,5.177178423236515
11:18:22,350,5.177178423236515
11:18:23,350,5.167975206611571
11:18:24,350,5.167975206611571
11:18:25,351,5.167975206611571
11:18:26,351,5.167975206611571
11:18:27,351,5.167975206611571
11:18:28,351,5.188271604938271
11:18:29,352,5.188271604938271
11:18:30,352,5.188271604938271
11:18:31,352,5.188271604938271
11:18:32,354,5.188271604938271
11:18:33,354,5.188271604938271
11:18:34,354,5.188271604938271
11:18:35,355,5.188271604938271
11:18:36,355,5.188271604938271
11:18:37,356,5.179439890710382
11:18:38,356,5.179439890710382
11:18:39,357,5.179439890710382
11:18:40,357,5.179439890710382
11:18:41,357,5.179439890710382
11:18:42,358,5.179439890710382
11:18:43,358,5.179439890710382
11:18:44,358,5.2011564625850335
11:18:45,358,5.2011564625850335
11:18:46,358,5.2011564625850335
11:18:47,358,5.2011564625850335
11:18:48,358,5.2011564625850335
11:18:49,358,5.211201079622132
11:18:50,358,5.211201079622132
11:18:51,358,5.203091397849462
11:18:52,358,5.203091397849462
11:18:53,358,5.203091397849462
11:18:54,358,5.203091397849462
11:18:55,358,5.203091397849462
11:18:56,358,5.203091397849462
11:18:57,358,5.203091397849462
11:18:58,358,5.203091397849462
11:18:59,359,5.203091397849462
11:19:00,359,5.203091397849462
11:19:01,359,5.2242302543507355
11:19:02,361,5.2242302543507355
11:19:03,361,5.2458
11:19:04,361,5.2458
11:19:05,361,5.2458
11:19:06,363,5.2458
11:19:07,363,5.256905710491368
11:19:08,363,5.249007936507937
11:19:09,363,5.249007936507937
11:19:10,364,5.249007936507937
11:19:11,366,5.249007936507937
11:19:12,366,5.241831357048748
11:19:13,367,5.241831357048748
11:19:14,368,5.241831357048748
11:19:15,369,5.262598425196851
11:19:16,369,5.262598425196851
11:19:17,371,5.273986928104575
11:19:18,371,5.273986928104575
11:19:19,372,5.273986928104575
11:19:20,373,5.267643229166667
11:19:21,374,5.267643229166667
11:19:22,375,5.267643229166667
11:19:23,375,5.267643229166667
11:19:24,378,5.2604409857328145
11:19:25,378,5.2604409857328145
11:19:26,379,5.254392764857881
11:19:27,380,5.254392764857881
11:19:28,381,5.251480051480052
11:19:29,382,5.251480051480052
11:19:30,382,5.251480051480052
11:19:31,382,5.251480051480052
11:19:32,383,5.251480051480052
11:19:33,383,5.251480051480052
11:19:34,384,5.256410256410256
11:19:35,386,5.256410256410256
11:19:36,387,5.270178799489145
11:19:37,387,5.270178799489145
11:19:38,389,5.270178799489145
11:19:39,389,5.270178799489145
11:19:40,390,5.270178799489145
11:19:41,391,5.270178799489145
11:19:42,392,5.270178799489145
11:19:43,393,5.270178799489145
11:19:44,394,5.270178799489145
11:19:45,394,5.270178799489145
11:19:46,395,5.270178799489145
11:19:47,397,5.270178799489145
11:19:48,397,5.270178799489145
11:19:49,398,5.270178799489145
11:19:50,400,5.270178799489145
11:19:51,400,5.282888040712468
11:19:52,401,5.282888040712468
11:19:53,403,5.282888040712468
11:19:54,403,5.305703422053232
11:19:55,404,5.305703422053232
11:19:56,404,5.305703422053232
11:19:57,405,5.305703422053232
11:19:58,405,5.318434343434344
11:19:59,407,5.318434343434344
11:20:00,407,5.318434343434344
11:20:01,408,5.318434343434344
11:20:02,409,5.313962264150944
11:20:03,409,5.313962264150944
11:20:04,409,5.328634085213033
11:20:05,410,5.328634085213033
11:20:06,411,5.328634085213033
11:20:07,413,5.328634085213033
11:20:08,413,5.334831460674157
11:20:09,414,5.334831460674157
11:20:10,416,5.334831460674157
11:20:11,416,5.330472636815921
11:20:12,417,5.330472636815921
11:20:13,419,5.327447335811647
11:20:14,420,5.327447335811647
11:20:15,420,5.324135802469136
11:20:16,420,5.324135802469136
11:20:17,423,5.324135802469136
11:20:18,423,5.322755227552276
11:20:19,424,5.322755227552276
11:20:20,425,5.322755227552276
11:20:21,426,5.322755227552276
11:20:22,426,5.322755227552276
11:20:23,426,5.322755227552276
11:20:24,428,5.322755227552276
11:20:25,428,5.322755227552276
11:20:26,429,5.322755227552276
11:20:27,429,5.322755227552276
11:20:28,429,5.333638583638584
11:20:29,430,5.333638583638584
11:20:30,430,5.3297445255474445
11:20:31,431,5.3297445255474445
11:20:32,432,5.3297445255474445
11:20:33,432,5.3297445255474445
11:20:34,433,5.3297445255474445
11:20:35,433,5.326484848484848
11:20:36,434,5.326484848484848
11:20:37,434,5.326484848484848
11:20:38,435,5.326484848484848
11:20:39,435,5.326484848484848
11:20:40,436,5.326484848484848
11:20:41,436,5.33852657004831
11:20:42,437,5.33852657004831
11:20:43,437,5.33852657004831
11:20:44,437,5.354392298435619
11:20:45,437,5.358273381294964
11:20:46,439,5.358273381294964
11:20:47,439,5.358273381294964
11:20:48,439,5.358273381294964
11:20:49,439,5.35621266427718
11:20:50,440,5.362738095238096
11:20:51,440,5.362738095238096
11:20:52,441,5.362738095238096
11:20:53,442,5.362738095238096
11:20:54,442,5.375919335705813
11:20:55,442,5.375919335705813
11:20:56,442,5.375919335705813
11:20:57,443,5.375919335705813
11:20:58,443,5.375919335705813
11:20:59,444,5.375919335705813
11:21:00,444,5.375919335705813
11:21:01,444,5.375295508274232
11:21:02,444,5.375295508274232
11:21:03,445,5.375295508274232
11:21:04,445,5.373203769140165
11:21:05,445,5.373203769140165
11:21:06,446,5.371009389671361
11:21:07,446,5.371009389671361
11:21:08,446,5.380818713450292
11:21:09,446,5.379370629370629
11:21:10,446,5.379370629370629
11:21:11,447,5.379370629370629
11:21:12,447,5.378977932636469
11:21:13,447,5.378977932636469
11:21:14,448,5.378977932636469
11:21:15,448,5.378977932636469
11:21:16,449,5.378977932636469
11:21:17,450,5.378977932636469
11:21:18,450,5.392997685185184
11:21:19,450,5.392997685185184
11:21:20,450,5.392997685185184
11:21:21,451,5.392997685185184
11:21:22,451,5.392997685185184
11:21:23,451,5.392997685185184
11:21:24,452,5.391868512110727
11:21:25,452,5.391868512110727
11:21:26,453,5.391868512110727
11:21:27,454,5.391868512110727
11:21:28,455,5.391868512110727
11:21:29,456,5.391868512110727
11:21:30,456,5.391868512110727
11:21:31,456,5.401954022988506
11:21:32,458,5.401954022988506
11:21:33,458,5.401954022988506
11:21:34,459,5.402176403207331
11:21:35,459,5.402176403207331
11:21:36,459,5.402176403207331
11:21:37,460,5.402176403207331
11:21:38,460,5.402176403207331
11:21:39,460,5.401369863013699
11:21:40,461,5.401369863013699
11:21:41,461,5.401369863013699
11:21:42,461,5.401369863013699
11:21:43,461,5.401369863013699
11:21:44,462,5.401369863013699
11:21:45,462,5.41188850967008
11:21:46,463,5.41188850967008
11:21:47,464,5.41188850967008
11:21:48,464,5.41188850967008
11:21:49,464,5.416836734693877
11:21:50,464,5.417514124293786
11:21:51,465,5.417514124293786
11:21:52,466,5.417514124293786
11:21:53,466,5.416948198198198
11:21:54,466,5.422727272727273
11:21:55,468,5.422727272727273
11:21:56,468,5.422727272727273
11:21:57,468,5.423154362416108
11:21:58,469,5.433944444444445
11:21:59,470,5.433944444444445
11:22:00,470,5.433944444444445
11:22:01,471,5.433056478405316
11:22:02,471,5.433056478405316
11:22:03,472,5.433056478405316
11:22:04,472,5.433056478405316
11:22:05,472,5.433056478405316
11:22:06,472,5.433056478405316
11:22:07,474,5.433056478405316
11:22:08,474,5.433056478405316
11:22:09,474,5.445088300220751
11:22:10,476,5.4465346534653465
11:22:11,476,5.4465346534653465
11:22:12,476,5.44873903508772
11:22:13,476,5.44873903508772
11:22:14,477,5.44873903508772
11:22:15,477,5.44873903508772
11:22:16,477,5.44873903508772
11:22:17,477,5.44873903508772
11:22:18,477,5.44873903508772
11:22:19,477,5.445409836065574
11:22:20,477,5.445409836065574
11:22:21,477,5.445409836065574
11:22:22,477,5.445409836065574
11:22:23,477,5.445409836065574
11:22:24,477,5.445409836065574
11:22:25,477,5.445409836065574
11:22:26,477,5.446514161220043
11:22:27,477,5.446514161220043
11:22:28,478,5.446514161220043
11:22:29,478,5.446514161220043
11:22:30,478,5.447186147186147
11:22:31,478,5.447186147186147
11:22:32,478,5.447734627831716
11:22:33,478,5.447734627831716
11:22:34,479,5.447734627831716
11:22:35,479,5.447734627831716
11:22:36,479,5.45752688172043
11:22:37,479,5.45752688172043
11:22:38,480,5.462379421221865
11:22:39,480,5.462379421221865
11:22:40,480,5.462379421221865
11:22:41,481,5.462379421221865
11:22:42,481,5.462379421221865
11:22:43,481,5.462379421221865
11:22:44,482,5.462379421221865
11:22:45,483,5.462379421221865
11:22:46,483,5.462379421221865
11:22:47,483,5.464049145299145
11:22:48,483,5.464049145299145
11:22:49,484,5.4660809371672
11:22:50,484,5.4660809371672
11:22:51,484,5.4660809371672
11:22:52,485,5.4660809371672
11:22:53,485,5.4660809371672
11:22:54,485,5.463535031847133
11:22:55,486,5.463535031847133
11:22:56,486,5.463535031847133
11:22:57,486,5.463535031847133
11:22:58,486,5.463535031847133
11:22:59,487,5.475158227848101
11:23:00,487,5.475158227848101
11:23:01,487,5.479758149316509
11:23:02,487,5.479758149316509
11:23:03,487,5.479758149316509
11:23:04,487,5.479758149316509
11:23:05,487,5.479758149316509
11:23:06,487,5.481289308176101
11:23:07,487,5.481289308176101
11:23:08,487,5.481289308176101
11:23:09,487,5.483542319749216
11:23:10,487,5.483542319749216
11:23:11,487,5.483542319749216
11:23:12,487,5.4831770833333335
11:23:13,487,5.4831770833333335
11:23:14,487,5.4831770833333335
11:23:15,487,5.4858774662512975
11:23:16,487,5.4858774662512975
11:23:17,487,5.494927536231884
11:23:18,487,5.494927536231884
11:23:19,487,5.494927536231884
11:23:20,487,5.494927536231884
11:23:21,487,5.494927536231884
11:23:22,487,5.494927536231884
11:23:23,487,5.494927536231884
11:23:24,488,5.494927536231884
11:23:25,488,5.503611971104231
11:23:26,488,5.503611971104231
11:23:27,488,5.503611971104231
11:23:28,488,5.503611971104231
11:23:29,488,5.503611971104231
11:23:30,488,5.510442386831276
11:23:31,488,5.510442386831276
11:23:32,488,5.510442386831276
11:23:33,488,5.51425641025641
11:23:34,488,5.5143149284253585
11:23:35,488,5.5143149284253585
11:23:36,488,5.5143149284253585
11:23:37,488,5.518450560652395
11:23:38,488,5.518450560652395
11:23:39,488,5.518450560652395
11:23:40,491,5.518450560652395
11:23:41,491,5.518450560652395
11:23:42,491,5.518450560652395
11:23:43,491,5.517733739837398
11:23:44,491,5.517733739837398
11:23:45,491,5.517733739837398
11:23:46,492,5.517933130699088
11:23:47,492,5.517933130699088
11:23:48,492,5.517933130699088
11:23:49,493,5.521868686868687
11:23:50,493,5.521868686868687
11:23:51,493,5.527593152064451
11:23:52,494,5.537600401606426
11:23:53,494,5.537600401606426
11:23:54,495,5.537600401606426
11:23:55,496,5.537600401606426
11:23:56,496,5.537600401606426
11:23:57,497,5.537600401606426
11:23:58,499,5.537600401606426
11:23:59,499,5.537600401606426
11:24:00,501,5.537600401606426
11:24:01,501,5.537600401606426
11:24:02,503,5.537600401606426
11:24:03,503,5.537600401606426
11:24:04,503,5.537387387387387
11:24:05,504,5.537387387387387
11:24:06,505,5.537387387387387
11:24:07,505,5.537387387387387
11:24:08,505,5.537387387387387
11:24:09,506,5.53910447761194
11:24:10,506,5.53910447761194
11:24:11,506,5.53910447761194
11:24:12,507,5.541170634920634
11:24:13,507,5.541170634920634
11:24:14,507,5.541170634920634
11:24:15,507,5.54782393669634
11:24:16,508,5.54782393669634
11:24:17,508,5.546449704142011
11:24:18,508,5.546449704142011
11:24:19,508,5.550589970501475
11:24:20,508,5.550589970501475
11:24:21,508,5.550589970501475
11:24:22,509,5.550589970501475
11:24:23,509,5.550589970501475
11:24:24,509,5.550589970501475
11:24:25,509,5.550589970501475
11:24:26,509,5.550589970501475
11:24:27,509,5.5554901960784315
11:24:28,509,5.5554901960784315
11:24:29,509,5.5554901960784315
11:24:30,509,5.5554901960784315
11:24:31,510,5.5554901960784315
11:24:32,510,5.5554901960784315
11:24:33,510,5.5554901960784315
11:24:34,510,5.5554901960784315
11:24:35,511,5.5554901960784315
11:24:36,511,5.554545454545454
11:24:37,511,5.560964912280701
11:24:38,511,5.560964912280701
11:24:39,512,5.560964912280701
11:24:40,512,5.560964912280701
11:24:41,512,5.560964912280701
11:24:42,512,5.5650145772594755
11:24:43,513,5.566763565891473
11:24:44,513,5.566763565891473
11:24:45,514,5.57463768115942
11:24:46,514,5.57463768115942
11:24:47,514,5.57463768115942
11:24:48,514,5.576348747591522
11:24:49,516,5.576348747591522
11:24:50,516,5.576348747591522
11:24:51,516,5.576348747591522
11:24:52,516,5.576348747591522
11:24:53,517,5.576897214217099
11:24:54,517,5.5809386973180075
11:24:55,517,5.5809386973180075
11:24:56,517,5.5829035339064
11:24:57,518,5.5829035339064
11:24:58,519,5.5829035339064
11:24:59,519,5.5829035339064
11:25:00,519,5.583523809523809
11:25:01,520,5.583523809523809
11:25:02,520,5.583523809523809
11:25:03,520,5.583523809523809
11:25:04,521,5.583523809523809
11:25:05,521,5.584093067426401
11:25:06,521,5.584093067426401
11:25:07,521,5.588210227272727
11:25:08,521,5.588210227272727
11:25:09,521,5.588210227272727
11:25:10,521,5.591595845136922
11:25:11,521,5.598352165725047
11:25:12,521,5.597652582159625
11:25:13,521,5.605852059925094
11:25:14,521,5.605852059925094
11:25:15,521,5.607002801120448
11:25:16,522,5.6081471135940415
11:25:17,522,5.6081471135940415
11:25:18,522,5.60933147632312
11:25:19,522,5.60933147632312
11:25:20,522,5.60933147632312
11:25:21,522,5.60933147632312
11:25:22,522,5.60933147632312
11:25:23,522,5.60933147632312
11:25:24,522,5.60933147632312
11:25:25,522,5.60933147632312
11:25:26,522,5.60933147632312
11:25:27,522,5.60933147632312
11:25:28,522,5.610462962962964
11:25:29,522,5.610462962962964
11:25:30,522,5.610462962962964
11:25:31,522,5.610462962962964
11:25:32,522,5.6154662973222536
11:25:33,522,5.6154662973222536
11:25:34,522,5.6154662973222536
11:25:35,522,5.6154662973222536
11:25:36,522,5.6154662973222536
11:25:37,523,5.6154662973222536
11:25:38,523,5.6154662973222536
11:25:39,523,5.6154662973222536
11:25:40,523,5.6154662973222536
11:25:41,524,5.6154662973222536
11:25:42,525,5.6154662973222536
11:25:43,525,5.6154662973222536
11:25:44,525,5.6154662973222536
11:25:45,525,5.6154662973222536
11:25:46,526,5.6154662973222536
11:25:47,526,5.6154662973222536
11:25:48,526,5.6154662973222536
11:25:49,526,5.617817679558011
11:25:50,527,5.617817679558011
11:25:51,527,5.617817679558011
11:25:52,527,5.619972451790633
11:25:53,527,5.619972451790633
11:25:54,527,5.619972451790633
11:25:55,527,5.619972451790633
11:25:56,527,5.619972451790633
11:25:57,527,5.619972451790633
11:25:58,528,5.625641025641026
11:25:59,528,5.625641025641026
11:26:00,528,5.632557077625571
11:26:01,528,5.637112932604736
11:26:02,528,5.639782016348774
11:26:03,528,5.639782016348774
11:26:04,529,5.649048913043478
11:26:05,529,5.649048913043478
11:26:06,529,5.649048913043478
11:26:07,529,5.654381210478772
11:26:08,530,5.654381210478772
11:26:09,531,5.654381210478772
11:26:10,531,5.657567567567567
11:26:11,532,5.657567567567567
11:26:12,532,5.657567567567567
11:26:13,532,5.657567567567567
11:26:14,532,5.657567567567567
11:26:15,532,5.657567567567567
11:26:16,532,5.657567567567567
11:26:17,533,5.657567567567567
11:26:18,534,5.660332434860736
11:26:19,534,5.660332434860736
11:26:20,534,5.660332434860736
11:26:21,534,5.66326164874552
11:26:22,535,5.665817694369974
11:26:23,535,5.665817694369974
11:26:24,535,5.665817694369974
11:26:25,536,5.665817694369974
11:26:26,536,5.668716577540107
11:26:27,538,5.668716577540107
11:26:28,538,5.668716577540107
11:26:29,539,5.6699111111111105
11:26:30,541,5.6734929078014185
11:26:31,541,5.6734929078014185
11:26:32,541,5.6734929078014185
11:26:33,541,5.6734929078014185
11:26:34,542,5.6734929078014185
11:26:35,544,5.681211317418215
11:26:36,544,5.681211317418215
11:26:37,544,5.681211317418215
11:26:38,544,5.681211317418215
11:26:39,545,5.681211317418215
11:26:40,546,5.681211317418215
11:26:41,547,5.681211317418215
11:26:42,547,5.684347442680776
11:26:43,547,5.684347442680776
11:26:44,548,5.687027264731751
11:26:45,549,5.687027264731751
11:26:46,549,5.687027264731751
11:26:47,549,5.693728070175439
11:26:48,549,5.693728070175439
11:26:49,549,5.693728070175439
11:26:50,549,5.699956369982548
11:26:51,549,5.699956369982548
11:26:52,550,5.699956369982548
11:26:53,550,5.703568320278503
11:26:54,550,5.703568320278503
11:26:55,550,5.703568320278503
11:26:56,550,5.703568320278503
11:26:57,550,5.703568320278503
11:26:58,550,5.709331597222222
11:26:59,550,5.709331597222222
11:27:00,550,5.709331597222222
11:27:01,550,5.712987012987013
11:27:02,550,5.712987012987013
11:27:03,550,5.712987012987013
11:27:04,550,5.719084628670121
11:27:05,550,5.719084628670121
11:27:06,550,5.719084628670121
11:27:07,550,5.7226959517657185
11:27:08,550,5.7226959517657185
11:27:09,551,5.727104810996564
11:27:10,551,5.731833761782348
11:27:11,551,5.731833761782348
11:27:12,551,5.738034188034188
11:27:13,551,5.738034188034188
11:27:14,551,5.738034188034188
11:27:15,551,5.742796248934356
11:27:16,551,5.742796248934356
11:27:17,551,5.742796248934356
11:27:18,551,5.742796248934356
11:27:19,552,5.74749149659864
11:27:20,552,5.74749149659864
11:27:21,553,5.74749149659864
11:27:22,553,5.752502120441052
11:27:23,553,5.752707275803723
11:27:24,553,5.752707275803723
11:27:25,553,5.752707275803723
11:27:26,553,5.755822784810126
11:27:27,553,5.755822784810126
11:27:28,553,5.759385521885521
11:27:29,553,5.759385521885521
11:27:30,554,5.7630142737195635
11:27:31,554,5.7630142737195635
11:27:32,554,5.7630142737195635
11:27:33,555,5.7630142737195635
11:27:34,555,5.7630142737195635
11:27:35,555,5.7630142737195635
11:27:36,555,5.7630142737195635
11:27:37,557,5.7630142737195635
11:27:38,557,5.769472361809045
11:27:39,557,5.769472361809045
11:27:40,557,5.769472361809045
11:27:41,559,5.769472361809045
11:27:42,559,5.769472361809045
11:27:43,560,5.769472361809045
11:27:44,560,5.769472361809045
11:27:45,561,5.769472361809045
11:27:46,562,5.769472361809045
11:27:47,562,5.769472361809045
11:27:48,562,5.769472361809045
11:27:49,562,5.7748538011695905
11:27:50,563,5.780083333333334
11:27:51,563,5.780083333333334
11:27:52,564,5.7854530340814625
11:27:53,565,5.7854530340814625
11:27:54,565,5.7919568822553895
11:27:55,565,5.798759305210918
11:27:56,565,5.798759305210918
11:27:57,565,5.798759305210918
11:27:58,567,5.798759305210918
11:27:59,567,5.806353135313532
11:28:00,568,5.806353135313532
11:28:01,568,5.806353135313532
11:28:02,568,5.806353135313532
11:28:03,568,5.806353135313532
11:28:04,568,5.806353135313532
11:28:05,568,5.806353135313532
11:28:06,568,5.806353135313532
11:28:07,569,5.806353135313532
11:28:08,569,5.806353135313532
11:28:09,569,5.806353135313532
11:28:10,569,5.811728395061729
11:28:11,569,5.811728395061729
11:28:12,569,5.811728395061729
11:28:13,569,5.811728395061729
11:28:14,569,5.811728395061729
11:28:15,569,5.811728395061729
11:28:16,569,5.811728395061729
11:28:17,569,5.815722495894909
11:28:18,569,5.823259623259623
11:28:19,569,5.823259623259623
11:28:20,569,5.823259623259623
11:28:21,569,5.828431372549019
11:28:22,569,5.835167074164629
11:28:23,569,5.835167074164629
11:28:24,569,5.8428455284552845
11:28:25,569,5.8428455284552845
11:28:26,569,5.8428455284552845
11:28:27,569,5.845093268450933
11:28:28,569,5.845093268450933
11:28:29,569,5.852588996763754
11:28:30,569,5.852588996763754
11:28:31,569,5.852588996763754
11:28:32,570,5.852588996763754
11:28:33,570,5.852588996763754
11:28:34,570,5.852588996763754
11:28:35,570,5.852588996763754
11:28:36,570,5.852588996763754
11:28:37,570,5.852588996763754
11:28:38,570,5.858878127522195
11:28:39,570,5.858878127522195
11:28:40,570,5.858878127522195
11:28:41,570,5.858878127522195
11:28:42,570,5.858878127522195
11:28:43,570,5.858878127522195
11:28:44,570,5.858878127522195
11:28:45,570,5.86991967871486
11:28:46,570,5.8716346153846155
11:28:47,570,5.8716346153846155
11:28:48,570,5.8716346153846155
11:28:49,570,5.8716346153846155
11:28:50,570,5.8716346153846155
11:28:51,570,5.8716346153846155
11:28:52,570,5.8716346153846155
11:28:53,570,5.8716346153846155
11:28:54,570,5.878057553956834
11:28:55,570,5.878057553956834
11:28:56,570,5.885247208931419
11:28:57,570,5.885247208931419
11:28:58,570,5.885247208931419
11:28:59,570,5.885247208931419
11:29:00,570,5.885247208931419
11:29:01,570,5.885247208931419
11:29:02,570,5.885247208931419
11:29:03,570,5.893794749403341
11:29:04,570,5.893794749403341
11:29:05,570,5.899007936507937
11:29:06,570,5.899007936507937
11:29:07,570,5.899007936507937
11:29:08,570,5.899007936507937
11:29:09,570,5.899007936507937
11:29:10,570,5.899007936507937
11:29:11,570,5.90526524148852
11:29:12,570,5.91236176935229
11:29:13,570,5.91236176935229
11:29:14,570,5.920685579196218
11:29:15,570,5.920685579196218
11:29:16,570,5.920685579196218
11:29:17,570,5.920685579196218
11:29:18,570,5.920685579196218
11:29:19,570,5.929048742138365
11:29:20,570,5.930705882352941
11:29:21,570,5.930705882352941
11:29:22,570,5.930705882352941
11:29:23,570,5.930705882352941
11:29:24,570,5.935837245696401
11:29:25,571,5.935837245696401
11:29:26,571,5.935837245696401
11:29:27,571,5.935837245696401
11:29:28,571,5.940905542544886
11:29:29,571,5.940905542544886
11:29:30,571,5.940905542544886
11:29:31,571,5.9490264797507795
11:29:32,571,5.9490264797507795
11:29:33,571,5.9490264797507795
11:29:34,571,5.9490264797507795
11:29:35,571,5.956954156954157
11:29:36,571,5.956954156954157
11:29:37,571,5.966162790697675
11:29:38,572,5.966162790697675
11:29:39,572,5.966162790697675
11:29:40,572,5.966162790697675
11:29:41,573,5.966162790697675
11:29:42,574,5.966162790697675
11:29:43,575,5.966162790697675
11:29:44,575,5.966162790697675
11:29:45,576,5.966162790697675
11:29:46,576,5.966162790697675
11:29:47,577,5.966162790697675
11:29:48,577,5.966162790697675
11:29:49,578,5.966162790697675
11:29:50,578,5.973549883990719
11:29:51,578,5.973549883990719
11:29:52,578,5.982291666666667
11:29:53,578,5.982291666666667
11:29:54,578,5.984949961508852
11:29:55,579,5.984949961508852
11:29:56,579,5.984949961508852
11:29:57,579,5.984949961508852
11:29:58,579,5.990360983102918
11:29:59,580,5.990360983102918
11:30:00,580,5.990360983102918
11:30:01,580,5.998352490421456
11:30:02,580,5.998352490421456
11:30:03,581,5.998352490421456
11:30:04,581,5.998352490421456
11:30:05,582,6.005160550458715
11:30:06,582,6.005160550458715
11:30:07,582,6.005160550458715
11:30:08,582,6.005160550458715
11:30:09,583,6.011022120518688
11:30:10,583,6.011022120518688
11:30:11,583,6.011022120518688
11:30:12,583,6.011022120518688
11:30:13,584,6.020842824601366
11:30:14,585,6.020842824601366
11:30:15,585,6.020842824601366
11:30:16,586,6.029545454545454
11:30:17,586,6.029545454545454
11:30:18,586,6.038662131519274
11:30:19,588,6.038662131519274
11:30:20,588,6.051805869074491
11:30:21,588,6.051805869074491
11:30:22,588,6.051805869074491
11:30:23,589,6.051805869074491
11:30:24,589,6.0598348348348345
11:30:25,589,6.069325842696629
11:30:26,589,6.069325842696629
11:30:27,589,6.07940956651719
11:30:28,591,6.07940956651719
11:30:29,592,6.07940956651719
11:30:30,592,6.0887770320656225
11:30:31,593,6.093117559523809
11:30:32,593,6.093117559523809
11:30:33,593,6.09981440237565
11:30:34,594,6.09981440237565
11:30:35,594,6.108666666666666
11:30:36,594,6.108666666666666
11:30:37,594,6.108666666666666
11:30:38,595,6.108666666666666
11:30:39,596,6.108666666666666
11:30:40,597,6.108666666666666
11:30:41,597,6.108666666666666
11:30:42,597,6.108666666666666
11:30:43,599,6.108666666666666
11:30:44,599,6.116777531411677
11:30:45,599,6.116777531411677
11:30:46,600,6.116777531411677
11:30:47,602,6.116777531411677
11:30:48,602,6.116777531411677
11:30:49,603,6.116777531411677
11:30:50,603,6.116777531411677
11:30:51,603,6.116777531411677
11:30:52,603,6.116777531411677
11:30:53,604,6.116777531411677
11:30:54,604,6.116777531411677
11:30:55,604,6.116777531411677
11:30:56,604,6.116777531411677
11:30:57,604,6.116777531411677
11:30:58,605,6.116777531411677
11:30:59,605,6.130721118469463
11:31:00,605,6.130721118469463
11:31:01,605,6.140308370044053
11:31:02,606,6.140308370044053
11:31:03,606,6.141831501831502
11:31:04,606,6.141831501831502
11:31:05,606,6.141831501831502
11:31:06,606,6.141831501831502
11:31:07,606,6.141831501831502
11:31:08,606,6.148538011695907
11:31:09,606,6.155579868708972
11:31:10,606,6.163245997088792
11:31:11,606,6.163245997088792
11:31:12,606,6.163245997088792
11:31:13,606,6.163245997088792
11:31:14,607,6.163245997088792
11:31:15,608,6.170515613652868
11:31:16,608,6.180326086956522
11:31:17,608,6.180326086956522
11:31:18,608,6.180326086956522
11:31:19,610,6.195743145743146
11:31:20,610,6.195743145743146
11:31:21,610,6.202555795536357
11:31:22,610,6.202555795536357
11:31:23,610,6.202555795536357
11:31:24,610,6.212428160919541
11:31:25,610,6.212428160919541
11:31:26,610,6.212428160919541
11:31:27,610,6.212428160919541
11:31:28,610,6.212428160919541
11:31:29,610,6.212428160919541
11:31:30,610,6.212428160919541
11:31:31,610,6.212428160919541
11:31:32,610,6.212428160919541
11:31:33,610,6.212428160919541
11:31:34,610,6.212428160919541
11:31:35,610,6.212428160919541
11:31:36,610,6.212428160919541
11:31:37,610,6.212428160919541
11:31:38,610,6.212428160919541
11:31:39,610,6.2192831541218645
11:31:40,610,6.2192831541218645
11:31:41,610,6.2192831541218645
11:31:42,610,6.236723768736616
11:31:43,610,6.236723768736616
11:31:44,610,6.236723768736616
11:31:45,610,6.236723768736616
11:31:46,610,6.236723768736616
11:31:47,610,6.236723768736616
11:31:48,610,6.244052706552707
11:31:49,610,6.244052706552707
11:31:50,610,6.244052706552707
11:31:51,610,6.244052706552707
11:31:52,610,6.244052706552707
11:31:53,610,6.244052706552707
11:31:54,610,6.244052706552707
11:31:55,611,6.247867803837953
11:31:56,611,6.247867803837953
11:31:57,611,6.247867803837953
11:31:58,611,6.252198581560283
11:31:59,611,6.252198581560283
11:32:00,611,6.252198581560283
11:32:01,611,6.252198581560283
11:32:02,611,6.252198581560283
11:32:03,611,6.259978768577495
11:32:04,611,6.272281073446328
11:32:05,611,6.272281073446328
11:32:06,611,6.278999295278365
11:32:07,611,6.288677918424754
11:32:08,611,6.29080701754386
11:32:09,611,6.29080701754386
11:32:10,611,6.29080701754386
11:32:11,611,6.29080701754386
11:32:12,612,6.29080701754386
11:32:13,612,6.301365546218488
11:32:14,612,6.301365546218488
11:32:15,612,6.301365546218488
11:32:16,612,6.305660377358491
11:32:17,612,6.311018131101814
11:32:18,612,6.311018131101814
11:32:19,613,6.311018131101814
11:32:20,614,6.311018131101814
11:32:21,614,6.311018131101814
11:32:22,616,6.311018131101814
11:32:23,616,6.311018131101814
11:32:24,616,6.311018131101814
11:32:25,617,6.311018131101814
11:32:26,617,6.311018131101814
11:32:27,617,6.311018131101814
11:32:28,618,6.315553235908141
11:32:29,620,6.315553235908141
11:32:30,620,6.315553235908141
11:32:31,621,6.3165625
11:32:32,621,6.3165625
11:32:33,622,6.3165625
11:32:34,622,6.3165625
11:32:35,623,6.3165625
11:32:36,624,6.321760221760221
11:32:37,624,6.321760221760221
11:32:38,624,6.326348547717842
11:32:39,626,6.326348547717842
11:32:40,627,6.326348547717842
11:32:41,627,6.337025534851621
11:32:42,628,6.337025534851621
11:32:43,629,6.346315426997245
11:32:44,629,6.346315426997245
11:32:45,629,6.346315426997245
11:32:46,630,6.350721649484536
11:32:47,630,6.350721649484536
11:32:48,630,6.350721649484536
11:32:49,631,6.350721649484536
11:32:50,631,6.350721649484536
11:32:51,632,6.350721649484536
11:32:52,632,6.350721649484536
11:32:53,632,6.350721649484536
11:32:54,633,6.350721649484536
11:32:55,633,6.352194787379973
11:32:56,633,6.352194787379973
11:32:57,635,6.366393442622951
11:32:58,635,6.366393442622951
11:32:59,635,6.366393442622951
11:33:00,636,6.379277436946149
11:33:01,637,6.379277436946149
11:33:02,637,6.389965986394558
11:33:03,639,6.3995926680244395
11:33:04,639,6.3995926680244395
11:33:05,639,6.3995926680244395
11:33:06,640,6.3995926680244395
11:33:07,641,6.3995926680244395
11:33:08,641,6.3995926680244395
11:33:09,642,6.3995926680244395
11:33:10,642,6.3995926680244395
11:33:11,644,6.3995926680244395
11:33:12,644,6.3995926680244395
11:33:13,645,6.3995926680244395
11:33:14,645,6.3995926680244395
11:33:15,645,6.3995926680244395
11:33:16,647,6.3995926680244395
11:33:17,647,6.4093834688346885
11:33:18,647,6.4093834688346885
11:33:19,648,6.4093834688346885
11:33:20,649,6.410480054090602
11:33:21,649,6.416329284750337
11:33:22,649,6.416329284750337
11:33:23,650,6.416329284750337
11:33:24,651,6.424612794612795
11:33:25,651,6.424612794612795
11:33:26,652,6.424612794612795
11:33:27,653,6.430477150537635
11:33:28,653,6.430477150537635
11:33:29,653,6.430477150537635
11:33:30,654,6.430477150537635
11:33:31,655,6.430477150537635
11:33:32,655,6.441146881287726
11:33:33,655,6.441146881287726
11:33:34,657,6.441146881287726
11:33:35,657,6.441146881287726
11:33:36,657,6.444210174029451
11:33:37,657,6.4546092184368735
11:33:38,658,6.4546092184368735
11:33:39,658,6.4546092184368735
11:33:40,659,6.4546092184368735
11:33:41,660,6.4546092184368735
11:33:42,661,6.4546092184368735
11:33:43,662,6.4611
11:33:44,663,6.462641383898869
11:33:45,664,6.4641766268260294
11:33:46,665,6.468190854870775
11:33:47,666,6.468190854870775
11:33:48,668,6.468190854870775
11:33:49,668,6.476818783068783
11:33:50,668,6.476818783068783
11:33:51,670,6.476818783068783
11:33:52,671,6.478217821782178
11:33:53,671,6.478217821782178
11:33:54,672,6.478217821782178
11:33:55,673,6.489986824769433
11:33:56,673,6.491683103221565
11:33:57,674,6.491683103221565
11:33:58,674,6.491683103221565
11:33:59,674,6.491683103221565
11:34:00,674,6.491683103221565
11:34:01,674,6.491683103221565
11:34:02,675,6.491683103221565
11:34:03,675,6.49245406824147
11:34:04,675,6.49245406824147
11:34:05,676,6.49245406824147
11:34:06,676,6.505664702030125
11:34:07,676,6.505664702030125
11:34:08,676,6.505664702030125
11:34:09,676,6.505664702030125
11:34:10,676,6.505664702030125
11:34:11,676,6.505664702030125
11:34:12,676,6.505664702030125
11:34:13,676,6.505664702030125
11:34:14,676,6.505664702030125
11:34:15,676,6.505664702030125
11:34:16,676,6.505664702030125
11:34:17,676,6.505664702030125
11:34:18,676,6.51343137254902
11:34:19,676,6.51343137254902
11:34:20,677,6.51343137254902
11:34:21,678,6.51343137254902
11:34:22,678,6.51343137254902
11:34:23,678,6.51343137254902
11:34:24,678,6.5196020874103064
11:34:25,680,6.5196020874103064
11:34:26,680,6.519466145833333
11:34:27,680,6.519466145833333
11:34:28,681,6.53715953307393
11:34:29,681,6.53715953307393
11:34:30,681,6.53715953307393
11:34:31,681,6.53715953307393
11:34:32,681,6.54495145631068
11:34:33,681,6.54495145631068
11:34:34,681,6.54495145631068
11:34:35,681,6.548288113695091
11:34:36,681,6.548288113695091
11:34:37,681,6.548288113695091
11:34:38,681,6.548288113695091
11:34:39,681,6.5586395873629915
11:34:40,681,6.57007722007722
11:34:41,681,6.57007722007722
11:34:42,681,6.57007722007722
11:34:43,681,6.576075786769428
11:34:44,681,6.576075786769428
11:34:45,681,6.576075786769428
11:34:46,681,6.580865384615384
11:34:47,681,6.580865384615384
11:34:48,681,6.580865384615384
11:34:49,681,6.580865384615384
11:34:50,681,6.587555982085733
11:34:51,681,6.587555982085733
11:34:52,681,6.587555982085733
11:34:53,681,6.587555982085733
11:34:54,681,6.58860153256705
11:34:55,681,6.58860153256705
11:34:56,682,6.58860153256705
11:34:57,682,6.58860153256705
11:34:58,682,6.58860153256705
11:34:59,682,6.592288081580624
11:35:00,682,6.592288081580624
11:35:01,682,6.592288081580624
11:35:02,682,6.592288081580624
11:35:03,683,6.592288081580624
11:35:04,683,6.592288081580624
11:35:05,683,6.592288081580624
11:35:06,683,6.592288081580624
11:35:07,684,6.592288081580624
11:35:08,684,6.594147582697201
11:35:09,684,6.594147582697201
11:35:10,685,6.601142857142857
11:35:11,685,6.601142857142857
11:35:12,685,6.601142857142857
11:35:13,686,6.613883617963314
11:35:14,686,6.613883617963314
11:35:15,686,6.619286616161617
11:35:16,688,6.619286616161617
11:35:17,688,6.619286616161617
11:35:18,688,6.621140516698173
11:35:19,688,6.621140516698173
11:35:20,688,6.621140516698173
11:35:21,688,6.622735849056604
11:35:22,688,6.622735849056604
11:35:23,688,6.622735849056604
11:35:24,688,6.622735849056604
11:35:25,688,6.622735849056604
11:35:26,688,6.622735849056604
11:35:27,688,6.624262397991212
11:35:28,690,6.624262397991212
11:35:29,690,6.624262397991212
11:35:30,690,6.624262397991212
11:35:31,691,6.634053884711779
11:35:32,691,6.638930581613509
11:35:33,691,6.638930581613509
11:35:34,691,6.644038701622971
11:35:35,691,6.644038701622971
11:35:36,692,6.644038701622971
11:35:37,693,6.653021806853583
11:35:38,694,6.653021806853583
11:35:39,694,6.653021806853583
11:35:40,694,6.651554726368159
11:35:41,695,6.651554726368159
11:35:42,695,6.651554726368159
11:35:43,696,6.651554726368159
11:35:44,696,6.656983240223464
11:35:45,696,6.656983240223464
11:35:46,698,6.656983240223464
11:35:47,698,6.656983240223464
11:35:48,699,6.656983240223464
11:35:49,699,6.661895910780669
11:35:50,701,6.661895910780669
11:35:51,701,6.661895910780669
11:35:52,701,6.661895910780669
11:35:53,701,6.661895910780669
11:35:54,702,6.661895910780669
11:35:55,702,6.661895910780669
11:35:56,702,6.661895910780669
11:35:57,702,6.661895910780669
11:35:58,702,6.661895910780669
11:35:59,702,6.671635802469136
11:36:00,702,6.671635802469136
11:36:01,702,6.671635802469136
11:36:02,702,6.6709796672828094
11:36:03,703,6.6769372693726945
11:36:04,703,6.6769372693726945
11:36:05,703,6.681921424186617
11:36:06,703,6.681280637254902
11:36:07,703,6.681280637254902
11:36:08,704,6.690061162079511
11:36:09,704,6.690061162079511
11:36:10,705,6.690061162079511
11:36:11,705,6.690061162079511
11:36:12,705,6.690061162079511
11:36:13,706,6.689010989010989
11:36:14,706,6.689010989010989
11:36:15,706,6.689010989010989
11:36:16,706,6.689010989010989
11:36:17,706,6.689010989010989
11:36:18,706,6.689010989010989
11:36:19,706,6.689010989010989
11:36:20,707,6.697531992687386
11:36:21,707,6.697531992687386
11:36:22,707,6.697531992687386
11:36:23,707,6.6960766423357665
11:36:24,708,6.6960766423357665
11:36:25,708,6.6960766423357665
11:36:26,708,6.6960766423357665
11:36:27,710,6.6960766423357665
11:36:28,710,6.6960766423357665
11:36:29,710,6.6960766423357665
11:36:30,713,6.6960766423357665
11:36:31,713,6.6960766423357665
11:36:32,713,6.6960766423357665
11:36:33,714,6.6960766423357665
11:36:34,715,6.694181818181818
11:36:35,715,6.694181818181818
11:36:36,715,6.694181818181818
11:36:37,715,6.694676346037507
11:36:38,715,6.694676346037507
11:36:39,715,6.694676346037507
11:36:40,715,6.700483091787439
11:36:41,715,6.700483091787439
11:36:42,715,6.699879445449066
11:36:43,715,6.699879445449066
11:36:44,715,6.699879445449066
11:36:45,715,6.699879445449066
11:36:46,715,6.699879445449066
11:36:47,715,6.699879445449066
11:36:48,715,6.708648648648649
11:36:49,715,6.708648648648649
11:36:50,715,6.708648648648649
11:36:51,715,6.708648648648649
11:36:52,715,6.718641532016757
11:36:53,715,6.718641532016757
11:36:54,716,6.718641532016757
11:36:55,716,6.7194743130227
11:36:56,716,6.7194743130227
11:36:57,716,6.724657125819917
11:36:58,717,6.734077380952381
11:36:59,717,6.734077380952381
11:37:00,717,6.734077380952381
11:37:01,718,6.734077380952381
11:37:02,718,6.734077380952381
11:37:03,718,6.734077380952381
11:37:04,718,6.734077380952381
11:37:05,718,6.734077380952381
11:37:06,719,6.734077380952381
11:37:07,719,6.734077380952381
11:37:08,719,6.734077380952381
11:37:09,719,6.744830659536542
11:37:10,720,6.749792408066429
11:37:11,720,6.749792408066429
11:37:12,720,6.754618117229129
11:37:13,720,6.754994089834515
11:37:14,720,6.754994089834515
11:37:15,720,6.754994089834515
11:37:16,720,6.756194690265487
11:37:17,720,6.756194690265487
11:37:18,720,6.763457008244995
11:37:19,720,6.763457008244995
11:37:20,720,6.763457008244995
11:37:21,720,6.763457008244995
11:37:22,720,6.763457008244995
11:37:23,720,6.763374485596708
11:37:24,720,6.763374485596708
11:37:25,720,6.763374485596708
11:37:26,721,6.763374485596708
11:37:27,721,6.763374485596708
11:37:28,721,6.763374485596708
11:37:29,721,6.763374485596708
11:37:30,722,6.770158450704225
11:37:31,722,6.767574692442882
11:37:32,722,6.767574692442882
11:37:33,723,6.767574692442882
11:37:34,723,6.767574692442882
11:37:35,723,6.767574692442882
11:37:36,723,6.767574692442882
11:37:37,724,6.767574692442882
11:37:38,724,6.776140350877194
11:37:39,724,6.776140350877194
11:37:40,725,6.776140350877194
11:37:41,725,6.773613543490952
11:37:42,725,6.773613543490952
11:37:43,726,6.784819347319347
11:37:44,726,6.784819347319347
11:37:45,726,6.784819347319347
11:37:46,728,6.784819347319347
11:37:47,728,6.784819347319347
11:37:48,728,6.784819347319347
11:37:49,728,6.784819347319347
11:37:50,729,6.782082606166376
11:37:51,729,6.782082606166376
11:37:52,729,6.781794425087108
11:37:53,730,6.78695652173913
11:37:54,730,6.78695652173913
11:37:55,730,6.78695652173913
11:37:56,730,6.78695652173913
11:37:57,730,6.78695652173913
11:37:58,730,6.78695652173913
11:37:59,730,6.792534722222222
11:38:00,730,6.792534722222222
11:38:01,730,6.79000577700751
11:38:02,730,6.79000577700751
11:38:03,730,6.790801614763552
11:38:04,731,6.797092688543466
11:38:05,732,6.798132183908046
11:38:06,733,6.798132183908046
11:38:07,733,6.798132183908046
11:38:08,733,6.798132183908046
11:38:09,733,6.798132183908046
11:38:10,733,6.798132183908046
11:38:11,733,6.798132183908046
11:38:12,733,6.796528973034997
11:38:13,733,6.796528973034997
11:38:14,733,6.796528973034997
11:38:15,733,6.8048682703321886
11:38:16,733,6.8048682703321886
11:38:17,733,6.8048682703321886
11:38:18,733,6.815866209262436
11:38:19,733,6.815866209262436
11:38:20,733,6.815866209262436
11:38:21,734,6.815866209262436
11:38:22,734,6.815866209262436
11:38:23,734,6.815866209262436
11:38:24,735,6.815866209262436
11:38:25,735,6.815866209262436
11:38:26,735,6.815866209262436
11:38:27,735,6.815866209262436
11:38:28,736,6.8245148401826485
11:38:29,736,6.8245148401826485
11:38:30,736,6.8245148401826485
11:38:31,737,6.8245148401826485
11:38:32,738,6.8245148401826485
11:38:33,739,6.827464387464388
11:38:34,739,6.827464387464388
11:38:35,740,6.827464387464388
11:38:36,741,6.827464387464388
11:38:37,741,6.827464387464388
11:38:38,742,6.828270762229806
11:38:39,742,6.828270762229806
11:38:40,742,6.828109028960818
11:38:41,743,6.828109028960818
11:38:42,743,6.828109028960818
11:38:43,743,6.8262755102040815
11:38:44,743,6.8262755102040815
11:38:45,744,6.8262755102040815
11:38:46,744,6.825212224108658
11:38:47,744,6.825212224108658
11:38:48,745,6.825212224108658
11:38:49,745,6.825212224108658
11:38:50,745,6.825212224108658
11:38:51,746,6.823446327683616
11:38:52,746,6.823446327683616
11:38:53,746,6.823446327683616
11:38:54,746,6.823446327683616
11:38:55,746,6.823446327683616
11:38:56,746,6.823446327683616
11:38:57,746,6.823446327683616
11:38:58,746,6.823446327683616
11:38:59,746,6.823446327683616
11:39:00,746,6.822504230118443
11:39:01,746,6.822504230118443
11:39:02,746,6.820833333333334
11:39:03,746,6.820833333333334
11:39:04,747,6.8204047217537935
11:39:05,747,6.8204047217537935
11:39:06,747,6.824747474747475
11:39:07,749,6.829551820728292
11:39:08,749,6.829551820728292
11:39:09,749,6.84001677852349
11:39:10,749,6.84001677852349
11:39:11,750,6.848352875488554
11:39:12,750,6.8479375696767
11:39:13,752,6.8479375696767
11:39:14,752,6.84794101279911
11:39:15,752,6.84794101279911
11:39:16,752,6.84794101279911
11:39:17,752,6.84794101279911
11:39:18,753,6.84794101279911
11:39:19,753,6.84794101279911
11:39:20,753,6.857638888888888
11:39:21,753,6.8573488630061
11:39:22,754,6.8573488630061
11:39:23,754,6.860880398671097
11:39:24,754,6.863764510779436
11:39:25,755,6.863764510779436
11:39:26,755,6.861727373068432
11:39:27,755,6.861727373068432
11:39:28,755,6.861727373068432
11:39:29,756,6.861727373068432
11:39:30,756,6.861727373068432
11:39:31,756,6.861727373068432
11:39:32,757,6.861727373068432
11:39:33,757,6.861727373068432
11:39:34,757,6.861727373068432
11:39:35,757,6.861542699724518
11:39:36,757,6.861542699724518
11:39:37,757,6.861542699724518
11:39:38,757,6.861542699724518
11:39:39,757,6.861542699724518
11:39:40,757,6.861542699724518
11:39:41,757,6.864906490649065
11:39:42,758,6.864906490649065
11:39:43,758,6.864906490649065
11:39:44,758,6.873283909939593
11:39:45,758,6.873283909939593
11:39:46,758,6.873283909939593
11:39:47,758,6.873081140350878
11:39:48,758,6.873081140350878
11:39:49,758,6.873081140350878
11:39:50,758,6.873081140350878
11:39:51,758,6.873081140350878
11:39:52,758,6.873081140350878
11:39:53,758,6.873081140350878
11:39:54,758,6.873081140350878
11:39:55,758,6.873081140350878
11:39:56,758,6.873081140350878
11:39:57,758,6.873081140350878
11:39:58,759,6.877777777777778
11:39:59,759,6.877777777777778
11:40:00,759,6.877777777777778
11:40:01,759,6.888251366120218
11:40:02,760,6.889416257501364
11:40:03,760,6.8861928104575165
11:40:04,760,6.886541598694943
11:40:05,760,6.886541598694943
11:40:06,760,6.886541598694943
11:40:07,760,6.886541598694943
11:40:08,760,6.886541598694943
11:40:09,761,6.886753528773073
11:40:10,761,6.895826558265583
11:40:11,761,6.895826558265583
11:40:12,761,6.895826558265583
11:40:13,762,6.895826558265583
11:40:14,762,6.899188311688311
11:40:15,762,6.899188311688311
11:40:16,762,6.899188311688311
11:40:17,762,6.899188311688311
11:40:18,762,6.899188311688311
11:40:19,762,6.899188311688311
11:40:20,762,6.899188311688311
11:40:21,763,6.904889249054565
11:40:22,763,6.904889249054565
11:40:23,763,6.904889249054565
11:40:24,763,6.905825242718447
11:40:25,763,6.905825242718447
11:40:26,763,6.905825242718447
11:40:27,763,6.905825242718447
11:40:28,764,6.915051157781368
11:40:29,764,6.915051157781368
11:40:30,764,6.915051157781368
11:40:31,764,6.9168548387096775
11:40:32,764,6.9168548387096775
11:40:33,764,6.9168548387096775
11:40:34,764,6.9168548387096775
11:40:35,764,6.9168548387096775
11:40:36,764,6.918411164787977
11:40:37,764,6.919882100750268
11:40:38,765,6.919882100750268
11:40:39,765,6.919882100750268
11:40:40,765,6.920144462279294
11:40:41,765,6.920144462279294
11:40:42,765,6.920144462279294
11:40:43,765,6.920860042735042
11:40:44,765,6.920860042735042
11:40:45,765,6.920860042735042
11:40:46,765,6.920986666666667
11:40:47,766,6.920986666666667
11:40:48,766,6.9311501597444085
11:40:49,766,6.9311501597444085
11:40:50,766,6.9311501597444085
11:40:51,766,6.932163742690059
11:40:52,767,6.932163742690059
11:40:53,767,6.932163742690059
11:40:54,767,6.937632696390659
11:40:55,768,6.935559088500265
11:40:56,769,6.935559088500265
11:40:57,770,6.936005291005291
11:40:58,770,6.936005291005291
11:40:59,771,6.936005291005291
11:41:00,771,6.936005291005291
11:41:01,771,6.936005291005291
11:41:02,771,6.936005291005291
11:41:03,772,6.936005291005291
11:41:04,772,6.936005291005291
11:41:05,772,6.936005291005291
11:41:06,772,6.936005291005291
11:41:07,772,6.936005291005291
11:41:08,772,6.936005291005291
11:41:09,772,6.936005291005291
11:41:10,772,6.937216059165347
11:41:11,773,6.937216059165347
11:41:12,773,6.937216059165347
11:41:13,773,6.937216059165347
11:41:14,773,6.937216059165347
11:41:15,773,6.937216059165347
11:41:16,773,6.937216059165347
11:41:17,773,6.937216059165347
11:41:18,773,6.938291139240507
11:41:19,773,6.938291139240507
11:41:20,773,6.943127962085309
11:41:21,773,6.943127962085309
11:41:22,773,6.944348054679285
11:41:23,773,6.944348054679285
11:41:24,773,6.944348054679285
11:41:25,773,6.944348054679285
11:41:26,773,6.951154855643044
11:41:27,773,6.951154855643044
11:41:28,773,6.951154855643044
11:41:29,773,6.953380503144654
11:41:30,773,6.953380503144654
11:41:31,774,6.953380503144654
11:41:32,774,6.960465724751439
11:41:33,774,6.960465724751439
11:41:34,775,6.960465724751439
11:41:35,776,6.960465724751439
11:41:36,776,6.960465724751439
11:41:37,776,6.966457680250784
11:41:38,776,6.966457680250784
11:41:39,776,6.966457680250784
11:41:40,777,6.963693270735524
11:41:41,777,6.963693270735524
11:41:42,777,6.963693270735524
11:41:43,777,6.963693270735524
11:41:44,777,6.963693270735524
11:41:45,777,6.963693270735524
11:41:46,777,6.965
11:41:47,777,6.965
11:41:48,777,6.965
11:41:49,778,6.966770670826833
11:41:50,778,6.966770670826833
11:41:51,778,6.966770670826833
11:41:52,778,6.977673935617861
11:41:53,778,6.981415241057543
11:41:54,779,6.981415241057543
11:41:55,780,6.981415241057543
11:41:56,780,6.984083850931677
11:41:57,780,6.99077519379845
11:41:58,781,6.99077519379845
11:41:59,781,6.99077519379845
11:42:00,781,6.991589267285861
11:42:01,782,6.991589267285861
11:42:02,784,6.991589267285861
11:42:03,784,6.991589267285861
11:42:04,785,6.991589267285861
11:42:05,785,6.991589267285861
11:42:06,785,6.9985832045337455
11:42:07,786,6.9985832045337455
11:42:08,786,7.000668724279835
11:42:09,786,7.000668724279835
11:42:10,786,7.000668724279835
11:42:11,788,7.004545454545454
11:42:12,788,7.008128205128205
11:42:13,788,7.008128205128205
11:42:14,790,7.008128205128205
11:42:15,790,7.00879345603272
11:42:16,790,7.00879345603272
11:42:17,791,7.00879345603272
11:42:18,791,7.0106176620724865
11:42:19,791,7.0106176620724865
11:42:20,792,7.013863404689093
11:42:21,792,7.013863404689093
11:42:22,792,7.013863404689093
11:42:23,795,7.013863404689093
11:42:24,795,7.013863404689093
11:42:25,795,7.013863404689093
11:42:26,797,7.016234096692112
11:42:27,798,7.016234096692112
11:42:28,798,7.016234096692112
11:42:29,800,7.016234096692112
11:42:30,802,7.016234096692112
11:42:31,802,7.016234096692112
11:42:32,803,7.016234096692112
11:42:33,803,7.016234096692112
11:42:34,805,7.016234096692112
11:42:35,805,7.016234096692112
11:42:36,807,7.016183943089431
11:42:37,807,7.016183943089431
11:42:38,807,7.016183943089431
11:42:39,807,7.016183943089431
11:42:40,809,7.023414510400812
11:42:41,809,7.023414510400812
11:42:42,810,7.031534954407294
11:42:43,811,7.031534954407294
11:42:44,811,7.031534954407294
11:42:45,812,7.031534954407294
11:42:46,812,7.031534954407294
11:42:47,812,7.031534954407294
11:42:48,812,7.031534954407294
11:42:49,812,7.038720283257461
11:42:50,812,7.038720283257461
11:42:51,812,7.038720283257461
11:42:52,812,7.038720283257461
11:42:53,812,7.038257575757576
11:42:54,813,7.038257575757576
11:42:55,814,7.038257575757576
11:42:56,814,7.041250630358044
11:42:57,814,7.041250630358044
11:42:58,815,7.041250630358044
11:42:59,816,7.041250630358044
11:43:00,816,7.041893252769386
11:43:01,817,7.041893252769386
11:43:02,817,7.041893252769386
11:43:03,818,7.039291101055807
11:43:04,819,7.047640562248996
11:43:05,819,7.047640562248996
11:43:06,820,7.047640562248996
11:43:07,820,7.051578947368421
11:43:08,821,7.051578947368421
11:43:09,821,7.051578947368421
11:43:10,822,7.051578947368421
11:43:11,823,7.051578947368421
11:43:12,823,7.051578947368421
11:43:13,824,7.051578947368421
11:43:14,825,7.057282282282283
11:43:15,825,7.057896051974013
11:43:16,825,7.057896051974013
11:43:17,825,7.062300399201598
11:43:18,825,7.062979571499751
11:43:19,825,7.062979571499751
11:43:20,826,7.067238805970149
11:43:21,827,7.067238805970149
11:43:22,827,7.067238805970149
11:43:23,828,7.067238805970149
11:43:24,828,7.070814704421262
11:43:25,828,7.070814704421262
11:43:26,828,7.070814704421262
11:43:27,828,7.072147817460317
11:43:28,828,7.072147817460317
11:43:29,828,7.072147817460317
11:43:30,828,7.075235264982664
11:43:31,828,7.075235264982664
11:43:32,828,7.075235264982664
11:43:33,828,7.075235264982664
11:43:34,828,7.075235264982664
11:43:35,828,7.075235264982664
11:43:36,828,7.075235264982664
11:43:37,828,7.075235264982664
11:43:38,828,7.075235264982664
11:43:39,829,7.081231454005934
11:43:40,829,7.081231454005934
11:43:41,829,7.081231454005934
11:43:42,832,7.081231454005934
11:43:43,832,7.081231454005934
11:43:44,832,7.081231454005934
11:43:45,832,7.081231454005934
11:43:46,833,7.081231454005934
11:43:47,833,7.081231454005934
11:43:48,833,7.081231454005934
11:43:49,833,7.086518518518519
11:43:50,833,7.0909516765286
11:43:51,833,7.0909516765286
11:43:52,834,7.094977843426884
11:43:53,834,7.103539823008849
11:43:54,834,7.103539823008849
11:43:55,836,7.10193912616593
11:43:56,836,7.10193912616593
11:43:57,836,7.10193912616593
11:43:58,836,7.103480392156863
11:43:59,837,7.103480392156863
11:44:00,837,7.103480392156863
11:44:01,837,7.103480392156863
11:44:02,837,7.104968184043074
11:44:03,838,7.104968184043074
11:44:04,838,7.105620723362659
11:44:05,838,7.105620723362659
11:44:06,838,7.110883357735481
11:44:07,838,7.110883357735481
11:44:08,839,7.110745614035087
11:44:09,839,7.110745614035087
11:44:10,839,7.110745614035087
11:44:11,839,7.110745614035087
11:44:12,839,7.115936739659367
11:44:13,839,7.115936739659367
11:44:14,839,7.115936739659367
11:44:15,839,7.115936739659367
11:44:16,839,7.115936739659367
11:44:17,839,7.118148688046647
11:44:18,839,7.118148688046647
11:44:19,839,7.118148688046647
11:44:20,839,7.118148688046647
11:44:21,839,7.118148688046647
11:44:22,840,7.118148688046647
11:44:23,840,7.119893255701116
11:44:24,840,7.119893255701116
11:44:25,840,7.119893255701116
11:44:26,840,7.124878875968992
11:44:27,840,7.124431543299468
11:44:28,841,7.124431543299468
11:44:29,841,7.13
11:44:30,841,7.13
11:44:31,842,7.13
11:44:32,842,7.13
11:44:33,842,7.13
11:44:34,842,7.13
11:44:35,842,7.13
11:44:36,844,7.1374759152215805
11:44:37,844,7.1374759152215805
11:44:38,844,7.1374759152215805
11:44:39,844,7.1374759152215805
11:44:40,844,7.1374759152215805
11:44:41,844,7.141221741221742
11:44:42,844,7.141221741221742
11:44:43,844,7.141221741221742
11:44:44,845,7.139625360230548
11:44:45,845,7.139625360230548
11:44:46,845,7.139625360230548
11:44:47,845,7.146282973621103
11:44:48,845,7.146282973621103
11:44:49,846,7.146282973621103
11:44:50,846,7.148922413793104
11:44:51,846,7.148922413793104
11:44:52,846,7.148922413793104
11:44:53,846,7.148922413793104
11:44:54,846,7.148922413793104
11:44:55,846,7.148922413793104
11:44:56,846,7.150741272118604
11:44:57,846,7.150741272118604
11:44:58,846,7.150741272118604
11:44:59,846,7.150741272118604
11:45:00,846,7.15450643776824
11:45:01,846,7.15450643776824
11:45:02,846,7.154190476190476
11:45:03,846,7.159938183547313
11:45:04,846,7.159938183547313
11:45:05,846,7.159938183547313
11:45:06,847,7.159938183547313
11:45:07,847,7.159938183547313
11:45:08,847,7.159938183547313
11:45:09,847,7.159938183547313
11:45:10,847,7.159938183547313
11:45:11,847,7.159938183547313
11:45:12,847,7.165954415954416
11:45:13,847,7.165954415954416
11:45:14,847,7.165954415954416
11:45:15,847,7.165954415954416
11:45:16,847,7.165954415954416
11:45:17,847,7.165954415954416
11:45:18,847,7.165954415954416
11:45:19,847,7.165954415954416
11:45:20,847,7.168231389284021
11:45:21,847,7.168231389284021
11:45:22,847,7.168231389284021
11:45:23,847,7.168231389284021
11:45:24,847,7.168231389284021
11:45:25,847,7.168231389284021
11:45:26,847,7.173674242424243
11:45:27,847,7.173674242424243
11:45:28,848,7.173674242424243
11:45:29,848,7.173674242424243
11:45:30,848,7.173674242424243
11:45:31,848,7.180780141843972
11:45:32,848,7.180780141843972
11:45:33,850,7.185292728989612
11:45:34,850,7.185292728989612
11:45:35,851,7.185292728989612
11:45:36,851,7.1847241867043845
11:45:37,851,7.1847241867043845
11:45:38,851,7.189500941619586
11:45:39,851,7.186812411847672
11:45:40,851,7.186812411847672
11:45:41,852,7.186812411847672
11:45:42,852,7.186812411847672
11:45:43,852,7.186812411847672
11:45:44,852,7.186812411847672
11:45:45,852,7.186854460093897
11:45:46,852,7.186854460093897
11:45:47,853,7.186854460093897
11:45:48,853,7.186854460093897
11:45:49,853,7.186854460093897
11:45:50,853,7.191011235955056
11:45:51,853,7.191011235955056
11:45:52,854,7.191011235955056
11:45:53,854,7.189574567554932
11:45:54,854,7.189574567554932
11:45:55,855,7.189574567554932
11:45:56,855,7.190919701213819
11:45:57,855,7.190919701213819
11:45:58,855,7.190919701213819
11:45:59,855,7.190919701213819
11:46:00,855,7.195361305361305
11:46:01,855,7.195361305361305
11:46:02,855,7.195361305361305
11:46:03,855,7.195361305361305
11:46:04,855,7.195361305361305
11:46:05,855,7.2024441340782115
11:46:06,855,7.2024441340782115
11:46:07,855,7.2024441340782115
11:46:08,855,7.2024441340782115
11:46:09,856,7.2024441340782115
11:46:10,856,7.2024441340782115
11:46:11,856,7.2024441340782115
11:46:12,856,7.2024441340782115
11:46:13,857,7.2024441340782115
11:46:14,857,7.2024441340782115
11:46:15,857,7.2024441340782115
11:46:16,857,7.2024441340782115
11:46:17,857,7.2024441340782115
11:46:18,858,7.199883774988377
11:46:19,858,7.199883774988377
11:46:20,858,7.207451253481894
11:46:21,858,7.207451253481894
11:46:22,859,7.207451253481894
11:46:23,859,7.2112888270746405
11:46:24,859,7.215069444444444
11:46:25,860,7.220226537216829
11:46:26,860,7.220226537216829
11:46:27,860,7.220226537216829
11:46:28,860,7.21786703601108
11:46:29,860,7.216182572614107
11:46:30,860,7.216182572614107
11:46:31,861,7.2161602209944755
11:46:32,861,7.217816091954023
11:46:33,861,7.217816091954023
11:46:34,861,7.217816091954023
11:46:35,861,7.217816091954023
11:46:36,861,7.217816091954023
11:46:37,861,7.217816091954023
11:46:38,861,7.217816091954023
11:46:39,861,7.217816091954023
11:46:40,861,7.217816091954023
11:46:41,861,7.217816091954023
11:46:42,861,7.21712580348944
11:46:43,861,7.21712580348944
11:46:44,861,7.21712580348944
11:46:45,861,7.21712580348944
11:46:46,861,7.21712580348944
11:46:47,861,7.21712580348944
11:46:48,861,7.21712580348944
11:46:49,861,7.221366345712976
11:46:50,861,7.221366345712976
11:46:51,861,7.221366345712976
11:46:52,861,7.221366345712976
11:46:53,863,7.221366345712976
11:46:54,863,7.235848193872885
11:46:55,863,7.235848193872885
11:46:56,864,7.235848193872885
11:46:57,864,7.235848193872885
11:46:58,864,7.235848193872885
11:46:59,865,7.235848193872885
11:47:00,865,7.235848193872885
11:47:01,865,7.235848193872885
11:47:02,865,7.235848193872885
11:47:03,865,7.237557077625571
11:47:04,865,7.237557077625571
11:47:05,865,7.237557077625571
11:47:06,865,7.237557077625571
11:47:07,865,7.237557077625571
11:47:08,865,7.23531691746466
11:47:09,865,7.23531691746466
11:47:10,865,7.23531691746466
11:47:11,865,7.23531691746466
11:47:12,865,7.23531691746466
11:47:13,865,7.240277777777778
11:47:14,865,7.240277777777778
11:47:15,865,7.237016825829923
11:47:16,865,7.237016825829923
11:47:17,866,7.236194368755677
11:47:18,866,7.236194368755677
11:47:19,866,7.236194368755677
11:47:20,867,7.236194368755677
11:47:21,867,7.237392290249433
11:47:22,867,7.237392290249433
11:47:23,867,7.237392290249433
11:47:24,867,7.241440217391304
11:47:25,867,7.241440217391304
11:47:26,870,7.241440217391304
11:47:27,870,7.241440217391304
11:47:28,870,7.249751580849141
11:47:29,871,7.249751580849141
11:47:30,872,7.25085701398286
11:47:31,872,7.25085701398286
11:47:32,872,7.25085701398286
11:47:33,873,7.25085701398286
11:47:34,873,7.25085701398286
11:47:35,873,7.25085701398286
11:47:36,874,7.25085701398286
11:47:37,874,7.248873873873874
11:47:38,875,7.248873873873874
11:47:39,875,7.248873873873874
11:47:40,875,7.248873873873874
11:47:41,875,7.252811515969411
11:47:42,877,7.252811515969411
11:47:43,877,7.252811515969411
11:47:44,877,7.252811515969411
11:47:45,877,7.252811515969411
11:47:46,879,7.252811515969411
11:47:47,879,7.252811515969411
11:47:48,879,7.252811515969411
11:47:49,879,7.252811515969411
11:47:50,879,7.252811515969411
11:47:51,879,7.252811515969411
11:47:52,880,7.252811515969411
11:47:53,880,7.257659478885894
11:47:54,880,7.257659478885894
11:47:55,881,7.255877074921489
11:47:56,881,7.255877074921489
11:47:57,881,7.255877074921489
11:47:58,881,7.254256272401434
11:47:59,881,7.254256272401434
11:48:00,881,7.260984340044743
11:48:01,882,7.260984340044743
11:48:02,883,7.258646112600536
11:48:03,883,7.259393128067827
11:48:04,883,7.259393128067827
11:48:05,884,7.257219251336898
11:48:06,886,7.257219251336898
11:48:07,886,7.261133333333333
11:48:08,886,7.261133333333333
11:48:09,887,7.261133333333333
11:48:10,887,7.261133333333333
11:48:11,889,7.265601420328451
11:48:12,889,7.268949468085107
11:48:13,890,7.268949468085107
11:48:14,891,7.268949468085107
11:48:15,891,7.268949468085107
11:48:16,892,7.268949468085107
11:48:17,893,7.268949468085107
11:48:18,893,7.268949468085107
11:48:19,894,7.268949468085107
11:48:20,894,7.276073483842408
11:48:21,895,7.276073483842408
11:48:22,895,7.276073483842408
11:48:23,897,7.276073483842408
11:48:24,897,7.272347480106101
11:48:25,898,7.273796909492274
11:48:26,899,7.273796909492274
11:48:27,899,7.273796909492274
11:48:28,899,7.273796909492274
11:48:29,899,7.273796909492274
11:48:30,900,7.273796909492274
11:48:31,900,7.273796909492274
11:48:32,900,7.272134038800705
11:48:33,900,7.272134038800705
11:48:34,901,7.272134038800705
11:48:35,901,7.272134038800705
11:48:36,902,7.272134038800705
11:48:37,902,7.272134038800705
11:48:38,903,7.272134038800705
11:48:39,903,7.272134038800705
11:48:40,904,7.272134038800705
11:48:41,904,7.272134038800705
11:48:42,904,7.272134038800705
11:48:43,905,7.272134038800705
11:48:44,906,7.27135623073536
11:48:45,906,7.27135623073536
11:48:46,906,7.27135623073536
11:48:47,906,7.27135623073536
11:48:48,907,7.278342128408091
11:48:49,907,7.2727272727272725
11:48:50,907,7.2727272727272725
11:48:51,907,7.2727272727272725
11:48:52,907,7.2789969338589575
11:48:53,909,7.2789969338589575
11:48:54,910,7.2789969338589575
11:48:55,910,7.278455818022747
11:48:56,910,7.278455818022747
11:48:57,911,7.278455818022747
11:48:58,911,7.277435561380515
11:48:59,912,7.277435561380515
11:49:00,912,7.27696335078534
11:49:01,913,7.281372549019608
11:49:02,913,7.281372549019608
11:49:03,914,7.281372549019608
11:49:04,914,7.281372549019608
11:49:05,915,7.281372549019608
11:49:06,915,7.281372549019608
11:49:07,915,7.281372549019608
11:49:08,916,7.281372549019608
11:49:09,916,7.287837249782419
11:49:10,916,7.287837249782419
11:49:11,916,7.287049109083008
11:49:12,916,7.287049109083008
11:49:13,916,7.287049109083008
11:49:14,916,7.292078993055555
11:49:15,917,7.291699176419593
11:49:16,917,7.291699176419593
11:49:17,917,7.291363636363637
11:49:18,917,7.291363636363637
11:49:19,917,7.2957414613056635
11:49:20,917,7.2957414613056635
11:49:21,917,7.3
11:49:22,917,7.299439413540319
11:49:23,917,7.299439413540319
11:49:24,917,7.299439413540319
11:49:25,918,7.299439413540319
11:49:26,918,7.292700258397932
11:49:27,919,7.292700258397932
11:49:28,919,7.292700258397932
11:49:29,919,7.292700258397932
11:49:30,921,7.292700258397932
11:49:31,921,7.292700258397932
11:49:32,921,7.292700258397932
11:49:33,922,7.292700258397932
11:49:34,922,7.292700258397932
11:49:35,923,7.292700258397932
11:49:36,924,7.292700258397932
11:49:37,924,7.297483870967742
11:49:38,925,7.297483870967742
11:49:39,925,7.297483870967742
11:49:40,926,7.297483870967742
11:49:41,927,7.297186426116839
11:49:42,928,7.297186426116839
11:49:43,928,7.295152295152295
11:49:44,928,7.295152295152295
11:49:45,929,7.295152295152295
11:49:46,929,7.295152295152295
11:49:47,929,7.295152295152295
11:49:48,929,7.295351328191945
11:49:49,929,7.297863247863248
11:49:50,930,7.297863247863248
11:49:51,930,7.291250533504055
11:49:52,930,7.2916027280477405
11:49:53,930,7.295891868880375
11:49:54,931,7.295891868880375
11:49:55,931,7.295891868880375
11:49:56,931,7.2972151360544215
11:49:57,932,7.2972151360544215
11:49:58,932,7.303566878980892
11:49:59,932,7.303566878980892
11:50:00,932,7.303566878980892
11:50:01,933,7.303566878980892
11:50:02,933,7.303566878980892
11:50:03,933,7.303566878980892
11:50:04,933,7.303566878980892
11:50:05,934,7.303566878980892
11:50:06,934,7.303566878980892
11:50:07,934,7.303566878980892
11:50:08,934,7.303566878980892
11:50:09,935,7.303566878980892
11:50:10,935,7.303795589482613
11:50:11,935,7.303795589482613
11:50:12,936,7.303795589482613
11:50:13,936,7.303795589482613
11:50:14,936,7.3049343498517585
11:50:15,937,7.3049343498517585
11:50:16,937,7.301459390862944
11:50:17,937,7.301459390862944
11:50:18,937,7.301459390862944
11:50:19,937,7.301459390862944
11:50:20,937,7.301459390862944
11:50:21,938,7.301459390862944
11:50:22,938,7.301459390862944
11:50:23,938,7.301459390862944
11:50:24,940,7.301459390862944
11:50:25,941,7.301459390862944
11:50:26,941,7.301459390862944
11:50:27,941,7.306231516687791
11:50:28,942,7.31132911392405
11:50:29,942,7.3163506110408765
11:50:30,942,7.3163506110408765
11:50:31,942,7.316898148148149
11:50:32,943,7.323665405632619
11:50:33,944,7.323665405632619
11:50:34,944,7.323665405632619
11:50:35,944,7.323665405632619
11:50:36,945,7.320382031905962
11:50:37,945,7.320382031905962
11:50:38,945,7.320382031905962
11:50:39,946,7.320356394129979
11:50:40,946,7.320356394129979
11:50:41,946,7.321335845896147
11:50:42,946,7.321335845896147
11:50:43,946,7.315830196570473
11:50:44,946,7.315830196570473
11:50:45,946,7.315830196570473
11:50:46,946,7.315830196570473
11:50:47,946,7.315830196570473
11:50:48,946,7.315830196570473
11:50:49,946,7.317460317460317
11:50:50,946,7.317460317460317
11:50:51,947,7.317460317460317
11:50:52,947,7.317460317460317
11:50:53,947,7.317460317460317
11:50:54,947,7.323758865248227
11:50:55,947,7.323758865248227
11:50:56,947,7.323758865248227
11:50:57,947,7.323758865248227
11:50:58,947,7.324645833333333
11:50:59,947,7.324645833333333
11:51:00,947,7.324645833333333
11:51:01,947,7.325863503953391
11:51:02,947,7.325863503953391
11:51:03,947,7.325863503953391
11:51:04,947,7.326475477971737
11:51:05,947,7.326475477971737
11:51:06,947,7.326475477971737
11:51:07,948,7.326475477971737
11:51:08,948,7.326475477971737
11:51:09,948,7.326475477971737
11:51:10,948,7.326475477971737
11:51:11,949,7.326475477971737
11:51:12,949,7.326475477971737
11:51:13,949,7.326475477971737
11:51:14,950,7.327936903279369
11:51:15,950,7.327936903279369
11:51:16,950,7.327936903279369
11:51:17,951,7.3370600414078675
11:51:18,951,7.3370600414078675
11:51:19,951,7.3370600414078675
11:51:20,952,7.3370600414078675
11:51:21,952,7.3370600414078675
11:51:22,952,7.3370600414078675
11:51:23,953,7.3370600414078675
11:51:24,953,7.3390612076095945
11:51:25,953,7.334551838083437
11:51:26,954,7.334551838083437
11:51:27,954,7.334551838083437
11:51:28,955,7.334551838083437
11:51:29,955,7.334551838083437
11:51:30,956,7.334551838083437
11:51:31,956,7.338737623762376
11:51:32,956,7.33996703749485
11:51:33,957,7.33996703749485
11:51:34,957,7.33996703749485
11:51:35,957,7.338292181069959
11:51:36,958,7.338292181069959
11:51:37,958,7.345293875873407
11:51:38,958,7.345293875873407
11:51:39,958,7.345293875873407
11:51:40,958,7.34084564860427
11:51:41,958,7.34084564860427
11:51:42,958,7.34084564860427
11:51:43,958,7.34084564860427
11:51:44,958,7.34084564860427
11:51:45,958,7.34084564860427
11:51:46,958,7.34084564860427
11:51:47,958,7.34084564860427
11:51:48,958,7.34084564860427
11:51:49,958,7.34084564860427
11:51:50,958,7.34084564860427
11:51:51,958,7.34084564860427
11:51:52,958,7.34084564860427
11:51:53,958,7.34084564860427
11:51:54,958,7.34084564860427
11:51:55,958,7.34084564860427
11:51:56,958,7.342722427224272
11:51:57,958,7.3494471744471745
11:51:58,958,7.351451942740286
11:51:59,958,7.351451942740286
11:52:00,958,7.351451942740286
11:52:01,958,7.351451942740286
11:52:02,958,7.351451942740286
11:52:03,958,7.351451942740286
11:52:04,958,7.35345179738562
11:52:05,958,7.35345179738562
11:52:06,958,7.361471067644661
11:52:07,958,7.361471067644661
11:52:08,959,7.365832315832316
11:52:09,959,7.362378048780488
11:52:10,959,7.362378048780488
11:52:11,960,7.369630531871701
11:52:12,960,7.369630531871701
11:52:13,960,7.369630531871701
11:52:14,961,7.365612327656123
11:52:15,961,7.365612327656123
11:52:16,961,7.365612327656123
11:52:17,963,7.365612327656123
11:52:18,963,7.365612327656123
11:52:19,963,7.365612327656123
11:52:20,963,7.365612327656123
11:52:21,964,7.366889428918591
11:52:22,964,7.366889428918591
11:52:23,964,7.366889428918591
11:52:24,965,7.366889428918591
11:52:25,965,7.366889428918591
11:52:26,965,7.366889428918591
11:52:27,965,7.366889428918591
11:52:28,966,7.366889428918591
11:52:29,966,7.366889428918591
11:52:30,966,7.366889428918591
11:52:31,967,7.362722491909385
11:52:32,967,7.365858585858586
11:52:33,967,7.365858585858586
11:52:34,967,7.365858585858586
11:52:35,967,7.365858585858586
11:52:36,967,7.365858585858586
11:52:37,967,7.365858585858586
11:52:38,967,7.365858585858586
11:52:39,967,7.367816787732042
11:52:40,967,7.367816787732042
11:52:41,967,7.3721014492753625
11:52:42,968,7.3721014492753625
11:52:43,968,7.3721014492753625
11:52:44,968,7.3721014492753625
11:52:45,968,7.3721014492753625
11:52:46,969,7.378313253012048
11:52:47,970,7.378313253012048
11:52:48,970,7.378313253012048
11:52:49,971,7.388100961538461
11:52:50,971,7.388100961538461
11:52:51,971,7.388100961538461
11:52:52,971,7.388100961538461
11:52:53,971,7.388100961538461
11:52:54,971,7.391496598639455
11:52:55,971,7.393665067945644
11:52:56,971,7.397744510978044
11:52:57,971,7.397744510978044
11:52:58,972,7.397744510978044
11:52:59,972,7.397744510978044
11:53:00,973,7.399920255183414
11:53:01,973,7.399920255183414
11:53:02,974,7.399920255183414
11:53:03,975,7.399920255183414
11:53:04,975,7.399920255183414
11:53:05,975,7.399920255183414
11:53:06,976,7.399920255183414
11:53:07,977,7.399920255183414
11:53:08,977,7.399920255183414
11:53:09,977,7.399920255183414
11:53:10,978,7.399920255183414
11:53:11,978,7.399920255183414
11:53:12,978,7.399920255183414
11:53:13,979,7.399920255183414
11:53:14,979,7.402031063321386
11:53:15,979,7.402031063321386
11:53:16,980,7.402031063321386
11:53:17,980,7.402031063321386
11:53:18,980,7.402031063321386
11:53:19,980,7.39892601431981
11:53:20,981,7.39892601431981
11:53:21,981,7.404012713547874
11:53:22,981,7.404012713547874
11:53:23,981,7.400873015873016
11:53:24,982,7.400873015873016
11:53:25,982,7.400873015873016
11:53:26,983,7.400873015873016
11:53:27,983,7.400873015873016
11:53:28,984,7.401030519223147
11:53:29,984,7.401030519223147
11:53:30,985,7.403661916072843
11:53:31,986,7.402075919335705
11:53:32,987,7.402075919335705
11:53:33,987,7.402764612954186
11:53:34,987,7.402764612954186
11:53:35,987,7.402764612954186
11:53:36,987,7.402764612954186
11:53:37,987,7.401479289940828
11:53:38,987,7.401479289940828
11:53:39,988,7.41064541519087
11:53:40,988,7.41064541519087
11:53:41,988,7.41064541519087
11:53:42,989,7.41064541519087
11:53:43,989,7.415251572327045
11:53:44,989,7.415251572327045
11:53:45,989,7.415251572327045
11:53:46,990,7.415251572327045
11:53:47,990,7.415251572327045
11:53:48,990,7.415251572327045
11:53:49,990,7.415251572327045
11:53:50,990,7.415251572327045
11:53:51,990,7.415251572327045
11:53:52,990,7.415251572327045
11:53:53,990,7.419866509619159
11:53:54,990,7.419866509619159
11:53:55,990,7.419866509619159
11:53:56,991,7.418429298864082
11:53:57,991,7.418429298864082
11:53:58,992,7.418429298864082
11:53:59,992,7.418429298864082
11:54:00,992,7.418429298864082
11:54:01,992,7.418429298864082
11:54:02,992,7.418429298864082
11:54:03,992,7.418798904538341
11:54:04,992,7.418798904538341
11:54:05,992,7.41694021101993
11:54:06,992,7.41694021101993
11:54:07,992,7.41694021101993
11:54:08,992,7.41694021101993
11:54:09,993,7.41694021101993
11:54:10,993,7.41694021101993
11:54:11,993,7.41694021101993
11:54:12,994,7.4140320062451215
11:54:13,995,7.4140320062451215
11:54:14,995,7.4140320062451215
11:54:15,996,7.4140320062451215
11:54:16,996,7.4140320062451215
11:54:17,997,7.4140320062451215
11:54:18,998,7.413313840155946
11:54:19,998,7.413313840155946
11:54:20,998,7.413313840155946
11:54:21,1000,7.4137850467289725
11:54:22,1000,7.4137850467289725
11:54:23,1000,7.4137850467289725
11:54:24,1000,7.4137850467289725
11:54:25,1000,7.4137850467289725
11:54:26,1001,7.410404511863089
11:54:27,1001,7.410404511863089
11:54:28,1001,7.410404511863089
11:54:29,1003,7.410404511863089
11:54:30,1003,7.406973581973582
11:54:31,1003,7.406973581973582
11:54:32,1005,7.412223515715949
11:54:33,1005,7.412223515715949
11:54:34,1005,7.4208478513356555
11:54:35,1008,7.4208478513356555
11:54:36,1008,7.4208478513356555
11:54:37,1008,7.4208478513356555
11:54:38,1009,7.4208478513356555
11:54:39,1011,7.4208478513356555
11:54:40,1011,7.418735498839907
11:54:41,1011,7.418735498839907
11:54:42,1014,7.418735498839907
11:54:43,1014,7.420046349942063
11:54:44,1014,7.420046349942063
11:54:45,1014,7.420543981481482
11:54:46,1016,7.420543981481482
11:54:47,1017,7.420543981481482
11:54:48,1017,7.420543981481482
11:54:49,1019,7.420543981481482
11:54:50,1019,7.420543981481482
11:54:51,1019,7.420543981481482
11:54:52,1021,7.420543981481482
11:54:53,1021,7.421136801541426
11:54:54,1021,7.421136801541426
11:54:55,1022,7.426289453425712
11:54:56,1022,7.426289453425712
11:54:57,1022,7.426289453425712
11:54:58,1023,7.429084967320262
11:54:59,1023,7.429084967320262
11:55:00,1023,7.425806451612903
11:55:01,1023,7.425806451612903
11:55:02,1025,7.425806451612903
11:55:03,1025,7.425806451612903
11:55:04,1025,7.425806451612903
11:55:05,1025,7.425806451612903
11:55:06,1026,7.425806451612903
11:55:07,1027,7.425806451612903
11:55:08,1028,7.430955120828539
11:55:09,1028,7.434616858237548
11:55:10,1029,7.434616858237548
11:55:11,1030,7.434193425076453
11:55:12,1030,7.434193425076453
11:55:13,1031,7.434193425076453
11:55:14,1031,7.434193425076453
11:55:15,1031,7.434193425076453
11:55:16,1032,7.434193425076453
11:55:17,1032,7.434193425076453
11:55:18,1032,7.439282990083906
11:55:19,1033,7.439282990083906
11:55:20,1033,7.443561904761905
11:55:21,1034,7.443561904761905
11:55:22,1034,7.441076864535769
11:55:23,1035,7.441076864535769
11:55:24,1035,7.441076864535769
11:55:25,1035,7.441076864535769
11:55:26,1036,7.441076864535769
11:55:27,1036,7.441076864535769
11:55:28,1036,7.438521474724439
11:55:29,1036,7.438521474724439
11:55:30,1036,7.438521474724439
11:55:31,1037,7.438097949886105
11:55:32,1037,7.438097949886105
11:55:33,1037,7.438097949886105
11:55:34,1037,7.435267349260523
11:55:35,1038,7.435267349260523
11:55:36,1038,7.435267349260523
11:55:37,1039,7.435267349260523
11:55:38,1040,7.435267349260523
11:55:39,1040,7.435267349260523
11:55:40,1040,7.435267349260523
11:55:41,1042,7.431742424242424
11:55:42,1042,7.437722285281877
11:55:43,1042,7.437722285281877
11:55:44,1043,7.437722285281877
11:55:45,1043,7.437722285281877
11:55:46,1043,7.437722285281877
11:55:47,1043,7.437722285281877
11:55:48,1043,7.437722285281877
11:55:49,1044,7.437722285281877
11:55:50,1044,7.436451247165533
11:55:51,1044,7.440751226878067
11:55:52,1045,7.440751226878067
11:55:53,1045,7.4484180790960455
11:55:54,1046,7.4484180790960455
11:55:55,1046,7.4484180790960455
11:55:56,1047,7.4484180790960455
11:55:57,1048,7.4484180790960455
11:55:58,1048,7.4484180790960455
11:55:59,1049,7.448758465011286
11:56:00,1050,7.447726418639609
11:56:01,1050,7.447726418639609
11:56:02,1050,7.447726418639609
11:56:03,1051,7.4481794294294295
11:56:04,1052,7.4481794294294295
11:56:05,1052,7.4481794294294295
11:56:06,1052,7.4481794294294295
11:56:07,1052,7.4481794294294295
11:56:08,1052,7.4481794294294295
11:56:09,1052,7.4481794294294295
11:56:10,1052,7.4508061492313455
11:56:11,1052,7.4508061492313455
11:56:12,1052,7.4508061492313455
11:56:13,1053,7.452284644194757
11:56:14,1053,7.452284644194757
11:56:15,1053,7.452284644194757
11:56:16,1053,7.452284644194757
11:56:17,1053,7.452284644194757
11:56:18,1054,7.453853348297793
11:56:19,1055,7.453853348297793
11:56:20,1055,7.453853348297793
11:56:21,1055,7.453853348297793
11:56:22,1056,7.453853348297793
11:56:23,1056,7.453853348297793
11:56:24,1056,7.453853348297793
11:56:25,1057,7.453853348297793
11:56:26,1057,7.453853348297793
11:56:27,1057,7.453853348297793
11:56:28,1057,7.453853348297793
11:56:29,1057,7.453853348297793
11:56:30,1057,7.453853348297793
11:56:31,1057,7.460519431988042
11:56:32,1058,7.457073534901083
11:56:33,1059,7.457073534901083
11:56:34,1059,7.457073534901083
11:56:35,1059,7.463668528864059
11:56:36,1060,7.463668528864059
11:56:37,1060,7.463076636904762
11:56:38,1060,7.463076636904762
11:56:39,1061,7.4618225686711215
11:56:40,1061,7.4618225686711215
11:56:41,1061,7.462736373748609
11:56:42,1062,7.465851851851852
11:56:43,1062,7.465851851851852
11:56:44,1062,7.465851851851852
11:56:45,1062,7.465851851851852
11:56:46,1063,7.465851851851852
11:56:47,1063,7.465851851851852
11:56:48,1063,7.465851851851852
11:56:49,1063,7.465851851851852
11:56:50,1063,7.465851851851852
11:56:51,1063,7.465851851851852
11:56:52,1063,7.465851851851852
11:56:53,1063,7.465851851851852
11:56:54,1063,7.46566777654458
11:56:55,1063,7.46566777654458
11:56:56,1063,7.46566777654458
11:56:57,1063,7.4665927568366595
11:56:58,1063,7.4665927568366595
11:56:59,1063,7.468660022148394
11:57:00,1063,7.468660022148394
11:57:01,1063,7.468660022148394
11:57:02,1063,7.468660022148394
11:57:03,1063,7.468660022148394
11:57:04,1063,7.468660022148394
11:57:05,1063,7.468660022148394
11:57:06,1063,7.468660022148394
11:57:07,1063,7.468660022148394
11:57:08,1063,7.468660022148394
11:57:09,1063,7.4677728613569325
11:57:10,1063,7.4677728613569325
11:57:11,1063,7.4677728613569325
11:57:12,1063,7.4677728613569325
11:57:13,1063,7.4677728613569325
11:57:14,1064,7.466666666666667
11:57:15,1064,7.466666666666667
11:57:16,1064,7.466666666666667
11:57:17,1064,7.466666666666667
11:57:18,1065,7.466666666666667
11:57:19,1065,7.466666666666667
11:57:20,1065,7.473796398382947
11:57:21,1066,7.470337738619677
11:57:22,1066,7.470337738619677
11:57:23,1066,7.4723138980564725
11:57:24,1066,7.473168498168499
11:57:25,1067,7.473168498168499
11:57:26,1067,7.473168498168499
11:57:27,1068,7.471478229052323
11:57:28,1068,7.471478229052323
11:57:29,1068,7.471478229052323
11:57:30,1068,7.472715643274854
11:57:31,1068,7.472715643274854
11:57:32,1068,7.473840817816721
11:57:33,1069,7.473840817816721
11:57:34,1069,7.473840817816721
11:57:35,1069,7.47627644055434
11:57:36,1069,7.47627644055434
11:57:37,1069,7.47627644055434
11:57:38,1069,7.47627644055434
11:57:39,1069,7.47627644055434
11:57:40,1069,7.47627644055434
11:57:41,1069,7.47627644055434
11:57:42,1069,7.477650273224044
11:57:43,1069,7.477650273224044
11:57:44,1069,7.477650273224044
11:57:45,1069,7.477650273224044
11:57:46,1069,7.477650273224044
11:57:47,1069,7.477650273224044
11:57:48,1069,7.4788622319156675
11:57:49,1069,7.4788622319156675
11:57:50,1069,7.4788622319156675
11:57:51,1069,7.481136528685549
11:57:52,1070,7.481136528685549
11:57:53,1070,7.481136528685549
11:57:54,1070,7.481136528685549
11:57:55,1071,7.481136528685549
11:57:56,1071,7.481136528685549
11:57:57,1072,7.481136528685549
11:57:58,1072,7.483369604642728
11:57:59,1072,7.483369604642728
11:58:00,1073,7.483369604642728
11:58:01,1073,7.482373188405798
11:58:02,1074,7.482373188405798
11:58:03,1074,7.485124864277959
11:58:04,1074,7.486731742588575
11:58:05,1075,7.486731742588575
11:58:06,1075,7.486731742588575
11:58:07,1075,7.488768508486818
11:58:08,1075,7.488768508486818
11:58:09,1076,7.488768508486818
11:58:10,1076,7.488768508486818
11:58:11,1076,7.488768508486818
11:58:12,1076,7.488768508486818
11:58:13,1077,7.489862914862915
11:58:14,1077,7.489862914862915
11:58:15,1077,7.497477477477477
11:58:16,1077,7.497477477477477
11:58:17,1078,7.497876169906407
11:58:18,1078,7.497876169906407
11:58:19,1078,7.495379359942467
11:58:20,1079,7.493229166666667
11:58:21,1079,7.493229166666667
11:58:22,1079,7.490688912809473
11:58:23,1080,7.490688912809473
11:58:24,1080,7.490688912809473
11:58:25,1080,7.490688912809473
11:58:26,1082,7.490688912809473
11:58:27,1082,7.490688912809473
11:58:28,1082,7.490688912809473
11:58:29,1083,7.490688912809473
11:58:30,1083,7.490688912809473
11:58:31,1083,7.490688912809473
11:58:32,1084,7.490688912809473
11:58:33,1084,7.490688912809473
11:58:34,1084,7.490688912809473
11:58:35,1084,7.490688912809473
11:58:36,1085,7.490688912809473
11:58:37,1085,7.493620071684588
11:58:38,1085,7.493620071684588
11:58:39,1086,7.493620071684588
11:58:40,1087,7.493620071684588
11:58:41,1087,7.493620071684588
11:58:42,1088,7.493620071684588
11:58:43,1088,7.493620071684588
11:58:44,1088,7.493620071684588
11:58:45,1089,7.493620071684588
11:58:46,1089,7.496168993913355
11:58:47,1089,7.496168993913355
11:58:48,1089,7.496168993913355
11:58:49,1090,7.496168993913355
11:58:50,1090,7.4942596566523605
11:58:51,1090,7.4942596566523605
11:58:52,1090,7.495498392282958
11:58:53,1090,7.495498392282958
11:58:54,1090,7.495498392282958
11:58:55,1090,7.491764705882352
11:58:56,1090,7.491764705882352
11:58:57,1090,7.4951032763532766
11:58:58,1090,7.4951032763532766
11:58:59,1092,7.4951032763532766
11:59:00,1092,7.4951032763532766
11:59:01,1092,7.4951032763532766
11:59:02,1093,7.4951032763532766
11:59:03,1093,7.4951032763532766
11:59:04,1093,7.4991462113127
11:59:05,1094,7.4991462113127
11:59:06,1094,7.4991462113127
11:59:07,1094,7.500159914712154
11:59:08,1094,7.500159914712154
11:59:09,1094,7.497887823926162
11:59:10,1094,7.497887823926162
11:59:11,1095,7.497887823926162
11:59:12,1095,7.500301418439716
11:59:13,1095,7.500301418439716
11:59:14,1095,7.500301418439716
11:59:15,1095,7.502479631597591
11:59:16,1096,7.502479631597591
11:59:17,1096,7.502479631597591
11:59:18,1096,7.49810686482661
11:59:19,1096,7.49810686482661
11:59:20,1096,7.500565570873101
11:59:21,1096,7.500565570873101
11:59:22,1096,7.500565570873101
11:59:23,1096,7.500565570873101
11:59:24,1096,7.49795197740113
11:59:25,1096,7.49795197740113
11:59:26,1096,7.501340388007055
11:59:27,1096,7.501340388007055
11:59:28,1096,7.501340388007055
11:59:29,1096,7.501340388007055
11:59:30,1096,7.501340388007055
11:59:31,1096,7.502871740662439
11:59:32,1096,7.502871740662439
11:59:33,1096,7.502871740662439
11:59:34,1096,7.502871740662439
11:59:35,1096,7.502871740662439
11:59:36,1096,7.502871740662439
11:59:37,1096,7.502871740662439
11:59:38,1096,7.502871740662439
11:59:39,1096,7.500633579725449
11:59:40,1096,7.500633579725449
11:59:41,1096,7.500633579725449
11:59:42,1096,7.4987517580872005
11:59:43,1096,7.4987517580872005
11:59:44,1096,7.4987517580872005
11:59:45,1096,7.4987517580872005
11:59:46,1096,7.4987517580872005
11:59:47,1096,7.4987517580872005
11:59:48,1096,7.4987517580872005
11:59:49,1096,7.4987517580872005
11:59:50,1096,7.4987517580872005
11:59:51,1096,7.495574288724973
11:59:52,1096,7.495574288724973
11:59:53,1096,7.495574288724973
11:59:54,1096,7.495574288724973
11:59:55,1096,7.500175438596491
11:59:56,1096,7.500175438596491
11:59:57,1096,7.500175438596491
11:59:58,1096,7.499912372940765
11:59:59,1096,7.499912372940765
12:00:00,1096,7.499912372940765
12:00:01,1096,7.49812675070028
12:00:02,1096,7.501189227002448
12:00:03,1096,7.501189227002448
12:00:04,1096,7.505870020964361
12:00:05,1096,7.509022687609075
12:00:06,1097,7.505125523012552
12:00:07,1097,7.505125523012552
12:00:08,1097,7.506966213862766
12:00:09,1098,7.506966213862766
12:00:10,1098,7.509899095337508
12:00:11,1098,7.509899095337508
12:00:12,1099,7.509899095337508
12:00:13,1099,7.509899095337508
12:00:14,1099,7.509899095337508
12:00:15,1099,7.509899095337508
12:00:16,1100,7.509899095337508
12:00:17,1100,7.509899095337508
12:00:18,1100,7.509899095337508
12:00:19,1100,7.508133472367049
12:00:20,1101,7.508133472367049
12:00:21,1101,7.511336805555556
12:00:22,1101,7.511336805555556
12:00:23,1101,7.511336805555556
12:00:24,1101,7.511336805555556
12:00:25,1102,7.511336805555556
12:00:26,1102,7.511336805555556
12:00:27,1102,7.511336805555556
12:00:28,1103,7.513232743669788
12:00:29,1103,7.513232743669788
12:00:30,1103,7.511936936936936
12:00:31,1103,7.511936936936936
12:00:32,1103,7.511936936936936
12:00:33,1103,7.511936936936936
12:00:34,1103,7.511936936936936
12:00:35,1103,7.511936936936936
12:00:36,1103,7.511936936936936
12:00:37,1103,7.511936936936936
12:00:38,1103,7.515212876427829
12:00:39,1103,7.515212876427829
12:00:40,1103,7.515212876427829
12:00:41,1103,7.515212876427829
12:00:42,1103,7.515212876427829
12:00:43,1103,7.511860304287691
12:00:44,1103,7.516891191709845
12:00:45,1103,7.516891191709845
12:00:46,1104,7.516891191709845
12:00:47,1104,7.5193209238193734
12:00:48,1104,7.5193209238193734
12:00:49,1104,7.5193209238193734
12:00:50,1104,7.515857438016528
12:00:51,1104,7.515857438016528
12:00:52,1106,7.515857438016528
12:00:53,1106,7.515857438016528
12:00:54,1106,7.523237014103887
12:00:55,1106,7.526168384879725
12:00:56,1107,7.526168384879725
12:00:57,1107,7.529248197734295
12:00:58,1107,7.529248197734295
12:00:59,1108,7.529248197734295
12:01:00,1108,7.529248197734295
12:01:01,1109,7.529248197734295
12:01:02,1110,7.529248197734295
12:01:03,1110,7.528189300411523
12:01:04,1111,7.528189300411523
12:01:05,1111,7.528189300411523
12:01:06,1112,7.528189300411523
12:01:07,1112,7.528189300411523
12:01:08,1113,7.528189300411523
12:01:09,1113,7.528189300411523
12:01:10,1114,7.528189300411523
12:01:11,1115,7.528189300411523
12:01:12,1115,7.528189300411523
12:01:13,1115,7.528189300411523
12:01:14,1115,7.528189300411523
12:01:15,1115,7.528189300411523
12:01:16,1116,7.528189300411523
12:01:17,1116,7.528189300411523
12:01:18,1116,7.528189300411523
12:01:19,1116,7.528189300411523
12:01:20,1117,7.528189300411523
12:01:21,1117,7.531297056810404
12:01:22,1117,7.531297056810404
12:01:23,1118,7.5300683760683755
12:01:24,1118,7.526417349726776
12:01:25,1118,7.525997952917093
12:01:26,1118,7.525997952917093
12:01:27,1119,7.525997952917093
12:01:28,1119,7.525085207907294
12:01:29,1119,7.525085207907294
12:01:30,1119,7.525085207907294
12:01:31,1119,7.525085207907294
12:01:32,1119,7.5217739189649295
12:01:33,1120,7.5217739189649295
12:01:34,1120,7.525527210884354
12:01:35,1120,7.525527210884354
12:01:36,1121,7.525527210884354
12:01:37,1122,7.525527210884354
12:01:38,1122,7.525527210884354
12:01:39,1123,7.525527210884354
12:01:40,1123,7.525527210884354
12:01:41,1124,7.529595650696568
12:01:42,1124,7.529039375424304
12:01:43,1125,7.529039375424304
12:01:44,1126,7.534520176330959
12:01:45,1126,7.534520176330959
12:01:46,1126,7.534520176330959
12:01:47,1128,7.537330623306233
12:01:48,1128,7.537330623306233
12:01:49,1128,7.537330623306233
12:01:50,1130,7.540270727580372
12:01:51,1130,7.540270727580372
12:01:52,1130,7.540145368492224
12:01:53,1130,7.540145368492224
12:01:54,1131,7.540145368492224
12:01:55,1131,7.540145368492224
12:01:56,1131,7.540145368492224
12:01:57,1132,7.540145368492224
12:01:58,1132,7.540145368492224
12:01:59,1132,7.540145368492224
12:02:00,1134,7.540145368492224
12:02:01,1134,7.540145368492224
12:02:02,1134,7.540145368492224
12:02:03,1135,7.540145368492224
12:02:04,1136,7.540145368492224
12:02:05,1137,7.540145368492224
12:02:06,1137,7.540145368492224
12:02:07,1137,7.540145368492224
12:02:08,1138,7.540145368492224
12:02:09,1139,7.540145368492224
12:02:10,1140,7.540145368492224
12:02:11,1140,7.540145368492224
12:02:12,1141,7.540145368492224
12:02:13,1141,7.536761229314421
12:02:14,1142,7.536761229314421
12:02:15,1142,7.536761229314421
12:02:16,1143,7.540124705089315
12:02:17,1143,7.540124705089315
12:02:18,1144,7.542104377104377
12:02:19,1145,7.542104377104377
12:02:20,1145,7.542104377104377
12:02:21,1146,7.542104377104377
12:02:22,1147,7.539017827110663
12:02:23,1147,7.539017827110663
12:02:24,1147,7.539717741935484
12:02:25,1148,7.539717741935484
12:02:26,1148,7.539157435381
12:02:27,1148,7.539157435381
12:02:28,1149,7.539302481556003
12:02:29,1151,7.539302481556003
12:02:30,1151,7.539302481556003
12:02:31,1151,7.539302481556003
12:02:32,1154,7.539302481556003
12:02:33,1154,7.539302481556003
12:02:34,1155,7.5447068676716915
12:02:35,1155,7.5447068676716915
12:02:36,1155,7.547473226238286
12:02:37,1155,7.547473226238286
12:02:38,1155,7.547473226238286
12:02:39,1155,7.547473226238286
12:02:40,1155,7.547473226238286
12:02:41,1155,7.547473226238286
12:02:42,1155,7.547473226238286
12:02:43,1155,7.547473226238286
12:02:44,1155,7.547473226238286
12:02:45,1155,7.547473226238286
12:02:46,1155,7.543871075484302
12:02:47,1155,7.543871075484302
12:02:48,1155,7.543871075484302
12:02:49,1155,7.54381047714381
12:02:50,1155,7.54381047714381
12:02:51,1155,7.546049999999999
12:02:52,1155,7.546049999999999
12:02:53,1155,7.546049999999999
12:02:54,1155,7.546049999999999
12:02:55,1155,7.546049999999999
12:02:56,1155,7.543339993339994
12:02:57,1155,7.543339993339994
12:02:58,1155,7.543339993339994
12:02:59,1155,7.543339993339994
12:03:00,1155,7.543396540252828
12:03:01,1155,7.543396540252828
12:03:02,1155,7.543396540252828
12:03:03,1156,7.543396540252828
12:03:04,1156,7.543396540252828
12:03:05,1156,7.546726487205051
12:03:06,1156,7.546726487205051
12:03:07,1157,7.5500332005312085
12:03:08,1157,7.5500332005312085
12:03:09,1157,7.551028192371476
12:03:10,1159,7.551028192371476
12:03:11,1159,7.551028192371476
12:03:12,1159,7.551028192371476
12:03:13,1160,7.551028192371476
12:03:14,1160,7.551028192371476
12:03:15,1160,7.551028192371476
12:03:16,1161,7.551028192371476
12:03:17,1161,7.551028192371476
12:03:18,1162,7.551028192371476
12:03:19,1162,7.551028192371476
12:03:20,1162,7.551028192371476
12:03:21,1162,7.552451954937045
12:03:22,1163,7.552451954937045
12:03:23,1163,7.54814630916915
12:03:24,1164,7.54814630916915
12:03:25,1164,7.551570767195767
12:03:26,1165,7.559266600594649
12:03:27,1165,7.559266600594649
12:03:28,1166,7.561798679867987
12:03:29,1166,7.561798679867987
12:03:30,1166,7.561798679867987
12:03:31,1167,7.561798679867987
12:03:32,1167,7.561798679867987
12:03:33,1167,7.561798679867987
12:03:34,1167,7.561798679867987
12:03:35,1167,7.561798679867987
12:03:36,1168,7.561798679867987
12:03:37,1168,7.561798679867987
12:03:38,1168,7.562166172106825
12:03:39,1169,7.565843214756258
12:03:40,1169,7.565843214756258
12:03:41,1169,7.565843214756258
12:03:42,1170,7.569447186574531
12:03:43,1170,7.569447186574531
12:03:44,1170,7.569447186574531
12:03:45,1171,7.569447186574531
12:03:46,1171,7.569447186574531
12:03:47,1171,7.569447186574531
12:03:48,1171,7.569447186574531
12:03:49,1172,7.569447186574531
12:03:50,1173,7.5697567389875084
12:03:51,1174,7.567356321839081
12:03:52,1174,7.567356321839081
12:03:53,1174,7.567356321839081
12:03:54,1175,7.567356321839081
12:03:55,1175,7.567356321839081
12:03:56,1175,7.567356321839081
12:03:57,1175,7.567175196850394
12:03:58,1176,7.570239265814488
12:03:59,1176,7.572298624754421
12:04:00,1176,7.572298624754421
12:04:01,1176,7.572298624754421
12:04:02,1176,7.572298624754421
12:04:03,1176,7.572298624754421
12:04:04,1176,7.573127248936866
12:04:05,1176,7.573127248936866
12:04:06,1176,7.573127248936866
12:04:07,1176,7.56952614379085
12:04:08,1176,7.56952614379085
12:04:09,1176,7.56952614379085
12:04:10,1176,7.56952614379085
12:04:11,1176,7.56952614379085
12:04:12,1176,7.56952614379085
12:04:13,1176,7.56952614379085
12:04:14,1176,7.572706496898466
12:04:15,1177,7.572706496898466
12:04:16,1177,7.572706496898466
12:04:17,1177,7.5756360078277885
12:04:18,1177,7.583186705767351
12:04:19,1178,7.586393229166666
12:04:20,1178,7.586393229166666
12:04:21,1178,7.586393229166666
12:04:22,1179,7.586393229166666
12:04:23,1179,7.589918699186992
12:04:24,1179,7.589918699186992
12:04:25,1180,7.589918699186992
12:04:26,1180,7.588104511522233
12:04:27,1180,7.588104511522233
12:04:28,1180,7.588104511522233
12:04:29,1180,7.588104511522233
12:04:30,1181,7.588104511522233
12:04:31,1181,7.588104511522233
12:04:32,1181,7.591439688715953
12:04:33,1181,7.589180434078393
12:04:34,1182,7.589180434078393
12:04:35,1182,7.589180434078393
12:04:36,1182,7.589180434078393
12:04:37,1182,7.589180434078393
12:04:38,1183,7.589180434078393
12:04:39,1183,7.58868932038835
12:04:40,1183,7.58868932038835
12:04:41,1183,7.58868932038835
12:04:42,1183,7.58868932038835
12:04:43,1183,7.58868932038835
12:04:44,1183,7.58868932038835
12:04:45,1184,7.58868932038835
12:04:46,1184,7.587229227287423
12:04:47,1184,7.587229227287423
12:04:48,1185,7.589857881136951
12:04:49,1185,7.589857881136951
12:04:50,1186,7.592416908680219
12:04:51,1186,7.592416908680219
12:04:52,1186,7.592416908680219
12:04:53,1186,7.592416908680219
12:04:54,1187,7.592416908680219
12:04:55,1187,7.593697614442295
12:04:56,1187,7.593697614442295
12:04:57,1187,7.593697614442295
12:04:58,1187,7.593697614442295
12:04:59,1187,7.593697614442295
12:05:00,1187,7.593697614442295
12:05:01,1187,7.593697614442295
12:05:02,1187,7.593697614442295
12:05:03,1187,7.593697614442295
12:05:04,1187,7.593697614442295
12:05:05,1188,7.593697614442295
12:05:06,1188,7.593697614442295
12:05:07,1188,7.59634460547504
12:05:08,1189,7.601399613899614
12:05:09,1189,7.601399613899614
12:05:10,1190,7.601399613899614
12:05:11,1190,7.601399613899614
12:05:12,1191,7.601399613899614
12:05:13,1191,7.597862423657988
12:05:14,1191,7.601685934489402
12:05:15,1193,7.601685934489402
12:05:16,1193,7.598444016682707
12:05:17,1193,7.60113782051282
12:05:18,1193,7.60113782051282
12:05:19,1193,7.60113782051282
12:05:20,1194,7.60113782051282
12:05:21,1194,7.60113782051282
12:05:22,1194,7.60113782051282
12:05:23,1194,7.60113782051282
12:05:24,1194,7.598174831892411
12:05:25,1194,7.598174831892411
12:05:26,1194,7.598174831892411
12:05:27,1195,7.598174831892411
12:05:28,1195,7.598174831892411
12:05:29,1195,7.598174831892411
12:05:30,1195,7.598174831892411
12:05:31,1197,7.598174831892411
12:05:32,1197,7.598174831892411
12:05:33,1197,7.598174831892411
12:05:34,1197,7.598174831892411
12:05:35,1197,7.601359564939219
12:05:36,1198,7.601359564939219
12:05:37,1198,7.604122722914669
12:05:38,1199,7.604122722914669
12:05:39,1199,7.606066411238825
12:05:40,1199,7.606066411238825
12:05:41,1199,7.606066411238825
12:05:42,1199,7.606066411238825
12:05:43,1199,7.606066411238825
12:05:44,1199,7.606066411238825
12:05:45,1199,7.606066411238825
12:05:46,1199,7.606066411238825
12:05:47,1199,7.606066411238825
12:05:48,1199,7.604780114722754
12:05:49,1199,7.604780114722754
12:05:50,1200,7.6010347023241005
12:05:51,1200,7.6010347023241005
12:05:52,1200,7.6010347023241005
12:05:53,1201,7.6010347023241005
12:05:54,1201,7.6010347023241005
12:05:55,1201,7.6010347023241005
12:05:56,1202,7.6010347023241005
12:05:57,1202,7.6010347023241005
12:05:58,1202,7.604198473282443
12:05:59,1203,7.601747696218621
12:06:00,1203,7.606428571428571
12:06:01,1203,7.606428571428571
12:06:02,1204,7.606428571428571
12:06:03,1204,7.606428571428571
12:06:04,1205,7.6099904852521405
12:06:05,1205,7.6099904852521405
12:06:06,1206,7.6099904852521405
12:06:07,1206,7.6099904852521405
12:06:08,1206,7.611707858048162
12:06:09,1206,7.611707858048162
12:06:10,1207,7.611707858048162
12:06:11,1207,7.614181703070591
12:06:12,1207,7.614181703070591
12:06:13,1207,7.616129032258064
12:06:14,1207,7.616129032258064
12:06:15,1208,7.616129032258064
12:06:16,1208,7.616129032258064
12:06:17,1208,7.619494470774091
12:06:18,1209,7.619494470774091
12:06:19,1210,7.619494470774091
12:06:20,1210,7.617282196969697
12:06:21,1210,7.617282196969697
12:06:22,1210,7.617282196969697
12:06:23,1210,7.617282196969697
12:06:24,1210,7.617282196969697
12:06:25,1210,7.617282196969697
12:06:26,1210,7.620671712393567
12:06:27,1210,7.625677378701953
12:06:28,1210,7.625677378701953
12:06:29,1210,7.625677378701953
12:06:30,1210,7.625677378701953
12:06:31,1210,7.625677378701953
12:06:32,1210,7.625677378701953
12:06:33,1210,7.625677378701953
12:06:34,1210,7.625677378701953
12:06:35,1210,7.629571923197986
12:06:36,1210,7.629571923197986
12:06:37,1210,7.629571923197986
12:06:38,1210,7.630442978322337
12:06:39,1211,7.630442978322337
12:06:40,1211,7.630442978322337
12:06:41,1211,7.630442978322337
12:06:42,1211,7.631952291274326
12:06:43,1211,7.631952291274326
12:06:44,1211,7.631952291274326
12:06:45,1211,7.631952291274326
12:06:46,1211,7.635058011915961
12:06:47,1211,7.635058011915961
12:06:48,1211,7.635058011915961
12:06:49,1211,7.632644110275689
12:06:50,1211,7.632644110275689
12:06:51,1211,7.632644110275689
12:06:52,1211,7.632644110275689
12:06:53,1211,7.635633802816901
12:06:54,1211,7.635633802816901
12:06:55,1211,7.635633802816901
12:06:56,1213,7.635633802816901
12:06:57,1213,7.639415259537211
12:06:58,1213,7.639415259537211
12:06:59,1213,7.64181505779444
12:07:00,1214,7.645755305867666
12:07:01,1214,7.645755305867666
12:07:02,1214,7.645755305867666
12:07:03,1215,7.645755305867666
12:07:04,1215,7.645755305867666
12:07:05,1215,7.645755305867666
12:07:06,1215,7.645755305867666
12:07:07,1215,7.645755305867666
12:07:08,1215,7.642937324602432
12:07:09,1215,7.642937324602432
12:07:10,1216,7.642937324602432
12:07:11,1216,7.641043613707165
12:07:12,1217,7.637706193588547
12:07:13,1218,7.637706193588547
12:07:14,1219,7.637706193588547
12:07:15,1219,7.635618781094527
12:07:16,1220,7.635618781094527
12:07:17,1221,7.635618781094527
12:07:18,1222,7.643078833022967
12:07:19,1223,7.643078833022967
12:07:20,1223,7.643078833022967
12:07:21,1223,7.643736434108527
12:07:22,1223,7.643736434108527
12:07:23,1223,7.643736434108527
12:07:24,1225,7.643736434108527
12:07:25,1226,7.643736434108527
12:07:26,1226,7.643736434108527
12:07:27,1226,7.643736434108527
12:07:28,1228,7.643736434108527
12:07:29,1228,7.643736434108527
12:07:30,1228,7.643736434108527
12:07:31,1228,7.647568153655514
12:07:32,1228,7.649040544722996
12:07:33,1230,7.649040544722996
12:07:34,1230,7.649040544722996
12:07:35,1230,7.649040544722996
12:07:36,1231,7.649040544722996
12:07:37,1232,7.649040544722996
12:07:38,1232,7.652659245516388
12:07:39,1232,7.652659245516388
12:07:40,1233,7.652659245516388
12:07:41,1233,7.65582329317269
12:07:42,1233,7.65582329317269
12:07:43,1233,7.65582329317269
12:07:44,1234,7.65582329317269
12:07:45,1234,7.65582329317269
12:07:46,1234,7.65582329317269
12:07:47,1234,7.65582329317269
12:07:48,1234,7.65582329317269
12:07:49,1234,7.65582329317269
12:07:50,1234,7.65582329317269
12:07:51,1234,7.65582329317269
12:07:52,1234,7.657453703703704
12:07:53,1234,7.657453703703704
12:07:54,1235,7.657453703703704
12:07:55,1235,7.657453703703704
12:07:56,1235,7.6569842738205365
12:07:57,1235,7.6569842738205365
12:07:58,1235,7.654975354282194
12:07:59,1235,7.654975354282194
12:08:00,1236,7.654975354282194
12:08:01,1236,7.651969836872884
12:08:02,1236,7.651969836872884
12:08:03,1236,7.651969836872884
12:08:04,1236,7.654827798277982
12:08:05,1237,7.653118279569893
12:08:06,1237,7.653118279569893
12:08:07,1237,7.6550184162062616
12:08:08,1237,7.660472247776755
12:08:09,1237,7.660472247776755
12:08:10,1237,7.660472247776755
12:08:11,1237,7.660472247776755
12:08:12,1237,7.6670951943679215
12:08:13,1237,7.6670951943679215
12:08:14,1237,7.6670951943679215
12:08:15,1237,7.6670951943679215
12:08:16,1238,7.6670951943679215
12:08:17,1238,7.6670951943679215
12:08:18,1238,7.6670951943679215
12:08:19,1238,7.6670951943679215
12:08:20,1238,7.6670951943679215
12:08:21,1238,7.6670951943679215
12:08:22,1238,7.6670951943679215
12:08:23,1238,7.6670951943679215
12:08:24,1238,7.6670951943679215
12:08:25,1238,7.6670951943679215
12:08:26,1238,7.6670951943679215
12:08:27,1238,7.6670951943679215
12:08:28,1238,7.669724770642202
12:08:29,1238,7.668988695386495
12:08:30,1238,7.668988695386495
12:08:31,1238,7.671626984126984
12:08:32,1238,7.671626984126984
12:08:33,1238,7.671626984126984
12:08:34,1239,7.671626984126984
12:08:35,1239,7.675815797499237
12:08:36,1239,7.675815797499237
12:08:37,1239,7.675815797499237
12:08:38,1240,7.675815797499237
12:08:39,1240,7.675815797499237
12:08:40,1240,7.675815797499237
12:08:41,1240,7.675815797499237
12:08:42,1240,7.675815797499237
12:08:43,1240,7.675815797499237
12:08:44,1241,7.675815797499237
12:08:45,1241,7.675815797499237
12:08:46,1241,7.6738574040219385
12:08:47,1241,7.67302891933029
12:08:48,1241,7.67302891933029
12:08:49,1241,7.67302891933029
12:08:50,1242,7.670194647201947
12:08:51,1242,7.670194647201947
12:08:52,1242,7.670194647201947
12:08:53,1242,7.670194647201947
12:08:54,1242,7.67829386763813
12:08:55,1242,7.67829386763813
12:08:56,1243,7.680937215650591
12:08:57,1244,7.680937215650591
12:08:58,1244,7.680937215650591
12:08:59,1244,7.681045454545455
12:09:00,1245,7.687042082954889
12:09:01,1245,7.689655172413793
12:09:02,1246,7.689655172413793
12:09:03,1246,7.689655172413793
12:09:04,1247,7.689165911151405
12:09:05,1247,7.689165911151405
12:09:06,1247,7.689165911151405
12:09:07,1248,7.689165911151405
12:09:08,1248,7.689165911151405
12:09:09,1248,7.686473429951691
12:09:10,1248,7.686473429951691
12:09:11,1249,7.686473429951691
12:09:12,1249,7.686473429951691
12:09:13,1250,7.686473429951691
12:09:14,1251,7.686473429951691
12:09:15,1251,7.686473429951691
12:09:16,1251,7.686473429951691
12:09:17,1252,7.686473429951691
12:09:18,1252,7.689245852187029
12:09:19,1252,7.689245852187029
12:09:20,1253,7.689245852187029
12:09:21,1253,7.6924050632911385
12:09:22,1253,7.6924050632911385
12:09:23,1254,7.690575127973502
12:09:24,1254,7.690575127973502
12:09:25,1254,7.690575127973502
12:09:26,1254,7.690575127973502
12:09:27,1255,7.690575127973502
12:09:28,1255,7.690575127973502
12:09:29,1255,7.690575127973502
12:09:30,1255,7.690575127973502
12:09:31,1256,7.690575127973502
12:09:32,1256,7.690575127973502
12:09:33,1256,7.690989771359807
12:09:34,1257,7.690989771359807
12:09:35,1257,7.690989771359807
12:09:36,1257,7.690989771359807
12:09:37,1257,7.690989771359807
12:09:38,1257,7.690989771359807
12:09:39,1257,7.690989771359807
12:09:40,1257,7.690622182146077
12:09:41,1257,7.690622182146077
12:09:42,1258,7.690622182146077
12:09:43,1258,7.690879087908791
12:09:44,1258,7.690879087908791
12:09:45,1258,7.690879087908791
12:09:46,1258,7.6909322541966425
12:09:47,1258,7.6909322541966425
12:09:48,1259,7.6909322541966425
12:09:49,1259,7.6909322541966425
12:09:50,1259,7.6935759209344114
12:09:51,1259,7.6935759209344114
12:09:52,1260,7.700374027528426
12:09:53,1260,7.700374027528426
12:09:54,1260,7.700374027528426
12:09:55,1260,7.70355754857997
12:09:56,1260,7.70355754857997
12:09:57,1260,7.70518219832736
12:09:58,1260,7.70518219832736
12:09:59,1260,7.70518219832736
12:10:00,1260,7.70518219832736
12:10:01,1260,7.70518219832736
12:10:02,1260,7.70518219832736
12:10:03,1260,7.70518219832736
12:10:04,1260,7.70518219832736
12:10:05,1260,7.70518219832736
12:10:06,1261,7.70518219832736
12:10:07,1261,7.70723664577738
12:10:08,1261,7.707543231961837
12:10:09,1261,7.707543231961837
12:10:10,1261,7.707543231961837
12:10:11,1262,7.707543231961837
12:10:12,1262,7.707543231961837
12:10:13,1262,7.707543231961837
12:10:14,1262,7.707543231961837
12:10:15,1262,7.707543231961837
12:10:16,1262,7.704468275245755
12:10:17,1262,7.7057738095238095
12:10:18,1262,7.7057738095238095
12:10:19,1262,7.7057738095238095
12:10:20,1262,7.704683318465656
12:10:21,1262,7.704683318465656
12:10:22,1262,7.704683318465656
12:10:23,1262,7.704683318465656
12:10:24,1262,7.704683318465656
12:10:25,1262,7.702956030897208
12:10:26,1262,7.703843870584744
12:10:27,1262,7.703843870584744
12:10:28,1262,7.704033214709371
12:10:29,1262,7.707540740740741
12:10:30,1262,7.707540740740741
12:10:31,1262,7.707540740740741
12:10:32,1262,7.707540740740741
12:10:33,1263,7.707540740740741
12:10:34,1263,7.707540740740741
12:10:35,1263,7.707540740740741
12:10:36,1263,7.707540740740741
12:10:37,1263,7.707540740740741
12:10:38,1263,7.709828300769686
12:10:39,1263,7.709828300769686
12:10:40,1263,7.709828300769686
12:10:41,1263,7.712215320910973
12:10:42,1263,7.712215320910973
12:10:43,1263,7.715721040189125
12:10:44,1263,7.715721040189125
12:10:45,1263,7.72051622418879
12:10:46,1263,7.72051622418879
12:10:47,1263,7.72051622418879
12:10:48,1263,7.72051622418879
12:10:49,1263,7.721809608016504
12:10:50,1263,7.721809608016504
12:10:51,1263,7.721809608016504
12:10:52,1263,7.721809608016504
12:10:53,1265,7.721809608016504
12:10:54,1265,7.721809608016504
12:10:55,1265,7.721613663133097
12:10:56,1266,7.721613663133097
12:10:57,1266,7.721613663133097
12:10:58,1266,7.721613663133097
12:10:59,1266,7.721613663133097
12:11:00,1266,7.721613663133097
12:11:01,1266,7.721613663133097
12:11:02,1266,7.720329508679024
12:11:03,1266,7.72283950617284
12:11:04,1267,7.72283950617284
12:11:05,1267,7.72283950617284
12:11:06,1267,7.72283950617284
12:11:07,1268,7.72283950617284
12:11:08,1268,7.719397944199707
12:11:09,1268,7.719397944199707
12:11:10,1269,7.719397944199707
12:11:11,1269,7.719397944199707
12:11:12,1269,7.719397944199707
12:11:13,1269,7.721420187793427
12:11:14,1270,7.721420187793427
12:11:15,1270,7.723570800351803
12:11:16,1270,7.723570800351803
12:11:17,1270,7.723570800351803
12:11:18,1270,7.723570800351803
12:11:19,1270,7.723570800351803
12:11:20,1270,7.725278265963679
12:11:21,1270,7.725278265963679
12:11:22,1270,7.726660813579163
12:11:23,1270,7.726660813579163
12:11:24,1270,7.726660813579163
12:11:25,1272,7.726660813579163
12:11:26,1272,7.726660813579163
12:11:27,1272,7.726660813579163
12:11:28,1272,7.726660813579163
12:11:29,1273,7.726660813579163
12:11:30,1273,7.73437134502924
12:11:31,1273,7.73437134502924
12:11:32,1274,7.741557113643003
12:11:33,1274,7.741557113643003
12:11:34,1274,7.741557113643003
12:11:35,1274,7.741557113643003
12:11:36,1275,7.741557113643003
12:11:37,1275,7.743943374197315
12:11:38,1275,7.743943374197315
12:11:39,1277,7.743943374197315
12:11:40,1277,7.74588801399825
12:11:41,1277,7.7443910256410255
12:11:42,1277,7.7443910256410255
12:11:43,1279,7.7443910256410255
12:11:44,1279,7.7443910256410255
12:11:45,1279,7.7443910256410255
12:11:46,1279,7.745997088791849
12:11:47,1279,7.745997088791849
12:11:48,1280,7.745997088791849
12:11:49,1280,7.7444444444444445
12:11:50,1280,7.7444444444444445
12:11:51,1280,7.7449869224062775
12:11:52,1280,7.7449869224062775
12:11:53,1280,7.7449869224062775
12:11:54,1280,7.746994773519163
12:11:55,1280,7.749057151145924
12:11:56,1281,7.749057151145924
12:11:57,1281,7.749057151145924
12:11:58,1281,7.749057151145924
12:11:59,1281,7.749057151145924
12:12:00,1281,7.749057151145924
12:12:01,1281,7.749057151145924
12:12:02,1281,7.749057151145924
12:12:03,1282,7.749057151145924
12:12:04,1282,7.7512463768115945
12:12:05,1282,7.75298291340863
12:12:06,1282,7.75298291340863
12:12:07,1282,7.75298291340863
12:12:08,1282,7.750217013888888
12:12:09,1283,7.750217013888888
12:12:10,1283,7.750217013888888
12:12:11,1283,7.750217013888888
12:12:12,1283,7.74761698440208
12:12:13,1283,7.74761698440208
12:12:14,1283,7.74761698440208
12:12:15,1283,7.74761698440208
12:12:16,1284,7.74761698440208
12:12:17,1284,7.74761698440208
12:12:18,1284,7.74761698440208
12:12:19,1285,7.74761698440208
12:12:20,1285,7.74761698440208
12:12:21,1285,7.74955266955267
12:12:22,1285,7.74955266955267
12:12:23,1285,7.74955266955267
12:12:24,1285,7.74955266955267
12:12:25,1285,7.74955266955267
12:12:26,1285,7.74955266955267
12:12:27,1285,7.74955266955267
12:12:28,1285,7.751629181084199
12:12:29,1286,7.751629181084199
12:12:30,1287,7.759291270527226
12:12:31,1287,7.761197466896949
12:12:32,1287,7.761197466896949
12:12:33,1288,7.761197466896949
12:12:34,1289,7.761197466896949
12:12:35,1289,7.761197466896949
12:12:36,1290,7.761197466896949
12:12:37,1290,7.761197466896949
12:12:38,1290,7.761197466896949
12:12:39,1290,7.761197466896949
12:12:40,1290,7.761197466896949
12:12:41,1290,7.761197466896949
12:12:42,1290,7.761197466896949
12:12:43,1290,7.761197466896949
12:12:44,1290,7.761197466896949
12:12:45,1291,7.761197466896949
12:12:46,1292,7.761197466896949
12:12:47,1292,7.761197466896949
12:12:48,1293,7.761197466896949
12:12:49,1294,7.761197466896949
12:12:50,1294,7.761197466896949
12:12:51,1294,7.759361518550475
12:12:52,1294,7.759361518550475
12:12:53,1295,7.759361518550475
12:12:54,1295,7.761853448275862
12:12:55,1296,7.761853448275862
12:12:56,1296,7.761541774332472
12:12:57,1296,7.7605708548479635
12:12:58,1296,7.768286041845801
12:12:59,1297,7.768286041845801
12:13:00,1297,7.77647479954181
12:13:01,1297,7.77647479954181
12:13:02,1298,7.773147353361946
12:13:03,1299,7.773147353361946
12:13:04,1299,7.774871355060034
12:13:05,1299,7.774871355060034
12:13:06,1300,7.774871355060034
12:13:07,1300,7.776035418451871
12:13:08,1302,7.776035418451871
12:13:09,1302,7.776035418451871
12:13:10,1302,7.776035418451871
12:13:11,1303,7.778039383561644
12:13:12,1303,7.778039383561644
12:13:13,1303,7.778039383561644
12:13:14,1304,7.778039383561644
12:13:15,1304,7.778039383561644
12:13:16,1304,7.778528656971771
12:13:17,1305,7.778528656971771
12:13:18,1305,7.781039886039887
12:13:19,1306,7.781039886039887
12:13:20,1306,7.787446626814688
12:13:21,1306,7.787446626814688
12:13:22,1306,7.783575085324232
12:13:23,1307,7.783575085324232
12:13:24,1307,7.782963910201762
12:13:25,1307,7.782963910201762
12:13:26,1308,7.782963910201762
12:13:27,1308,7.781672345258376
12:13:28,1308,7.781672345258376
12:13:29,1308,7.783588652482269
12:13:30,1309,7.783588652482269
12:13:31,1309,7.783588652482269
12:13:32,1309,7.7815901360544215
12:13:33,1309,7.7815901360544215
12:13:34,1309,7.7815901360544215
12:13:35,1309,7.7815901360544215
12:13:36,1309,7.7815901360544215
12:13:37,1309,7.7815901360544215
12:13:38,1309,7.783305012744265
12:13:39,1309,7.783305012744265
12:13:40,1309,7.783305012744265
12:13:41,1309,7.783305012744265
12:13:42,1309,7.783305012744265
12:13:43,1309,7.783305012744265
12:13:44,1310,7.783305012744265
12:13:45,1310,7.783305012744265
12:13:46,1310,7.783305012744265
12:13:47,1310,7.785526315789474
12:13:48,1310,7.785526315789474
12:13:49,1311,7.785526315789474
12:13:50,1311,7.785526315789474
12:13:51,1313,7.785526315789474
12:13:52,1314,7.788804071246819
12:13:53,1314,7.788804071246819
12:13:54,1314,7.788804071246819
12:13:55,1317,7.788804071246819
12:13:56,1317,7.788804071246819
12:13:57,1317,7.787853107344633
12:13:58,1318,7.787853107344633
12:13:59,1319,7.787853107344633
12:14:00,1320,7.787853107344633
12:14:01,1321,7.788667795653401
12:14:02,1321,7.788667795653401
12:14:03,1322,7.788667795653401
12:14:04,1322,7.788667795653401
12:14:05,1323,7.788667795653401
12:14:06,1323,7.788667795653401
12:14:07,1324,7.788667795653401
12:14:08,1325,7.788667795653401
12:14:09,1325,7.788667795653401
12:14:10,1326,7.793217710095883
12:14:11,1326,7.793217710095883
12:14:12,1326,7.793217710095883
12:14:13,1327,7.793217710095883
12:14:14,1327,7.793217710095883
12:14:15,1327,7.793217710095883
12:14:16,1328,7.793217710095883
12:14:17,1328,7.793217710095883
12:14:18,1328,7.793217710095883
12:14:19,1328,7.793217710095883
12:14:20,1329,7.792814877430262
12:14:21,1329,7.792814877430262
12:14:22,1329,7.789887482419128
12:14:23,1330,7.789887482419128
12:14:24,1330,7.789887482419128
12:14:25,1330,7.79238336143901
12:14:26,1331,7.79238336143901
12:14:27,1331,7.794130862117383
12:14:28,1331,7.7905723905723905
12:14:29,1331,7.7905723905723905
12:14:30,1332,7.7905723905723905
12:14:31,1332,7.7905723905723905
12:14:32,1332,7.7905723905723905
12:14:33,1333,7.793580039248668
12:14:34,1333,7.793580039248668
12:14:35,1334,7.793580039248668
12:14:36,1334,7.796050420168068
12:14:37,1334,7.796050420168068
12:14:38,1335,7.796050420168068
12:14:39,1335,7.795731877973692
12:14:40,1336,7.79375
12:14:41,1336,7.79375
12:14:42,1336,7.800377200335289
12:14:43,1336,7.800377200335289
12:14:44,1337,7.800377200335289
12:14:45,1337,7.799706867671691
12:14:46,1337,7.799706867671691
12:14:47,1337,7.799706867671691
12:14:48,1338,7.799706867671691
12:14:49,1339,7.799706867671691
12:14:50,1339,7.799706867671691
12:14:51,1339,7.806359832635983
12:14:52,1340,7.806359832635983
12:14:53,1340,7.809127647714604
12:14:54,1340,7.809127647714604
12:14:55,1340,7.809127647714604
12:14:56,1340,7.809127647714604
12:14:57,1340,7.811319966583125
12:14:58,1340,7.811319966583125
12:14:59,1340,7.81061491374513
12:15:00,1341,7.81061491374513
12:15:01,1341,7.81061491374513
12:15:02,1341,7.82086460939672
12:15:03,1342,7.82086460939672
12:15:04,1342,7.817180555555555
12:15:05,1342,7.817180555555555
12:15:06,1343,7.817180555555555
12:15:07,1343,7.817180555555555
12:15:08,1343,7.817180555555555
12:15:09,1345,7.817180555555555
12:15:10,1345,7.817194004995837
12:15:11,1346,7.817194004995837
12:15:12,1347,7.817194004995837
12:15:13,1348,7.817194004995837
12:15:14,1348,7.817194004995837
12:15:15,1348,7.820438158624515
12:15:16,1349,7.822388473261291
12:15:17,1349,7.822388473261291
12:15:18,1350,7.822388473261291
12:15:19,1352,7.822388473261291
12:15:20,1352,7.822388473261291
12:15:21,1352,7.8274224806201556
12:15:22,1353,7.8274224806201556
12:15:23,1353,7.8274224806201556
12:15:24,1353,7.8274224806201556
12:15:25,1353,7.831604426002767
12:15:26,1353,7.831604426002767
12:15:27,1353,7.833485351022664
12:15:28,1353,7.833485351022664
12:15:29,1354,7.836578293289147
12:15:30,1354,7.836578293289147
12:15:31,1354,7.835044150110376
12:15:32,1354,7.835044150110376
12:15:33,1354,7.835044150110376
12:15:34,1354,7.833870523415978
12:15:35,1354,7.833870523415978
12:15:36,1354,7.835645472061657
12:15:37,1354,7.835645472061657
12:15:38,1354,7.835645472061657
12:15:39,1354,7.835258525852585
12:15:40,1354,7.835258525852585
12:15:41,1354,7.8294618341570565
12:15:42,1354,7.8294618341570565
12:15:43,1354,7.8294618341570565
12:15:44,1354,7.8294618341570565
12:15:45,1355,7.8294618341570565
12:15:46,1355,7.8294618341570565
12:15:47,1355,7.8294618341570565
12:15:48,1355,7.8294618341570565
12:15:49,1355,7.8294618341570565
12:15:50,1355,7.8294618341570565
12:15:51,1357,7.8294618341570565
12:15:52,1357,7.82641975308642
12:15:53,1357,7.82641975308642
12:15:54,1358,7.82641975308642
12:15:55,1360,7.82641975308642
12:15:56,1360,7.82641975308642
12:15:57,1360,7.82641975308642
12:15:58,1361,7.82641975308642
12:15:59,1361,7.82641975308642
12:16:00,1361,7.82953673245614
12:16:01,1361,7.82953673245614
12:16:02,1362,7.82953673245614
12:16:03,1363,7.831744727471926
12:16:04,1363,7.831744727471926
12:16:05,1363,7.831744727471926
12:16:06,1364,7.831744727471926
12:16:07,1364,7.831744727471926
12:16:08,1365,7.831744727471926
12:16:09,1366,7.827216748768473
12:16:10,1366,7.8379956248290945
12:16:11,1367,7.8379956248290945
12:16:12,1367,7.8379956248290945
12:16:13,1367,7.8379956248290945
12:16:14,1367,7.8379956248290945
12:16:15,1368,7.84094262295082
12:16:16,1368,7.84094262295082
12:16:17,1368,7.84094262295082
12:16:18,1369,7.84094262295082
12:16:19,1369,7.84094262295082
12:16:20,1370,7.843925743925744
12:16:21,1370,7.843925743925744
12:16:22,1370,7.84544462629569
12:16:23,1370,7.84544462629569
12:16:24,1372,7.84544462629569
12:16:25,1372,7.847397110929409
12:16:26,1372,7.847397110929409
12:16:27,1374,7.847397110929409
12:16:28,1374,7.847397110929409
12:16:29,1375,7.847397110929409
12:16:30,1376,7.847397110929409
12:16:31,1376,7.845138888888888
12:16:32,1376,7.845138888888888
12:16:33,1377,7.843197278911564
12:16:34,1378,7.843197278911564
12:16:35,1378,7.84547308319739
12:16:36,1378,7.84547308319739
12:16:37,1379,7.84547308319739
12:16:38,1379,7.84547308319739
12:16:39,1380,7.84547308319739
12:16:40,1381,7.84547308319739
12:16:41,1382,7.847745177940777
12:16:42,1382,7.847745177940777
12:16:43,1382,7.847923452768729
12:16:44,1382,7.847923452768729
12:16:45,1382,7.847923452768729
12:16:46,1382,7.847923452768729
12:16:47,1382,7.847923452768729
12:16:48,1383,7.847923452768729
12:16:49,1383,7.847923452768729
12:16:50,1384,7.851017087062653
12:16:51,1384,7.848888888888889
12:16:52,1384,7.848888888888889
12:16:53,1385,7.848888888888889
12:16:54,1385,7.848888888888889
12:16:55,1386,7.848888888888889
12:16:56,1387,7.848888888888889
12:16:57,1387,7.848888888888889
12:16:58,1389,7.848888888888889
12:16:59,1390,7.848888888888889
12:17:00,1390,7.854725155699972
12:17:01,1390,7.854725155699972
12:17:02,1390,7.854725155699972
12:17:03,1391,7.854725155699972
12:17:04,1391,7.857927489177489
12:17:05,1391,7.857927489177489
12:17:06,1391,7.857927489177489
12:17:07,1392,7.855650175723168
12:17:08,1392,7.855650175723168
12:17:09,1392,7.85822528363047
12:17:10,1393,7.85557354925776
12:17:11,1393,7.85557354925776
12:17:12,1393,7.856844516302884
12:17:13,1395,7.856844516302884
12:17:14,1395,7.858562197092084
12:17:15,1396,7.858562197092084
12:17:16,1396,7.858562197092084
12:17:17,1396,7.854882970137208
12:17:18,1396,7.854882970137208
12:17:19,1397,7.854882970137208
12:17:20,1397,7.855389784946237
12:17:21,1397,7.855389784946237
12:17:22,1398,7.855389784946237
12:17:23,1398,7.855389784946237
12:17:24,1398,7.855389784946237
12:17:25,1398,7.853008326618319
12:17:26,1399,7.853008326618319
12:17:27,1399,7.853008326618319
12:17:28,1399,7.853008326618319
12:17:29,1399,7.850254965110038
12:17:30,1400,7.850254965110038
12:17:31,1400,7.850254965110038
12:17:32,1400,7.850254965110038
12:17:33,1401,7.850254965110038
12:17:34,1401,7.850254965110038
12:17:35,1401,7.850254965110038
12:17:36,1401,7.850254965110038
12:17:37,1402,7.850254965110038
12:17:38,1402,7.850254965110038
12:17:39,1402,7.850254965110038
12:17:40,1402,7.850254965110038
12:17:41,1402,7.850254965110038
12:17:42,1403,7.850254965110038
12:17:43,1403,7.850254965110038
12:17:44,1403,7.851005631536605
12:17:45,1403,7.851005631536605
12:17:46,1404,7.848204715969989
12:17:47,1404,7.848204715969989
12:17:48,1404,7.848204715969989
12:17:49,1404,7.848204715969989
12:17:50,1405,7.8544846050870145
12:17:51,1405,7.8544846050870145
12:17:52,1406,7.8544846050870145
12:17:53,1407,7.8544846050870145
12:17:54,1407,7.8578116639914395
12:17:55,1407,7.860211173483026
12:17:56,1407,7.860211173483026
12:17:57,1409,7.860211173483026
12:17:58,1409,7.860211173483026
12:17:59,1409,7.860211173483026
12:18:00,1410,7.860211173483026
12:18:01,1410,7.860211173483026
12:18:02,1410,7.860211173483026
12:18:03,1411,7.865025353616227
12:18:04,1411,7.865025353616227
12:18:05,1411,7.865025353616227
12:18:06,1411,7.861786666666666
12:18:07,1411,7.861786666666666
12:18:08,1412,7.861786666666666
12:18:09,1413,7.859752198241407
12:18:10,1413,7.859752198241407
12:18:11,1413,7.859752198241407
12:18:12,1414,7.859752198241407
12:18:13,1415,7.859752198241407
12:18:14,1415,7.8630324813631525
12:18:15,1415,7.8630324813631525
12:18:16,1415,7.8630324813631525
12:18:17,1415,7.8635142325086465
12:18:18,1415,7.8635142325086465
12:18:19,1415,7.8635142325086465
12:18:20,1415,7.8635142325086465
12:18:21,1415,7.8646331738437
12:18:22,1415,7.8646331738437
12:18:23,1415,7.865869853917663
12:18:24,1415,7.865869853917663
12:18:25,1415,7.865869853917663
12:18:26,1415,7.865869853917663
12:18:27,1415,7.865869853917663
12:18:28,1415,7.865869853917663
12:18:29,1415,7.865869853917663
12:18:30,1416,7.86386677282378
12:18:31,1416,7.86386677282378
12:18:32,1416,7.86386677282378
12:18:33,1416,7.86386677282378
12:18:34,1417,7.866573853089366
12:18:35,1417,7.86770005299417
12:18:36,1417,7.86770005299417
12:18:37,1417,7.86770005299417
12:18:38,1418,7.86770005299417
12:18:39,1418,7.86770005299417
12:18:40,1419,7.871587301587302
12:18:41,1419,7.871587301587302
12:18:42,1420,7.871587301587302
12:18:43,1420,7.871587301587302
12:18:44,1420,7.870076658736452
12:18:45,1420,7.870076658736452
12:18:46,1420,7.870076658736452
12:18:47,1421,7.873950910530483
12:18:48,1422,7.871492616033755
12:18:49,1422,7.870171277997366
12:18:50,1422,7.870171277997366
12:18:51,1422,7.870171277997366
12:18:52,1422,7.870171277997366
12:18:53,1422,7.870171277997366
12:18:54,1422,7.870171277997366
12:18:55,1422,7.870171277997366
12:18:56,1422,7.8713401790416
12:18:57,1422,7.8713401790416
12:18:58,1422,7.8713401790416
12:18:59,1422,7.8713401790416
12:19:00,1422,7.8713401790416
12:19:01,1422,7.8713401790416
12:19:02,1423,7.8713401790416
12:19:03,1423,7.8713401790416
12:19:04,1423,7.8713401790416
12:19:05,1423,7.869836885030255
12:19:06,1423,7.869836885030255
12:19:07,1424,7.869836885030255
12:19:08,1424,7.869836885030255
12:19:09,1424,7.869836885030255
12:19:10,1424,7.869836885030255
12:19:11,1426,7.871464248159831
12:19:12,1426,7.871464248159831
12:19:13,1426,7.871464248159831
12:19:14,1427,7.871464248159831
12:19:15,1427,7.871464248159831
12:19:16,1427,7.871464248159831
12:19:17,1427,7.871464248159831
12:19:18,1427,7.871464248159831
12:19:19,1428,7.871464248159831
12:19:20,1428,7.871464248159831
12:19:21,1428,7.873377987916995
12:19:22,1429,7.873377987916995
12:19:23,1429,7.87507874015748
12:19:24,1429,7.87507874015748
12:19:25,1430,7.87507874015748
12:19:26,1430,7.878284815106215
12:19:27,1430,7.878284815106215
12:19:28,1430,7.878284815106215
12:19:29,1431,7.878284815106215
12:19:30,1431,7.882351400890285
12:19:31,1431,7.882351400890285
12:19:32,1432,7.882351400890285
12:19:33,1432,7.882351400890285
12:19:34,1433,7.882351400890285
12:19:35,1433,7.882351400890285
12:19:36,1433,7.885714285714286
12:19:37,1433,7.883581699346405
12:19:38,1433,7.883581699346405
12:19:39,1433,7.881726750261233
12:19:40,1433,7.881726750261233
12:19:41,1433,7.881726750261233
12:19:42,1433,7.881726750261233
12:19:43,1433,7.881726750261233
12:19:44,1433,7.881726750261233
12:19:45,1433,7.882263116679718
12:19:46,1433,7.882263116679718
12:19:47,1433,7.882263116679718
12:19:48,1433,7.88423317683881
12:19:49,1433,7.88423317683881
12:19:50,1434,7.88423317683881
12:19:51,1434,7.88423317683881
12:19:52,1434,7.88423317683881
12:19:53,1434,7.88423317683881
12:19:54,1434,7.88423317683881
12:19:55,1434,7.88423317683881
12:19:56,1434,7.8850925201980715
12:19:57,1434,7.8850925201980715
12:19:58,1434,7.882421875
12:19:59,1434,7.882421875
12:20:00,1434,7.882421875
12:20:01,1435,7.882421875
12:20:02,1435,7.882421875
12:20:03,1435,7.882421875
12:20:04,1437,7.881863127764768
12:20:05,1437,7.881863127764768
12:20:06,1437,7.881863127764768
12:20:07,1437,7.881863127764768
12:20:08,1438,7.881863127764768
12:20:09,1438,7.881863127764768
12:20:10,1438,7.881863127764768
12:20:11,1438,7.879953198127925
12:20:12,1439,7.879953198127925
12:20:13,1439,7.883632112236945
12:20:14,1439,7.883632112236945
12:20:15,1439,7.883632112236945
12:20:16,1439,7.883632112236945
12:20:17,1439,7.883632112236945
12:20:18,1439,7.8873572170301145
12:20:19,1439,7.888080415045396
12:20:20,1439,7.888080415045396
12:20:21,1439,7.888080415045396
12:20:22,1439,7.895839813374805
12:20:23,1439,7.895839813374805
12:20:24,1439,7.895839813374805
12:20:25,1439,7.895839813374805
12:20:26,1439,7.898225848225848
12:20:27,1439,7.898225848225848
12:20:28,1439,7.898225848225848
12:20:29,1439,7.899262422360248
12:20:30,1439,7.899262422360248
12:20:31,1439,7.899262422360248
12:20:32,1439,7.89625322997416
12:20:33,1439,7.89625322997416
12:20:34,1439,7.897443841982959
12:20:35,1439,7.897443841982959
12:20:36,1439,7.897443841982959
12:20:37,1439,7.897443841982959
12:20:38,1439,7.896465428276573
12:20:39,1439,7.896465428276573
12:20:40,1440,7.896465428276573
12:20:41,1440,7.896465428276573
12:20:42,1440,7.896465428276573
12:20:43,1440,7.896465428276573
12:20:44,1441,7.896465428276573
12:20:45,1441,7.898517659190513
12:20:46,1441,7.898517659190513
12:20:47,1444,7.8962905718701695
12:20:48,1444,7.894414414414414
12:20:49,1444,7.894302983539094
12:20:50,1445,7.894302983539094
12:20:51,1445,7.894302983539094
12:20:52,1445,7.894302983539094
12:20:53,1447,7.895412490362375
12:20:54,1447,7.895412490362375
12:20:55,1447,7.895412490362375
12:20:56,1447,7.895412490362375
12:20:57,1448,7.895412490362375
12:20:58,1448,7.895412490362375
12:20:59,1448,7.895412490362375
12:21:00,1448,7.895412490362375
12:21:01,1450,7.895412490362375
12:21:02,1450,7.895412490362375
12:21:03,1450,7.895412490362375
12:21:04,1451,7.8960965588084235
12:21:05,1453,7.8960965588084235
12:21:06,1453,7.8960965588084235
12:21:07,1453,7.8960965588084235
12:21:08,1453,7.897254298178086
12:21:09,1456,7.897254298178086
12:21:10,1456,7.897254298178086
12:21:11,1456,7.897254298178086
12:21:12,1456,7.902807692307692
12:21:13,1456,7.902807692307692
12:21:14,1456,7.902807692307692
12:21:15,1458,7.90547015116577
12:21:16,1458,7.90547015116577
12:21:17,1458,7.90547015116577
12:21:18,1458,7.90547015116577
12:21:19,1458,7.90547015116577
12:21:20,1459,7.90547015116577
12:21:21,1459,7.903520225294419
12:21:22,1460,7.903520225294419
12:21:23,1461,7.903520225294419
12:21:24,1461,7.903520225294419
12:21:25,1461,7.903520225294419
12:21:26,1462,7.903520225294419
12:21:27,1462,7.9057131901840485
12:21:28,1462,7.9057131901840485
12:21:29,1462,7.904444444444445
12:21:30,1462,7.904444444444445
12:21:31,1462,7.904444444444445
12:21:32,1463,7.904444444444445
12:21:33,1463,7.904444444444445
12:21:34,1464,7.904444444444445
12:21:35,1464,7.902616130678918
12:21:36,1464,7.90073960724305
12:21:37,1464,7.90073960724305
12:21:38,1464,7.8996432212028544
12:21:39,1464,7.8996432212028544
12:21:40,1464,7.8996432212028544
12:21:41,1464,7.8996432212028544
12:21:42,1464,7.8996432212028544
12:21:43,1464,7.8996432212028544
12:21:44,1464,7.8996432212028544
12:21:45,1464,7.8996432212028544
12:21:46,1464,7.8996432212028544
12:21:47,1464,7.8996432212028544
12:21:48,1464,7.8996432212028544
12:21:49,1464,7.8996432212028544
12:21:50,1465,7.901553348612172
12:21:51,1465,7.901553348612172
12:21:52,1465,7.901553348612172
12:21:53,1466,7.901553348612172
12:21:54,1466,7.901553348612172
12:21:55,1466,7.901553348612172
12:21:56,1466,7.9015648854961835
12:21:57,1466,7.9015648854961835
12:21:58,1466,7.9021866259852525
12:21:59,1466,7.9038109756097565
12:22:00,1466,7.9038109756097565
12:22:01,1466,7.9038109756097565
12:22:02,1466,7.9024879411018025
12:22:03,1466,7.9024879411018025
12:22:04,1466,7.9024879411018025
12:22:05,1466,7.907990867579909
12:22:06,1466,7.907990867579909
12:22:07,1466,7.907990867579909
12:22:08,1466,7.908263624841571
12:22:09,1466,7.908263624841571
12:22:10,1466,7.908263624841571
12:22:11,1466,7.908263624841571
12:22:12,1467,7.908263624841571
12:22:13,1467,7.908263624841571
12:22:14,1467,7.908263624841571
12:22:15,1468,7.908263624841571
12:22:16,1468,7.908263624841571
12:22:17,1468,7.9089665653495445
12:22:18,1468,7.9089665653495445
12:22:19,1468,7.910541635029107
12:22:20,1468,7.910541635029107
12:22:21,1468,7.910541635029107
12:22:22,1468,7.910541635029107
12:22:23,1468,7.910541635029107
12:22:24,1468,7.910541635029107
12:22:25,1469,7.909792772302249
12:22:26,1469,7.909792772302249
12:22:27,1469,7.908257575757576
12:22:28,1470,7.908257575757576
12:22:29,1470,7.906434519303558
12:22:30,1470,7.906434519303558
12:22:31,1471,7.906434519303558
12:22:32,1471,7.906770045385779
12:22:33,1471,7.906770045385779
12:22:34,1471,7.906770045385779
12:22:35,1472,7.906770045385779
12:22:36,1472,7.906770045385779
12:22:37,1472,7.906770045385779
12:22:38,1472,7.906770045385779
12:22:39,1472,7.906770045385779
12:22:40,1472,7.906770045385779
12:22:41,1472,7.906770045385779
12:22:42,1472,7.907420005039053
12:22:43,1472,7.907420005039053
12:22:44,1472,7.904909365558912
12:22:45,1472,7.904909365558912
12:22:46,1472,7.904909365558912
12:22:47,1472,7.904909365558912
12:22:48,1472,7.906716981132075
12:22:49,1472,7.906716981132075
12:22:50,1472,7.907340372046254
12:22:51,1472,7.907340372046254
12:22:52,1472,7.906977911646587
12:22:53,1472,7.906977911646587
12:22:54,1472,7.906977911646587
12:22:55,1473,7.912641083521445
12:22:56,1473,7.912641083521445
12:22:57,1473,7.912641083521445
12:22:58,1473,7.912641083521445
12:22:59,1474,7.913634085213032
12:23:00,1474,7.913634085213032
12:23:01,1475,7.912572001001752
12:23:02,1475,7.912572001001752
12:23:03,1475,7.911549049049048
12:23:04,1475,7.911549049049048
12:23:05,1475,7.911549049049048
12:23:06,1475,7.911549049049048
12:23:07,1476,7.913340835208802
12:23:08,1476,7.913340835208802
12:23:09,1476,7.913340835208802
12:23:10,1476,7.913340835208802
12:23:11,1476,7.913340835208802
12:23:12,1476,7.913340835208802
12:23:13,1477,7.913340835208802
12:23:14,1477,7.913340835208802
12:23:15,1477,7.913340835208802
12:23:16,1477,7.913340835208802
12:23:17,1477,7.910474406991261
12:23:18,1479,7.910474406991261
12:23:19,1479,7.910474406991261
12:23:20,1479,7.910474406991261
12:23:21,1479,7.910474406991261
12:23:22,1480,7.910474406991261
12:23:23,1480,7.910474406991261
12:23:24,1480,7.910474406991261
12:23:25,1480,7.910474406991261
12:23:26,1481,7.910474406991261
12:23:27,1481,7.910474406991261
12:23:28,1481,7.910474406991261
12:23:29,1481,7.910474406991261
12:23:30,1482,7.910474406991261
12:23:31,1482,7.911377245508983
12:23:32,1482,7.911377245508983
12:23:33,1483,7.911377245508983
12:23:34,1483,7.911377245508983
12:23:35,1484,7.911377245508983
12:23:36,1484,7.911377245508983
12:23:37,1484,7.911377245508983
12:23:38,1484,7.911377245508983
12:23:39,1484,7.912291199202193
12:23:40,1484,7.912291199202193
12:23:41,1485,7.912036345531491
12:23:42,1485,7.912036345531491
12:23:43,1485,7.912036345531491
12:23:44,1485,7.918196517412936
12:23:45,1485,7.918196517412936
12:23:46,1486,7.918196517412936
12:23:47,1487,7.919947800149143
12:23:48,1487,7.919947800149143
12:23:49,1488,7.919175360158966
12:23:50,1489,7.919175360158966
12:23:51,1489,7.919175360158966
12:23:52,1489,7.917212707867957
12:23:53,1490,7.9197420634920634
12:23:54,1490,7.9197420634920634
12:23:55,1490,7.9197420634920634
12:23:56,1491,7.9197420634920634
12:23:57,1492,7.9197420634920634
12:23:58,1493,7.9197420634920634
12:23:59,1493,7.9197420634920634
12:24:00,1493,7.92267211490837
12:24:01,1493,7.92267211490837
12:24:02,1494,7.92267211490837
12:24:03,1495,7.92267211490837
12:24:04,1495,7.92267211490837
12:24:05,1495,7.921875773323435
12:24:06,1495,7.921875773323435
12:24:07,1495,7.921875773323435
12:24:08,1495,7.923009396636994
12:24:09,1495,7.923009396636994
12:24:10,1495,7.923009396636994
12:24:11,1495,7.923009396636994
12:24:12,1496,7.923009396636994
12:24:13,1496,7.923009396636994
12:24:14,1496,7.924240177909563
12:24:15,1496,7.923543209876543
12:24:16,1497,7.923543209876543
12:24:17,1497,7.923543209876543
12:24:18,1497,7.922699235134469
12:24:19,1497,7.922699235134469
12:24:20,1497,7.922699235134469
12:24:21,1497,7.924383629191322
12:24:22,1497,7.924383629191322
12:24:23,1497,7.924383629191322
12:24:24,1497,7.924383629191322
12:24:25,1497,7.924383629191322
12:24:26,1497,7.922394678492239
12:24:27,1497,7.924359921221073
12:24:28,1497,7.924359921221073
12:24:29,1497,7.924359921221073
12:24:30,1497,7.924359921221073
12:24:31,1497,7.926359163591636
12:24:32,1497,7.926359163591636
12:24:33,1497,7.926359163591636
12:24:34,1497,7.926892822025565
12:24:35,1497,7.932719233603537
12:24:36,1497,7.932719233603537
12:24:37,1497,7.932719233603537
12:24:38,1497,7.932719233603537
12:24:39,1498,7.932719233603537
12:24:40,1498,7.932719233603537
12:24:41,1498,7.932719233603537
12:24:42,1498,7.932719233603537
12:24:43,1498,7.932719233603537
12:24:44,1498,7.932719233603537
12:24:45,1498,7.932719233603537
12:24:46,1499,7.932719233603537
12:24:47,1499,7.932719233603537
12:24:48,1499,7.932719233603537
12:24:49,1499,7.932719233603537
12:24:50,1499,7.932719233603537
12:24:51,1499,7.932719233603537
12:24:52,1500,7.932719233603537
12:24:53,1500,7.932719233603537
12:24:54,1501,7.9341188021600395
12:24:55,1501,7.9341188021600395
12:24:56,1501,7.933002207505519
12:24:57,1501,7.933602941176471
12:24:58,1501,7.933602941176471
12:24:59,1501,7.933602941176471
12:25:00,1501,7.933602941176471
12:25:01,1501,7.933602941176471
12:25:02,1501,7.933602941176471
12:25:03,1501,7.935035513103111
12:25:04,1502,7.935035513103111
12:25:05,1502,7.935035513103111
12:25:06,1502,7.935035513103111
12:25:07,1502,7.935035513103111
12:25:08,1502,7.935035513103111
12:25:09,1502,7.935035513103111
12:25:10,1503,7.935035513103111
12:25:11,1503,7.935035513103111
12:25:12,1503,7.935035513103111
12:25:13,1503,7.935035513103111
12:25:14,1503,7.935035513103111
12:25:15,1503,7.935035513103111
12:25:16,1503,7.932966226138032
12:25:17,1503,7.932966226138032
12:25:18,1503,7.932966226138032
12:25:19,1503,7.932966226138032
12:25:20,1503,7.933651259476645
12:25:21,1503,7.933651259476645
12:25:22,1503,7.933651259476645
12:25:23,1503,7.933651259476645
12:25:24,1503,7.933528836754643
12:25:25,1503,7.933528836754643
12:25:26,1503,7.9359218559218565
12:25:27,1503,7.943118594436311
12:25:28,1504,7.944720799804926
12:25:29,1505,7.944720799804926
12:25:30,1505,7.947368421052632
12:25:31,1505,7.947368421052632
12:25:32,1505,7.947368421052632
12:25:33,1505,7.949951302654005
12:25:34,1505,7.949951302654005
12:25:35,1506,7.949951302654005
12:25:36,1506,7.950012165450121
12:25:37,1506,7.950012165450121
12:25:38,1507,7.9512885971310485
12:25:39,1507,7.951931486880467
12:25:40,1507,7.951931486880467
12:25:41,1507,7.951931486880467
12:25:42,1507,7.951931486880467
12:25:43,1509,7.951931486880467
12:25:44,1510,7.951931486880467
12:25:45,1510,7.951931486880467
12:25:46,1510,7.951201747997087
12:25:47,1512,7.951201747997087
12:25:48,1513,7.951201747997087
12:25:49,1513,7.951201747997087
12:25:50,1513,7.951201747997087
12:25:51,1513,7.951201747997087
12:25:52,1514,7.951201747997087
12:25:53,1514,7.952523047064532
12:25:54,1514,7.952523047064532
12:25:55,1515,7.952523047064532
12:25:56,1515,7.953066666666667
12:25:57,1515,7.953066666666667
12:25:58,1517,7.953066666666667
12:25:59,1517,7.953066666666667
12:26:00,1517,7.953066666666667
12:26:01,1517,7.953066666666667
12:26:02,1518,7.953066666666667
12:26:03,1518,7.9521665456305985
12:26:04,1518,7.9521665456305985
12:26:05,1518,7.9521665456305985
12:26:06,1518,7.951233671988389
12:26:07,1518,7.951233671988389
12:26:08,1518,7.951233671988389
12:26:09,1518,7.951233671988389
12:26:10,1518,7.951233671988389
12:26:11,1518,7.951233671988389
12:26:12,1519,7.951233671988389
12:26:13,1519,7.953372008701958
12:26:14,1520,7.953372008701958
12:26:15,1520,7.953372008701958
12:26:16,1520,7.956086956521739
12:26:17,1521,7.956086956521739
12:26:18,1521,7.962334057446295
12:26:19,1521,7.962334057446295
12:26:20,1522,7.962334057446295
12:26:21,1522,7.962334057446295
12:26:22,1523,7.963820549927641
12:26:23,1523,7.963820549927641
12:26:24,1524,7.966160520607375
12:26:25,1524,7.966160520607375
12:26:26,1524,7.966160520607375
12:26:27,1525,7.966160520607375
12:26:28,1525,7.966160520607375
12:26:29,1527,7.968219013237063
12:26:30,1528,7.968219013237063
12:26:31,1528,7.968219013237063
12:26:32,1528,7.969360269360269
12:26:33,1529,7.969360269360269
12:26:34,1530,7.969360269360269
12:26:35,1530,7.969360269360269
12:26:36,1530,7.969360269360269
12:26:37,1530,7.969360269360269
12:26:38,1530,7.969360269360269
12:26:39,1531,7.969360269360269
12:26:40,1531,7.969360269360269
12:26:41,1532,7.969360269360269
12:26:42,1532,7.969360269360269
12:26:43,1532,7.969360269360269
12:26:44,1533,7.969360269360269
12:26:45,1533,7.971172795001201
12:26:46,1533,7.971172795001201
12:26:47,1534,7.971172795001201
12:26:48,1534,7.971172795001201
12:26:49,1534,7.971172795001201
12:26:50,1534,7.973943323727186
12:26:51,1535,7.973943323727186
12:26:52,1535,7.972534197264219
12:26:53,1535,7.972534197264219
12:26:54,1535,7.972534197264219
12:26:55,1536,7.972534197264219
12:26:56,1536,7.97121103117506
12:26:57,1536,7.97121103117506
12:26:58,1536,7.97121103117506
12:26:59,1537,7.972885214474
12:27:00,1537,7.972885214474
12:27:01,1538,7.972885214474
12:27:02,1539,7.973670977011494
12:27:03,1539,7.97673362027738
12:27:04,1539,7.97673362027738
12:27:05,1540,7.97673362027738
12:27:06,1540,7.97673362027738
12:27:07,1540,7.97673362027738
12:27:08,1541,7.9769892473118285
12:27:09,1542,7.979703915950335
12:27:10,1542,7.979703915950335
12:27:11,1542,7.984991648771176
12:27:12,1542,7.983464473056747
12:27:13,1543,7.983464473056747
12:27:14,1543,7.983464473056747
12:27:15,1544,7.983464473056747
12:27:16,1544,7.983523945675483
12:27:17,1544,7.983523945675483
12:27:18,1544,7.982202380952382
12:27:19,1545,7.982202380952382
12:27:20,1545,7.982202380952382
12:27:21,1545,7.981691648822269
12:27:22,1546,7.981691648822269
12:27:23,1546,7.981691648822269
12:27:24,1546,7.981691648822269
12:27:25,1547,7.981691648822269
12:27:26,1547,7.981691648822269
12:27:27,1547,7.981691648822269
12:27:28,1548,7.984224916785545
12:27:29,1548,7.984224916785545
12:27:30,1549,7.984224916785545
12:27:31,1549,7.988880969351389
12:27:32,1549,7.988880969351389
12:27:33,1550,7.988880969351389
12:27:34,1551,7.988880969351389
12:27:35,1551,7.988880969351389
12:27:36,1552,7.988880969351389
12:27:37,1552,7.988880969351389
12:27:38,1552,7.988880969351389
12:27:39,1553,7.988880969351389
12:27:40,1553,7.988880969351389
12:27:41,1553,7.987761158594492
12:27:42,1553,7.987761158594492
12:27:43,1555,7.987761158594492
12:27:44,1555,7.987425860023724
12:27:45,1555,7.98635609293504
12:27:46,1556,7.98635609293504
12:27:47,1556,7.986152570480929
12:27:48,1556,7.986152570480929
12:27:49,1558,7.9884588068181825
12:27:50,1558,7.9884588068181825
12:27:51,1558,7.9884588068181825
12:27:52,1559,7.9884588068181825
12:27:53,1559,7.989756328365271
12:27:54,1559,7.991820330969267
12:27:55,1560,7.991820330969267
12:27:56,1560,7.991820330969267
12:27:57,1560,7.991820330969267
12:27:58,1562,7.991820330969267
12:27:59,1562,7.994531065438223
12:28:00,1562,7.994531065438223
12:28:01,1564,7.994531065438223
12:28:02,1564,7.993212936732767
12:28:03,1564,7.993212936732767
12:28:04,1564,7.993212936732767
12:28:05,1566,7.993212936732767
12:28:06,1566,7.994550601556971
12:28:07,1566,7.994550601556971
12:28:08,1566,7.994550601556971
12:28:09,1567,7.995615275813296
12:28:10,1567,7.994970553592462
12:28:11,1567,7.994970553592462
12:28:12,1567,7.994970553592462
12:28:13,1569,7.994970553592462
12:28:14,1569,7.994970553592462
12:28:15,1569,7.994970553592462
12:28:16,1569,7.994970553592462
12:28:17,1570,7.994970553592462
12:28:18,1570,7.994970553592462
12:28:19,1570,7.994970553592462
12:28:20,1570,8.000011770244821
12:28:21,1570,8.000011770244821
12:28:22,1571,8.000011770244821
12:28:23,1571,8.000011770244821
12:28:24,1571,8.000011770244821
12:28:25,1571,8.002187720536345
12:28:26,1572,8.002187720536345
12:28:27,1572,7.999835448989186
12:28:28,1572,7.999835448989186
12:28:29,1572,7.999835448989186
12:28:30,1573,7.999835448989186
12:28:31,1573,7.9993774958891235
12:28:32,1573,7.9993774958891235
12:28:33,1573,7.9993774958891235
12:28:34,1573,7.9993774958891235
12:28:35,1573,7.9993774958891235
12:28:36,1573,7.9993774958891235
12:28:37,1573,7.998509389671361
12:28:38,1573,8.000973492845414
12:28:39,1573,8.000973492845414
12:28:40,1573,8.001875293014534
12:28:41,1573,8.001875293014534
12:28:42,1573,8.001875293014534
12:28:43,1573,8.001875293014534
12:28:44,1574,8.001875293014534
12:28:45,1575,8.003010072616538
12:28:46,1575,8.003010072616538
12:28:47,1576,8.003010072616538
12:28:48,1576,8.003010072616538
12:28:49,1576,8.003019662921348
12:28:50,1576,8.001543859649123
12:28:51,1576,8.001543859649123
12:28:52,1576,8.001543859649123
12:28:53,1576,8.001543859649123
12:28:54,1577,8.001543859649123
12:28:55,1577,8.002851799906498
12:28:56,1577,8.002851799906498
12:28:57,1577,8.002851799906498
12:28:58,1577,8.007131185807657
12:28:59,1577,8.007131185807657
12:29:00,1577,8.009377186843947
12:29:01,1577,8.009377186843947
12:29:02,1578,8.009377186843947
12:29:03,1578,8.009377186843947
12:29:04,1578,8.009014675052411
12:29:05,1578,8.009014675052411
12:29:06,1578,8.009014675052411
12:29:07,1578,8.008240223463687
12:29:08,1578,8.008240223463687
12:29:09,1578,8.006722493603164
12:29:10,1578,8.012203626220362
12:29:11,1578,8.012203626220362
12:29:12,1578,8.012203626220362
12:29:13,1578,8.012203626220362
12:29:14,1578,8.012203626220362
12:29:15,1578,8.012590011614401
12:29:16,1578,8.012590011614401
12:29:17,1579,8.011896471680593
12:29:18,1579,8.012120157736025
12:29:19,1579,8.012120157736025
12:29:20,1580,8.012120157736025
12:29:21,1581,8.012120157736025
12:29:22,1581,8.012120157736025
12:29:23,1581,8.012120157736025
12:29:24,1581,8.010732498840984
12:29:25,1582,8.014049108176975
12:29:26,1583,8.014049108176975
12:29:27,1583,8.014049108176975
12:29:28,1583,8.014049108176975
12:29:29,1583,8.014049108176975
12:29:30,1584,8.014049108176975
12:29:31,1584,8.015555555555556
12:29:32,1584,8.015555555555556
12:29:33,1585,8.015555555555556
12:29:34,1585,8.015555555555556
12:29:35,1585,8.015555555555556
12:29:36,1585,8.015555555555556
12:29:37,1585,8.01384455239417
12:29:38,1586,8.01384455239417
12:29:39,1586,8.01384455239417
12:29:40,1586,8.01384455239417
12:29:41,1586,8.01384455239417
12:29:42,1586,8.01384455239417
12:29:43,1586,8.01384455239417
12:29:44,1587,8.015926953305593
12:29:45,1587,8.015926953305593
12:29:46,1587,8.018907368907369
12:29:47,1587,8.018907368907369
12:29:48,1587,8.018907368907369
12:29:49,1587,8.022633887349953
12:29:50,1587,8.022633887349953
12:29:51,1587,8.022633887349953
12:29:52,1587,8.022633887349953
12:29:53,1587,8.022633887349953
12:29:54,1587,8.022633887349953
12:29:55,1588,8.022633887349953
12:29:56,1588,8.022633887349953
12:29:57,1588,8.02073817762399
12:29:58,1588,8.019121715076071
12:29:59,1588,8.019121715076071
12:30:00,1588,8.019121715076071
12:30:01,1588,8.019121715076071
12:30:02,1588,8.019121715076071
12:30:03,1588,8.019121715076071
12:30:04,1588,8.017622667588112
12:30:05,1588,8.017622667588112
12:30:06,1588,8.02262891344383
12:30:07,1588,8.02262891344383
12:30:08,1588,8.02262891344383
12:30:09,1588,8.02262891344383
12:30:10,1588,8.02262891344383
12:30:11,1588,8.02262891344383
12:30:12,1588,8.02262891344383
12:30:13,1588,8.021348056130664
12:30:14,1588,8.021348056130664
12:30:15,1588,8.021348056130664
12:30:16,1588,8.021348056130664
12:30:17,1589,8.021348056130664
12:30:18,1589,8.021348056130664
12:30:19,1589,8.022310344827586
12:30:20,1590,8.022310344827586
12:30:21,1591,8.026016540317023
12:30:22,1592,8.0268709825528
12:30:23,1592,8.029754530855701
12:30:24,1593,8.029754530855701
12:30:25,1593,8.027900045850528
12:30:26,1593,8.027900045850528
12:30:27,1593,8.027900045850528
12:30:28,1593,8.027900045850528
12:30:29,1593,8.027308132875143
12:30:30,1593,8.027308132875143
12:30:31,1593,8.025171703296703
12:30:32,1593,8.025171703296703
12:30:33,1593,8.025171703296703
12:30:34,1593,8.025171703296703
12:30:35,1593,8.025171703296703
12:30:36,1594,8.025171703296703
12:30:37,1594,8.025171703296703
12:30:38,1594,8.027064744909632
12:30:39,1594,8.027064744909632
12:30:40,1594,8.027064744909632
12:30:41,1595,8.027064744909632
12:30:42,1596,8.027064744909632
12:30:43,1596,8.027064744909632
12:30:44,1596,8.027064744909632
12:30:45,1596,8.027064744909632
12:30:46,1597,8.027064744909632
12:30:47,1597,8.027064744909632
12:30:48,1597,8.02948102423411
12:30:49,1597,8.02948102423411
12:30:50,1597,8.027644505368974
12:30:51,1598,8.027644505368974
12:30:52,1598,8.027644505368974
12:30:53,1598,8.027644505368974
12:30:54,1598,8.028527397260273
12:30:55,1599,8.028527397260273
12:30:56,1599,8.034176926584587
12:30:57,1599,8.034176926584587
12:30:58,1599,8.034176926584587
12:30:59,1599,8.034176926584587
12:31:00,1599,8.032661198450672
12:31:01,1600,8.032661198450672
12:31:02,1600,8.032661198450672
12:31:03,1600,8.034175774134791
12:31:04,1600,8.031888509670079
12:31:05,1600,8.031888509670079
12:31:06,1601,8.031888509670079
12:31:07,1602,8.031888509670079
12:31:08,1602,8.031888509670079
12:31:09,1603,8.031888509670079
12:31:10,1603,8.031888509670079
12:31:11,1604,8.031888509670079
12:31:12,1605,8.031888509670079
12:31:13,1605,8.033549340609367
12:31:14,1605,8.033549340609367
12:31:15,1605,8.033549340609367
12:31:16,1606,8.033549340609367
12:31:17,1606,8.033549340609367
12:31:18,1606,8.03134514882981
12:31:19,1608,8.03134514882981
12:31:20,1608,8.03134514882981
12:31:21,1608,8.02931425976385
12:31:22,1609,8.02931425976385
12:31:23,1609,8.030655774903563
12:31:24,1609,8.030655774903563
12:31:25,1609,8.030655774903563
12:31:26,1609,8.030655774903563
12:31:27,1609,8.030655774903563
12:31:28,1610,8.031303854875283
12:31:29,1610,8.031303854875283
12:31:30,1610,8.031303854875283
12:31:31,1611,8.031303854875283
12:31:32,1612,8.031303854875283
12:31:33,1612,8.031303854875283
12:31:34,1612,8.031303854875283
12:31:35,1613,8.031303854875283
12:31:36,1613,8.031303854875283
12:31:37,1613,8.031303854875283
12:31:38,1613,8.031303854875283
12:31:39,1613,8.031303854875283
12:31:40,1614,8.029707681849082
12:31:41,1614,8.032167119565218
12:31:42,1615,8.032167119565218
12:31:43,1615,8.032167119565218
12:31:44,1616,8.032167119565218
12:31:45,1616,8.0326544467074
12:31:46,1617,8.0326544467074
12:31:47,1618,8.0326544467074
12:31:48,1618,8.037807909604519
12:31:49,1619,8.037807909604519
12:31:50,1619,8.037807909604519
12:31:51,1620,8.035546522131888
12:31:52,1620,8.035546522131888
12:31:53,1620,8.035546522131888
12:31:54,1621,8.035546522131888
12:31:55,1621,8.035546522131888
12:31:56,1622,8.033096366508689
12:31:57,1623,8.036028416779432
12:31:58,1623,8.036028416779432
12:31:59,1624,8.040072120802344
12:32:00,1624,8.040072120802344
12:32:01,1624,8.040072120802344
12:32:02,1624,8.040072120802344
12:32:03,1624,8.040072120802344
12:32:04,1624,8.04204954954955
12:32:05,1624,8.04204954954955
12:32:06,1624,8.040862030159802
12:32:07,1624,8.040862030159802
12:32:08,1626,8.040862030159802
12:32:09,1626,8.040862030159802
12:32:10,1627,8.040862030159802
12:32:11,1627,8.039260008996852
12:32:12,1627,8.039260008996852
12:32:13,1628,8.039260008996852
12:32:14,1628,8.039260008996852
12:32:15,1628,8.039260008996852
12:32:16,1628,8.039260008996852
12:32:17,1628,8.041335131490223
12:32:18,1628,8.041335131490223
12:32:19,1630,8.041335131490223
12:32:20,1630,8.041335131490223
12:32:21,1630,8.041335131490223
12:32:22,1631,8.041335131490223
12:32:23,1631,8.041335131490223
12:32:24,1631,8.041335131490223
12:32:25,1631,8.041335131490223
12:32:26,1631,8.041335131490223
12:32:27,1631,8.041335131490223
12:32:28,1632,8.041335131490223
12:32:29,1632,8.041335131490223
12:32:30,1632,8.043643306379156
12:32:31,1633,8.043643306379156
12:32:32,1633,8.039872139973081
12:32:33,1635,8.039872139973081
12:32:34,1635,8.039872139973081
12:32:35,1636,8.040372113875813
12:32:36,1636,8.040372113875813
12:32:37,1637,8.045340501792115
12:32:38,1638,8.045119767181554
12:32:39,1638,8.045119767181554
12:32:40,1638,8.043501118568233
12:32:41,1638,8.043501118568233
12:32:42,1639,8.043501118568233
12:32:43,1639,8.043501118568233
12:32:44,1639,8.043501118568233
12:32:45,1639,8.041895819360608
12:32:46,1639,8.041895819360608
12:32:47,1639,8.041895819360608
12:32:48,1640,8.041895819360608
12:32:49,1640,8.041895819360608
12:32:50,1640,8.041895819360608
12:32:51,1640,8.041895819360608
12:32:52,1640,8.041895819360608
12:32:53,1640,8.042660857908848
12:32:54,1640,8.042660857908848
12:32:55,1640,8.04057825407457
12:32:56,1640,8.04057825407457
12:32:57,1641,8.04057825407457
12:32:58,1641,8.04057825407457
12:32:59,1641,8.04057825407457
12:33:00,1642,8.04057825407457
12:33:01,1642,8.04057825407457
12:33:02,1642,8.04057825407457
12:33:03,1643,8.04057825407457
12:33:04,1643,8.043005354752342
12:33:05,1644,8.043005354752342
12:33:06,1644,8.043005354752342
12:33:07,1644,8.043005354752342
12:33:08,1645,8.040546265328874
12:33:09,1645,8.04193404634581
12:33:10,1645,8.04193404634581
12:33:11,1645,8.04193404634581
12:33:12,1645,8.04193404634581
12:33:13,1645,8.04193404634581
12:33:14,1645,8.04193404634581
12:33:15,1645,8.04193404634581
12:33:16,1645,8.04193404634581
12:33:17,1645,8.040759296370519
12:33:18,1645,8.040759296370519
12:33:19,1645,8.040759296370519
12:33:20,1645,8.043602581219403
12:33:21,1645,8.043602581219403
12:33:22,1645,8.042817433844785
12:33:23,1645,8.042817433844785
12:33:24,1645,8.042522222222223
12:33:25,1645,8.042522222222223
12:33:26,1645,8.042522222222223
12:33:27,1645,8.042522222222223
12:33:28,1645,8.048890368397691
12:33:29,1645,8.048890368397691
12:33:30,1645,8.048890368397691
12:33:31,1645,8.048890368397691
12:33:32,1646,8.048890368397691
12:33:33,1647,8.048890368397691
12:33:34,1647,8.048890368397691
12:33:35,1647,8.047693501885119
12:33:36,1647,8.047693501885119
12:33:37,1647,8.047693501885119
12:33:38,1648,8.047693501885119
12:33:39,1648,8.047693501885119
12:33:40,1648,8.047693501885119
12:33:41,1648,8.047693501885119
12:33:42,1649,8.047693501885119
12:33:43,1649,8.046121453900708
12:33:44,1649,8.046121453900708
12:33:45,1651,8.046666666666667
12:33:46,1651,8.046666666666667
12:33:47,1652,8.052667109340415
12:33:48,1653,8.052667109340415
12:33:49,1654,8.052667109340415
12:33:50,1654,8.052667109340415
12:33:51,1655,8.052667109340415
12:33:52,1655,8.052667109340415
12:33:53,1655,8.052667109340415
12:33:54,1655,8.05482194204822
12:33:55,1656,8.05482194204822
12:33:56,1656,8.05482194204822
12:33:57,1657,8.05482194204822
12:33:58,1657,8.05482194204822
12:33:59,1657,8.05482194204822
12:34:00,1657,8.05482194204822
12:34:01,1657,8.05482194204822
12:34:02,1657,8.05482194204822
12:34:03,1657,8.05482194204822
12:34:04,1657,8.05482194204822
12:34:05,1657,8.05482194204822
12:34:06,1657,8.05482194204822
12:34:07,1658,8.05482194204822
12:34:08,1658,8.05482194204822
12:34:09,1658,8.05381299734748
12:34:10,1658,8.056836757234372
12:34:11,1659,8.056836757234372
12:34:12,1659,8.055783664459161
12:34:13,1659,8.0530443414957
12:34:14,1659,8.0530443414957
12:34:15,1659,8.05546737213404
12:34:16,1660,8.05546737213404
12:34:17,1661,8.055309539546155
12:34:18,1661,8.052256715103479
12:34:19,1661,8.052662266226623
12:34:20,1661,8.052662266226623
12:34:21,1662,8.052662266226623
12:34:22,1662,8.052662266226623
12:34:23,1662,8.052662266226623
12:34:24,1663,8.052662266226623
12:34:25,1663,8.052662266226623
12:34:26,1664,8.052662266226623
12:34:27,1664,8.052662266226623
12:34:28,1665,8.054617414248021
12:34:29,1665,8.054617414248021
12:34:30,1665,8.05862977602108
12:34:31,1665,8.05862977602108
12:34:32,1666,8.05862977602108
12:34:33,1666,8.05862977602108
12:34:34,1666,8.05862977602108
12:34:35,1668,8.05862977602108
12:34:36,1668,8.05862977602108
12:34:37,1668,8.05862977602108
12:34:38,1668,8.05862977602108
12:34:39,1668,8.058492429229757
12:34:40,1668,8.058492429229757
12:34:41,1668,8.058492429229757
12:34:42,1668,8.057576754385964
12:34:43,1668,8.057576754385964
12:34:44,1668,8.059905763751917
12:34:45,1670,8.059905763751917
12:34:46,1670,8.059905763751917
12:34:47,1670,8.059905763751917
12:34:48,1671,8.059905763751917
12:34:49,1671,8.066710439921208
12:34:50,1671,8.066710439921208
12:34:51,1671,8.066710439921208
12:34:52,1671,8.066863517060368
12:34:53,1671,8.066863517060368
12:34:54,1671,8.066863517060368
12:34:55,1671,8.065169398907104
12:34:56,1672,8.065169398907104
12:34:57,1672,8.065169398907104
12:34:58,1672,8.065169398907104
12:34:59,1672,8.065169398907104
12:35:00,1672,8.065169398907104
12:35:01,1672,8.067201834862384
12:35:02,1672,8.067201834862384
12:35:03,1673,8.067201834862384
12:35:04,1674,8.0654777486911
12:35:05,1674,8.0654777486911
12:35:06,1674,8.0654777486911
12:35:07,1675,8.067495094833225
12:35:08,1675,8.06628540305011
12:35:09,1676,8.06628540305011
12:35:10,1676,8.06628540305011
12:35:11,1676,8.06628540305011
12:35:12,1677,8.06628540305011
12:35:13,1678,8.067004136729805
12:35:14,1678,8.067004136729805
12:35:15,1679,8.067004136729805
12:35:16,1679,8.067004136729805
12:35:17,1679,8.067004136729805
12:35:18,1679,8.067004136729805
12:35:19,1680,8.067004136729805
12:35:20,1680,8.067004136729805
12:35:21,1680,8.067885117493473
12:35:22,1680,8.067885117493473
12:35:23,1680,8.073809523809524
12:35:24,1681,8.074109083007388
12:35:25,1681,8.074109083007388
12:35:26,1681,8.074109083007388
12:35:27,1682,8.074109083007388
12:35:28,1682,8.074109083007388
12:35:29,1682,8.074109083007388
12:35:30,1682,8.074109083007388
12:35:31,1682,8.07340933767644
12:35:32,1682,8.07340933767644
12:35:33,1682,8.07340933767644
12:35:34,1682,8.07340933767644
12:35:35,1682,8.07340933767644
12:35:36,1682,8.075716145833333
12:35:37,1682,8.075716145833333
12:35:38,1682,8.075716145833333
12:35:39,1682,8.07591628713945
12:35:40,1682,8.07591628713945
12:35:41,1682,8.07591628713945
12:35:42,1683,8.076289553532726
12:35:43,1683,8.076289553532726
12:35:44,1683,8.076289553532726
12:35:45,1684,8.076289553532726
12:35:46,1684,8.076289553532726
12:35:47,1684,8.076289553532726
12:35:48,1684,8.076289553532726
12:35:49,1684,8.076289553532726
12:35:50,1684,8.076289553532726
12:35:51,1685,8.076289553532726
12:35:52,1685,8.076289553532726
12:35:53,1685,8.076289553532726
12:35:54,1685,8.073879142300195
12:35:55,1685,8.073879142300195
12:35:56,1685,8.073879142300195
12:35:57,1686,8.072034632034633
12:35:58,1686,8.072034632034633
12:35:59,1686,8.072034632034633
12:36:00,1687,8.072034632034633
12:36:01,1688,8.072034632034633
12:36:02,1688,8.072034632034633
12:36:03,1688,8.072031148604802
12:36:04,1688,8.072031148604802
12:36:05,1689,8.070341547773454
12:36:06,1689,8.070341547773454
12:36:07,1689,8.070341547773454
12:36:08,1689,8.070341547773454
12:36:09,1689,8.070341547773454
12:36:10,1689,8.071862173255562
12:36:11,1689,8.071862173255562
12:36:12,1689,8.071862173255562
12:36:13,1689,8.078529792746114
12:36:14,1690,8.079169363538295
12:36:15,1691,8.079169363538295
12:36:16,1691,8.079169363538295
12:36:17,1691,8.079667960327727
12:36:18,1692,8.079667960327727
12:36:19,1693,8.079667960327727
12:36:20,1693,8.077580262874381
12:36:21,1693,8.077580262874381
12:36:22,1694,8.077580262874381
12:36:23,1694,8.077580262874381
12:36:24,1694,8.080630921619294
12:36:25,1694,8.080630921619294
12:36:26,1694,8.081880783301054
12:36:27,1694,8.081880783301054
12:36:28,1695,8.081880783301054
12:36:29,1695,8.083204301075268
12:36:30,1696,8.083204301075268
12:36:31,1696,8.083204301075268
12:36:32,1697,8.083204301075268
12:36:33,1698,8.081485063399958
12:36:34,1698,8.081485063399958
12:36:35,1699,8.081485063399958
12:36:36,1699,8.081485063399958
12:36:37,1699,8.081485063399958
12:36:38,1699,8.081485063399958
12:36:39,1699,8.081485063399958
12:36:40,1699,8.079800257731959
12:36:41,1701,8.079800257731959
12:36:42,1701,8.079800257731959
12:36:43,1701,8.079800257731959
12:36:44,1701,8.081680618158403
12:36:45,1701,8.081680618158403
12:36:46,1701,8.081680618158403
12:36:47,1701,8.07981552981553
12:36:48,1701,8.080557341907824
12:36:49,1701,8.080557341907824
12:36:50,1701,8.080557341907824
12:36:51,1701,8.080557341907824
12:36:52,1701,8.080557341907824
12:36:53,1701,8.080194944301628
12:36:54,1701,8.080194944301628
12:36:55,1701,8.080194944301628
12:36:56,1701,8.080194944301628
12:36:57,1701,8.080194944301628
12:36:58,1701,8.080194944301628
12:36:59,1701,8.080194944301628
12:37:00,1701,8.080194944301628
12:37:01,1701,8.080194944301628
12:37:02,1701,8.081642046670948
12:37:03,1701,8.081642046670948
12:37:04,1701,8.081642046670948
12:37:05,1701,8.082135216089004
12:37:06,1701,8.082135216089004
12:37:07,1702,8.082135216089004
12:37:08,1702,8.082135216089004
12:37:09,1702,8.082135216089004
12:37:10,1704,8.082135216089004
12:37:11,1704,8.082135216089004
12:37:12,1704,8.082135216089004
12:37:13,1704,8.082135216089004
12:37:14,1705,8.082135216089004
12:37:15,1705,8.082135216089004
12:37:16,1705,8.084306179174684
12:37:17,1705,8.089626068376068
12:37:18,1708,8.091308989963698
12:37:19,1708,8.091261203585146
12:37:20,1708,8.091261203585146
12:37:21,1709,8.092279803796119
12:37:22,1709,8.092279803796119
12:37:23,1709,8.090451832907075
12:37:24,1709,8.091427050053248
12:37:25,1709,8.091427050053248
12:37:26,1709,8.091427050053248
12:37:27,1709,8.089793529161346
12:37:28,1709,8.089151244416081
12:37:29,1709,8.089151244416081
12:37:30,1709,8.086137667304016
12:37:31,1709,8.086137667304016
12:37:32,1709,8.086137667304016
12:37:33,1709,8.086137667304016
12:37:34,1709,8.086137667304016
12:37:35,1709,8.086137667304016
12:37:36,1709,8.086137667304016
12:37:37,1710,8.087791932059448
12:37:38,1710,8.087916401442818
12:37:39,1710,8.087916401442818
12:37:40,1710,8.087916401442818
12:37:41,1710,8.087916401442818
12:37:42,1710,8.087916401442818
12:37:43,1710,8.087916401442818
12:37:44,1710,8.087916401442818
12:37:45,1710,8.087916401442818
12:37:46,1710,8.087916401442818
12:37:47,1710,8.087916401442818
12:37:48,1710,8.086100508905853
12:37:49,1710,8.086100508905853
12:37:50,1710,8.084753125662216
12:37:51,1710,8.084753125662216
12:37:52,1710,8.084753125662216
12:37:53,1710,8.084753125662216
12:37:54,1710,8.084753125662216
12:37:55,1710,8.084753125662216
12:37:56,1710,8.084753125662216
12:37:57,1710,8.084753125662216
12:37:58,1710,8.084753125662216
12:37:59,1711,8.084753125662216
12:38:00,1711,8.084753125662216
12:38:01,1711,8.084753125662216
12:38:02,1712,8.084753125662216
12:38:03,1712,8.084753125662216
12:38:04,1712,8.084753125662216
12:38:05,1713,8.086869970351547
12:38:06,1714,8.086869970351547
12:38:07,1714,8.0914551607445
12:38:08,1714,8.0914551607445
12:38:09,1714,8.0914551607445
12:38:10,1715,8.09262312407525
12:38:11,1715,8.091001267427123
12:38:12,1715,8.091001267427123
12:38:13,1716,8.091001267427123
12:38:14,1716,8.091249736119908
12:38:15,1716,8.091249736119908
12:38:16,1716,8.091249736119908
12:38:17,1716,8.091249736119908
12:38:18,1716,8.091249736119908
12:38:19,1716,8.091249736119908
12:38:20,1716,8.089799578059072
12:38:21,1717,8.091714104996838
12:38:22,1717,8.08964391066161
12:38:23,1717,8.08964391066161
12:38:24,1717,8.08964391066161
12:38:25,1718,8.093746051800379
12:38:26,1718,8.093746051800379
12:38:27,1718,8.093746051800379
12:38:28,1718,8.093746051800379
12:38:29,1718,8.093746051800379
12:38:30,1718,8.093746051800379
12:38:31,1718,8.093746051800379
12:38:32,1718,8.093746051800379
12:38:33,1718,8.093746051800379
12:38:34,1718,8.095117845117846
12:38:35,1718,8.095117845117846
12:38:36,1719,8.095117845117846
12:38:37,1719,8.095117845117846
12:38:38,1719,8.095117845117846
12:38:39,1719,8.093070452155626
12:38:40,1720,8.093070452155626
12:38:41,1720,8.093070452155626
12:38:42,1720,8.096048759983185
12:38:43,1720,8.096048759983185
12:38:44,1720,8.095610165931527
12:38:45,1720,8.095610165931527
12:38:46,1720,8.095610165931527
12:38:47,1720,8.095610165931527
12:38:48,1720,8.095610165931527
12:38:49,1720,8.095610165931527
12:38:50,1720,8.095610165931527
12:38:51,1720,8.095610165931527
12:38:52,1720,8.095610165931527
12:38:53,1721,8.095610165931527
12:38:54,1722,8.094133081444165
12:38:55,1722,8.094133081444165
12:38:56,1723,8.094133081444165
12:38:57,1724,8.09625550660793
12:38:58,1725,8.09625550660793
12:38:59,1726,8.094570230607966
12:39:00,1726,8.094570230607966
12:39:01,1727,8.094570230607966
12:39:02,1727,8.094039388225434
12:39:03,1727,8.094039388225434
12:39:04,1728,8.094039388225434
12:39:05,1728,8.094039388225434
12:39:06,1729,8.094039388225434
12:39:07,1730,8.095278475711892
12:39:08,1730,8.095278475711892
12:39:09,1730,8.095278475711892
12:39:10,1731,8.095278475711892
12:39:11,1732,8.093168026783847
12:39:12,1732,8.095503973232956
12:39:13,1733,8.095503973232956
12:39:14,1734,8.093521421107628
12:39:15,1734,8.097514619883041
12:39:16,1736,8.09957211438113
12:39:17,1736,8.09957211438113
12:39:18,1736,8.100625782227786
12:39:19,1737,8.100625782227786
12:39:20,1738,8.1
12:39:21,1738,8.1
12:39:22,1739,8.10053125
12:39:23,1739,8.10053125
12:39:24,1740,8.10053125
12:39:25,1740,8.10053125
12:39:26,1740,8.10053125
12:39:27,1740,8.10053125
12:39:28,1742,8.10053125
12:39:29,1742,8.098167811784302
12:39:30,1742,8.098167811784302
12:39:31,1742,8.098167811784302
12:39:32,1743,8.098167811784302
12:39:33,1743,8.098167811784302
12:39:34,1743,8.098167811784302
12:39:35,1744,8.098167811784302
12:39:36,1744,8.098167811784302
12:39:37,1744,8.098167811784302
12:39:38,1744,8.098167811784302
12:39:39,1744,8.098167811784302
12:39:40,1744,8.10165418227216
12:39:41,1745,8.10165418227216
12:39:42,1745,8.100031191515907
12:39:43,1745,8.100031191515907
12:39:44,1746,8.100031191515907
12:39:45,1746,8.097339983374896
12:39:46,1746,8.097339983374896
12:39:47,1746,8.097339983374896
12:39:48,1747,8.097339983374896
12:39:49,1747,8.094330218068537
12:39:50,1747,8.09659609796596
12:39:51,1747,8.09659609796596
12:39:52,1747,8.09659609796596
12:39:53,1747,8.098713959759387
12:39:54,1747,8.098713959759387
12:39:55,1747,8.098713959759387
12:39:56,1747,8.098713959759387
12:39:57,1747,8.098713959759387
12:39:58,1747,8.098713959759387
12:39:59,1747,8.098713959759387
12:40:00,1747,8.098713959759387
12:40:01,1747,8.098713959759387
12:40:02,1748,8.0985187487052
12:40:03,1748,8.0985187487052
12:40:04,1748,8.0985187487052
12:40:05,1749,8.09787784679089
12:40:06,1749,8.09787784679089
12:40:07,1749,8.10177943306435
12:40:08,1750,8.10140612076096
12:40:09,1750,8.10140612076096
12:40:10,1750,8.102469518495557
12:40:11,1750,8.103800082610492
12:40:12,1750,8.103800082610492
12:40:13,1750,8.103800082610492
12:40:14,1750,8.103800082610492
12:40:15,1750,8.103800082610492
12:40:16,1751,8.103800082610492
12:40:17,1751,8.103800082610492
12:40:18,1752,8.102600619195046
12:40:19,1752,8.102600619195046
12:40:20,1753,8.102600619195046
12:40:21,1753,8.102600619195046
12:40:22,1754,8.102600619195046
12:40:23,1754,8.102600619195046
12:40:24,1754,8.102600619195046
12:40:25,1754,8.102600619195046
12:40:26,1755,8.102600619195046
12:40:27,1756,8.102600619195046
12:40:28,1756,8.102600619195046
12:40:29,1756,8.102600619195046
12:40:30,1757,8.105259900990099
12:40:31,1757,8.105259900990099
12:40:32,1757,8.105259900990099
12:40:33,1757,8.102719406674908
12:40:34,1757,8.102719406674908
12:40:35,1758,8.102719406674908
12:40:36,1758,8.102719406674908
12:40:37,1758,8.102719406674908
12:40:38,1758,8.102719406674908
12:40:39,1759,8.102719406674908
12:40:40,1759,8.102719406674908
12:40:41,1759,8.102719406674908
12:40:42,1761,8.102719406674908
12:40:43,1761,8.103786008230452
12:40:44,1761,8.103786008230452
12:40:45,1763,8.103786008230452
12:40:46,1764,8.105768044417026
12:40:47,1764,8.105768044417026
12:40:48,1765,8.105768044417026
12:40:49,1765,8.108892996508523
12:40:50,1765,8.108892996508523
12:40:51,1766,8.107861247947456
12:40:52,1766,8.107861247947456
12:40:53,1766,8.110697435897436
12:40:54,1766,8.110697435897436
12:40:55,1766,8.110697435897436
12:40:56,1767,8.110697435897436
12:40:57,1767,8.110697435897436
12:40:58,1768,8.110721607216073
12:40:59,1768,8.110141364474494
12:41:00,1768,8.110141364474494
12:41:01,1768,8.114690827190827
12:41:02,1769,8.114690827190827
12:41:03,1769,8.114690827190827
12:41:04,1769,8.114690827190827
12:41:05,1769,8.114690827190827
12:41:06,1770,8.115889093513402
12:41:07,1770,8.114621676891614
12:41:08,1770,8.114621676891614
12:41:09,1771,8.113529531984467
12:41:10,1771,8.113529531984467
12:41:11,1771,8.113529531984467
12:41:12,1772,8.113529531984467
12:41:13,1772,8.113529531984467
12:41:14,1773,8.113529531984467
12:41:15,1773,8.113529531984467
12:41:16,1773,8.113529531984467
12:41:17,1774,8.113529531984467
12:41:18,1774,8.114767156862746
12:41:19,1774,8.114767156862746
12:41:20,1774,8.114767156862746
12:41:21,1775,8.114767156862746
12:41:22,1775,8.114767156862746
12:41:23,1775,8.114767156862746
12:41:24,1776,8.114767156862746
12:41:25,1776,8.114767156862746
12:41:26,1776,8.114767156862746
12:41:27,1776,8.114767156862746
12:41:28,1776,8.114767156862746
12:41:29,1777,8.114767156862746
12:41:30,1777,8.114767156862746
12:41:31,1777,8.114767156862746
12:41:32,1777,8.112186160440906
12:41:33,1777,8.113810689514484
12:41:34,1777,8.11361875637105
12:41:35,1777,8.11361875637105
12:41:36,1777,8.11361875637105
12:41:37,1777,8.11361875637105
12:41:38,1777,8.11361875637105
12:41:39,1777,8.11361875637105
12:41:40,1778,8.11361875637105
12:41:41,1778,8.112540749796251
12:41:42,1778,8.112540749796251
12:41:43,1779,8.115689268987985
12:41:44,1779,8.115689268987985
12:41:45,1779,8.115689268987985
12:41:46,1779,8.115689268987985
12:41:47,1780,8.115689268987985
12:41:48,1780,8.119413919413919
12:41:49,1780,8.119413919413919
12:41:50,1780,8.120896888346554
12:41:51,1780,8.120896888346554
12:41:52,1780,8.122134146341462
12:41:53,1780,8.12255738370912
12:41:54,1780,8.12255738370912
12:41:55,1780,8.120493300852619
12:41:56,1780,8.120493300852619
12:41:57,1780,8.11964901602759
12:41:58,1780,8.11964901602759
12:41:59,1780,8.11964901602759
12:42:00,1780,8.118065693430657
12:42:01,1780,8.116362715298886
12:42:02,1780,8.116362715298886
12:42:03,1780,8.116362715298886
12:42:04,1780,8.116362715298886
12:42:05,1780,8.116362715298886
12:42:06,1780,8.116362715298886
12:42:07,1781,8.116362715298886
12:42:08,1781,8.116362715298886
12:42:09,1783,8.116362715298886
12:42:10,1783,8.116362715298886
12:42:11,1783,8.117638720129607
12:42:12,1783,8.117638720129607
12:42:13,1784,8.115199352357823
12:42:14,1784,8.116585760517799
12:42:15,1784,8.116585760517799
12:42:16,1785,8.116585760517799
12:42:17,1785,8.116585760517799
12:42:18,1786,8.116585760517799
12:42:19,1786,8.116585760517799
12:42:20,1786,8.116585760517799
12:42:21,1787,8.116585760517799
12:42:22,1788,8.116080452799677
12:42:23,1788,8.117727272727272
12:42:24,1789,8.117727272727272
12:42:25,1789,8.117727272727272
12:42:26,1790,8.117727272727272
12:42:27,1790,8.117727272727272
12:42:28,1790,8.117727272727272
12:42:29,1791,8.117727272727272
12:42:30,1791,8.117727272727272
12:42:31,1791,8.117727272727272
12:42:32,1792,8.11660609731476
12:42:33,1792,8.11660609731476
12:42:34,1792,8.11660609731476
12:42:35,1792,8.11660609731476
12:42:36,1793,8.11660609731476
12:42:37,1794,8.115778853914447
12:42:38,1794,8.115778853914447
12:42:39,1794,8.119893123613632
12:42:40,1794,8.121584038694074
12:42:41,1796,8.121584038694074
12:42:42,1796,8.118922457200403
12:42:43,1796,8.118922457200403
12:42:44,1796,8.118922457200403
12:42:45,1796,8.118922457200403
12:42:46,1797,8.118922457200403
12:42:47,1797,8.122000805152979
12:42:48,1797,8.123415811707906
12:42:49,1798,8.123415811707906
12:42:50,1798,8.123415811707906
12:42:51,1798,8.123415811707906
12:42:52,1799,8.123415811707906
12:42:53,1799,8.123415811707906
12:42:54,1800,8.123415811707906
12:42:55,1800,8.123415811707906
12:42:56,1801,8.123415811707906
12:42:57,1801,8.123954563731404
12:42:58,1802,8.123954563731404
12:42:59,1802,8.125095439019491
12:43:00,1802,8.125095439019491
12:43:01,1802,8.125095439019491
12:43:02,1802,8.125095439019491
12:43:03,1803,8.125095439019491
12:43:04,1803,8.126435742971887
12:43:05,1803,8.126435742971887
12:43:06,1803,8.125476620509733
12:43:07,1803,8.125476620509733
12:43:08,1803,8.125476620509733
12:43:09,1803,8.125476620509733
12:43:10,1803,8.125476620509733
12:43:11,1803,8.127507019655035
12:43:12,1803,8.127507019655035
12:43:13,1805,8.127507019655035
12:43:14,1805,8.125185407897375
12:43:15,1805,8.125185407897375
12:43:16,1805,8.125185407897375
12:43:17,1805,8.125185407897375
12:43:18,1805,8.125185407897375
12:43:19,1805,8.125185407897375
12:43:20,1805,8.123998397435898
12:43:21,1805,8.123998397435898
12:43:22,1805,8.126346346346347
12:43:23,1805,8.126346346346347
12:43:24,1805,8.126346346346347
12:43:25,1805,8.126346346346347
12:43:26,1805,8.129311724689876
12:43:27,1805,8.129311724689876
12:43:28,1805,8.129311724689876
12:43:29,1805,8.129311724689876
12:43:30,1806,8.129506394884093
12:43:31,1806,8.129506394884093
12:43:32,1806,8.130367485520273
12:43:33,1807,8.12807385229541
12:43:34,1807,8.128645521643726
12:43:35,1807,8.126295853269538
12:43:36,1807,8.126295853269538
12:43:37,1807,8.126828053397091
12:43:38,1807,8.126828053397091
12:43:39,1807,8.123094527363184
12:43:40,1807,8.123094527363184
12:43:41,1808,8.125338106603023
12:43:42,1808,8.125338106603023
12:43:43,1809,8.125338106603023
12:43:44,1809,8.125338106603023
12:43:45,1810,8.125338106603023
12:43:46,1810,8.125338106603023
12:43:47,1812,8.125338106603023
12:43:48,1812,8.125338106603023
12:43:49,1812,8.125338106603023
12:43:50,1813,8.125338106603023
12:43:51,1814,8.125338106603023
12:43:52,1814,8.125338106603023
12:43:53,1814,8.125338106603023
12:43:54,1815,8.125338106603023
12:43:55,1816,8.125338106603023
12:43:56,1817,8.125338106603023
12:43:57,1817,8.125338106603023
12:43:58,1817,8.125338106603023
12:43:59,1817,8.125338106603023
12:44:00,1818,8.125338106603023
12:44:01,1818,8.125338106603023
12:44:02,1818,8.125338106603023
12:44:03,1818,8.125338106603023
12:44:04,1818,8.12581991651759
12:44:05,1818,8.12581991651759
12:44:06,1818,8.12581991651759
12:44:07,1818,8.12581991651759
12:44:08,1818,8.12367898291617
12:44:09,1818,8.12367898291617
12:44:10,1818,8.12251340083383
12:44:11,1818,8.12251340083383
12:44:12,1818,8.12032738095238
12:44:13,1818,8.12032738095238
12:44:14,1818,8.12032738095238
12:44:15,1818,8.12032738095238
12:44:16,1818,8.126234384295064
12:44:17,1819,8.126234384295064
12:44:18,1819,8.126234384295064
12:44:19,1819,8.127744748315498
12:44:20,1819,8.127744748315498
12:44:21,1819,8.127744748315498
12:44:22,1819,8.127276326207443
12:44:23,1820,8.127276326207443
12:44:24,1820,8.127276326207443
12:44:25,1820,8.127276326207443
12:44:26,1821,8.129861523244312
12:44:27,1821,8.129861523244312
12:44:28,1821,8.127659153815737
12:44:29,1821,8.127659153815737
12:44:30,1822,8.127659153815737
12:44:31,1822,8.127659153815737
12:44:32,1822,8.127659153815737
12:44:33,1823,8.127659153815737
12:44:34,1823,8.126516498715668
12:44:35,1823,8.126516498715668
12:44:36,1824,8.126516498715668
12:44:37,1824,8.126516498715668
12:44:38,1824,8.126516498715668
12:44:39,1824,8.127261058451817
12:44:40,1824,8.127261058451817
12:44:41,1824,8.128606670613776
12:44:42,1824,8.128606670613776
12:44:43,1825,8.128606670613776
12:44:44,1825,8.128606670613776
12:44:45,1825,8.128606670613776
12:44:46,1825,8.130700197238658
12:44:47,1825,8.128513699980287
12:44:48,1825,8.128513699980287
12:44:49,1826,8.128513699980287
12:44:50,1826,8.128513699980287
12:44:51,1827,8.128513699980287
12:44:52,1827,8.128513699980287
12:44:53,1827,8.128513699980287
12:44:54,1827,8.13122537431048
12:44:55,1827,8.13122537431048
12:44:56,1827,8.13122537431048
12:44:57,1827,8.129887773183698
12:44:58,1827,8.129887773183698
12:44:59,1827,8.128414010232193
12:45:00,1827,8.128414010232193
12:45:01,1827,8.128414010232193
12:45:02,1827,8.128414010232193
12:45:03,1827,8.128414010232193
12:45:04,1827,8.126047197640117
12:45:05,1827,8.126047197640117
12:45:06,1827,8.126047197640117
12:45:07,1827,8.13090605345912
12:45:08,1827,8.13090605345912
12:45:09,1827,8.13090605345912
12:45:10,1827,8.13090605345912
12:45:11,1827,8.132252995482224
12:45:12,1827,8.132252995482224
12:45:13,1827,8.13269532783667
12:45:14,1827,8.13269532783667
12:45:15,1827,8.133333333333333
12:45:16,1827,8.133333333333333
12:45:17,1827,8.133333333333333
12:45:18,1827,8.13136274509804
12:45:19,1827,8.13136274509804
12:45:20,1827,8.13136274509804
12:45:21,1827,8.13136274509804
12:45:22,1827,8.13136274509804
12:45:23,1827,8.130227317264355
12:45:24,1827,8.130227317264355
12:45:25,1827,8.130227317264355
12:45:26,1827,8.130227317264355
12:45:27,1827,8.130227317264355
12:45:28,1828,8.130227317264355
12:45:29,1828,8.130553924447053
12:45:30,1828,8.130553924447053
12:45:31,1828,8.130553924447053
12:45:32,1828,8.12920579029734
12:45:33,1828,8.13088954056696
12:45:34,1828,8.13088954056696
12:45:35,1830,8.13088954056696
12:45:36,1830,8.13088954056696
12:45:37,1830,8.13088954056696
12:45:38,1830,8.13088954056696
12:45:39,1830,8.13088954056696
12:45:40,1830,8.13088954056696
12:45:41,1830,8.13088954056696
12:45:42,1830,8.13088954056696
12:45:43,1830,8.13088954056696
12:45:44,1831,8.13088954056696
12:45:45,1832,8.13088954056696
12:45:46,1832,8.13088954056696
12:45:47,1832,8.13088954056696
12:45:48,1832,8.131565064478313
12:45:49,1832,8.131565064478313
12:45:50,1832,8.130033196641282
12:45:51,1832,8.130033196641282
12:45:52,1833,8.12828844652615
12:45:53,1833,8.126262921786621
12:45:54,1833,8.126262921786621
12:45:55,1834,8.126262921786621
12:45:56,1834,8.126262921786621
12:45:57,1834,8.126262921786621
12:45:58,1835,8.126262921786621
12:45:59,1835,8.126262921786621
12:46:00,1836,8.126262921786621
12:46:01,1837,8.126262921786621
12:46:02,1837,8.127027290448343
12:46:03,1838,8.128492109877264
12:46:04,1839,8.129439252336448
12:46:05,1839,8.129439252336448
12:46:06,1839,8.129439252336448
12:46:07,1840,8.129439252336448
12:46:08,1840,8.131903928432516
12:46:09,1841,8.131903928432516
12:46:10,1841,8.131903928432516
12:46:11,1842,8.131903928432516
12:46:12,1842,8.131903928432516
12:46:13,1842,8.131903928432516
12:46:14,1843,8.131903928432516
12:46:15,1843,8.131903928432516
12:46:16,1843,8.131903928432516
12:46:17,1843,8.131903928432516
12:46:18,1843,8.131903928432516
12:46:19,1844,8.132410106899902
12:46:20,1844,8.131099456099456
12:46:21,1844,8.131099456099456
12:46:22,1844,8.131099456099456
12:46:23,1844,8.131099456099456
12:46:24,1844,8.131099456099456
12:46:25,1844,8.13324597165599
12:46:26,1845,8.13324597165599
12:46:27,1845,8.13324597165599
12:46:28,1845,8.13324597165599
12:46:29,1845,8.13324597165599
12:46:30,1846,8.13324597165599
12:46:31,1846,8.13324597165599
12:46:32,1846,8.13324597165599
12:46:33,1847,8.133352735739232
12:46:34,1847,8.133352735739232
12:46:35,1847,8.133352735739232
12:46:36,1848,8.133352735739232
12:46:37,1848,8.133352735739232
12:46:38,1848,8.13704673259647
12:46:39,1849,8.13704673259647
12:46:40,1849,8.13704673259647
12:46:41,1849,8.132849118729421
12:46:42,1850,8.130758807588077
12:46:43,1850,8.130758807588077
12:46:44,1850,8.130758807588077
12:46:45,1850,8.130758807588077
12:46:46,1850,8.130758807588077
12:46:47,1850,8.130758807588077
12:46:48,1850,8.130758807588077
12:46:49,1850,8.130758807588077
12:46:50,1850,8.130758807588077
12:46:51,1850,8.130758807588077
12:46:52,1850,8.130758807588077
12:46:53,1850,8.132491777906752
12:46:54,1850,8.132491777906752
12:46:55,1850,8.132491777906752
12:46:56,1850,8.132491777906752
12:46:57,1850,8.134908212560386
12:46:58,1850,8.134908212560386
12:46:59,1850,8.134908212560386
12:47:00,1850,8.132724990343762
12:47:01,1851,8.132724990343762
12:47:02,1851,8.132724990343762
12:47:03,1851,8.132724990343762
12:47:04,1851,8.132724990343762
12:47:05,1851,8.132724990343762
12:47:06,1851,8.132724990343762
12:47:07,1851,8.134384645061727
12:47:08,1852,8.134384645061727
12:47:09,1852,8.134384645061727
12:47:10,1852,8.134384645061727
12:47:11,1852,8.134384645061727
12:47:12,1852,8.134384645061727
12:47:13,1852,8.134384645061727
12:47:14,1852,8.134384645061727
12:47:15,1852,8.134384645061727
12:47:16,1852,8.132485058800848
12:47:17,1852,8.132485058800848
12:47:18,1852,8.134479768786127
12:47:19,1853,8.134479768786127
12:47:20,1853,8.134479768786127
12:47:21,1853,8.134479768786127
12:47:22,1853,8.134796841902562
12:47:23,1853,8.134796841902562
12:47:24,1854,8.134796841902562
12:47:25,1854,8.134796841902562
12:47:26,1855,8.133669936526255
12:47:27,1856,8.133669936526255
12:47:28,1856,8.133669936526255
12:47:29,1856,8.135592079969243
12:47:30,1857,8.135592079969243
12:47:31,1857,8.134265129682998
12:47:32,1858,8.134265129682998
12:47:33,1858,8.134265129682998
12:47:34,1858,8.134265129682998
12:47:35,1858,8.134265129682998
12:47:36,1858,8.134265129682998
12:47:37,1858,8.134265129682998
12:47:38,1859,8.134265129682998
12:47:39,1859,8.134265129682998
12:47:40,1859,8.134265129682998
12:47:41,1859,8.134265129682998
12:47:42,1859,8.134917434715822
12:47:43,1859,8.134917434715822
12:47:44,1860,8.134917434715822
12:47:45,1860,8.134801381692574
12:47:46,1860,8.133592251630226
12:47:47,1861,8.13372627947096
12:47:48,1861,8.13372627947096
12:47:49,1861,8.1377969348659
12:47:50,1861,8.135602144361478
12:47:51,1861,8.135602144361478
12:47:52,1863,8.135007654037505
12:47:53,1863,8.135007654037505
12:47:54,1863,8.135007654037505
12:47:55,1863,8.135007654037505
12:47:56,1864,8.135007654037505
12:47:57,1864,8.135007654037505
12:47:58,1864,8.135007654037505
12:47:59,1865,8.135007654037505
12:48:00,1866,8.135007654037505
12:48:01,1866,8.135007654037505
12:48:02,1866,8.135007654037505
12:48:03,1866,8.135007654037505
12:48:04,1866,8.135007654037505
12:48:05,1866,8.135007654037505
12:48:06,1866,8.137062535857716
12:48:07,1866,8.137062535857716
12:48:08,1866,8.137062535857716
12:48:09,1866,8.134929281345567
12:48:10,1866,8.134929281345567
12:48:11,1867,8.134929281345567
12:48:12,1867,8.134699140401146
12:48:13,1867,8.134699140401146
12:48:14,1867,8.134699140401146
12:48:15,1867,8.134699140401146
12:48:16,1867,8.137772050400917
12:48:17,1867,8.137772050400917
12:48:18,1867,8.137772050400917
12:48:19,1867,8.137772050400917
12:48:20,1867,8.136346300533942
12:48:21,1867,8.136346300533942
12:48:22,1867,8.133942857142857
12:48:23,1867,8.133942857142857
12:48:24,1867,8.133942857142857
12:48:25,1867,8.13567485246526
12:48:26,1867,8.13567485246526
12:48:27,1867,8.13567485246526
12:48:28,1867,8.134322678843226
12:48:29,1867,8.135634150979273
12:48:30,1867,8.135634150979273
12:48:31,1867,8.135634150979273
12:48:32,1867,8.135366780691752
12:48:33,1867,8.135366780691752
12:48:34,1867,8.135366780691752
12:48:35,1867,8.135366780691752
12:48:36,1867,8.1391452991453
12:48:37,1867,8.1391452991453
12:48:38,1868,8.1391452991453
12:48:39,1868,8.136930523917995
12:48:40,1868,8.136930523917995
12:48:41,1868,8.136930523917995
12:48:42,1869,8.136930523917995
12:48:43,1869,8.136930523917995
12:48:44,1869,8.136930523917995
12:48:45,1870,8.136930523917995
12:48:46,1871,8.136930523917995
12:48:47,1871,8.136930523917995
12:48:48,1871,8.136930523917995
12:48:49,1871,8.136930523917995
12:48:50,1872,8.136930523917995
12:48:51,1872,8.136930523917995
12:48:52,1872,8.136930523917995
12:48:53,1873,8.136930523917995
12:48:54,1873,8.136930523917995
12:48:55,1873,8.136930523917995
12:48:56,1873,8.136930523917995
12:48:57,1873,8.136930523917995
12:48:58,1874,8.136930523917995
12:48:59,1874,8.136930523917995
12:49:00,1874,8.136930523917995
12:49:01,1874,8.136930523917995
12:49:02,1876,8.13672927338266
12:49:03,1876,8.13672927338266
12:49:04,1877,8.13672927338266
12:49:05,1878,8.137760712931362
12:49:06,1878,8.137760712931362
12:49:07,1878,8.137760712931362
12:49:08,1879,8.137760712931362
12:49:09,1879,8.137760712931362
12:49:10,1880,8.137760712931362
12:49:11,1881,8.139852188743605
12:49:12,1881,8.138172348484849
12:49:13,1881,8.135235661555933
12:49:14,1882,8.135235661555933
12:49:15,1882,8.134175179720016
12:49:16,1882,8.13589525430138
12:49:17,1883,8.13589525430138
12:49:18,1884,8.133380547686496
12:49:19,1884,8.133380547686496
12:49:20,1885,8.133380547686496
12:49:21,1887,8.133380547686496
12:49:22,1887,8.134484711211778
12:49:23,1888,8.134484711211778
12:49:24,1889,8.134484711211778
12:49:25,1889,8.134484711211778
12:49:26,1889,8.134484711211778
12:49:27,1889,8.137794755706471
12:49:28,1891,8.137794755706471
12:49:29,1891,8.137794755706471
12:49:30,1892,8.137794755706471
12:49:31,1894,8.137794755706471
12:49:32,1894,8.137794755706471
12:49:33,1894,8.137794755706471
12:49:34,1896,8.137794755706471
12:49:35,1896,8.137794755706471
12:49:36,1896,8.137794755706471
12:49:37,1897,8.137794755706471
12:49:38,1897,8.137792232277526
12:49:39,1897,8.137792232277526
12:49:40,1898,8.137792232277526
12:49:41,1898,8.137792232277526
12:49:42,1898,8.137792232277526
12:49:43,1899,8.137792232277526
12:49:44,1899,8.137792232277526
12:49:45,1900,8.137792232277526
12:49:46,1900,8.137792232277526
12:49:47,1901,8.134982099114376
12:49:48,1901,8.134982099114376
12:49:49,1902,8.134982099114376
12:49:50,1903,8.134982099114376
12:49:51,1903,8.134982099114376
12:49:52,1904,8.134982099114376
12:49:53,1905,8.136261770244822
12:49:54,1905,8.13565782044043
12:49:55,1905,8.13565782044043
12:49:56,1905,8.13565782044043
12:49:57,1906,8.13565782044043
12:49:58,1906,8.13565782044043
12:49:59,1906,8.13565782044043
12:50:00,1906,8.131603684903178
12:50:01,1907,8.131603684903178
12:50:02,1907,8.133455467869222
12:50:03,1907,8.133455467869222
12:50:04,1907,8.133455467869222
12:50:05,1908,8.133455467869222
12:50:06,1908,8.133455467869222
12:50:07,1908,8.135164319248826
12:50:08,1908,8.135164319248826
12:50:09,1909,8.136702327327328
12:50:10,1909,8.137685237291315
12:50:11,1909,8.137685237291315
12:50:12,1910,8.135422522016114
12:50:13,1910,8.136507490636705
12:50:14,1910,8.136507490636705
12:50:15,1910,8.136507490636705
12:50:16,1912,8.133277185102003
12:50:17,1912,8.133277185102003
12:50:18,1912,8.138982416760195
12:50:19,1912,8.139867264909329
12:50:20,1914,8.136603139013452
12:50:21,1914,8.136603139013452
12:50:22,1914,8.136603139013452
12:50:23,1914,8.136603139013452
12:50:24,1914,8.133930905695612
12:50:25,1915,8.133930905695612
12:50:26,1915,8.133930905695612
12:50:27,1915,8.133100037327361
12:50:28,1916,8.133100037327361
12:50:29,1916,8.133100037327361
12:50:30,1916,8.133100037327361
12:50:31,1916,8.133100037327361
12:50:32,1916,8.133100037327361
12:50:33,1916,8.131225517627309
12:50:34,1916,8.131225517627309
12:50:35,1916,8.131225517627309
12:50:36,1916,8.131225517627309
12:50:37,1917,8.131225517627309
12:50:38,1917,8.131225517627309
12:50:39,1917,8.131225517627309
12:50:40,1917,8.131225517627309
12:50:41,1917,8.131225517627309
12:50:42,1917,8.131225517627309
12:50:43,1917,8.131225517627309
12:50:44,1917,8.131225517627309
12:50:45,1917,8.131225517627309
12:50:46,1917,8.130210663683819
12:50:47,1917,8.130210663683819
12:50:48,1917,8.130210663683819
12:50:49,1917,8.130210663683819
12:50:50,1918,8.128051052729644
12:50:51,1918,8.128051052729644
12:50:52,1918,8.128051052729644
12:50:53,1918,8.128051052729644
12:50:54,1918,8.128051052729644
12:50:55,1918,8.128051052729644
12:50:56,1918,8.128051052729644
12:50:57,1918,8.128051052729644
12:50:58,1919,8.128051052729644
12:50:59,1919,8.128051052729644
12:51:00,1919,8.127359017308766
12:51:01,1919,8.127359017308766
12:51:02,1919,8.127359017308766
12:51:03,1919,8.125623139880952
12:51:04,1919,8.125623139880952
12:51:05,1919,8.125623139880952
12:51:06,1919,8.125623139880952
12:51:07,1919,8.127235545640454
12:51:08,1920,8.127201783723523
12:51:09,1920,8.128486536675952
12:51:10,1920,8.128486536675952
12:51:11,1920,8.131681514476615
12:51:12,1920,8.129206084214433
12:51:13,1920,8.129206084214433
12:51:14,1920,8.125958866036687
12:51:15,1920,8.125958866036687
12:51:16,1920,8.125958866036687
12:51:17,1920,8.125958866036687
12:51:18,1920,8.125958866036687
12:51:19,1920,8.125958866036687
12:51:20,1920,8.12436111111111
12:51:21,1920,8.12436111111111
12:51:22,1920,8.12436111111111
12:51:23,1920,8.12436111111111
12:51:24,1921,8.12436111111111
12:51:25,1921,8.12436111111111
12:51:26,1921,8.12436111111111
12:51:27,1921,8.12436111111111
12:51:28,1921,8.12436111111111
12:51:29,1921,8.12436111111111
12:51:30,1921,8.12436111111111
12:51:31,1921,8.12436111111111
12:51:32,1921,8.12436111111111
12:51:33,1921,8.12436111111111
12:51:34,1921,8.12436111111111
12:51:35,1921,8.12436111111111
12:51:36,1921,8.124495650564501
12:51:37,1921,8.124495650564501
12:51:38,1921,8.12572142064373
12:51:39,1921,8.12572142064373
12:51:40,1921,8.12572142064373
12:51:41,1921,8.12572142064373
12:51:42,1921,8.12249029395452
12:51:43,1921,8.12249029395452
12:51:44,1921,8.12249029395452
12:51:45,1921,8.12249029395452
12:51:46,1921,8.12249029395452
12:51:47,1921,8.12249029395452
12:51:48,1921,8.12249029395452
12:51:49,1921,8.12249029395452
12:51:50,1921,8.12411308203991
12:51:51,1922,8.12411308203991
12:51:52,1922,8.125604801477378
12:51:53,1922,8.12515688445921
12:51:54,1922,8.12515688445921
12:51:55,1922,8.12515688445921
12:51:56,1923,8.126840066408413
12:51:57,1923,8.134494195688225
12:51:58,1923,8.134494195688225
12:51:59,1923,8.134494195688225
12:52:00,1923,8.13185082872928
12:52:01,1923,8.131446714522363
12:52:02,1923,8.131446714522363
12:52:03,1923,8.131446714522363
12:52:04,1923,8.128605592347315
12:52:05,1923,8.128605592347315
12:52:06,1923,8.128605592347315
12:52:07,1924,8.128605592347315
12:52:08,1924,8.12585953300239
12:52:09,1924,8.12369533259831
12:52:10,1924,8.12369533259831
12:52:11,1924,8.123324150596877
12:52:12,1924,8.123324150596877
12:52:13,1924,8.123324150596877
12:52:14,1924,8.123324150596877
12:52:15,1924,8.123324150596877
12:52:16,1925,8.123324150596877
12:52:17,1925,8.123324150596877
12:52:18,1925,8.123324150596877
12:52:19,1925,8.123324150596877
12:52:20,1926,8.123324150596877
12:52:21,1926,8.123324150596877
12:52:22,1926,8.123324150596877
12:52:23,1926,8.123324150596877
12:52:24,1927,8.123324150596877
12:52:25,1927,8.123324150596877
12:52:26,1927,8.123324150596877
12:52:27,1928,8.123324150596877
12:52:28,1928,8.123324150596877
12:52:29,1929,8.123324150596877
12:52:30,1929,8.123324150596877
12:52:31,1929,8.124366740088105
12:52:32,1929,8.121895065125665
12:52:33,1930,8.121895065125665
12:52:34,1930,8.121895065125665
12:52:35,1930,8.121895065125665
12:52:36,1930,8.121895065125665
12:52:37,1930,8.121895065125665
12:52:38,1930,8.121895065125665
12:52:39,1930,8.121895065125665
12:52:40,1931,8.121895065125665
12:52:41,1931,8.121895065125665
12:52:42,1931,8.123239823982399
12:52:43,1931,8.124418178486348
12:52:44,1931,8.124418178486348
12:52:45,1932,8.123626373626374
12:52:46,1932,8.129544206479956
12:52:47,1932,8.129544206479956
12:52:48,1932,8.131494694474936
12:52:49,1932,8.131494694474936
12:52:50,1933,8.131494694474936
12:52:51,1933,8.128679831779118
12:52:52,1933,8.128679831779118
12:52:53,1933,8.128216374269005
12:52:54,1933,8.128216374269005
12:52:55,1933,8.128216374269005
12:52:56,1933,8.125598173515982
12:52:57,1933,8.125598173515982
12:52:58,1934,8.123183643665572
12:52:59,1934,8.123183643665572
12:53:00,1935,8.123183643665572
12:53:01,1935,8.123183643665572
12:53:02,1935,8.123183643665572
12:53:03,1935,8.123183643665572
12:53:04,1935,8.12441160372195
12:53:05,1936,8.12441160372195
12:53:06,1936,8.12441160372195
12:53:07,1936,8.12216447848286
12:53:08,1936,8.12216447848286
12:53:09,1936,8.12216447848286
12:53:10,1936,8.12216447848286
12:53:11,1937,8.12216447848286
12:53:12,1937,8.12216447848286
12:53:13,1937,8.12216447848286
12:53:14,1937,8.12216447848286
12:53:15,1937,8.12216447848286
12:53:16,1937,8.12216447848286
12:53:17,1937,8.12284490614179
12:53:18,1937,8.12284490614179
12:53:19,1937,8.120127504553734
12:53:20,1937,8.120127504553734
12:53:21,1937,8.120127504553734
12:53:22,1938,8.120127504553734
12:53:23,1938,8.120127504553734
12:53:24,1938,8.120127504553734
12:53:25,1938,8.120127504553734
12:53:26,1938,8.120127504553734
12:53:27,1939,8.120127504553734
12:53:28,1939,8.120127504553734
12:53:29,1939,8.120127504553734
12:53:30,1939,8.120127504553734
12:53:31,1939,8.120127504553734
12:53:32,1940,8.1208788209607
12:53:33,1940,8.1208788209607
12:53:34,1940,8.122458628841608
12:53:35,1940,8.122458628841608
12:53:36,1941,8.12603598691385
12:53:37,1941,8.127438692098092
12:53:38,1941,8.127438692098092
12:53:39,1941,8.127438692098092
12:53:40,1942,8.127438692098092
12:53:41,1943,8.127438692098092
12:53:42,1943,8.127438692098092
12:53:43,1943,8.127438692098092
12:53:44,1944,8.12556281771968
12:53:45,1944,8.12556281771968
12:53:46,1944,8.12556281771968
12:53:47,1944,8.12556281771968
12:53:48,1944,8.12556281771968
12:53:49,1944,8.12556281771968
12:53:50,1944,8.123371438940302
12:53:51,1944,8.123371438940302
12:53:52,1944,8.123371438940302
12:53:53,1944,8.124564744287268
12:53:54,1944,8.124564744287268
12:53:55,1944,8.123364147181439
12:53:56,1944,8.121340579710145
12:53:57,1944,8.121340579710145
12:53:58,1944,8.12353793228318
12:53:59,1944,8.12353793228318
12:54:00,1944,8.12353793228318
12:54:01,1945,8.12353793228318
12:54:02,1945,8.120973579442635
12:54:03,1945,8.120973579442635
12:54:04,1945,8.120973579442635
12:54:05,1945,8.120973579442635
12:54:06,1945,8.120973579442635
12:54:07,1945,8.120973579442635
12:54:08,1945,8.120184481823115
12:54:09,1945,8.120184481823115
12:54:10,1945,8.120184481823115
12:54:11,1945,8.120184481823115
12:54:12,1945,8.12050795372379
12:54:13,1945,8.117506319971108
12:54:14,1945,8.117506319971108
12:54:15,1945,8.119545208446128
12:54:16,1945,8.119545208446128
12:54:17,1945,8.119545208446128
12:54:18,1945,8.119545208446128
12:54:19,1945,8.119545208446128
12:54:20,1945,8.119545208446128
12:54:21,1946,8.119545208446128
12:54:22,1946,8.117054473304472
12:54:23,1946,8.117054473304472
12:54:24,1946,8.119037317468901
12:54:25,1947,8.119037317468901
12:54:26,1947,8.119037317468901
12:54:27,1947,8.119037317468901
12:54:28,1947,8.12299099099099
12:54:29,1947,8.12299099099099
12:54:30,1947,8.12299099099099
12:54:31,1948,8.12299099099099
12:54:32,1948,8.12299099099099
12:54:33,1948,8.12299099099099
12:54:34,1948,8.12299099099099
12:54:35,1948,8.12299099099099
12:54:36,1949,8.12299099099099
12:54:37,1949,8.12299099099099
12:54:38,1949,8.12299099099099
12:54:39,1949,8.12299099099099
12:54:40,1949,8.12299099099099
12:54:41,1949,8.12299099099099
12:54:42,1949,8.12299099099099
12:54:43,1949,8.12299099099099
12:54:44,1949,8.12299099099099
12:54:45,1950,8.12299099099099
12:54:46,1950,8.1206464973888
12:54:47,1951,8.1206464973888
12:54:48,1952,8.1206464973888
12:54:49,1953,8.122705183585314
12:54:50,1953,8.122705183585314
12:54:51,1953,8.122917790969598
12:54:52,1954,8.122917790969598
12:54:53,1954,8.124442646530024
12:54:54,1955,8.124442646530024
12:54:55,1955,8.124442646530024
12:54:56,1955,8.124442646530024
12:54:57,1955,8.124442646530024
12:54:58,1956,8.124007187780773
12:54:59,1956,8.124007187780773
12:55:00,1956,8.124007187780773
12:55:01,1956,8.124007187780773
12:55:02,1956,8.120896192528736
12:55:03,1956,8.120896192528736
12:55:04,1957,8.120896192528736
12:55:05,1958,8.120896192528736
12:55:06,1958,8.120896192528736
12:55:07,1958,8.119125830192067
12:55:08,1959,8.119125830192067
12:55:09,1959,8.119125830192067
12:55:10,1959,8.119125830192067
12:55:11,1960,8.119125830192067
12:55:12,1960,8.119125830192067
12:55:13,1960,8.119125830192067
12:55:14,1960,8.119125830192067
12:55:15,1960,8.119125830192067
12:55:16,1960,8.120981341944743
12:55:17,1961,8.125076205845437
12:55:18,1962,8.124247311827956
12:55:19,1962,8.124247311827956
12:55:20,1962,8.12312030075188
12:55:21,1962,8.12312030075188
12:55:22,1963,8.12312030075188
12:55:23,1964,8.124897119341563
12:55:24,1964,8.124897119341563
12:55:25,1964,8.124897119341563
12:55:26,1965,8.120160857908848
12:55:27,1965,8.120160857908848
12:55:28,1965,8.120160857908848
12:55:29,1965,8.120160857908848
12:55:30,1965,8.120160857908848
12:55:31,1965,8.120160857908848
12:55:32,1966,8.120160857908848
12:55:33,1966,8.120160857908848
12:55:34,1966,8.120160857908848
12:55:35,1967,8.120160857908848
12:55:36,1967,8.120160857908848
12:55:37,1967,8.120160857908848
12:55:38,1967,8.120160857908848
12:55:39,1967,8.120160857908848
12:55:40,1967,8.120160857908848
12:55:41,1967,8.120160857908848
12:55:42,1967,8.120160857908848
12:55:43,1967,8.124508753126117
12:55:44,1967,8.124508753126117
12:55:45,1967,8.124508753126117
12:55:46,1968,8.124508753126117
12:55:47,1968,8.124508753126117
12:55:48,1968,8.124508753126117
12:55:49,1968,8.124508753126117
12:55:50,1968,8.124508753126117
12:55:51,1968,8.124508753126117
12:55:52,1968,8.124508753126117
12:55:53,1968,8.123326191751472
12:55:54,1968,8.123447537473233
12:55:55,1968,8.123447537473233
12:55:56,1968,8.122257891920814
12:55:57,1969,8.122257891920814
12:55:58,1969,8.122257891920814
12:55:59,1969,8.122257891920814
12:56:00,1970,8.122257891920814
12:56:01,1970,8.122257891920814
12:56:02,1970,8.122257891920814
12:56:03,1970,8.121512560128274
12:56:04,1971,8.121512560128274
12:56:05,1972,8.121512560128274
12:56:06,1972,8.118384054102155
12:56:07,1972,8.118384054102155
12:56:08,1972,8.118384054102155
12:56:09,1972,8.123078975453575
12:56:10,1972,8.123078975453575
12:56:11,1972,8.124168888888889
12:56:12,1972,8.124168888888889
12:56:13,1972,8.124168888888889
12:56:14,1972,8.124168888888889
12:56:15,1972,8.124168888888889
12:56:16,1972,8.123374200426438
12:56:17,1972,8.123374200426438
12:56:18,1972,8.123374200426438
12:56:19,1972,8.123374200426438
12:56:20,1972,8.123374200426438
12:56:21,1972,8.120582489788669
12:56:22,1972,8.120582489788669
12:56:23,1972,8.120582489788669
12:56:24,1972,8.120582489788669
12:56:25,1972,8.120582489788669
12:56:26,1972,8.120582489788669
12:56:27,1972,8.120582489788669
12:56:28,1972,8.120582489788669
12:56:29,1972,8.120582489788669
12:56:30,1972,8.120582489788669
12:56:31,1972,8.120582489788669
12:56:32,1972,8.118697888948022
12:56:33,1972,8.118697888948022
12:56:34,1972,8.118697888948022
12:56:35,1972,8.118697888948022
12:56:36,1972,8.118697888948022
12:56:37,1972,8.118697888948022
12:56:38,1972,8.118697888948022
12:56:39,1973,8.118697888948022
12:56:40,1973,8.118697888948022
12:56:41,1973,8.118697888948022
12:56:42,1973,8.11906914893617
12:56:43,1973,8.11906914893617
12:56:44,1973,8.11906914893617
12:56:45,1974,8.115063761955366
12:56:46,1974,8.115063761955366
12:56:47,1974,8.116206408213843
12:56:48,1974,8.116206408213843
12:56:49,1975,8.116206408213843
12:56:50,1975,8.116206408213843
12:56:51,1975,8.116206408213843
12:56:52,1975,8.116206408213843
12:56:53,1975,8.118276716206653
12:56:54,1976,8.118276716206653
12:56:55,1976,8.122740937223696
12:56:56,1976,8.122740937223696
12:56:57,1976,8.122740937223696
12:56:58,1977,8.120245669848002
12:56:59,1977,8.120245669848002
12:57:00,1977,8.120245669848002
12:57:01,1977,8.117664194915255
12:57:02,1977,8.114487383095112
12:57:03,1978,8.114487383095112
12:57:04,1979,8.113677248677249
12:57:05,1979,8.113677248677249
12:57:06,1979,8.115185968623303
12:57:07,1979,8.115185968623303
12:57:08,1979,8.114790345313601
12:57:09,1979,8.114500792393027
12:57:10,1979,8.114500792393027
12:57:11,1979,8.114500792393027
12:57:12,1979,8.114500792393027
12:57:13,1979,8.114500792393027
12:57:14,1979,8.114500792393027
12:57:15,1979,8.114500792393027
12:57:16,1979,8.114500792393027
12:57:17,1979,8.114500792393027
12:57:18,1980,8.114500792393027
12:57:19,1980,8.114500792393027
12:57:20,1980,8.114500792393027
12:57:21,1981,8.114500792393027
12:57:22,1981,8.114500792393027
12:57:23,1981,8.114500792393027
12:57:24,1981,8.114500792393027
12:57:25,1982,8.114500792393027
12:57:26,1983,8.114500792393027
12:57:27,1983,8.114500792393027
12:57:28,1983,8.114500792393027
12:57:29,1983,8.114500792393027
12:57:30,1983,8.114500792393027
12:57:31,1983,8.114500792393027
12:57:32,1984,8.114500792393027
12:57:33,1984,8.111765223512847
12:57:34,1984,8.111765223512847
12:57:35,1984,8.111765223512847
12:57:36,1984,8.111765223512847
12:57:37,1984,8.111765223512847
12:57:38,1985,8.111765223512847
12:57:39,1985,8.10957783641161
12:57:40,1986,8.10957783641161
12:57:41,1986,8.10957783641161
12:57:42,1986,8.112631856540084
12:57:43,1986,8.114294500087858
12:57:44,1986,8.114294500087858
12:57:45,1986,8.11819459079733
12:57:46,1986,8.11819459079733
12:57:47,1986,8.11819459079733
12:57:48,1986,8.118114797261716
12:57:49,1986,8.118114797261716
12:57:50,1986,8.11932456140351
12:57:51,1986,8.11932456140351
12:57:52,1986,8.11932456140351
12:57:53,1986,8.11932456140351
12:57:54,1986,8.11932456140351
12:57:55,1986,8.11932456140351
12:57:56,1986,8.11932456140351
12:57:57,1987,8.11932456140351
12:57:58,1987,8.11932456140351
12:57:59,1988,8.119498509556374
12:58:00,1988,8.119498509556374
12:58:01,1988,8.119498509556374
12:58:02,1988,8.119498509556374
12:58:03,1989,8.119498509556374
12:58:04,1989,8.119498509556374
12:58:05,1989,8.119498509556374
12:58:06,1989,8.119935155976165
12:58:07,1989,8.119935155976165
12:58:08,1989,8.118645997547732
12:58:09,1989,8.118645997547732
12:58:10,1990,8.118645997547732
12:58:11,1990,8.11576505602241
12:58:12,1990,8.11576505602241
12:58:13,1990,8.11576505602241
12:58:14,1990,8.11576505602241
12:58:15,1990,8.11576505602241
12:58:16,1990,8.11576505602241
12:58:17,1990,8.11576505602241
12:58:18,1991,8.117261592300961
12:58:19,1991,8.117261592300961
12:58:20,1991,8.117261592300961
12:58:21,1992,8.114253235396992
12:58:22,1992,8.114253235396992
12:58:23,1992,8.114253235396992
12:58:24,1992,8.111204334906486
12:58:25,1993,8.11230782669462
12:58:26,1993,8.11230782669462
12:58:27,1993,8.11230782669462
12:58:28,1993,8.109961585472325
12:58:29,1995,8.109961585472325
12:58:30,1995,8.113385689354276
12:58:31,1995,8.113385689354276
12:58:32,1995,8.112026862026863
12:58:33,1996,8.112026862026863
12:58:34,1996,8.112026862026863
12:58:35,1996,8.112026862026863
12:58:36,1996,8.117860878661087
12:58:37,1997,8.117860878661087
12:58:38,1997,8.117860878661087
12:58:39,1997,8.117860878661087
12:58:40,1997,8.117860878661087
12:58:41,1997,8.118461404425858
12:58:42,1998,8.118461404425858
12:58:43,1998,8.118461404425858
12:58:44,1998,8.118461404425858
12:58:45,1998,8.118461404425858
12:58:46,1999,8.118461404425858
12:58:47,1999,8.118461404425858
12:58:48,1999,8.118461404425858
12:58:49,2000,8.117807384186694
12:58:50,2000,8.117807384186694
12:58:51,2000,8.115378590078329
12:58:52,2000,8.115378590078329
12:58:53,2000,8.116927627000695
12:58:54,2000,8.116927627000695
12:58:55,2001,8.116927627000695
12:58:56,2001,8.116927627000695
12:58:57,2001,8.116927627000695
12:58:58,2001,8.116927627000695
12:58:59,2001,8.118022952529994
12:59:00,2001,8.118022952529994
12:59:01,2001,8.118830378866875
12:59:02,2001,8.115702622893869
12:59:03,2001,8.115702622893869
12:59:04,2001,8.115702622893869
12:59:05,2001,8.115702622893869
12:59:06,2001,8.115702622893869
12:59:07,2001,8.115702622893869
12:59:08,2001,8.119427083333333
12:59:09,2001,8.119427083333333
12:59:10,2001,8.119427083333333
12:59:11,2001,8.116241762053416
12:59:12,2001,8.116241762053416
12:59:13,2001,8.116241762053416
12:59:14,2001,8.116241762053416
12:59:15,2001,8.116233315999306
12:59:16,2001,8.116233315999306
12:59:17,2001,8.116233315999306
12:59:18,2001,8.116233315999306
12:59:19,2001,8.116233315999306
12:59:20,2001,8.116233315999306
12:59:21,2001,8.116233315999306
12:59:22,2001,8.116233315999306
12:59:23,2001,8.116233315999306
12:59:24,2001,8.116233315999306
12:59:25,2001,8.114371101871102
12:59:26,2001,8.114371101871102
12:59:27,2001,8.114371101871102
12:59:28,2001,8.114371101871102
12:59:29,2001,8.114371101871102
12:59:30,2001,8.114371101871102
12:59:31,2001,8.114371101871102
12:59:32,2001,8.114371101871102
12:59:33,2001,8.11195670995671
12:59:34,2001,8.113040844582901
12:59:35,2001,8.113040844582901
12:59:36,2001,8.113040844582901
12:59:37,2001,8.113040844582901
12:59:38,2002,8.113040844582901
12:59:39,2002,8.108627247579529
12:59:40,2002,8.108627247579529
12:59:41,2003,8.108627247579529
12:59:42,2003,8.10578019699326
12:59:43,2003,8.107210708117444
12:59:44,2004,8.107210708117444
12:59:45,2004,8.107210708117444
12:59:46,2004,8.107210708117444
12:59:47,2004,8.107210708117444
12:59:48,2004,8.107210708117444
12:59:49,2007,8.108518902123253
12:59:50,2007,8.105270876466529
12:59:51,2007,8.105270876466529
12:59:52,2007,8.104526642524572
12:59:53,2009,8.104526642524572
12:59:54,2009,8.104526642524572
12:59:55,2009,8.104526642524572
12:59:56,2009,8.104526642524572
12:59:57,2009,8.104526642524572
12:59:58,2009,8.107618062736988
12:59:59,2009,8.107618062736988
13:00:00,2009,8.107618062736988
13:00:01,2009,8.107618062736988
13:00:02,2009,8.107618062736988
13:00:03,2009,8.107618062736988
13:00:04,2009,8.107618062736988
13:00:05,2009,8.107618062736988
13:00:06,2009,8.107618062736988
13:00:07,2009,8.107618062736988
13:00:08,2010,8.107618062736988
13:00:09,2010,8.107618062736988
13:00:10,2010,8.107618062736988
13:00:11,2011,8.107618062736988
13:00:12,2012,8.107618062736988
13:00:13,2012,8.107618062736988
13:00:14,2013,8.107618062736988
13:00:15,2014,8.107618062736988
13:00:16,2014,8.107618062736988
13:00:17,2014,8.109155900086133
13:00:18,2015,8.109155900086133
13:00:19,2015,8.109194214876034
13:00:20,2015,8.109194214876034
13:00:21,2015,8.109194214876034
13:00:22,2015,8.109194214876034
13:00:23,2016,8.109194214876034
13:00:24,2016,8.109194214876034
13:00:25,2017,8.110712441920496
13:00:26,2018,8.110712441920496
13:00:27,2018,8.110712441920496
13:00:28,2018,8.110712441920496
13:00:29,2020,8.109451324389404
13:00:30,2020,8.109451324389404
13:00:31,2020,8.109451324389404
13:00:32,2021,8.106592745401409
13:00:33,2022,8.106592745401409
13:00:34,2022,8.103479381443298
13:00:35,2022,8.103479381443298
13:00:36,2022,8.103022496994676
13:00:37,2024,8.103022496994676
13:00:38,2024,8.103022496994676
13:00:39,2025,8.10460006865774
13:00:40,2025,8.10460006865774
13:00:41,2025,8.10460006865774
13:00:42,2026,8.10460006865774
13:00:43,2027,8.10460006865774
13:00:44,2027,8.10460006865774
13:00:45,2027,8.10460006865774
13:00:46,2028,8.10460006865774
13:00:47,2029,8.106970164609054
13:00:48,2029,8.106023993144815
13:00:49,2029,8.106023993144815
13:00:50,2030,8.106023993144815
13:00:51,2031,8.106023993144815
13:00:52,2032,8.102929085303186
13:00:53,2032,8.102929085303186
13:00:54,2032,8.099965759287793
13:00:55,2034,8.099965759287793
13:00:56,2034,8.099965759287793
13:00:57,2034,8.099965759287793
13:00:58,2034,8.099965759287793
13:00:59,2036,8.099965759287793
13:01:00,2037,8.096868583162218
13:01:01,2037,8.096868583162218
13:01:02,2038,8.096868583162218
13:01:03,2038,8.096868583162218
13:01:04,2039,8.096868583162218
13:01:05,2040,8.096868583162218
13:01:06,2040,8.096868583162218
13:01:07,2041,8.096868583162218
13:01:08,2041,8.096868583162218
13:01:09,2042,8.096868583162218
13:01:10,2042,8.096868583162218
13:01:11,2042,8.094980331794082
13:01:12,2042,8.094980331794082
13:01:13,2043,8.09640170940171
13:01:14,2043,8.09640170940171
13:01:15,2043,8.098180420297284
13:01:16,2045,8.098180420297284
13:01:17,2045,8.098180420297284
13:01:18,2045,8.098180420297284
13:01:19,2045,8.098180420297284
13:01:20,2048,8.098180420297284
13:01:21,2048,8.099735314207651
13:01:22,2048,8.099735314207651
13:01:23,2048,8.099735314207651
13:01:24,2048,8.099735314207651
13:01:25,2048,8.098711384195255
13:01:26,2048,8.098711384195255
13:01:27,2049,8.098711384195255
13:01:28,2049,8.098711384195255
13:01:29,2049,8.098711384195255
13:01:30,2049,8.098711384195255
13:01:31,2049,8.098711384195255
13:01:32,2049,8.099155578300921
13:01:33,2050,8.099155578300921
13:01:34,2051,8.099155578300921
13:01:35,2051,8.099155578300921
13:01:36,2052,8.099155578300921
13:01:37,2052,8.102240967961826
13:01:38,2052,8.102240967961826
13:01:39,2052,8.102240967961826
13:01:40,2053,8.102240967961826
13:01:41,2053,8.099046159087038
13:01:42,2053,8.099046159087038
13:01:43,2054,8.099046159087038
13:01:44,2054,8.099046159087038
13:01:45,2055,8.099046159087038
13:01:46,2055,8.099046159087038
13:01:47,2056,8.099046159087038
13:01:48,2056,8.099046159087038
13:01:49,2056,8.099046159087038
13:01:50,2056,8.099046159087038
13:01:51,2057,8.101012938372488
13:01:52,2057,8.101012938372488
13:01:53,2057,8.097924110940957
13:01:54,2058,8.097924110940957
13:01:55,2058,8.097924110940957
13:01:56,2058,8.097924110940957
13:01:57,2059,8.097924110940957
13:01:58,2059,8.097924110940957
13:01:59,2059,8.093770185279618
13:02:00,2060,8.093770185279618
13:02:01,2060,8.09085117227319
13:02:02,2060,8.09085117227319
13:02:03,2060,8.09085117227319
13:02:04,2060,8.09085117227319
13:02:05,2062,8.09085117227319
13:02:06,2062,8.09085117227319
13:02:07,2062,8.09085117227319
13:02:08,2063,8.09085117227319
13:02:09,2063,8.09085117227319
13:02:10,2063,8.09085117227319
13:02:11,2063,8.09198505688572
13:02:12,2064,8.09198505688572
13:02:13,2064,8.09198505688572
13:02:14,2064,8.09198505688572
13:02:15,2064,8.09198505688572
13:02:16,2065,8.09198505688572
13:02:17,2065,8.09198505688572
13:02:18,2065,8.08892566191446
13:02:19,2065,8.08892566191446
13:02:20,2066,8.08892566191446
13:02:21,2066,8.08892566191446
13:02:22,2066,8.08969465648855
13:02:23,2066,8.08969465648855
13:02:24,2067,8.08969465648855
13:02:25,2067,8.08969465648855
13:02:26,2067,8.094693116310614
13:02:27,2067,8.094693116310614
13:02:28,2067,8.094693116310614
13:02:29,2067,8.091764107778342
13:02:30,2067,8.088719512195121
13:02:31,2067,8.088719512195121
13:02:32,2067,8.08820890468935
13:02:33,2067,8.08544839255499
13:02:34,2067,8.08544839255499
13:02:35,2068,8.08544839255499
13:02:36,2068,8.086546592254354
13:02:37,2068,8.086546592254354
13:02:38,2069,8.086546592254354
13:02:39,2069,8.086546592254354
13:02:40,2069,8.086546592254354
13:02:41,2069,8.086546592254354
13:02:42,2069,8.086546592254354
13:02:43,2069,8.086546592254354
13:02:44,2069,8.086546592254354
13:02:45,2071,8.086546592254354
13:02:46,2071,8.086546592254354
13:02:47,2071,8.086546592254354
13:02:48,2071,8.086546592254354
13:02:49,2071,8.086546592254354
13:02:50,2072,8.086546592254354
13:02:51,2072,8.086546592254354
13:02:52,2072,8.083620689655172
13:02:53,2073,8.083620689655172
13:02:54,2074,8.083620689655172
13:02:55,2074,8.080900489947627
13:02:56,2075,8.080900489947627
13:02:57,2075,8.080900489947627
13:02:58,2075,8.080900489947627
13:02:59,2075,8.080900489947627
13:03:00,2075,8.080900489947627
13:03:01,2075,8.080900489947627
13:03:02,2077,8.080900489947627
13:03:03,2077,8.080040526849038
13:03:04,2077,8.080040526849038
13:03:05,2079,8.080040526849038
13:03:06,2080,8.081426160337552
13:03:07,2080,8.081426160337552
13:03:08,2080,8.081426160337552
13:03:09,2081,8.081426160337552
13:03:10,2082,8.081426160337552
13:03:11,2082,8.081426160337552
13:03:12,2082,8.082118758434548
13:03:13,2082,8.080947563648627
13:03:14,2082,8.080947563648627
13:03:15,2082,8.080947563648627
13:03:16,2083,8.080947563648627
13:03:17,2083,8.080947563648627
13:03:18,2083,8.084201213346814
13:03:19,2084,8.084201213346814
13:03:20,2084,8.084201213346814
13:03:21,2084,8.081404749873673
13:03:22,2085,8.081404749873673
13:03:23,2085,8.081404749873673
13:03:24,2085,8.081404749873673
13:03:25,2085,8.081404749873673
13:03:26,2085,8.081404749873673
13:03:27,2086,8.078779461279462
13:03:28,2086,8.078779461279462
13:03:29,2086,8.078779461279462
13:03:30,2086,8.078779461279462
13:03:31,2086,8.08158337539963
13:03:32,2087,8.08158337539963
13:03:33,2087,8.08158337539963
13:03:34,2087,8.08158337539963
13:03:35,2087,8.07869155734948
13:03:36,2087,8.077760968229954
13:03:37,2087,8.075352822580646
13:03:38,2088,8.075352822580646
13:03:39,2088,8.075352822580646
13:03:40,2088,8.075352822580646
13:03:41,2088,8.075352822580646
13:03:42,2088,8.075352822580646
13:03:43,2088,8.075352822580646
13:03:44,2088,8.075352822580646
13:03:45,2088,8.075701091519731
13:03:46,2088,8.075701091519731
13:03:47,2088,8.075701091519731
13:03:48,2089,8.075701091519731
13:03:49,2089,8.075701091519731
13:03:50,2089,8.075701091519731
13:03:51,2090,8.07268378650554
13:03:52,2090,8.07268378650554
13:03:53,2091,8.073746015769167
13:03:54,2091,8.073746015769167
13:03:55,2091,8.07122736418511
13:03:56,2091,8.07122736418511
13:03:57,2091,8.068903971845149
13:03:58,2091,8.066030150753768
13:03:59,2092,8.066030150753768
13:04:00,2092,8.066030150753768
13:04:01,2092,8.066030150753768
13:04:02,2092,8.066030150753768
13:04:03,2092,8.066030150753768
13:04:04,2092,8.066030150753768
13:04:05,2092,8.066030150753768
13:04:06,2092,8.066030150753768
13:04:07,2092,8.066030150753768
13:04:08,2093,8.066030150753768
13:04:09,2093,8.069328645571739
13:04:10,2093,8.069328645571739
13:04:11,2093,8.069328645571739
13:04:12,2093,8.069328645571739
13:04:13,2093,8.069854417670681
13:04:14,2094,8.069854417670681
13:04:15,2094,8.067544739923063
13:04:16,2094,8.065137077900367
13:04:17,2094,8.065137077900367
13:04:18,2094,8.065137077900367
13:04:19,2094,8.064076858813701
13:04:20,2094,8.064671008684035
13:04:21,2094,8.065164413286597
13:04:22,2094,8.065164413286597
13:04:23,2094,8.065164413286597
13:04:24,2094,8.065164413286597
13:04:25,2094,8.065164413286597
13:04:26,2095,8.065164413286597
13:04:27,2095,8.065164413286597
13:04:28,2095,8.06302969636303
13:04:29,2096,8.06302969636303
13:04:30,2096,8.06302969636303
13:04:31,2096,8.06302969636303
13:04:32,2097,8.06302969636303
13:04:33,2097,8.06302969636303
13:04:34,2097,8.06302969636303
13:04:35,2098,8.06302969636303
13:04:36,2098,8.06302969636303
13:04:37,2098,8.06302969636303
13:04:38,2099,8.06302969636303
13:04:39,2099,8.062289478072369
13:04:40,2099,8.062289478072369
13:04:41,2099,8.060058333333334
13:04:42,2100,8.060058333333334
13:04:43,2100,8.060058333333334
13:04:44,2100,8.060058333333334
13:04:45,2101,8.057904381142762
13:04:46,2101,8.057904381142762
13:04:47,2101,8.057904381142762
13:04:48,2101,8.057904381142762
13:04:49,2102,8.057904381142762
13:04:50,2102,8.057904381142762
13:04:51,2102,8.057904381142762
13:04:52,2103,8.057904381142762
13:04:53,2103,8.057904381142762
13:04:54,2103,8.057904381142762
13:04:55,2103,8.057904381142762
13:04:56,2104,8.057904381142762
13:04:57,2105,8.055344655344657
13:04:58,2105,8.055344655344657
13:04:59,2105,8.055344655344657
13:05:00,2106,8.055344655344657
13:05:01,2106,8.05671989354624
13:05:02,2106,8.05671989354624
13:05:03,2106,8.05671989354624
13:05:04,2106,8.055367231638419
13:05:05,2106,8.055367231638419
13:05:06,2106,8.053371532967946
13:05:07,2106,8.053371532967946
13:05:08,2106,8.053371532967946
13:05:09,2106,8.052606241699868
13:05:10,2106,8.052606241699868
13:05:11,2106,8.052606241699868
13:05:12,2106,8.052794361525704
13:05:13,2106,8.052794361525704
13:05:14,2106,8.050721034311287
13:05:15,2106,8.050721034311287
13:05:16,2106,8.050721034311287
13:05:17,2106,8.050721034311287
13:05:18,2106,8.05458084824387
13:05:19,2106,8.05458084824387
13:05:20,2106,8.05458084824387
13:05:21,2106,8.052988905447922
13:05:22,2106,8.052988905447922
13:05:23,2107,8.052988905447922
13:05:24,2107,8.053955643826548
13:05:25,2107,8.05151364764268
13:05:26,2107,8.05151364764268
13:05:27,2108,8.05151364764268
13:05:28,2108,8.05151364764268
13:05:29,2108,8.049735449735449
13:05:30,2108,8.049735449735449
13:05:31,2108,8.049735449735449
13:05:32,2108,8.04906627003801
13:05:33,2108,8.04906627003801
13:05:34,2108,8.046671622068054
13:05:35,2108,8.046671622068054
13:05:36,2108,8.046953937592868
13:05:37,2108,8.046953937592868
13:05:38,2109,8.046953937592868
13:05:39,2109,8.046953937592868
13:05:40,2109,8.044917491749175
13:05:41,2110,8.044917491749175
13:05:42,2110,8.044917491749175
13:05:43,2111,8.044917491749175
13:05:44,2111,8.044917491749175
13:05:45,2112,8.044917491749175
13:05:46,2112,8.044917491749175
13:05:47,2112,8.044917491749175
13:05:48,2112,8.044917491749175
13:05:49,2112,8.044917491749175
13:05:50,2112,8.048721754906811
13:05:51,2112,8.048721754906811
13:05:52,2112,8.048721754906811
13:05:53,2112,8.048721754906811
13:05:54,2112,8.048721754906811
13:05:55,2112,8.048721754906811
13:05:56,2112,8.048721754906811
13:05:57,2112,8.048721754906811
13:05:58,2112,8.048721754906811
13:05:59,2112,8.049151005605012
13:06:00,2112,8.049151005605012
13:06:01,2112,8.049151005605012
13:06:02,2114,8.049151005605012
13:06:03,2114,8.049151005605012
13:06:04,2115,8.047627286208602
13:06:05,2115,8.047627286208602
13:06:06,2116,8.047627286208602
13:06:07,2117,8.046006258234518
13:06:08,2117,8.044625514403291
13:06:09,2117,8.042184929253043
13:06:10,2118,8.042184929253043
13:06:11,2118,8.040494984377569
13:06:12,2118,8.040729783037476
13:06:13,2118,8.040729783037476
13:06:14,2118,8.038089370790209
13:06:15,2118,8.038089370790209
13:06:16,2119,8.038089370790209
13:06:17,2119,8.038546798029556
13:06:18,2119,8.037772854094863
13:06:19,2119,8.037772854094863
13:06:20,2119,8.037672244094487
13:06:21,2119,8.037672244094487
13:06:22,2119,8.037672244094487
13:06:23,2119,8.040375471388751
13:06:24,2119,8.038602097672895
13:06:25,2120,8.038602097672895
13:06:26,2120,8.038602097672895
13:06:27,2120,8.038602097672895
13:06:28,2120,8.038602097672895
13:06:29,2120,8.038602097672895
13:06:30,2120,8.038602097672895
13:06:31,2120,8.038602097672895
13:06:32,2121,8.036248976248975
13:06:33,2121,8.036248976248975
13:06:34,2121,8.033824492468893
13:06:35,2121,8.033824492468893
13:06:36,2121,8.029931305201178
13:06:37,2121,8.029931305201178
13:06:38,2122,8.029931305201178
13:06:39,2122,8.029931305201178
13:06:40,2122,8.029931305201178
13:06:41,2123,8.029931305201178
13:06:42,2123,8.029931305201178
13:06:43,2123,8.029931305201178
13:06:44,2123,8.029931305201178
13:06:45,2124,8.029931305201178
13:06:46,2124,8.029931305201178
13:06:47,2124,8.029931305201178
13:06:48,2125,8.029931305201178
13:06:49,2125,8.029931305201178
13:06:50,2125,8.029931305201178
13:06:51,2125,8.029931305201178
13:06:52,2126,8.029931305201178
13:06:53,2126,8.029931305201178
13:06:54,2126,8.029931305201178
13:06:55,2126,8.029931305201178
13:06:56,2127,8.029931305201178
13:06:57,2127,8.029931305201178
13:06:58,2127,8.029931305201178
13:06:59,2127,8.026658496732027
13:07:00,2127,8.02704556589907
13:07:01,2127,8.02704556589907
13:07:02,2128,8.026101860920667
13:07:03,2128,8.026101860920667
13:07:04,2128,8.026101860920667
13:07:05,2128,8.026101860920667
13:07:06,2129,8.026101860920667
13:07:07,2129,8.026480665687714
13:07:08,2129,8.026480665687714
13:07:09,2130,8.026480665687714
13:07:10,2130,8.026480665687714
13:07:11,2130,8.026480665687714
13:07:12,2130,8.02502446183953
13:07:13,2131,8.02502446183953
13:07:14,2131,8.02241238793806
13:07:15,2131,8.024592701205604
13:07:16,2131,8.024592701205604
13:07:17,2132,8.024592701205604
13:07:18,2132,8.024592701205604
13:07:19,2132,8.022463768115943
13:07:20,2132,8.022463768115943
13:07:21,2132,8.020784505208333
13:07:22,2132,8.020784505208333
13:07:23,2132,8.020784505208333
13:07:24,2132,8.020784505208333
13:07:25,2132,8.020784505208333
13:07:26,2132,8.020784505208333
13:07:27,2133,8.020784505208333
13:07:28,2133,8.020784505208333
13:07:29,2133,8.01944037741988
13:07:30,2133,8.01944037741988
13:07:31,2134,8.01944037741988
13:07:32,2134,8.01944037741988
13:07:33,2135,8.01944037741988
13:07:34,2137,8.01944037741988
13:07:35,2137,8.019349593495935
13:07:36,2138,8.019349593495935
13:07:37,2139,8.019349593495935
13:07:38,2139,8.019349593495935
13:07:39,2139,8.019315780919877
13:07:40,2139,8.019315780919877
13:07:41,2139,8.019315780919877
13:07:42,2139,8.019315780919877
13:07:43,2139,8.019315780919877
13:07:44,2139,8.019315780919877
13:07:45,2140,8.019315780919877
13:07:46,2140,8.019315780919877
13:07:47,2140,8.019315780919877
13:07:48,2140,8.019315780919877
13:07:49,2140,8.019315780919877
13:07:50,2140,8.017673814165041
13:07:51,2140,8.017673814165041
13:07:52,2140,8.017673814165041
13:07:53,2140,8.017673814165041
13:07:54,2140,8.015992855983114
13:07:55,2140,8.015992855983114
13:07:56,2140,8.017202207075625
13:07:57,2140,8.016861313868613
13:07:58,2140,8.016861313868613
13:07:59,2140,8.016861313868613
13:08:00,2140,8.014502269779507
13:08:01,2140,8.014502269779507
13:08:02,2140,8.014502269779507
13:08:03,2140,8.013344676713661
13:08:04,2140,8.013344676713661
13:08:05,2140,8.01678814382896
13:08:06,2140,8.01678814382896
13:08:07,2140,8.01678814382896
13:08:08,2140,8.01678814382896
13:08:09,2140,8.016504775781124
13:08:10,2140,8.016504775781124
13:08:11,2140,8.016504775781124
13:08:12,2140,8.016504775781124
13:08:13,2140,8.016504775781124
13:08:14,2140,8.014174757281554
13:08:15,2140,8.014174757281554
13:08:16,2140,8.014174757281554
13:08:17,2140,8.014174757281554
13:08:18,2140,8.014174757281554
13:08:19,2140,8.014174757281554
13:08:20,2140,8.01284974931263
13:08:21,2140,8.01284974931263
13:08:22,2140,8.011614936954413
13:08:23,2140,8.01414606560026
13:08:24,2140,8.012047803617572
13:08:25,2140,8.012047803617572
13:08:26,2140,8.010992736077482
13:08:27,2140,8.010992736077482
13:08:28,2140,8.010446918360762
13:08:29,2140,8.010446918360762
13:08:30,2140,8.010446918360762
13:08:31,2140,8.00875665215288
13:08:32,2140,8.006399097356544
13:08:33,2140,8.006399097356544
13:08:34,2140,8.006399097356544
13:08:35,2140,8.006399097356544
13:08:36,2140,8.006399097356544
13:08:37,2140,8.006399097356544
13:08:38,2140,8.006399097356544
13:08:39,2140,8.006399097356544
13:08:40,2140,8.006399097356544
13:08:41,2140,8.006399097356544
13:08:42,2140,8.006399097356544
13:08:43,2140,8.006399097356544
13:08:44,2140,8.006399097356544
13:08:45,2140,8.003389694041868
13:08:46,2140,8.003389694041868
13:08:47,2140,8.003549010140029
13:08:48,2140,8.003549010140029
13:08:49,2140,8.003549010140029
13:08:50,2140,8.00156048906049
13:08:51,2140,8.00156048906049
13:08:52,2140,8.00156048906049
13:08:53,2140,8.00156048906049
13:08:54,2140,8.00156048906049
13:08:55,2141,8.003135552339605
13:08:56,2141,8.001366120218579
13:08:57,2141,8.001366120218579
13:08:58,2141,8.001366120218579
13:08:59,2142,8.001366120218579
13:09:00,2142,8.001366120218579
13:09:01,2142,7.998907630522088
13:09:02,2142,7.998907630522088
13:09:03,2142,7.998907630522088
13:09:04,2142,7.998907630522088
13:09:05,2142,7.998907630522088
13:09:06,2142,7.998907630522088
13:09:07,2142,7.998907630522088
13:09:08,2142,7.998907630522088
13:09:09,2142,7.998907630522088
13:09:10,2142,7.998907630522088
13:09:11,2142,7.997639691714836
13:09:12,2142,7.996220510351468
13:09:13,2142,7.996220510351468
13:09:14,2142,7.996220510351468
13:09:15,2142,7.996220510351468
13:09:16,2142,7.996220510351468
13:09:17,2142,7.996220510351468
13:09:18,2142,7.996220510351468
13:09:19,2142,7.993880333654155
13:09:20,2142,7.993880333654155
13:09:21,2142,7.993610710277377
13:09:22,2142,7.993610710277377
13:09:23,2142,7.993610710277377
13:09:24,2142,7.993610710277377
13:09:25,2142,7.993610710277377
13:09:26,2142,7.993610710277377
13:09:27,2142,7.993610710277377
13:09:28,2142,7.9920833333333325
13:09:29,2143,7.9920833333333325
13:09:30,2143,7.9920833333333325
13:09:31,2143,7.9897694524495675
13:09:32,2143,7.989502320371259
13:09:33,2145,7.989502320371259
13:09:34,2145,7.989502320371259
13:09:35,2145,7.989963211772233
13:09:36,2145,7.989963211772233
13:09:37,2146,7.989963211772233
13:09:38,2146,7.989963211772233
13:09:39,2146,7.989963211772233
13:09:40,2146,7.989963211772233
13:09:41,2146,7.989963211772233
13:09:42,2147,7.989963211772233
13:09:43,2148,7.989963211772233
13:09:44,2148,7.992821742605915
13:09:45,2148,7.992821742605915
13:09:46,2148,7.992821742605915
13:09:47,2148,7.990100671140939
13:09:48,2148,7.990100671140939
13:09:49,2148,7.990100671140939
13:09:50,2148,7.989618271841559
13:09:51,2148,7.989618271841559
13:09:52,2148,7.987276500638569
13:09:53,2148,7.987276500638569
13:09:54,2148,7.9878410722833895
13:09:55,2148,7.9878410722833895
13:09:56,2148,7.985143540669856
13:09:57,2149,7.985143540669856
13:09:58,2149,7.9824725011956
13:09:59,2149,7.9824725011956
13:10:00,2149,7.9824725011956
13:10:01,2149,7.9824725011956
13:10:02,2149,7.9824725011956
13:10:03,2149,7.9824725011956
13:10:04,2149,7.9824725011956
13:10:05,2149,7.9824725011956
13:10:06,2149,7.9824725011956
13:10:07,2149,7.9824725011956
13:10:08,2150,7.9824725011956
13:10:09,2150,7.9824725011956
13:10:10,2150,7.982194072657744
13:10:11,2150,7.982194072657744
13:10:12,2150,7.982194072657744
13:10:13,2150,7.982194072657744
13:10:14,2150,7.982194072657744
13:10:15,2150,7.982194072657744
13:10:16,2151,7.982194072657744
13:10:17,2151,7.982194072657744
13:10:18,2151,7.982194072657744
13:10:19,2151,7.980020703933747
13:10:20,2152,7.980020703933747
13:10:21,2152,7.978398599172238
13:10:22,2153,7.978398599172238
13:10:23,2154,7.978398599172238
13:10:24,2154,7.976833731105808
13:10:25,2154,7.976833731105808
13:10:26,2154,7.976833731105808
13:10:27,2154,7.976833731105808
13:10:28,2154,7.976833731105808
13:10:29,2154,7.976518765903307
13:10:30,2154,7.974821173104434
13:10:31,2154,7.974821173104434
13:10:32,2154,7.974821173104434
13:10:33,2154,7.974821173104434
13:10:34,2154,7.975937400699078
13:10:35,2154,7.975937400699078
13:10:36,2154,7.975937400699078
13:10:37,2154,7.975937400699078
13:10:38,2154,7.975937400699078
13:10:39,2154,7.975937400699078
13:10:40,2154,7.9758138796252185
13:10:41,2154,7.9758138796252185
13:10:42,2154,7.9758138796252185
13:10:43,2154,7.9758138796252185
13:10:44,2154,7.9758138796252185
13:10:45,2154,7.9758138796252185
13:10:46,2154,7.9758138796252185
13:10:47,2154,7.9758138796252185
13:10:48,2154,7.9758138796252185
13:10:49,2155,7.9758138796252185
13:10:50,2155,7.9758138796252185
13:10:51,2155,7.9758138796252185
13:10:52,2155,7.9758138796252185
13:10:53,2155,7.9758138796252185
13:10:54,2156,7.9758138796252185
13:10:55,2156,7.9758138796252185
13:10:56,2156,7.9758138796252185
13:10:57,2156,7.9758138796252185
13:10:58,2157,7.97668253968254
13:10:59,2157,7.976257337775662
13:11:00,2157,7.976257337775662
13:11:01,2157,7.976257337775662
13:11:02,2157,7.976257337775662
13:11:03,2157,7.976257337775662
13:11:04,2157,7.974341896606407
13:11:05,2157,7.974341896606407
13:11:06,2157,7.974341896606407
13:11:07,2157,7.973720082421937
13:11:08,2157,7.9750950570342205
13:11:09,2157,7.9750950570342205
13:11:10,2157,7.9750950570342205
13:11:11,2157,7.9750950570342205
13:11:12,2158,7.9750950570342205
13:11:13,2158,7.9750950570342205
13:11:14,2158,7.9750950570342205
13:11:15,2158,7.9750950570342205
13:11:16,2158,7.9750950570342205
13:11:17,2158,7.9750950570342205
13:11:18,2158,7.9750950570342205
13:11:19,2158,7.9750950570342205
13:11:20,2158,7.973705463182898
13:11:21,2158,7.973705463182898
13:11:22,2158,7.971881924659702
13:11:23,2158,7.971881924659702
13:11:24,2159,7.971881924659702
13:11:25,2159,7.970336971998102
13:11:26,2159,7.970336971998102
13:11:27,2159,7.970336971998102
13:11:28,2160,7.970336971998102
13:11:29,2160,7.970336971998102
13:11:30,2160,7.970336971998102
13:11:31,2160,7.970336971998102
13:11:32,2160,7.970336971998102
13:11:33,2160,7.970336971998102
13:11:34,2160,7.969726438962682
13:11:35,2160,7.969726438962682
13:11:36,2160,7.969726438962682
13:11:37,2161,7.969726438962682
13:11:38,2161,7.966927453769559
13:11:39,2161,7.966927453769559
13:11:40,2161,7.966927453769559
13:11:41,2161,7.966927453769559
13:11:42,2161,7.96849131121643
13:11:43,2161,7.96849131121643
13:11:44,2161,7.96849131121643
13:11:45,2161,7.96849131121643
13:11:46,2162,7.96849131121643
13:11:47,2162,7.964109848484849
13:11:48,2162,7.964109848484849
13:11:49,2162,7.964109848484849
13:11:50,2162,7.961445022874271
13:11:51,2162,7.961445022874271
13:11:52,2162,7.961445022874271
13:11:53,2162,7.961445022874271
13:11:54,2162,7.9611794386628825
13:11:55,2162,7.95946414499606
13:11:56,2162,7.95946414499606
13:11:57,2162,7.95946414499606
13:11:58,2162,7.95946414499606
13:11:59,2162,7.95946414499606
13:12:00,2162,7.95946414499606
13:12:01,2162,7.95946414499606
13:12:02,2162,7.95946414499606
13:12:03,2162,7.960759294265911
13:12:04,2162,7.960759294265911
13:12:05,2162,7.957849157612974
13:12:06,2162,7.957849157612974
13:12:07,2162,7.957849157612974
13:12:08,2162,7.957849157612974
13:12:09,2162,7.957849157612974
13:12:10,2162,7.956554926030846
13:12:11,2162,7.956554926030846
13:12:12,2163,7.956554926030846
13:12:13,2163,7.956554926030846
13:12:14,2163,7.9562293534686175
13:12:15,2164,7.9562293534686175
13:12:16,2164,7.9562293534686175
13:12:17,2164,7.9562293534686175
13:12:18,2164,7.954064465408805
13:12:19,2165,7.954064465408805
13:12:20,2165,7.954064465408805
13:12:21,2166,7.954064465408805
13:12:22,2167,7.954064465408805
13:12:23,2167,7.954013509267986
13:12:24,2167,7.954013509267986
13:12:25,2167,7.954013509267986
13:12:26,2167,7.954013509267986
13:12:27,2168,7.954013509267986
13:12:28,2169,7.954013509267986
13:12:29,2169,7.951248233631654
13:12:30,2169,7.951248233631654
13:12:31,2169,7.951248233631654
13:12:32,2169,7.951248233631654
13:12:33,2169,7.951248233631654
13:12:34,2169,7.948728813559322
13:12:35,2169,7.948728813559322
13:12:36,2169,7.948728813559322
13:12:37,2169,7.948728813559322
13:12:38,2169,7.948728813559322
13:12:39,2169,7.948728813559322
13:12:40,2169,7.9437206020696145
13:12:41,2169,7.9437206020696145
13:12:42,2169,7.9437206020696145
13:12:43,2169,7.9437206020696145
13:12:44,2169,7.9437206020696145
13:12:45,2169,7.9437206020696145
13:12:46,2169,7.9437206020696145
13:12:47,2169,7.945557122708039
13:12:48,2169,7.945557122708039
13:12:49,2170,7.945557122708039
13:12:50,2170,7.945557122708039
13:12:51,2170,7.945557122708039
13:12:52,2170,7.945557122708039
13:12:53,2170,7.945557122708039
13:12:54,2170,7.945557122708039
13:12:55,2170,7.945557122708039
13:12:56,2170,7.945557122708039
13:12:57,2170,7.943029448621554
13:12:58,2170,7.943029448621554
13:12:59,2170,7.943029448621554
13:13:00,2170,7.941819320494755
13:13:01,2171,7.941819320494755
13:13:02,2171,7.941819320494755
13:13:03,2171,7.941564945226917
13:13:04,2171,7.941564945226917
13:13:05,2171,7.941564945226917
13:13:06,2171,7.9435789144376665
13:13:07,2172,7.9435789144376665
13:13:08,2172,7.9435789144376665
13:13:09,2172,7.9435789144376665
13:13:10,2173,7.9435789144376665
13:13:11,2175,7.9435789144376665
13:13:12,2176,7.944647601187685
13:13:13,2177,7.944647601187685
13:13:14,2177,7.944647601187685
13:13:15,2177,7.944647601187685
13:13:16,2178,7.944647601187685
13:13:17,2179,7.944647601187685
13:13:18,2179,7.942400812246174
13:13:19,2179,7.939773614363778
13:13:20,2179,7.939773614363778
13:13:21,2179,7.939773614363778
13:13:22,2181,7.93920099875156
13:13:23,2182,7.93920099875156
13:13:24,2182,7.93920099875156
13:13:25,2183,7.93920099875156
13:13:26,2183,7.93920099875156
13:13:27,2185,7.93920099875156
13:13:28,2187,7.93920099875156
13:13:29,2187,7.93920099875156
13:13:30,2188,7.93920099875156
13:13:31,2189,7.938745905474964
13:13:32,2189,7.938745905474964
13:13:33,2189,7.938745905474964
13:13:34,2189,7.938745905474964
13:13:35,2192,7.938745905474964
13:13:36,2192,7.938745905474964
13:13:37,2192,7.938745905474964
13:13:38,2193,7.938745905474964
13:13:39,2194,7.938745905474964
13:13:40,2194,7.940824758341129
13:13:41,2194,7.940824758341129
13:13:42,2194,7.940824758341129
13:13:43,2195,7.940824758341129
13:13:44,2196,7.940824758341129
13:13:45,2196,7.940824758341129
13:13:46,2196,7.940824758341129
13:13:47,2197,7.940824758341129
13:13:48,2197,7.940824758341129
13:13:49,2198,7.940824758341129
13:13:50,2198,7.940824758341129
13:13:51,2198,7.940824758341129
13:13:52,2199,7.940824758341129
13:13:53,2199,7.940824758341129
13:13:54,2200,7.940824758341129
13:13:55,2200,7.940824758341129
13:13:56,2200,7.940824758341129
13:13:57,2200,7.940824758341129
13:13:58,2201,7.940824758341129
13:13:59,2201,7.938211002025868
13:14:00,2202,7.938211002025868
13:14:01,2203,7.938211002025868
13:14:02,2203,7.939820872274143
13:14:03,2203,7.939820872274143
13:14:04,2203,7.93847890393897
13:14:05,2204,7.93598661686897
13:14:06,2204,7.93598661686897
13:14:07,2204,7.93598661686897
13:14:08,2204,7.93598661686897
13:14:09,2205,7.93598661686897
13:14:10,2205,7.93598661686897
13:14:11,2205,7.9357209519365375
13:14:12,2205,7.9357209519365375
13:14:13,2205,7.937810945273632
13:14:14,2205,7.937810945273632
13:14:15,2205,7.937810945273632
13:14:16,2206,7.937810945273632
13:14:17,2206,7.937810945273632
13:14:18,2206,7.937810945273632
13:14:19,2206,7.937810945273632
13:14:20,2206,7.937810945273632
13:14:21,2206,7.937810945273632
13:14:22,2206,7.937810945273632
13:14:23,2206,7.937810945273632
13:14:24,2207,7.937810945273632
13:14:25,2208,7.937810945273632
13:14:26,2208,7.937810945273632
13:14:27,2208,7.937810945273632
13:14:28,2208,7.937810945273632
13:14:29,2209,7.937810945273632
13:14:30,2209,7.937810945273632
13:14:31,2209,7.937474747474748
13:14:32,2209,7.934739049394222
13:14:33,2209,7.932130104021114
13:14:34,2209,7.932130104021114
13:14:35,2209,7.932130104021114
13:14:36,2210,7.929422718808194
13:14:37,2210,7.929422718808194
13:14:38,2210,7.929261672095548
13:14:39,2210,7.929261672095548
13:14:40,2210,7.929261672095548
13:14:41,2210,7.927364341085271
13:14:42,2210,7.927364341085271
13:14:43,2210,7.927364341085271
13:14:44,2210,7.927364341085271
13:14:45,2210,7.927364341085271
13:14:46,2210,7.927364341085271
13:14:47,2210,7.929110491244383
13:14:48,2210,7.929110491244383
13:14:49,2210,7.929110491244383
13:14:50,2210,7.929110491244383
13:14:51,2210,7.930351610904585
13:14:52,2211,7.930351610904585
13:14:53,2211,7.927527481034216
13:14:54,2211,7.927527481034216
13:14:55,2212,7.927527481034216
13:14:56,2213,7.92530950170226
13:14:57,2213,7.92530950170226
13:14:58,2213,7.922482598607888
13:14:59,2215,7.922482598607888
13:15:00,2216,7.922482598607888
13:15:01,2216,7.922482598607888
13:15:02,2217,7.919658317872604
13:15:03,2219,7.919658317872604
13:15:04,2219,7.919658317872604
13:15:05,2219,7.919658317872604
13:15:06,2219,7.919658317872604
13:15:07,2219,7.919658317872604
13:15:08,2219,7.919658317872604
13:15:09,2219,7.919658317872604
13:15:10,2221,7.919658317872604
13:15:11,2221,7.919658317872604
13:15:12,2221,7.919658317872604
13:15:13,2221,7.919658317872604
13:15:14,2221,7.919658317872604
13:15:15,2222,7.919658317872604
13:15:16,2222,7.919658317872604
13:15:17,2222,7.919658317872604
13:15:18,2223,7.919658317872604
13:15:19,2223,7.919658317872604
13:15:20,2223,7.918660176170607
13:15:21,2223,7.920312017299969
13:15:22,2223,7.920312017299969
13:15:23,2224,7.920312017299969
13:15:24,2224,7.915138888888889
13:15:25,2224,7.915138888888889
13:15:26,2226,7.915964831096715
13:15:27,2226,7.915964831096715
13:15:28,2226,7.913268608414239
13:15:29,2226,7.913268608414239
13:15:30,2227,7.913268608414239
13:15:31,2227,7.913268608414239
13:15:32,2227,7.913268608414239
13:15:33,2227,7.913268608414239
13:15:34,2228,7.913268608414239
13:15:35,2228,7.913268608414239
13:15:36,2228,7.913268608414239
13:15:37,2229,7.913268608414239
13:15:38,2229,7.913268608414239
13:15:39,2229,7.913268608414239
13:15:40,2230,7.913268608414239
13:15:41,2230,7.913268608414239
13:15:42,2230,7.913268608414239
13:15:43,2231,7.9106900800985835
13:15:44,2231,7.9106900800985835
13:15:45,2231,7.9106900800985835
13:15:46,2232,7.908652809853733
13:15:47,2232,7.908652809853733
13:15:48,2232,7.905268420243039
13:15:49,2233,7.905268420243039
13:15:50,2233,7.902713714637146
13:15:51,2234,7.902713714637146
13:15:52,2234,7.902713714637146
13:15:53,2234,7.902713714637146
13:15:54,2235,7.902713714637146
13:15:55,2235,7.901237129245428
13:15:56,2235,7.90241935483871
13:15:57,2237,7.90241935483871
13:15:58,2237,7.90241935483871
13:15:59,2237,7.90241935483871
13:16:00,2237,7.90241935483871
13:16:01,2237,7.90241935483871
13:16:02,2237,7.90241935483871
13:16:03,2237,7.90241935483871
13:16:04,2237,7.90241935483871
13:16:05,2237,7.8975368324125235
13:16:06,2237,7.8975368324125235
13:16:07,2237,7.8975368324125235
13:16:08,2237,7.8975368324125235
13:16:09,2237,7.8975368324125235
13:16:10,2237,7.8975368324125235
13:16:11,2237,7.8975368324125235
13:16:12,2237,7.8975368324125235
13:16:13,2238,7.89497622334714
13:16:14,2238,7.89497622334714
13:16:15,2238,7.896036491873659
13:16:16,2238,7.896036491873659
13:16:17,2238,7.896036491873659
13:16:18,2238,7.896036491873659
13:16:19,2238,7.896036491873659
13:16:20,2238,7.896036491873659
13:16:21,2238,7.896036491873659
13:16:22,2238,7.893731800766284
13:16:23,2238,7.893731800766284
13:16:24,2238,7.893731800766284
13:16:25,2239,7.893731800766284
13:16:26,2239,7.893731800766284
13:16:27,2239,7.893731800766284
13:16:28,2239,7.893731800766284
13:16:29,2239,7.893731800766284
13:16:30,2239,7.892451385698974
13:16:31,2239,7.892451385698974
13:16:32,2240,7.892451385698974
13:16:33,2240,7.889990817263544
13:16:34,2240,7.889990817263544
13:16:35,2240,7.887285932721713
13:16:36,2240,7.887285932721713
13:16:37,2240,7.8852284884609505
13:16:38,2240,7.8852284884609505
13:16:39,2240,7.8852284884609505
13:16:40,2240,7.8852284884609505
13:16:41,2240,7.88256186984418
13:16:42,2240,7.88256186984418
13:16:43,2240,7.88256186984418
13:16:44,2240,7.88256186984418
13:16:45,2240,7.88039395327531
13:16:46,2240,7.88039395327531
13:16:47,2240,7.88039395327531
13:16:48,2240,7.88039395327531
13:16:49,2240,7.88039395327531
13:16:50,2241,7.88039395327531
13:16:51,2241,7.88039395327531
13:16:52,2242,7.88039395327531
13:16:53,2243,7.88039395327531
13:16:54,2243,7.88039395327531
13:16:55,2243,7.88039395327531
13:16:56,2243,7.87845695970696
13:16:57,2243,7.87845695970696
13:16:58,2243,7.87845695970696
13:16:59,2243,7.87845695970696
13:17:00,2244,7.87845695970696
13:17:01,2244,7.87845695970696
13:17:02,2244,7.87845695970696
13:17:03,2244,7.87845695970696
13:17:04,2244,7.87845695970696
13:17:05,2246,7.87845695970696
13:17:06,2246,7.87845695970696
13:17:07,2246,7.87845695970696
13:17:08,2247,7.876155606407322
13:17:09,2247,7.876155606407322
13:17:10,2248,7.874763647453492
13:17:11,2248,7.874763647453492
13:17:12,2248,7.87283950617284
13:17:13,2248,7.870307739183425
13:17:14,2249,7.870307739183425
13:17:15,2250,7.870307739183425
13:17:16,2250,7.870307739183425
13:17:17,2250,7.870307739183425
13:17:18,2251,7.870307739183425
13:17:19,2251,7.870307739183425
13:17:20,2251,7.870307739183425
13:17:21,2252,7.870307739183425
13:17:22,2252,7.870307739183425
13:17:23,2253,7.870307739183425
13:17:24,2253,7.8686310339576675
13:17:25,2254,7.866841704718417
13:17:26,2255,7.866841704718417
13:17:27,2255,7.866841704718417
13:17:28,2255,7.866841704718417
13:17:29,2255,7.866841704718417
13:17:30,2255,7.866841704718417
13:17:31,2255,7.866841704718417
13:17:32,2256,7.866841704718417
13:17:33,2256,7.865152898219991
13:17:34,2256,7.866035583941606
13:17:35,2257,7.866035583941606
13:17:36,2257,7.866035583941606
13:17:37,2257,7.8642118863049095
13:17:38,2257,7.8642118863049095
13:17:39,2257,7.8642118863049095
13:17:40,2257,7.8642118863049095
13:17:41,2258,7.861766940139775
13:17:42,2258,7.861766940139775
13:17:43,2258,7.861766940139775
13:17:44,2259,7.861766940139775
13:17:45,2259,7.861766940139775
13:17:46,2259,7.860083523158694
13:17:47,2259,7.860083523158694
13:17:48,2259,7.860083523158694
13:17:49,2259,7.857817243472981
13:17:50,2259,7.857817243472981
13:17:51,2259,7.857817243472981
13:17:52,2259,7.857817243472981
13:17:53,2259,7.857817243472981
13:17:54,2259,7.857817243472981
13:17:55,2259,7.857817243472981
13:17:56,2259,7.857817243472981
13:17:57,2259,7.857817243472981
13:17:58,2259,7.857817243472981
13:17:59,2259,7.857817243472981
13:18:00,2259,7.856243362160522
13:18:01,2259,7.856243362160522
13:18:02,2259,7.854723991507431
13:18:03,2259,7.854723991507431
13:18:04,2259,7.854723991507431
13:18:05,2259,7.854723991507431
13:18:06,2260,7.854723991507431
13:18:07,2260,7.854723991507431
13:18:08,2260,7.854723991507431
13:18:09,2260,7.8525845081097465
13:18:10,2260,7.8525845081097465
13:18:11,2260,7.8525845081097465
13:18:12,2260,7.850909090909091
13:18:13,2260,7.848538543086476
13:18:14,2261,7.847048138056312
13:18:15,2261,7.844673929490089
13:18:16,2261,7.844673929490089
13:18:17,2261,7.842369933454325
13:18:18,2261,7.842369933454325
13:18:19,2262,7.840544217687074
13:18:20,2262,7.840544217687074
13:18:21,2263,7.840544217687074
13:18:22,2263,7.840544217687074
13:18:23,2263,7.840544217687074
13:18:24,2264,7.840544217687074
13:18:25,2264,7.840544217687074
13:18:26,2264,7.840170746449078
13:18:27,2264,7.8380380607159035
13:18:28,2264,7.8380380607159035
13:18:29,2265,7.8380380607159035
13:18:30,2265,7.8380380607159035
13:18:31,2265,7.835431763285024
13:18:32,2266,7.835431763285024
13:18:33,2266,7.835431763285024
13:18:34,2266,7.834110457220461
13:18:35,2266,7.834110457220461
13:18:36,2266,7.834110457220461
13:18:37,2266,7.834110457220461
13:18:38,2266,7.832669683257919
13:18:39,2268,7.832669683257919
13:18:40,2269,7.832669683257919
13:18:41,2270,7.832669683257919
13:18:42,2270,7.832669683257919
13:18:43,2271,7.832669683257919
13:18:44,2271,7.830506558118499
13:18:45,2272,7.830506558118499
13:18:46,2272,7.830506558118499
13:18:47,2272,7.830506558118499
13:18:48,2272,7.830506558118499
13:18:49,2274,7.8286693791440625
13:18:50,2274,7.8286693791440625
13:18:51,2274,7.826434704021691
13:18:52,2274,7.826434704021691
13:18:53,2275,7.826434704021691
13:18:54,2275,7.823961156278229
13:18:55,2275,7.823961156278229
13:18:56,2276,7.823961156278229
13:18:57,2276,7.821858540255832
13:18:58,2276,7.821858540255832
13:18:59,2277,7.820096269554753
13:19:00,2277,7.820096269554753
13:19:01,2277,7.820096269554753
13:19:02,2277,7.818764095624718
13:19:03,2278,7.818764095624718
13:19:04,2278,7.818764095624718
13:19:05,2278,7.818764095624718
13:19:06,2280,7.818764095624718
13:19:07,2280,7.818764095624718
13:19:08,2280,7.816771866546437
13:19:09,2281,7.816771866546437
13:19:10,2282,7.814946672675379
13:19:11,2282,7.814946672675379
13:19:12,2282,7.814946672675379
13:19:13,2282,7.814946672675379
13:19:14,2282,7.814946672675379
13:19:15,2282,7.814946672675379
13:19:16,2282,7.812364864864865
13:19:17,2282,7.812364864864865
13:19:18,2282,7.812364864864865
13:19:19,2282,7.8113312321776975
13:19:20,2282,7.8113312321776975
13:19:21,2282,7.80976597659766
13:19:22,2282,7.807309941520468
13:19:23,2282,7.807309941520468
13:19:24,2282,7.807309941520468
13:19:25,2283,7.807309941520468
13:19:26,2284,7.805403177458033
13:19:27,2284,7.805403177458033
13:19:28,2284,7.8043071161048685
13:19:29,2285,7.8043071161048685
13:19:30,2285,7.803638814016172
13:19:31,2285,7.803638814016172
13:19:32,2286,7.8017587187546775
13:19:33,2286,7.8017587187546775
13:19:34,2286,7.799872830640336
13:19:35,2286,7.799872830640336
13:19:36,2287,7.799872830640336
13:19:37,2287,7.799872830640336
13:19:38,2288,7.799872830640336
13:19:39,2288,7.799872830640336
13:19:40,2288,7.799872830640336
13:19:41,2288,7.799872830640336
13:19:42,2288,7.799872830640336
13:19:43,2288,7.799872830640336
13:19:44,2288,7.799872830640336
13:19:45,2288,7.799872830640336
13:19:46,2288,7.799872830640336
13:19:47,2288,7.797420367877972
13:19:48,2288,7.797420367877972
13:19:49,2288,7.795119581464873
13:19:50,2288,7.795119581464873
13:19:51,2288,7.795119581464873
13:19:52,2288,7.795119581464873
13:19:53,2288,7.795119581464873
13:19:54,2289,7.795119581464873
13:19:55,2290,7.795119581464873
13:19:56,2290,7.793717316599432
13:19:57,2290,7.793717316599432
13:19:58,2290,7.7915098566308245
13:19:59,2291,7.7915098566308245
13:20:00,2291,7.789408866995074
13:20:01,2291,7.789408866995074
13:20:02,2291,7.789408866995074
13:20:03,2291,7.789408866995074
13:20:04,2291,7.788891375708744
13:20:05,2291,7.788891375708744
13:20:06,2292,7.786860551826995
13:20:07,2293,7.786860551826995
13:20:08,2293,7.786860551826995
13:20:09,2293,7.785942158616577
13:20:10,2293,7.785942158616577
13:20:11,2293,7.785942158616577
13:20:12,2293,7.785942158616577
13:20:13,2293,7.781702412868632
13:20:14,2293,7.781702412868632
13:20:15,2293,7.781702412868632
13:20:16,2293,7.781702412868632
13:20:17,2294,7.7808396605627514
13:20:18,2294,7.778526785714286
13:20:19,2294,7.775977986018146
13:20:20,2294,7.775977986018146
13:20:21,2294,7.775977986018146
13:20:22,2295,7.775977986018146
13:20:23,2295,7.775977986018146
13:20:24,2295,7.775977986018146
13:20:25,2297,7.775977986018146
13:20:26,2297,7.775977986018146
13:20:27,2298,7.775977986018146
13:20:28,2298,7.7749479631281595
13:20:29,2299,7.7749479631281595
13:20:30,2300,7.7749479631281595
13:20:31,2301,7.7749479631281595
13:20:32,2302,7.7730123346708275
13:20:33,2303,7.7730123346708275
13:20:34,2303,7.7730123346708275
13:20:35,2304,7.770900178253119
13:20:36,2305,7.770900178253119
13:20:37,2305,7.770900178253119
13:20:38,2305,7.768945805493689
13:20:39,2308,7.768945805493689
13:20:40,2308,7.766785396260018
13:20:41,2308,7.766785396260018
13:20:42,2309,7.764382139148494
13:20:43,2311,7.764382139148494
13:20:44,2311,7.764382139148494
13:20:45,2312,7.762455516014234
13:20:46,2312,7.762455516014234
13:20:47,2313,7.762455516014234
13:20:48,2314,7.762455516014234
13:20:49,2314,7.762455516014234
13:20:50,2315,7.762455516014234
13:20:51,2316,7.762455516014234
13:20:52,2316,7.762455516014234
13:20:53,2316,7.7621387283237
13:20:54,2318,7.7621387283237
13:20:55,2318,7.760266666666666
13:20:56,2319,7.760266666666666
13:20:57,2320,7.760266666666666
13:20:58,2320,7.760266666666666
13:20:59,2321,7.760266666666666
13:21:00,2322,7.760266666666666
13:21:01,2322,7.760266666666666
13:21:02,2322,7.760266666666666
13:21:03,2324,7.760266666666666
13:21:04,2325,7.760266666666666
13:21:05,2325,7.760266666666666
13:21:06,2327,7.759447652895009
13:21:07,2327,7.759447652895009
13:21:08,2327,7.759447652895009
13:21:09,2329,7.759447652895009
13:21:10,2329,7.759447652895009
13:21:11,2330,7.759447652895009
13:21:12,2332,7.757052989934873
13:21:13,2332,7.757052989934873
13:21:14,2332,7.757052989934873
13:21:15,2333,7.754416333777186
13:21:16,2334,7.754416333777186
13:21:17,2334,7.7533939662821645
13:21:18,2335,7.7533939662821645
13:21:19,2337,7.751677753141168
13:21:20,2337,7.751677753141168
13:21:21,2337,7.751677753141168
13:21:22,2339,7.747718210013292
13:21:23,2340,7.747718210013292
13:21:24,2340,7.747718210013292
13:21:25,2340,7.747718210013292
13:21:26,2341,7.747718210013292
13:21:27,2341,7.747718210013292
13:21:28,2341,7.745999409506938
13:21:29,2341,7.745999409506938
13:21:30,2343,7.745999409506938
13:21:31,2343,7.745999409506938
13:21:32,2343,7.743950125424229
13:21:33,2343,7.743950125424229
13:21:34,2343,7.743950125424229
13:21:35,2343,7.743950125424229
13:21:36,2343,7.743950125424229
13:21:37,2344,7.743950125424229
13:21:38,2345,7.743950125424229
13:21:39,2345,7.743950125424229
13:21:40,2345,7.743950125424229
13:21:41,2345,7.743950125424229
13:21:42,2345,7.7439675516224185
13:21:43,2345,7.7439675516224185
13:21:44,2346,7.741825151113077
13:21:45,2346,7.741825151113077
13:21:46,2346,7.739846743295019
13:21:47,2346,7.737457652084254
13:21:48,2347,7.737457652084254
13:21:49,2348,7.736219081272084
13:21:50,2348,7.736219081272084
13:21:51,2348,7.736219081272084
13:21:52,2348,7.736219081272084
13:21:53,2349,7.736219081272084
13:21:54,2349,7.736219081272084
13:21:55,2350,7.73420897718911
13:21:56,2351,7.73420897718911
13:21:57,2351,7.732296263606943
13:21:58,2352,7.732296263606943
13:21:59,2352,7.730966034406705
13:22:00,2352,7.730966034406705
13:22:01,2352,7.730673133450911
13:22:02,2352,7.730673133450911
13:22:03,2352,7.730673133450911
13:22:04,2352,7.730673133450911
13:22:05,2352,7.730673133450911
13:22:06,2352,7.730673133450911
13:22:07,2352,7.730673133450911
13:22:08,2352,7.728779197884531
13:22:09,2352,7.728779197884531
13:22:10,2352,7.728779197884531
13:22:11,2352,7.728779197884531
13:22:12,2352,7.728779197884531
13:22:13,2352,7.728779197884531
13:22:14,2353,7.726798825256975
13:22:15,2354,7.726798825256975
13:22:16,2354,7.726798825256975
13:22:17,2354,7.724812857771907
13:22:18,2354,7.724812857771907
13:22:19,2355,7.723019366197183
13:22:20,2355,7.723019366197183
13:22:21,2355,7.723019366197183
13:22:22,2355,7.723019366197183
13:22:23,2355,7.721249450065993
13:22:24,2355,7.7194957490472005
13:22:25,2355,7.7194957490472005
13:22:26,2355,7.716901098901099
13:22:27,2355,7.716901098901099
13:22:28,2355,7.716901098901099
13:22:29,2355,7.716901098901099
13:22:30,2355,7.716901098901099
13:22:31,2355,7.716901098901099
13:22:32,2355,7.716901098901099
13:22:33,2355,7.714667545401288
13:22:34,2356,7.714667545401288
13:22:35,2357,7.71280193236715
13:22:36,2357,7.71280193236715
13:22:37,2357,7.71280193236715
13:22:38,2357,7.71280193236715
13:22:39,2358,7.71280193236715
13:22:40,2358,7.71280193236715
13:22:41,2358,7.71280193236715
13:22:42,2358,7.7109672227099795
13:22:43,2358,7.7109672227099795
13:22:44,2358,7.7109672227099795
13:22:45,2358,7.7109672227099795
13:22:46,2358,7.70895129442738
13:22:47,2358,7.70895129442738
13:22:48,2358,7.70895129442738
13:22:49,2358,7.706600877192982
13:22:50,2358,7.706600877192982
13:22:51,2358,7.704864154250657
13:22:52,2358,7.703204847422981
13:22:53,2358,7.703204847422981
13:22:54,2359,7.703204847422981
13:22:55,2359,7.703204847422981
13:22:56,2359,7.703204847422981
13:22:57,2359,7.703204847422981
13:22:58,2359,7.703204847422981
13:22:59,2359,7.703204847422981
13:23:00,2359,7.701532399299475
13:23:01,2359,7.701532399299475
13:23:02,2359,7.699708242159008
13:23:03,2359,7.6973826188393115
13:23:04,2360,7.6973826188393115
13:23:05,2360,7.6973826188393115
13:23:06,2360,7.6973826188393115
13:23:07,2362,7.6973826188393115
13:23:08,2362,7.6973826188393115
13:23:09,2362,7.6973826188393115
13:23:10,2364,7.6973826188393115
13:23:11,2364,7.6973826188393115
13:23:12,2364,7.6973826188393115
13:23:13,2365,7.6973826188393115
13:23:14,2366,7.695911674682991
13:23:15,2366,7.695911674682991
13:23:16,2366,7.695911674682991
13:23:17,2367,7.695911674682991
13:23:18,2367,7.695911674682991
13:23:19,2367,7.695911674682991
13:23:20,2367,7.693691724941726
13:23:21,2367,7.693691724941726
13:23:22,2367,7.693691724941726
13:23:23,2367,7.691750400465996
13:23:24,2367,7.691750400465996
13:23:25,2367,7.691750400465996
13:23:26,2367,7.6896724890829695
13:23:27,2367,7.6875745671468065
13:23:28,2367,7.6875745671468065
13:23:29,2367,7.685740255962769
13:23:30,2368,7.685740255962769
13:23:31,2368,7.68204010462075
13:23:32,2368,7.68204010462075
13:23:33,2368,7.68204010462075
13:23:34,2369,7.68204010462075
13:23:35,2369,7.68204010462075
13:23:36,2369,7.68204010462075
13:23:37,2369,7.68204010462075
13:23:38,2370,7.68204010462075
13:23:39,2370,7.68204010462075
13:23:40,2370,7.680123456790124
13:23:41,2370,7.680123456790124
13:23:42,2370,7.680123456790124
13:23:43,2371,7.680378919860627
13:23:44,2371,7.680378919860627
13:23:45,2371,7.680378919860627
13:23:46,2372,7.680378919860627
13:23:47,2372,7.680378919860627
13:23:48,2373,7.680378919860627
13:23:49,2373,7.678283268030765
13:23:50,2374,7.676421525964607
13:23:51,2374,7.674568653037553
13:23:52,2374,7.674568653037553
13:23:53,2374,7.674568653037553
13:23:54,2375,7.674568653037553
13:23:55,2375,7.674568653037553
13:23:56,2375,7.674568653037553
13:23:57,2376,7.674568653037553
13:23:58,2376,7.674568653037553
13:23:59,2377,7.674568653037553
13:24:00,2377,7.674568653037553
13:24:01,2378,7.674568653037553
13:24:02,2378,7.674568653037553
13:24:03,2378,7.674568653037553
13:24:04,2379,7.674568653037553
13:24:05,2379,7.672775362318841
13:24:06,2379,7.671389251050268
13:24:07,2380,7.6695264986967855
13:24:08,2381,7.6695264986967855
13:24:09,2381,7.6695264986967855
13:24:10,2382,7.667672600955275
13:24:11,2383,7.667672600955275
13:24:12,2383,7.667672600955275
13:24:13,2383,7.667672600955275
13:24:14,2383,7.667672600955275
13:24:15,2383,7.665842013888889
13:24:16,2383,7.665842013888889
13:24:17,2384,7.665842013888889
13:24:18,2384,7.665842013888889
13:24:19,2385,7.665842013888889
13:24:20,2385,7.665842013888889
13:24:21,2386,7.665842013888889
13:24:22,2386,7.665842013888889
13:24:23,2386,7.663976861894432
13:24:24,2386,7.663976861894432
13:24:25,2386,7.663976861894432
13:24:26,2387,7.663976861894432
13:24:27,2388,7.663976861894432
13:24:28,2388,7.663976861894432
13:24:29,2388,7.663976861894432
13:24:30,2389,7.66064152579107
13:24:31,2389,7.66064152579107
13:24:32,2389,7.66064152579107
13:24:33,2390,7.659055459272097
13:24:34,2390,7.659055459272097
13:24:35,2390,7.659693951205428
13:24:36,2390,7.657886002886003
13:24:37,2391,7.657886002886003
13:24:38,2391,7.656072407327275
13:24:39,2392,7.656072407327275
13:24:40,2393,7.656072407327275
13:24:41,2393,7.654498269896194
13:24:42,2393,7.654498269896194
13:24:43,2394,7.654498269896194
13:24:44,2395,7.654498269896194
13:24:45,2395,7.654498269896194
13:24:46,2395,7.654498269896194
13:24:47,2396,7.654498269896194
13:24:48,2397,7.654498269896194
13:24:49,2397,7.654498269896194
13:24:50,2397,7.654498269896194
13:24:51,2398,7.654498269896194
13:24:52,2399,7.654498269896194
13:24:53,2399,7.654498269896194
13:24:54,2399,7.652954316183888
13:24:55,2400,7.652954316183888
13:24:56,2400,7.649992800575954
13:24:57,2400,7.649992800575954
13:24:58,2401,7.649992800575954
13:24:59,2401,7.648380829015545
13:25:00,2402,7.648380829015545
13:25:01,2402,7.648380829015545
13:25:02,2402,7.648380829015545
13:25:03,2402,7.646942885915696
13:25:04,2402,7.645398331895311
13:25:05,2403,7.64383354894351
13:25:06,2403,7.642341954022988
13:25:07,2403,7.642341954022988
13:25:08,2403,7.640686485710182
13:25:09,2403,7.640686485710182
13:25:10,2403,7.640686485710182
13:25:11,2403,7.640686485710182
13:25:12,2403,7.640686485710182
13:25:13,2403,7.640686485710182
13:25:14,2403,7.6392334194659774
13:25:15,2404,7.6392334194659774
13:25:16,2404,7.6392334194659774
13:25:17,2404,7.6392334194659774
13:25:18,2405,7.6392334194659774
13:25:19,2406,7.6392334194659774
13:25:20,2406,7.6375304921796525
13:25:21,2406,7.6375304921796525
13:25:22,2406,7.6375304921796525
13:25:23,2406,7.6375304921796525
13:25:24,2407,7.6375304921796525
13:25:25,2407,7.6375304921796525
13:25:26,2407,7.635584229390681
13:25:27,2407,7.635584229390681
13:25:28,2407,7.635584229390681
13:25:29,2407,7.634092863284609
13:25:30,2407,7.634092863284609
13:25:31,2407,7.632559805185504
13:25:32,2407,7.632559805185504
13:25:33,2407,7.632559805185504
13:25:34,2407,7.63120704467354
13:25:35,2407,7.63120704467354
13:25:36,2407,7.63120704467354
13:25:37,2409,7.63120704467354
13:25:38,2409,7.63120704467354
13:25:39,2410,7.63120704467354
13:25:40,2410,7.63120704467354
13:25:41,2411,7.63120704467354
13:25:42,2411,7.63120704467354
13:25:43,2412,7.63120704467354
13:25:44,2412,7.63120704467354
13:25:45,2412,7.63120704467354
13:25:46,2413,7.63120704467354
13:25:47,2413,7.63120704467354
13:25:48,2414,7.629898382710748
13:25:49,2414,7.629898382710748
13:25:50,2414,7.629898382710748
13:25:51,2414,7.629898382710748
13:25:52,2414,7.629898382710748
13:25:53,2414,7.627234377234377
13:25:54,2414,7.627234377234377
13:25:55,2414,7.625907661520869
13:25:56,2414,7.624639234176311
13:25:57,2414,7.62238646101114
13:25:58,2414,7.62238646101114
13:25:59,2414,7.62238646101114
13:26:00,2415,7.62238646101114
13:26:01,2415,7.6208493932905075
13:26:02,2415,7.6208493932905075
13:26:03,2415,7.6208493932905075
13:26:04,2415,7.6208493932905075
13:26:05,2416,7.6208493932905075
13:26:06,2416,7.6208493932905075
13:26:07,2416,7.6208493932905075
13:26:08,2417,7.6208493932905075
13:26:09,2417,7.620248287671233
13:26:10,2417,7.620248287671233
13:26:11,2417,7.620248287671233
13:26:12,2418,7.618392526030523
13:26:13,2418,7.618392526030523
13:26:14,2418,7.618392526030523
13:26:15,2418,7.618392526030523
13:26:16,2419,7.618392526030523
13:26:17,2419,7.617044482463644
13:26:18,2419,7.617044482463644
13:26:19,2420,7.617044482463644
13:26:20,2420,7.617044482463644
13:26:21,2420,7.615982613652558
13:26:22,2420,7.615982613652558
13:26:23,2421,7.614622507122507
13:26:24,2421,7.614622507122507
13:26:25,2421,7.614622507122507
13:26:26,2422,7.614622507122507
13:26:27,2422,7.612233134073441
13:26:28,2422,7.612233134073441
13:26:29,2422,7.612233134073441
13:26:30,2422,7.612233134073441
13:26:31,2422,7.612233134073441
13:26:32,2422,7.612233134073441
13:26:33,2423,7.612233134073441
13:26:34,2424,7.610826575615308
13:26:35,2424,7.610826575615308
13:26:36,2424,7.610826575615308
13:26:37,2424,7.610826575615308
13:26:38,2424,7.610826575615308
13:26:39,2424,7.610826575615308
13:26:40,2424,7.610826575615308
13:26:41,2424,7.610826575615308
13:26:42,2424,7.610826575615308
13:26:43,2424,7.610826575615308
13:26:44,2424,7.60967007963595
13:26:45,2424,7.60860696517413
13:26:46,2424,7.60860696517413
13:26:47,2424,7.60860696517413
13:26:48,2424,7.606635407786302
13:26:49,2424,7.606635407786302
13:26:50,2425,7.606635407786302
13:26:51,2425,7.6057662263882975
13:26:52,2425,7.6057662263882975
13:26:53,2425,7.6057662263882975
13:26:54,2425,7.604471890971039
13:26:55,2425,7.604471890971039
13:26:56,2425,7.604471890971039
13:26:57,2425,7.604471890971039
13:26:58,2425,7.604471890971039
13:26:59,2425,7.604471890971039
13:27:00,2425,7.602575564069817
13:27:01,2426,7.602575564069817
13:27:02,2426,7.602283687943262
13:27:03,2426,7.602283687943262
13:27:04,2426,7.602283687943262
13:27:05,2427,7.600957039557636
13:27:06,2427,7.600957039557636
13:27:07,2427,7.599064625850341
13:27:08,2427,7.599064625850341
13:27:09,2428,7.598285876186428
13:27:10,2428,7.598285876186428
13:27:11,2428,7.596778532993486
13:27:12,2429,7.596778532993486
13:27:13,2429,7.596778532993486
13:27:14,2429,7.596778532993486
13:27:15,2430,7.596778532993486
13:27:16,2430,7.595831564048124
13:27:17,2430,7.595831564048124
13:27:18,2430,7.595831564048124
13:27:19,2431,7.594616581777023
13:27:20,2431,7.594616581777023
13:27:21,2431,7.594616581777023
13:27:22,2431,7.594616581777023
13:27:23,2431,7.594616581777023
13:27:24,2431,7.592950077782492
13:27:25,2431,7.592950077782492
13:27:26,2431,7.592950077782492
13:27:27,2431,7.591284987277353
13:27:28,2432,7.591284987277353
13:27:29,2433,7.591284987277353
13:27:30,2433,7.591284987277353
13:27:31,2433,7.591284987277353
13:27:32,2433,7.591284987277353
13:27:33,2434,7.591284987277353
13:27:34,2434,7.591284987277353
13:27:35,2435,7.591284987277353
13:27:36,2435,7.590158259149358
13:27:37,2435,7.590158259149358
13:27:38,2436,7.590158259149358
13:27:39,2436,7.590158259149358
13:27:40,2436,7.590158259149358
13:27:41,2436,7.588347457627119
13:27:42,2437,7.588347457627119
13:27:43,2437,7.587032330933221
13:27:44,2437,7.585386677956534
13:27:45,2437,7.585386677956534
13:27:46,2437,7.583432077867118
13:27:47,2437,7.583432077867118
13:27:48,2437,7.583432077867118
13:27:49,2437,7.583432077867118
13:27:50,2437,7.581789340101523
13:27:51,2437,7.5805567300916135
13:27:52,2437,7.5805567300916135
13:27:53,2437,7.5805567300916135
13:27:54,2437,7.580409974640744
13:27:55,2437,7.5787213068581885
13:27:56,2437,7.5787213068581885
13:27:57,2437,7.5787213068581885
13:27:58,2437,7.5787213068581885
13:27:59,2437,7.5787213068581885
13:28:00,2437,7.5779420045045045
13:28:01,2437,7.5779420045045045
13:28:02,2437,7.5779420045045045
13:28:03,2437,7.5779420045045045
13:28:04,2437,7.5779420045045045
13:28:05,2438,7.5779420045045045
13:28:06,2438,7.576192486281132
13:28:07,2438,7.576192486281132
13:28:08,2438,7.576192486281132
13:28:09,2438,7.576192486281132
13:28:10,2438,7.576192486281132
13:28:11,2438,7.573710108252496
13:28:12,2438,7.573710108252496
13:28:13,2438,7.573710108252496
13:28:14,2438,7.573710108252496
13:28:15,2438,7.573710108252496
13:28:16,2439,7.573710108252496
13:28:17,2439,7.573710108252496
13:28:18,2440,7.573710108252496
13:28:19,2440,7.573710108252496
13:28:20,2440,7.572709387296234
13:28:21,2441,7.572709387296234
13:28:22,2441,7.572709387296234
13:28:23,2441,7.572709387296234
13:28:24,2441,7.572709387296234
13:28:25,2441,7.572709387296234
13:28:26,2441,7.572709387296234
13:28:27,2441,7.572709387296234
13:28:28,2441,7.572709387296234
13:28:29,2441,7.572709387296234
13:28:30,2441,7.572709387296234
13:28:31,2441,7.571112515802781
13:28:32,2441,7.571112515802781
13:28:33,2441,7.571112515802781
13:28:34,2441,7.571112515802781
13:28:35,2441,7.5695099691098005
13:28:36,2441,7.56819649122807
13:28:37,2441,7.56819649122807
13:28:38,2441,7.56819649122807
13:28:39,2441,7.566435185185185
13:28:40,2441,7.566435185185185
13:28:41,2441,7.565537792735942
13:28:42,2441,7.563919259882254
13:28:43,2441,7.563919259882254
13:28:44,2441,7.563919259882254
13:28:45,2441,7.563919259882254
13:28:46,2441,7.5640605296343
13:28:47,2441,7.5640605296343
13:28:48,2441,7.5640605296343
13:28:49,2441,7.5640605296343
13:28:50,2441,7.563207282913165
13:28:51,2441,7.563207282913165
13:28:52,2441,7.563207282913165
13:28:53,2442,7.563207282913165
13:28:54,2442,7.563207282913165
13:28:55,2442,7.563207282913165
13:28:56,2442,7.5622497550049
13:28:57,2442,7.5622497550049
13:28:58,2442,7.5622497550049
13:28:59,2442,7.561369997201231
13:29:00,2442,7.561369997201231
13:29:01,2442,7.560267170233599
13:29:02,2442,7.560267170233599
13:29:03,2442,7.559214205816555
13:29:04,2442,7.559214205816555
13:29:05,2442,7.559214205816555
13:29:06,2442,7.559214205816555
13:29:07,2442,7.559214205816555
13:29:08,2442,7.559214205816555
13:29:09,2442,7.557519217330538
13:29:10,2442,7.557519217330538
13:29:11,2442,7.557519217330538
13:29:12,2442,7.557519217330538
13:29:13,2443,7.557519217330538
13:29:14,2443,7.557519217330538
13:29:15,2443,7.5578443699357365
13:29:16,2443,7.5578443699357365
13:29:17,2444,7.5578443699357365
13:29:18,2444,7.5578443699357365
13:29:19,2444,7.5578443699357365
13:29:20,2445,7.5578443699357365
13:29:21,2445,7.556360843457617
13:29:22,2445,7.556360843457617
13:29:23,2446,7.554522613065327
13:29:24,2446,7.554522613065327
13:29:25,2446,7.554522613065327
13:29:26,2446,7.553557974047719
13:29:27,2446,7.553557974047719
13:29:28,2446,7.5502509410288585
13:29:29,2446,7.5502509410288585
13:29:30,2446,7.5502509410288585
13:29:31,2446,7.548676142697882
13:29:32,2446,7.548676142697882
13:29:33,2446,7.548676142697882
13:29:34,2446,7.5477225240284165
13:29:35,2446,7.5477225240284165
13:29:36,2446,7.5477225240284165
13:29:37,2446,7.5477225240284165
13:29:38,2446,7.5477225240284165
13:29:39,2446,7.5477225240284165
13:29:40,2446,7.5477225240284165
13:29:41,2446,7.5477225240284165
13:29:42,2446,7.546714007240324
13:29:43,2446,7.544975643702157
13:29:44,2446,7.544975643702157
13:29:45,2446,7.544975643702157
13:29:46,2446,7.5440456316082365
13:29:47,2446,7.5440456316082365
13:29:48,2446,7.5440456316082365
13:29:49,2446,7.5440456316082365
13:29:50,2446,7.5440456316082365
13:29:51,2446,7.543144208037825
13:29:52,2446,7.543144208037825
13:29:53,2446,7.542187934389769
13:29:54,2446,7.542187934389769
13:29:55,2446,7.54075309156593
13:29:56,2446,7.54075309156593
13:29:57,2446,7.54075309156593
13:29:58,2446,7.54075309156593
13:29:59,2446,7.539208333333334
13:30:00,2446,7.539208333333334
13:30:01,2447,7.539208333333334
13:30:02,2447,7.539208333333334
13:30:03,2447,7.539208333333334
13:30:04,2447,7.539775093710954
13:30:05,2447,7.539775093710954
13:30:06,2447,7.539775093710954
13:30:07,2447,7.539775093710954
13:30:08,2447,7.538821815154038
13:30:09,2448,7.538821815154038
13:30:10,2448,7.538821815154038
13:30:11,2448,7.538821815154038
13:30:12,2449,7.53752254126786
13:30:13,2449,7.53752254126786
13:30:14,2449,7.53752254126786
13:30:15,2449,7.536598724348308
13:30:16,2450,7.536598724348308
13:30:17,2450,7.536598724348308
13:30:18,2450,7.534823284823285
13:30:19,2450,7.534823284823285
13:30:20,2450,7.534823284823285
13:30:21,2450,7.534823284823285
13:30:22,2451,7.535418398448324
13:30:23,2451,7.535418398448324
13:30:24,2451,7.535418398448324
13:30:25,2452,7.535418398448324
13:30:26,2452,7.535418398448324
13:30:27,2452,7.533949591469326
13:30:28,2452,7.533949591469326
13:30:29,2453,7.532225913621263
13:30:30,2453,7.532225913621263
13:30:31,2453,7.532225913621263
13:30:32,2453,7.532225913621263
13:30:33,2454,7.530041493775934
13:30:34,2454,7.530041493775934
13:30:35,2454,7.530041493775934
13:30:36,2454,7.530041493775934
13:30:37,2454,7.530041493775934
13:30:38,2454,7.530041493775934
13:30:39,2454,7.530041493775934
13:30:40,2454,7.530041493775934
13:30:41,2454,7.529330844739389
13:30:42,2454,7.529330844739389
13:30:43,2454,7.529330844739389
13:30:44,2454,7.529330844739389
13:30:45,2454,7.529330844739389
13:30:46,2454,7.527950525152018
13:30:47,2454,7.5261638347838105
13:30:48,2454,7.5261638347838105
13:30:49,2454,7.524875724937862
13:30:50,2454,7.524875724937862
13:30:51,2454,7.522654525386313
13:30:52,2454,7.522654525386313
13:30:53,2454,7.522654525386313
13:30:54,2454,7.522654525386313
13:30:55,2454,7.522654525386313
13:30:56,2454,7.522654525386313
13:30:57,2454,7.522654525386313
13:30:58,2455,7.522654525386313
13:30:59,2455,7.522654525386313
13:31:00,2455,7.520843672456576
13:31:01,2455,7.520843672456576
13:31:02,2455,7.520843672456576
13:31:03,2455,7.519209039548022
13:31:04,2455,7.519209039548022
13:31:05,2455,7.519209039548022
13:31:06,2455,7.519209039548022
13:31:07,2455,7.519209039548022
13:31:08,2455,7.519209039548022
13:31:09,2455,7.519209039548022
13:31:10,2455,7.519209039548022
13:31:11,2455,7.517561983471074
13:31:12,2455,7.5167423929505714
13:31:13,2455,7.5167423929505714
13:31:14,2455,7.517650701899257
13:31:15,2455,7.517650701899257
13:31:16,2456,7.517650701899257
13:31:17,2456,7.517650701899257
13:31:18,2456,7.517650701899257
13:31:19,2456,7.517650701899257
13:31:20,2456,7.517650701899257
13:31:21,2456,7.517650701899257
13:31:22,2456,7.5164121612326324
13:31:23,2456,7.5164121612326324
13:31:24,2456,7.5164121612326324
13:31:25,2456,7.5148858635863585
13:31:26,2456,7.5148858635863585
13:31:27,2456,7.5148858635863585
13:31:28,2456,7.5148858635863585
13:31:29,2456,7.5148858635863585
13:31:30,2456,7.5148858635863585
13:31:31,2456,7.5148858635863585
13:31:32,2456,7.5148858635863585
13:31:33,2456,7.5148858635863585
13:31:34,2456,7.5148858635863585
13:31:35,2456,7.514329896907216
13:31:36,2456,7.514329896907216
13:31:37,2456,7.514329896907216
13:31:38,2456,7.513925528991481
13:31:39,2456,7.513925528991481
13:31:40,2456,7.513925528991481
13:31:41,2456,7.513925528991481
13:31:42,2456,7.513925528991481
13:31:43,2456,7.513925528991481
13:31:44,2456,7.513925528991481
13:31:45,2456,7.513925528991481
13:31:46,2456,7.513925528991481
13:31:47,2456,7.513925528991481
13:31:48,2456,7.51202444719132
13:31:49,2456,7.51202444719132
13:31:50,2456,7.51202444719132
13:31:51,2456,7.51202444719132
13:31:52,2456,7.51110653487095
13:31:53,2456,7.51110653487095
13:31:54,2456,7.51110653487095
13:31:55,2456,7.51110653487095
13:31:56,2456,7.51110653487095
13:31:57,2456,7.51110653487095
13:31:58,2456,7.51110653487095
13:31:59,2456,7.51110653487095
13:32:00,2456,7.51110653487095
13:32:01,2456,7.51110653487095
13:32:02,2456,7.509949224646631
13:32:03,2456,7.509949224646631
13:32:04,2456,7.509949224646631
13:32:05,2456,7.510562414266118
13:32:06,2457,7.509118332647745
13:32:07,2457,7.509118332647745
13:32:08,2457,7.509118332647745
13:32:09,2457,7.506901041666667
13:32:10,2457,7.506901041666667
13:32:11,2457,7.506901041666667
13:32:12,2457,7.505658309357446
13:32:13,2457,7.505658309357446
13:32:14,2457,7.505658309357446
13:32:15,2457,7.505658309357446
13:32:16,2457,7.50375239660367
13:32:17,2458,7.50375239660367
13:32:18,2458,7.50375239660367
13:32:19,2458,7.50375239660367
13:32:20,2458,7.50375239660367
13:32:21,2458,7.50375239660367
13:32:22,2457,7.506089875325387
13:32:23,2458,7.506089875325387
13:32:24,2458,7.506089875325387
13:32:25,2458,7.504265954533005
13:32:26,2458,7.504265954533005
13:32:27,2458,7.503333333333333
13:32:28,2456,7.508001096040553
13:32:29,2456,7.50710079430293
13:32:30,2456,7.50710079430293
13:32:31,2456,7.50710079430293
13:32:32,2456,7.50710079430293
13:32:33,2456,7.50710079430293
13:32:34,2456,7.50710079430293
13:32:35,2456,7.50710079430293
13:32:36,2456,7.50710079430293
13:32:37,2456,7.505379876796714
13:32:38,2456,7.505379876796714
13:32:39,2456,7.505379876796714
13:32:40,2456,7.505379876796714
13:32:41,2456,7.505379876796714
13:32:42,2456,7.505379876796714
13:32:43,2456,7.505379876796714
13:32:44,2456,7.505379876796714
13:32:45,2456,7.505379876796714
13:32:46,2456,7.505379876796714
13:32:47,2456,7.505379876796714
13:32:48,2456,7.505379876796714
13:32:49,2456,7.505379876796714
13:32:50,2455,7.507497945768282
13:32:51,2455,7.509617755856967
13:32:52,2455,7.509617755856967
13:32:53,2455,7.509617755856967
13:32:54,2455,7.509617755856967
13:32:55,2454,7.511739309210526
13:32:56,2453,7.5138763197586735
13:32:57,2453,7.5138763197586735
13:32:58,2452,7.516083676268861
13:32:59,2452,7.516083676268861
13:33:00,2452,7.516083676268861
13:33:01,2450,7.520455793520044
13:33:02,2450,7.519301495814464
13:33:03,2450,7.519301495814464
13:33:04,2449,7.519411280362289
13:33:05,2448,7.521547226798463
13:33:06,2448,7.5196377109921775
13:33:07,2447,7.524464579901153
13:33:08,2447,7.524464579901153
13:33:09,2447,7.524464579901153
13:33:10,2447,7.526473011948908
13:33:11,2447,7.526473011948908
13:33:12,2447,7.526473011948908
13:33:13,2447,7.526473011948908
13:33:14,2447,7.52537753981329
13:33:15,2447,7.52537753981329
13:33:16,2448,7.52537753981329
13:33:17,2448,7.52537753981329
13:33:18,2448,7.52537753981329
13:33:19,2449,7.52537753981329
13:33:20,2449,7.52537753981329
13:33:21,2450,7.523130231919857
13:33:22,2449,7.525274574409665
13:33:23,2448,7.527406949594836
13:33:24,2448,7.527406949594836
13:33:25,2448,7.527406949594836
13:33:26,2448,7.525604063701263
13:33:27,2449,7.526183614656237
13:33:28,2448,7.528095826468973
13:33:29,2448,7.526197337724715
13:33:30,2448,7.526197337724715
13:33:31,2447,7.528212520593081
13:33:32,2447,7.528212520593081
13:33:33,2447,7.528212520593081
13:33:34,2447,7.528212520593081
13:33:35,2447,7.528212520593081
13:33:36,2447,7.528212520593081
13:33:37,2446,7.530352973492652
13:33:38,2446,7.530352973492652
13:33:39,2446,7.530352973492652
13:33:40,2446,7.530352973492652
13:33:41,2446,7.530352973492652
13:33:42,2446,7.530352973492652
13:33:43,2446,7.530352973492652
13:33:44,2446,7.530352973492652
13:33:45,2446,7.530352973492652
13:33:46,2446,7.530352973492652
13:33:47,2446,7.530352973492652
13:33:48,2446,7.530352973492652
13:33:49,2445,7.53217230008244
13:33:50,2445,7.53217230008244
13:33:51,2445,7.53217230008244
13:33:52,2445,7.53217230008244
13:33:53,2445,7.53217230008244
13:33:54,2445,7.53217230008244
13:33:55,2445,7.53217230008244
13:33:56,2446,7.530483450075539
13:33:57,2446,7.530483450075539
13:33:58,2446,7.530483450075539
13:33:59,2446,7.530483450075539
13:34:00,2446,7.530483450075539
13:34:01,2445,7.532289090409453
13:34:02,2445,7.532289090409453
13:34:03,2445,7.532289090409453
13:34:04,2444,7.534096219931271
13:34:05,2443,7.534694158075601
13:34:06,2442,7.53512027491409
13:34:07,2442,7.53512027491409
13:34:08,2442,7.536936193619362
13:34:09,2442,7.536936193619362
13:34:10,2442,7.536936193619362
13:34:11,2441,7.5390218737102765
13:34:12,2441,7.5390218737102765
13:34:13,2440,7.540840902835123
13:34:14,2441,7.540840902835123
13:34:15,2441,7.540840902835123
13:34:16,2440,7.542530634723944
13:34:17,2440,7.543380126617121
13:34:18,2440,7.543380126617121
13:34:19,2440,7.543380126617121
13:34:20,2440,7.543380126617121
13:34:21,2439,7.545194823075864
13:34:22,2439,7.545194823075864
13:34:23,2438,7.545181054660608
13:34:24,2438,7.545181054660608
13:34:25,2437,7.54681129476584
13:34:26,2437,7.54681129476584
13:34:27,2437,7.54681129476584
13:34:28,2437,7.544664739088531
13:34:29,2437,7.544664739088531
13:34:30,2438,7.544664739088531
13:34:31,2438,7.544664739088531
13:34:32,2438,7.544664739088531
13:34:33,2438,7.544664739088531
13:34:34,2438,7.544664739088531
13:34:35,2438,7.544664739088531
13:34:36,2438,7.544664739088531
13:34:37,2438,7.544664739088531
13:34:38,2438,7.544664739088531
13:34:39,2439,7.542519955959262
13:34:40,2439,7.542519955959262
13:34:41,2439,7.542519955959262
13:34:42,2438,7.544527054935977
13:34:43,2438,7.544527054935977
13:34:44,2438,7.544527054935977
13:34:45,2438,7.544527054935977
13:34:46,2438,7.544527054935977
13:34:47,2436,7.547622984704423
13:34:48,2436,7.549462365591397
13:34:49,2435,7.5510619224934485
13:34:50,2434,7.552607615894039
13:34:51,2434,7.552607615894039
13:34:52,2433,7.554285714285714
13:34:53,2433,7.554285714285714
13:34:54,2433,7.554285714285714
13:34:55,2433,7.5530353200883
13:34:56,2432,7.554534161490683
13:34:57,2432,7.554534161490683
13:34:58,2432,7.554534161490683
13:34:59,2432,7.552476545253864
13:35:00,2431,7.55408557625949
13:35:01,2431,7.55408557625949
13:35:02,2431,7.55408557625949
13:35:03,2431,7.55408557625949
13:35:04,2431,7.55408557625949
13:35:05,2431,7.55408557625949
13:35:06,2430,7.5556130903065455
13:35:07,2429,7.557210940737671
13:35:08,2428,7.558858485351022
13:35:09,2428,7.558858485351022
13:35:10,2428,7.560514309415181
13:35:11,2428,7.560514309415181
13:35:12,2427,7.559940550255773
13:35:13,2427,7.559940550255773
13:35:14,2428,7.559940550255773
13:35:15,2428,7.559940550255773
13:35:16,2428,7.557669983416252
13:35:17,2428,7.557669983416252
13:35:18,2428,7.557669983416252
13:35:19,2428,7.557669983416252
13:35:20,2428,7.557669983416252
13:35:21,2428,7.558537090758392
13:35:22,2428,7.558537090758392
13:35:23,2428,7.558537090758392
13:35:24,2428,7.558537090758392
13:35:25,2428,7.5598811498065235
13:35:26,2427,7.561489008710079
13:35:27,2427,7.562952973720609
13:35:28,2427,7.562952973720609
13:35:29,2427,7.56079081985345
13:35:30,2426,7.563788570637885
13:35:31,2426,7.563788570637885
13:35:32,2424,7.566874394128237
13:35:33,2424,7.566874394128237
13:35:34,2424,7.566874394128237
13:35:35,2423,7.56825297866445
13:35:36,2423,7.56825297866445
13:35:37,2423,7.56825297866445
13:35:38,2423,7.566085029774269
13:35:39,2422,7.567497921862012
13:35:40,2422,7.567497921862012
13:35:41,2422,7.567497921862012
13:35:42,2422,7.565323362415177
13:35:43,2422,7.565323362415177
13:35:44,2422,7.565323362415177
13:35:45,2422,7.565323362415177
13:35:46,2421,7.566729010806317
13:35:47,2421,7.566729010806317
13:35:48,2421,7.566729010806317
13:35:49,2421,7.566729010806317
13:35:50,2421,7.566729010806317
13:35:51,2421,7.566729010806317
13:35:52,2421,7.566729010806317
13:35:53,2421,7.566729010806317
13:35:54,2421,7.566729010806317
13:35:55,2420,7.568004158004158
13:35:56,2420,7.568004158004158
13:35:57,2420,7.568004158004158
13:35:58,2420,7.568004158004158
13:35:59,2419,7.569412090959513
13:36:00,2419,7.569412090959513
13:36:01,2418,7.570869746150645
13:36:02,2417,7.569857123040644
13:36:03,2417,7.569857123040644
13:36:04,2418,7.567789794786467
13:36:05,2418,7.567789794786467
13:36:06,2418,7.567789794786467
13:36:07,2418,7.567789794786467
13:36:08,2419,7.567789794786467
13:36:09,2419,7.567789794786467
13:36:10,2419,7.567789794786467
13:36:11,2419,7.568253638253638
13:36:12,2420,7.568253638253638
13:36:13,2420,7.5663064560820175
13:36:14,2420,7.5676368676368675
13:36:15,2420,7.568905990016639
13:36:16,2420,7.568905990016639
13:36:17,2419,7.570217783326398
13:36:18,2420,7.570217783326398
13:36:19,2420,7.570217783326398
13:36:20,2420,7.571364140993617
13:36:21,2421,7.571364140993617
13:36:22,2419,7.574041666666667
13:36:23,2420,7.574041666666667
13:36:24,2420,7.574041666666667
13:36:25,2419,7.576369196552682
13:36:26,2419,7.576369196552682
13:36:27,2419,7.5774996523432065
13:36:28,2420,7.5774996523432065
13:36:29,2420,7.5774996523432065
13:36:30,2421,7.57531971087017
13:36:31,2421,7.576658322903629
13:36:32,2421,7.576658322903629
13:36:33,2421,7.576658322903629
13:36:34,2422,7.576658322903629
13:36:35,2423,7.576658322903629
13:36:36,2423,7.574367528495969
13:36:37,2424,7.574367528495969
13:36:38,2425,7.574367528495969
13:36:39,2424,7.5755458211653455
13:36:40,2424,7.5755458211653455
13:36:41,2424,7.5755458211653455
13:36:42,2425,7.5755458211653455
13:36:43,2426,7.5755458211653455
13:36:44,2426,7.5755458211653455
13:36:45,2426,7.5755458211653455
13:36:46,2428,7.5755458211653455
13:36:47,2428,7.5755458211653455
13:36:48,2427,7.576732053422371
13:36:49,2427,7.577870563674321
13:36:50,2428,7.577870563674321
13:36:51,2428,7.577870563674321
13:36:52,2426,7.58016436829642
13:36:53,2427,7.58016436829642
13:36:54,2428,7.58016436829642
13:36:55,2427,7.581201226309921
13:36:56,2428,7.581201226309921
13:36:57,2427,7.582880245364562
13:36:58,2428,7.582880245364562
13:36:59,2428,7.582880245364562
13:37:00,2427,7.583877266387727
13:37:01,2428,7.583877266387727
13:37:02,2428,7.583877266387727
13:37:03,2429,7.584371950369441
13:37:04,2429,7.584371950369441
13:37:05,2430,7.584371950369441
13:37:06,2430,7.584371950369441
13:37:07,2430,7.584371950369441
13:37:08,2430,7.584371950369441
13:37:09,2430,7.582413600891862
13:37:10,2429,7.5840164505785586
13:37:11,2429,7.5840164505785586
13:37:12,2427,7.586075066275987
13:37:13,2427,7.586075066275987
13:37:14,2426,7.587067280848688
13:37:15,2426,7.587067280848688
13:37:16,2426,7.584763499372122
13:37:17,2426,7.584763499372122
13:37:18,2425,7.585817978782803
13:37:19,2425,7.585817978782803
13:37:20,2425,7.585817978782803
13:37:21,2425,7.584638470128421
13:37:22,2426,7.584638470128421
13:37:23,2425,7.585546711353163
13:37:24,2425,7.585546711353163
13:37:25,2425,7.585546711353163
13:37:26,2424,7.586679240011176
13:37:27,2423,7.58754716981132
13:37:28,2423,7.58754716981132
13:37:29,2423,7.58754716981132
13:37:30,2423,7.58754716981132
13:37:31,2423,7.58754716981132
13:37:32,2423,7.58754716981132
13:37:33,2423,7.58754716981132
13:37:34,2423,7.58754716981132
13:37:35,2423,7.58754716981132
13:37:36,2423,7.58754716981132
13:37:37,2422,7.5885626398210295
13:37:38,2422,7.5885626398210295
13:37:39,2421,7.589543992166737
13:37:40,2421,7.589543992166737
13:37:41,2421,7.589543992166737
13:37:42,2421,7.587569910514541
13:37:43,2420,7.588627780109106
13:37:44,2420,7.588627780109106
13:37:45,2420,7.586737975391499
13:37:46,2420,7.587753531962512
13:37:47,2420,7.587753531962512
13:37:48,2419,7.588539042821158
13:37:49,2419,7.588539042821158
13:37:50,2419,7.588539042821158
13:37:51,2419,7.586333752972444
13:37:52,2419,7.586333752972444
13:37:53,2418,7.587272600055976
13:37:54,2419,7.587272600055976
13:37:55,2419,7.587272600055976
13:37:56,2418,7.588023239535209
13:37:57,2418,7.588023239535209
13:37:58,2418,7.588023239535209
13:37:59,2418,7.588711484593838
13:38:00,2418,7.588711484593838
13:38:01,2417,7.589400308252767
13:38:02,2418,7.589400308252767
13:38:03,2418,7.589400308252767
13:38:04,2419,7.589400308252767
13:38:05,2420,7.589400308252767
13:38:06,2420,7.589400308252767
13:38:07,2420,7.589400308252767
13:38:08,2420,7.589400308252767
13:38:09,2421,7.589400308252767
13:38:10,2420,7.590292963274461
13:38:11,2420,7.590292963274461
13:38:12,2420,7.590292963274461
13:38:13,2420,7.587971136331792
13:38:14,2421,7.587971136331792
13:38:15,2420,7.58892626857303
13:38:16,2420,7.58892626857303
13:38:17,2421,7.58892626857303
13:38:18,2420,7.589433459542842
13:38:19,2420,7.5874544435099525
13:38:20,2419,7.588304585612116
13:38:21,2420,7.588304585612116
13:38:22,2420,7.585996635828427
13:38:23,2420,7.585996635828427
13:38:24,2420,7.585996635828427
13:38:25,2420,7.585996635828427
13:38:26,2421,7.585996635828427
13:38:27,2420,7.58448275862069
13:38:28,2420,7.58448275862069
13:38:29,2420,7.58448275862069
13:38:30,2419,7.58336136809644
13:38:31,2418,7.584020473986818
13:38:32,2418,7.584020473986818
13:38:33,2419,7.584020473986818
13:38:34,2419,7.584020473986818
13:38:35,2419,7.584020473986818
13:38:36,2419,7.581700308382394
13:38:37,2419,7.581700308382394
13:38:38,2419,7.582779413826953
13:38:39,2419,7.582779413826953
13:38:40,2419,7.580564900476591
13:38:41,2419,7.578471346504133
13:38:42,2419,7.578471346504133
13:38:43,2419,7.578471346504133
13:38:44,2419,7.579191197084385
13:38:45,2419,7.579191197084385
13:38:46,2419,7.579191197084385
13:38:47,2420,7.579191197084385
13:38:48,2420,7.579191197084385
13:38:49,2420,7.579191197084385
13:38:50,2421,7.579191197084385
13:38:51,2421,7.579191197084385
13:38:52,2420,7.580072921048941
13:38:53,2420,7.580072921048941
13:38:54,2419,7.580773007856341
13:38:55,2419,7.580773007856341
13:38:56,2419,7.580773007856341
13:38:57,2420,7.580773007856341
13:38:58,2420,7.580773007856341
13:38:59,2420,7.580773007856341
13:39:00,2420,7.580773007856341
13:39:01,2420,7.580773007856341
13:39:02,2419,7.581347368421053
13:39:03,2419,7.581347368421053
13:39:04,2418,7.58237152485257
13:39:05,2417,7.583052394999298
13:39:06,2417,7.583052394999298
13:39:07,2417,7.583052394999298
13:39:08,2416,7.58379005059022
13:39:09,2415,7.582939853850478
13:39:10,2416,7.582939853850478
13:39:11,2417,7.582939853850478
13:39:12,2417,7.578650659926987
13:39:13,2417,7.578650659926987
13:39:14,2418,7.578650659926987
13:39:15,2418,7.576449122807018
13:39:16,2419,7.576449122807018
13:39:17,2418,7.574961403508771
13:39:18,2418,7.574961403508771
13:39:19,2418,7.574961403508771
13:39:20,2418,7.574042105263158
13:39:21,2418,7.574042105263158
13:39:22,2418,7.570207544523909
13:39:23,2418,7.570207544523909
13:39:24,2418,7.570207544523909
13:39:25,2419,7.570207544523909
13:39:26,2418,7.572404601571268
13:39:27,2417,7.57461052631579
13:39:28,2417,7.57461052631579
13:39:29,2418,7.57461052631579
13:39:30,2418,7.57461052631579
13:39:31,2418,7.57461052631579
13:39:32,2418,7.57461052631579
13:39:33,2419,7.57461052631579
13:39:34,2419,7.57461052631579
13:39:35,2419,7.57461052631579
13:39:36,2420,7.57461052631579
13:39:37,2420,7.57461052631579
13:39:38,2420,7.57461052631579
13:39:39,2420,7.57461052631579
13:39:40,2420,7.57461052631579
13:39:41,2420,7.572720258136925
13:39:42,2420,7.572720258136925
13:39:43,2419,7.573185964912281
13:39:44,2419,7.573185964912281
13:39:45,2419,7.573185964912281
13:39:46,2419,7.573185964912281
13:39:47,2418,7.573539736029205
13:39:48,2418,7.571536842105263
13:39:49,2418,7.571536842105263
13:39:50,2418,7.569689955106622
13:39:51,2417,7.570035087719298
13:39:52,2418,7.570035087719298
13:39:53,2419,7.568287037037037
13:39:54,2417,7.569362538612749
13:39:55,2417,7.566947368421053
13:39:56,2417,7.566947368421053
13:39:57,2416,7.568169053636619
13:39:58,2416,7.568169053636619
13:39:59,2416,7.568169053636619
13:40:00,2415,7.568970361005759
13:40:01,2414,7.571290050590219
13:40:02,2413,7.569997189432265
13:40:03,2414,7.569997189432265
13:40:04,2414,7.569997189432265
13:40:05,2415,7.568127546003653
13:40:06,2415,7.568127546003653
13:40:07,2415,7.568127546003653
13:40:08,2416,7.564350877192982
13:40:09,2416,7.564350877192982
13:40:10,2416,7.564350877192982
13:40:11,2415,7.562856140350877
13:40:12,2416,7.562856140350877
13:40:13,2417,7.562856140350877
13:40:14,2416,7.561529824561403
13:40:15,2416,7.561529824561403
13:40:16,2417,7.559567901234568
13:40:17,2417,7.559567901234568
13:40:18,2417,7.559567901234568
13:40:19,2417,7.559567901234568
13:40:20,2416,7.559852631578948
13:40:21,2416,7.559852631578948
13:40:22,2416,7.559852631578948
13:40:23,2417,7.559852631578948
13:40:24,2417,7.559852631578948
13:40:25,2416,7.5600533557989325
13:40:26,2416,7.5600533557989325
13:40:27,2416,7.5600533557989325
13:40:28,2416,7.5600533557989325
13:40:29,2416,7.5600533557989325
13:40:30,2416,7.558378947368421
13:40:31,2416,7.558378947368421
13:40:32,2416,7.558378947368421
13:40:33,2416,7.558378947368421
13:40:34,2416,7.558378947368421
13:40:35,2415,7.560474585790508
13:40:36,2415,7.55838596491228
13:40:37,2415,7.55838596491228
13:40:38,2414,7.5586492558270155
13:40:39,2414,7.5586492558270155
13:40:40,2414,7.5586492558270155
13:40:41,2414,7.5586492558270155
13:40:42,2414,7.5549172278338945
13:40:43,2414,7.5549172278338945
13:40:44,2414,7.552615341466835
13:40:45,2414,7.552615341466835
13:40:46,2414,7.5511288739307245
13:40:47,2413,7.5523779461279466
13:40:48,2414,7.550189314261674
13:40:49,2414,7.550189314261674
13:40:50,2413,7.552139450056116
13:40:51,2413,7.552139450056116
13:40:52,2413,7.552139450056116
13:40:53,2413,7.552139450056116
13:40:54,2412,7.554084210526316
13:40:55,2412,7.551893939393939
13:40:56,2411,7.551866666666667
13:40:57,2411,7.551866666666667
13:40:58,2411,7.551866666666667
13:40:59,2411,7.5504559483726155
13:41:00,2410,7.552659649122806
13:41:01,2409,7.552555461948891
13:41:02,2409,7.552555461948891
13:41:03,2409,7.551284210526316
13:41:04,2409,7.551284210526316
13:41:05,2409,7.551284210526316
13:41:06,2408,7.551579612468408
13:41:07,2408,7.54960701754386
13:41:08,2408,7.54960701754386
13:41:09,2408,7.54960701754386
13:41:10,2407,7.551797247964055
13:41:11,2406,7.549943836001123
13:41:12,2407,7.549943836001123
13:41:13,2407,7.548098245614034
13:41:14,2407,7.548098245614034
13:41:15,2407,7.548098245614034
13:41:16,2406,7.548006178039876
13:41:17,2406,7.548006178039876
13:41:18,2407,7.546477192982456
13:41:19,2407,7.546477192982456
13:41:20,2407,7.546477192982456
13:41:21,2406,7.546982456140351
13:41:22,2406,7.5434090590380025
13:41:23,2406,7.5434090590380025
13:41:24,2407,7.5434090590380025
13:41:25,2407,7.54206616204093
13:41:26,2407,7.54206616204093
13:41:27,2407,7.5397786184671425
13:41:28,2408,7.5397786184671425
13:41:29,2408,7.539697224558452
13:41:30,2408,7.539697224558452
13:41:31,2409,7.539697224558452
13:41:32,2407,7.541386083052751
13:41:33,2407,7.541386083052751
13:41:34,2407,7.541386083052751
13:41:35,2408,7.541386083052751
13:41:36,2408,7.53909690085542
13:41:37,2408,7.537089991589571
13:41:38,2408,7.537089991589571
13:41:39,2409,7.537089991589571
13:41:40,2409,7.537089991589571
13:41:41,2408,7.538718272332072
13:41:42,2409,7.538718272332072
13:41:43,2409,7.538718272332072
13:41:44,2409,7.538718272332072
13:41:45,2410,7.538718272332072
13:41:46,2410,7.538718272332072
13:41:47,2410,7.538718272332072
13:41:48,2409,7.538564016267003
13:41:49,2409,7.538564016267003
13:41:50,2409,7.538564016267003
13:41:51,2410,7.538564016267003
13:41:52,2410,7.53694981777404
13:41:53,2409,7.536642827092974
13:41:54,2408,7.53695987654321
13:41:55,2408,7.534567381853877
13:41:56,2408,7.534567381853877
13:41:57,2408,7.532268012335296
13:41:58,2409,7.532268012335296
13:41:59,2408,7.532316645631749
13:42:00,2408,7.531209700028034
13:42:01,2407,7.531194783340345
13:42:02,2407,7.531194783340345
13:42:03,2406,7.532814253647587
13:42:04,2406,7.532814253647587
13:42:05,2406,7.532814253647587
13:42:06,2406,7.532814253647587
13:42:07,2405,7.532877384960718
13:42:08,2405,7.532877384960718
13:42:09,2406,7.532877384960718
13:42:10,2406,7.532877384960718
13:42:11,2406,7.531874912354509
13:42:12,2406,7.531874912354509
13:42:13,2406,7.531874912354509
13:42:14,2406,7.531874912354509
13:42:15,2406,7.533824354657687
13:42:16,2406,7.533824354657687
13:42:17,2407,7.533824354657687
13:42:18,2406,7.531341189674523
13:42:19,2406,7.533642105263158
13:42:20,2405,7.533586071328278
13:42:21,2405,7.533586071328278
13:42:22,2405,7.533586071328278
13:42:23,2405,7.533586071328278
13:42:24,2406,7.533586071328278
13:42:25,2406,7.533586071328278
13:42:26,2405,7.535889872173058
13:42:27,2405,7.534091547318169
13:42:28,2405,7.534091547318169
13:42:29,2405,7.534091547318169
13:42:30,2405,7.534091547318169
13:42:31,2405,7.534091547318169
13:42:32,2405,7.534091547318169
13:42:33,2405,7.534091547318169
13:42:34,2405,7.531957894736842
13:42:35,2405,7.531957894736842
13:42:36,2404,7.531999438360011
13:42:37,2404,7.531999438360011
13:42:38,2403,7.532006458859871
13:42:39,2403,7.532006458859871
13:42:40,2403,7.530273684210527
13:42:41,2403,7.530273684210527
13:42:42,2404,7.530273684210527
13:42:43,2404,7.530273684210527
13:42:44,2404,7.530273684210527
13:42:45,2404,7.530273684210527
13:42:46,2404,7.530273684210527
13:42:47,2404,7.528317901234568
13:42:48,2403,7.53039298245614
13:42:49,2403,7.53039298245614
13:42:50,2402,7.5301670878966585
13:42:51,2402,7.5301670878966585
13:42:52,2402,7.5301670878966585
13:42:53,2402,7.5301670878966585
13:42:54,2401,7.530032307908414
13:42:55,2401,7.528327716933446
13:42:56,2401,7.528327716933446
13:42:57,2401,7.528327716933446
13:42:58,2401,7.5265894736842105
13:42:59,2401,7.5265894736842105
13:43:00,2401,7.525189393939394
13:43:01,2401,7.525189393939394
13:43:02,2401,7.525189393939394
13:43:03,2400,7.522958754208754
13:43:04,2400,7.522958754208754
13:43:05,2400,7.522958754208754
13:43:06,2400,7.522958754208754
13:43:07,2400,7.522958754208754
13:43:08,2400,7.522958754208754
13:43:09,2400,7.520775487308933
13:43:10,2399,7.520622895622895
13:43:11,2399,7.520622895622895
13:43:12,2399,7.520622895622895
13:43:13,2398,7.520126315789473
13:43:14,2398,7.520126315789473
13:43:15,2398,7.520126315789473
13:43:16,2397,7.519952260600955
13:43:17,2397,7.518
13:43:18,2396,7.517839090143218
13:43:19,2396,7.517839090143218
13:43:20,2395,7.519799129091164
13:43:21,2395,7.519799129091164
13:43:22,2395,7.519799129091164
13:43:23,2394,7.521627318718381
13:43:24,2394,7.521627318718381
13:43:25,2394,7.521627318718381
13:43:26,2394,7.521627318718381
13:43:27,2394,7.521627318718381
13:43:28,2394,7.521627318718381
13:43:29,2393,7.521186559820048
13:43:30,2393,7.518894041596402
13:43:31,2394,7.518894041596402
13:43:32,2393,7.518761422747082
13:43:33,2392,7.516357373822578
13:43:34,2392,7.516357373822578
13:43:35,2392,7.516357373822578
13:43:36,2392,7.515043563799888
13:43:37,2391,7.514768733305216
13:43:38,2391,7.514768733305216
13:43:39,2391,7.513041034288927
13:43:40,2391,7.513041034288927
13:43:41,2391,7.513041034288927
13:43:42,2391,7.513041034288927
13:43:43,2391,7.513041034288927
13:43:44,2391,7.513041034288927
13:43:45,2391,7.5116168001123755
13:43:46,2391,7.5116168001123755
13:43:47,2391,7.5116168001123755
13:43:48,2390,7.511172006745363
13:43:49,2390,7.511172006745363
13:43:50,2390,7.508997050147493
13:43:51,2390,7.508997050147493
13:43:52,2390,7.506816905363662
13:43:53,2390,7.506816905363662
13:43:54,2390,7.506816905363662
13:43:55,2390,7.506816905363662
13:43:56,2390,7.506816905363662
13:43:57,2390,7.504645614035088
13:43:58,2389,7.504443976411121
13:43:59,2388,7.506735496558505
13:44:00,2388,7.506735496558505
13:44:01,2389,7.506735496558505
13:44:02,2389,7.506735496558505
13:44:03,2388,7.508909499718943
13:44:04,2388,7.508909499718943
13:44:05,2388,7.508909499718943
13:44:06,2387,7.5085617882749895
13:44:07,2387,7.5085617882749895
13:44:08,2387,7.5085617882749895
13:44:09,2388,7.5085617882749895
13:44:10,2388,7.506365935919055
13:44:11,2387,7.506003092928441
13:44:12,2387,7.506003092928441
13:44:13,2387,7.504061270376615
13:44:14,2387,7.504061270376615
13:44:15,2387,7.504061270376615
13:44:16,2386,7.503859131168284
13:44:17,2386,7.503859131168284
13:44:18,2385,7.503621659634318
13:44:19,2386,7.499374648679034
13:44:20,2386,7.499374648679034
13:44:21,2387,7.497345132743363
13:44:22,2387,7.497345132743363
13:44:23,2387,7.497345132743363
13:44:24,2387,7.497345132743363
13:44:25,2386,7.49942383361439
13:44:26,2386,7.49942383361439
13:44:27,2386,7.49942383361439
13:44:28,2388,7.49942383361439
13:44:29,2388,7.49942383361439
13:44:30,2388,7.49942383361439
13:44:31,2388,7.49942383361439
13:44:32,2388,7.497029077117573
13:44:33,2388,7.497029077117573
13:44:34,2387,7.49495715690406
13:44:35,2387,7.49495715690406
13:44:36,2387,7.49495715690406
13:44:37,2387,7.490947368421052
13:44:38,2387,7.490947368421052
13:44:39,2387,7.490947368421052
13:44:40,2386,7.488371929824562
13:44:41,2386,7.488371929824562
13:44:42,2386,7.488371929824562
13:44:43,2386,7.488371929824562
13:44:44,2386,7.488371929824562
13:44:45,2385,7.487896658242066
13:44:46,2385,7.487896658242066
13:44:47,2385,7.487896658242066
13:44:48,2385,7.487896658242066
13:44:49,2385,7.487896658242066
13:44:50,2385,7.487896658242066
13:44:51,2385,7.487896658242066
13:44:52,2384,7.487540384885518
13:44:53,2384,7.487540384885518
13:44:54,2384,7.485706262285874
13:44:55,2382,7.487296233839235
13:44:56,2382,7.487296233839235
13:44:57,2381,7.486644172641642
13:44:58,2381,7.486644172641642
13:44:59,2381,7.486644172641642
13:45:00,2381,7.486644172641642
13:45:01,2381,7.484584035975266
13:45:02,2381,7.486644172641642
13:45:03,2381,7.486644172641642
13:45:04,2381,7.486644172641642
13:45:05,2381,7.486644172641642
13:45:06,2381,7.486644172641642
13:45:07,2381,7.486644172641642
13:45:08,2381,7.486644172641642
13:45:09,2381,7.484745643620012
13:45:10,2381,7.484745643620012
13:45:11,2381,7.484745643620012
13:45:12,2381,7.484745643620012
13:45:13,2381,7.482806573957017
13:45:14,2380,7.482237211916807
13:45:15,2380,7.482237211916807
13:45:16,2380,7.482237211916807
13:45:17,2380,7.482237211916807
13:45:18,2380,7.482237211916807
13:45:19,2380,7.482237211916807
13:45:20,2379,7.481716575284691
13:45:21,2378,7.481132208157525
13:45:22,2378,7.481132208157525
13:45:23,2378,7.481132208157525
13:45:24,2378,7.481132208157525
13:45:25,2378,7.481132208157525
13:45:26,2378,7.481132208157525
13:45:27,2377,7.480441817925989
13:45:28,2377,7.480441817925989
13:45:29,2377,7.480441817925989
13:45:30,2377,7.480441817925989
13:45:31,2377,7.480441817925989
13:45:32,2377,7.480441817925989
13:45:33,2377,7.480441817925989
13:45:34,2377,7.480441817925989
13:45:35,2377,7.480441817925989
13:45:36,2377,7.478157524613221
13:45:37,2377,7.478157524613221
13:45:38,2377,7.478157524613221
13:45:39,2377,7.478157524613221
13:45:40,2377,7.478157524613221
13:45:41,2376,7.477648796960742
13:45:42,2376,7.477648796960742
13:45:43,2375,7.47701295045045
13:45:44,2375,7.47701295045045
13:45:45,2375,7.47701295045045
13:45:46,2375,7.47701295045045
13:45:47,2375,7.476418814251514
13:45:48,2375,7.476418814251514
13:45:49,2375,7.476418814251514
13:45:50,2375,7.476418814251514
13:45:51,2375,7.476418814251514
13:45:52,2375,7.476418814251514
13:45:53,2376,7.476418814251514
13:45:54,2375,7.475845308537616
13:45:55,2375,7.475845308537616
13:45:56,2375,7.475845308537616
13:45:57,2374,7.475130373502466
13:45:58,2374,7.475130373502466
13:45:59,2374,7.475130373502466
13:46:00,2373,7.474351381838691
13:46:01,2374,7.474351381838691
13:46:02,2374,7.474351381838691
13:46:03,2374,7.474351381838691
13:46:04,2374,7.474351381838691
13:46:05,2374,7.474351381838691
13:46:06,2373,7.473860911270983
13:46:07,2373,7.471580654258319
13:46:08,2373,7.471580654258319
13:46:09,2373,7.471580654258319
13:46:10,2373,7.471580654258319
13:46:11,2373,7.471580654258319
13:46:12,2373,7.471580654258319
13:46:13,2374,7.471580654258319
13:46:14,2374,7.471580654258319
13:46:15,2373,7.470962053886303
13:46:16,2373,7.470962053886303
13:46:17,2373,7.470962053886303
13:46:18,2373,7.470962053886303
13:46:19,2373,7.470962053886303
13:46:20,2373,7.470962053886303
13:46:21,2373,7.470962053886303
13:46:22,2373,7.470962053886303
13:46:23,2373,7.470962053886303
13:46:24,2373,7.470962053886303
13:46:25,2373,7.470962053886303
13:46:26,2373,7.470962053886303
13:46:27,2373,7.470962053886303
13:46:28,2371,7.472462233516871
13:46:29,2371,7.472462233516871
13:46:30,2371,7.472462233516871
13:46:31,2371,7.471532485875707
13:46:32,2371,7.471532485875707
13:46:33,2371,7.471532485875707
13:46:34,2371,7.470623145400594
13:46:35,2371,7.470623145400594
13:46:36,2371,7.470623145400594
13:46:37,2371,7.470623145400594
13:46:38,2370,7.472921967769296
13:46:39,2370,7.472921967769296
13:46:40,2368,7.472323575166172
13:46:41,2368,7.472323575166172
13:46:42,2368,7.472323575166172
13:46:43,2368,7.470151258128357
13:46:44,2369,7.470151258128357
13:46:45,2369,7.470151258128357
13:46:46,2369,7.468086759926522
13:46:47,2368,7.470257280180944
13:46:48,2368,7.470257280180944
13:46:49,2368,7.468079694785926
13:46:50,2367,7.467147299971727
13:46:51,2367,7.467147299971727
13:46:52,2367,7.467147299971727
13:46:53,2367,7.467147299971727
13:46:54,2367,7.467147299971727
13:46:55,2366,7.469424409560175
13:46:56,2366,7.469424409560175
13:46:57,2365,7.468831352574986
13:46:58,2365,7.468831352574986
13:46:59,2365,7.471019108280255
13:47:00,2365,7.471019108280255
13:47:01,2365,7.471019108280255
13:47:02,2365,7.471019108280255
13:47:03,2364,7.4703200226564705
13:47:04,2365,7.4703200226564705
13:47:05,2363,7.471471088435375
13:47:06,2363,7.471471088435375
13:47:07,2362,7.473649510846448
13:47:08,2362,7.473649510846448
13:47:09,2362,7.473649510846448
13:47:10,2362,7.473649510846448
13:47:11,2362,7.473649510846448
13:47:12,2362,7.473649510846448
13:47:13,2362,7.473649510846448
13:47:14,2362,7.473649510846448
13:47:15,2362,7.473649510846448
13:47:16,2362,7.473649510846448
13:47:17,2362,7.473649510846448
13:47:18,2362,7.473649510846448
13:47:19,2361,7.472780141843971
13:47:20,2361,7.472780141843971
13:47:21,2360,7.474840357598978
13:47:22,2360,7.474840357598978
13:47:23,2360,7.474840357598978
13:47:24,2359,7.471583652618135
13:47:25,2359,7.471583652618135
13:47:26,2359,7.471583652618135
13:47:27,2358,7.47059199318569
13:47:28,2358,7.47059199318569
13:47:29,2358,7.47059199318569
13:47:30,2358,7.47059199318569
13:47:31,2357,7.47077654741624
13:47:32,2357,7.47077654741624
13:47:33,2357,7.47077654741624
13:47:34,2356,7.472972589120863
13:47:35,2356,7.472972589120863
13:47:36,2357,7.472972589120863
13:47:37,2357,7.472972589120863
13:47:38,2357,7.472972589120863
13:47:39,2357,7.472972589120863
13:47:40,2357,7.472972589120863
13:47:41,2357,7.472972589120863
13:47:42,2356,7.475056834327934
13:47:43,2356,7.475056834327934
13:47:44,2356,7.475056834327934
13:47:45,2356,7.475056834327934
13:47:46,2356,7.475056834327934
13:47:47,2356,7.475056834327934
13:47:48,2356,7.475056834327934
13:47:49,2356,7.475056834327934
13:47:50,2356,7.475056834327934
13:47:51,2355,7.4772636815920395
13:47:52,2354,7.476386518771331
13:47:53,2354,7.476386518771331
13:47:54,2354,7.476386518771331
13:47:55,2353,7.4784677763551
13:47:56,2352,7.477298605180757
13:47:57,2352,7.477298605180757
13:47:58,2350,7.477877492877493
13:47:59,2351,7.477877492877493
13:48:00,2350,7.479834687188257
13:48:01,2350,7.479834687188257
13:48:02,2350,7.479834687188257
13:48:03,2350,7.479834687188257
13:48:04,2350,7.479834687188257
13:48:05,2350,7.479834687188257
13:48:06,2350,7.479834687188257
13:48:07,2350,7.479834687188257
13:48:08,2350,7.477635327635327
13:48:09,2349,7.479720678352573
13:48:10,2349,7.479720678352573
13:48:11,2347,7.480559121380688
13:48:12,2347,7.480559121380688
13:48:13,2347,7.4783504419731965
13:48:14,2346,7.477178719155613
13:48:15,2346,7.477178719155613
13:48:16,2345,7.47900256849315
13:48:17,2345,7.47900256849315
13:48:18,2344,7.4809635974304065
13:48:19,2344,7.4809635974304065
13:48:20,2344,7.4809635974304065
13:48:21,2344,7.482819194515852
13:48:22,2344,7.482819194515852
13:48:23,2344,7.480620985010706
13:48:24,2343,7.482562125107112
13:48:25,2343,7.482562125107112
13:48:26,2343,7.482562125107112
13:48:27,2343,7.482562125107112
13:48:28,2343,7.482562125107112
13:48:29,2342,7.481440205743678
13:48:30,2342,7.481440205743678
13:48:31,2342,7.481440205743678
13:48:32,2342,7.481440205743678
13:48:33,2342,7.481440205743678
13:48:34,2342,7.479234504427307
13:48:35,2342,7.479234504427307
13:48:36,2342,7.479234504427307
13:48:37,2342,7.479234504427307
13:48:38,2341,7.481140162880411
13:48:39,2341,7.481140162880411
13:48:40,2341,7.481140162880411
13:48:41,2341,7.481140162880411
13:48:42,2341,7.481140162880411
13:48:43,2341,7.481140162880411
13:48:44,2341,7.481140162880411
13:48:45,2340,7.4798456260720405
13:48:46,2340,7.4798456260720405
13:48:47,2340,7.4798456260720405
13:48:48,2340,7.4798456260720405
13:48:49,2340,7.4798456260720405
13:48:50,2338,7.480736766809728
13:48:51,2338,7.478521378521378
13:48:52,2337,7.48035765379113
13:48:53,2337,7.48035765379113
13:48:54,2337,7.478142428142428
13:48:55,2338,7.478142428142428
13:48:56,2338,7.478142428142428
13:48:57,2338,7.478142428142428
13:48:58,2338,7.478142428142428
13:48:59,2339,7.478142428142428
13:49:00,2339,7.478142428142428
13:49:01,2339,7.478142428142428
13:49:02,2338,7.4768597997138775
13:49:03,2338,7.4768597997138775
13:49:04,2338,7.475511664519823
13:49:05,2338,7.47099242099242
13:49:06,2338,7.47099242099242
13:49:07,2338,7.47099242099242
13:49:08,2338,7.470751072961374
13:49:09,2337,7.472556175754973
13:49:10,2337,7.472556175754973
13:49:11,2337,7.472556175754973
13:49:12,2338,7.472556175754973
13:49:13,2338,7.474291237113403
13:49:14,2338,7.474291237113403
13:49:15,2338,7.474291237113403
13:49:16,2338,7.472983813207277
13:49:17,2338,7.472983813207277
13:49:18,2337,7.472685583261679
13:49:19,2338,7.472685583261679
13:49:20,2338,7.472685583261679
13:49:21,2337,7.474329749103942
13:49:22,2338,7.474329749103942
13:49:23,2338,7.474329749103942
13:49:24,2338,7.4721123531097735
13:49:25,2337,7.473856630824373
13:49:26,2337,7.473856630824373
13:49:27,2336,7.47548049340218
13:49:28,2336,7.47548049340218
13:49:29,2336,7.476761371789353
13:49:30,2336,7.476761371789353
13:49:31,2336,7.476761371789353
13:49:32,2336,7.476761371789353
13:49:33,2336,7.476761371789353
13:49:34,2336,7.476761371789353
13:49:35,2335,7.477167671547517
13:49:36,2335,7.477167671547517
13:49:37,2334,7.47657618842453
13:49:38,2334,7.47657618842453
13:49:39,2334,7.47657618842453
13:49:40,2334,7.47657618842453
13:49:41,2335,7.47657618842453
13:49:42,2335,7.47657618842453
13:49:43,2335,7.47657618842453
13:49:44,2335,7.47657618842453
13:49:45,2335,7.47657618842453
13:49:46,2335,7.47657618842453
13:49:47,2335,7.47657618842453
13:49:48,2335,7.47657618842453
13:49:49,2335,7.47657618842453
13:49:50,2335,7.47657618842453
13:49:51,2335,7.47657618842453
13:49:52,2335,7.476091954022989
13:49:53,2335,7.476091954022989
13:49:54,2335,7.476091954022989
13:49:55,2335,7.474450194049159
13:49:56,2335,7.472227011494253
13:49:57,2335,7.472227011494253
13:49:58,2335,7.472227011494253
13:49:59,2334,7.471711944803795
13:50:00,2334,7.471711944803795
13:50:01,2335,7.471711944803795
13:50:02,2335,7.471711944803795
13:50:03,2334,7.473152142651712
13:50:04,2335,7.473152142651712
13:50:05,2334,7.472399654725939
13:50:06,2334,7.470081967213115
13:50:07,2334,7.470081967213115
13:50:08,2334,7.470081967213115
13:50:09,2333,7.470292044310171
13:50:10,2333,7.470292044310171
13:50:11,2333,7.470292044310171
13:50:12,2332,7.469284994964753
13:50:13,2333,7.469284994964753
13:50:14,2332,7.470559873344848
13:50:15,2332,7.470559873344848
13:50:16,2331,7.47187185025198
13:50:17,2331,7.47187185025198
13:50:18,2331,7.47187185025198
13:50:19,2331,7.472961682512245
13:50:20,2331,7.472961682512245
13:50:21,2331,7.472961682512245
13:50:22,2331,7.472961682512245
13:50:23,2331,7.472961682512245
13:50:24,2332,7.472961682512245
13:50:25,2333,7.472961682512245
13:50:26,2334,7.472961682512245
13:50:27,2334,7.472961682512245
13:50:28,2334,7.472961682512245
13:50:29,2332,7.473536620530565
13:50:30,2332,7.473536620530565
13:50:31,2331,7.474924275205539
13:50:32,2331,7.474924275205539
13:50:33,2331,7.474924275205539
13:50:34,2331,7.474924275205539
13:50:35,2331,7.474924275205539
13:50:36,2330,7.476240981240981
13:50:37,2330,7.476240981240981
13:50:38,2330,7.476240981240981
13:50:39,2330,7.476240981240981
13:50:40,2330,7.476240981240981
13:50:41,2330,7.476240981240981
13:50:42,2330,7.475732640392666
13:50:43,2330,7.475732640392666
13:50:44,2330,7.475732640392666
13:50:45,2329,7.474754477180821
13:50:46,2328,7.475205895101864
13:50:47,2328,7.475205895101864
13:50:48,2328,7.475205895101864
13:50:49,2329,7.475205895101864
13:50:50,2329,7.47637322925701
13:50:51,2328,7.476500361532899
13:50:52,2329,7.476500361532899
13:50:53,2329,7.476500361532899
13:50:54,2330,7.476500361532899
13:50:55,2329,7.475810185185185
13:50:56,2330,7.475810185185185
13:50:57,2330,7.475810185185185
13:50:58,2331,7.475810185185185
13:50:59,2331,7.473456254519161
13:51:00,2331,7.473456254519161
13:51:01,2331,7.473456254519161
13:51:02,2330,7.474442997685185
13:51:03,2330,7.474442997685185
13:51:04,2330,7.474442997685185
13:51:05,2330,7.473271122685185
13:51:06,2331,7.473271122685185
13:51:07,2330,7.474453611231726
13:51:08,2330,7.474453611231726
13:51:09,2329,7.474152910512598
13:51:10,2328,7.475242648124004
13:51:11,2329,7.475242648124004
13:51:12,2329,7.475242648124004
13:51:13,2328,7.476202898550724
13:51:14,2328,7.476202898550724
13:51:15,2328,7.476202898550724
13:51:16,2328,7.476202898550724
13:51:17,2328,7.476202898550724
13:51:18,2328,7.476202898550724
13:51:19,2327,7.475358851674641
13:51:20,2327,7.473021739130434
13:51:21,2327,7.473021739130434
13:51:22,2327,7.473021739130434
13:51:23,2327,7.473021739130434
13:51:24,2327,7.473021739130434
13:51:25,2326,7.474068435551689
13:51:26,2326,7.474068435551689
13:51:27,2326,7.474068435551689
13:51:28,2326,7.474068435551689
13:51:29,2326,7.474068435551689
13:51:30,2326,7.471840579710145
13:51:31,2326,7.471840579710145
13:51:32,2325,7.471473104248224
13:51:33,2325,7.469239130434783
13:51:34,2325,7.469239130434783
13:51:35,2325,7.470110192837466
13:51:36,2325,7.470110192837466
13:51:37,2325,7.470110192837466
13:51:38,2325,7.470110192837466
13:51:39,2325,7.470110192837466
13:51:40,2324,7.47111256164781
13:51:41,2324,7.468993765405249
13:51:42,2324,7.468993765405249
13:51:43,2324,7.466782608695652
13:51:44,2324,7.466782608695652
13:51:45,2324,7.464327104157613
13:51:46,2323,7.463884057971015
13:51:47,2323,7.463884057971015
13:51:48,2323,7.463884057971015
13:51:49,2323,7.463884057971015
13:51:50,2322,7.4641438306510075
13:51:51,2321,7.464947780678852
13:51:52,2321,7.464947780678852
13:51:53,2321,7.464947780678852
13:51:54,2320,7.465912059207662
13:51:55,2319,7.4660569105691055
13:51:56,2319,7.4660569105691055
13:51:57,2319,7.4660569105691055
13:51:58,2318,7.466891793754539
13:51:59,2316,7.467262683529583
13:52:00,2316,7.467262683529583
13:52:01,2316,7.467262683529583
13:52:02,2315,7.46826643397324
13:52:03,2315,7.46826643397324
13:52:04,2316,7.46826643397324
13:52:05,2316,7.46826643397324
13:52:06,2316,7.466143334787033
13:52:07,2316,7.466143334787033
13:52:08,2316,7.466143334787033
13:52:09,2316,7.466143334787033
13:52:10,2315,7.463097833987499
13:52:11,2314,7.463787085514834
13:52:12,2314,7.463787085514834
13:52:13,2313,7.464375090935545
13:52:14,2313,7.464375090935545
13:52:15,2313,7.464375090935545
13:52:16,2313,7.4623763816172195
13:52:17,2313,7.4623763816172195
13:52:18,2313,7.4623763816172195
13:52:19,2313,7.4623763816172195
13:52:20,2312,7.463698530481595
13:52:21,2312,7.463698530481595
13:52:22,2312,7.463698530481595
13:52:23,2312,7.463698530481595
13:52:24,2312,7.463698530481595
13:52:25,2312,7.463698530481595
13:52:26,2312,7.463698530481595
13:52:27,2311,7.464432314410481
13:52:28,2311,7.464432314410481
13:52:29,2311,7.464432314410481
13:52:30,2311,7.464432314410481
13:52:31,2309,7.466105769230769
13:52:32,2309,7.463754186689966
13:52:33,2308,7.46456148018648
13:52:34,2308,7.462319790301441
13:52:35,2308,7.462319790301441
13:52:36,2308,7.462319790301441
13:52:37,2307,7.461873543123543
13:52:38,2307,7.459749526722004
13:52:39,2307,7.459965034965035
13:52:40,2307,7.459965034965035
13:52:41,2307,7.458191349934469
13:52:42,2307,7.458191349934469
13:52:43,2307,7.458191349934469
13:52:44,2307,7.458191349934469
13:52:45,2307,7.458191349934469
13:52:46,2307,7.458191349934469
13:52:47,2308,7.458191349934469
13:52:48,2307,7.456385612348915
13:52:49,2307,7.456385612348915
13:52:50,2306,7.456978438228438
13:52:51,2306,7.455096839959225
13:52:52,2306,7.455096839959225
13:52:53,2306,7.455096839959225
13:52:54,2306,7.452743813682678
13:52:55,2305,7.4539609727683125
13:52:56,2305,7.4539609727683125
13:52:57,2305,7.451848617176128
13:52:58,2305,7.451848617176128
13:52:59,2305,7.447164048865619
13:53:00,2303,7.447292576419214
13:53:01,2303,7.447292576419214
13:53:02,2302,7.447517110819863
13:53:03,2302,7.447517110819863
13:53:04,2302,7.445291120815138
13:53:05,2302,7.445291120815138
13:53:06,2302,7.443212570929726
13:53:07,2301,7.443857350800583
13:53:08,2301,7.443857350800583
13:53:09,2301,7.443857350800583
13:53:10,2300,7.444400757244794
13:53:11,2300,7.442059679767103
13:53:12,2300,7.442059679767103
13:53:13,2299,7.4429663608562695
13:53:14,2299,7.4429663608562695
13:53:15,2299,7.4429663608562695
13:53:16,2298,7.443444055944056
13:53:17,2298,7.443444055944056
13:53:18,2297,7.443025797988631
13:53:19,2297,7.443025797988631
13:53:20,2297,7.443025797988631
13:53:21,2297,7.443025797988631
13:53:22,2297,7.443025797988631
13:53:23,2297,7.443025797988631
13:53:24,2297,7.443025797988631
13:53:25,2297,7.443025797988631
13:53:26,2296,7.440948841276781
13:53:27,2296,7.438833041958042
13:53:28,2296,7.438833041958042
13:53:29,2297,7.438833041958042
13:53:30,2297,7.438833041958042
13:53:31,2296,7.438711558081912
13:53:32,2296,7.438711558081912
13:53:33,2296,7.438711558081912
13:53:34,2296,7.437130155953942
13:53:35,2295,7.437962962962962
13:53:36,2295,7.437962962962962
13:53:37,2295,7.437962962962962
13:53:38,2295,7.438212983223924
13:53:39,2295,7.438212983223924
13:53:40,2295,7.438212983223924
13:53:41,2295,7.438212983223924
13:53:42,2295,7.438212983223924
13:53:43,2295,7.438212983223924
13:53:44,2294,7.439156450671336
13:53:45,2294,7.439156450671336
13:53:46,2294,7.439156450671336
13:53:47,2293,7.4399693385895755
13:53:48,2293,7.4399693385895755
13:53:49,2293,7.4399693385895755
13:53:50,2292,7.440242477359042
13:53:51,2293,7.440242477359042
13:53:52,2292,7.4402528130936725
13:53:53,2291,7.439634502923977
13:53:54,2291,7.439634502923977
13:53:55,2291,7.439634502923977
13:53:56,2291,7.439634502923977
13:53:57,2291,7.43740318573725
13:53:58,2291,7.43740318573725
13:53:59,2291,7.43740318573725
13:54:00,2291,7.435465965527315
13:54:01,2291,7.435465965527315
13:54:02,2291,7.435465965527315
13:54:03,2292,7.435465965527315
13:54:04,2292,7.435465965527315
13:54:05,2291,7.436329095425983
13:54:06,2291,7.436329095425983
13:54:07,2291,7.436329095425983
13:54:08,2291,7.436329095425983
13:54:09,2291,7.436329095425983
13:54:10,2289,7.437743162205646
13:54:11,2289,7.437743162205646
13:54:12,2289,7.437743162205646
13:54:13,2288,7.438271875914546
13:54:14,2288,7.436375603334796
13:54:15,2288,7.436375603334796
13:54:16,2287,7.434305982155917
13:54:17,2287,7.434305982155917
13:54:18,2286,7.435338015803336
13:54:19,2286,7.435338015803336
13:54:20,2285,7.4355511638120335
13:54:21,2285,7.4355511638120335
13:54:22,2285,7.4355511638120335
13:54:23,2285,7.4355511638120335
13:54:24,2285,7.4355511638120335
13:54:25,2285,7.4355511638120335
13:54:26,2285,7.433318700614574
13:54:27,2285,7.433318700614574
13:54:28,2284,7.433413848631241
13:54:29,2285,7.433413848631241
13:54:30,2285,7.430955516534973
13:54:31,2285,7.430955516534973
13:54:32,2285,7.430955516534973
13:54:33,2285,7.430955516534973
13:54:34,2285,7.430955516534973
13:54:35,2285,7.430955516534973
13:54:36,2286,7.430955516534973
13:54:37,2285,7.431920655833699
13:54:38,2284,7.431780902167546
13:54:39,2284,7.431780902167546
13:54:40,2284,7.431780902167546
13:54:41,2284,7.431780902167546
13:54:42,2284,7.431780902167546
13:54:43,2283,7.431992673992673
13:54:44,2282,7.432549105834067
13:54:45,2282,7.432549105834067
13:54:46,2281,7.432174805689984
13:54:47,2281,7.432174805689984
13:54:48,2281,7.432174805689984
13:54:49,2280,7.432731807511738
13:54:50,2280,7.432731807511738
13:54:51,2280,7.432731807511738
13:54:52,2280,7.432731807511738
13:54:53,2281,7.432731807511738
13:54:54,2280,7.431117957746479
13:54:55,2279,7.431315132834287
13:54:56,2279,7.431315132834287
13:54:57,2278,7.431828193832599
13:54:58,2278,7.431828193832599
13:54:59,2278,7.431828193832599
13:55:00,2278,7.431828193832599
13:55:01,2277,7.432547377699427
13:55:02,2277,7.432547377699427
13:55:03,2277,7.432547377699427
13:55:04,2277,7.432547377699427
13:55:05,2277,7.432547377699427
13:55:06,2276,7.433274544385656
13:55:07,2276,7.433274544385656
13:55:08,2275,7.433450963093662
13:55:09,2275,7.433450963093662
13:55:10,2275,7.433450963093662
13:55:11,2274,7.43373786407767
13:55:12,2273,7.433495217071377
13:55:13,2272,7.434415488810365
13:55:14,2271,7.433937251436147
13:55:15,2271,7.433937251436147
13:55:16,2270,7.43456380783967
13:55:17,2269,7.435190918472652
13:55:18,2269,7.435190918472652
13:55:19,2268,7.433325961963733
13:55:20,2268,7.433325961963733
13:55:21,2268,7.433325961963733
13:55:22,2268,7.433325961963733
13:55:23,2268,7.433325961963733
13:55:24,2268,7.433325961963733
13:55:25,2268,7.433325961963733
13:55:26,2268,7.433325961963733
13:55:27,2268,7.433325961963733
13:55:28,2268,7.433325961963733
13:55:29,2267,7.433952802359882
13:55:30,2267,7.433952802359882
13:55:31,2267,7.433952802359882
13:55:32,2267,7.433952802359882
13:55:33,2266,7.433960454478383
13:55:34,2266,7.433960454478383
13:55:35,2267,7.433960454478383
13:55:36,2267,7.433960454478383
13:55:37,2267,7.433960454478383
13:55:38,2267,7.431578171091445
13:55:39,2267,7.431578171091445
13:55:40,2267,7.431578171091445
13:55:41,2267,7.431578171091445
13:55:42,2267,7.431578171091445
13:55:43,2268,7.431578171091445
13:55:44,2268,7.431578171091445
13:55:45,2268,7.431578171091445
13:55:46,2268,7.431578171091445
13:55:47,2268,7.431578171091445
13:55:48,2268,7.431578171091445
13:55:49,2269,7.431578171091445
13:55:50,2268,7.432005312084994
13:55:51,2268,7.432005312084994
13:55:52,2268,7.432005312084994
13:55:53,2267,7.432462356067316
13:55:54,2268,7.432462356067316
13:55:55,2268,7.432462356067316
13:55:56,2268,7.432462356067316
13:55:57,2268,7.432462356067316
13:55:58,2268,7.430197727608086
13:55:59,2268,7.430085621493947
13:56:00,2268,7.430085621493947
13:56:01,2267,7.429766651897799
13:56:02,2267,7.429824172576832
13:56:03,2266,7.430184774575019
13:56:04,2266,7.430184774575019
13:56:05,2265,7.4294661342797985
13:56:06,2265,7.4294661342797985
13:56:07,2265,7.4294661342797985
13:56:08,2265,7.429383044829117
13:56:09,2265,7.429383044829117
13:56:10,2265,7.429383044829117
13:56:11,2264,7.429647720544701
13:56:12,2264,7.429647720544701
13:56:13,2264,7.427393105488977
13:56:14,2264,7.427393105488977
13:56:15,2264,7.427393105488977
13:56:16,2264,7.427393105488977
13:56:17,2264,7.427393105488977
13:56:18,2265,7.427393105488977
13:56:19,2264,7.427723505032564
13:56:20,2264,7.427723505032564
13:56:21,2264,7.427723505032564
13:56:22,2264,7.428024581667406
13:56:23,2263,7.428385185185186
13:56:24,2263,7.428385185185186
13:56:25,2263,7.426129127795054
13:56:26,2263,7.426129127795054
13:56:27,2262,7.426429629629629
13:56:28,2262,7.426429629629629
13:56:29,2262,7.426429629629629
13:56:30,2261,7.427012005335706
13:56:31,2261,7.427194543297746
13:56:32,2261,7.427194543297746
13:56:33,2261,7.427194543297746
13:56:34,2261,7.427194543297746
13:56:35,2261,7.427194543297746
13:56:36,2260,7.426680017801513
13:56:37,2261,7.426680017801513
13:56:38,2261,7.426680017801513
13:56:39,2261,7.426680017801513
13:56:40,2261,7.426680017801513
13:56:41,2261,7.424295670225386
13:56:42,2261,7.424295670225386
13:56:43,2260,7.424543836226079
13:56:44,2260,7.424543836226079
13:56:45,2260,7.42486642920748
13:56:46,2260,7.42486642920748
13:56:47,2260,7.42486642920748
13:56:48,2259,7.424506310319228
13:56:49,2259,7.424506310319228
13:56:50,2259,7.422239536954586
13:56:51,2258,7.422719845513964
13:56:52,2258,7.422719845513964
13:56:53,2258,7.422719845513964
13:56:54,2257,7.422871154703523
13:56:55,2257,7.422871154703523
13:56:56,2257,7.422871154703523
13:56:57,2258,7.422871154703523
13:56:58,2258,7.420484254307784
13:56:59,2257,7.420263040570664
13:57:00,2257,7.420263040570664
13:57:01,2257,7.420263040570664
13:57:02,2256,7.420398453761522
13:57:03,2257,7.420398453761522
13:57:04,2257,7.420398453761522
13:57:05,2256,7.420110069909267
13:57:06,2256,7.420110069909267
13:57:07,2256,7.420110069909267
13:57:08,2255,7.420245535714286
13:57:09,2255,7.420245535714286
13:57:10,2254,7.420239690337949
13:57:11,2253,7.420174262734585
13:57:12,2253,7.420174262734585
13:57:13,2252,7.419848010728654
13:57:14,2252,7.419848010728654
13:57:15,2252,7.419848010728654
13:57:16,2251,7.419767441860466
13:57:17,2251,7.419767441860466
13:57:18,2251,7.419767441860466
13:57:19,2251,7.419767441860466
13:57:20,2251,7.419694258016405
13:57:21,2251,7.419694258016405
13:57:22,2251,7.419694258016405
13:57:23,2250,7.419561324977619
13:57:24,2249,7.4202716823406485
13:57:25,2249,7.4202716823406485
13:57:26,2249,7.417770814682185
13:57:27,2249,7.417965367965368
13:57:28,2249,7.417965367965368
13:57:29,2248,7.418077956989247
13:57:30,2248,7.418077956989247
13:57:31,2247,7.418175705961452
13:57:32,2247,7.418175705961452
13:57:33,2247,7.418175705961452
13:57:34,2247,7.418175705961452
13:57:35,2247,7.418175705961452
13:57:36,2247,7.418175705961452
13:57:37,2247,7.418175705961452
13:57:38,2247,7.418175705961452
13:57:39,2246,7.417765321375187
13:57:40,2246,7.417765321375187
13:57:41,2246,7.417765321375187
13:57:42,2246,7.417765321375187
13:57:43,2246,7.417765321375187
13:57:44,2246,7.417765321375187
13:57:45,2246,7.417765321375187
13:57:46,2246,7.417765321375187
13:57:47,2246,7.417765321375187
13:57:48,2246,7.417765321375187
13:57:49,2246,7.415374271627073
13:57:50,2245,7.4151494768310915
13:57:51,2244,7.414946911918648
13:57:52,2245,7.414946911918648
13:57:53,2244,7.414714242968283
13:57:54,2245,7.414714242968283
13:57:55,2244,7.414271815596467
13:57:56,2243,7.4113830264930405
13:57:57,2243,7.4113830264930405
13:57:58,2244,7.4113830264930405
13:57:59,2244,7.4113830264930405
13:58:00,2243,7.410729260257563
13:58:01,2244,7.410729260257563
13:58:02,2244,7.410729260257563
13:58:03,2244,7.410729260257563
13:58:04,2245,7.410729260257563
13:58:05,2245,7.410729260257563
13:58:06,2245,7.410729260257563
13:58:07,2246,7.410729260257563
13:58:08,2246,7.410729260257563
13:58:09,2247,7.410729260257563
13:58:10,2248,7.410729260257563
13:58:11,2247,7.41047191011236
13:58:12,2247,7.41047191011236
13:58:13,2247,7.41047191011236
13:58:14,2247,7.41047191011236
13:58:15,2248,7.41047191011236
13:58:16,2248,7.41047191011236
13:58:17,2248,7.41047191011236
13:58:18,2247,7.410461630695443
13:58:19,2246,7.409799070325387
13:58:20,2246,7.409799070325387
13:58:21,2246,7.409799070325387
13:58:22,2245,7.4095634563456345
13:58:23,2244,7.409034969233078
13:58:24,2244,7.409034969233078
13:58:25,2243,7.408325825825826
13:58:26,2243,7.408325825825826
13:58:27,2243,7.408325825825826
13:58:28,2242,7.406216216216216
13:58:29,2242,7.406216216216216
13:58:30,2241,7.403250750750751
13:58:31,2241,7.403250750750751
13:58:32,2242,7.403250750750751
13:58:33,2242,7.403250750750751
13:58:34,2242,7.403250750750751
13:58:35,2243,7.403250750750751
13:58:36,2243,7.403250750750751
13:58:37,2243,7.4008554705087795
13:58:38,2243,7.4008554705087795
13:58:39,2242,7.39822152183701
13:58:40,2242,7.39822152183701
13:58:41,2242,7.39822152183701
13:58:42,2242,7.39822152183701
13:58:43,2242,7.39822152183701
13:58:44,2243,7.39822152183701
13:58:45,2243,7.39822152183701
13:58:46,2241,7.397543938711132
13:58:47,2240,7.397911030958822
13:58:48,2240,7.395876520955385
13:58:49,2240,7.395876520955385
13:58:50,2240,7.395876520955385
13:58:51,2240,7.395876520955385
13:58:52,2240,7.395876520955385
13:58:53,2240,7.395876520955385
13:58:54,2240,7.395876520955385
13:58:55,2239,7.395356176735798
13:58:56,2239,7.392954784437435
13:58:57,2238,7.3922828373910425
13:58:58,2238,7.390003004356316
13:58:59,2238,7.390003004356316
13:59:00,2238,7.390003004356316
13:59:01,2238,7.390003004356316
13:59:02,2238,7.390003004356316
13:59:03,2238,7.390003004356316
13:59:04,2237,7.389066726780883
13:59:05,2237,7.389066726780883
13:59:06,2236,7.388753570891595
13:59:07,2236,7.388753570891595
13:59:08,2236,7.388753570891595
13:59:09,2236,7.386842500751428
13:59:10,2236,7.386842500751428
13:59:11,2236,7.386842500751428
13:59:12,2236,7.386325364606827
13:59:13,2235,7.385642298435619
13:59:14,2235,7.385642298435619
13:59:15,2234,7.384717832957111
13:59:16,2234,7.384717832957111
13:59:17,2234,7.384717832957111
13:59:18,2234,7.384717832957111
13:59:19,2234,7.384717832957111
13:59:20,2233,7.3837774766636555
13:59:21,2232,7.384116583822864
13:59:22,2232,7.384116583822864
13:59:23,2232,7.384116583822864
13:59:24,2232,7.384116583822864
13:59:25,2232,7.383785412899337
13:59:26,2232,7.383785412899337
13:59:27,2232,7.383785412899337
13:59:28,2232,7.381872269920168
13:59:29,2231,7.38154761904762
13:59:30,2231,7.38154761904762
13:59:31,2231,7.38154761904762
13:59:32,2230,7.380627167194332
13:59:33,2231,7.380627167194332
13:59:34,2231,7.380627167194332
13:59:35,2231,7.380627167194332
13:59:36,2230,7.3797360482654595
13:59:37,2230,7.3797360482654595
13:59:38,2229,7.378587596197375
13:59:39,2230,7.378587596197375
13:59:40,2230,7.378587596197375
13:59:41,2230,7.378587596197375
13:59:42,2230,7.37631221719457
13:59:43,2230,7.37631221719457
13:59:44,2230,7.37631221719457
13:59:45,2230,7.374189657771748
13:59:46,2230,7.374189657771748
13:59:47,2230,7.374189657771748
13:59:48,2230,7.374189657771748
13:59:49,2230,7.371918324291742
13:59:50,2230,7.36988251242657
13:59:51,2229,7.369077757685353
13:59:52,2229,7.369077757685353
13:59:53,2228,7.3655063291139244
13:59:54,2228,7.3655063291139244
13:59:55,2227,7.365611337253128
13:59:56,2227,7.363208257986739
13:59:57,2227,7.363208257986739
13:59:58,2227,7.363208257986739
13:59:59,2226,7.362769485903814
14:00:00,2226,7.362769485903814
14:00:01,2226,7.362769485903814
14:00:02,2225,7.3618174962292615
14:00:03,2225,7.3618174962292615
14:00:04,2225,7.3618174962292615
14:00:05,2225,7.3618174962292615
14:00:06,2224,7.361090991398823
14:00:07,2224,7.361090991398823
14:00:08,2224,7.361090991398823
14:00:09,2224,7.359291101055807
