11:00:00,0,0.0
11:00:01,0,0.0
11:00:02,0,0.0
11:00:03,0,0.0
11:00:04,0,0.0
11:00:05,0,0.0
11:00:06,0,0.0
11:00:07,0,0.0
11:00:08,0,0.0
11:00:09,0,0.0
11:00:10,0,0.0
11:00:11,0,0.0
11:00:12,0,0.0
11:00:13,0,0.0
11:00:14,0,0.0
11:00:15,0,0.0
11:00:16,0,0.0
11:00:17,0,0.0
11:00:18,0,0.0
11:00:19,0,0.0
11:00:20,0,0.0
11:00:21,0,0.0
11:00:22,0,0.0
11:00:23,0,0.0
11:00:24,0,0.0
11:00:25,0,0.0
11:00:26,0,0.0
11:00:27,1,0.0
11:00:28,2,0.0
11:00:29,3,0.0
11:00:30,3,0.0
11:00:31,4,0.0
11:00:32,5,0.0
11:00:33,6,0.0
11:00:34,6,0.0
11:00:35,7,0.0
11:00:36,8,0.0
11:00:37,9,0.0
11:00:38,9,0.0
11:00:39,11,0.0
11:00:40,13,0.0
11:00:41,13,0.0
11:00:42,13,0.0
11:00:43,15,0.0
11:00:44,16,0.0
11:00:45,16,0.0
11:00:46,16,0.0
11:00:47,19,0.0
11:00:48,19,0.0
11:00:49,19,0.0
11:00:50,20,0.0
11:00:51,22,0.0
11:00:52,22,0.0
11:00:53,23,0.0
11:00:54,24,0.0
11:00:55,25,0.0
11:00:56,25,0.0
11:00:57,25,0.0
11:00:58,27,0.0
11:00:59,28,0.0
11:01:00,29,0.0
11:01:01,30,0.0
11:01:02,30,0.0
11:01:03,32,0.0
11:01:04,33,0.0
11:01:05,33,0.0
11:01:06,34,0.0
11:01:07,35,0.0
11:01:08,35,0.0
11:01:09,35,0.0
11:01:10,37,0.0
11:01:11,37,0.0
11:01:12,38,0.0
11:01:13,38,0.0
11:01:14,38,0.0
11:01:15,39,0.0
11:01:16,39,0.0
11:01:17,39,0.0
11:01:18,42,0.0
11:01:19,42,0.0
11:01:20,43,0.0
11:01:21,43,0.0
11:01:22,43,0.0
11:01:23,46,0.0
11:01:24,46,0.0
11:01:25,46,0.0
11:01:26,46,0.0
11:01:27,48,0.0
11:01:28,48,0.0
11:01:29,50,0.0
11:01:30,50,0.0
11:01:31,51,0.0
11:01:32,51,0.0
11:01:33,53,0.0
11:01:34,54,0.0
11:01:35,55,0.0
11:01:36,55,0.0
11:01:37,56,0.0
11:01:38,56,0.0
11:01:39,57,0.0
11:01:40,59,0.0
11:01:41,59,0.0
11:01:42,60,0.0
11:01:43,62,0.0
11:01:44,63,0.0
11:01:45,63,0.0
11:01:46,65,0.0
11:01:47,66,0.0
11:01:48,66,0.0
11:01:49,66,0.0
11:01:50,69,0.0
11:01:51,69,0.0
11:01:52,70,0.0
11:01:53,71,0.0
11:01:54,72,0.0
11:01:55,73,0.0
11:01:56,75,0.0
11:01:57,75,0.0
11:01:58,75,0.0
11:01:59,77,0.0
11:02:00,78,0.0
11:02:01,78,0.0
11:02:02,80,0.0
11:02:03,81,0.0
11:02:04,81,0.0
11:02:05,81,0.0
11:02:06,82,0.0
11:02:07,83,0.0
11:02:08,83,0.0
11:02:09,83,0.0
11:02:10,83,0.0
11:02:11,84,0.0
11:02:12,85,0.0
11:02:13,85,0.0
11:02:14,85,0.0
11:02:15,86,0.0
11:02:16,86,0.0
11:02:17,87,0.0
11:02:18,88,0.0
11:02:19,88,0.0
11:02:20,88,0.0
11:02:21,88,0.0
11:02:22,89,0.0
11:02:23,89,0.0
11:02:24,90,1.8
11:02:25,91,1.8
11:02:26,91,1.8
11:02:27,91,1.8
11:02:28,92,1.8
11:02:29,92,1.8
11:02:30,93,1.8
11:02:31,94,1.8
11:02:32,94,1.8
11:02:33,94,1.8
11:02:34,95,1.8
11:02:35,95,1.9416666666666667
11:02:36,95,1.9416666666666667
11:02:37,96,1.9416666666666667
11:02:38,96,1.9416666666666667
11:02:39,96,1.9944444444444445
11:02:40,97,1.9944444444444445
11:02:41,97,1.9944444444444445
11:02:42,97,1.9944444444444445
11:02:43,97,1.9944444444444445
11:02:44,99,1.9944444444444445
11:02:45,99,1.9944444444444445
11:02:46,99,1.9944444444444445
11:02:47,100,1.9944444444444445
11:02:48,100,1.9944444444444445
11:02:49,100,2.1333333333333333
11:02:50,102,2.1333333333333333
11:02:51,102,2.1333333333333333
11:02:52,102,2.1666666666666665
11:02:53,102,2.1666666666666665
11:02:54,103,2.1666666666666665
11:02:55,103,2.1666666666666665
11:02:56,103,2.1666666666666665
11:02:57,104,2.20625
11:02:58,105,2.20625
11:02:59,105,2.218518518518519
11:03:00,105,2.23
11:03:01,106,2.23
11:03:02,106,2.23
11:03:03,106,2.23
11:03:04,107,2.23
11:03:05,108,2.240909090909091
11:03:06,108,2.240909090909091
11:03:07,108,2.240909090909091
11:03:08,108,2.240909090909091
11:03:09,109,2.25
11:03:10,109,2.2384615384615385
11:03:11,110,2.2384615384615385
11:03:12,110,2.2464285714285714
11:03:13,111,2.2464285714285714
11:03:14,111,2.2464285714285714
11:03:15,111,2.2464285714285714
11:03:16,112,2.2464285714285714
11:03:17,113,2.2464285714285714
11:03:18,114,2.2711111111111113
11:03:19,114,2.2711111111111113
11:03:20,114,2.2711111111111113
11:03:21,116,2.2711111111111113
11:03:22,116,2.2711111111111113
11:03:23,117,2.2711111111111113
11:03:24,117,2.2711111111111113
11:03:25,119,2.2711111111111113
11:03:26,119,2.2711111111111113
11:03:27,119,2.2711111111111113
11:03:28,120,2.310416666666667
11:03:29,120,2.310416666666667
11:03:30,120,2.310416666666667
11:03:31,120,2.310416666666667
11:03:32,122,2.310416666666667
11:03:33,122,2.3401960784313727
11:03:34,122,2.3401960784313727
11:03:35,124,2.3401960784313727
11:03:36,124,2.3401960784313727
11:03:37,124,2.3401960784313727
11:03:38,124,2.3703703703703707
11:03:39,124,2.3703703703703707
11:03:40,125,2.3703703703703707
11:03:41,125,2.3703703703703707
11:03:42,125,2.398245614035088
11:03:43,126,2.398245614035088
11:03:44,127,2.430833333333333
11:03:45,127,2.430833333333333
11:03:46,127,2.430833333333333
11:03:47,127,2.430833333333333
11:03:48,127,2.4531746031746033
11:03:49,128,2.4531746031746033
11:03:50,128,2.4531746031746033
11:03:51,128,2.4531746031746033
11:03:52,129,2.472727272727273
11:03:53,130,2.472727272727273
11:03:54,130,2.472727272727273
11:03:55,130,2.472727272727273
11:03:56,130,2.472727272727273
11:03:57,130,2.502173913043478
11:03:58,130,2.502173913043478
11:03:59,130,2.502173913043478
11:04:00,130,2.5284722222222222
11:04:01,130,2.5284722222222222
11:04:02,131,2.5513333333333335
11:04:03,131,2.5513333333333335
11:04:04,131,2.574358974358974
11:04:05,131,2.574358974358974
11:04:06,131,2.574358974358974
11:04:07,131,2.574358974358974
11:04:08,131,2.574358974358974
11:04:09,131,2.5950617283950614
11:04:10,131,2.5950617283950614
11:04:11,132,2.616071428571429
11:04:12,132,2.6270114942528737
11:04:13,133,2.6270114942528737
11:04:14,133,2.6270114942528737
11:04:15,133,2.6270114942528737
11:04:16,133,2.6270114942528737
11:04:17,134,2.6270114942528737
11:04:18,135,2.6538888888888885
11:04:19,135,2.6538888888888885
11:04:20,135,2.6538888888888885
11:04:21,136,2.6538888888888885
11:04:22,136,2.6698924731182796
11:04:23,136,2.6880208333333333
11:04:24,136,2.6880208333333333
11:04:25,137,2.6880208333333333
11:04:26,137,2.711111111111111
11:04:27,137,2.711111111111111
11:04:28,137,2.711111111111111
11:04:29,138,2.711111111111111
11:04:30,138,2.711111111111111
11:04:31,138,2.7245098039215687
11:04:32,139,2.7245098039215687
11:04:33,139,2.7245098039215687
11:04:34,139,2.7245098039215687
11:04:35,139,2.7245098039215687
11:04:36,139,2.7245098039215687
11:04:37,139,2.7245098039215687
11:04:38,140,2.7245098039215687
11:04:39,140,2.7685185185185186
11:04:40,140,2.7685185185185186
11:04:41,140,2.7685185185185186
11:04:42,140,2.785135135135135
11:04:43,140,2.785135135135135
11:04:44,141,2.785135135135135
11:04:45,141,2.7982456140350878
11:04:46,141,2.7982456140350878
11:04:47,141,2.7982456140350878
11:04:48,141,2.8354166666666667
11:04:49,142,2.8354166666666667
11:04:50,142,2.8354166666666667
11:04:51,142,2.8354166666666667
11:04:52,142,2.8354166666666667
11:04:53,143,2.8354166666666667
11:04:54,143,2.8354166666666667
11:04:55,143,2.8354166666666667
11:04:56,143,2.8354166666666667
11:04:57,143,2.8354166666666667
11:04:58,143,2.861382113821138
11:04:59,143,2.861382113821138
11:05:00,143,2.861382113821138
11:05:01,144,2.8813492063492063
11:05:02,144,2.8813492063492063
11:05:03,144,2.8813492063492063
11:05:04,144,2.894186046511628
11:05:05,145,2.894186046511628
11:05:06,145,2.9109848484848486
11:05:07,145,2.9109848484848486
11:05:08,146,2.9109848484848486
11:05:09,146,2.9109848484848486
11:05:10,146,2.9109848484848486
11:05:11,146,2.9274074074074075
11:05:12,147,2.9274074074074075
11:05:13,147,2.942753623188406
11:05:14,147,2.942753623188406
11:05:15,149,2.969858156028369
11:05:16,149,2.982638888888889
11:05:17,149,2.982638888888889
11:05:18,150,2.982638888888889
11:05:19,150,2.982638888888889
11:05:20,150,2.982638888888889
11:05:21,150,2.982638888888889
11:05:22,151,2.982638888888889
11:05:23,151,2.982638888888889
11:05:24,151,2.992517006802721
11:05:25,152,2.992517006802721
11:05:26,152,2.992517006802721
11:05:27,152,2.992517006802721
11:05:28,152,2.992517006802721
11:05:29,153,2.992517006802721
11:05:30,153,2.992517006802721
11:05:31,153,2.992517006802721
11:05:32,153,2.992517006802721
11:05:33,153,3.017333333333333
11:05:34,153,3.017333333333333
11:05:35,153,3.038235294117647
11:05:36,153,3.038235294117647
11:05:37,153,3.0576923076923075
11:05:38,153,3.0798742138364776
11:05:39,153,3.1055555555555556
11:05:40,154,3.1055555555555556
11:05:41,154,3.1055555555555556
11:05:42,154,3.1055555555555556
11:05:43,154,3.1055555555555556
11:05:44,155,3.1055555555555556
11:05:45,155,3.1055555555555556
11:05:46,155,3.12030303030303
11:05:47,156,3.12030303030303
11:05:48,156,3.141369047619048
11:05:49,156,3.1570175438596495
11:05:50,157,3.1570175438596495
11:05:51,157,3.1570175438596495
11:05:52,157,3.1570175438596495
11:05:53,158,3.1570175438596495
11:05:54,158,3.177298850574713
11:05:55,158,3.19180790960452
11:05:56,158,3.2094444444444443
11:05:57,159,3.2094444444444443
11:05:58,159,3.2094444444444443
11:05:59,159,3.2094444444444443
11:06:00,159,3.2267759562841527
11:06:01,160,3.2267759562841527
11:06:02,160,3.2267759562841527
11:06:03,160,3.2267759562841527
11:06:04,160,3.2267759562841527
11:06:05,160,3.2267759562841527
11:06:06,161,3.2473118279569895
11:06:07,161,3.2473118279569895
11:06:08,161,3.2473118279569895
11:06:09,162,3.266931216931217
11:06:10,163,3.266931216931217
11:06:11,163,3.266931216931217
11:06:12,164,3.266931216931217
11:06:13,164,3.3053846153846154
11:06:14,164,3.3053846153846154
11:06:15,165,3.3053846153846154
11:06:16,165,3.3053846153846154
11:06:17,165,3.3053846153846154
11:06:18,166,3.3053846153846154
11:06:19,166,3.3053846153846154
11:06:20,166,3.3176767676767676
11:06:21,166,3.3291044776119403
11:06:22,167,3.3291044776119403
11:06:23,167,3.3291044776119403
11:06:24,167,3.3291044776119403
11:06:25,167,3.3291044776119403
11:06:26,167,3.3291044776119403
11:06:27,168,3.3411764705882354
11:06:28,168,3.3606280193236713
11:06:29,168,3.3606280193236713
11:06:30,169,3.378333333333333
11:06:31,169,3.378333333333333
11:06:32,169,3.378333333333333
11:06:33,169,3.378333333333333
11:06:34,169,3.378333333333333
11:06:35,170,3.378333333333333
11:06:36,170,3.3948356807511737
11:06:37,170,3.4157407407407407
11:06:38,170,3.4157407407407407
11:06:39,171,3.4157407407407407
11:06:40,171,3.4269406392694064
11:06:41,171,3.4269406392694064
11:06:42,172,3.4269406392694064
11:06:43,172,3.4269406392694064
11:06:44,172,3.4269406392694064
11:06:45,173,3.4269406392694064
11:06:46,173,3.439864864864865
11:06:47,173,3.460444444444444
11:06:48,173,3.460444444444444
11:06:49,173,3.460444444444444
11:06:50,173,3.460444444444444
11:06:51,173,3.460444444444444
11:06:52,173,3.460444444444444
11:06:53,173,3.460444444444444
11:06:54,173,3.460444444444444
11:06:55,174,3.460444444444444
11:06:56,174,3.460444444444444
11:06:57,174,3.460444444444444
11:06:58,175,3.4989177489177488
11:06:59,175,3.4989177489177488
11:07:00,175,3.4989177489177488
11:07:01,175,3.5215811965811965
11:07:02,176,3.5215811965811965
11:07:03,177,3.5215811965811965
11:07:04,177,3.5215811965811965
11:07:05,178,3.5215811965811965
11:07:06,179,3.5215811965811965
11:07:07,179,3.5215811965811965
11:07:08,180,3.5215811965811965
11:07:09,180,3.5455696202531644
11:07:10,180,3.560625
11:07:11,180,3.5742798353909464
11:07:12,180,3.5947154471544716
11:07:13,181,3.5947154471544716
11:07:14,181,3.5947154471544716
11:07:15,181,3.5947154471544716
11:07:16,181,3.5947154471544716
11:07:17,182,3.6112449799196784
11:07:18,182,3.6112449799196784
11:07:19,182,3.631547619047619
11:07:20,182,3.6427450980392155
11:07:21,182,3.6427450980392155
11:07:22,183,3.6427450980392155
11:07:23,183,3.6426356589147284
11:07:24,183,3.6426356589147284
11:07:25,183,3.6426356589147284
11:07:26,184,3.6426356589147284
11:07:27,184,3.6426356589147284
11:07:28,184,3.6426356589147284
11:07:29,185,3.6426356589147284
11:07:30,185,3.6426356589147284
11:07:31,185,3.663984674329502
11:07:32,185,3.663984674329502
11:07:33,186,3.663984674329502
11:07:34,186,3.663984674329502
11:07:35,186,3.663984674329502
11:07:36,186,3.663984674329502
11:07:37,187,3.663984674329502
11:07:38,187,3.663984674329502
11:07:39,187,3.663984674329502
11:07:40,187,3.663984674329502
11:07:41,188,3.663984674329502
11:07:42,188,3.663984674329502
11:07:43,188,3.663984674329502
11:07:44,188,3.706741573033708
11:07:45,188,3.706741573033708
11:07:46,189,3.706741573033708
11:07:47,189,3.7222222222222223
11:07:48,189,3.7222222222222223
11:07:49,190,3.743040293040293
11:07:50,190,3.7518115942028984
11:07:51,190,3.7518115942028984
11:07:52,190,3.7761648745519714
11:07:53,191,3.7761648745519714
11:07:54,192,3.7761648745519714
11:07:55,193,3.7898936170212765
11:07:56,194,3.7898936170212765
11:07:57,194,3.7898936170212765
11:07:58,195,3.7898936170212765
11:07:59,197,3.7898936170212765
11:08:00,197,3.7898936170212765
11:08:01,197,3.7898936170212765
11:08:02,197,3.7898936170212765
11:08:03,198,3.7898936170212765
11:08:04,198,3.7898936170212765
11:08:05,199,3.7898936170212765
11:08:06,199,3.7898936170212765
11:08:07,200,3.7898936170212765
11:08:08,200,3.798611111111111
11:08:09,200,3.798611111111111
11:08:10,200,3.798611111111111
11:08:11,200,3.798611111111111
11:08:12,200,3.803780068728522
11:08:13,201,3.803780068728522
11:08:14,201,3.803780068728522
11:08:15,201,3.803780068728522
11:08:16,201,3.803780068728522
11:08:17,201,3.8285714285714287
11:08:18,202,3.8285714285714287
11:08:19,202,3.8703333333333334
11:08:20,203,3.8703333333333334
11:08:21,205,3.8703333333333334
11:08:22,205,3.8703333333333334
11:08:23,205,3.8703333333333334
11:08:24,205,3.8703333333333334
11:08:25,205,3.8703333333333334
11:08:26,205,3.8703333333333334
11:08:27,205,3.8703333333333334
11:08:28,205,3.8703333333333334
11:08:29,205,3.8703333333333334
11:08:30,205,3.8703333333333334
11:08:31,205,3.8703333333333334
11:08:32,205,3.8703333333333334
11:08:33,205,3.8894389438943895
11:08:34,205,3.8894389438943895
11:08:35,205,3.9063725490196077
11:08:36,205,3.9063725490196077
11:08:37,205,3.9063725490196077
11:08:38,205,3.9063725490196077
11:08:39,206,3.9063725490196077
11:08:40,206,3.9106796116504854
11:08:41,206,3.9366987179487176
11:08:42,206,3.9366987179487176
11:08:43,206,3.9366987179487176
11:08:44,206,3.9366987179487176
11:08:45,206,3.9531746031746033
11:08:46,206,3.9531746031746033
11:08:47,207,3.9531746031746033
11:08:48,207,3.9531746031746033
11:08:49,207,3.9531746031746033
11:08:50,207,3.9531746031746033
11:08:51,207,3.9531746031746033
11:08:52,207,3.9531746031746033
11:08:53,207,3.9531746031746033
11:08:54,207,3.975943396226415
11:08:55,207,3.975943396226415
11:08:56,207,3.975943396226415
11:08:57,207,3.975943396226415
11:08:58,207,3.99797507788162
11:08:59,207,3.99797507788162
11:09:00,207,3.99797507788162
11:09:01,207,4.006944444444445
11:09:02,207,4.006944444444445
11:09:03,207,4.006944444444445
11:09:04,207,4.006944444444445
11:09:05,208,4.006944444444445
11:09:06,209,4.006944444444445
11:09:07,209,4.055151515151516
11:09:08,209,4.055151515151516
11:09:09,209,4.070720720720721
11:09:10,209,4.088541666666667
11:09:11,209,4.088541666666667
11:09:12,209,4.088541666666667
11:09:13,209,4.088541666666667
11:09:14,209,4.088541666666667
11:09:15,209,4.079498525073746
11:09:16,210,4.079498525073746
11:09:17,210,4.079498525073746
11:09:18,210,4.079498525073746
11:09:19,211,4.079498525073746
11:09:20,212,4.079498525073746
11:09:21,212,4.079498525073746
11:09:22,212,4.079498525073746
11:09:23,212,4.079498525073746
11:09:24,212,4.079498525073746
11:09:25,213,4.098245614035088
11:09:26,213,4.098245614035088
11:09:27,213,4.098245614035088
11:09:28,213,4.098245614035088
11:09:29,213,4.119710144927536
11:09:30,213,4.136781609195402
11:09:31,213,4.136781609195402
11:09:32,213,4.136781609195402
11:09:33,213,4.136781609195402
11:09:34,213,4.136781609195402
11:09:35,213,4.156267806267807
11:09:36,213,4.156267806267807
11:09:37,213,4.156267806267807
11:09:38,213,4.156267806267807
11:09:39,213,4.156267806267807
11:09:40,213,4.156267806267807
11:09:41,213,4.1910364145658265
11:09:42,213,4.1910364145658265
11:09:43,213,4.208472222222222
11:09:44,213,4.188567493112948
11:09:45,213,4.188567493112948
11:09:46,213,4.2098360655737705
11:09:47,213,4.2098360655737705
11:09:48,213,4.2098360655737705
11:09:49,213,4.228590785907859
11:09:50,213,4.228590785907859
11:09:51,213,4.228590785907859
11:09:52,213,4.228590785907859
11:09:53,213,4.228590785907859
11:09:54,213,4.228590785907859
11:09:55,213,4.228590785907859
11:09:56,213,4.2354666666666665
11:09:57,213,4.2354666666666665
11:09:58,213,4.218253968253968
11:09:59,213,4.218253968253968
11:10:00,213,4.218253968253968
11:10:01,213,4.208005249343832
11:10:02,213,4.208005249343832
11:10:03,213,4.208005249343832
11:10:04,213,4.208005249343832
11:10:05,213,4.208005249343832
11:10:06,213,4.208005249343832
11:10:07,213,4.208005249343832
11:10:08,213,4.208005249343832
11:10:09,213,4.208005249343832
11:10:10,215,4.208005249343832
11:10:11,215,4.208005249343832
11:10:12,215,4.208005249343832
11:10:13,216,4.208005249343832
11:10:14,216,4.208005249343832
11:10:15,216,4.208005249343832
11:10:16,217,4.208005249343832
11:10:17,217,4.213049095607235
11:10:18,217,4.213049095607235
11:10:19,217,4.213049095607235
11:10:20,218,4.213049095607235
11:10:21,218,4.213049095607235
11:10:22,218,4.232692307692307
11:10:23,218,4.232692307692307
11:10:24,218,4.232692307692307
11:10:25,218,4.232692307692307
11:10:26,219,4.21793893129771
11:10:27,219,4.21793893129771
11:10:28,219,4.21793893129771
11:10:29,219,4.21793893129771
11:10:30,219,4.238636363636363
11:10:31,219,4.254260651629073
11:10:32,219,4.275995024875622
11:10:33,219,4.275995024875622
11:10:34,219,4.300123456790123
11:10:35,219,4.300123456790123
11:10:36,219,4.287745098039215
11:10:37,219,4.287745098039215
11:10:38,219,4.287745098039215
11:10:39,219,4.287745098039215
11:10:40,219,4.273357664233576
11:10:41,219,4.273357664233576
11:10:42,219,4.273357664233576
11:10:43,219,4.273357664233576
11:10:44,220,4.273357664233576
11:10:45,220,4.257487922705314
11:10:46,220,4.257487922705314
11:10:47,220,4.257487922705314
11:10:48,220,4.257487922705314
11:10:49,220,4.257487922705314
11:10:50,221,4.257487922705314
11:10:51,221,4.257487922705314
11:10:52,221,4.257487922705314
11:10:53,221,4.257487922705314
11:10:54,221,4.2748201438848925
11:10:55,221,4.2748201438848925
11:10:56,221,4.2960714285714285
11:10:57,221,4.2960714285714285
11:10:58,221,4.2960714285714285
11:10:59,222,4.2960714285714285
11:11:00,222,4.2960714285714285
11:11:01,222,4.2960714285714285
11:11:02,222,4.2960714285714285
11:11:03,222,4.2960714285714285
11:11:04,223,4.2960714285714285
11:11:05,223,4.316666666666666
11:11:06,224,4.316666666666666
11:11:07,224,4.316666666666666
11:11:08,224,4.308333333333334
11:11:09,224,4.308333333333334
11:11:10,224,4.292657342657342
11:11:11,225,4.292657342657342
11:11:12,225,4.292657342657342
11:11:13,225,4.292657342657342
11:11:14,226,4.28275462962963
11:11:15,226,4.28275462962963
11:11:16,226,4.28275462962963
11:11:17,227,4.28275462962963
11:11:18,227,4.28275462962963
11:11:19,227,4.28275462962963
11:11:20,227,4.301264367816092
11:11:21,228,4.301264367816092
11:11:22,228,4.301264367816092
11:11:23,228,4.301264367816092
11:11:24,228,4.301264367816092
11:11:25,229,4.327853881278539
11:11:26,229,4.3126984126984125
11:11:27,229,4.3126984126984125
11:11:28,229,4.329617117117118
11:11:29,229,4.329617117117118
11:11:30,229,4.329617117117118
11:11:31,230,4.329617117117118
11:11:32,230,4.329617117117118
11:11:33,230,4.329617117117118
11:11:34,230,4.329617117117118
11:11:35,231,4.352572706935123
11:11:36,231,4.352572706935123
11:11:37,231,4.352572706935123
11:11:38,232,4.352572706935123
11:11:39,232,4.352572706935123
11:11:40,233,4.352572706935123
11:11:41,234,4.352572706935123
11:11:42,234,4.352572706935123
11:11:43,234,4.352572706935123
11:11:44,234,4.352572706935123
11:11:45,235,4.352572706935123
11:11:46,235,4.369777777777778
11:11:47,235,4.369777777777778
11:11:48,235,4.369777777777778
11:11:49,237,4.369777777777778
11:11:50,237,4.369777777777778
11:11:51,237,4.369777777777778
11:11:52,238,4.369777777777778
11:11:53,239,4.369777777777778
11:11:54,239,4.39028697571744
11:11:55,239,4.39028697571744
11:11:56,239,4.39028697571744
11:11:57,239,4.3821271929824555
11:11:58,239,4.4035947712418295
11:11:59,239,4.4035947712418295
11:12:00,239,4.4035947712418295
11:12:01,240,4.4035947712418295
11:12:02,240,4.4035947712418295
11:12:03,240,4.4035947712418295
11:12:04,240,4.4035947712418295
11:12:05,240,4.4035947712418295
11:12:06,240,4.4035947712418295
11:12:07,240,4.4035947712418295
11:12:08,240,4.4035947712418295
11:12:09,240,4.4246753246753245
11:12:10,240,4.43301282051282
11:12:11,240,4.43301282051282
11:12:12,240,4.43301282051282
11:12:13,240,4.43301282051282
11:12:14,240,4.460828025477707
11:12:15,240,4.460828025477707
11:12:16,240,4.460828025477707
11:12:17,240,4.460828025477707
11:12:18,240,4.460828025477707
11:12:19,240,4.460828025477707
11:12:20,240,4.460828025477707
11:12:21,240,4.460828025477707
11:12:22,240,4.460828025477707
11:12:23,240,4.460828025477707
11:12:24,241,4.460828025477707
11:12:25,241,4.460828025477707
11:12:26,241,4.460828025477707
11:12:27,241,4.460828025477707
11:12:28,241,4.481434599156118
11:12:29,241,4.481434599156118
11:12:30,241,4.467819706498952
11:12:31,241,4.4859375
11:12:32,241,4.472670807453416
11:12:33,242,4.472670807453416
11:12:34,242,4.472670807453416
11:12:35,242,4.459567901234568
11:12:36,242,4.476891615541922
11:12:37,242,4.462804878048781
11:12:38,242,4.462804878048781
11:12:39,242,4.462804878048781
11:12:40,242,4.462804878048781
11:12:41,242,4.462804878048781
11:12:42,242,4.462804878048781
11:12:43,242,4.462804878048781
11:12:44,242,4.462804878048781
11:12:45,242,4.481111111111111
11:12:46,242,4.481111111111111
11:12:47,242,4.481111111111111
11:12:48,242,4.481111111111111
11:12:49,242,4.481111111111111
11:12:50,242,4.481111111111111
11:12:51,242,4.481111111111111
11:12:52,242,4.481111111111111
11:12:53,242,4.481111111111111
11:12:54,242,4.481111111111111
11:12:55,242,4.481111111111111
11:12:56,242,4.481111111111111
11:12:57,243,4.469779116465864
11:12:58,243,4.469779116465864
11:12:59,243,4.469779116465864
11:13:00,243,4.469779116465864
11:13:01,244,4.469779116465864
11:13:02,244,4.489820359281437
11:13:03,244,4.489820359281437
11:13:04,245,4.508531746031746
11:13:05,245,4.508531746031746
11:13:06,245,4.4985207100591715
11:13:07,245,4.515098039215686
11:13:08,246,4.515098039215686
11:13:09,246,4.515098039215686
11:13:10,246,4.515098039215686
11:13:11,247,4.530896686159845
11:13:12,247,4.530896686159845
11:13:13,247,4.530896686159845
11:13:14,247,4.530896686159845
11:13:15,248,4.559883720930232
11:13:16,248,4.559883720930232
11:13:17,248,4.559883720930232
11:13:18,248,4.559883720930232
11:13:19,248,4.559883720930232
11:13:20,248,4.559883720930232
11:13:21,248,4.559883720930232
11:13:22,248,4.559883720930232
11:13:23,248,4.559883720930232
11:13:24,248,4.559883720930232
11:13:25,248,4.559883720930232
11:13:26,248,4.559883720930232
11:13:27,249,4.559883720930232
11:13:28,249,4.559883720930232
11:13:29,249,4.559883720930232
11:13:30,249,4.559883720930232
11:13:31,249,4.559883720930232
11:13:32,249,4.559883720930232
11:13:33,249,4.559883720930232
11:13:34,249,4.559883720930232
11:13:35,249,4.585741811175337
11:13:36,249,4.585741811175337
11:13:37,249,4.604980842911877
11:13:38,250,4.604980842911877
11:13:39,250,4.604980842911877
11:13:40,250,4.6276190476190475
11:13:41,250,4.6276190476190475
11:13:42,250,4.6276190476190475
11:13:43,250,4.6276190476190475
11:13:44,250,4.6276190476190475
11:13:45,250,4.6276190476190475
11:13:46,250,4.6276190476190475
11:13:47,250,4.6276190476190475
11:13:48,250,4.6276190476190475
11:13:49,250,4.6276190476190475
11:13:50,250,4.6276190476190475
11:13:51,250,4.6276190476190475
11:13:52,250,4.6276190476190475
11:13:53,250,4.6276190476190475
11:13:54,250,4.630696798493409
11:13:55,250,4.630696798493409
11:13:56,250,4.630696798493409
11:13:57,250,4.630696798493409
11:13:58,250,4.61629213483146
11:13:59,250,4.61629213483146
11:14:00,250,4.61629213483146
11:14:01,250,4.6035381750465545
11:14:02,250,4.6035381750465545
11:14:03,250,4.6035381750465545
11:14:04,250,4.6035381750465545
11:14:05,250,4.6035381750465545
11:14:06,251,4.6035381750465545
11:14:07,251,4.623888888888889
11:14:08,251,4.623888888888889
11:14:09,251,4.623888888888889
11:14:10,251,4.623888888888889
11:14:11,251,4.623888888888889
11:14:12,251,4.623888888888889
11:14:13,251,4.6416206261510125
11:14:14,251,4.6416206261510125
11:14:15,251,4.660805860805861
11:14:16,251,4.660805860805861
11:14:17,251,4.660805860805861
11:14:18,252,4.660805860805861
11:14:19,252,4.660805860805861
11:14:20,252,4.660805860805861
11:14:21,252,4.660805860805861
11:14:22,253,4.660805860805861
11:14:23,253,4.645264116575592
11:14:24,254,4.645264116575592
11:14:25,254,4.671014492753623
11:14:26,254,4.671014492753623
11:14:27,254,4.671014492753623
11:14:28,254,4.671014492753623
11:14:29,254,4.680824372759857
11:14:30,255,4.680824372759857
11:14:31,255,4.680824372759857
11:14:32,255,4.680824372759857
11:14:33,256,4.698752228163993
11:14:34,256,4.698752228163993
11:14:35,256,4.698752228163993
11:14:36,256,4.698752228163993
11:14:37,256,4.698752228163993
11:14:38,257,4.698752228163993
11:14:39,258,4.698752228163993
11:14:40,258,4.698752228163993
11:14:41,259,4.719769503546099
11:14:42,259,4.719769503546099
11:14:43,259,4.719769503546099
11:14:44,260,4.719769503546099
11:14:45,261,4.719769503546099
11:14:46,261,4.719769503546099
11:14:47,263,4.719769503546099
11:14:48,263,4.719769503546099
11:14:49,264,4.719769503546099
11:14:50,265,4.719769503546099
11:14:51,265,4.719769503546099
11:14:52,266,4.719769503546099
11:14:53,267,4.719769503546099
11:14:54,267,4.719769503546099
11:14:55,267,4.719769503546099
11:14:56,268,4.719769503546099
11:14:57,269,4.719769503546099
11:14:58,269,4.719769503546099
11:14:59,269,4.7406525573192235
11:15:00,270,4.7406525573192235
11:15:01,271,4.7406525573192235
11:15:02,271,4.7406525573192235
11:15:03,271,4.7406525573192235
11:15:04,272,4.7406525573192235
11:15:05,273,4.7406525573192235
11:15:06,274,4.7406525573192235
11:15:07,274,4.7406525573192235
11:15:08,274,4.7406525573192235
11:15:09,274,4.7406525573192235
11:15:10,275,4.7406525573192235
11:15:11,275,4.7406525573192235
11:15:12,275,4.7406525573192235
11:15:13,276,4.7406525573192235
11:15:14,276,4.7406525573192235
11:15:15,276,4.7406525573192235
11:15:16,276,4.7406525573192235
11:15:17,277,4.76719298245614
11:15:18,277,4.76719298245614
11:15:19,277,4.76719298245614
11:15:20,278,4.791623036649215
11:15:21,278,4.791623036649215
11:15:22,279,4.791623036649215
11:15:23,279,4.809722222222222
11:15:24,279,4.809722222222222
11:15:25,280,4.809722222222222
11:15:26,280,4.809722222222222
11:15:27,280,4.809722222222222
11:15:28,280,4.809722222222222
11:15:29,280,4.809722222222222
11:15:30,280,4.830915371329879
11:15:31,282,4.830915371329879
11:15:32,282,4.830915371329879
11:15:33,282,4.830915371329879
11:15:34,283,4.849398625429553
11:15:35,283,4.849398625429553
11:15:36,283,4.849398625429553
11:15:37,283,4.872735042735043
11:15:38,284,4.872735042735043
11:15:39,285,4.872735042735043
11:15:40,286,4.872735042735043
11:15:41,287,4.872735042735043
11:15:42,287,4.872735042735043
11:15:43,288,4.872735042735043
11:15:44,288,4.872735042735043
11:15:45,289,4.872735042735043
11:15:46,290,4.872735042735043
11:15:47,290,4.872735042735043
11:15:48,292,4.872735042735043
11:15:49,292,4.894302721088436
11:15:50,292,4.894302721088436
11:15:51,293,4.894302721088436
11:15:52,293,4.915651438240271
11:15:53,294,4.915651438240271
11:15:54,294,4.915651438240271
11:15:55,295,4.933585858585858
11:15:56,295,4.933585858585858
11:15:57,296,4.933585858585858
11:15:58,297,4.951340033500838
11:15:59,297,4.951340033500838
11:16:00,298,4.951340033500838
11:16:01,299,4.951340033500838
11:16:02,299,4.951340033500838
11:16:03,299,4.951340033500838
11:16:04,301,4.951340033500838
11:16:05,302,4.951340033500838
11:16:06,303,4.951340033500838
11:16:07,303,4.951340033500838
11:16:08,304,4.9784999999999995
11:16:09,304,4.9784999999999995
11:16:10,305,4.996185737976783
11:16:11,305,4.996185737976783
11:16:12,306,4.996185737976783
11:16:13,307,4.98036303630363
11:16:14,307,4.98036303630363
11:16:15,307,4.98036303630363
11:16:16,309,4.98036303630363
11:16:17,309,4.98036303630363
11:16:18,309,4.98036303630363
11:16:19,310,4.98036303630363
11:16:20,311,4.98036303630363
11:16:21,311,4.98036303630363
11:16:22,312,4.98036303630363
11:16:23,313,4.98036303630363
11:16:24,313,4.98036303630363
11:16:25,314,4.98036303630363
11:16:26,314,4.98036303630363
11:16:27,316,4.98036303630363
11:16:28,317,4.98036303630363
11:16:29,317,4.98036303630363
11:16:30,317,4.98036303630363
11:16:31,318,4.98036303630363
11:16:32,318,4.98036303630363
11:16:33,318,4.98036303630363
11:16:34,319,4.98036303630363
11:16:35,319,4.98036303630363
11:16:36,319,4.98036303630363
11:16:37,320,4.98036303630363
11:16:38,321,4.98036303630363
11:16:39,321,5.003119868637111
11:16:40,321,5.003119868637111
11:16:41,322,5.003119868637111
11:16:42,323,5.014552845528455
11:16:43,323,5.014552845528455
11:16:44,324,5.014552845528455
11:16:45,324,5.014552845528455
11:16:46,324,5.014552845528455
11:16:47,326,5.014552845528455
11:16:48,326,5.014552845528455
11:16:49,326,5.014552845528455
11:16:50,327,5.014552845528455
11:16:51,328,5.014552845528455
11:16:52,328,5.014552845528455
11:16:53,329,5.001456310679612
11:16:54,330,5.001456310679612
11:16:55,330,4.987520128824476
11:16:56,331,4.987520128824476
11:16:57,331,4.97363782051282
11:16:58,331,4.97363782051282
11:16:59,332,4.97363782051282
11:17:00,333,5.001196172248803
11:17:01,333,4.988650793650794
11:17:02,333,4.988650793650794
11:17:03,333,5.008925750394945
11:17:04,333,4.995204402515723
11:17:05,333,4.995204402515723
11:17:06,333,4.995204402515723
11:17:07,334,4.9839593114241
11:17:08,334,4.9839593114241
11:17:09,334,5.006697819314642
11:17:10,334,5.006697819314642
11:17:11,335,5.006697819314642
11:17:12,335,5.006697819314642
11:17:13,336,5.006697819314642
11:17:14,336,5.006697819314642
11:17:15,336,5.031162790697675
11:17:16,336,5.031162790697675
11:17:17,336,5.031162790697675
11:17:18,337,5.031162790697675
11:17:19,337,5.031162790697675
11:17:20,337,5.031162790697675
11:17:21,338,5.031162790697675
11:17:22,338,5.031162790697675
11:17:23,338,5.031162790697675
11:17:24,338,5.031162790697675
11:17:25,338,5.031162790697675
11:17:26,338,5.031162790697675
11:17:27,338,5.058719135802469
11:17:28,338,5.058719135802469
11:17:29,338,5.080491551459293
11:17:30,338,5.080491551459293
11:17:31,338,5.104357798165138
11:17:32,338,5.104357798165138
11:17:33,338,5.122983257229833
11:17:34,338,5.112727272727272
11:17:35,338,5.112727272727272
11:17:36,338,5.112727272727272
11:17:37,338,5.132051282051282
11:17:38,338,5.132051282051282
11:17:39,338,5.132051282051282
11:17:40,338,5.132051282051282
11:17:41,338,5.132051282051282
11:17:42,338,5.132051282051282
11:17:43,338,5.132051282051282
11:17:44,339,5.132051282051282
11:17:45,339,5.132051282051282
11:17:46,339,5.132051282051282
11:17:47,339,5.121921921921922
11:17:48,339,5.121921921921922
11:17:49,340,5.121921921921922
11:17:50,341,5.144992526158446
11:17:51,341,5.144992526158446
11:17:52,342,5.144992526158446
11:17:53,342,5.144992526158446
11:17:54,343,5.144992526158446
11:17:55,343,5.144992526158446
11:17:56,343,5.160342261904762
11:17:57,344,5.160342261904762
11:17:58,344,5.150222222222222
11:17:59,345,5.150222222222222
11:18:00,345,5.150222222222222
11:18:01,346,5.150222222222222
11:18:02,346,5.150222222222222
11:18:03,346,5.140117994100295
11:18:04,347,5.140117994100295
11:18:05,347,5.141081871345029
11:18:06,348,5.141081871345029
11:18:07,348,5.141081871345029
11:18:08,348,5.141081871345029
11:18:09,348,5.141081871345029
11:18:10,349,5.141081871345029
11:18:11,349,5.141081871345029
11:18:12,349,5.141081871345029
11:18:13,350,5.131149927219796
11:18:14,350,5.131149927219796
11:18:15,350,5.131149927219796
11:18:16,351,5.158115942028985
11:18:17,351,5.158115942028985
11:18:18,352,5.158115942028985
11:18:19,353,5.180014430014429
11:18:20,353,5.180014430014429
11:18:21,353,5.180014430014429
11:18:22,354,5.202729885057471
11:18:23,354,5.1959942775393415
11:18:24,354,5.1959942775393415
11:18:25,355,5.19822695035461
11:18:26,355,5.19822695035461
11:18:27,355,5.19822695035461
11:18:28,355,5.19822695035461
11:18:29,356,5.19822695035461
11:18:30,356,5.19822695035461
11:18:31,356,5.19822695035461
11:18:32,358,5.19822695035461
11:18:33,358,5.190254237288135
11:18:34,358,5.190254237288135
11:18:35,359,5.190254237288135
11:18:36,359,5.190254237288135
11:18:37,360,5.190254237288135
11:18:38,360,5.190254237288135
11:18:39,361,5.190254237288135
11:18:40,361,5.213361462728551
11:18:41,361,5.213361462728551
11:18:42,362,5.213361462728551
11:18:43,362,5.2066526610644255
11:18:44,362,5.2066526610644255
11:18:45,362,5.2066526610644255
11:18:46,362,5.2066526610644255
11:18:47,362,5.2066526610644255
11:18:48,362,5.197698744769875
11:18:49,362,5.197698744769875
11:18:50,362,5.197698744769875
11:18:51,362,5.209375
11:18:52,362,5.209375
11:18:53,362,5.202627939142462
11:18:54,362,5.202627939142462
11:18:55,362,5.202627939142462
11:18:56,362,5.195592286501378
11:18:57,362,5.195592286501378
11:18:58,362,5.195592286501378
11:18:59,363,5.195592286501378
11:19:00,363,5.195592286501378
11:19:01,363,5.205967078189301
11:19:02,365,5.205967078189301
11:19:03,365,5.205967078189301
11:19:04,365,5.205967078189301
11:19:05,365,5.205967078189301
11:19:06,367,5.232650273224043
11:19:07,367,5.232650273224043
11:19:08,367,5.232650273224043
11:19:09,367,5.232650273224043
11:19:10,368,5.232650273224043
11:19:11,370,5.232650273224043
11:19:12,370,5.232650273224043
11:19:13,371,5.248170731707317
11:19:14,372,5.248170731707317
11:19:15,373,5.271187584345479
11:19:16,374,5.271187584345479
11:19:17,375,5.271187584345479
11:19:18,375,5.271187584345479
11:19:19,376,5.271187584345479
11:19:20,377,5.271187584345479
11:19:21,378,5.271187584345479
11:19:22,379,5.271187584345479
11:19:23,379,5.271187584345479
11:19:24,382,5.271187584345479
11:19:25,382,5.282392473118279
11:19:26,384,5.282392473118279
11:19:27,385,5.292034805890228
11:19:28,386,5.292034805890228
11:19:29,387,5.292034805890228
11:19:30,387,5.292034805890228
11:19:31,387,5.305933333333333
11:19:32,388,5.3002656042496685
11:19:33,388,5.3002656042496685
11:19:34,389,5.312896825396825
11:19:35,391,5.312896825396825
11:19:36,392,5.308563899868248
11:19:37,392,5.318307086614173
11:19:38,394,5.318307086614173
11:19:39,394,5.318307086614173
11:19:40,395,5.318307086614173
11:19:41,396,5.318307086614173
11:19:42,398,5.318307086614173
11:19:43,399,5.313660130718954
11:19:44,400,5.313660130718954
11:19:45,400,5.313660130718954
11:19:46,401,5.309440104166667
11:19:47,403,5.309440104166667
11:19:48,403,5.309440104166667
11:19:49,405,5.30544747081712
11:19:50,406,5.30544747081712
11:19:51,406,5.300516795865633
11:19:52,406,5.300516795865633
11:19:53,408,5.295752895752896
11:19:54,409,5.295752895752896
11:19:55,409,5.295752895752896
11:19:56,409,5.295752895752896
11:19:57,410,5.295752895752896
11:19:58,410,5.322051282051282
11:19:59,411,5.322051282051282
11:20:00,411,5.322051282051282
11:20:01,412,5.328416347381864
11:20:02,413,5.328416347381864
11:20:03,413,5.328416347381864
11:20:04,413,5.328416347381864
11:20:05,414,5.328416347381864
11:20:06,415,5.328416347381864
11:20:07,417,5.328416347381864
11:20:08,417,5.334732824427481
11:20:09,417,5.334732824427481
11:20:10,419,5.334732824427481
11:20:11,419,5.334732824427481
11:20:12,419,5.334732824427481
11:20:13,421,5.334732824427481
11:20:14,421,5.334732824427481
11:20:15,421,5.334732824427481
11:20:16,421,5.334732824427481
11:20:17,423,5.334732824427481
11:20:18,423,5.334732824427481
11:20:19,423,5.334732824427481
11:20:20,424,5.3456439393939394
11:20:21,425,5.3456439393939394
11:20:22,425,5.3456439393939394
11:20:23,425,5.360125786163522
11:20:24,427,5.360125786163522
11:20:25,427,5.360125786163522
11:20:26,428,5.360125786163522
11:20:27,428,5.360125786163522
11:20:28,428,5.360125786163522
11:20:29,429,5.360125786163522
11:20:30,429,5.3730576441102755
11:20:31,430,5.3730576441102755
11:20:32,431,5.3730576441102755
11:20:33,432,5.3730576441102755
11:20:34,433,5.3730576441102755
11:20:35,433,5.3730576441102755
11:20:36,434,5.3730576441102755
11:20:37,435,5.3730576441102755
11:20:38,436,5.3730576441102755
11:20:39,436,5.370848938826467
11:20:40,437,5.370848938826467
11:20:41,437,5.369154228855721
11:20:42,438,5.370555555555556
11:20:43,439,5.370555555555556
11:20:44,440,5.370555555555556
11:20:45,440,5.370555555555556
11:20:46,442,5.370555555555556
11:20:47,442,5.370555555555556
11:20:48,444,5.369557195571955
11:20:49,444,5.369557195571955
11:20:50,445,5.369557195571955
11:20:51,445,5.367892156862745
11:20:52,446,5.367892156862745
11:20:53,447,5.367892156862745
11:20:54,447,5.367892156862745
11:20:55,447,5.367892156862745
11:20:56,447,5.367892156862745
11:20:57,447,5.382722832722833
11:20:58,447,5.380900243309002
11:20:59,448,5.380900243309002
11:21:00,448,5.380900243309002
11:21:01,448,5.380900243309002
11:21:02,448,5.408484848484848
11:21:03,449,5.408484848484848
11:21:04,449,5.408484848484848
11:21:05,449,5.408484848484848
11:21:06,449,5.408484848484848
11:21:07,449,5.408484848484848
11:21:08,449,5.406823671497585
11:21:09,449,5.421600481347773
11:21:10,449,5.421600481347773
11:21:11,449,5.421600481347773
11:21:12,449,5.421600481347773
11:21:13,449,5.421600481347773
11:21:14,449,5.421600481347773
11:21:15,449,5.421600481347773
11:21:16,449,5.425239808153477
11:21:17,449,5.425239808153477
11:21:18,449,5.425239808153477
11:21:19,449,5.425239808153477
11:21:20,449,5.43536439665472
11:21:21,450,5.43536439665472
11:21:22,450,5.458571428571429
11:21:23,450,5.458571428571429
11:21:24,450,5.458718861209964
11:21:25,450,5.467553191489362
11:21:26,451,5.467314487632509
11:21:27,451,5.467314487632509
11:21:28,451,5.467314487632509
11:21:29,451,5.467314487632509
11:21:30,451,5.467314487632509
11:21:31,452,5.467314487632509
11:21:32,454,5.467314487632509
11:21:33,454,5.467314487632509
11:21:34,455,5.467314487632509
11:21:35,455,5.467314487632509
11:21:36,455,5.467314487632509
11:21:37,456,5.467314487632509
11:21:38,456,5.467314487632509
11:21:39,456,5.467314487632509
11:21:40,457,5.476291079812207
11:21:41,458,5.476291079812207
11:21:42,458,5.475847953216374
11:21:43,458,5.475847953216374
11:21:44,459,5.475847953216374
11:21:45,459,5.476282051282052
11:21:46,460,5.476282051282052
11:21:47,462,5.491695702671312
11:21:48,462,5.491956018518518
11:21:49,462,5.491956018518518
11:21:50,462,5.493079584775087
11:21:51,463,5.493079584775087
11:21:52,464,5.493079584775087
11:21:53,464,5.493079584775087
11:21:54,464,5.493079584775087
11:21:55,466,5.493079584775087
11:21:56,466,5.493079584775087
11:21:57,466,5.498908045977012
11:21:58,467,5.498908045977012
11:21:59,468,5.514203894616267
11:22:00,468,5.514203894616267
11:22:01,469,5.514203894616267
11:22:02,469,5.514203894616267
11:22:03,470,5.514203894616267
11:22:04,470,5.514203894616267
11:22:05,470,5.514203894616267
11:22:06,471,5.51695205479452
11:22:07,473,5.51695205479452
11:22:08,473,5.528612059158134
11:22:09,473,5.528612059158134
11:22:10,475,5.528612059158134
11:22:11,475,5.546995464852608
11:22:12,475,5.546995464852608
11:22:13,475,5.5483050847457624
11:22:14,476,5.5483050847457624
11:22:15,476,5.549042792792792
11:22:16,476,5.549042792792792
11:22:17,476,5.551571268237935
11:22:18,476,5.552964205816554
11:22:19,476,5.552964205816554
11:22:20,476,5.552964205816554
11:22:21,476,5.552964205816554
11:22:22,476,5.554124860646599
11:22:23,476,5.554124860646599
11:22:24,476,5.549888888888889
11:22:25,476,5.552380952380953
11:22:26,476,5.552380952380953
11:22:27,476,5.552380952380953
11:22:28,476,5.552380952380953
11:22:29,476,5.558388520971302
11:22:30,476,5.558388520971302
11:22:31,476,5.558388520971302
11:22:32,476,5.5652915291529155
11:22:33,476,5.5652915291529155
11:22:34,476,5.5652915291529155
11:22:35,476,5.5652915291529155
11:22:36,476,5.5652915291529155
11:22:37,476,5.5652915291529155
11:22:38,477,5.5652915291529155
11:22:39,477,5.5652915291529155
11:22:40,477,5.5652915291529155
11:22:41,478,5.5652915291529155
11:22:42,478,5.5652915291529155
11:22:43,478,5.578070175438596
11:22:44,479,5.578070175438596
11:22:45,480,5.578070175438596
11:22:46,480,5.578070175438596
11:22:47,481,5.578070175438596
11:22:48,482,5.578070175438596
11:22:49,483,5.579016393442624
11:22:50,483,5.579016393442624
11:22:51,483,5.579016393442624
11:22:52,483,5.584313725490196
11:22:53,483,5.584313725490196
11:22:54,483,5.584313725490196
11:22:55,483,5.584313725490196
11:22:56,483,5.584313725490196
11:22:57,483,5.584313725490196
11:22:58,483,5.584313725490196
11:22:59,483,5.584313725490196
11:23:00,483,5.584313725490196
11:23:01,483,5.584313725490196
11:23:02,483,5.603365906623236
11:23:03,483,5.603365906623236
11:23:04,483,5.603365906623236
11:23:05,483,5.608252427184466
11:23:06,483,5.608252427184466
11:23:07,483,5.611881720430107
11:23:08,483,5.611881720430107
11:23:09,483,5.611881720430107
11:23:10,484,5.611881720430107
11:23:11,484,5.611881720430107
11:23:12,484,5.611881720430107
11:23:13,484,5.6095391211146834
11:23:14,484,5.6095391211146834
11:23:15,484,5.613087606837607
11:23:16,484,5.621725239616613
11:23:17,485,5.621725239616613
11:23:18,485,5.621725239616613
11:23:19,485,5.621725239616613
11:23:20,485,5.626273885350319
11:23:21,485,5.626273885350319
11:23:22,485,5.626273885350319
11:23:23,485,5.628624338624339
11:23:24,486,5.628624338624339
11:23:25,486,5.628624338624339
11:23:26,486,5.628624338624339
11:23:27,486,5.628624338624339
11:23:28,486,5.628624338624339
11:23:29,486,5.633227848101266
11:23:30,486,5.633227848101266
11:23:31,486,5.633227848101266
11:23:32,486,5.633227848101266
11:23:33,486,5.633753943217666
11:23:34,486,5.633753943217666
11:23:35,486,5.638417190775682
11:23:36,487,5.638417190775682
11:23:37,487,5.638417190775682
11:23:38,487,5.638417190775682
11:23:39,487,5.642528735632184
11:23:40,490,5.642528735632184
11:23:41,490,5.6466666666666665
11:23:42,490,5.6466666666666665
11:23:43,490,5.6466666666666665
11:23:44,490,5.6466666666666665
11:23:45,490,5.6466666666666665
11:23:46,491,5.6466666666666665
11:23:47,491,5.6466666666666665
11:23:48,491,5.6466666666666665
11:23:49,492,5.6466666666666665
11:23:50,492,5.6466666666666665
11:23:51,492,5.662980269989616
11:23:52,493,5.662980269989616
11:23:53,493,5.662980269989616
11:23:54,494,5.663146997929607
11:23:55,495,5.669453044375645
11:23:56,495,5.669453044375645
11:23:57,496,5.676183127572017
11:23:58,498,5.676183127572017
11:23:59,498,5.676183127572017
11:24:00,499,5.676183127572017
11:24:01,499,5.676183127572017
11:24:02,500,5.674051282051282
11:24:03,501,5.674051282051282
11:24:04,501,5.674051282051282
11:24:05,502,5.674051282051282
11:24:06,503,5.674051282051282
11:24:07,503,5.674051282051282
11:24:08,503,5.6752044989775055
11:24:09,504,5.6752044989775055
11:24:10,504,5.6772171253822625
11:24:11,504,5.6772171253822625
11:24:12,505,5.679268292682926
11:24:13,505,5.679268292682926
11:24:14,505,5.684397163120567
11:24:15,505,5.684397163120567
11:24:16,506,5.684397163120567
11:24:17,506,5.6895454545454545
11:24:18,506,5.6895454545454545
11:24:19,506,5.6895454545454545
11:24:20,506,5.696223564954683
11:24:21,506,5.696223564954683
11:24:22,507,5.696223564954683
11:24:23,507,5.696223564954683
11:24:24,507,5.70245983935743
11:24:25,507,5.70245983935743
11:24:26,507,5.70245983935743
11:24:27,508,5.70245983935743
11:24:28,508,5.70245983935743
11:24:29,508,5.709059059059059
11:24:30,508,5.709059059059059
11:24:31,509,5.709059059059059
11:24:32,509,5.709059059059059
11:24:33,509,5.709059059059059
11:24:34,509,5.709059059059059
11:24:35,510,5.709059059059059
11:24:36,510,5.709059059059059
11:24:37,510,5.709059059059059
11:24:38,510,5.709059059059059
11:24:39,511,5.709059059059059
11:24:40,512,5.709059059059059
11:24:41,512,5.709059059059059
11:24:42,512,5.723652694610778
11:24:43,513,5.723652694610778
11:24:44,513,5.723652694610778
11:24:45,514,5.726019900497513
11:24:46,514,5.726019900497513
11:24:47,514,5.727678571428571
11:24:48,514,5.727678571428571
11:24:49,514,5.730811078140454
11:24:50,514,5.730811078140454
11:24:51,514,5.730811078140454
11:24:52,514,5.730811078140454
11:24:53,514,5.730811078140454
11:24:54,514,5.730966469428008
11:24:55,514,5.730966469428008
11:24:56,514,5.730966469428008
11:24:57,515,5.738544739429695
11:24:58,516,5.738544739429695
11:24:59,516,5.741372549019608
11:25:00,516,5.741372549019608
11:25:01,516,5.741372549019608
11:25:02,517,5.741372549019608
11:25:03,517,5.748142717497556
11:25:04,518,5.748142717497556
11:25:05,518,5.748142717497556
11:25:06,518,5.75462962962963
11:25:07,519,5.75462962962963
11:25:08,519,5.75462962962963
11:25:09,519,5.75462962962963
11:25:10,519,5.75462962962963
11:25:11,519,5.75462962962963
11:25:12,520,5.75462962962963
11:25:13,520,5.75462962962963
11:25:14,520,5.7676384839650146
11:25:15,520,5.7676384839650146
11:25:16,521,5.7676384839650146
11:25:17,522,5.772995169082125
11:25:18,522,5.772995169082125
11:25:19,522,5.78092485549133
11:25:20,522,5.78092485549133
11:25:21,523,5.78092485549133
11:25:22,523,5.78895292987512
11:25:23,523,5.78895292987512
11:25:24,523,5.78895292987512
11:25:25,524,5.7893199233716475
11:25:26,524,5.7893199233716475
11:25:27,524,5.7893199233716475
11:25:28,524,5.7893199233716475
11:25:29,524,5.7893199233716475
11:25:30,525,5.7893199233716475
11:25:31,525,5.7893199233716475
11:25:32,525,5.7893199233716475
11:25:33,526,5.7893199233716475
11:25:34,526,5.7946513849092645
11:25:35,526,5.795857142857143
11:25:36,527,5.795857142857143
11:25:37,528,5.795857142857143
11:25:38,528,5.7991927825261165
11:25:39,529,5.7991927825261165
11:25:40,529,5.7991927825261165
11:25:41,530,5.80345643939394
11:25:42,531,5.80345643939394
11:25:43,532,5.80345643939394
11:25:44,532,5.80345643939394
11:25:45,532,5.80345643939394
11:25:46,533,5.812559017941454
11:25:47,533,5.812559017941454
11:25:48,533,5.812559017941454
11:25:49,533,5.816195856873823
11:25:50,534,5.816195856873823
11:25:51,534,5.818591549295775
11:25:52,534,5.818591549295775
11:25:53,535,5.818591549295775
11:25:54,535,5.818591549295775
11:25:55,535,5.821676029962547
11:25:56,535,5.829831932773109
11:25:57,535,5.829831932773109
11:25:58,536,5.829831932773109
11:25:59,536,5.829831932773109
11:26:00,536,5.829831932773109
11:26:01,536,5.829831932773109
11:26:02,536,5.829831932773109
11:26:03,536,5.837942271880819
11:26:04,536,5.837942271880819
11:26:05,536,5.837942271880819
11:26:06,536,5.837942271880819
11:26:07,536,5.837942271880819
11:26:08,537,5.837942271880819
11:26:09,537,5.850046296296297
11:26:10,537,5.850046296296297
11:26:11,537,5.8595106186518935
11:26:12,537,5.8595106186518935
11:26:13,537,5.8595106186518935
11:26:14,537,5.8595106186518935
11:26:15,537,5.862799263351749
11:26:16,537,5.862799263351749
11:26:17,538,5.862799263351749
11:26:18,539,5.865059687786961
11:26:19,539,5.865059687786961
11:26:20,539,5.865059687786961
11:26:21,539,5.865059687786961
11:26:22,540,5.865059687786961
11:26:23,540,5.874084249084249
11:26:24,540,5.874084249084249
11:26:25,541,5.877579908675799
11:26:26,541,5.877579908675799
11:26:27,542,5.877579908675799
11:26:28,542,5.880783242258652
11:26:29,542,5.880783242258652
11:26:30,544,5.880783242258652
11:26:31,544,5.880783242258652
11:26:32,544,5.880783242258652
11:26:33,544,5.880783242258652
11:26:34,544,5.880783242258652
11:26:35,545,5.880783242258652
11:26:36,545,5.880783242258652
11:26:37,545,5.880783242258652
11:26:38,546,5.880783242258652
11:26:39,546,5.880783242258652
11:26:40,546,5.8836966394187105
11:26:41,547,5.8836966394187105
11:26:42,547,5.8836966394187105
11:26:43,547,5.8836966394187105
11:26:44,547,5.888088768115941
11:26:45,548,5.888088768115941
11:26:46,548,5.888088768115941
11:26:47,548,5.8920054200542005
11:26:48,548,5.8920054200542005
11:26:49,548,5.8920054200542005
11:26:50,548,5.8920054200542005
11:26:51,548,5.8920054200542005
11:26:52,548,5.8920054200542005
11:26:53,548,5.896621621621621
11:26:54,548,5.896621621621621
11:26:55,548,5.905076370170709
11:26:56,548,5.905076370170709
11:26:57,548,5.905076370170709
11:26:58,548,5.905076370170709
11:26:59,548,5.905076370170709
11:27:00,548,5.905076370170709
11:27:01,548,5.912589605734767
11:27:02,548,5.912589605734767
11:27:03,548,5.912589605734767
11:27:04,548,5.925044563279857
11:27:05,548,5.925044563279857
11:27:06,548,5.9296
11:27:07,548,5.932269503546099
11:27:08,548,5.932269503546099
11:27:09,548,5.932269503546099
11:27:10,548,5.932269503546099
11:27:11,548,5.932269503546099
11:27:12,548,5.936693191865605
11:27:13,548,5.936693191865605
11:27:14,548,5.936693191865605
11:27:15,548,5.948944591029023
11:27:16,548,5.948944591029023
11:27:17,548,5.95390350877193
11:27:18,548,5.95390350877193
11:27:19,549,5.95390350877193
11:27:20,549,5.95390350877193
11:27:21,550,5.95390350877193
11:27:22,550,5.95390350877193
11:27:23,550,5.95390350877193
11:27:24,550,5.95390350877193
11:27:25,550,5.95390350877193
11:27:26,550,5.95390350877193
11:27:27,550,5.95390350877193
11:27:28,550,5.958092738407699
11:27:29,550,5.958092738407699
11:27:30,551,5.958092738407699
11:27:31,551,5.958092738407699
11:27:32,551,5.966012216404887
11:27:33,552,5.970147954743255
11:27:34,552,5.970147954743255
11:27:35,552,5.970147954743255
11:27:36,552,5.970147954743255
11:27:37,554,5.970147954743255
11:27:38,554,5.970147954743255
11:27:39,554,5.970147954743255
11:27:40,554,5.970147954743255
11:27:41,555,5.979904513888888
11:27:42,555,5.979904513888888
11:27:43,557,5.979904513888888
11:27:44,557,5.979904513888888
11:27:45,557,5.979904513888888
11:27:46,559,5.979904513888888
11:27:47,559,5.979904513888888
11:27:48,559,5.979904513888888
11:27:49,560,5.9849350649350646
11:27:50,561,5.9849350649350646
11:27:51,561,5.9849350649350646
11:27:52,562,5.997846683893195
11:27:53,562,5.997846683893195
11:27:54,562,5.997846683893195
11:27:55,562,6.00360824742268
11:27:56,562,6.007412167952014
11:27:57,562,6.007412167952014
11:27:58,563,6.007412167952014
11:27:59,563,6.007412167952014
11:28:00,564,6.007412167952014
11:28:01,564,6.007412167952014
11:28:02,564,6.007412167952014
11:28:03,564,6.007412167952014
11:28:04,564,6.007412167952014
11:28:05,564,6.016324786324787
11:28:06,564,6.016324786324787
11:28:07,565,6.023486786018755
11:28:08,565,6.023486786018755
11:28:09,565,6.023486786018755
11:28:10,566,6.023486786018755
11:28:11,566,6.023486786018755
11:28:12,566,6.023486786018755
11:28:13,566,6.023486786018755
11:28:14,567,6.023486786018755
11:28:15,567,6.023486786018755
11:28:16,567,6.023486786018755
11:28:17,567,6.028656462585034
11:28:18,568,6.028656462585034
11:28:19,568,6.033715012722647
11:28:20,568,6.033715012722647
11:28:21,568,6.033715012722647
11:28:22,568,6.033715012722647
11:28:23,568,6.033715012722647
11:28:24,568,6.033715012722647
11:28:25,568,6.033715012722647
11:28:26,568,6.033715012722647
11:28:27,568,6.041328257191201
11:28:28,568,6.041328257191201
11:28:29,568,6.041328257191201
11:28:30,568,6.047637130801688
11:28:31,568,6.047637130801688
11:28:32,569,6.054335016835016
11:28:33,570,6.062258606213266
11:28:34,570,6.062258606213266
11:28:35,570,6.067546063651592
11:28:36,571,6.067546063651592
11:28:37,572,6.067546063651592
11:28:38,572,6.067546063651592
11:28:39,572,6.073934837092732
11:28:40,572,6.073934837092732
11:28:41,572,6.073934837092732
11:28:42,572,6.073934837092732
11:28:43,572,6.073934837092732
11:28:44,572,6.073934837092732
11:28:45,572,6.079208333333333
11:28:46,572,6.079208333333333
11:28:47,572,6.079208333333333
11:28:48,572,6.079208333333333
11:28:49,572,6.079208333333333
11:28:50,572,6.079208333333333
11:28:51,572,6.079208333333333
11:28:52,572,6.079208333333333
11:28:53,572,6.079208333333333
11:28:54,572,6.092703150912106
11:28:55,572,6.092703150912106
11:28:56,572,6.108292079207922
11:28:57,572,6.108292079207922
11:28:58,572,6.108292079207922
11:28:59,573,6.123399014778325
11:29:00,573,6.123399014778325
11:29:01,573,6.123399014778325
11:29:02,573,6.123399014778325
11:29:03,573,6.123399014778325
11:29:04,573,6.136437908496732
11:29:05,573,6.136437908496732
11:29:06,573,6.145843520782396
11:29:07,573,6.151869918699187
11:29:08,573,6.151869918699187
11:29:09,573,6.151869918699187
11:29:10,573,6.151869918699187
11:29:11,573,6.151869918699187
11:29:12,573,6.151869918699187
11:29:13,573,6.157988645579887
11:29:14,573,6.157988645579887
11:29:15,573,6.157988645579887
11:29:16,573,6.157988645579887
11:29:17,573,6.166828478964401
11:29:18,573,6.166828478964401
11:29:19,573,6.166828478964401
11:29:20,573,6.166828478964401
11:29:21,573,6.166828478964401
11:29:22,573,6.166828478964401
11:29:23,573,6.166828478964401
11:29:24,573,6.166828478964401
11:29:25,574,6.172639225181598
11:29:26,574,6.172639225181598
11:29:27,574,6.172639225181598
11:29:28,574,6.172639225181598
11:29:29,574,6.172639225181598
11:29:30,574,6.172639225181598
11:29:31,574,6.172639225181598
11:29:32,574,6.172639225181598
11:29:33,574,6.180555555555555
11:29:34,574,6.180555555555555
11:29:35,574,6.180555555555555
11:29:36,574,6.180555555555555
11:29:37,574,6.180555555555555
11:29:38,575,6.187309236947791
11:29:39,575,6.187309236947791
11:29:40,575,6.187309236947791
11:29:41,576,6.202837729816148
11:29:42,577,6.202837729816148
11:29:43,577,6.209090909090909
11:29:44,577,6.218973747016706
11:29:45,578,6.218973747016706
11:29:46,578,6.227896825396825
11:29:47,579,6.237331749802058
11:29:48,579,6.237331749802058
11:29:49,580,6.237331749802058
11:29:50,580,6.237331749802058
11:29:51,580,6.2465244865718805
11:29:52,580,6.2465244865718805
11:29:53,580,6.2465244865718805
11:29:54,580,6.2465244865718805
11:29:55,581,6.2465244865718805
11:29:56,581,6.251103230890465
11:29:57,581,6.251103230890465
11:29:58,581,6.251103230890465
11:29:59,582,6.259473270440251
11:30:00,582,6.264274509803922
11:30:01,582,6.264274509803922
11:30:02,582,6.264274509803922
11:30:03,583,6.27472613458529
11:30:04,583,6.27472613458529
11:30:05,584,6.27472613458529
11:30:06,584,6.27472613458529
11:30:07,584,6.27472613458529
11:30:08,584,6.27472613458529
11:30:09,585,6.27472613458529
11:30:10,585,6.27472613458529
11:30:11,585,6.27472613458529
11:30:12,585,6.27472613458529
11:30:13,586,6.27472613458529
11:30:14,587,6.284231069476971
11:30:15,587,6.284231069476971
11:30:16,588,6.284231069476971
11:30:17,588,6.290381619937694
11:30:18,588,6.290381619937694
11:30:19,590,6.290381619937694
11:30:20,590,6.296425796425797
11:30:21,590,6.296425796425797
11:30:22,590,6.301705426356589
11:30:23,591,6.301705426356589
11:30:24,591,6.301705426356589
11:30:25,591,6.310982211910286
11:30:26,591,6.310982211910286
11:30:27,591,6.310982211910286
11:30:28,593,6.310982211910286
11:30:29,594,6.310982211910286
11:30:30,594,6.310982211910286
11:30:31,595,6.310982211910286
11:30:32,595,6.310982211910286
11:30:33,595,6.328290993071593
11:30:34,596,6.328290993071593
11:30:35,596,6.337557603686636
11:30:36,596,6.337557603686636
11:30:37,596,6.348314176245211
11:30:38,597,6.348314176245211
11:30:39,598,6.348314176245211
11:30:40,599,6.348314176245211
11:30:41,599,6.348314176245211
11:30:42,599,6.356269113149847
11:30:43,601,6.356269113149847
11:30:44,601,6.356269113149847
11:30:45,601,6.356269113149847
11:30:46,602,6.361479786422578
11:30:47,604,6.361479786422578
11:30:48,604,6.361479786422578
11:30:49,605,6.361479786422578
11:30:50,605,6.368074581430746
11:30:51,605,6.368074581430746
11:30:52,605,6.368074581430746
11:30:53,606,6.368074581430746
11:30:54,606,6.368074581430746
11:30:55,606,6.368074581430746
11:30:56,606,6.368074581430746
11:30:57,606,6.368074581430746
11:30:58,607,6.368074581430746
11:30:59,607,6.368074581430746
11:31:00,607,6.368074581430746
11:31:01,607,6.368074581430746
11:31:02,608,6.368074581430746
11:31:03,608,6.368074581430746
11:31:04,608,6.368074581430746
11:31:05,608,6.374981017463933
11:31:06,608,6.374981017463933
11:31:07,608,6.386439393939394
11:31:08,608,6.386439393939394
11:31:09,608,6.386439393939394
11:31:10,608,6.386439393939394
11:31:11,608,6.39546485260771
11:31:12,608,6.39546485260771
11:31:13,608,6.39546485260771
11:31:14,609,6.405731523378582
11:31:15,610,6.405731523378582
11:31:16,610,6.415500376222724
11:31:17,610,6.415500376222724
11:31:18,610,6.415500376222724
11:31:19,612,6.415500376222724
11:31:20,612,6.415500376222724
11:31:21,612,6.422147147147147
11:31:22,612,6.422147147147147
11:31:23,612,6.422147147147147
11:31:24,612,6.431947565543071
11:31:25,612,6.431947565543071
11:31:26,612,6.450782997762863
11:31:27,612,6.450782997762863
11:31:28,612,6.450782997762863
11:31:29,612,6.457403273809524
11:31:30,612,6.457403273809524
11:31:31,612,6.457403273809524
11:31:32,612,6.457403273809524
11:31:33,612,6.457403273809524
11:31:34,612,6.467149220489977
11:31:35,612,6.467149220489977
11:31:36,612,6.470370370370371
11:31:37,613,6.470370370370371
11:31:38,613,6.470370370370371
11:31:39,613,6.470370370370371
11:31:40,613,6.481781226903179
11:31:41,613,6.481781226903179
11:31:42,613,6.488827433628319
11:31:43,613,6.5011405445180275
11:31:44,613,6.5011405445180275
11:31:45,613,6.513069016152716
11:31:46,613,6.513069016152716
11:31:47,614,6.513069016152716
11:31:48,614,6.513069016152716
11:31:49,614,6.513069016152716
11:31:50,614,6.524468864468864
11:31:51,614,6.524468864468864
11:31:52,614,6.524468864468864
11:31:53,614,6.524468864468864
11:31:54,614,6.524468864468864
11:31:55,615,6.53234649122807
11:31:56,615,6.53234649122807
11:31:57,615,6.538293216630197
11:31:58,615,6.548653566229985
11:31:59,615,6.55639070442992
11:32:00,615,6.55639070442992
11:32:01,615,6.55639070442992
11:32:02,615,6.55639070442992
11:32:03,615,6.55639070442992
11:32:04,615,6.562282608695652
11:32:05,616,6.562282608695652
11:32:06,616,6.562282608695652
11:32:07,616,6.562282608695652
11:32:08,616,6.562282608695652
11:32:09,616,6.562282608695652
11:32:10,616,6.562282608695652
11:32:11,616,6.562282608695652
11:32:12,617,6.562282608695652
11:32:13,617,6.562282608695652
11:32:14,617,6.568438177874186
11:32:15,617,6.568438177874186
11:32:16,617,6.568438177874186
11:32:17,617,6.577272727272727
11:32:18,617,6.577272727272727
11:32:19,618,6.577272727272727
11:32:20,618,6.5856731461483085
11:32:21,618,6.5856731461483085
11:32:22,620,6.5856731461483085
11:32:23,620,6.595869252873563
11:32:24,620,6.595869252873563
11:32:25,621,6.604086021505377
11:32:26,621,6.607904148783977
11:32:27,621,6.607904148783977
11:32:28,622,6.612241256245539
11:32:29,624,6.612241256245539
11:32:30,624,6.612241256245539
11:32:31,625,6.612241256245539
11:32:32,625,6.612241256245539
11:32:33,626,6.620797720797721
11:32:34,626,6.634008528784648
11:32:35,628,6.634008528784648
11:32:36,629,6.649398443029016
11:32:37,629,6.649398443029016
11:32:38,629,6.649398443029016
11:32:39,631,6.649398443029016
11:32:40,632,6.649398443029016
11:32:41,632,6.649398443029016
11:32:42,633,6.649398443029016
11:32:43,634,6.649398443029016
11:32:44,634,6.659004237288135
11:32:45,634,6.659004237288135
11:32:46,635,6.659004237288135
11:32:47,635,6.666102889358703
11:32:48,635,6.67739099859353
11:32:49,636,6.67739099859353
11:32:50,636,6.67739099859353
11:32:51,637,6.67739099859353
11:32:52,637,6.67739099859353
11:32:53,637,6.6820701754385965
11:32:54,638,6.6820701754385965
11:32:55,638,6.6820701754385965
11:32:56,638,6.6820701754385965
11:32:57,640,6.6820701754385965
11:32:58,640,6.6820701754385965
11:32:59,640,6.6820701754385965
11:33:00,641,6.6820701754385965
11:33:01,643,6.6820701754385965
11:33:02,643,6.6820701754385965
11:33:03,645,6.6820701754385965
11:33:04,645,6.6820701754385965
11:33:05,645,6.6820701754385965
11:33:06,646,6.6820701754385965
11:33:07,647,6.688410364145658
11:33:08,647,6.698672257162824
11:33:09,648,6.698672257162824
11:33:10,648,6.698672257162824
11:33:11,650,6.698672257162824
11:33:12,650,6.698672257162824
11:33:13,651,6.709100418410042
11:33:14,651,6.709100418410042
11:33:15,651,6.713291579679889
11:33:16,653,6.720069444444444
11:33:17,653,6.725051975051975
11:33:18,653,6.736998616874136
11:33:19,654,6.7469289164941335
11:33:20,655,6.7469289164941335
11:33:21,655,6.7469289164941335
11:33:22,655,6.756611570247935
11:33:23,656,6.7612371134020615
11:33:24,657,6.7612371134020615
11:33:25,657,6.7612371134020615
11:33:26,658,6.7612371134020615
11:33:27,658,6.7612371134020615
11:33:28,658,6.7612371134020615
11:33:29,658,6.7612371134020615
11:33:30,658,6.7612371134020615
11:33:31,659,6.7612371134020615
11:33:32,659,6.7612371134020615
11:33:33,659,6.7612371134020615
11:33:34,660,6.7612371134020615
11:33:35,660,6.7612371134020615
11:33:36,660,6.767318244170096
11:33:37,660,6.767318244170096
11:33:38,661,6.767318244170096
11:33:39,661,6.767318244170096
11:33:40,662,6.767318244170096
11:33:41,662,6.767318244170096
11:33:42,662,6.77957650273224
11:33:43,662,6.77957650273224
11:33:44,662,6.77957650273224
11:33:45,662,6.789502385821405
11:33:46,662,6.789502385821405
11:33:47,662,6.789502385821405
11:33:48,664,6.789502385821405
11:33:49,664,6.789502385821405
11:33:50,664,6.789502385821405
11:33:51,666,6.789502385821405
11:33:52,666,6.789502385821405
11:33:53,666,6.789502385821405
11:33:54,667,6.789502385821405
11:33:55,668,6.789502385821405
11:33:56,668,6.789502385821405
11:33:57,669,6.794455782312925
11:33:58,670,6.794455782312925
11:33:59,670,6.794455782312925
11:34:00,670,6.794455782312925
11:34:01,670,6.794455782312925
11:34:02,672,6.80061099796334
11:34:03,672,6.807181571815718
11:34:04,672,6.812576064908722
11:34:05,673,6.812576064908722
11:34:06,673,6.812576064908722
11:34:07,673,6.812576064908722
11:34:08,674,6.812576064908722
11:34:09,674,6.812576064908722
11:34:10,674,6.819129554655871
11:34:11,675,6.82969696969697
11:34:12,675,6.840154569892474
11:34:13,675,6.848591549295775
11:34:14,675,6.848591549295775
11:34:15,676,6.853480589022757
11:34:16,676,6.853480589022757
11:34:17,676,6.863994655978624
11:34:18,676,6.863994655978624
11:34:19,677,6.863994655978624
11:34:20,677,6.863994655978624
11:34:21,678,6.863994655978624
11:34:22,678,6.863994655978624
11:34:23,678,6.863994655978624
11:34:24,678,6.863994655978624
11:34:25,680,6.863994655978624
11:34:26,680,6.863994655978624
11:34:27,680,6.863994655978624
11:34:28,681,6.873900000000001
11:34:29,681,6.873900000000001
11:34:30,681,6.881769793745842
11:34:31,682,6.881769793745842
11:34:32,682,6.881769793745842
11:34:33,682,6.88894422310757
11:34:34,682,6.88894422310757
11:34:35,683,6.88894422310757
11:34:36,683,6.898807157057655
11:34:37,683,6.898807157057655
11:34:38,683,6.909689153439154
11:34:39,684,6.914686468646865
11:34:40,684,6.914686468646865
11:34:41,684,6.914686468646865
11:34:42,684,6.914686468646865
11:34:43,685,6.914686468646865
11:34:44,685,6.920915678524374
11:34:45,685,6.920915678524374
11:34:46,685,6.925509533201842
11:34:47,685,6.93001968503937
11:34:48,685,6.93001968503937
11:34:49,685,6.93001968503937
11:34:50,685,6.93001968503937
11:34:51,685,6.93001968503937
11:34:52,685,6.93001968503937
11:34:53,685,6.9328421741977735
11:34:54,685,6.9328421741977735
11:34:55,685,6.9328421741977735
11:34:56,685,6.9328421741977735
11:34:57,685,6.9328421741977735
11:34:58,685,6.9328421741977735
11:34:59,685,6.9328421741977735
11:35:00,685,6.9328421741977735
11:35:01,685,6.940882352941176
11:35:02,685,6.940882352941176
11:35:03,686,6.940882352941176
11:35:04,686,6.940882352941176
11:35:05,686,6.943574690150032
11:35:06,686,6.943574690150032
11:35:07,687,6.943574690150032
11:35:08,687,6.943574690150032
11:35:09,687,6.943574690150032
11:35:10,688,6.943574690150032
11:35:11,688,6.943574690150032
11:35:12,688,6.943574690150032
11:35:13,689,6.943574690150032
11:35:14,689,6.943574690150032
11:35:15,689,6.943574690150032
11:35:16,690,6.943574690150032
11:35:17,690,6.949381510416667
11:35:18,690,6.949381510416667
11:35:19,690,6.952631578947368
11:35:20,690,6.952631578947368
11:35:21,690,6.952631578947368
11:35:22,690,6.961381322957198
11:35:23,690,6.961381322957198
11:35:24,690,6.961381322957198
11:35:25,690,6.9723300970873785
11:35:26,690,6.9723300970873785
11:35:27,690,6.9723300970873785
11:35:28,691,6.9811046511627906
11:35:29,691,6.986686009026434
11:35:30,691,6.986686009026434
11:35:31,691,6.986686009026434
11:35:32,691,6.986686009026434
11:35:33,691,6.986686009026434
11:35:34,691,6.986686009026434
11:35:35,691,6.999165061014772
11:35:36,692,6.999165061014772
11:35:37,693,7.005865384615385
11:35:38,694,7.01001279590531
11:35:39,694,7.01001279590531
11:35:40,694,7.01001279590531
11:35:41,694,7.01001279590531
11:35:42,694,7.01001279590531
11:35:43,695,7.01001279590531
11:35:44,695,7.017049808429119
11:35:45,695,7.017049808429119
11:35:46,697,7.017049808429119
11:35:47,697,7.017049808429119
11:35:48,698,7.017049808429119
11:35:49,699,7.017049808429119
11:35:50,700,7.017049808429119
11:35:51,700,7.021733588272785
11:35:52,701,7.021733588272785
11:35:53,701,7.021733588272785
11:35:54,702,7.021733588272785
11:35:55,702,7.027544529262086
11:35:56,703,7.027544529262086
11:35:57,703,7.027544529262086
11:35:58,703,7.027544529262086
11:35:59,704,7.027544529262086
11:36:00,704,7.027544529262086
11:36:01,704,7.027544529262086
11:36:02,705,7.027544529262086
11:36:03,706,7.036571428571429
11:36:04,706,7.036571428571429
11:36:05,707,7.036571428571429
11:36:06,707,7.036571428571429
11:36:07,707,7.036571428571429
11:36:08,708,7.046989860583016
11:36:09,708,7.046989860583016
11:36:10,709,7.046989860583016
11:36:11,709,7.046989860583016
11:36:12,709,7.045698924731183
11:36:13,710,7.045698924731183
11:36:14,710,7.054640151515151
11:36:15,710,7.054640151515151
11:36:16,710,7.054640151515151
11:36:17,710,7.054640151515151
11:36:18,710,7.061342155009452
11:36:19,710,7.067672955974842
11:36:20,711,7.067672955974842
11:36:21,711,7.067672955974842
11:36:22,711,7.067672955974842
11:36:23,711,7.067672955974842
11:36:24,712,7.073132454488387
11:36:25,712,7.081735588972431
11:36:26,712,7.081735588972431
11:36:27,714,7.081735588972431
11:36:28,714,7.081735588972431
11:36:29,714,7.084928080050031
11:36:30,717,7.084928080050031
11:36:31,717,7.084928080050031
11:36:32,717,7.084928080050031
11:36:33,718,7.084928080050031
11:36:34,719,7.084928080050031
11:36:35,719,7.084928080050031
11:36:36,719,7.084928080050031
11:36:37,719,7.084928080050031
11:36:38,720,7.084928080050031
11:36:39,721,7.084928080050031
11:36:40,721,7.100311526479751
11:36:41,721,7.100311526479751
11:36:42,721,7.111328367473619
11:36:43,721,7.111328367473619
11:36:44,721,7.111328367473619
11:36:45,721,7.114591078066914
11:36:46,721,7.114591078066914
11:36:47,721,7.114502164502165
11:36:48,721,7.114502164502165
11:36:49,721,7.12108024691358
11:36:50,722,7.12108024691358
11:36:51,722,7.12108024691358
11:36:52,722,7.138591635916359
11:36:53,722,7.138591635916359
11:36:54,722,7.138591635916359
11:36:55,722,7.138591635916359
11:36:56,722,7.138591635916359
11:36:57,722,7.138591635916359
11:36:58,723,7.138591635916359
11:36:59,723,7.151593137254903
11:37:00,723,7.151593137254903
11:37:01,724,7.158455433455433
11:37:02,724,7.158455433455433
11:37:03,724,7.158455433455433
11:37:04,724,7.158455433455433
11:37:05,724,7.158455433455433
11:37:06,724,7.158455433455433
11:37:07,724,7.165143205362583
11:37:08,724,7.165143205362583
11:37:09,724,7.1699209245742095
11:37:10,724,7.1699209245742095
11:37:11,724,7.1699209245742095
11:37:12,724,7.178931390406801
11:37:13,724,7.178931390406801
11:37:14,724,7.1795757575757575
11:37:15,724,7.1795757575757575
11:37:16,724,7.1795757575757575
11:37:17,724,7.1795757575757575
11:37:18,724,7.1795757575757575
11:37:19,724,7.1795757575757575
11:37:20,724,7.1795757575757575
11:37:21,724,7.1795757575757575
11:37:22,724,7.178463399879008
11:37:23,725,7.178463399879008
11:37:24,725,7.178463399879008
11:37:25,725,7.178463399879008
11:37:26,726,7.178463399879008
11:37:27,726,7.178463399879008
11:37:28,726,7.178463399879008
11:37:29,726,7.178463399879008
11:37:30,727,7.178463399879008
11:37:31,727,7.178463399879008
11:37:32,727,7.178463399879008
11:37:33,728,7.183152173913044
11:37:34,728,7.189993972272453
11:37:35,728,7.1945848375451265
11:37:36,728,7.1945848375451265
11:37:37,729,7.1945848375451265
11:37:38,729,7.1945848375451265
11:37:39,729,7.1945848375451265
11:37:40,730,7.1945848375451265
11:37:41,730,7.19945945945946
11:37:42,730,7.19945945945946
11:37:43,731,7.19945945945946
11:37:44,731,7.19945945945946
11:37:45,731,7.208663069544364
11:37:46,733,7.208663069544364
11:37:47,733,7.208663069544364
11:37:48,733,7.215978456014363
11:37:49,733,7.215978456014363
11:37:50,734,7.2242831541218635
11:37:51,734,7.2242831541218635
11:37:52,734,7.226446034585569
11:37:53,736,7.226446034585569
11:37:54,736,7.226446034585569
11:37:55,736,7.226446034585569
11:37:56,737,7.226446034585569
11:37:57,737,7.237232142857143
11:37:58,737,7.237232142857143
11:37:59,738,7.237232142857143
11:38:00,738,7.237232142857143
11:38:01,739,7.24194890077243
11:38:02,739,7.24194890077243
11:38:03,739,7.24194890077243
11:38:04,740,7.2437722419928825
11:38:05,741,7.2437722419928825
11:38:06,742,7.2437722419928825
11:38:07,742,7.247098875074008
11:38:08,742,7.247098875074008
11:38:09,742,7.247098875074008
11:38:10,742,7.247098875074008
11:38:11,742,7.248289085545722
11:38:12,742,7.248289085545722
11:38:13,742,7.248289085545722
11:38:14,742,7.248289085545722
11:38:15,742,7.248289085545722
11:38:16,742,7.2575382803298
11:38:17,742,7.2575382803298
11:38:18,742,7.2575382803298
11:38:19,742,7.2575382803298
11:38:20,742,7.258259847148736
11:38:21,742,7.258259847148736
11:38:22,742,7.263761737089202
11:38:23,742,7.263761737089202
11:38:24,742,7.26871704745167
11:38:25,742,7.26871704745167
11:38:26,742,7.26871704745167
11:38:27,742,7.26871704745167
11:38:28,742,7.26871704745167
11:38:29,742,7.26871704745167
11:38:30,742,7.26871704745167
11:38:31,742,7.26871704745167
11:38:32,742,7.26871704745167
11:38:33,743,7.278567251461989
11:38:34,743,7.278567251461989
11:38:35,743,7.278567251461989
11:38:36,744,7.278567251461989
11:38:37,744,7.278567251461989
11:38:38,744,7.280502043199066
11:38:39,744,7.280502043199066
11:38:40,744,7.280502043199066
11:38:41,745,7.287296037296037
11:38:42,745,7.287296037296037
11:38:43,745,7.287296037296037
11:38:44,745,7.285165794066318
11:38:45,745,7.286788617886178
11:38:46,745,7.286788617886178
11:38:47,745,7.286788617886178
11:38:48,746,7.286788617886178
11:38:49,746,7.286788617886178
11:38:50,746,7.294965277777778
11:38:51,747,7.294965277777778
11:38:52,747,7.294965277777778
11:38:53,747,7.297544771808203
11:38:54,747,7.297544771808203
11:38:55,747,7.297544771808203
11:38:56,747,7.299538638985006
11:38:57,747,7.299538638985006
11:38:58,748,7.299538638985006
11:38:59,748,7.299538638985006
11:39:00,748,7.299538638985006
11:39:01,748,7.299538638985006
11:39:02,748,7.299538638985006
11:39:03,749,7.299538638985006
11:39:04,750,7.299538638985006
11:39:05,750,7.299538638985006
11:39:06,750,7.299538638985006
11:39:07,751,7.299538638985006
11:39:08,751,7.299538638985006
11:39:09,751,7.30146804835924
11:39:10,751,7.308764367816092
11:39:11,752,7.308764367816092
11:39:12,752,7.309868043602984
11:39:13,753,7.3130297823596795
11:39:14,753,7.322069754145226
11:39:15,753,7.322069754145226
11:39:16,753,7.325399543378995
11:39:17,753,7.325399543378995
11:39:18,753,7.332165242165242
11:39:19,753,7.330489192263936
11:39:20,753,7.330489192263936
11:39:21,753,7.330489192263936
11:39:22,754,7.330489192263936
11:39:23,754,7.330489192263936
11:39:24,754,7.330489192263936
11:39:25,755,7.330489192263936
11:39:26,755,7.330489192263936
11:39:27,755,7.330489192263936
11:39:28,755,7.330489192263936
11:39:29,756,7.330489192263936
11:39:30,756,7.330489192263936
11:39:31,756,7.330489192263936
11:39:32,757,7.330489192263936
11:39:33,757,7.332850653038046
11:39:34,757,7.332850653038046
11:39:35,757,7.332850653038046
11:39:36,757,7.332850653038046
11:39:37,757,7.332850653038046
11:39:38,757,7.332850653038046
11:39:39,757,7.336394557823129
11:39:40,757,7.336394557823129
11:39:41,757,7.336394557823129
11:39:42,758,7.336394557823129
11:39:43,758,7.342756083757782
11:39:44,758,7.342756083757782
11:39:45,758,7.343079096045198
11:39:46,758,7.343079096045198
11:39:47,758,7.343079096045198
11:39:48,758,7.350902425267908
11:39:49,758,7.350902425267908
11:39:50,758,7.351829954954955
11:39:51,758,7.351829954954955
11:39:52,758,7.351829954954955
11:39:53,758,7.351829954954955
11:39:54,758,7.3504777965148955
11:39:55,758,7.3504777965148955
11:39:56,758,7.358810325476992
11:39:57,758,7.358810325476992
11:39:58,759,7.358810325476992
11:39:59,759,7.358810325476992
11:40:00,759,7.358810325476992
11:40:01,759,7.358810325476992
11:40:02,760,7.362829131652661
11:40:03,760,7.362829131652661
11:40:04,760,7.370413870246085
11:40:05,760,7.370413870246085
11:40:06,760,7.370413870246085
11:40:07,760,7.370413870246085
11:40:08,760,7.370413870246085
11:40:09,761,7.370413870246085
11:40:10,761,7.370413870246085
11:40:11,761,7.370413870246085
11:40:12,761,7.370413870246085
11:40:13,762,7.3789782244556115
11:40:14,762,7.3789782244556115
11:40:15,762,7.382971014492753
11:40:16,762,7.382971014492753
11:40:17,762,7.383361157484697
11:40:18,763,7.383361157484697
11:40:19,763,7.383361157484697
11:40:20,763,7.383361157484697
11:40:21,765,7.383361157484697
11:40:22,765,7.388916666666666
11:40:23,766,7.388916666666666
11:40:24,766,7.391209095951193
11:40:25,766,7.391209095951193
11:40:26,766,7.391209095951193
11:40:27,766,7.391209095951193
11:40:28,768,7.395764119601329
11:40:29,768,7.395764119601329
11:40:30,768,7.395764119601329
11:40:31,768,7.395764119601329
11:40:32,768,7.395764119601329
11:40:33,768,7.395764119601329
11:40:34,768,7.400193477059148
11:40:35,768,7.400193477059148
11:40:36,768,7.404359823399559
11:40:37,768,7.404359823399559
11:40:38,769,7.404359823399559
11:40:39,769,7.404359823399559
11:40:40,769,7.404359823399559
11:40:41,769,7.404359823399559
11:40:42,769,7.404359823399559
11:40:43,769,7.404359823399559
11:40:44,769,7.404359823399559
11:40:45,769,7.404359823399559
11:40:46,769,7.412314049586778
11:40:47,770,7.412314049586778
11:40:48,770,7.412314049586778
11:40:49,770,7.416446644664466
11:40:50,770,7.416446644664466
11:40:51,770,7.417792421746293
11:40:52,771,7.417792421746293
11:40:53,771,7.422944078947368
11:40:54,771,7.427367268746579
11:40:55,772,7.427367268746579
11:40:56,773,7.427367268746579
11:40:57,774,7.427367268746579
11:40:58,774,7.426912568306011
11:40:59,775,7.426912568306011
11:41:00,775,7.426912568306011
11:41:01,775,7.426912568306011
11:41:02,775,7.426912568306011
11:41:03,776,7.436247276688452
11:41:04,776,7.436247276688452
11:41:05,776,7.436247276688452
11:41:06,776,7.436247276688452
11:41:07,776,7.441598694942903
11:41:08,776,7.443539630836048
11:41:09,776,7.443539630836048
11:41:10,776,7.443539630836048
11:41:11,777,7.444959349593495
11:41:12,777,7.448890692640693
11:41:13,777,7.448890692640693
11:41:14,777,7.448890692640693
11:41:15,777,7.448890692640693
11:41:16,777,7.448890692640693
11:41:17,777,7.448890692640693
11:41:18,777,7.448890692640693
11:41:19,777,7.448890692640693
11:41:20,777,7.457509454349
11:41:21,777,7.457509454349
11:41:22,777,7.457509454349
11:41:23,777,7.460463861920172
11:41:24,777,7.462977921378568
11:41:25,777,7.464865591397849
11:41:26,777,7.469565217391304
11:41:27,777,7.469565217391304
11:41:28,777,7.469565217391304
11:41:29,777,7.469565217391304
11:41:30,777,7.469565217391304
11:41:31,778,7.469565217391304
11:41:32,778,7.469565217391304
11:41:33,778,7.469565217391304
11:41:34,779,7.469565217391304
11:41:35,780,7.469565217391304
11:41:36,780,7.469565217391304
11:41:37,780,7.4724812433011785
11:41:38,780,7.4724812433011785
11:41:39,780,7.4724812433011785
11:41:40,781,7.4724812433011785
11:41:41,781,7.4724812433011785
11:41:42,781,7.4724812433011785
11:41:43,781,7.476404494382023
11:41:44,782,7.476404494382023
11:41:45,782,7.477804487179487
11:41:46,782,7.477804487179487
11:41:47,782,7.479786666666667
11:41:48,782,7.479786666666667
11:41:49,784,7.479786666666667
11:41:50,784,7.479786666666667
11:41:51,784,7.479786666666667
11:41:52,784,7.479786666666667
11:41:53,784,7.479786666666667
11:41:54,785,7.479786666666667
11:41:55,786,7.479786666666667
11:41:56,786,7.479786666666667
11:41:57,786,7.4891281233386495
11:41:58,787,7.4891281233386495
11:41:59,787,7.491188959660297
11:42:00,787,7.49353471118177
11:42:01,788,7.49353471118177
11:42:02,790,7.49353471118177
11:42:03,790,7.49353471118177
11:42:04,791,7.49353471118177
11:42:05,791,7.49353471118177
11:42:06,791,7.49353471118177
11:42:07,792,7.49353471118177
11:42:08,792,7.49353471118177
11:42:09,792,7.498809523809524
11:42:10,792,7.498809523809524
11:42:11,794,7.498809523809524
11:42:12,794,7.498809523809524
11:42:13,794,7.50216587427364
11:42:14,796,7.50216587427364
11:42:15,796,7.50216587427364
11:42:16,796,7.50216587427364
11:42:17,797,7.504773206751055
11:42:18,797,7.504773206751055
11:42:19,797,7.504773206751055
11:42:20,798,7.504773206751055
11:42:21,798,7.504773206751055
11:42:22,798,7.504773206751055
11:42:23,801,7.504773206751055
11:42:24,801,7.504773206751055
11:42:25,801,7.504773206751055
11:42:26,803,7.504773206751055
11:42:27,804,7.5085834649815695
11:42:28,804,7.5085834649815695
11:42:29,806,7.5085834649815695
11:42:30,807,7.5122239747634065
11:42:31,807,7.519444444444445
11:42:32,807,7.519444444444445
11:42:33,807,7.5211930926216635
11:42:34,809,7.5211930926216635
11:42:35,809,7.522962382445141
11:42:36,810,7.522962382445141
11:42:37,810,7.522962382445141
11:42:38,810,7.522962382445141
11:42:39,810,7.524752217005738
11:42:40,812,7.524752217005738
11:42:41,812,7.524752217005738
11:42:42,813,7.528932291666666
11:42:43,814,7.528932291666666
11:42:44,814,7.528932291666666
11:42:45,815,7.528932291666666
11:42:46,815,7.528932291666666
11:42:47,815,7.528932291666666
11:42:48,816,7.528932291666666
11:42:49,816,7.528932291666666
11:42:50,816,7.532163286531461
11:42:51,817,7.536033229491173
11:42:52,817,7.538958009331259
11:42:53,817,7.538958009331259
11:42:54,819,7.538958009331259
11:42:55,820,7.538958009331259
11:42:56,820,7.538958009331259
11:42:57,820,7.538958009331259
11:42:58,822,7.538958009331259
11:42:59,823,7.547153209109731
11:43:00,823,7.547153209109731
11:43:01,825,7.550542635658915
11:43:02,825,7.550542635658915
11:43:03,826,7.550542635658915
11:43:04,828,7.55816589386914
11:43:05,828,7.55816589386914
11:43:06,829,7.55816589386914
11:43:07,830,7.55816589386914
11:43:08,831,7.562577160493827
11:43:09,831,7.562577160493827
11:43:10,833,7.562577160493827
11:43:11,834,7.562577160493827
11:43:12,834,7.562577160493827
11:43:13,836,7.562577160493827
11:43:14,837,7.562577160493827
11:43:15,837,7.562577160493827
11:43:16,837,7.570467385721623
11:43:17,837,7.570467385721623
11:43:18,837,7.570467385721623
11:43:19,837,7.570467385721623
11:43:20,838,7.570467385721623
11:43:21,839,7.570467385721623
11:43:22,840,7.570467385721623
11:43:23,841,7.574538461538462
11:43:24,841,7.576523297491039
11:43:25,841,7.576523297491039
11:43:26,841,7.576523297491039
11:43:27,841,7.576523297491039
11:43:28,841,7.576523297491039
11:43:29,841,7.576523297491039
11:43:30,841,7.576523297491039
11:43:31,841,7.576661554192229
11:43:32,841,7.576661554192229
11:43:33,841,7.576661554192229
11:43:34,841,7.581648800408372
11:43:35,841,7.581648800408372
11:43:36,841,7.581648800408372
11:43:37,841,7.581648800408372
11:43:38,841,7.581648800408372
11:43:39,842,7.581648800408372
11:43:40,842,7.5902035623409665
11:43:41,842,7.5902035623409665
11:43:42,844,7.5902035623409665
11:43:43,844,7.5902035623409665
11:43:44,844,7.592454268292683
11:43:45,844,7.592454268292683
11:43:46,845,7.592454268292683
11:43:47,845,7.5959918822932515
11:43:48,845,7.5959918822932515
11:43:49,845,7.5959918822932515
11:43:50,845,7.5959918822932515
11:43:51,845,7.604002026342452
11:43:52,845,7.604002026342452
11:43:53,845,7.612323232323233
11:43:54,845,7.612323232323233
11:43:55,846,7.612323232323233
11:43:56,846,7.617473524962178
11:43:57,846,7.617473524962178
11:43:58,846,7.6222306143001015
11:43:59,846,7.6222306143001015
11:44:00,846,7.6222306143001015
11:44:01,846,7.6222306143001015
11:44:02,846,7.622976370035193
11:44:03,847,7.622976370035193
11:44:04,847,7.622976370035193
11:44:05,847,7.626606425702811
11:44:06,847,7.626606425702811
11:44:07,847,7.626606425702811
11:44:08,848,7.626606425702811
11:44:09,848,7.626606425702811
11:44:10,848,7.626606425702811
11:44:11,848,7.626606425702811
11:44:12,848,7.628245614035088
11:44:13,848,7.628245614035088
11:44:14,848,7.628245614035088
11:44:15,848,7.628245614035088
11:44:16,848,7.628245614035088
11:44:17,848,7.628245614035088
11:44:18,848,7.629804804804805
11:44:19,848,7.629804804804805
11:44:20,848,7.629804804804805
11:44:21,848,7.629804804804805
11:44:22,849,7.629804804804805
11:44:23,849,7.629804804804805
11:44:24,849,7.629804804804805
11:44:25,849,7.629804804804805
11:44:26,849,7.6355572213893055
11:44:27,849,7.640768463073853
11:44:28,850,7.640768463073853
11:44:29,850,7.640768463073853
11:44:30,850,7.640768463073853
11:44:31,851,7.64265072247135
11:44:32,851,7.64265072247135
11:44:33,851,7.64265072247135
11:44:34,851,7.64265072247135
11:44:35,851,7.646641791044776
11:44:36,852,7.646641791044776
11:44:37,852,7.647938400397417
11:44:38,852,7.647938400397417
11:44:39,852,7.647938400397417
11:44:40,852,7.647938400397417
11:44:41,852,7.647938400397417
11:44:42,852,7.647938400397417
11:44:43,852,7.653968253968254
11:44:44,853,7.653968253968254
11:44:45,853,7.657850421000495
11:44:46,853,7.662660731948566
11:44:47,853,7.662660731948566
11:44:48,853,7.662660731948566
11:44:49,854,7.662660731948566
11:44:50,854,7.662660731948566
11:44:51,854,7.662660731948566
11:44:52,854,7.662660731948566
11:44:53,854,7.662660731948566
11:44:54,854,7.661851851851852
11:44:55,854,7.668910256410256
11:44:56,854,7.668910256410256
11:44:57,854,7.668910256410256
11:44:58,854,7.67905604719764
11:44:59,854,7.67905604719764
11:45:00,854,7.67905604719764
11:45:01,854,7.67905604719764
11:45:02,854,7.67905604719764
11:45:03,854,7.67905604719764
11:45:04,854,7.67905604719764
11:45:05,854,7.681394207167403
11:45:06,855,7.681394207167403
11:45:07,855,7.681394207167403
11:45:08,855,7.681394207167403
11:45:09,855,7.681394207167403
11:45:10,855,7.681394207167403
11:45:11,855,7.681394207167403
11:45:12,855,7.681394207167403
11:45:13,855,7.681394207167403
11:45:14,855,7.687990196078431
11:45:15,855,7.687990196078431
11:45:16,855,7.687990196078431
11:45:17,855,7.6895741556534505
11:45:18,855,7.6895741556534505
11:45:19,855,7.6895741556534505
11:45:20,855,7.696212121212121
11:45:21,855,7.696212121212121
11:45:22,855,7.696212121212121
11:45:23,855,7.696212121212121
11:45:24,855,7.698438262567106
11:45:25,855,7.7
11:45:26,855,7.7
11:45:27,855,7.7
11:45:28,856,7.703625304136253
11:45:29,856,7.703625304136253
11:45:30,856,7.703625304136253
11:45:31,856,7.703625304136253
11:45:32,856,7.703625304136253
11:45:33,857,7.703625304136253
11:45:34,857,7.703625304136253
11:45:35,858,7.7097424684159375
11:45:36,858,7.7097424684159375
11:45:37,858,7.7097424684159375
11:45:38,858,7.7097424684159375
11:45:39,858,7.7097424684159375
11:45:40,858,7.7097424684159375
11:45:41,859,7.7097424684159375
11:45:42,859,7.7097424684159375
11:45:43,859,7.7097424684159375
11:45:44,859,7.706889859291606
11:45:45,859,7.706889859291606
11:45:46,859,7.706889859291606
11:45:47,860,7.717440735365264
11:45:48,860,7.717440735365264
11:45:49,860,7.721666666666667
11:45:50,860,7.721683550410034
11:45:51,860,7.721683550410034
11:45:52,861,7.727384393063584
11:45:53,861,7.727384393063584
11:45:54,861,7.727384393063584
11:45:55,862,7.727384393063584
11:45:56,862,7.727384393063584
11:45:57,862,7.727384393063584
11:45:58,862,7.727384393063584
11:45:59,862,7.727384393063584
11:46:00,862,7.727384393063584
11:46:01,862,7.727384393063584
11:46:02,862,7.727384393063584
11:46:03,862,7.727384393063584
11:46:04,862,7.734247234247234
11:46:05,862,7.734247234247234
11:46:06,862,7.734247234247234
11:46:07,862,7.734247234247234
11:46:08,862,7.734247234247234
11:46:09,863,7.734247234247234
11:46:10,863,7.734247234247234
11:46:11,863,7.738088376560999
11:46:12,863,7.738088376560999
11:46:13,864,7.738088376560999
11:46:14,864,7.738088376560999
11:46:15,864,7.738088376560999
11:46:16,864,7.738088376560999
11:46:17,864,7.742997601918465
11:46:18,865,7.742997601918465
11:46:19,865,7.742997601918465
11:46:20,865,7.742997601918465
11:46:21,865,7.742997601918465
11:46:22,866,7.742997601918465
11:46:23,866,7.742997601918465
11:46:24,866,7.742997601918465
11:46:25,867,7.7491858237547895
11:46:26,867,7.7491858237547895
11:46:27,867,7.755786704925873
11:46:28,867,7.755786704925873
11:46:29,867,7.756866952789699
11:46:30,867,7.756866952789699
11:46:31,868,7.756866952789699
11:46:32,868,7.756866952789699
11:46:33,868,7.756866952789699
11:46:34,868,7.756866952789699
11:46:35,868,7.756866952789699
11:46:36,868,7.759676652401331
11:46:37,868,7.759676652401331
11:46:38,868,7.766405508072174
11:46:39,868,7.771005215742059
11:46:40,868,7.775189393939394
11:46:41,868,7.775189393939394
11:46:42,868,7.778605200945626
11:46:43,868,7.778605200945626
11:46:44,868,7.782695939565628
11:46:45,868,7.782695939565628
11:46:46,868,7.782695939565628
11:46:47,868,7.782695939565628
11:46:48,868,7.782695939565628
11:46:49,868,7.782695939565628
11:46:50,868,7.782695939565628
11:46:51,868,7.782695939565628
11:46:52,868,7.782695939565628
11:46:53,870,7.782695939565628
11:46:54,870,7.786515794436586
11:46:55,870,7.786515794436586
11:46:56,871,7.786515794436586
11:46:57,871,7.786515794436586
11:46:58,871,7.786515794436586
11:46:59,872,7.786515794436586
11:47:00,872,7.786515794436586
11:47:01,872,7.786515794436586
11:47:02,872,7.790442561205273
11:47:03,872,7.790442561205273
11:47:04,872,7.7920780441937
11:47:05,872,7.7920780441937
11:47:06,872,7.7969014084507045
11:47:07,872,7.7969014084507045
11:47:08,872,7.7969014084507045
11:47:09,872,7.7969014084507045
11:47:10,872,7.7969014084507045
11:47:11,872,7.7969014084507045
11:47:12,872,7.7969014084507045
11:47:13,872,7.7969014084507045
11:47:14,872,7.7969014084507045
11:47:15,872,7.7969014084507045
11:47:16,872,7.801570557899671
11:47:17,873,7.801570557899671
11:47:18,873,7.801570557899671
11:47:19,873,7.801570557899671
11:47:20,874,7.801570557899671
11:47:21,874,7.8038155430711615
11:47:22,874,7.8038155430711615
11:47:23,874,7.8038155430711615
11:47:24,874,7.8038155430711615
11:47:25,874,7.8038155430711615
11:47:26,877,7.81577964519141
11:47:27,877,7.81577964519141
11:47:28,877,7.81577964519141
11:47:29,879,7.823240093240093
11:47:30,879,7.821438547486034
11:47:31,879,7.8285448628544865
11:47:32,880,7.8285448628544865
11:47:33,881,7.82922469823584
11:47:34,881,7.82922469823584
11:47:35,881,7.82922469823584
11:47:36,882,7.830829856281873
11:47:37,882,7.830829856281873
11:47:38,883,7.830829856281873
11:47:39,883,7.830829856281873
11:47:40,883,7.830829856281873
11:47:41,883,7.830829856281873
11:47:42,884,7.830829856281873
11:47:43,884,7.835046296296296
11:47:44,884,7.835046296296296
11:47:45,884,7.835046296296296
11:47:46,886,7.835046296296296
11:47:47,886,7.835046296296296
11:47:48,886,7.840846047156727
11:47:49,887,7.840846047156727
11:47:50,887,7.840846047156727
11:47:51,887,7.840846047156727
11:47:52,888,7.840846047156727
11:47:53,888,7.840846047156727
11:47:54,888,7.838711911357341
11:47:55,889,7.838711911357341
11:47:56,889,7.838612263715999
11:47:57,889,7.838612263715999
11:47:58,889,7.838612263715999
11:47:59,889,7.838612263715999
11:48:00,889,7.838612263715999
11:48:01,890,7.846132596685083
11:48:02,890,7.846132596685083
11:48:03,890,7.846132596685083
11:48:04,890,7.846132596685083
11:48:05,891,7.852344827586207
11:48:06,893,7.852344827586207
11:48:07,893,7.857736455463728
11:48:08,893,7.857736455463728
11:48:09,894,7.860843649701972
11:48:10,894,7.860843649701972
11:48:11,895,7.860843649701972
11:48:12,895,7.860843649701972
11:48:13,896,7.860843649701972
11:48:14,897,7.860843649701972
11:48:15,897,7.860843649701972
11:48:16,898,7.8690476190476195
11:48:17,899,7.8690476190476195
11:48:18,899,7.874485596707818
11:48:19,900,7.874485596707818
11:48:20,900,7.874485596707818
11:48:21,901,7.874485596707818
11:48:22,901,7.87244292237443
11:48:23,903,7.87244292237443
11:48:24,903,7.87244292237443
11:48:25,904,7.87244292237443
11:48:26,905,7.870702234382125
11:48:27,905,7.870702234382125
11:48:28,905,7.870702234382125
11:48:29,905,7.868738615664845
11:48:30,906,7.868738615664845
11:48:31,906,7.868738615664845
11:48:32,906,7.868738615664845
11:48:33,906,7.873055934515689
11:48:34,907,7.873055934515689
11:48:35,907,7.873055934515689
11:48:36,908,7.8797229791099
11:48:37,908,7.8797229791099
11:48:38,909,7.882698412698413
11:48:39,909,7.882698412698413
11:48:40,910,7.882698412698413
11:48:41,910,7.882698412698413
11:48:42,910,7.882698412698413
11:48:43,911,7.882698412698413
11:48:44,911,7.882698412698413
11:48:45,911,7.88299365942029
11:48:46,911,7.88299365942029
11:48:47,911,7.88299365942029
11:48:48,912,7.88299365942029
11:48:49,912,7.88299365942029
11:48:50,912,7.88299365942029
11:48:51,912,7.88299365942029
11:48:52,912,7.889755766621438
11:48:53,914,7.889755766621438
11:48:54,915,7.893970189701897
11:48:55,915,7.893970189701897
11:48:56,915,7.900721695985566
11:48:57,916,7.900721695985566
11:48:58,916,7.906171171171171
11:48:59,917,7.906171171171171
11:49:00,917,7.904835807467387
11:49:01,918,7.90759209344115
11:49:02,918,7.90759209344115
11:49:03,919,7.90759209344115
11:49:04,919,7.90759209344115
11:49:05,920,7.90759209344115
11:49:06,920,7.90759209344115
11:49:07,920,7.90759209344115
11:49:08,922,7.914311350381337
11:49:09,922,7.914311350381337
11:49:10,922,7.914311350381337
11:49:11,922,7.920698924731183
11:49:12,922,7.920698924731183
11:49:13,922,7.927046979865772
11:49:14,922,7.927046979865772
11:49:15,923,7.927046979865772
11:49:16,923,7.927046979865772
11:49:17,924,7.927046979865772
11:49:18,924,7.927046979865772
11:49:19,924,7.927046979865772
11:49:20,924,7.927046979865772
11:49:21,924,7.927046979865772
11:49:22,924,7.933556747095621
11:49:23,924,7.933556747095621
11:49:24,924,7.933556747095621
11:49:25,925,7.932820169567157
11:49:26,925,7.932820169567157
11:49:27,926,7.932820169567157
11:49:28,926,7.932820169567157
11:49:29,926,7.932820169567157
11:49:30,928,7.931840463458111
11:49:31,928,7.931840463458111
11:49:32,928,7.931840463458111
11:49:33,929,7.930796617712505
11:49:34,930,7.930796617712505
11:49:35,931,7.931755555555555
11:49:36,932,7.931755555555555
11:49:37,933,7.931755555555555
11:49:38,934,7.931755555555555
11:49:39,934,7.931755555555555
11:49:40,935,7.931755555555555
11:49:41,936,7.936750998668442
11:49:42,938,7.936750998668442
11:49:43,938,7.943129432624114
11:49:44,938,7.943129432624114
11:49:45,939,7.948605577689244
11:49:46,939,7.948605577689244
11:49:47,939,7.948605577689244
11:49:48,939,7.949889478337754
11:49:49,939,7.949889478337754
11:49:50,940,7.9557615894039735
11:49:51,940,7.9557615894039735
11:49:52,940,7.9557615894039735
11:49:53,940,7.9557615894039735
11:49:54,941,7.9557615894039735
11:49:55,941,7.9557615894039735
11:49:56,941,7.9557615894039735
11:49:57,942,7.9557615894039735
11:49:58,942,7.9557615894039735
11:49:59,942,7.9557615894039735
11:50:00,942,7.960030864197531
11:50:01,943,7.960030864197531
11:50:02,943,7.96398062527521
11:50:03,943,7.96398062527521
11:50:04,943,7.9726613965744395
11:50:05,944,7.9726613965744395
11:50:06,944,7.9726613965744395
11:50:07,944,7.9726613965744395
11:50:08,944,7.9726613965744395
11:50:09,945,7.9726613965744395
11:50:10,946,7.9726613965744395
11:50:11,946,7.9726613965744395
11:50:12,947,7.9726613965744395
11:50:13,947,7.978728070175438
11:50:14,948,7.978728070175438
11:50:15,949,7.978728070175438
11:50:16,949,7.978728070175438
11:50:17,950,7.978865527814279
11:50:18,950,7.978865527814279
11:50:19,950,7.978865527814279
11:50:20,950,7.978565179352581
11:50:21,950,7.980362603757099
11:50:22,950,7.980410122164049
11:50:23,950,7.980410122164049
11:50:24,950,7.9806971677559915
11:50:25,950,7.9806971677559915
11:50:26,950,7.9806971677559915
11:50:27,950,7.9806971677559915
11:50:28,950,7.9806971677559915
11:50:29,950,7.9806971677559915
11:50:30,950,7.9806971677559915
11:50:31,950,7.9806971677559915
11:50:32,950,7.987423846823324
11:50:33,951,7.987423846823324
11:50:34,951,7.987423846823324
11:50:35,951,7.987423846823324
11:50:36,951,7.988331160365059
11:50:37,951,7.988331160365059
11:50:38,951,7.988331160365059
11:50:39,952,7.988331160365059
11:50:40,952,7.988563368055555
11:50:41,952,7.988188123103598
11:50:42,952,7.99465367965368
11:50:43,952,7.99465367965368
11:50:44,952,7.99465367965368
11:50:45,953,7.99465367965368
11:50:46,953,7.99465367965368
11:50:47,953,7.995157803718115
11:50:48,953,7.995157803718115
11:50:49,954,7.9995466321243525
11:50:50,954,7.9995466321243525
11:50:51,954,7.9995466321243525
11:50:52,954,7.9995466321243525
11:50:53,955,7.9995466321243525
11:50:54,955,8.008290267011198
11:50:55,955,8.008290267011198
11:50:56,955,8.008290267011198
11:50:57,956,8.008290267011198
11:50:58,956,8.008924731182796
11:50:59,956,8.008924731182796
11:51:00,957,8.008924731182796
11:51:01,958,8.008924731182796
11:51:02,958,8.008924731182796
11:51:03,959,8.008924731182796
11:51:04,959,8.008924731182796
11:51:05,959,8.015657216494846
11:51:06,959,8.015657216494846
11:51:07,959,8.015657216494846
11:51:08,959,8.015657216494846
11:51:09,959,8.015657216494846
11:51:10,959,8.015657216494846
11:51:11,959,8.015657216494846
11:51:12,959,8.016430716430715
11:51:13,959,8.016430716430715
11:51:14,960,8.016430716430715
11:51:15,960,8.01713796058269
11:51:16,960,8.01713796058269
11:51:17,960,8.01713796058269
11:51:18,960,8.017993153615746
11:51:19,960,8.017993153615746
11:51:20,960,8.017993153615746
11:51:21,960,8.025106837606838
11:51:22,960,8.025106837606838
11:51:23,960,8.029001280409732
11:51:24,960,8.029001280409732
11:51:25,960,8.029001280409732
11:51:26,960,8.029001280409732
11:51:27,960,8.034398976982096
11:51:28,960,8.034398976982096
11:51:29,960,8.034398976982096
11:51:30,960,8.034398976982096
11:51:31,960,8.034398976982096
11:51:32,960,8.034398976982096
11:51:33,960,8.034398976982096
11:51:34,960,8.034398976982096
11:51:35,960,8.040591741166454
11:51:36,960,8.040591741166454
11:51:37,960,8.040591741166454
11:51:38,960,8.040591741166454
11:51:39,960,8.041985544217686
11:51:40,960,8.04904458598726
11:51:41,960,8.04904458598726
11:51:42,960,8.05730622617535
11:51:43,960,8.05730622617535
11:51:44,960,8.061449091677229
11:51:45,960,8.061449091677229
11:51:46,960,8.061449091677229
11:51:47,960,8.061449091677229
11:51:48,961,8.061449091677229
11:51:49,961,8.061449091677229
11:51:50,961,8.061449091677229
11:51:51,961,8.061449091677229
11:51:52,961,8.061449091677229
11:51:53,961,8.061449091677229
11:51:54,961,8.061449091677229
11:51:55,961,8.061449091677229
11:51:56,961,8.061449091677229
11:51:57,961,8.061449091677229
11:51:58,961,8.061449091677229
11:51:59,961,8.061449091677229
11:52:00,961,8.061449091677229
11:52:01,961,8.061449091677229
11:52:02,961,8.062784810126582
11:52:03,961,8.063990729034977
11:52:04,961,8.063990729034977
11:52:05,961,8.064772727272727
11:52:06,961,8.064772727272727
11:52:07,961,8.064772727272727
11:52:08,962,8.064772727272727
11:52:09,962,8.064772727272727
11:52:10,962,8.064772727272727
11:52:11,963,8.064772727272727
11:52:12,963,8.068642286675074
11:52:13,963,8.068642286675074
11:52:14,964,8.074517212426532
11:52:15,964,8.076939203354298
11:52:16,964,8.076939203354298
11:52:17,966,8.076939203354298
11:52:18,966,8.076939203354298
11:52:19,966,8.081762981574538
11:52:20,966,8.081762981574538
11:52:21,967,8.081762981574538
11:52:22,967,8.083270598076119
11:52:23,967,8.083270598076119
11:52:24,968,8.088387635756057
11:52:25,968,8.088387635756057
11:52:26,968,8.088387635756057
11:52:27,968,8.088387635756057
11:52:28,969,8.088387635756057
11:52:29,969,8.088387635756057
11:52:30,969,8.088387635756057
11:52:31,970,8.088387635756057
11:52:32,970,8.088387635756057
11:52:33,970,8.094743429286607
11:52:34,970,8.098416666666667
11:52:35,970,8.098416666666667
11:52:36,970,8.098416666666667
11:52:37,970,8.098416666666667
11:52:38,970,8.098416666666667
11:52:39,970,8.098416666666667
11:52:40,970,8.098416666666667
11:52:41,970,8.098416666666667
11:52:42,971,8.098416666666667
11:52:43,971,8.100249687890138
11:52:44,971,8.100249687890138
11:52:45,971,8.100249687890138
11:52:46,972,8.100249687890138
11:52:47,973,8.100249687890138
11:52:48,973,8.100249687890138
11:52:49,974,8.100249687890138
11:52:50,974,8.100249687890138
11:52:51,974,8.100249687890138
11:52:52,974,8.102452202826267
11:52:53,974,8.102452202826267
11:52:54,974,8.104462432544624
11:52:55,974,8.104462432544624
11:52:56,974,8.107089552238806
11:52:57,974,8.107089552238806
11:52:58,975,8.107089552238806
11:52:59,975,8.107089552238806
11:53:00,976,8.107089552238806
11:53:01,976,8.111014492753624
11:53:02,977,8.111014492753624
11:53:03,978,8.111014492753624
11:53:04,978,8.11373035566584
11:53:05,978,8.11373035566584
11:53:06,979,8.11373035566584
11:53:07,980,8.121844059405941
11:53:08,980,8.121844059405941
11:53:09,980,8.121844059405941
11:53:10,981,8.121844059405941
11:53:11,981,8.121844059405941
11:53:12,981,8.121844059405941
11:53:13,982,8.12869798104656
11:53:14,982,8.12869798104656
11:53:15,982,8.12869798104656
11:53:16,983,8.12869798104656
11:53:17,983,8.12869798104656
11:53:18,983,8.12869798104656
11:53:19,983,8.12869798104656
11:53:20,984,8.12869798104656
11:53:21,984,8.12869798104656
11:53:22,984,8.12869798104656
11:53:23,984,8.134732510288066
11:53:24,985,8.134732510288066
11:53:25,985,8.134732510288066
11:53:26,986,8.139757799671592
11:53:27,986,8.139757799671592
11:53:28,987,8.139757799671592
11:53:29,987,8.139757799671592
11:53:30,988,8.139757799671592
11:53:31,989,8.139757799671592
11:53:32,990,8.139757799671592
11:53:33,990,8.139757799671592
11:53:34,990,8.139757799671592
11:53:35,990,8.146068796068796
11:53:36,990,8.146068796068796
11:53:37,990,8.146068796068796
11:53:38,990,8.149734151329243
11:53:39,991,8.149734151329243
11:53:40,991,8.149734151329243
11:53:41,991,8.151960784313726
11:53:42,992,8.151960784313726
11:53:43,992,8.151960784313726
11:53:44,992,8.153977968176255
11:53:45,992,8.153977968176255
11:53:46,993,8.1539934800326
11:53:47,993,8.1539934800326
11:53:48,993,8.1539934800326
11:53:49,993,8.1539934800326
11:53:50,993,8.1539934800326
11:53:51,993,8.1539934800326
11:53:52,993,8.1539934800326
11:53:53,993,8.15982905982906
11:53:54,993,8.15982905982906
11:53:55,993,8.15982905982906
11:53:56,994,8.15982905982906
11:53:57,994,8.163556910569106
11:53:58,995,8.163556910569106
11:53:59,995,8.163556910569106
11:54:00,995,8.164778725131953
11:54:01,995,8.164778725131953
11:54:02,995,8.167822384428224
11:54:03,995,8.167822384428224
11:54:04,995,8.165532604293237
11:54:05,995,8.17174352750809
11:54:06,996,8.175151515151516
11:54:07,996,8.175151515151516
11:54:08,996,8.175151515151516
11:54:09,997,8.175151515151516
11:54:10,998,8.175151515151516
11:54:11,998,8.175151515151516
11:54:12,999,8.175151515151516
11:54:13,1000,8.175151515151516
11:54:14,1000,8.175151515151516
11:54:15,1001,8.17953995157385
11:54:16,1001,8.17953995157385
11:54:17,1002,8.17953995157385
11:54:18,1003,8.17953995157385
11:54:19,1003,8.17953995157385
11:54:20,1003,8.17953995157385
11:54:21,1005,8.17953995157385
11:54:22,1005,8.184985892785168
11:54:23,1005,8.184985892785168
11:54:24,1005,8.184985892785168
11:54:25,1005,8.188727858293076
11:54:26,1006,8.188727858293076
11:54:27,1006,8.195697627663852
11:54:28,1006,8.195697627663852
11:54:29,1008,8.20136546184739
11:54:30,1008,8.20136546184739
11:54:31,1008,8.203971119133573
11:54:32,1010,8.203971119133573
11:54:33,1010,8.203971119133573
11:54:34,1010,8.20839342948718
11:54:35,1012,8.20839342948718
11:54:36,1012,8.20839342948718
11:54:37,1012,8.207322929171669
11:54:38,1012,8.207322929171669
11:54:39,1013,8.207322929171669
11:54:40,1013,8.207322929171669
11:54:41,1013,8.207322929171669
11:54:42,1014,8.211670663469224
11:54:43,1014,8.211670663469224
11:54:44,1014,8.211670663469224
11:54:45,1014,8.216566866267465
11:54:46,1015,8.2207336523126
11:54:47,1015,8.2207336523126
11:54:48,1015,8.2207336523126
11:54:49,1015,8.2207336523126
11:54:50,1015,8.2207336523126
11:54:51,1015,8.219872560732776
11:54:52,1016,8.219872560732776
11:54:53,1016,8.219872560732776
11:54:54,1016,8.218953858392998
11:54:55,1017,8.218953858392998
11:54:56,1017,8.218953858392998
11:54:57,1017,8.223122765196662
11:54:58,1018,8.223122765196662
11:54:59,1018,8.226329365079364
11:55:00,1018,8.226329365079364
11:55:01,1018,8.226329365079364
11:55:02,1020,8.226329365079364
11:55:03,1020,8.226329365079364
11:55:04,1020,8.226329365079364
11:55:05,1020,8.226329365079364
11:55:06,1021,8.23069758224336
11:55:07,1022,8.23069758224336
11:55:08,1022,8.23069758224336
11:55:09,1023,8.23069758224336
11:55:10,1023,8.2298495645289
11:55:11,1023,8.230604982206406
11:55:12,1023,8.230604982206406
11:55:13,1024,8.230604982206406
11:55:14,1024,8.230604982206406
11:55:15,1024,8.230604982206406
11:55:16,1025,8.236512638230648
11:55:17,1025,8.236512638230648
11:55:18,1025,8.241104536489152
11:55:19,1026,8.247301024428685
11:55:20,1026,8.247301024428685
11:55:21,1026,8.252223534041715
11:55:22,1026,8.252223534041715
11:55:23,1028,8.252223534041715
11:55:24,1029,8.252223534041715
11:55:25,1029,8.253321540880503
11:55:26,1031,8.253321540880503
11:55:27,1031,8.253321540880503
11:55:28,1032,8.253321540880503
11:55:29,1032,8.253321540880503
11:55:30,1033,8.252139772281115
11:55:31,1034,8.252139772281115
11:55:32,1034,8.252139772281115
11:55:33,1034,8.252139772281115
11:55:34,1035,8.25743137254902
11:55:35,1036,8.25743137254902
11:55:36,1036,8.25743137254902
11:55:37,1037,8.260654132393263
11:55:38,1038,8.260654132393263
11:55:39,1038,8.260654132393263
11:55:40,1038,8.260654132393263
11:55:41,1040,8.260654132393263
11:55:42,1040,8.260654132393263
11:55:43,1040,8.260654132393263
11:55:44,1042,8.260654132393263
11:55:45,1042,8.260654132393263
11:55:46,1042,8.260654132393263
11:55:47,1043,8.263520906604143
11:55:48,1043,8.263520906604143
11:55:49,1044,8.268871975019517
11:55:50,1044,8.268871975019517
11:55:51,1044,8.268871975019517
11:55:52,1045,8.268871975019517
11:55:53,1045,8.268871975019517
11:55:54,1045,8.268871975019517
11:55:55,1045,8.273656542056075
11:55:56,1046,8.273656542056075
11:55:57,1046,8.273656542056075
11:55:58,1046,8.272053675612602
11:55:59,1046,8.272053675612602
11:56:00,1046,8.272053675612602
11:56:01,1047,8.272053675612602
11:56:02,1047,8.272053675612602
11:56:03,1047,8.271445221445221
11:56:04,1048,8.274990298797052
11:56:05,1048,8.274990298797052
11:56:06,1048,8.274990298797052
11:56:07,1048,8.274990298797052
11:56:08,1048,8.274990298797052
11:56:09,1048,8.274990298797052
11:56:10,1048,8.279903100775194
11:56:11,1048,8.279903100775194
11:56:12,1048,8.279903100775194
11:56:13,1048,8.27936507936508
11:56:14,1048,8.27936507936508
11:56:15,1048,8.279969064191802
11:56:16,1048,8.279969064191802
11:56:17,1048,8.285477018153728
11:56:18,1049,8.285477018153728
11:56:19,1049,8.285477018153728
11:56:20,1049,8.285477018153728
11:56:21,1049,8.285477018153728
11:56:22,1050,8.286207561728395
11:56:23,1050,8.286207561728395
11:56:24,1050,8.286207561728395
11:56:25,1051,8.289691714836223
11:56:26,1051,8.289691714836223
11:56:27,1051,8.289691714836223
11:56:28,1051,8.295573518090839
11:56:29,1051,8.295573518090839
11:56:30,1051,8.295573518090839
11:56:31,1051,8.295573518090839
11:56:32,1052,8.295573518090839
11:56:33,1052,8.295573518090839
11:56:34,1052,8.295573518090839
11:56:35,1052,8.295573518090839
11:56:36,1053,8.295573518090839
11:56:37,1053,8.295573518090839
11:56:38,1053,8.29717416378316
11:56:39,1053,8.29717416378316
11:56:40,1053,8.29717416378316
11:56:41,1053,8.303475422427034
11:56:42,1054,8.303475422427034
11:56:43,1054,8.309436133486766
11:56:44,1054,8.312030651340995
11:56:45,1054,8.312030651340995
11:56:46,1054,8.312030651340995
11:56:47,1054,8.312030651340995
11:56:48,1054,8.312030651340995
11:56:49,1054,8.312030651340995
11:56:50,1054,8.31220818982013
11:56:51,1054,8.31220818982013
11:56:52,1054,8.31220818982013
11:56:53,1054,8.31220818982013
11:56:54,1054,8.31220818982013
11:56:55,1054,8.318195718654433
11:56:56,1054,8.318195718654433
11:56:57,1054,8.318195718654433
11:56:58,1054,8.32290950744559
11:56:59,1054,8.32290950744559
11:57:00,1054,8.32290950744559
11:57:01,1054,8.32290950744559
11:57:02,1054,8.32290950744559
11:57:03,1054,8.32290950744559
11:57:04,1054,8.32290950744559
11:57:05,1054,8.32290950744559
11:57:06,1054,8.32290950744559
11:57:07,1054,8.323588863463005
11:57:08,1054,8.323588863463005
11:57:09,1054,8.323695238095238
11:57:10,1054,8.323695238095238
11:57:11,1054,8.3294901065449
11:57:12,1054,8.330729760547321
11:57:13,1054,8.330729760547321
11:57:14,1055,8.330729760547321
11:57:15,1055,8.335782080485952
11:57:16,1055,8.335782080485952
11:57:17,1055,8.335782080485952
11:57:18,1056,8.338130451270382
11:57:19,1056,8.338130451270382
11:57:20,1056,8.338130451270382
11:57:21,1057,8.337556818181818
11:57:22,1057,8.337556818181818
11:57:23,1057,8.337556818181818
11:57:24,1057,8.337556818181818
11:57:25,1058,8.337556818181818
11:57:26,1058,8.337556818181818
11:57:27,1059,8.33700340522134
11:57:28,1059,8.33879440665155
11:57:29,1059,8.342582106455266
11:57:30,1060,8.342582106455266
11:57:31,1060,8.342582106455266
11:57:32,1060,8.342582106455266
11:57:33,1061,8.346342383107089
11:57:34,1062,8.346342383107089
11:57:35,1062,8.346342383107089
11:57:36,1063,8.346342383107089
11:57:37,1063,8.346342383107089
11:57:38,1063,8.346342383107089
11:57:39,1063,8.346342383107089
11:57:40,1063,8.346342383107089
11:57:41,1064,8.346342383107089
11:57:42,1065,8.346342383107089
11:57:43,1065,8.346342383107089
11:57:44,1066,8.346342383107089
11:57:45,1066,8.34779661016949
11:57:46,1066,8.34779661016949
11:57:47,1067,8.34779661016949
11:57:48,1067,8.352276147479309
11:57:49,1067,8.352276147479309
11:57:50,1067,8.352276147479309
11:57:51,1067,8.352276147479309
11:57:52,1068,8.352217211574596
11:57:53,1068,8.352217211574596
11:57:54,1068,8.352102102102101
11:57:55,1069,8.352102102102101
11:57:56,1069,8.352962129733784
11:57:57,1069,8.352962129733784
11:57:58,1069,8.357097378277153
11:57:59,1069,8.357097378277153
11:58:00,1069,8.357097378277153
11:58:01,1070,8.357097378277153
11:58:02,1071,8.357097378277153
11:58:03,1071,8.357097378277153
11:58:04,1071,8.36174710063599
11:58:05,1072,8.36174710063599
11:58:06,1072,8.36174710063599
11:58:07,1072,8.36174710063599
11:58:08,1072,8.36174710063599
11:58:09,1073,8.36174710063599
11:58:10,1073,8.364331091180867
11:58:11,1073,8.364331091180867
11:58:12,1073,8.364331091180867
11:58:13,1074,8.364331091180867
11:58:14,1074,8.364331091180867
11:58:15,1074,8.364331091180867
11:58:16,1074,8.364331091180867
11:58:17,1075,8.364331091180867
11:58:18,1075,8.370600298284861
11:58:19,1075,8.370600298284861
11:58:20,1076,8.370600298284861
11:58:21,1076,8.372327746741155
11:58:22,1076,8.372327746741155
11:58:23,1076,8.372327746741155
11:58:24,1076,8.376395089285714
11:58:25,1076,8.380304719435154
11:58:26,1077,8.380304719435154
11:58:27,1077,8.380304719435154
11:58:28,1077,8.380304719435154
11:58:29,1077,8.37702301410542
11:58:30,1077,8.37702301410542
11:58:31,1077,8.374619948090471
11:58:32,1077,8.374619948090471
11:58:33,1077,8.378148148148147
11:58:34,1077,8.378148148148147
11:58:35,1077,8.378148148148147
11:58:36,1078,8.378148148148147
11:58:37,1078,8.38118756936737
11:58:38,1078,8.38118756936737
11:58:39,1078,8.38118756936737
11:58:40,1079,8.381541019955653
11:58:41,1079,8.381541019955653
11:58:42,1079,8.381541019955653
11:58:43,1079,8.381541019955653
11:58:44,1079,8.381541019955653
11:58:45,1079,8.383019564414914
11:58:46,1079,8.383019564414914
11:58:47,1079,8.383019564414914
11:58:48,1079,8.383019564414914
11:58:49,1080,8.383019564414914
11:58:50,1080,8.384716076696165
11:58:51,1080,8.384716076696165
11:58:52,1080,8.384716076696165
11:58:53,1081,8.38219152854512
11:58:54,1081,8.38219152854512
11:58:55,1081,8.38219152854512
11:58:56,1081,8.38219152854512
11:58:57,1081,8.38219152854512
11:58:58,1081,8.38219152854512
11:58:59,1083,8.38219152854512
11:59:00,1083,8.38219152854512
11:59:01,1083,8.38465783664459
11:59:02,1084,8.38465783664459
11:59:03,1084,8.38465783664459
11:59:04,1084,8.38465783664459
11:59:05,1085,8.38465783664459
11:59:06,1085,8.38465783664459
11:59:07,1085,8.38465783664459
11:59:08,1085,8.38465783664459
11:59:09,1085,8.385924292539508
11:59:10,1085,8.385924292539508
11:59:11,1085,8.385924292539508
11:59:12,1085,8.38909691629956
11:59:13,1085,8.392335900256692
11:59:14,1085,8.392335900256692
11:59:15,1085,8.395897435897435
11:59:16,1086,8.397786315404318
11:59:17,1086,8.397786315404318
11:59:18,1086,8.397786315404318
11:59:19,1086,8.400877192982456
11:59:20,1086,8.400877192982456
11:59:21,1086,8.400877192982456
11:59:22,1087,8.400877192982456
11:59:23,1087,8.400877192982456
11:59:24,1087,8.400877192982456
11:59:25,1087,8.400877192982456
11:59:26,1087,8.404673238408177
11:59:27,1087,8.404673238408177
11:59:28,1087,8.405798687089716
11:59:29,1088,8.405798687089716
11:59:30,1088,8.405798687089716
11:59:31,1088,8.406903460837887
11:59:32,1088,8.406903460837887
11:59:33,1089,8.409243085880641
11:59:34,1089,8.409243085880641
11:59:35,1089,8.409243085880641
11:59:36,1089,8.409243085880641
11:59:37,1090,8.409243085880641
11:59:38,1090,8.409243085880641
11:59:39,1090,8.410996001454016
11:59:40,1090,8.410996001454016
11:59:41,1090,8.410996001454016
11:59:42,1090,8.410996001454016
11:59:43,1090,8.410996001454016
11:59:44,1090,8.410996001454016
11:59:45,1090,8.410996001454016
11:59:46,1090,8.410996001454016
11:59:47,1090,8.410996001454016
11:59:48,1090,8.410996001454016
11:59:49,1090,8.410996001454016
11:59:50,1090,8.410996001454016
11:59:51,1090,8.413761801016703
11:59:52,1090,8.413761801016703
11:59:53,1090,8.415161407326805
11:59:54,1090,8.415161407326805
11:59:55,1090,8.415161407326805
11:59:56,1090,8.417427536231884
11:59:57,1090,8.417427536231884
11:59:58,1090,8.417427536231884
11:59:59,1090,8.417427536231884
12:00:00,1091,8.421064060803475
12:00:01,1091,8.421064060803475
12:00:02,1091,8.424620390455532
12:00:03,1092,8.424620390455532
12:00:04,1092,8.42887323943662
12:00:05,1092,8.43270202020202
12:00:06,1092,8.434324324324324
12:00:07,1092,8.434324324324324
12:00:08,1092,8.437131029517639
12:00:09,1092,8.437131029517639
12:00:10,1092,8.437131029517639
12:00:11,1092,8.437131029517639
12:00:12,1092,8.437131029517639
12:00:13,1092,8.437131029517639
12:00:14,1092,8.43443006112909
12:00:15,1093,8.43443006112909
12:00:16,1093,8.43443006112909
12:00:17,1093,8.43443006112909
12:00:18,1094,8.43443006112909
12:00:19,1094,8.43443006112909
12:00:20,1094,8.43443006112909
12:00:21,1094,8.43443006112909
12:00:22,1094,8.43443006112909
12:00:23,1094,8.43443006112909
12:00:24,1094,8.43443006112909
12:00:25,1094,8.43443006112909
12:00:26,1095,8.43443006112909
12:00:27,1095,8.43443006112909
12:00:28,1095,8.438739224137931
12:00:29,1095,8.438739224137931
12:00:30,1095,8.438739224137931
12:00:31,1095,8.438739224137931
12:00:32,1095,8.438739224137931
12:00:33,1095,8.438584229390681
12:00:34,1095,8.438584229390681
12:00:35,1095,8.438584229390681
12:00:36,1095,8.44124597207304
12:00:37,1095,8.44124597207304
12:00:38,1095,8.44124597207304
12:00:39,1095,8.443007868383406
12:00:40,1095,8.443007868383406
12:00:41,1095,8.443007868383406
12:00:42,1096,8.44055019649875
12:00:43,1096,8.44055019649875
12:00:44,1096,8.44055019649875
12:00:45,1096,8.44055019649875
12:00:46,1098,8.443950749464667
12:00:47,1098,8.443950749464667
12:00:48,1098,8.443950749464667
12:00:49,1098,8.443950749464667
12:00:50,1099,8.448342245989304
12:00:51,1099,8.448342245989304
12:00:52,1101,8.448342245989304
12:00:53,1101,8.448342245989304
12:00:54,1101,8.448342245989304
12:00:55,1101,8.456154393454288
12:00:56,1102,8.4590973702914
12:00:57,1102,8.4590973702914
12:00:58,1102,8.463418530351438
12:00:59,1103,8.463418530351438
12:01:00,1103,8.463418530351438
12:01:01,1104,8.463418530351438
12:01:02,1105,8.463418530351438
12:01:03,1105,8.463418530351438
12:01:04,1106,8.463418530351438
12:01:05,1106,8.467677304964539
12:01:06,1107,8.467677304964539
12:01:07,1107,8.467677304964539
12:01:08,1108,8.467677304964539
12:01:09,1108,8.472033297910025
12:01:10,1109,8.472033297910025
12:01:11,1110,8.4723991507431
12:01:12,1110,8.4723991507431
12:01:13,1111,8.4723991507431
12:01:14,1111,8.474001413927182
12:01:15,1111,8.471592514124293
12:01:16,1113,8.471592514124293
12:01:17,1113,8.47984496124031
12:01:18,1113,8.47984496124031
12:01:19,1113,8.47984496124031
12:01:20,1114,8.47984496124031
12:01:21,1115,8.47984496124031
12:01:22,1116,8.47984496124031
12:01:23,1118,8.47984496124031
12:01:24,1118,8.484318901795142
12:01:25,1119,8.484318901795142
12:01:26,1119,8.484318901795142
12:01:27,1121,8.484318901795142
12:01:28,1121,8.484318901795142
12:01:29,1122,8.48804500703235
12:01:30,1122,8.488233227959254
12:01:31,1122,8.488233227959254
12:01:32,1124,8.488233227959254
12:01:33,1125,8.491228070175438
12:01:34,1126,8.491228070175438
12:01:35,1126,8.491228070175438
12:01:36,1127,8.491640378548896
12:01:37,1129,8.491640378548896
12:01:38,1129,8.490511204481793
12:01:39,1130,8.490511204481793
12:01:40,1131,8.490511204481793
12:01:41,1131,8.490511204481793
12:01:42,1131,8.490511204481793
12:01:43,1132,8.495050717033928
12:01:44,1133,8.495050717033928
12:01:45,1133,8.495050717033928
12:01:46,1133,8.495050717033928
12:01:47,1135,8.495050717033928
12:01:48,1135,8.495050717033928
12:01:49,1135,8.495050717033928
12:01:50,1136,8.495050717033928
12:01:51,1136,8.495050717033928
12:01:52,1136,8.495050717033928
12:01:53,1137,8.495050717033928
12:01:54,1138,8.495050717033928
12:01:55,1138,8.495050717033928
12:01:56,1138,8.495050717033928
12:01:57,1139,8.495050717033928
12:01:58,1139,8.499458420684835
12:01:59,1139,8.499458420684835
12:02:00,1141,8.499458420684835
12:02:01,1141,8.500732984293194
12:02:02,1141,8.500732984293194
12:02:03,1141,8.504532775453278
12:02:04,1142,8.503692093347265
12:02:05,1143,8.503692093347265
12:02:06,1143,8.503692093347265
12:02:07,1143,8.503692093347265
12:02:08,1144,8.503692093347265
12:02:09,1144,8.508002783576895
12:02:10,1145,8.508002783576895
12:02:11,1145,8.508002783576895
12:02:12,1146,8.508002783576895
12:02:13,1146,8.508002783576895
12:02:14,1147,8.508002783576895
12:02:15,1147,8.512217587765033
12:02:16,1148,8.512217587765033
12:02:17,1148,8.512217587765033
12:02:18,1150,8.512217587765033
12:02:19,1151,8.513541666666667
12:02:20,1151,8.513541666666667
12:02:21,1152,8.5139091224419
12:02:22,1153,8.5139091224419
12:02:23,1153,8.512179487179488
12:02:24,1153,8.512179487179488
12:02:25,1154,8.515957078573901
12:02:26,1155,8.515957078573901
12:02:27,1155,8.514609266943292
12:02:28,1155,8.518860103626944
12:02:29,1156,8.518860103626944
12:02:30,1156,8.523412698412699
12:02:31,1156,8.524422612892106
12:02:32,1156,8.524422612892106
12:02:33,1156,8.524466253443526
12:02:34,1156,8.524466253443526
12:02:35,1156,8.524466253443526
12:02:36,1156,8.524466253443526
12:02:37,1156,8.524466253443526
12:02:38,1156,8.524466253443526
12:02:39,1156,8.524466253443526
12:02:40,1156,8.524466253443526
12:02:41,1156,8.524466253443526
12:02:42,1156,8.524466253443526
12:02:43,1156,8.524466253443526
12:02:44,1156,8.524466253443526
12:02:45,1156,8.524466253443526
12:02:46,1156,8.524466253443526
12:02:47,1156,8.524466253443526
12:02:48,1156,8.524466253443526
12:02:49,1156,8.524466253443526
12:02:50,1156,8.524466253443526
12:02:51,1156,8.524466253443526
12:02:52,1156,8.524466253443526
12:02:53,1156,8.524466253443526
12:02:54,1156,8.52576539387685
12:02:55,1156,8.52576539387685
12:02:56,1156,8.52576539387685
12:02:57,1156,8.529248197734296
12:02:58,1156,8.529248197734296
12:02:59,1156,8.529248197734296
12:03:00,1156,8.528034979423868
12:03:01,1156,8.528034979423868
12:03:02,1156,8.528034979423868
12:03:03,1156,8.528034979423868
12:03:04,1156,8.528034979423868
12:03:05,1156,8.528034979423868
12:03:06,1156,8.528034979423868
12:03:07,1156,8.532494004796163
12:03:08,1156,8.532494004796163
12:03:09,1156,8.532494004796163
12:03:10,1156,8.532819986310747
12:03:11,1156,8.532819986310747
12:03:12,1156,8.532819986310747
12:03:13,1156,8.53791452991453
12:03:14,1156,8.53791452991453
12:03:15,1156,8.53791452991453
12:03:16,1156,8.53791452991453
12:03:17,1156,8.542469262295082
12:03:18,1156,8.542469262295082
12:03:19,1156,8.542469262295082
12:03:20,1156,8.547443762781187
12:03:21,1156,8.547443762781187
12:03:22,1157,8.547443762781187
12:03:23,1157,8.549336057201225
12:03:24,1158,8.550986394557823
12:03:25,1158,8.550986394557823
12:03:26,1159,8.550986394557823
12:03:27,1159,8.551393136255522
12:03:28,1160,8.551393136255522
12:03:29,1161,8.555363204344875
12:03:30,1161,8.555363204344875
12:03:31,1162,8.555363204344875
12:03:32,1162,8.555363204344875
12:03:33,1162,8.555363204344875
12:03:34,1162,8.555363204344875
12:03:35,1162,8.554543913190912
12:03:36,1164,8.558638211382114
12:03:37,1164,8.558638211382114
12:03:38,1164,8.558638211382114
12:03:39,1165,8.56047377326565
12:03:40,1165,8.56047377326565
12:03:41,1165,8.56047377326565
12:03:42,1166,8.56047377326565
12:03:43,1166,8.56047377326565
12:03:44,1166,8.561544962812711
12:03:45,1167,8.561544962812711
12:03:46,1167,8.561544962812711
12:03:47,1167,8.561544962812711
12:03:48,1168,8.561544962812711
12:03:49,1168,8.561544962812711
12:03:50,1169,8.561544962812711
12:03:51,1169,8.561544962812711
12:03:52,1170,8.561544962812711
12:03:53,1170,8.561544962812711
12:03:54,1170,8.561544962812711
12:03:55,1170,8.565889902060116
12:03:56,1170,8.565889902060116
12:03:57,1171,8.570360998650472
12:03:58,1172,8.570360998650472
12:03:59,1172,8.570360998650472
12:04:00,1172,8.570360998650472
12:04:01,1172,8.570360998650472
12:04:02,1172,8.570896528479945
12:04:03,1172,8.575757575757574
12:04:04,1172,8.576807938109653
12:04:05,1172,8.576807938109653
12:04:06,1172,8.576807938109653
12:04:07,1173,8.578948252688173
12:04:08,1173,8.578948252688173
12:04:09,1173,8.578948252688173
12:04:10,1173,8.576065793890567
12:04:11,1173,8.576065793890567
12:04:12,1173,8.577531857813547
12:04:13,1174,8.579514237855948
12:04:14,1174,8.579514237855948
12:04:15,1175,8.579514237855948
12:04:16,1175,8.58060575635877
12:04:17,1175,8.58060575635877
12:04:18,1175,8.58090939485122
12:04:19,1175,8.58090939485122
12:04:20,1175,8.58090939485122
12:04:21,1175,8.58090939485122
12:04:22,1176,8.58090939485122
12:04:23,1176,8.58090939485122
12:04:24,1176,8.58090939485122
12:04:25,1177,8.584552438209753
12:04:26,1177,8.584552438209753
12:04:27,1177,8.584552438209753
12:04:28,1177,8.584552438209753
12:04:29,1177,8.584552438209753
12:04:30,1179,8.584552438209753
12:04:31,1179,8.584552438209753
12:04:32,1179,8.584552438209753
12:04:33,1179,8.584552438209753
12:04:34,1180,8.584552438209753
12:04:35,1180,8.584552438209753
12:04:36,1180,8.586202869536203
12:04:37,1180,8.586202869536203
12:04:38,1181,8.586202869536203
12:04:39,1181,8.587150000000001
12:04:40,1181,8.587150000000001
12:04:41,1181,8.587150000000001
12:04:42,1181,8.587150000000001
12:04:43,1181,8.587150000000001
12:04:44,1181,8.587150000000001
12:04:45,1181,8.591058941058941
12:04:46,1181,8.591058941058941
12:04:47,1181,8.591058941058941
12:04:48,1182,8.595109780439122
12:04:49,1182,8.595109780439122
12:04:50,1182,8.595109780439122
12:04:51,1182,8.597125290794283
12:04:52,1182,8.597125290794283
12:04:53,1182,8.60016583747927
12:04:54,1183,8.60016583747927
12:04:55,1183,8.60016583747927
12:04:56,1183,8.60016583747927
12:04:57,1183,8.60016583747927
12:04:58,1183,8.60016583747927
12:04:59,1184,8.60016583747927
12:05:00,1184,8.60016583747927
12:05:01,1184,8.601855533465873
12:05:02,1184,8.601855533465873
12:05:03,1184,8.601855533465873
12:05:04,1184,8.601855533465873
12:05:05,1184,8.601855533465873
12:05:06,1184,8.601855533465873
12:05:07,1184,8.601855533465873
12:05:08,1184,8.603492221118834
12:05:09,1184,8.603492221118834
12:05:10,1184,8.604646164021165
12:05:11,1184,8.604646164021165
12:05:12,1184,8.600280806078626
12:05:13,1184,8.600280806078626
12:05:14,1184,8.602392739273927
12:05:15,1185,8.606511704582921
12:05:16,1185,8.608596837944665
12:05:17,1185,8.608596837944665
12:05:18,1185,8.608596837944665
12:05:19,1185,8.608596837944665
12:05:20,1186,8.612207963145773
12:05:21,1186,8.616469428007889
12:05:22,1186,8.616469428007889
12:05:23,1186,8.616912972085386
12:05:24,1186,8.616912972085386
12:05:25,1186,8.616912972085386
12:05:26,1186,8.616912972085386
12:05:27,1186,8.618389107611547
12:05:28,1186,8.618389107611547
12:05:29,1186,8.618389107611547
12:05:30,1186,8.6195509668961
12:05:31,1186,8.6195509668961
12:05:32,1186,8.6195509668961
12:05:33,1186,8.6195509668961
12:05:34,1186,8.6195509668961
12:05:35,1186,8.6195509668961
12:05:36,1186,8.6195509668961
12:05:37,1186,8.6195509668961
12:05:38,1187,8.6195509668961
12:05:39,1187,8.6195509668961
12:05:40,1187,8.6195509668961
12:05:41,1187,8.6195509668961
12:05:42,1187,8.6195509668961
12:05:43,1188,8.622331368696791
12:05:44,1188,8.622331368696791
12:05:45,1188,8.627543343146876
12:05:46,1188,8.627543343146876
12:05:47,1188,8.627543343146876
12:05:48,1188,8.627543343146876
12:05:49,1188,8.627543343146876
12:05:50,1189,8.627543343146876
12:05:51,1189,8.627543343146876
12:05:52,1189,8.627543343146876
12:05:53,1190,8.627543343146876
12:05:54,1190,8.62825163398693
12:05:55,1191,8.632272282076396
12:05:56,1191,8.632272282076396
12:05:57,1191,8.632272282076396
12:05:58,1191,8.628962818003913
12:05:59,1191,8.628962818003913
12:06:00,1191,8.631150211795374
12:06:01,1191,8.631150211795374
12:06:02,1191,8.631150211795374
12:06:03,1191,8.631150211795374
12:06:04,1192,8.637365853658537
12:06:05,1192,8.637365853658537
12:06:06,1193,8.636809616634178
12:06:07,1193,8.636809616634178
12:06:08,1193,8.636809616634178
12:06:09,1193,8.636809616634178
12:06:10,1193,8.64087958455047
12:06:11,1193,8.64087958455047
12:06:12,1193,8.641001945525291
12:06:13,1193,8.641001945525291
12:06:14,1193,8.641001945525291
12:06:15,1193,8.641001945525291
12:06:16,1193,8.641001945525291
12:06:17,1193,8.641001945525291
12:06:18,1193,8.641001945525291
12:06:19,1193,8.643326854551344
12:06:20,1193,8.643326854551344
12:06:21,1193,8.643326854551344
12:06:22,1193,8.645242718446603
12:06:23,1193,8.645242718446603
12:06:24,1193,8.645242718446603
12:06:25,1194,8.645242718446603
12:06:26,1194,8.645242718446603
12:06:27,1195,8.645242718446603
12:06:28,1196,8.645242718446603
12:06:29,1197,8.64633042353702
12:06:30,1197,8.64633042353702
12:06:31,1197,8.650096805421104
12:06:32,1198,8.650096805421104
12:06:33,1198,8.652740167633786
12:06:34,1198,8.652740167633786
12:06:35,1198,8.652740167633786
12:06:36,1198,8.652740167633786
12:06:37,1198,8.652740167633786
12:06:38,1198,8.652740167633786
12:06:39,1199,8.656876006441223
12:06:40,1199,8.656876006441223
12:06:41,1199,8.656876006441223
12:06:42,1199,8.656876006441223
12:06:43,1199,8.656876006441223
12:06:44,1200,8.656876006441223
12:06:45,1200,8.657432432432433
12:06:46,1201,8.657432432432433
12:06:47,1201,8.657432432432433
12:06:48,1201,8.657432432432433
12:06:49,1201,8.657432432432433
12:06:50,1201,8.659916425586628
12:06:51,1201,8.659916425586628
12:06:52,1202,8.659916425586628
12:06:53,1202,8.659916425586628
12:06:54,1202,8.656920359666024
12:06:55,1202,8.656920359666024
12:06:56,1204,8.661244786653834
12:06:57,1204,8.661244786653834
12:06:58,1205,8.661244786653834
12:06:59,1205,8.661244786653834
12:07:00,1206,8.66584935897436
12:07:01,1206,8.66584935897436
12:07:02,1207,8.66584935897436
12:07:03,1208,8.66584935897436
12:07:04,1208,8.666010246557796
12:07:05,1209,8.666010246557796
12:07:06,1209,8.671097248880358
12:07:07,1209,8.671097248880358
12:07:08,1210,8.671097248880358
12:07:09,1210,8.671097248880358
12:07:10,1211,8.671097248880358
12:07:11,1211,8.6740811760946
12:07:12,1212,8.6740811760946
12:07:13,1212,8.677857598978289
12:07:14,1212,8.677857598978289
12:07:15,1212,8.677857598978289
12:07:16,1212,8.677857598978289
12:07:17,1213,8.677857598978289
12:07:18,1213,8.677857598978289
12:07:19,1213,8.677857598978289
12:07:20,1213,8.681674641148327
12:07:21,1213,8.682711918419376
12:07:22,1213,8.682711918419376
12:07:23,1213,8.685816618911174
12:07:24,1213,8.685816618911174
12:07:25,1213,8.685816618911174
12:07:26,1213,8.68312659033079
12:07:27,1213,8.68312659033079
12:07:28,1214,8.685700667302193
12:07:29,1214,8.685700667302193
12:07:30,1214,8.689089755788137
12:07:31,1214,8.689089755788137
12:07:32,1214,8.689089755788137
12:07:33,1215,8.689089755788137
12:07:34,1215,8.689089755788137
12:07:35,1215,8.689089755788137
12:07:36,1215,8.689089755788137
12:07:37,1216,8.689179340937896
12:07:38,1216,8.689179340937896
12:07:39,1216,8.686435580880024
12:07:40,1216,8.686435580880024
12:07:41,1216,8.686435580880024
12:07:42,1216,8.686435580880024
12:07:43,1216,8.686435580880024
12:07:44,1217,8.686435580880024
12:07:45,1217,8.686435580880024
12:07:46,1217,8.686435580880024
12:07:47,1218,8.686435580880024
12:07:48,1218,8.686435580880024
12:07:49,1218,8.686435580880024
12:07:50,1218,8.686435580880024
12:07:51,1218,8.686435580880024
12:07:52,1218,8.686435580880024
12:07:53,1218,8.686435580880024
12:07:54,1218,8.68983238456673
12:07:55,1218,8.68983238456673
12:07:56,1218,8.68983238456673
12:07:57,1218,8.68983238456673
12:07:58,1218,8.692985781990522
12:07:59,1218,8.692985781990522
12:08:00,1219,8.692985781990522
12:08:01,1219,8.69665404040404
12:08:02,1219,8.69665404040404
12:08:03,1219,8.69665404040404
12:08:04,1220,8.69665404040404
12:08:05,1220,8.69665404040404
12:08:06,1220,8.69665404040404
12:08:07,1221,8.69665404040404
12:08:08,1222,8.69665404040404
12:08:09,1222,8.702270577105015
12:08:10,1222,8.702270577105015
12:08:11,1223,8.702270577105015
12:08:12,1223,8.705166981726528
12:08:13,1223,8.705166981726528
12:08:14,1223,8.705166981726528
12:08:15,1223,8.705166981726528
12:08:16,1224,8.705166981726528
12:08:17,1224,8.705166981726528
12:08:18,1224,8.706289308176101
12:08:19,1224,8.706289308176101
12:08:20,1224,8.706289308176101
12:08:21,1224,8.71111111111111
12:08:22,1224,8.71111111111111
12:08:23,1224,8.713185951708999
12:08:24,1224,8.713185951708999
12:08:25,1224,8.713185951708999
12:08:26,1224,8.713185951708999
12:08:27,1224,8.713185951708999
12:08:28,1224,8.718421052631578
12:08:29,1224,8.718421052631578
12:08:30,1224,8.718421052631578
12:08:31,1224,8.718421052631578
12:08:32,1224,8.718421052631578
12:08:33,1224,8.718421052631578
12:08:34,1225,8.718421052631578
12:08:35,1225,8.718421052631578
12:08:36,1225,8.720829420970265
12:08:37,1225,8.720829420970265
12:08:38,1226,8.720829420970265
12:08:39,1226,8.720829420970265
12:08:40,1227,8.720829420970265
12:08:41,1227,8.720829420970265
12:08:42,1227,8.719981238273922
12:08:43,1227,8.720915338956576
12:08:44,1228,8.720915338956576
12:08:45,1228,8.720915338956576
12:08:46,1229,8.720915338956576
12:08:47,1229,8.724906367041198
12:08:48,1229,8.724906367041198
12:08:49,1229,8.724906367041198
12:08:50,1230,8.724906367041198
12:08:51,1230,8.724906367041198
12:08:52,1230,8.724906367041198
12:08:53,1230,8.728219519800437
12:08:54,1230,8.728219519800437
12:08:55,1230,8.728219519800437
12:08:56,1231,8.728219519800437
12:08:57,1231,8.728219519800437
12:08:58,1231,8.728426791277258
12:08:59,1232,8.728426791277258
12:09:00,1233,8.728426791277258
12:09:01,1233,8.731154684095861
12:09:02,1234,8.736116293532339
12:09:03,1234,8.736116293532339
12:09:04,1235,8.740260950605778
12:09:05,1235,8.740260950605778
12:09:06,1236,8.740260950605778
12:09:07,1237,8.738780260707635
12:09:08,1237,8.738780260707635
12:09:09,1238,8.745182775712516
12:09:10,1238,8.745182775712516
12:09:11,1239,8.745182775712516
12:09:12,1239,8.745182775712516
12:09:13,1240,8.745182775712516
12:09:14,1241,8.745182775712516
12:09:15,1241,8.745182775712516
12:09:16,1241,8.744336118848654
12:09:17,1242,8.744109461966605
12:09:18,1242,8.744109461966605
12:09:19,1242,8.744109461966605
12:09:20,1243,8.742786530738337
12:09:21,1244,8.742786530738337
12:09:22,1244,8.742786530738337
12:09:23,1245,8.742786530738337
12:09:24,1245,8.742786530738337
12:09:25,1245,8.742786530738337
12:09:26,1245,8.742786530738337
12:09:27,1246,8.742786530738337
12:09:28,1246,8.742786530738337
12:09:29,1246,8.742786530738337
12:09:30,1246,8.742786530738337
12:09:31,1247,8.742786530738337
12:09:32,1248,8.742786530738337
12:09:33,1248,8.742786530738337
12:09:34,1249,8.742786530738337
12:09:35,1249,8.742786530738337
12:09:36,1250,8.742786530738337
12:09:37,1250,8.748566142460684
12:09:38,1251,8.748566142460684
12:09:39,1251,8.748566142460684
12:09:40,1251,8.748120764017251
12:09:41,1252,8.748120764017251
12:09:42,1253,8.751123422591567
12:09:43,1253,8.751123422591567
12:09:44,1253,8.751123422591567
12:09:45,1253,8.751123422591567
12:09:46,1255,8.751123422591567
12:09:47,1255,8.751123422591567
12:09:48,1256,8.751123422591567
12:09:49,1256,8.750184501845018
12:09:50,1256,8.750184501845018
12:09:51,1256,8.750184501845018
12:09:52,1257,8.756108041743401
12:09:53,1257,8.756108041743401
12:09:54,1258,8.756108041743401
12:09:55,1258,8.758915441176471
12:09:56,1258,8.758915441176471
12:09:57,1258,8.758915441176471
12:09:58,1258,8.758915441176471
12:09:59,1258,8.760958065503521
12:10:00,1258,8.760958065503521
12:10:01,1258,8.760958065503521
12:10:02,1258,8.760958065503521
12:10:03,1258,8.760958065503521
12:10:04,1258,8.760958065503521
12:10:05,1258,8.760958065503521
12:10:06,1258,8.760958065503521
12:10:07,1258,8.760958065503521
12:10:08,1258,8.760958065503521
12:10:09,1258,8.760958065503521
12:10:10,1258,8.760958065503521
12:10:11,1259,8.764785932721713
12:10:12,1259,8.764785932721713
12:10:13,1259,8.764785932721713
12:10:14,1259,8.764785932721713
12:10:15,1259,8.766605560647724
12:10:16,1259,8.766605560647724
12:10:17,1259,8.766605560647724
12:10:18,1259,8.766605560647724
12:10:19,1260,8.766605560647724
12:10:20,1260,8.766605560647724
12:10:21,1260,8.766880341880343
12:10:22,1260,8.766880341880343
12:10:23,1260,8.766880341880343
12:10:24,1260,8.766880341880343
12:10:25,1260,8.766880341880343
12:10:26,1260,8.77049405306496
12:10:27,1260,8.77049405306496
12:10:28,1260,8.77049405306496
12:10:29,1260,8.77049405306496
12:10:30,1260,8.775959780621573
12:10:31,1260,8.779284627092846
12:10:32,1260,8.779284627092846
12:10:33,1262,8.779284627092846
12:10:34,1262,8.780048661800487
12:10:35,1262,8.780048661800487
12:10:36,1263,8.780048661800487
12:10:37,1263,8.780048661800487
12:10:38,1263,8.779687025220296
12:10:39,1264,8.779687025220296
12:10:40,1264,8.779687025220296
12:10:41,1264,8.779295689131754
12:10:42,1265,8.779295689131754
12:10:43,1265,8.785138004246283
12:10:44,1265,8.785138004246283
12:10:45,1265,8.78539393939394
12:10:46,1266,8.78539393939394
12:10:47,1266,8.788752649106872
12:10:48,1266,8.788752649106872
12:10:49,1267,8.791591046581972
12:10:50,1267,8.791591046581972
12:10:51,1267,8.791591046581972
12:10:52,1267,8.791591046581972
12:10:53,1269,8.791591046581972
12:10:54,1269,8.791591046581972
12:10:55,1269,8.791591046581972
12:10:56,1270,8.795451798126322
12:10:57,1270,8.795451798126322
12:10:58,1270,8.795451798126322
12:10:59,1270,8.795451798126322
12:11:00,1270,8.799607487922707
12:11:01,1270,8.799607487922707
12:11:02,1270,8.800678733031674
12:11:03,1270,8.800678733031674
12:11:04,1271,8.800678733031674
12:11:05,1271,8.800678733031674
12:11:06,1271,8.80164255575648
12:11:07,1272,8.80164255575648
12:11:08,1272,8.80164255575648
12:11:09,1272,8.80164255575648
12:11:10,1273,8.80164255575648
12:11:11,1273,8.80164255575648
12:11:12,1273,8.800752785305631
12:11:13,1273,8.800752785305631
12:11:14,1273,8.802662454873646
12:11:15,1273,8.802662454873646
12:11:16,1273,8.802662454873646
12:11:17,1273,8.808476104598737
12:11:18,1273,8.808476104598737
12:11:19,1273,8.809669669669669
12:11:20,1273,8.809669669669669
12:11:21,1273,8.809669669669669
12:11:22,1273,8.809669669669669
12:11:23,1273,8.810666066606661
12:11:24,1273,8.810666066606661
12:11:25,1275,8.810666066606661
12:11:26,1275,8.810666066606661
12:11:27,1275,8.810666066606661
12:11:28,1275,8.810666066606661
12:11:29,1276,8.809487410071942
12:11:30,1276,8.808655286013778
12:11:31,1276,8.808655286013778
12:11:32,1277,8.808655286013778
12:11:33,1277,8.807660083782167
12:11:34,1277,8.807660083782167
12:11:35,1277,8.807660083782167
12:11:36,1278,8.810553064275037
12:11:37,1278,8.810553064275037
12:11:38,1278,8.810553064275037
12:11:39,1279,8.810553064275037
12:11:40,1279,8.811723416965352
12:11:41,1279,8.811723416965352
12:11:42,1279,8.811723416965352
12:11:43,1280,8.811723416965352
12:11:44,1280,8.811723416965352
12:11:45,1280,8.811723416965352
12:11:46,1280,8.811723416965352
12:11:47,1280,8.811723416965352
12:11:48,1281,8.816039988063265
12:11:49,1281,8.816039988063265
12:11:50,1281,8.816039988063265
12:11:51,1281,8.819081693500298
12:11:52,1281,8.819081693500298
12:11:53,1281,8.819081693500298
12:11:54,1281,8.82113494191242
12:11:55,1281,8.82113494191242
12:11:56,1282,8.82113494191242
12:11:57,1282,8.82113494191242
12:11:58,1282,8.82113494191242
12:11:59,1282,8.82113494191242
12:12:00,1283,8.82113494191242
12:12:01,1283,8.82113494191242
12:12:02,1283,8.82113494191242
12:12:03,1284,8.82113494191242
12:12:04,1284,8.822425595238094
12:12:05,1284,8.822425595238094
12:12:06,1284,8.82030924769551
12:12:07,1284,8.82030924769551
12:12:08,1284,8.82226678550208
12:12:09,1285,8.82226678550208
12:12:10,1285,8.825007420599585
12:12:11,1285,8.825007420599585
12:12:12,1285,8.825007420599585
12:12:13,1285,8.826957295373665
12:12:14,1285,8.826957295373665
12:12:15,1285,8.826957295373665
12:12:16,1287,8.826799999999999
12:12:17,1287,8.826799999999999
12:12:18,1287,8.829484902309058
12:12:19,1289,8.829484902309058
12:12:20,1290,8.829484902309058
12:12:21,1290,8.829484902309058
12:12:22,1291,8.833170659568175
12:12:23,1291,8.833170659568175
12:12:24,1291,8.833170659568175
12:12:25,1291,8.833170659568175
12:12:26,1292,8.833170659568175
12:12:27,1292,8.833170659568175
12:12:28,1292,8.834338061465722
12:12:29,1294,8.837511071744906
12:12:30,1295,8.837511071744906
12:12:31,1295,8.837511071744906
12:12:32,1296,8.837511071744906
12:12:33,1297,8.837511071744906
12:12:34,1298,8.837511071744906
12:12:35,1299,8.83609144542773
12:12:36,1300,8.83609144542773
12:12:37,1300,8.83609144542773
12:12:38,1301,8.838667845564398
12:12:39,1301,8.838667845564398
12:12:40,1301,8.838667845564398
12:12:41,1301,8.841313309776208
12:12:42,1302,8.841313309776208
12:12:43,1303,8.841313309776208
12:12:44,1303,8.841313309776208
12:12:45,1304,8.841313309776208
12:12:46,1305,8.841313309776208
12:12:47,1305,8.841313309776208
12:12:48,1306,8.841313309776208
12:12:49,1306,8.841313309776208
12:12:50,1306,8.841313309776208
12:12:51,1306,8.841313309776208
12:12:52,1306,8.843174463077377
12:12:53,1306,8.843174463077377
12:12:54,1306,8.840520282186949
12:12:55,1307,8.840520282186949
12:12:56,1307,8.840520282186949
12:12:57,1307,8.838443465491924
12:12:58,1307,8.838443465491924
12:12:59,1307,8.838443465491924
12:13:00,1307,8.842899061032863
12:13:01,1307,8.8454412195837
12:13:02,1308,8.8454412195837
12:13:03,1308,8.847934973637962
12:13:04,1308,8.848565993561603
12:13:05,1308,8.848565993561603
12:13:06,1309,8.850862573099416
12:13:07,1309,8.850862573099416
12:13:08,1311,8.850862573099416
12:13:09,1311,8.850744960560911
12:13:10,1311,8.850744960560911
12:13:11,1312,8.850744960560911
12:13:12,1312,8.850744960560911
12:13:13,1312,8.850744960560911
12:13:14,1313,8.850744960560911
12:13:15,1313,8.853692352597783
12:13:16,1313,8.853692352597783
12:13:17,1314,8.853692352597783
12:13:18,1314,8.853692352597783
12:13:19,1316,8.856240886555847
12:13:20,1316,8.856240886555847
12:13:21,1317,8.856240886555847
12:13:22,1317,8.856240886555847
12:13:23,1319,8.856240886555847
12:13:24,1320,8.856240886555847
12:13:25,1320,8.856240886555847
12:13:26,1320,8.856240886555847
12:13:27,1321,8.856240886555847
12:13:28,1321,8.85425407925408
12:13:29,1321,8.851921397379913
12:13:30,1321,8.851921397379913
12:13:31,1323,8.851921397379913
12:13:32,1323,8.851921397379913
12:13:33,1323,8.851921397379913
12:13:34,1323,8.851921397379913
12:13:35,1323,8.851921397379913
12:13:36,1324,8.851921397379913
12:13:37,1324,8.851921397379913
12:13:38,1324,8.851921397379913
12:13:39,1324,8.851921397379913
12:13:40,1324,8.851921397379913
12:13:41,1324,8.854203025014543
12:13:42,1324,8.857483289741355
12:13:43,1324,8.857483289741355
12:13:44,1324,8.857483289741355
12:13:45,1324,8.857483289741355
12:13:46,1324,8.858783391405343
12:13:47,1324,8.858783391405343
12:13:48,1324,8.858783391405343
12:13:49,1325,8.858783391405343
12:13:50,1325,8.858783391405343
12:13:51,1326,8.858783391405343
12:13:52,1326,8.861923411662314
12:13:53,1326,8.861923411662314
12:13:54,1326,8.861923411662314
12:13:55,1327,8.862391304347826
12:13:56,1327,8.862391304347826
12:13:57,1327,8.862391304347826
12:13:58,1328,8.862391304347826
12:13:59,1328,8.862391304347826
12:14:00,1328,8.862391304347826
12:14:01,1329,8.862391304347826
12:14:02,1329,8.862391304347826
12:14:03,1329,8.86545033304373
12:14:04,1329,8.86545033304373
12:14:05,1329,8.86796875
12:14:06,1329,8.864382769586587
12:14:07,1329,8.867735413056037
12:14:08,1329,8.87073593073593
12:14:09,1329,8.871510957324107
12:14:10,1330,8.871510957324107
12:14:11,1330,8.871510957324107
12:14:12,1330,8.871510957324107
12:14:13,1330,8.875136848170557
12:14:14,1330,8.875136848170557
12:14:15,1330,8.875136848170557
12:14:16,1331,8.872812320092114
12:14:17,1331,8.872812320092114
12:14:18,1331,8.872812320092114
12:14:19,1331,8.872812320092114
12:14:20,1332,8.872812320092114
12:14:21,1332,8.872812320092114
12:14:22,1332,8.872812320092114
12:14:23,1333,8.872812320092114
12:14:24,1333,8.872812320092114
12:14:25,1333,8.872812320092114
12:14:26,1334,8.87371297095197
12:14:27,1334,8.87371297095197
12:14:28,1334,8.87371297095197
12:14:29,1334,8.87371297095197
12:14:30,1334,8.87705459770115
12:14:31,1334,8.87705459770115
12:14:32,1334,8.87705459770115
12:14:33,1334,8.87705459770115
12:14:34,1334,8.87705459770115
12:14:35,1334,8.87705459770115
12:14:36,1334,8.875308641975307
12:14:37,1334,8.878399311531842
12:14:38,1334,8.882057896245344
12:14:39,1334,8.882057896245344
12:14:40,1334,8.882057896245344
12:14:41,1334,8.887567954220314
12:14:42,1334,8.887567954220314
12:14:43,1334,8.887567954220314
12:14:44,1334,8.887567954220314
12:14:45,1334,8.886978273299029
12:14:46,1334,8.886978273299029
12:14:47,1334,8.887817766352471
12:14:48,1334,8.887817766352471
12:14:49,1334,8.887817766352471
12:14:50,1334,8.885930365296804
12:14:51,1334,8.885930365296804
12:14:52,1334,8.885930365296804
12:14:53,1334,8.88169375534645
12:14:54,1334,8.88169375534645
12:14:55,1334,8.88169375534645
12:14:56,1334,8.88169375534645
12:14:57,1334,8.88169375534645
12:14:58,1334,8.88169375534645
12:14:59,1334,8.88169375534645
12:15:00,1334,8.88169375534645
12:15:01,1334,8.88169375534645
12:15:02,1334,8.883931623931625
12:15:03,1334,8.883931623931625
12:15:04,1334,8.88707657272986
12:15:05,1334,8.88707657272986
12:15:06,1334,8.88707657272986
12:15:07,1334,8.88707657272986
12:15:08,1334,8.88707657272986
12:15:09,1335,8.88707657272986
12:15:10,1335,8.88707657272986
12:15:11,1336,8.88707657272986
12:15:12,1336,8.88933447098976
12:15:13,1336,8.892782040352374
12:15:14,1336,8.892782040352374
12:15:15,1336,8.892782040352374
12:15:16,1337,8.892782040352374
12:15:17,1337,8.896365701306076
12:15:18,1337,8.896365701306076
12:15:19,1338,8.895886524822695
12:15:20,1338,8.895886524822695
12:15:21,1338,8.895886524822695
12:15:22,1339,8.895886524822695
12:15:23,1339,8.895886524822695
12:15:24,1339,8.895886524822695
12:15:25,1339,8.893168934240363
12:15:26,1339,8.893168934240363
12:15:27,1340,8.895143018974796
12:15:28,1340,8.898655913978494
12:15:29,1341,8.898655913978494
12:15:30,1342,8.898655913978494
12:15:31,1342,8.9029262086514
12:15:32,1342,8.9029262086514
12:15:33,1342,8.9029262086514
12:15:34,1342,8.9029262086514
12:15:35,1342,8.9029262086514
12:15:36,1342,8.9029262086514
12:15:37,1342,8.9029262086514
12:15:38,1342,8.9029262086514
12:15:39,1342,8.90090395480226
12:15:40,1342,8.903683319220999
12:15:41,1342,8.903683319220999
12:15:42,1342,8.903683319220999
12:15:43,1342,8.900507614213199
12:15:44,1342,8.900507614213199
12:15:45,1342,8.900507614213199
12:15:46,1342,8.900507614213199
12:15:47,1342,8.898296734234235
12:15:48,1342,8.898296734234235
12:15:49,1342,8.898296734234235
12:15:50,1342,8.898296734234235
12:15:51,1342,8.898296734234235
12:15:52,1342,8.898296734234235
12:15:53,1342,8.898296734234235
12:15:54,1343,8.898296734234235
12:15:55,1343,8.89689170182841
12:15:56,1343,8.899606520517144
12:15:57,1343,8.899606520517144
12:15:58,1344,8.899606520517144
12:15:59,1345,8.899606520517144
12:16:00,1345,8.903889356922212
12:16:01,1345,8.903889356922212
12:16:02,1346,8.903889356922212
12:16:03,1346,8.903889356922212
12:16:04,1346,8.907856341189675
12:16:05,1346,8.907856341189675
12:16:06,1347,8.907856341189675
12:16:07,1348,8.910751331651248
12:16:08,1349,8.910751331651248
12:16:09,1350,8.91484593837535
12:16:10,1350,8.91484593837535
12:16:11,1351,8.91484593837535
12:16:12,1351,8.91484593837535
12:16:13,1351,8.91484593837535
12:16:14,1351,8.91288832913518
12:16:15,1352,8.91288832913518
12:16:16,1352,8.91288832913518
12:16:17,1352,8.91288832913518
12:16:18,1353,8.91550615212528
12:16:19,1353,8.91550615212528
12:16:20,1354,8.91550615212528
12:16:21,1354,8.919977647387539
12:16:22,1354,8.919977647387539
12:16:23,1354,8.919977647387539
12:16:24,1355,8.919977647387539
12:16:25,1355,8.919977647387539
12:16:26,1355,8.919977647387539
12:16:27,1357,8.919977647387539
12:16:28,1357,8.919977647387539
12:16:29,1358,8.919977647387539
12:16:30,1358,8.919977647387539
12:16:31,1358,8.919977647387539
12:16:32,1358,8.919977647387539
12:16:33,1359,8.916303740926857
12:16:34,1360,8.916303740926857
12:16:35,1360,8.916303740926857
12:16:36,1360,8.917768479776848
12:16:37,1361,8.917768479776848
12:16:38,1361,8.917768479776848
12:16:39,1362,8.922644927536231
12:16:40,1363,8.922644927536231
12:16:41,1364,8.922644927536231
12:16:42,1364,8.92531328320802
12:16:43,1364,8.92531328320802
12:16:44,1365,8.92531328320802
12:16:45,1365,8.924373956594325
12:16:46,1365,8.924373956594325
12:16:47,1366,8.924373956594325
12:16:48,1367,8.925840978593271
12:16:49,1367,8.925840978593271
12:16:50,1368,8.925840978593271
12:16:51,1368,8.931083333333333
12:16:52,1368,8.931083333333333
12:16:53,1369,8.931083333333333
12:16:54,1369,8.932320288648349
12:16:55,1370,8.932320288648349
12:16:56,1371,8.932320288648349
12:16:57,1371,8.932320288648349
12:16:58,1373,8.935912368275098
12:16:59,1374,8.935912368275098
12:17:00,1374,8.937849819894707
12:17:01,1374,8.937849819894707
12:17:02,1376,8.937849819894707
12:17:03,1376,8.937849819894707
12:17:04,1376,8.937849819894707
12:17:05,1376,8.937849819894707
12:17:06,1377,8.937849819894707
12:17:07,1378,8.940490033222591
12:17:08,1379,8.940490033222591
12:17:09,1380,8.945325034578145
12:17:10,1381,8.945494748479824
12:17:11,1381,8.94210162938415
12:17:12,1382,8.94210162938415
12:17:13,1383,8.94210162938415
12:17:14,1383,8.94210162938415
12:17:15,1384,8.94210162938415
12:17:16,1385,8.94210162938415
12:17:17,1385,8.94210162938415
12:17:18,1387,8.94210162938415
12:17:19,1388,8.94210162938415
12:17:20,1388,8.941528697571744
12:17:21,1388,8.941528697571744
12:17:22,1390,8.9427488282327
12:17:23,1390,8.9427488282327
12:17:24,1390,8.9427488282327
12:17:25,1391,8.94400826446281
12:17:26,1392,8.94400826446281
12:17:27,1392,8.94400826446281
12:17:28,1392,8.94400826446281
12:17:29,1392,8.94400826446281
12:17:30,1393,8.946724470134875
12:17:31,1393,8.946724470134875
12:17:32,1393,8.946724470134875
12:17:33,1394,8.948996149614961
12:17:34,1394,8.948996149614961
12:17:35,1394,8.951250343500961
12:17:36,1394,8.951250343500961
12:17:37,1395,8.951250343500961
12:17:38,1395,8.951250343500961
12:17:39,1395,8.951250343500961
12:17:40,1395,8.948585941790224
12:17:41,1395,8.948585941790224
12:17:42,1396,8.948585941790224
12:17:43,1396,8.948585941790224
12:17:44,1396,8.950342653508773
12:17:45,1396,8.950342653508773
12:17:46,1397,8.950342653508773
12:17:47,1397,8.950342653508773
12:17:48,1397,8.950342653508773
12:17:49,1397,8.950342653508773
12:17:50,1398,8.950342653508773
12:17:51,1398,8.950342653508773
12:17:52,1398,8.951794029033142
12:17:53,1398,8.951794029033142
12:17:54,1398,8.951794029033142
12:17:55,1398,8.951436781609196
12:17:56,1398,8.951436781609196
12:17:57,1399,8.951436781609196
12:17:58,1399,8.953554826360405
12:17:59,1399,8.953554826360405
12:18:00,1399,8.953554826360405
12:18:01,1399,8.95516393442623
12:18:02,1399,8.95516393442623
12:18:03,1399,8.95516393442623
12:18:04,1399,8.95516393442623
12:18:05,1399,8.95516393442623
12:18:06,1399,8.956879606879607
12:18:07,1399,8.956879606879607
12:18:08,1400,8.956879606879607
12:18:09,1400,8.956879606879607
12:18:10,1400,8.961033824331697
12:18:11,1400,8.961033824331697
12:18:12,1401,8.961033824331697
12:18:13,1402,8.961033824331697
12:18:14,1402,8.961033824331697
12:18:15,1402,8.961033824331697
12:18:16,1402,8.958367402562006
12:18:17,1402,8.958367402562006
12:18:18,1402,8.960457516339869
12:18:19,1402,8.959292517006803
12:18:20,1402,8.959292517006803
12:18:21,1402,8.959292517006803
12:18:22,1402,8.959292517006803
12:18:23,1402,8.959292517006803
12:18:24,1402,8.959292517006803
12:18:25,1403,8.959529635671561
12:18:26,1403,8.959529635671561
12:18:27,1403,8.959529635671561
12:18:28,1403,8.959529635671561
12:18:29,1403,8.96016028253192
12:18:30,1404,8.96016028253192
12:18:31,1404,8.96016028253192
12:18:32,1404,8.96016028253192
12:18:33,1404,8.96016028253192
12:18:34,1404,8.96016028253192
12:18:35,1404,8.96016028253192
12:18:36,1405,8.962296416938111
12:18:37,1405,8.964863032275563
12:18:38,1405,8.964863032275563
12:18:39,1406,8.962127371273713
12:18:40,1406,8.962127371273713
12:18:41,1406,8.964161927971839
12:18:42,1406,8.964161927971839
12:18:43,1406,8.964161927971839
12:18:44,1406,8.964042207792208
12:18:45,1406,8.964042207792208
12:18:46,1406,8.964042207792208
12:18:47,1406,8.964042207792208
12:18:48,1406,8.964841849148419
12:18:49,1406,8.964841849148419
12:18:50,1406,8.964841849148419
12:18:51,1406,8.966207455429497
12:18:52,1406,8.966207455429497
12:18:53,1406,8.971093117408907
12:18:54,1406,8.971093117408907
12:18:55,1406,8.971093117408907
12:18:56,1406,8.971093117408907
12:18:57,1406,8.971093117408907
12:18:58,1406,8.971093117408907
12:18:59,1406,8.971093117408907
12:19:00,1407,8.972208737864078
12:19:01,1407,8.972208737864078
12:19:02,1407,8.972208737864078
12:19:03,1407,8.972208737864078
12:19:04,1407,8.972208737864078
12:19:05,1407,8.972208737864078
12:19:06,1407,8.972208737864078
12:19:07,1408,8.972208737864078
12:19:08,1408,8.972208737864078
12:19:09,1408,8.972208737864078
12:19:10,1408,8.972208737864078
12:19:11,1410,8.972208737864078
12:19:12,1410,8.972208737864078
12:19:13,1410,8.972208737864078
12:19:14,1411,8.969563459983833
12:19:15,1412,8.969563459983833
12:19:16,1412,8.969534194938072
12:19:17,1412,8.969534194938072
12:19:18,1412,8.969534194938072
12:19:19,1413,8.970796341135324
12:19:20,1414,8.970796341135324
12:19:21,1414,8.970147849462366
12:19:22,1415,8.970147849462366
12:19:23,1415,8.971004566210045
12:19:24,1415,8.971004566210045
12:19:25,1416,8.971004566210045
12:19:26,1416,8.973336017176596
12:19:27,1417,8.973336017176596
12:19:28,1417,8.97511397157415
12:19:29,1418,8.97511397157415
12:19:30,1418,8.97511397157415
12:19:31,1418,8.97511397157415
12:19:32,1419,8.97511397157415
12:19:33,1420,8.97511397157415
12:19:34,1421,8.97511397157415
12:19:35,1421,8.97511397157415
12:19:36,1421,8.97511397157415
12:19:37,1422,8.97511397157415
12:19:38,1422,8.97511397157415
12:19:39,1422,8.97511397157415
12:19:40,1422,8.97757234726688
12:19:41,1422,8.97757234726688
12:19:42,1422,8.97757234726688
12:19:43,1422,8.97757234726688
12:19:44,1422,8.977309236947791
12:19:45,1422,8.978731942215088
12:19:46,1423,8.978731942215088
12:19:47,1423,8.978731942215088
12:19:48,1423,8.981408714247527
12:19:49,1423,8.981408714247527
12:19:50,1424,8.981408714247527
12:19:51,1424,8.981408714247527
12:19:52,1425,8.981408714247527
12:19:53,1425,8.981408714247527
12:19:54,1426,8.981408714247527
12:19:55,1426,8.981408714247527
12:19:56,1427,8.981408714247527
12:19:57,1427,8.98255876068376
12:19:58,1427,8.98255876068376
12:19:59,1427,8.98255876068376
12:20:00,1427,8.985134774486255
12:20:01,1428,8.98652
12:20:02,1428,8.98652
12:20:03,1428,8.98652
12:20:04,1429,8.98652
12:20:05,1429,8.984732214228616
12:20:06,1429,8.984732214228616
12:20:07,1430,8.984732214228616
12:20:08,1430,8.984732214228616
12:20:09,1430,8.984732214228616
12:20:10,1430,8.985769435569754
12:20:11,1431,8.985769435569754
12:20:12,1431,8.985769435569754
12:20:13,1431,8.985769435569754
12:20:14,1432,8.985769435569754
12:20:15,1432,8.985769435569754
12:20:16,1432,8.987496674647511
12:20:17,1432,8.987496674647511
12:20:18,1432,8.987496674647511
12:20:19,1432,8.987496674647511
12:20:20,1432,8.987742363877823
12:20:21,1432,8.987742363877823
12:20:22,1432,8.993643842887474
12:20:23,1432,8.995173693980377
12:20:24,1432,8.995173693980377
12:20:25,1433,8.995173693980377
12:20:26,1433,8.995173693980377
12:20:27,1433,8.995173693980377
12:20:28,1434,8.995173693980377
12:20:29,1434,8.995173693980377
12:20:30,1434,8.997496025437203
12:20:31,1434,8.997496025437203
12:20:32,1434,8.997496025437203
12:20:33,1434,8.997828964786867
12:20:34,1435,8.997828964786867
12:20:35,1435,8.999259259259258
12:20:36,1435,8.999259259259258
12:20:37,1436,8.999405233941316
12:20:38,1436,8.999405233941316
12:20:39,1436,8.999405233941316
12:20:40,1437,8.999405233941316
12:20:41,1437,8.999405233941316
12:20:42,1437,8.998943475964078
12:20:43,1437,8.998943475964078
12:20:44,1438,8.998943475964078
12:20:45,1438,8.998943475964078
12:20:46,1438,9.000514647664291
12:20:47,1440,9.000514647664291
12:20:48,1440,9.000514647664291
12:20:49,1440,9.000514647664291
12:20:50,1441,9.000514647664291
12:20:51,1441,9.000514647664291
12:20:52,1441,9.000514647664291
12:20:53,1443,9.000514647664291
12:20:54,1443,9.000514647664291
12:20:55,1443,9.000514647664291
12:20:56,1443,9.0
12:20:57,1444,9.0
12:20:58,1444,9.0
12:20:59,1444,9.0
12:21:00,1444,9.0
12:21:01,1446,9.0
12:21:02,1446,9.0
12:21:03,1446,9.0
12:21:04,1447,9.0
12:21:05,1449,9.0
12:21:06,1449,9.0
12:21:07,1449,9.0
12:21:08,1449,9.00327804107425
12:21:09,1451,9.00327804107425
12:21:10,1451,9.00327804107425
12:21:11,1451,9.000276243093923
12:21:12,1451,9.000276243093923
12:21:13,1451,9.000276243093923
12:21:14,1451,9.00466614090431
12:21:15,1452,9.00466614090431
12:21:16,1452,9.004294720252167
12:21:17,1452,9.004294720252167
12:21:18,1452,9.006706036745408
12:21:19,1452,9.006706036745408
12:21:20,1452,9.006706036745408
12:21:21,1452,9.008025177025964
12:21:22,1452,9.008025177025964
12:21:23,1452,9.008025177025964
12:21:24,1452,9.01496465043205
12:21:25,1452,9.01496465043205
12:21:26,1453,9.014900575614861
12:21:27,1453,9.019019607843138
12:21:28,1453,9.019019607843138
12:21:29,1453,9.019019607843138
12:21:30,1453,9.019019607843138
12:21:31,1453,9.019019607843138
12:21:32,1454,9.019019607843138
12:21:33,1454,9.01882183908046
12:21:34,1454,9.01882183908046
12:21:35,1454,9.01882183908046
12:21:36,1454,9.01882183908046
12:21:37,1454,9.01882183908046
12:21:38,1454,9.01882183908046
12:21:39,1454,9.01882183908046
12:21:40,1454,9.01882183908046
12:21:41,1454,9.01882183908046
12:21:42,1454,9.01882183908046
12:21:43,1455,9.01882183908046
12:21:44,1455,9.01882183908046
12:21:45,1455,9.01882183908046
12:21:46,1455,9.015818324197337
12:21:47,1455,9.015818324197337
12:21:48,1455,9.015818324197337
12:21:49,1455,9.015818324197337
12:21:50,1455,9.015818324197337
12:21:51,1455,9.015036515388628
12:21:52,1455,9.015036515388628
12:21:53,1456,9.015036515388628
12:21:54,1456,9.015036515388628
12:21:55,1456,9.015036515388628
12:21:56,1456,9.015036515388628
12:21:57,1456,9.015036515388628
12:21:58,1456,9.016783945790984
12:21:59,1456,9.020559895833333
12:22:00,1456,9.020559895833333
12:22:01,1456,9.020559895833333
12:22:02,1456,9.025969294821753
12:22:03,1456,9.027028081123245
12:22:04,1456,9.027028081123245
12:22:05,1456,9.027028081123245
12:22:06,1456,9.023967264224474
12:22:07,1456,9.026960020768431
12:22:08,1456,9.026960020768431
12:22:09,1457,9.026960020768431
12:22:10,1458,9.026960020768431
12:22:11,1458,9.028210116731517
12:22:12,1459,9.028210116731517
12:22:13,1460,9.028210116731517
12:22:14,1460,9.032012432012433
12:22:15,1461,9.032012432012433
12:22:16,1462,9.032012432012433
12:22:17,1462,9.032012432012433
12:22:18,1462,9.032492236024844
12:22:19,1463,9.032492236024844
12:22:20,1463,9.032492236024844
12:22:21,1463,9.032492236024844
12:22:22,1463,9.032492236024844
12:22:23,1463,9.032492236024844
12:22:24,1463,9.032492236024844
12:22:25,1464,9.032492236024844
12:22:26,1464,9.032492236024844
12:22:27,1464,9.032492236024844
12:22:28,1465,9.032492236024844
12:22:29,1465,9.032492236024844
12:22:30,1465,9.032492236024844
12:22:31,1466,9.033372123092837
12:22:32,1466,9.033372123092837
12:22:33,1466,9.034328165374678
12:22:34,1466,9.034328165374678
12:22:35,1467,9.034328165374678
12:22:36,1467,9.034353214562355
12:22:37,1467,9.034353214562355
12:22:38,1468,9.034146026831786
12:22:39,1468,9.034146026831786
12:22:40,1468,9.034146026831786
12:22:41,1468,9.034146026831786
12:22:42,1468,9.034146026831786
12:22:43,1468,9.034146026831786
12:22:44,1468,9.034146026831786
12:22:45,1468,9.034146026831786
12:22:46,1468,9.034146026831786
12:22:47,1468,9.035795308069089
12:22:48,1468,9.035795308069089
12:22:49,1468,9.035795308069089
12:22:50,1468,9.035795308069089
12:22:51,1468,9.035795308069089
12:22:52,1468,9.035795308069089
12:22:53,1468,9.03659196290572
12:22:54,1468,9.03659196290572
12:22:55,1469,9.036550836550838
12:22:56,1469,9.039853395061728
12:22:57,1469,9.039853395061728
12:22:58,1469,9.040434001027222
12:22:59,1469,9.040434001027222
12:23:00,1469,9.040434001027222
12:23:01,1470,9.042802155504233
12:23:02,1470,9.042802155504233
12:23:03,1470,9.042802155504233
12:23:04,1471,9.043769230769232
12:23:05,1471,9.047015116576993
12:23:06,1471,9.047015116576993
12:23:07,1472,9.047015116576993
12:23:08,1472,9.047015116576993
12:23:09,1472,9.047015116576993
12:23:10,1472,9.047015116576993
12:23:11,1473,9.047015116576993
12:23:12,1473,9.047015116576993
12:23:13,1474,9.047964669738864
12:23:14,1474,9.047964669738864
12:23:15,1474,9.047964669738864
12:23:16,1474,9.047964669738864
12:23:17,1474,9.047964669738864
12:23:18,1476,9.047964669738864
12:23:19,1476,9.047964669738864
12:23:20,1476,9.049373241238168
12:23:21,1476,9.049373241238168
12:23:22,1477,9.05338441890166
12:23:23,1477,9.05338441890166
12:23:24,1477,9.05338441890166
12:23:25,1477,9.05338441890166
12:23:26,1478,9.051237876467585
12:23:27,1479,9.051237876467585
12:23:28,1479,9.051237876467585
12:23:29,1479,9.051237876467585
12:23:30,1480,9.051237876467585
12:23:31,1480,9.051237876467585
12:23:32,1480,9.051237876467585
12:23:33,1481,9.051237876467585
12:23:34,1482,9.051237876467585
12:23:35,1483,9.052920173425147
12:23:36,1483,9.052920173425147
12:23:37,1483,9.052920173425147
12:23:38,1484,9.052920173425147
12:23:39,1484,9.052920173425147
12:23:40,1484,9.052920173425147
12:23:41,1486,9.052920173425147
12:23:42,1486,9.053274719673801
12:23:43,1486,9.053274719673801
12:23:44,1487,9.053274719673801
12:23:45,1487,9.053274719673801
12:23:46,1488,9.053274719673801
12:23:47,1488,9.053274719673801
12:23:48,1488,9.053274719673801
12:23:49,1489,9.053274719673801
12:23:50,1490,9.056773618538324
12:23:51,1490,9.056773618538324
12:23:52,1490,9.056773618538324
12:23:53,1491,9.058384223918575
12:23:54,1491,9.060500889905923
12:23:55,1491,9.060500889905923
12:23:56,1492,9.062233231707317
12:23:57,1492,9.06085300837776
12:23:58,1493,9.063495687468292
12:23:59,1493,9.063495687468292
12:24:00,1493,9.06466413181242
12:24:01,1493,9.06466413181242
12:24:02,1493,9.066071428571428
12:24:03,1494,9.065806125031637
12:24:04,1494,9.065806125031637
12:24:05,1494,9.065806125031637
12:24:06,1494,9.065806125031637
12:24:07,1494,9.065806125031637
12:24:08,1494,9.065806125031637
12:24:09,1494,9.065806125031637
12:24:10,1494,9.065806125031637
12:24:11,1494,9.06770359129995
12:24:12,1495,9.06770359129995
12:24:13,1495,9.06770359129995
12:24:14,1495,9.06770359129995
12:24:15,1495,9.06770359129995
12:24:16,1495,9.06585797321203
12:24:17,1495,9.067222222222222
12:24:18,1495,9.067222222222222
12:24:19,1496,9.067222222222222
12:24:20,1496,9.067222222222222
12:24:21,1496,9.067222222222222
12:24:22,1497,9.067222222222222
12:24:23,1497,9.067222222222222
12:24:24,1497,9.067222222222222
12:24:25,1497,9.067222222222222
12:24:26,1498,9.067222222222222
12:24:27,1498,9.067222222222222
12:24:28,1498,9.067222222222222
12:24:29,1499,9.067222222222222
12:24:30,1499,9.0648120111027
12:24:31,1499,9.0648120111027
12:24:32,1500,9.0648120111027
12:24:33,1500,9.063703983862835
12:24:34,1501,9.063932980599647
12:24:35,1501,9.063932980599647
12:24:36,1501,9.063932980599647
12:24:37,1502,9.063932980599647
12:24:38,1502,9.063607754279959
12:24:39,1503,9.063607754279959
12:24:40,1504,9.063607754279959
12:24:41,1504,9.065333333333333
12:24:42,1504,9.065333333333333
12:24:43,1504,9.065333333333333
12:24:44,1504,9.068979386626445
12:24:45,1505,9.068979386626445
12:24:46,1506,9.075715361445784
12:24:47,1506,9.075715361445784
12:24:48,1506,9.075715361445784
12:24:49,1506,9.075715361445784
12:24:50,1506,9.075715361445784
12:24:51,1506,9.075715361445784
12:24:52,1507,9.077589666415852
12:24:53,1507,9.077589666415852
12:24:54,1508,9.077589666415852
12:24:55,1508,9.077589666415852
12:24:56,1508,9.077589666415852
12:24:57,1508,9.077589666415852
12:24:58,1508,9.080388471177944
12:24:59,1508,9.080388471177944
12:25:00,1508,9.080388471177944
12:25:01,1508,9.081580265464563
12:25:02,1508,9.081580265464563
12:25:03,1508,9.083658658658658
12:25:04,1509,9.083658658658658
12:25:05,1509,9.083658658658658
12:25:06,1509,9.0828832208052
12:25:07,1509,9.0828832208052
12:25:08,1509,9.082808595702149
12:25:09,1509,9.082808595702149
12:25:10,1510,9.082808595702149
12:25:11,1510,9.082808595702149
12:25:12,1510,9.082808595702149
12:25:13,1510,9.082808595702149
12:25:14,1510,9.082808595702149
12:25:15,1510,9.082808595702149
12:25:16,1510,9.082808595702149
12:25:17,1510,9.082808595702149
12:25:18,1510,9.082808595702149
12:25:19,1510,9.082808595702149
12:25:20,1510,9.081385767790263
12:25:21,1510,9.081385767790263
12:25:22,1510,9.081385767790263
12:25:23,1510,9.078920468711043
12:25:24,1510,9.078920468711043
12:25:25,1510,9.078920468711043
12:25:26,1511,9.07903587443946
12:25:27,1511,9.07903587443946
12:25:28,1512,9.07903587443946
12:25:29,1513,9.07903587443946
12:25:30,1513,9.07903587443946
12:25:31,1513,9.082723425441873
12:25:32,1513,9.082723425441873
12:25:33,1513,9.084577114427862
12:25:34,1513,9.084577114427862
12:25:35,1514,9.087546607009694
12:25:36,1514,9.087546607009694
12:25:37,1514,9.087546607009694
12:25:38,1515,9.087853949329359
12:25:39,1516,9.087853949329359
12:25:40,1516,9.087853949329359
12:25:41,1516,9.087853949329359
12:25:42,1516,9.08807396376272
12:25:43,1518,9.08807396376272
12:25:44,1519,9.08807396376272
12:25:45,1519,9.08807396376272
12:25:46,1519,9.08807396376272
12:25:47,1521,9.08807396376272
12:25:48,1522,9.08807396376272
12:25:49,1522,9.091183035714286
12:25:50,1522,9.091183035714286
12:25:51,1522,9.092366790582405
12:25:52,1523,9.093003962357603
12:25:53,1524,9.093003962357603
12:25:54,1525,9.093003962357603
12:25:55,1525,9.093003962357603
12:25:56,1525,9.091252165305617
12:25:57,1525,9.091252165305617
12:25:58,1528,9.091252165305617
12:25:59,1528,9.091252165305617
12:26:00,1529,9.091252165305617
12:26:01,1529,9.091252165305617
12:26:02,1531,9.091252165305617
12:26:03,1531,9.091252165305617
12:26:04,1531,9.091252165305617
12:26:05,1531,9.091252165305617
12:26:06,1531,9.091252165305617
12:26:07,1531,9.091252165305617
12:26:08,1531,9.091252165305617
12:26:09,1531,9.091252165305617
12:26:10,1531,9.091252165305617
12:26:11,1531,9.088328387734917
12:26:12,1531,9.089609587348654
12:26:13,1531,9.089609587348654
12:26:14,1532,9.089609587348654
12:26:15,1532,9.089609587348654
12:26:16,1532,9.089609587348654
12:26:17,1533,9.089609587348654
12:26:18,1533,9.089609587348654
12:26:19,1533,9.089609587348654
12:26:20,1534,9.089609587348654
12:26:21,1534,9.093222222222222
12:26:22,1534,9.093222222222222
12:26:23,1534,9.093222222222222
12:26:24,1535,9.093222222222222
12:26:25,1535,9.097250986193295
12:26:26,1535,9.097250986193295
12:26:27,1536,9.097250986193295
12:26:28,1536,9.097487065779749
12:26:29,1536,9.097487065779749
12:26:30,1537,9.097487065779749
12:26:31,1537,9.098030526834071
12:26:32,1537,9.098030526834071
12:26:33,1537,9.098030526834071
12:26:34,1538,9.098425584255843
12:26:35,1538,9.098425584255843
12:26:36,1538,9.098425584255843
12:26:37,1538,9.098425584255843
12:26:38,1539,9.098425584255843
12:26:39,1540,9.098425584255843
12:26:40,1540,9.10072517207473
12:26:41,1540,9.101584377302874
12:26:42,1540,9.101584377302874
12:26:43,1541,9.101584377302874
12:26:44,1541,9.101584377302874
12:26:45,1541,9.101584377302874
12:26:46,1541,9.098220422189494
12:26:47,1542,9.099116997792494
12:26:48,1542,9.099116997792494
12:26:49,1542,9.099116997792494
12:26:50,1542,9.099116997792494
12:26:51,1543,9.099116997792494
12:26:52,1543,9.103012490815578
12:26:53,1543,9.103012490815578
12:26:54,1543,9.103012490815578
12:26:55,1544,9.103012490815578
12:26:56,1545,9.103012490815578
12:26:57,1545,9.103012490815578
12:26:58,1545,9.103012490815578
12:26:59,1545,9.104136074400392
12:27:00,1545,9.104136074400392
12:27:01,1546,9.10464661286378
12:27:02,1546,9.10464661286378
12:27:03,1546,9.105474095796676
12:27:04,1546,9.105474095796676
12:27:05,1546,9.105474095796676
12:27:06,1547,9.105474095796676
12:27:07,1547,9.105474095796676
12:27:08,1548,9.105474095796676
12:27:09,1548,9.105474095796676
12:27:10,1548,9.10907203907204
12:27:11,1548,9.10907203907204
12:27:12,1548,9.10907203907204
12:27:13,1548,9.109895070766227
12:27:14,1548,9.113301633747865
12:27:15,1549,9.113301633747865
12:27:16,1549,9.113301633747865
12:27:17,1549,9.113301633747865
12:27:18,1549,9.113301633747865
12:27:19,1549,9.113301633747865
12:27:20,1549,9.113301633747865
12:27:21,1549,9.111516922327732
12:27:22,1549,9.111516922327732
12:27:23,1549,9.111516922327732
12:27:24,1549,9.111516922327732
12:27:25,1550,9.111516922327732
12:27:26,1550,9.111516922327732
12:27:27,1550,9.111516922327732
12:27:28,1551,9.111516922327732
12:27:29,1551,9.111516922327732
12:27:30,1552,9.111516922327732
12:27:31,1552,9.11265206812652
12:27:32,1552,9.114806710430344
12:27:33,1553,9.114806710430344
12:27:34,1554,9.114806710430344
12:27:35,1554,9.115949951409135
12:27:36,1555,9.117212915756252
12:27:37,1555,9.117212915756252
12:27:38,1555,9.117794759825328
12:27:39,1555,9.117794759825328
12:27:40,1555,9.117794759825328
12:27:41,1555,9.121090909090908
12:27:42,1555,9.121090909090908
12:27:43,1556,9.121090909090908
12:27:44,1556,9.121090909090908
12:27:45,1556,9.121090909090908
12:27:46,1556,9.121090909090908
12:27:47,1556,9.121090909090908
12:27:48,1556,9.122080910852713
12:27:49,1557,9.122080910852713
12:27:50,1557,9.122080910852713
12:27:51,1557,9.120503510045994
12:27:52,1557,9.120503510045994
12:27:53,1557,9.120742622157715
12:27:54,1557,9.120742622157715
12:27:55,1557,9.121376811594201
12:27:56,1557,9.121376811594201
12:27:57,1557,9.121376811594201
12:27:58,1558,9.121376811594201
12:27:59,1558,9.121376811594201
12:28:00,1558,9.125187062515087
12:28:01,1559,9.125187062515087
12:28:02,1560,9.127653159671974
12:28:03,1560,9.127653159671974
12:28:04,1560,9.127653159671974
12:28:05,1561,9.127653159671974
12:28:06,1561,9.127653159671974
12:28:07,1561,9.127653159671974
12:28:08,1561,9.127645215714631
12:28:09,1562,9.127645215714631
12:28:10,1563,9.127645215714631
12:28:11,1563,9.127645215714631
12:28:12,1563,9.127360308285164
12:28:13,1564,9.127360308285164
12:28:14,1565,9.127360308285164
12:28:15,1565,9.127360308285164
12:28:16,1565,9.127360308285164
12:28:17,1567,9.127360308285164
12:28:18,1567,9.127360308285164
12:28:19,1568,9.127360308285164
12:28:20,1568,9.127360308285164
12:28:21,1568,9.127360308285164
12:28:22,1569,9.127360308285164
12:28:23,1569,9.128796630565583
12:28:24,1569,9.128796630565583
12:28:25,1569,9.13083213083213
12:28:26,1570,9.13083213083213
12:28:27,1570,9.130449411199232
12:28:28,1570,9.130849532037438
12:28:29,1570,9.130849532037438
12:28:30,1571,9.13185851318945
12:28:31,1571,9.13185851318945
12:28:32,1571,9.13185851318945
12:28:33,1571,9.13185851318945
12:28:34,1572,9.13185851318945
12:28:35,1572,9.13393242271747
12:28:36,1572,9.13393242271747
12:28:37,1572,9.13393242271747
12:28:38,1572,9.13393242271747
12:28:39,1572,9.13393242271747
12:28:40,1572,9.13393242271747
12:28:41,1572,9.135356800766283
12:28:42,1572,9.135356800766283
12:28:43,1572,9.136934673366834
12:28:44,1573,9.136934673366834
12:28:45,1574,9.136934673366834
12:28:46,1574,9.138593974175036
12:28:47,1575,9.138593974175036
12:28:48,1575,9.138593974175036
12:28:49,1575,9.140191158900837
12:28:50,1575,9.140191158900837
12:28:51,1575,9.140191158900837
12:28:52,1575,9.140191158900837
12:28:53,1575,9.143385864374403
12:28:54,1576,9.143385864374403
12:28:55,1576,9.143385864374403
12:28:56,1576,9.143772369362921
12:28:57,1576,9.143772369362921
12:28:58,1576,9.143772369362921
12:28:59,1576,9.143772369362921
12:29:00,1576,9.143772369362921
12:29:01,1576,9.14365760610396
12:29:02,1577,9.14365760610396
12:29:03,1577,9.14365760610396
12:29:04,1577,9.14365760610396
12:29:05,1577,9.14365760610396
12:29:06,1577,9.14365760610396
12:29:07,1577,9.14365760610396
12:29:08,1577,9.14365760610396
12:29:09,1577,9.14365760610396
12:29:10,1577,9.14365760610396
12:29:11,1577,9.14365760610396
12:29:12,1577,9.14365760610396
12:29:13,1577,9.14365760610396
12:29:14,1577,9.140445556349773
12:29:15,1577,9.140583333333332
12:29:16,1577,9.143052581489412
12:29:17,1578,9.143009985734665
12:29:18,1578,9.143009985734665
12:29:19,1578,9.143009985734665
12:29:20,1579,9.147137087194107
12:29:21,1581,9.147137087194107
12:29:22,1581,9.147137087194107
12:29:23,1581,9.147137087194107
12:29:24,1581,9.14928774928775
12:29:25,1583,9.14928774928775
12:29:26,1584,9.14928774928775
12:29:27,1584,9.14928774928775
12:29:28,1584,9.14928774928775
12:29:29,1584,9.14928774928775
12:29:30,1585,9.14928774928775
12:29:31,1585,9.151601423487543
12:29:32,1585,9.151601423487543
12:29:33,1586,9.15065196775723
12:29:34,1587,9.150414593698176
12:29:35,1587,9.150875946969698
12:29:36,1587,9.150875946969698
12:29:37,1587,9.152460373787557
12:29:38,1589,9.152460373787557
12:29:39,1589,9.152460373787557
12:29:40,1589,9.152460373787557
12:29:41,1589,9.152460373787557
12:29:42,1590,9.152460373787557
12:29:43,1591,9.155614657210402
12:29:44,1592,9.155614657210402
12:29:45,1592,9.155614657210402
12:29:46,1592,9.155614657210402
12:29:47,1593,9.155614657210402
12:29:48,1593,9.154523978266006
12:29:49,1593,9.154523978266006
12:29:50,1593,9.154662417374881
12:29:51,1594,9.154662417374881
12:29:52,1594,9.154662417374881
12:29:53,1594,9.157543611504007
12:29:54,1594,9.157543611504007
12:29:55,1594,9.157543611504007
12:29:56,1594,9.157543611504007
12:29:57,1594,9.157543611504007
12:29:58,1594,9.157543611504007
12:29:59,1595,9.157543611504007
12:30:00,1595,9.157543611504007
12:30:01,1595,9.157543611504007
12:30:02,1595,9.157543611504007
12:30:03,1595,9.157543611504007
12:30:04,1595,9.157543611504007
12:30:05,1595,9.157543611504007
12:30:06,1595,9.157543611504007
12:30:07,1595,9.157543611504007
12:30:08,1595,9.157543611504007
12:30:09,1595,9.15581450094162
12:30:10,1595,9.15581450094162
12:30:11,1595,9.15581450094162
12:30:12,1596,9.156069160197601
12:30:13,1596,9.156069160197601
12:30:14,1596,9.156069160197601
12:30:15,1596,9.160002350728725
12:30:16,1597,9.162802443035
12:30:17,1598,9.162802443035
12:30:18,1598,9.162802443035
12:30:19,1598,9.162802443035
12:30:20,1599,9.162802443035
12:30:21,1600,9.165551643192488
12:30:22,1601,9.165551643192488
12:30:23,1601,9.165551643192488
12:30:24,1602,9.16388693408398
12:30:25,1602,9.163877168307549
12:30:26,1602,9.163877168307549
12:30:27,1602,9.163877168307549
12:30:28,1602,9.163877168307549
12:30:29,1602,9.163877168307549
12:30:30,1602,9.163877168307549
12:30:31,1602,9.163877168307549
12:30:32,1602,9.163877168307549
12:30:33,1602,9.163877168307549
12:30:34,1602,9.16637385804638
12:30:35,1602,9.170060861423222
12:30:36,1603,9.170060861423222
12:30:37,1603,9.170060861423222
12:30:38,1603,9.171602339181286
12:30:39,1603,9.171602339181286
12:30:40,1603,9.168501636278636
12:30:41,1604,9.168501636278636
12:30:42,1605,9.168815697266995
12:30:43,1605,9.168815697266995
12:30:44,1605,9.168815697266995
12:30:45,1605,9.168815697266995
12:30:46,1606,9.168815697266995
12:30:47,1606,9.168815697266995
12:30:48,1606,9.170518207282914
12:30:49,1606,9.173501282948449
12:30:50,1606,9.173501282948449
12:30:51,1607,9.173501282948449
12:30:52,1607,9.173501282948449
12:30:53,1607,9.173501282948449
12:30:54,1607,9.173501282948449
12:30:55,1608,9.173501282948449
12:30:56,1608,9.173501282948449
12:30:57,1608,9.173501282948449
12:30:58,1608,9.173501282948449
12:30:59,1608,9.173501282948449
12:31:00,1608,9.170277195434428
12:31:01,1609,9.170277195434428
12:31:02,1609,9.170277195434428
12:31:03,1609,9.170277195434428
12:31:04,1609,9.174045623836127
12:31:05,1609,9.174045623836127
12:31:06,1610,9.174045623836127
12:31:07,1611,9.174045623836127
12:31:08,1611,9.174045623836127
12:31:09,1612,9.174045623836127
12:31:10,1612,9.174045623836127
12:31:11,1613,9.174045623836127
12:31:12,1613,9.174045623836127
12:31:13,1613,9.17470341939986
12:31:14,1613,9.175546257554625
12:31:15,1613,9.175546257554625
12:31:16,1614,9.175546257554625
12:31:17,1614,9.175546257554625
12:31:18,1614,9.175546257554625
12:31:19,1616,9.175546257554625
12:31:20,1616,9.175546257554625
12:31:21,1616,9.175546257554625
12:31:22,1617,9.175546257554625
12:31:23,1617,9.17801393728223
12:31:24,1619,9.17801393728223
12:31:25,1619,9.18155756731662
12:31:26,1620,9.18155756731662
12:31:27,1620,9.18155756731662
12:31:28,1621,9.18155756731662
12:31:29,1622,9.1824402690791
12:31:30,1622,9.183240611961057
12:31:31,1623,9.183240611961057
12:31:32,1624,9.183240611961057
12:31:33,1624,9.182742645355571
12:31:34,1624,9.182742645355571
12:31:35,1626,9.182742645355571
12:31:36,1626,9.182742645355571
12:31:37,1626,9.182742645355571
12:31:38,1626,9.182742645355571
12:31:39,1626,9.182742645355571
12:31:40,1626,9.186006944444445
12:31:41,1626,9.186006944444445
12:31:42,1627,9.186006944444445
12:31:43,1627,9.186006944444445
12:31:44,1627,9.18438584316447
12:31:45,1627,9.18438584316447
12:31:46,1628,9.18438584316447
12:31:47,1628,9.18438584316447
12:31:48,1628,9.18438584316447
12:31:49,1629,9.185205732778547
12:31:50,1629,9.185205732778547
12:31:51,1629,9.185366135366136
12:31:52,1629,9.185366135366136
12:31:53,1629,9.185366135366136
12:31:54,1630,9.184856879039705
12:31:55,1630,9.184856879039705
12:31:56,1631,9.184856879039705
12:31:57,1633,9.187081891580162
12:31:58,1634,9.187081891580162
12:31:59,1634,9.19122867680959
12:32:00,1634,9.19122867680959
12:32:01,1635,9.19122867680959
12:32:02,1635,9.19122867680959
12:32:03,1635,9.189196037779313
12:32:04,1636,9.189196037779313
12:32:05,1637,9.189196037779313
12:32:06,1637,9.185622268230963
12:32:07,1637,9.185622268230963
12:32:08,1639,9.185622268230963
12:32:09,1639,9.18519540229885
12:32:10,1639,9.18519540229885
12:32:11,1640,9.18519540229885
12:32:12,1640,9.18519540229885
12:32:13,1641,9.18519540229885
12:32:14,1641,9.18519540229885
12:32:15,1641,9.187755570870666
12:32:16,1641,9.187755570870666
12:32:17,1642,9.192842395044734
12:32:18,1642,9.192842395044734
12:32:19,1643,9.192842395044734
12:32:20,1643,9.192842395044734
12:32:21,1643,9.192842395044734
12:32:22,1643,9.192842395044734
12:32:23,1644,9.189599083619703
12:32:24,1644,9.189599083619703
12:32:25,1646,9.189599083619703
12:32:26,1646,9.189599083619703
12:32:27,1646,9.191746794871795
12:32:28,1648,9.191746794871795
12:32:29,1648,9.191746794871795
12:32:30,1649,9.191746794871795
12:32:31,1651,9.191746794871795
12:32:32,1651,9.195984900480438
12:32:33,1652,9.195984900480438
12:32:34,1653,9.195984900480438
12:32:35,1654,9.199531321444901
12:32:36,1654,9.199531321444901
12:32:37,1656,9.199531321444901
12:32:38,1657,9.198686314827508
12:32:39,1657,9.198686314827508
12:32:40,1657,9.197979452054794
12:32:41,1658,9.197979452054794
12:32:42,1659,9.197979452054794
12:32:43,1659,9.197855350216747
12:32:44,1659,9.197855350216747
12:32:45,1659,9.197855350216747
12:32:46,1659,9.197855350216747
12:32:47,1660,9.197855350216747
12:32:48,1660,9.197855350216747
12:32:49,1660,9.197855350216747
12:32:50,1660,9.197855350216747
12:32:51,1660,9.197855350216747
12:32:52,1660,9.197855350216747
12:32:53,1660,9.197855350216747
12:32:54,1660,9.197856817145462
12:32:55,1660,9.197856817145462
12:32:56,1660,9.197856817145462
12:32:57,1660,9.20101389838232
12:32:58,1660,9.199829234972677
12:32:59,1660,9.198486916951081
12:33:00,1660,9.198486916951081
12:33:01,1660,9.198486916951081
12:33:02,1660,9.198486916951081
12:33:03,1660,9.198486916951081
12:33:04,1660,9.20006821282401
12:33:05,1660,9.20006821282401
12:33:06,1660,9.20006821282401
12:33:07,1660,9.20006821282401
12:33:08,1660,9.20006821282401
12:33:09,1660,9.20006821282401
12:33:10,1660,9.202476709838672
12:33:11,1660,9.202476709838672
12:33:12,1660,9.202476709838672
12:33:13,1660,9.203667120799274
12:33:14,1660,9.203667120799274
12:33:15,1660,9.203667120799274
12:33:16,1660,9.203667120799274
12:33:17,1660,9.206013160880417
12:33:18,1660,9.206013160880417
12:33:19,1660,9.206013160880417
12:33:20,1660,9.206013160880417
12:33:21,1660,9.206013160880417
12:33:22,1660,9.206013160880417
12:33:23,1660,9.206013160880417
12:33:24,1660,9.209160997732425
12:33:25,1660,9.209160997732425
12:33:26,1660,9.209160997732425
12:33:27,1660,9.209160997732425
12:33:28,1660,9.209160997732425
12:33:29,1660,9.209160997732425
12:33:30,1660,9.209160997732425
12:33:31,1660,9.208996147745298
12:33:32,1661,9.208996147745298
12:33:33,1662,9.207694048427246
12:33:34,1662,9.207694048427246
12:33:35,1662,9.207694048427246
12:33:36,1662,9.211058344640435
12:33:37,1662,9.211058344640435
12:33:38,1662,9.211058344640435
12:33:39,1662,9.211058344640435
12:33:40,1662,9.211058344640435
12:33:41,1662,9.211058344640435
12:33:42,1662,9.211058344640435
12:33:43,1662,9.211058344640435
12:33:44,1662,9.211058344640435
12:33:45,1663,9.211058344640435
12:33:46,1663,9.211058344640435
12:33:47,1663,9.216068202348689
12:33:48,1663,9.216068202348689
12:33:49,1664,9.21434213495825
12:33:50,1664,9.21434213495825
12:33:51,1665,9.21434213495825
12:33:52,1665,9.21434213495825
12:33:53,1665,9.215381145692378
12:33:54,1665,9.215381145692378
12:33:55,1666,9.215381145692378
12:33:56,1666,9.215381145692378
12:33:57,1667,9.215381145692378
12:33:58,1667,9.215381145692378
12:33:59,1667,9.215381145692378
12:34:00,1667,9.217117421681316
12:34:01,1667,9.217117421681316
12:34:02,1667,9.217117421681316
12:34:03,1667,9.217117421681316
12:34:04,1667,9.217117421681316
12:34:05,1667,9.217184684684685
12:34:06,1667,9.217184684684685
12:34:07,1668,9.220324105334234
12:34:08,1668,9.218252361673414
12:34:09,1668,9.220791189031242
12:34:10,1668,9.220791189031242
12:34:11,1668,9.220791189031242
12:34:12,1668,9.220791189031242
12:34:13,1668,9.220791189031242
12:34:14,1668,9.217812219227314
12:34:15,1668,9.217812219227314
12:34:16,1669,9.221478241363839
12:34:17,1670,9.221478241363839
12:34:18,1670,9.221478241363839
12:34:19,1670,9.221478241363839
12:34:20,1670,9.221478241363839
12:34:21,1671,9.221478241363839
12:34:22,1671,9.221478241363839
12:34:23,1671,9.221478241363839
12:34:24,1672,9.221478241363839
12:34:25,1672,9.221478241363839
12:34:26,1672,9.221478241363839
12:34:27,1672,9.221478241363839
12:34:28,1672,9.221478241363839
12:34:29,1672,9.221478241363839
12:34:30,1672,9.221478241363839
12:34:31,1672,9.221478241363839
12:34:32,1672,9.221478241363839
12:34:33,1672,9.221478241363839
12:34:34,1672,9.222394082044385
12:34:35,1672,9.222394082044385
12:34:36,1672,9.222394082044385
12:34:37,1672,9.222394082044385
12:34:38,1672,9.223196684587814
12:34:39,1672,9.222173718379226
12:34:40,1673,9.222173718379226
12:34:41,1673,9.22096196868009
12:34:42,1673,9.222490498546838
12:34:43,1673,9.222490498546838
12:34:44,1673,9.222490498546838
12:34:45,1673,9.222490498546838
12:34:46,1673,9.222490498546838
12:34:47,1673,9.21888963360143
12:34:48,1673,9.21888963360143
12:34:49,1673,9.222973878097791
12:34:50,1673,9.222973878097791
12:34:51,1673,9.222973878097791
12:34:52,1673,9.222973878097791
12:34:53,1673,9.222973878097791
12:34:54,1673,9.222973878097791
12:34:55,1673,9.222973878097791
12:34:56,1674,9.22640562248996
12:34:57,1674,9.22640562248996
12:34:58,1674,9.228472686733557
12:34:59,1674,9.228472686733557
12:35:00,1674,9.228472686733557
12:35:01,1674,9.228472686733557
12:35:02,1674,9.228472686733557
12:35:03,1674,9.232442067736185
12:35:04,1675,9.232442067736185
12:35:05,1675,9.232442067736185
12:35:06,1675,9.233233132932531
12:35:07,1675,9.233233132932531
12:35:08,1675,9.233233132932531
12:35:09,1676,9.233233132932531
12:35:10,1676,9.233233132932531
12:35:11,1677,9.233233132932531
12:35:12,1677,9.233233132932531
12:35:13,1678,9.232988429016467
12:35:14,1678,9.232988429016467
12:35:15,1678,9.232988429016467
12:35:16,1678,9.230197909717589
12:35:17,1678,9.230197909717589
12:35:18,1678,9.230197909717589
12:35:19,1679,9.230197909717589
12:35:20,1679,9.230197909717589
12:35:21,1679,9.230197909717589
12:35:22,1679,9.232766666666667
12:35:23,1679,9.232766666666667
12:35:24,1679,9.233100155451922
12:35:25,1679,9.233100155451922
12:35:26,1679,9.234520639147803
12:35:27,1680,9.23438678199157
12:35:28,1681,9.23438678199157
12:35:29,1681,9.23438678199157
12:35:30,1681,9.23438678199157
12:35:31,1682,9.23438678199157
12:35:32,1682,9.23438678199157
12:35:33,1682,9.23438678199157
12:35:34,1684,9.23438678199157
12:35:35,1684,9.23438678199157
12:35:36,1684,9.23438678199157
12:35:37,1686,9.2328125
12:35:38,1686,9.2328125
12:35:39,1686,9.2328125
12:35:40,1686,9.23703211517165
12:35:41,1686,9.23703211517165
12:35:42,1686,9.23770473660912
12:35:43,1686,9.23770473660912
12:35:44,1686,9.23770473660912
12:35:45,1686,9.240013271400132
12:35:46,1686,9.243611847922192
12:35:47,1686,9.246399381488846
12:35:48,1686,9.246399381488846
12:35:49,1686,9.246399381488846
12:35:50,1686,9.246399381488846
12:35:51,1687,9.246399381488846
12:35:52,1687,9.246399381488846
12:35:53,1687,9.246399381488846
12:35:54,1687,9.246399381488846
12:35:55,1687,9.246399381488846
12:35:56,1687,9.242991169977925
12:35:57,1688,9.242991169977925
12:35:58,1688,9.242991169977925
12:35:59,1688,9.243172292080299
12:36:00,1688,9.243172292080299
12:36:01,1689,9.243172292080299
12:36:02,1689,9.243077601410935
12:36:03,1689,9.243077601410935
12:36:04,1689,9.243077601410935
12:36:05,1689,9.243077601410935
12:36:06,1690,9.240537563339943
12:36:07,1690,9.240537563339943
12:36:08,1690,9.240537563339943
12:36:09,1690,9.240537563339943
12:36:10,1691,9.240537563339943
12:36:11,1691,9.240537563339943
12:36:12,1691,9.242943637164245
12:36:13,1691,9.243597359735974
12:36:14,1692,9.243597359735974
12:36:15,1692,9.243597359735974
12:36:16,1693,9.244448109058927
12:36:17,1693,9.244448109058927
12:36:18,1694,9.244448109058927
12:36:19,1695,9.244448109058927
12:36:20,1695,9.244448109058927
12:36:21,1695,9.243704680290046
12:36:22,1695,9.243704680290046
12:36:23,1695,9.243704680290046
12:36:24,1695,9.243704680290046
12:36:25,1695,9.243704680290046
12:36:26,1695,9.247913921826965
12:36:27,1695,9.247913921826965
12:36:28,1695,9.247913921826965
12:36:29,1695,9.247913921826965
12:36:30,1695,9.247913921826965
12:36:31,1695,9.248716260697828
12:36:32,1696,9.248716260697828
12:36:33,1696,9.245526315789474
12:36:34,1696,9.245526315789474
12:36:35,1696,9.247205785667324
12:36:36,1696,9.249813841436707
12:36:37,1696,9.249813841436707
12:36:38,1696,9.25295469468155
12:36:39,1696,9.25295469468155
12:36:40,1696,9.2501312335958
12:36:41,1697,9.2501312335958
12:36:42,1697,9.2501312335958
12:36:43,1697,9.2501312335958
12:36:44,1697,9.2501312335958
12:36:45,1697,9.2501312335958
12:36:46,1697,9.254469945355192
12:36:47,1697,9.254469945355192
12:36:48,1697,9.254469945355192
12:36:49,1697,9.255504587155963
12:36:50,1697,9.255504587155963
12:36:51,1697,9.255504587155963
12:36:52,1697,9.255504587155963
12:36:53,1697,9.255504587155963
12:36:54,1697,9.255504587155963
12:36:55,1697,9.255504587155963
12:36:56,1697,9.255504587155963
12:36:57,1697,9.255504587155963
12:36:58,1697,9.255504587155963
12:36:59,1698,9.255504587155963
12:37:00,1698,9.255504587155963
12:37:01,1698,9.259342938223094
12:37:02,1699,9.259342938223094
12:37:03,1699,9.259342938223094
12:37:04,1699,9.259342938223094
12:37:05,1699,9.256260907504362
12:37:06,1699,9.25649662088511
12:37:07,1700,9.25649662088511
12:37:08,1700,9.25649662088511
12:37:09,1700,9.25649662088511
12:37:10,1702,9.25649662088511
12:37:11,1702,9.25649662088511
12:37:12,1702,9.25649662088511
12:37:13,1702,9.25649662088511
12:37:14,1703,9.255588235294118
12:37:15,1703,9.255588235294118
12:37:16,1703,9.255588235294118
12:37:17,1703,9.255588235294118
12:37:18,1706,9.256542564772479
12:37:19,1706,9.256542564772479
12:37:20,1706,9.256542564772479
12:37:21,1707,9.256542564772479
12:37:22,1707,9.257930809399479
12:37:23,1707,9.257930809399479
12:37:24,1707,9.260665362035224
12:37:25,1708,9.260665362035224
12:37:26,1708,9.259637114298132
12:37:27,1708,9.259637114298132
12:37:28,1709,9.262605863192183
12:37:29,1709,9.262605863192183
12:37:30,1709,9.262605863192183
12:37:31,1709,9.262605863192183
12:37:32,1710,9.262605863192183
12:37:33,1710,9.262605863192183
12:37:34,1710,9.262605863192183
12:37:35,1710,9.262605863192183
12:37:36,1710,9.266417100694444
12:37:37,1711,9.266417100694444
12:37:38,1711,9.266417100694444
12:37:39,1713,9.268043808284537
12:37:40,1713,9.268043808284537
12:37:41,1713,9.268118768964023
12:37:42,1714,9.268118768964023
12:37:43,1714,9.268118768964023
12:37:44,1714,9.268118768964023
12:37:45,1715,9.268052848169807
12:37:46,1715,9.268052848169807
12:37:47,1715,9.268052848169807
12:37:48,1715,9.268052848169807
12:37:49,1715,9.268052848169807
12:37:50,1716,9.268052848169807
12:37:51,1716,9.271720779220779
12:37:52,1716,9.271720779220779
12:37:53,1716,9.272366428725936
12:37:54,1716,9.272366428725936
12:37:55,1716,9.269044530912234
12:37:56,1716,9.269044530912234
12:37:57,1716,9.269044530912234
12:37:58,1716,9.269044530912234
12:37:59,1716,9.269044530912234
12:38:00,1716,9.269044530912234
12:38:01,1716,9.269044530912234
12:38:02,1716,9.269044530912234
12:38:03,1716,9.269044530912234
12:38:04,1716,9.266817887232664
12:38:05,1716,9.266817887232664
12:38:06,1717,9.266817887232664
12:38:07,1717,9.266817887232664
12:38:08,1717,9.266817887232664
12:38:09,1717,9.266817887232664
12:38:10,1717,9.266817887232664
12:38:11,1717,9.266817887232664
12:38:12,1717,9.266817887232664
12:38:13,1717,9.266817887232664
12:38:14,1717,9.269268134715025
12:38:15,1717,9.269268134715025
12:38:16,1717,9.272567421790722
12:38:17,1717,9.273997412677879
12:38:18,1717,9.273997412677879
12:38:19,1717,9.273997412677879
12:38:20,1717,9.270049558284853
12:38:21,1718,9.270049558284853
12:38:22,1718,9.270049558284853
12:38:23,1718,9.270049558284853
12:38:24,1718,9.270049558284853
12:38:25,1719,9.270049558284853
12:38:26,1719,9.273826442721791
12:38:27,1719,9.273826442721791
12:38:28,1719,9.273918657198191
12:38:29,1719,9.273918657198191
12:38:30,1719,9.273918657198191
12:38:31,1719,9.275537634408602
12:38:32,1719,9.279067268428971
12:38:33,1719,9.279067268428971
12:38:34,1719,9.278887457044673
12:38:35,1719,9.278887457044673
12:38:36,1720,9.278887457044673
12:38:37,1720,9.281626958574801
12:38:38,1720,9.281626958574801
12:38:39,1720,9.281626958574801
12:38:40,1721,9.281626958574801
12:38:41,1721,9.281626958574801
12:38:42,1721,9.281626958574801
12:38:43,1721,9.284534534534535
12:38:44,1721,9.284362272240086
12:38:45,1721,9.284972150814053
12:38:46,1721,9.284972150814053
12:38:47,1721,9.285420680796403
12:38:48,1721,9.285420680796403
12:38:49,1721,9.285420680796403
12:38:50,1721,9.285420680796403
12:38:51,1721,9.288746255883611
12:38:52,1721,9.288746255883611
12:38:53,1722,9.288746255883611
12:38:54,1723,9.288746255883611
12:38:55,1723,9.288746255883611
12:38:56,1724,9.291308531109685
12:38:57,1725,9.291308531109685
12:38:58,1726,9.291308531109685
12:38:59,1727,9.291308531109685
12:39:00,1728,9.291308531109685
12:39:01,1729,9.291308531109685
12:39:02,1729,9.291308531109685
12:39:03,1729,9.291308531109685
12:39:04,1730,9.29241452991453
12:39:05,1730,9.29387144992526
12:39:06,1731,9.29387144992526
12:39:07,1732,9.29387144992526
12:39:08,1732,9.292104139991464
12:39:09,1732,9.292104139991464
12:39:10,1733,9.292104139991464
12:39:11,1733,9.292104139991464
12:39:12,1733,9.292104139991464
12:39:13,1734,9.292104139991464
12:39:14,1734,9.29474301556835
12:39:15,1734,9.29474301556835
12:39:16,1736,9.29474301556835
12:39:17,1736,9.29873188405797
12:39:18,1736,9.29873188405797
12:39:19,1737,9.29873188405797
12:39:20,1738,9.29873188405797
12:39:21,1738,9.29873188405797
12:39:22,1738,9.29873188405797
12:39:23,1738,9.29873188405797
12:39:24,1739,9.29873188405797
12:39:25,1739,9.29873188405797
12:39:26,1739,9.29873188405797
12:39:27,1739,9.29873188405797
12:39:28,1740,9.29873188405797
12:39:29,1740,9.29873188405797
12:39:30,1740,9.29873188405797
12:39:31,1740,9.299041533546326
12:39:32,1741,9.299041533546326
12:39:33,1741,9.299041533546326
12:39:34,1741,9.300276713495103
12:39:35,1741,9.300808338651352
12:39:36,1742,9.300808338651352
12:39:37,1742,9.304025918844275
12:39:38,1742,9.304025918844275
12:39:39,1743,9.310396774877997
12:39:40,1743,9.310396774877997
12:39:41,1743,9.313305767599662
12:39:42,1744,9.313305767599662
12:39:43,1744,9.313305767599662
12:39:44,1744,9.313305767599662
12:39:45,1744,9.313305767599662
12:39:46,1744,9.313305767599662
12:39:47,1744,9.313305767599662
12:39:48,1744,9.315448188175461
12:39:49,1744,9.315448188175461
12:39:50,1744,9.315448188175461
12:39:51,1744,9.315448188175461
12:39:52,1744,9.315448188175461
12:39:53,1744,9.315628970775096
12:39:54,1744,9.315628970775096
12:39:55,1744,9.315628970775096
12:39:56,1744,9.317269841269841
12:39:57,1744,9.317269841269841
12:39:58,1744,9.317269841269841
12:39:59,1744,9.315260152284264
12:40:00,1744,9.315260152284264
12:40:01,1744,9.315260152284264
12:40:02,1745,9.315260152284264
12:40:03,1745,9.315260152284264
12:40:04,1745,9.315260152284264
12:40:05,1746,9.315260152284264
12:40:06,1746,9.315260152284264
12:40:07,1746,9.315260152284264
12:40:08,1747,9.31698372437117
12:40:09,1747,9.317120828052387
12:40:10,1747,9.317120828052387
12:40:11,1747,9.320455984800507
12:40:12,1747,9.320455984800507
12:40:13,1747,9.320147679324894
12:40:14,1747,9.320147679324894
12:40:15,1747,9.32325532363483
12:40:16,1748,9.32325532363483
12:40:17,1748,9.326717235566793
12:40:18,1749,9.326717235566793
12:40:19,1749,9.326717235566793
12:40:20,1750,9.326717235566793
12:40:21,1750,9.326717235566793
12:40:22,1751,9.326717235566793
12:40:23,1751,9.326717235566793
12:40:24,1751,9.326717235566793
12:40:25,1751,9.326717235566793
12:40:26,1751,9.326717235566793
12:40:27,1752,9.328574436723521
12:40:28,1752,9.328574436723521
12:40:29,1752,9.32885101010101
12:40:30,1753,9.328002103049421
12:40:31,1753,9.328002103049421
12:40:32,1753,9.328002103049421
12:40:33,1753,9.328002103049421
12:40:34,1753,9.328002103049421
12:40:35,1754,9.328002103049421
12:40:36,1754,9.328002103049421
12:40:37,1754,9.33092686002522
12:40:38,1754,9.33092686002522
12:40:39,1755,9.33092686002522
12:40:40,1755,9.33092686002522
12:40:41,1755,9.33092686002522
12:40:42,1757,9.33092686002522
12:40:43,1757,9.330959882377652
12:40:44,1757,9.330959882377652
12:40:45,1757,9.330959882377652
12:40:46,1757,9.332169079085379
12:40:47,1757,9.332169079085379
12:40:48,1759,9.332169079085379
12:40:49,1759,9.336360779384034
12:40:50,1759,9.336360779384034
12:40:51,1760,9.336360779384034
12:40:52,1760,9.336360779384034
12:40:53,1760,9.336360779384034
12:40:54,1760,9.336360779384034
12:40:55,1760,9.336360779384034
12:40:56,1761,9.336360779384034
12:40:57,1761,9.336360779384034
12:40:58,1762,9.337793132328308
12:40:59,1762,9.337793132328308
12:41:00,1762,9.337793132328308
12:41:01,1762,9.337793132328308
12:41:02,1763,9.337793132328308
12:41:03,1763,9.337793132328308
12:41:04,1763,9.337793132328308
12:41:05,1763,9.337793132328308
12:41:06,1764,9.337793132328308
12:41:07,1764,9.337793132328308
12:41:08,1764,9.337793132328308
12:41:09,1765,9.337793132328308
12:41:10,1765,9.337793132328308
12:41:11,1765,9.337793132328308
12:41:12,1766,9.337793132328308
12:41:13,1766,9.337793132328308
12:41:14,1767,9.337793132328308
12:41:15,1768,9.337793132328308
12:41:16,1768,9.341577735928018
12:41:17,1769,9.341577735928018
12:41:18,1769,9.341577735928018
12:41:19,1769,9.341196152237558
12:41:20,1769,9.341097178683386
12:41:21,1770,9.341097178683386
12:41:22,1770,9.341097178683386
12:41:23,1770,9.341097178683386
12:41:24,1771,9.343995405179616
12:41:25,1771,9.343995405179616
12:41:26,1771,9.343995405179616
12:41:27,1771,9.343995405179616
12:41:28,1771,9.343995405179616
12:41:29,1772,9.346430807764559
12:41:30,1772,9.346430807764559
12:41:31,1772,9.349144764288694
12:41:32,1772,9.351928288513655
12:41:33,1772,9.351928288513655
12:41:34,1772,9.3525625
12:41:35,1772,9.353726837393294
12:41:36,1772,9.353726837393294
12:41:37,1772,9.353726837393294
12:41:38,1772,9.353726837393294
12:41:39,1772,9.353726837393294
12:41:40,1773,9.35395339159384
12:41:41,1773,9.35395339159384
12:41:42,1773,9.35395339159384
12:41:43,1774,9.35395339159384
12:41:44,1774,9.35395339159384
12:41:45,1774,9.35395339159384
12:41:46,1774,9.35395339159384
12:41:47,1775,9.35395339159384
12:41:48,1775,9.35395339159384
12:41:49,1775,9.355926388022457
12:41:50,1775,9.355926388022457
12:41:51,1775,9.355926388022457
12:41:52,1775,9.3552680798005
12:41:53,1775,9.3552680798005
12:41:54,1775,9.3552680798005
12:41:55,1775,9.3552680798005
12:41:56,1775,9.3552680798005
12:41:57,1775,9.3552680798005
12:41:58,1775,9.3552680798005
12:41:59,1775,9.3552680798005
12:42:00,1775,9.3552680798005
12:42:01,1775,9.3552680798005
12:42:02,1775,9.3552680798005
12:42:03,1775,9.356022845275183
12:42:04,1775,9.356022845275183
12:42:05,1775,9.359889995848901
12:42:06,1775,9.359889995848901
12:42:07,1776,9.359889995848901
12:42:08,1776,9.35997718315702
12:42:09,1777,9.35997718315702
12:42:10,1778,9.35997718315702
12:42:11,1778,9.35997718315702
12:42:12,1778,9.356208540630183
12:42:13,1779,9.356208540630183
12:42:14,1779,9.356208540630183
12:42:15,1779,9.356208540630183
12:42:16,1779,9.359073958980733
12:42:17,1779,9.359073958980733
12:42:18,1780,9.361666666666668
12:42:19,1780,9.361666666666668
12:42:20,1780,9.361666666666668
12:42:21,1780,9.365849368921994
12:42:22,1781,9.365849368921994
12:42:23,1781,9.365849368921994
12:42:24,1781,9.36527088502895
12:42:25,1781,9.36527088502895
12:42:26,1782,9.36527088502895
12:42:27,1782,9.364560099132591
12:42:28,1782,9.364560099132591
12:42:29,1782,9.364560099132591
12:42:30,1782,9.364560099132591
12:42:31,1782,9.362879256965945
12:42:32,1782,9.362879256965945
12:42:33,1782,9.362879256965945
12:42:34,1782,9.362879256965945
12:42:35,1782,9.362879256965945
12:42:36,1783,9.362879256965945
12:42:37,1784,9.362879256965945
12:42:38,1784,9.36368605610561
12:42:39,1784,9.36368605610561
12:42:40,1784,9.36368605610561
12:42:41,1786,9.369180057684384
12:42:42,1786,9.369180057684384
12:42:43,1786,9.369180057684384
12:42:44,1786,9.369180057684384
12:42:45,1787,9.369180057684384
12:42:46,1788,9.366924027177271
12:42:47,1788,9.366924027177271
12:42:48,1788,9.366924027177271
12:42:49,1789,9.366924027177271
12:42:50,1789,9.366924027177271
12:42:51,1789,9.366924027177271
12:42:52,1790,9.366924027177271
12:42:53,1790,9.367911522633744
12:42:54,1791,9.367911522633744
12:42:55,1791,9.367911522633744
12:42:56,1792,9.367911522633744
12:42:57,1792,9.367911522633744
12:42:58,1793,9.367911522633744
12:42:59,1793,9.367911522633744
12:43:00,1793,9.367911522633744
12:43:01,1793,9.367911522633744
12:43:02,1793,9.367911522633744
12:43:03,1794,9.367911522633744
12:43:04,1794,9.367911522633744
12:43:05,1794,9.367911522633744
12:43:06,1794,9.369471845458282
12:43:07,1794,9.369471845458282
12:43:08,1794,9.369471845458282
12:43:09,1794,9.371616348326144
12:43:10,1794,9.375882594417078
12:43:11,1794,9.375882594417078
12:43:12,1794,9.378075030750306
12:43:13,1796,9.378075030750306
12:43:14,1796,9.378075030750306
12:43:15,1796,9.378075030750306
12:43:16,1796,9.378075030750306
12:43:17,1796,9.378075030750306
12:43:18,1796,9.378075030750306
12:43:19,1796,9.378075030750306
12:43:20,1796,9.378075030750306
12:43:21,1796,9.378075030750306
12:43:22,1796,9.377330465068633
12:43:23,1796,9.377330465068633
12:43:24,1796,9.377330465068633
12:43:25,1796,9.377330465068633
12:43:26,1796,9.377330465068633
12:43:27,1796,9.377330465068633
12:43:28,1796,9.380794430794431
12:43:29,1796,9.380794430794431
12:43:30,1797,9.380794430794431
12:43:31,1797,9.380458358911397
12:43:32,1797,9.380458358911397
12:43:33,1798,9.380458358911397
12:43:34,1798,9.380458358911397
12:43:35,1798,9.378629856850717
12:43:36,1798,9.378629856850717
12:43:37,1798,9.378629856850717
12:43:38,1798,9.378629856850717
12:43:39,1798,9.378629856850717
12:43:40,1798,9.378629856850717
12:43:41,1799,9.378629856850717
12:43:42,1799,9.380073574494174
12:43:43,1800,9.380073574494174
12:43:44,1800,9.382056781045751
12:43:45,1801,9.382056781045751
12:43:46,1801,9.382056781045751
12:43:47,1803,9.383404776484998
12:43:48,1803,9.383404776484998
12:43:49,1803,9.383404776484998
12:43:50,1804,9.383404776484998
12:43:51,1805,9.383404776484998
12:43:52,1805,9.383404776484998
12:43:53,1805,9.383404776484998
12:43:54,1806,9.383404776484998
12:43:55,1807,9.383404776484998
12:43:56,1808,9.386485108119135
12:43:57,1808,9.385178389398572
12:43:58,1808,9.385178389398572
12:43:59,1808,9.39130523315007
12:44:00,1809,9.39130523315007
12:44:01,1809,9.393152218152217
12:44:02,1809,9.39619686800895
12:44:03,1809,9.39619686800895
12:44:04,1809,9.39619686800895
12:44:05,1809,9.39619686800895
12:44:06,1809,9.39619686800895
12:44:07,1809,9.39619686800895
12:44:08,1809,9.39619686800895
12:44:09,1809,9.39619686800895
12:44:10,1809,9.39619686800895
12:44:11,1809,9.39619686800895
12:44:12,1809,9.39619686800895
12:44:13,1809,9.39619686800895
12:44:14,1809,9.39619686800895
12:44:15,1809,9.39619686800895
12:44:16,1809,9.39619686800895
12:44:17,1810,9.39619686800895
12:44:18,1810,9.39619686800895
12:44:19,1810,9.3989837398374
12:44:20,1811,9.3989837398374
12:44:21,1811,9.3989837398374
12:44:22,1811,9.3989837398374
12:44:23,1812,9.3989837398374
12:44:24,1812,9.396546821044078
12:44:25,1812,9.396546821044078
12:44:26,1813,9.394671132764921
12:44:27,1813,9.394671132764921
12:44:28,1813,9.394671132764921
12:44:29,1813,9.394671132764921
12:44:30,1813,9.394671132764921
12:44:31,1813,9.394671132764921
12:44:32,1813,9.394671132764921
12:44:33,1813,9.396875634002841
12:44:34,1813,9.39949310624493
12:44:35,1813,9.39949310624493
12:44:36,1814,9.398399189463019
12:44:37,1814,9.398399189463019
12:44:38,1814,9.39918995544755
12:44:39,1814,9.39918995544755
12:44:40,1814,9.39918995544755
12:44:41,1814,9.39918995544755
12:44:42,1814,9.39918995544755
12:44:43,1815,9.39918995544755
12:44:44,1815,9.39918995544755
12:44:45,1815,9.39918995544755
12:44:46,1816,9.39918995544755
12:44:47,1816,9.40220603116778
12:44:48,1816,9.399908980582524
12:44:49,1817,9.399908980582524
12:44:50,1817,9.402787878787878
12:44:51,1819,9.402787878787878
12:44:52,1819,9.402787878787878
12:44:53,1819,9.410149313962874
12:44:54,1820,9.410149313962874
12:44:55,1820,9.412008469449486
12:44:56,1820,9.412008469449486
12:44:57,1821,9.412008469449486
12:44:58,1821,9.409955663039096
12:44:59,1821,9.409955663039096
12:45:00,1821,9.409955663039096
12:45:01,1821,9.409955663039096
12:45:02,1821,9.409955663039096
12:45:03,1821,9.409955663039096
12:45:04,1821,9.409955663039096
12:45:05,1821,9.411993957703926
12:45:06,1821,9.411993957703926
12:45:07,1821,9.411993957703926
12:45:08,1821,9.411993957703926
12:45:09,1821,9.410970209339775
12:45:10,1821,9.410970209339775
12:45:11,1821,9.410970209339775
12:45:12,1821,9.410970209339775
12:45:13,1821,9.410970209339775
12:45:14,1821,9.410970209339775
12:45:15,1821,9.410970209339775
12:45:16,1821,9.410970209339775
12:45:17,1821,9.410970209339775
12:45:18,1821,9.410970209339775
12:45:19,1821,9.410970209339775
12:45:20,1821,9.410970209339775
12:45:21,1821,9.410970209339775
12:45:22,1821,9.410970209339775
12:45:23,1821,9.414101790384228
12:45:24,1821,9.417008443908323
12:45:25,1821,9.417008443908323
12:45:26,1821,9.41908780389793
12:45:27,1821,9.420140562248996
12:45:28,1822,9.42228577162352
12:45:29,1822,9.420748094665063
12:45:30,1822,9.420748094665063
12:45:31,1822,9.420748094665063
12:45:32,1822,9.424634195229505
12:45:33,1822,9.424634195229505
12:45:34,1822,9.424634195229505
12:45:35,1823,9.424634195229505
12:45:36,1823,9.424634195229505
12:45:37,1823,9.424634195229505
12:45:38,1823,9.424634195229505
12:45:39,1823,9.422826522435896
12:45:40,1823,9.422826522435896
12:45:41,1823,9.422826522435896
12:45:42,1823,9.425745745745747
12:45:43,1823,9.425745745745747
12:45:44,1824,9.425745745745747
12:45:45,1825,9.426160464185674
12:45:46,1825,9.426160464185674
12:45:47,1825,9.423915216956608
12:45:48,1825,9.423915216956608
12:45:49,1825,9.422402078337331
12:45:50,1825,9.426323147593369
12:45:51,1825,9.426323147593369
12:45:52,1826,9.426323147593369
12:45:53,1826,9.426323147593369
12:45:54,1826,9.426323147593369
12:45:55,1827,9.426323147593369
12:45:56,1827,9.426323147593369
12:45:57,1827,9.426323147593369
12:45:58,1828,9.428562874251497
12:45:59,1828,9.428562874251497
12:46:00,1829,9.428562874251497
12:46:01,1830,9.428562874251497
12:46:02,1830,9.431617793736285
12:46:03,1831,9.431617793736285
12:46:04,1832,9.431617793736285
12:46:05,1832,9.433333333333334
12:46:06,1832,9.433333333333334
12:46:07,1833,9.433333333333334
12:46:08,1833,9.433333333333334
12:46:09,1834,9.433333333333334
12:46:10,1834,9.433333333333334
12:46:11,1835,9.433333333333334
12:46:12,1835,9.435981680605336
12:46:13,1835,9.435981680605336
12:46:14,1836,9.435981680605336
12:46:15,1836,9.437930348258707
12:46:16,1836,9.437930348258707
12:46:17,1836,9.44178599840891
12:46:18,1836,9.44178599840891
12:46:19,1836,9.44178599840891
12:46:20,1836,9.44178599840891
12:46:21,1836,9.44178599840891
12:46:22,1836,9.44178599840891
12:46:23,1836,9.44178599840891
12:46:24,1836,9.44178599840891
12:46:25,1836,9.44178599840891
12:46:26,1837,9.44178599840891
12:46:27,1837,9.44178599840891
12:46:28,1837,9.44178599840891
12:46:29,1837,9.44178599840891
12:46:30,1838,9.44178599840891
12:46:31,1838,9.440975949115485
12:46:32,1838,9.440975949115485
12:46:33,1839,9.44075288041319
12:46:34,1839,9.44075288041319
12:46:35,1839,9.44075288041319
12:46:36,1840,9.44075288041319
12:46:37,1840,9.44075288041319
12:46:38,1840,9.438594401429421
12:46:39,1841,9.438594401429421
12:46:40,1841,9.44203373015873
12:46:41,1841,9.439361491175886
12:46:42,1842,9.439361491175886
12:46:43,1842,9.439361491175886
12:46:44,1842,9.439361491175886
12:46:45,1842,9.439361491175886
12:46:46,1842,9.439361491175886
12:46:47,1842,9.442281014665081
12:46:48,1842,9.442281014665081
12:46:49,1842,9.442281014665081
12:46:50,1842,9.441037829273123
12:46:51,1842,9.444675376088677
12:46:52,1842,9.443926805143423
12:46:53,1842,9.443926805143423
12:46:54,1842,9.443926805143423
12:46:55,1842,9.443926805143423
12:46:56,1842,9.443926805143423
12:46:57,1842,9.443926805143423
12:46:58,1842,9.443926805143423
12:46:59,1842,9.443926805143423
12:47:00,1842,9.443926805143423
12:47:01,1843,9.44684657967576
12:47:02,1843,9.44684657967576
12:47:03,1843,9.44684657967576
12:47:04,1843,9.450750839754988
12:47:05,1843,9.450750839754988
12:47:06,1843,9.450750839754988
12:47:07,1843,9.451154529307281
12:47:08,1844,9.451154529307281
12:47:09,1844,9.451154529307281
12:47:10,1844,9.45448717948718
12:47:11,1844,9.45448717948718
12:47:12,1844,9.45448717948718
12:47:13,1844,9.45448717948718
12:47:14,1844,9.45448717948718
12:47:15,1844,9.45448717948718
12:47:16,1844,9.45448717948718
12:47:17,1844,9.45448717948718
12:47:18,1844,9.45448717948718
12:47:19,1845,9.45448717948718
12:47:20,1845,9.45448717948718
12:47:21,1845,9.45448717948718
12:47:22,1845,9.45756948551153
12:47:23,1845,9.45756948551153
12:47:24,1846,9.45756948551153
12:47:25,1846,9.45756948551153
12:47:26,1847,9.45756948551153
12:47:27,1847,9.457702915681638
12:47:28,1847,9.457702915681638
12:47:29,1847,9.455975585745225
12:47:30,1848,9.455975585745225
12:47:31,1848,9.458869223205507
12:47:32,1849,9.458869223205507
12:47:33,1849,9.457468553459119
12:47:34,1849,9.457468553459119
12:47:35,1850,9.457468553459119
12:47:36,1850,9.459182871734434
12:47:37,1850,9.459182871734434
12:47:38,1851,9.459182871734434
12:47:39,1851,9.459182871734434
12:47:40,1851,9.463231252453868
12:47:41,1851,9.463231252453868
12:47:42,1851,9.463231252453868
12:47:43,1851,9.46146752991956
12:47:44,1852,9.46146752991956
12:47:45,1852,9.46146752991956
12:47:46,1852,9.46146752991956
12:47:47,1853,9.46146752991956
12:47:48,1853,9.46146752991956
12:47:49,1853,9.46146752991956
12:47:50,1853,9.463960784313725
12:47:51,1853,9.463960784313725
12:47:52,1855,9.463960784313725
12:47:53,1855,9.467450519302371
12:47:54,1855,9.467450519302371
12:47:55,1855,9.467450519302371
12:47:56,1857,9.469829612220916
12:47:57,1857,9.469829612220916
12:47:58,1857,9.469829612220916
12:47:59,1858,9.469829612220916
12:48:00,1859,9.469829612220916
12:48:01,1859,9.469829612220916
12:48:02,1859,9.469829612220916
12:48:03,1859,9.469829612220916
12:48:04,1859,9.469829612220916
12:48:05,1859,9.469829612220916
12:48:06,1859,9.469829612220916
12:48:07,1859,9.469829612220916
12:48:08,1859,9.469829612220916
12:48:09,1859,9.469829612220916
12:48:10,1859,9.469829612220916
12:48:11,1860,9.469829612220916
12:48:12,1860,9.469829612220916
12:48:13,1860,9.469829612220916
12:48:14,1860,9.47348796241926
12:48:15,1860,9.47348796241926
12:48:16,1860,9.47348796241926
12:48:17,1860,9.47348796241926
12:48:18,1860,9.47348796241926
12:48:19,1860,9.471928794992175
12:48:20,1860,9.471928794992175
12:48:21,1860,9.471928794992175
12:48:22,1860,9.471928794992175
12:48:23,1860,9.469100684261974
12:48:24,1860,9.469100684261974
12:48:25,1860,9.469100684261974
12:48:26,1860,9.469100684261974
12:48:27,1860,9.469100684261974
12:48:28,1860,9.472108245408362
12:48:29,1860,9.472108245408362
12:48:30,1860,9.472108245408362
12:48:31,1860,9.473282591725216
12:48:32,1860,9.473282591725216
12:48:33,1860,9.471113711722255
12:48:34,1860,9.471113711722255
12:48:35,1860,9.47490253411306
12:48:36,1860,9.47490253411306
12:48:37,1860,9.47490253411306
12:48:38,1861,9.472881355932204
12:48:39,1861,9.472881355932204
12:48:40,1861,9.47742406542056
12:48:41,1861,9.47742406542056
12:48:42,1862,9.47742406542056
12:48:43,1862,9.479529091262892
12:48:44,1862,9.479529091262892
12:48:45,1863,9.481826137689614
12:48:46,1864,9.481826137689614
12:48:47,1864,9.480767735665696
12:48:48,1864,9.480767735665696
12:48:49,1864,9.480767735665696
12:48:50,1865,9.480767735665696
12:48:51,1865,9.479982517482517
12:48:52,1865,9.479982517482517
12:48:53,1866,9.479982517482517
12:48:54,1866,9.479982517482517
12:48:55,1866,9.479982517482517
12:48:56,1866,9.479982517482517
12:48:57,1866,9.479982517482517
12:48:58,1868,9.479982517482517
12:48:59,1868,9.482556785090274
12:49:00,1868,9.482556785090274
12:49:01,1868,9.482556785090274
12:49:02,1870,9.482556785090274
12:49:03,1870,9.484943733022895
12:49:04,1871,9.484943733022895
12:49:05,1872,9.484943733022895
12:49:06,1872,9.486852821407796
12:49:07,1872,9.486852821407796
12:49:08,1873,9.486852821407796
12:49:09,1873,9.486852821407796
12:49:10,1874,9.49108527131783
12:49:11,1875,9.49108527131783
12:49:12,1875,9.49108527131783
12:49:13,1875,9.49108527131783
12:49:14,1876,9.49108527131783
12:49:15,1876,9.49108527131783
12:49:16,1876,9.49108527131783
12:49:17,1877,9.49108527131783
12:49:18,1878,9.49108527131783
12:49:19,1878,9.492339724966106
12:49:20,1879,9.492339724966106
12:49:21,1881,9.4914343786295
12:49:22,1881,9.493925324047204
12:49:23,1882,9.493925324047204
12:49:24,1883,9.493925324047204
12:49:25,1883,9.492169373549883
12:49:26,1883,9.491632850241547
12:49:27,1883,9.491632850241547
12:49:28,1885,9.491632850241547
12:49:29,1885,9.48959057551178
12:49:30,1886,9.48959057551178
12:49:31,1888,9.48959057551178
12:49:32,1888,9.48959057551178
12:49:33,1888,9.48959057551178
12:49:34,1890,9.49255935147655
12:49:35,1890,9.49255935147655
12:49:36,1890,9.495235339506172
12:49:37,1891,9.495235339506172
12:49:38,1891,9.49747591522158
12:49:39,1891,9.49747591522158
12:49:40,1892,9.495705757750818
12:49:41,1892,9.495705757750818
12:49:42,1892,9.495705757750818
12:49:43,1893,9.4951597382602
12:49:44,1893,9.4951597382602
12:49:45,1894,9.4951597382602
12:49:46,1894,9.4951597382602
12:49:47,1895,9.4951597382602
12:49:48,1895,9.4951597382602
12:49:49,1896,9.49750913637238
12:49:50,1897,9.49750913637238
12:49:51,1897,9.49750913637238
12:49:52,1898,9.49750913637238
12:49:53,1899,9.49750913637238
12:49:54,1899,9.49750913637238
12:49:55,1899,9.499990388312188
12:49:56,1899,9.499990388312188
12:49:57,1900,9.499990388312188
12:49:58,1900,9.499990388312188
12:49:59,1900,9.499990388312188
12:50:00,1900,9.498107588856868
12:50:01,1901,9.498107588856868
12:50:02,1901,9.501660906298003
12:50:03,1901,9.501660906298003
12:50:04,1901,9.501660906298003
12:50:05,1902,9.501660906298003
12:50:06,1902,9.501660906298003
12:50:07,1902,9.501660906298003
12:50:08,1902,9.501660906298003
12:50:09,1903,9.501660906298003
12:50:10,1903,9.501660906298003
12:50:11,1903,9.501660906298003
12:50:12,1904,9.500383803492612
12:50:13,1904,9.500383803492612
12:50:14,1904,9.501371308016877
12:50:15,1904,9.501371308016877
12:50:16,1906,9.498591144335824
12:50:17,1906,9.498591144335824
12:50:18,1906,9.498591144335824
12:50:19,1906,9.496340996168582
12:50:20,1908,9.496340996168582
12:50:21,1908,9.496340996168582
12:50:22,1908,9.496340996168582
12:50:23,1908,9.496340996168582
12:50:24,1908,9.499052268811027
12:50:25,1909,9.499052268811027
12:50:26,1909,9.501128970531957
12:50:27,1909,9.501128970531957
12:50:28,1910,9.501128970531957
12:50:29,1910,9.503824823101931
12:50:30,1910,9.503824823101931
12:50:31,1910,9.503373470948013
12:50:32,1910,9.503373470948013
12:50:33,1910,9.503373470948013
12:50:34,1910,9.503373470948013
12:50:35,1910,9.503373470948013
12:50:36,1910,9.503373470948013
12:50:37,1911,9.503373470948013
12:50:38,1911,9.503373470948013
12:50:39,1911,9.503373470948013
12:50:40,1911,9.503373470948013
12:50:41,1911,9.503373470948013
12:50:42,1911,9.503373470948013
12:50:43,1911,9.505472779369628
12:50:44,1911,9.505472779369628
12:50:45,1911,9.505472779369628
12:50:46,1911,9.505472779369628
12:50:47,1911,9.505472779369628
12:50:48,1911,9.505472779369628
12:50:49,1911,9.505472779369628
12:50:50,1912,9.505472779369628
12:50:51,1912,9.50877243222604
12:50:52,1912,9.50877243222604
12:50:53,1912,9.50877243222604
12:50:54,1912,9.50877243222604
12:50:55,1912,9.50877243222604
12:50:56,1912,9.50877243222604
12:50:57,1912,9.511209692806716
12:50:58,1912,9.511209692806716
12:50:59,1912,9.51358695652174
12:51:00,1912,9.516075852868306
12:51:01,1912,9.516075852868306
12:51:02,1912,9.516818960593946
12:51:03,1912,9.516818960593946
12:51:04,1912,9.517826583000572
12:51:05,1912,9.517826583000572
12:51:06,1912,9.517369821360699
12:51:07,1912,9.517369821360699
12:51:08,1913,9.517369821360699
12:51:09,1913,9.517369821360699
12:51:10,1913,9.517369821360699
12:51:11,1913,9.517369821360699
12:51:12,1913,9.517369821360699
12:51:13,1913,9.514928774928775
12:51:14,1913,9.514928774928775
12:51:15,1913,9.514928774928775
12:51:16,1913,9.514928774928775
12:51:17,1913,9.514928774928775
12:51:18,1913,9.514928774928775
12:51:19,1913,9.514711465451786
12:51:20,1913,9.514711465451786
12:51:21,1913,9.514711465451786
12:51:22,1913,9.514711465451786
12:51:23,1913,9.514711465451786
12:51:24,1914,9.514711465451786
12:51:25,1914,9.514711465451786
12:51:26,1914,9.514711465451786
12:51:27,1914,9.514711465451786
12:51:28,1914,9.514711465451786
12:51:29,1914,9.514711465451786
12:51:30,1914,9.514711465451786
12:51:31,1914,9.514711465451786
12:51:32,1914,9.517377701934015
12:51:33,1914,9.517377701934015
12:51:34,1914,9.518760659465606
12:51:35,1914,9.518760659465606
12:51:36,1914,9.518760659465606
12:51:37,1914,9.518760659465606
12:51:38,1914,9.516297348484848
12:51:39,1914,9.516297348484848
12:51:40,1914,9.516297348484848
12:51:41,1914,9.516297348484848
12:51:42,1914,9.516297348484848
12:51:43,1914,9.519108461101647
12:51:44,1914,9.519108461101647
12:51:45,1914,9.519108461101647
12:51:46,1914,9.519108461101647
12:51:47,1914,9.519108461101647
12:51:48,1914,9.519108461101647
12:51:49,1914,9.519757988277556
12:51:50,1914,9.519757988277556
12:51:51,1915,9.517384731670445
12:51:52,1915,9.517384731670445
12:51:53,1915,9.517384731670445
12:51:54,1915,9.517733106832766
12:51:55,1915,9.517733106832766
12:51:56,1916,9.517733106832766
12:51:57,1916,9.515365025466894
12:51:58,1916,9.515365025466894
12:51:59,1916,9.515365025466894
12:52:00,1916,9.515365025466894
12:52:01,1916,9.515365025466894
12:52:02,1916,9.515365025466894
12:52:03,1916,9.512754524886878
12:52:04,1916,9.512754524886878
12:52:05,1916,9.51617702448211
12:52:06,1916,9.51617702448211
12:52:07,1917,9.51617702448211
12:52:08,1917,9.520936794582392
12:52:09,1917,9.520936794582392
12:52:10,1917,9.520936794582392
12:52:11,1917,9.520936794582392
12:52:12,1917,9.520936794582392
12:52:13,1917,9.520936794582392
12:52:14,1917,9.520936794582392
12:52:15,1917,9.520936794582392
12:52:16,1918,9.520936794582392
12:52:17,1918,9.51812370746381
12:52:18,1918,9.51812370746381
12:52:19,1918,9.51812370746381
12:52:20,1919,9.51812370746381
12:52:21,1919,9.51812370746381
12:52:22,1919,9.519644870349492
12:52:23,1919,9.519644870349492
12:52:24,1920,9.519644870349492
12:52:25,1920,9.519644870349492
12:52:26,1920,9.521784037558685
12:52:27,1921,9.521784037558685
12:52:28,1921,9.521784037558685
12:52:29,1922,9.521784037558685
12:52:30,1922,9.521784037558685
12:52:31,1922,9.521784037558685
12:52:32,1922,9.521784037558685
12:52:33,1923,9.5246996996997
12:52:34,1923,9.5246996996997
12:52:35,1923,9.5246996996997
12:52:36,1923,9.5246996996997
12:52:37,1923,9.5246996996997
12:52:38,1923,9.5246996996997
12:52:39,1923,9.5246996996997
12:52:40,1924,9.5250891014819
12:52:41,1924,9.52269403824522
12:52:42,1924,9.52269403824522
12:52:43,1924,9.525060895634251
12:52:44,1924,9.525060895634251
12:52:45,1925,9.525060895634251
12:52:46,1925,9.525060895634251
12:52:47,1925,9.523483146067415
12:52:48,1925,9.523483146067415
12:52:49,1925,9.523483146067415
12:52:50,1926,9.523483146067415
12:52:51,1926,9.52572524798802
12:52:52,1926,9.52572524798802
12:52:53,1926,9.52572524798802
12:52:54,1926,9.52572524798802
12:52:55,1926,9.52799289188178
12:52:56,1926,9.52799289188178
12:52:57,1926,9.53075485799701
12:52:58,1927,9.53075485799701
12:52:59,1927,9.532847805788982
12:53:00,1928,9.532847805788982
12:53:01,1928,9.5326054497947
12:53:02,1928,9.5326054497947
12:53:03,1929,9.5326054497947
12:53:04,1929,9.5326054497947
12:53:05,1930,9.530003730647268
12:53:06,1930,9.530003730647268
12:53:07,1930,9.530003730647268
12:53:08,1930,9.530003730647268
12:53:09,1930,9.530003730647268
12:53:10,1930,9.530003730647268
12:53:11,1931,9.530003730647268
12:53:12,1931,9.530003730647268
12:53:13,1931,9.530003730647268
12:53:14,1932,9.530003730647268
12:53:15,1932,9.530003730647268
12:53:16,1932,9.530003730647268
12:53:17,1932,9.530003730647268
12:53:18,1932,9.530003730647268
12:53:19,1932,9.530003730647268
12:53:20,1932,9.530003730647268
12:53:21,1932,9.528383668903803
12:53:22,1933,9.528383668903803
12:53:23,1933,9.528383668903803
12:53:24,1933,9.53038941680641
12:53:25,1933,9.53038941680641
12:53:26,1933,9.53038941680641
12:53:27,1934,9.53038941680641
12:53:28,1934,9.53038941680641
12:53:29,1934,9.530029778522241
12:53:30,1934,9.530029778522241
12:53:31,1934,9.530029778522241
12:53:32,1936,9.527867633389105
12:53:33,1936,9.527867633389105
12:53:34,1936,9.530369751021926
12:53:35,1936,9.53233983286908
12:53:36,1937,9.53233983286908
12:53:37,1937,9.53233983286908
12:53:38,1937,9.529584261321455
12:53:39,1937,9.529584261321455
12:53:40,1938,9.529584261321455
12:53:41,1939,9.529584261321455
12:53:42,1939,9.529584261321455
12:53:43,1939,9.529584261321455
12:53:44,1940,9.529584261321455
12:53:45,1941,9.529584261321455
12:53:46,1941,9.529584261321455
12:53:47,1941,9.529584261321455
12:53:48,1941,9.531283620849564
12:53:49,1941,9.531283620849564
12:53:50,1941,9.530969595847237
12:53:51,1941,9.530969595847237
12:53:52,1941,9.530969595847237
12:53:53,1941,9.530969595847237
12:53:54,1941,9.530969595847237
12:53:55,1941,9.53373170279785
12:53:56,1941,9.53373170279785
12:53:57,1941,9.53373170279785
12:53:58,1941,9.53373170279785
12:53:59,1941,9.53373170279785
12:54:00,1941,9.53373170279785
12:54:01,1942,9.53373170279785
12:54:02,1942,9.53373170279785
12:54:03,1942,9.53373170279785
12:54:04,1942,9.535046296296295
12:54:05,1942,9.535046296296295
12:54:06,1942,9.535046296296295
12:54:07,1942,9.537414399407737
12:54:08,1942,9.537414399407737
12:54:09,1942,9.535802811690713
12:54:10,1942,9.535810685893882
12:54:11,1942,9.535810685893882
12:54:12,1942,9.533139320029564
12:54:13,1942,9.533139320029564
12:54:14,1942,9.533139320029564
12:54:15,1942,9.530544783010157
12:54:16,1942,9.530544783010157
12:54:17,1942,9.530544783010157
12:54:18,1942,9.530544783010157
12:54:19,1942,9.530544783010157
12:54:20,1942,9.530544783010157
12:54:21,1943,9.530544783010157
12:54:22,1943,9.529625530344955
12:54:23,1943,9.529625530344955
12:54:24,1943,9.531775442477876
12:54:25,1944,9.531775442477876
12:54:26,1944,9.531775442477876
12:54:27,1944,9.531775442477876
12:54:28,1944,9.531775442477876
12:54:29,1944,9.531775442477876
12:54:30,1944,9.531775442477876
12:54:31,1945,9.531775442477876
12:54:32,1945,9.531775442477876
12:54:33,1945,9.531775442477876
12:54:34,1945,9.531775442477876
12:54:35,1945,9.531775442477876
12:54:36,1946,9.531775442477876
12:54:37,1946,9.535515653775322
12:54:38,1946,9.535515653775322
12:54:39,1946,9.535515653775322
12:54:40,1946,9.537069758880913
12:54:41,1946,9.537069758880913
12:54:42,1946,9.537069758880913
12:54:43,1946,9.537069758880913
12:54:44,1946,9.537069758880913
12:54:45,1947,9.540480132450332
12:54:46,1947,9.540480132450332
12:54:47,1948,9.540480132450332
12:54:48,1949,9.540480132450332
12:54:49,1950,9.539281117852546
12:54:50,1950,9.539281117852546
12:54:51,1950,9.539281117852546
12:54:52,1951,9.539281117852546
12:54:53,1951,9.539281117852546
12:54:54,1952,9.539281117852546
12:54:55,1952,9.539281117852546
12:54:56,1952,9.542644628099174
12:54:57,1952,9.542644628099174
12:54:58,1953,9.543942731277532
12:54:59,1953,9.543942731277532
12:55:00,1953,9.541799669785359
12:55:01,1953,9.539539787312064
12:55:02,1953,9.539539787312064
12:55:03,1953,9.539539787312064
12:55:04,1954,9.539539787312064
12:55:05,1955,9.539539787312064
12:55:06,1955,9.539539787312064
12:55:07,1955,9.537126626351474
12:55:08,1956,9.537126626351474
12:55:09,1956,9.537126626351474
12:55:10,1956,9.538635531135531
12:55:11,1957,9.538635531135531
12:55:12,1957,9.540820062236866
12:55:13,1957,9.538858397365534
12:55:14,1957,9.538858397365534
12:55:15,1957,9.538858397365534
12:55:16,1957,9.537721704150668
12:55:17,1958,9.537721704150668
12:55:18,1959,9.535453216374268
12:55:19,1959,9.535453216374268
12:55:20,1959,9.535453216374268
12:55:21,1959,9.535453216374268
12:55:22,1960,9.535453216374268
12:55:23,1961,9.535453216374268
12:55:24,1961,9.535453216374268
12:55:25,1961,9.535453216374268
12:55:26,1962,9.535453216374268
12:55:27,1962,9.535453216374268
12:55:28,1962,9.537954337899544
12:55:29,1962,9.537954337899544
12:55:30,1962,9.537997444322745
12:55:31,1962,9.537997444322745
12:55:32,1964,9.537997444322745
12:55:33,1964,9.537997444322745
12:55:34,1964,9.539746396642949
12:55:35,1965,9.539746396642949
12:55:36,1965,9.536570021881838
12:55:37,1965,9.536570021881838
12:55:38,1965,9.536570021881838
12:55:39,1965,9.536570021881838
12:55:40,1965,9.536570021881838
12:55:41,1965,9.536570021881838
12:55:42,1965,9.536570021881838
12:55:43,1965,9.536570021881838
12:55:44,1965,9.536570021881838
12:55:45,1965,9.536570021881838
12:55:46,1966,9.536570021881838
12:55:47,1966,9.536570021881838
12:55:48,1966,9.53784399489703
12:55:49,1966,9.540701275045537
12:55:50,1966,9.540701275045537
12:55:51,1966,9.540701275045537
12:55:52,1966,9.540701275045537
12:55:53,1966,9.540701275045537
12:55:54,1966,9.539213544511195
12:55:55,1966,9.539213544511195
12:55:56,1966,9.542258005822417
12:55:57,1967,9.542258005822417
12:55:58,1967,9.542258005822417
12:55:59,1967,9.541621228644129
12:56:00,1968,9.541621228644129
12:56:01,1968,9.541621228644129
12:56:02,1968,9.543051771117167
12:56:03,1968,9.543051771117167
12:56:04,1969,9.543051771117167
12:56:05,1969,9.54251497005988
12:56:06,1969,9.54251497005988
12:56:07,1969,9.54251497005988
12:56:08,1969,9.54251497005988
12:56:09,1969,9.54251497005988
12:56:10,1969,9.54251497005988
12:56:11,1969,9.54251497005988
12:56:12,1969,9.54251497005988
12:56:13,1969,9.54251497005988
12:56:14,1969,9.54251497005988
12:56:15,1969,9.54251497005988
12:56:16,1969,9.54251497005988
12:56:17,1969,9.54251497005988
12:56:18,1969,9.544722524483133
12:56:19,1969,9.544722524483133
12:56:20,1969,9.544722524483133
12:56:21,1969,9.544722524483133
12:56:22,1969,9.546963929671923
12:56:23,1969,9.546963929671923
12:56:24,1969,9.546963929671923
12:56:25,1969,9.546963929671923
12:56:26,1969,9.544030797101449
12:56:27,1969,9.544030797101449
12:56:28,1969,9.544030797101449
12:56:29,1969,9.544030797101449
12:56:30,1969,9.544030797101449
12:56:31,1969,9.544030797101449
12:56:32,1969,9.544030797101449
12:56:33,1969,9.544030797101449
12:56:34,1969,9.544030797101449
12:56:35,1969,9.544030797101449
12:56:36,1969,9.544468585913453
12:56:37,1969,9.544468585913453
12:56:38,1969,9.544468585913453
12:56:39,1970,9.547620340209916
12:56:40,1970,9.547620340209916
12:56:41,1970,9.547620340209916
12:56:42,1970,9.547620340209916
12:56:43,1970,9.54944836317598
12:56:44,1970,9.54944836317598
12:56:45,1971,9.54944836317598
12:56:46,1971,9.54944836317598
12:56:47,1971,9.54944836317598
12:56:48,1971,9.54944836317598
12:56:49,1972,9.546005061460592
12:56:50,1972,9.543080397470641
12:56:51,1972,9.543779342723004
12:56:52,1972,9.543779342723004
12:56:53,1972,9.545695722793718
12:56:54,1973,9.544859307359307
12:56:55,1973,9.544859307359307
12:56:56,1973,9.544859307359307
12:56:57,1973,9.545655309176132
12:56:58,1974,9.545655309176132
12:56:59,1974,9.542243243243243
12:57:00,1974,9.542243243243243
12:57:01,1974,9.541256978209978
12:57:02,1974,9.541256978209978
12:57:03,1975,9.541256978209978
12:57:04,1976,9.541256978209978
12:57:05,1976,9.541256978209978
12:57:06,1976,9.541256978209978
12:57:07,1976,9.541256978209978
12:57:08,1976,9.543430525557955
12:57:09,1976,9.544855189782336
12:57:10,1976,9.544855189782336
12:57:11,1976,9.544855189782336
12:57:12,1976,9.544855189782336
12:57:13,1976,9.544855189782336
12:57:14,1976,9.544855189782336
12:57:15,1976,9.544855189782336
12:57:16,1976,9.544855189782336
12:57:17,1976,9.54668284789644
12:57:18,1977,9.54668284789644
12:57:19,1977,9.54668284789644
12:57:20,1977,9.54668284789644
12:57:21,1978,9.54668284789644
12:57:22,1978,9.54668284789644
12:57:23,1978,9.54668284789644
12:57:24,1978,9.54668284789644
12:57:25,1979,9.54668284789644
12:57:26,1980,9.54668284789644
12:57:27,1980,9.546100628930818
12:57:28,1980,9.546100628930818
12:57:29,1980,9.546100628930818
12:57:30,1980,9.55048465266559
12:57:31,1980,9.55048465266559
12:57:32,1981,9.55048465266559
12:57:33,1981,9.55048465266559
12:57:34,1981,9.55048465266559
12:57:35,1981,9.54916576964478
12:57:36,1981,9.54916576964478
12:57:37,1981,9.54916576964478
12:57:38,1982,9.546153846153846
12:57:39,1982,9.543413978494623
12:57:40,1983,9.543413978494623
12:57:41,1983,9.544259358767686
12:57:42,1983,9.544259358767686
12:57:43,1983,9.543788041532402
12:57:44,1983,9.543788041532402
12:57:45,1983,9.543165145822151
12:57:46,1983,9.544492131616597
12:57:47,1983,9.544492131616597
12:57:48,1983,9.544492131616597
12:57:49,1983,9.544492131616597
12:57:50,1983,9.541000893655049
12:57:51,1983,9.541000893655049
12:57:52,1983,9.541000893655049
12:57:53,1983,9.541000893655049
12:57:54,1983,9.541000893655049
12:57:55,1983,9.541000893655049
12:57:56,1983,9.541000893655049
12:57:57,1984,9.541000893655049
12:57:58,1984,9.541000893655049
12:57:59,1985,9.54293497677742
12:58:00,1985,9.54293497677742
12:58:01,1985,9.54354579539368
12:58:02,1985,9.54354579539368
12:58:03,1986,9.542594575303355
12:58:04,1986,9.542594575303355
12:58:05,1986,9.542594575303355
12:58:06,1986,9.542594575303355
12:58:07,1986,9.540351346531121
12:58:08,1986,9.540351346531121
12:58:09,1986,9.543475935828877
12:58:10,1987,9.543475935828877
12:58:11,1987,9.542873686085873
12:58:12,1987,9.542873686085873
12:58:13,1987,9.542873686085873
12:58:14,1987,9.542873686085873
12:58:15,1987,9.542873686085873
12:58:16,1987,9.544239672364673
12:58:17,1987,9.544239672364673
12:58:18,1988,9.544260544580887
12:58:19,1988,9.544260544580887
12:58:20,1988,9.544260544580887
12:58:21,1989,9.544260544580887
12:58:22,1989,9.544260544580887
12:58:23,1989,9.544260544580887
12:58:24,1989,9.544260544580887
12:58:25,1990,9.545775524724297
12:58:26,1990,9.545775524724297
12:58:27,1990,9.545775524724297
12:58:28,1990,9.545775524724297
12:58:29,1992,9.545775524724297
12:58:30,1992,9.543244444444444
12:58:31,1992,9.545735607675907
12:58:32,1992,9.545735607675907
12:58:33,1993,9.548188598827917
12:58:34,1993,9.548188598827917
12:58:35,1993,9.548801916932907
12:58:36,1993,9.54795990775235
12:58:37,1994,9.54795990775235
12:58:38,1994,9.54795990775235
12:58:39,1994,9.54795990775235
12:58:40,1994,9.54795990775235
12:58:41,1994,9.54795990775235
12:58:42,1995,9.54795990775235
12:58:43,1995,9.54795990775235
12:58:44,1995,9.54795990775235
12:58:45,1995,9.54795990775235
12:58:46,1996,9.54795990775235
12:58:47,1996,9.544840425531914
12:58:48,1996,9.54455077086656
12:58:49,1997,9.54175522493801
12:58:50,1997,9.54175522493801
12:58:51,1997,9.539874314037883
12:58:52,1997,9.54005661712668
12:58:53,1997,9.54005661712668
12:58:54,1997,9.540362511052166
12:58:55,1998,9.540362511052166
12:58:56,1998,9.536974195828915
12:58:57,1998,9.536974195828915
12:58:58,1998,9.536974195828915
12:58:59,1998,9.538694576929872
12:59:00,1998,9.538694576929872
12:59:01,1998,9.538694576929872
12:59:02,1998,9.538694576929872
12:59:03,1998,9.538694576929872
12:59:04,1998,9.538694576929872
12:59:05,1998,9.540218926553672
12:59:06,1998,9.540218926553672
12:59:07,1998,9.536412563966826
12:59:08,1998,9.536412563966826
12:59:09,1998,9.536412563966826
12:59:10,1998,9.536412563966826
12:59:11,1998,9.536412563966826
12:59:12,1998,9.536412563966826
12:59:13,1998,9.536412563966826
12:59:14,1998,9.536412563966826
12:59:15,1998,9.533677248677249
12:59:16,1998,9.533677248677249
12:59:17,1998,9.533677248677249
12:59:18,1998,9.533677248677249
12:59:19,1998,9.533677248677249
12:59:20,1998,9.533677248677249
12:59:21,1998,9.535624889829014
12:59:22,1998,9.535624889829014
12:59:23,1998,9.535624889829014
12:59:24,1998,9.536848132487668
12:59:25,1998,9.539716499383696
12:59:26,1998,9.539716499383696
12:59:27,1998,9.54002991904259
12:59:28,1998,9.541072999120493
12:59:29,1998,9.541072999120493
12:59:30,1998,9.539697609001406
12:59:31,1998,9.539697609001406
12:59:32,1998,9.539697609001406
12:59:33,1998,9.539697609001406
12:59:34,1998,9.539697609001406
12:59:35,1998,9.539697609001406
12:59:36,1998,9.539697609001406
12:59:37,1998,9.539697609001406
12:59:38,1999,9.539697609001406
12:59:39,1999,9.539697609001406
12:59:40,1999,9.537172728870145
12:59:41,2000,9.537172728870145
12:59:42,2000,9.535475939585528
12:59:43,2000,9.535475939585528
12:59:44,2001,9.535475939585528
12:59:45,2001,9.535475939585528
12:59:46,2001,9.535475939585528
12:59:47,2001,9.535475939585528
12:59:48,2001,9.535475939585528
12:59:49,2004,9.538300860101808
12:59:50,2004,9.538300860101808
12:59:51,2004,9.538300860101808
12:59:52,2004,9.538300860101808
12:59:53,2006,9.538300860101808
12:59:54,2006,9.539754385964914
12:59:55,2006,9.539754385964914
12:59:56,2006,9.539754385964914
12:59:57,2006,9.53625284937752
12:59:58,2006,9.53625284937752
12:59:59,2006,9.53625284937752
13:00:00,2006,9.53625284937752
13:00:01,2006,9.53625284937752
13:00:02,2006,9.53625284937752
13:00:03,2006,9.534402383456012
13:00:04,2006,9.534402383456012
13:00:05,2006,9.534402383456012
13:00:06,2006,9.53183569802067
13:00:07,2006,9.53183569802067
13:00:08,2007,9.53183569802067
13:00:09,2007,9.53183569802067
13:00:10,2007,9.53183569802067
13:00:11,2008,9.53183569802067
13:00:12,2009,9.531959033613445
13:00:13,2009,9.531959033613445
13:00:14,2010,9.531959033613445
13:00:15,2012,9.53612277019937
13:00:16,2012,9.536750568082503
13:00:17,2012,9.536750568082503
13:00:18,2013,9.537229210342417
13:00:19,2013,9.537229210342417
13:00:20,2013,9.537229210342417
13:00:21,2013,9.537229210342417
13:00:22,2013,9.537229210342417
13:00:23,2014,9.533778592631394
13:00:24,2014,9.533778592631394
13:00:25,2015,9.533778592631394
13:00:26,2016,9.533778592631394
13:00:27,2016,9.533778592631394
13:00:28,2016,9.533778592631394
13:00:29,2018,9.533778592631394
13:00:30,2018,9.531378708551483
13:00:31,2018,9.531378708551483
13:00:32,2019,9.531378708551483
13:00:33,2020,9.530054072911216
13:00:34,2020,9.530054072911216
13:00:35,2020,9.530054072911216
13:00:36,2020,9.530054072911216
13:00:37,2022,9.530054072911216
13:00:38,2022,9.527278271475867
13:00:39,2023,9.527278271475867
13:00:40,2023,9.527278271475867
13:00:41,2023,9.527278271475867
13:00:42,2024,9.527278271475867
13:00:43,2025,9.528544061302682
13:00:44,2025,9.528544061302682
13:00:45,2025,9.528544061302682
13:00:46,2026,9.528544061302682
13:00:47,2027,9.528544061302682
13:00:48,2027,9.528544061302682
13:00:49,2027,9.52964316797215
13:00:50,2028,9.52964316797215
13:00:51,2028,9.52964316797215
13:00:52,2029,9.526644050104384
13:00:53,2029,9.526644050104384
13:00:54,2029,9.526644050104384
13:00:55,2031,9.526644050104384
13:00:56,2031,9.526644050104384
13:00:57,2031,9.526644050104384
13:00:58,2031,9.526644050104384
13:00:59,2033,9.526644050104384
13:01:00,2033,9.526644050104384
13:01:01,2033,9.526644050104384
13:01:02,2034,9.526644050104384
13:01:03,2034,9.526644050104384
13:01:04,2035,9.526644050104384
13:01:05,2036,9.526644050104384
13:01:06,2036,9.529012345679012
13:01:07,2037,9.530057351407716
13:01:08,2037,9.530293555671356
13:01:09,2038,9.530293555671356
13:01:10,2038,9.530293555671356
13:01:11,2038,9.530293555671356
13:01:12,2038,9.531302083333333
13:01:13,2039,9.531302083333333
13:01:14,2039,9.531302083333333
13:01:15,2039,9.531302083333333
13:01:16,2040,9.527555092833593
13:01:17,2041,9.527555092833593
13:01:18,2041,9.527555092833593
13:01:19,2041,9.528815469996532
13:01:20,2044,9.528815469996532
13:01:21,2044,9.528815469996532
13:01:22,2044,9.526304385508753
13:01:23,2044,9.527252252252252
13:01:24,2044,9.527252252252252
13:01:25,2044,9.527252252252252
13:01:26,2044,9.527252252252252
13:01:27,2045,9.527252252252252
13:01:28,2045,9.527252252252252
13:01:29,2045,9.527252252252252
13:01:30,2045,9.527252252252252
13:01:31,2045,9.523800865800865
13:01:32,2045,9.523800865800865
13:01:33,2046,9.523800865800865
13:01:34,2046,9.525302872966424
13:01:35,2046,9.525302872966424
13:01:36,2047,9.524078879086662
13:01:37,2047,9.524078879086662
13:01:38,2047,9.524078879086662
13:01:39,2047,9.524078879086662
13:01:40,2048,9.524078879086662
13:01:41,2048,9.524078879086662
13:01:42,2048,9.524078879086662
13:01:43,2049,9.524775242047026
13:01:44,2049,9.524775242047026
13:01:45,2050,9.524775242047026
13:01:46,2050,9.524775242047026
13:01:47,2051,9.524775242047026
13:01:48,2051,9.524775242047026
13:01:49,2051,9.524775242047026
13:01:50,2051,9.524775242047026
13:01:51,2052,9.524684637981684
13:01:52,2052,9.524684637981684
13:01:53,2052,9.524684637981684
13:01:54,2053,9.524684637981684
13:01:55,2053,9.524684637981684
13:01:56,2053,9.521528497409326
13:01:57,2054,9.521528497409326
13:01:58,2054,9.524011738304852
13:01:59,2054,9.525448585231194
13:02:00,2055,9.525448585231194
13:02:01,2055,9.525448585231194
13:02:02,2055,9.525448585231194
13:02:03,2055,9.525448585231194
13:02:04,2055,9.525448585231194
13:02:05,2057,9.525448585231194
13:02:06,2057,9.525448585231194
13:02:07,2057,9.52709087773754
13:02:08,2058,9.52709087773754
13:02:09,2059,9.52709087773754
13:02:10,2059,9.525560151671838
13:02:11,2059,9.525560151671838
13:02:12,2060,9.521567614125754
13:02:13,2060,9.521711432506887
13:02:14,2060,9.521711432506887
13:02:15,2060,9.51889519876097
13:02:16,2061,9.521345029239766
13:02:17,2061,9.521345029239766
13:02:18,2061,9.521345029239766
13:02:19,2061,9.521345029239766
13:02:20,2062,9.521345029239766
13:02:21,2062,9.521345029239766
13:02:22,2062,9.521345029239766
13:02:23,2062,9.521345029239766
13:02:24,2063,9.521345029239766
13:02:25,2063,9.521345029239766
13:02:26,2063,9.52276087330239
13:02:27,2063,9.52276087330239
13:02:28,2063,9.52276087330239
13:02:29,2063,9.52276087330239
13:02:30,2063,9.52276087330239
13:02:31,2063,9.524158075601374
13:02:32,2063,9.524158075601374
13:02:33,2063,9.524158075601374
13:02:34,2063,9.525991756826379
13:02:35,2064,9.525991756826379
13:02:36,2064,9.525991756826379
13:02:37,2064,9.525991756826379
13:02:38,2065,9.525991756826379
13:02:39,2065,9.525991756826379
13:02:40,2065,9.525991756826379
13:02:41,2065,9.527677651905254
13:02:42,2065,9.527677651905254
13:02:43,2065,9.527677651905254
13:02:44,2065,9.52426659804426
13:02:45,2067,9.52426659804426
13:02:46,2067,9.52426659804426
13:02:47,2067,9.527031893004114
13:02:48,2067,9.523204798628964
13:02:49,2067,9.523204798628964
13:02:50,2068,9.523204798628964
13:02:51,2068,9.523204798628964
13:02:52,2068,9.523204798628964
13:02:53,2069,9.523204798628964
13:02:54,2070,9.523204798628964
13:02:55,2070,9.523204798628964
13:02:56,2071,9.523204798628964
13:02:57,2071,9.523204798628964
13:02:58,2071,9.521385748544022
13:02:59,2071,9.521385748544022
13:03:00,2071,9.522076699195344
13:03:01,2071,9.522076699195344
13:03:02,2072,9.522076699195344
13:03:03,2072,9.522108145106092
13:03:04,2072,9.522108145106092
13:03:05,2074,9.522108145106092
13:03:06,2075,9.518992645801266
13:03:07,2075,9.518992645801266
13:03:08,2075,9.520666666666667
13:03:09,2076,9.520666666666667
13:03:10,2078,9.520666666666667
13:03:11,2078,9.520666666666667
13:03:12,2078,9.520666666666667
13:03:13,2078,9.520666666666667
13:03:14,2078,9.520666666666667
13:03:15,2078,9.523167606355715
13:03:16,2079,9.523167606355715
13:03:17,2079,9.523167606355715
13:03:18,2079,9.523167606355715
13:03:19,2080,9.523167606355715
13:03:20,2080,9.523167606355715
13:03:21,2080,9.525367144808744
13:03:22,2081,9.525367144808744
13:03:23,2081,9.525367144808744
13:03:24,2081,9.527436422597713
13:03:25,2081,9.527436422597713
13:03:26,2081,9.527436422597713
13:03:27,2082,9.524044694643466
13:03:28,2082,9.524044694643466
13:03:29,2082,9.524044694643466
13:03:30,2082,9.524044694643466
13:03:31,2082,9.524044694643466
13:03:32,2083,9.524044694643466
13:03:33,2083,9.524044694643466
13:03:34,2083,9.524044694643466
13:03:35,2083,9.524044694643466
13:03:36,2083,9.524044694643466
13:03:37,2083,9.524044694643466
13:03:38,2084,9.524044694643466
13:03:39,2084,9.520238704177324
13:03:40,2084,9.520238704177324
13:03:41,2084,9.520238704177324
13:03:42,2084,9.520238704177324
13:03:43,2084,9.520238704177324
13:03:44,2084,9.520238704177324
13:03:45,2084,9.520238704177324
13:03:46,2084,9.520867416496252
13:03:47,2084,9.520867416496252
13:03:48,2085,9.520867416496252
13:03:49,2085,9.521802078010559
13:03:50,2085,9.521802078010559
13:03:51,2086,9.518777664283283
13:03:52,2086,9.518777664283283
13:03:53,2087,9.518777664283283
13:03:54,2087,9.518470307980262
13:03:55,2087,9.519149659863945
13:03:56,2087,9.519149659863945
13:03:57,2087,9.51888379204893
13:03:58,2087,9.51888379204893
13:03:59,2088,9.517362879945662
13:04:00,2088,9.517362879945662
13:04:01,2088,9.517362879945662
13:04:02,2088,9.517362879945662
13:04:03,2088,9.517362879945662
13:04:04,2088,9.520086558044806
13:04:05,2088,9.520086558044806
13:04:06,2088,9.520086558044806
13:04:07,2088,9.520086558044806
13:04:08,2089,9.520086558044806
13:04:09,2089,9.520086558044806
13:04:10,2089,9.520086558044806
13:04:11,2089,9.51679389312977
13:04:12,2089,9.51679389312977
13:04:13,2089,9.51679389312977
13:04:14,2090,9.51679389312977
13:04:15,2090,9.513665649372667
13:04:16,2090,9.513665649372667
13:04:17,2090,9.513665649372667
13:04:18,2090,9.513665649372667
13:04:19,2090,9.513665649372667
13:04:20,2090,9.513665649372667
13:04:21,2090,9.513665649372667
13:04:22,2090,9.513665649372667
13:04:23,2090,9.513665649372667
13:04:24,2090,9.513116420945602
13:04:25,2090,9.513116420945602
13:04:26,2091,9.513116420945602
13:04:27,2091,9.514430894308942
13:04:28,2091,9.514430894308942
13:04:29,2092,9.514430894308942
13:04:30,2092,9.511198577958355
13:04:31,2092,9.511198577958355
13:04:32,2093,9.511198577958355
13:04:33,2093,9.511198577958355
13:04:34,2093,9.511198577958355
13:04:35,2094,9.511198577958355
13:04:36,2094,9.511198577958355
13:04:37,2094,9.511198577958355
13:04:38,2095,9.511198577958355
13:04:39,2095,9.51223350253807
13:04:40,2095,9.51223350253807
13:04:41,2095,9.50621196754564
13:04:42,2096,9.50621196754564
13:04:43,2096,9.50621196754564
13:04:44,2096,9.506284845413076
13:04:45,2097,9.505893279297535
13:04:46,2097,9.505893279297535
13:04:47,2097,9.505893279297535
13:04:48,2097,9.505893279297535
13:04:49,2098,9.50372807017544
13:04:50,2098,9.502191873208565
13:04:51,2098,9.502191873208565
13:04:52,2099,9.502191873208565
13:04:53,2099,9.502191873208565
13:04:54,2099,9.499359622514325
13:04:55,2099,9.501920161697827
13:04:56,2100,9.501920161697827
13:04:57,2100,9.501920161697827
13:04:58,2100,9.501920161697827
13:04:59,2100,9.501920161697827
13:05:00,2101,9.501920161697827
13:05:01,2101,9.501920161697827
13:05:02,2101,9.501920161697827
13:05:03,2101,9.501920161697827
13:05:04,2101,9.501920161697827
13:05:05,2101,9.501920161697827
13:05:06,2101,9.502845117845117
13:05:07,2101,9.502845117845117
13:05:08,2101,9.502845117845117
13:05:09,2101,9.502845117845117
13:05:10,2101,9.502845117845117
13:05:11,2101,9.502845117845117
13:05:12,2101,9.502845117845117
13:05:13,2101,9.500134612148747
13:05:14,2101,9.500134612148747
13:05:15,2101,9.500134612148747
13:05:16,2101,9.497662293979145
13:05:17,2101,9.497662293979145
13:05:18,2101,9.497662293979145
13:05:19,2101,9.498806522104555
13:05:20,2101,9.498806522104555
13:05:21,2101,9.498689516129032
13:05:22,2101,9.498689516129032
13:05:23,2102,9.498689516129032
13:05:24,2102,9.498689516129032
13:05:25,2102,9.498689516129032
13:05:26,2102,9.498689516129032
13:05:27,2103,9.498689516129032
13:05:28,2103,9.498689516129032
13:05:29,2103,9.498261964735516
13:05:30,2103,9.495031889895937
13:05:31,2103,9.495031889895937
13:05:32,2103,9.495031889895937
13:05:33,2103,9.495031889895937
13:05:34,2103,9.495031889895937
13:05:35,2103,9.495031889895937
13:05:36,2103,9.49462338533803
13:05:37,2103,9.49462338533803
13:05:38,2105,9.49462338533803
13:05:39,2105,9.49462338533803
13:05:40,2105,9.49462338533803
13:05:41,2106,9.497023809523808
13:05:42,2106,9.497023809523808
13:05:43,2107,9.497754315401375
13:05:44,2107,9.497754315401375
13:05:45,2108,9.4964824120603
13:05:46,2108,9.4964824120603
13:05:47,2108,9.498660639544617
13:05:48,2108,9.498660639544617
13:05:49,2108,9.498660639544617
13:05:50,2108,9.495364792503347
13:05:51,2108,9.495364792503347
13:05:52,2108,9.495364792503347
13:05:53,2108,9.495364792503347
13:05:54,2108,9.495364792503347
13:05:55,2108,9.495364792503347
13:05:56,2108,9.495364792503347
13:05:57,2108,9.495364792503347
13:05:58,2108,9.495364792503347
13:05:59,2108,9.495364792503347
13:06:00,2108,9.495364792503347
13:06:01,2108,9.495364792503347
13:06:02,2110,9.49622010369627
13:06:03,2110,9.49622010369627
13:06:04,2111,9.49622010369627
13:06:05,2111,9.49622010369627
13:06:06,2112,9.493438649281178
13:06:07,2113,9.494177109440267
13:06:08,2113,9.494177109440267
13:06:09,2113,9.494177109440267
13:06:10,2114,9.493353373413495
13:06:11,2114,9.493353373413495
13:06:12,2114,9.493353373413495
13:06:13,2114,9.493353373413495
13:06:14,2114,9.493353373413495
13:06:15,2114,9.494132865965614
13:06:16,2115,9.494132865965614
13:06:17,2115,9.494132865965614
13:06:18,2115,9.494132865965614
13:06:19,2115,9.491675008341675
13:06:20,2115,9.491270635317658
13:06:21,2115,9.491270635317658
13:06:22,2115,9.491270635317658
13:06:23,2115,9.491270635317658
13:06:24,2115,9.491270635317658
13:06:25,2116,9.491270635317658
13:06:26,2116,9.491270635317658
13:06:27,2116,9.490533333333333
13:06:28,2116,9.490533333333333
13:06:29,2116,9.490533333333333
13:06:30,2116,9.490533333333333
13:06:31,2116,9.490533333333333
13:06:32,2117,9.490533333333333
13:06:33,2117,9.490533333333333
13:06:34,2117,9.488522405463934
13:06:35,2117,9.488522405463934
13:06:36,2117,9.490451215451214
13:06:37,2117,9.490451215451214
13:06:38,2118,9.487077716758195
13:06:39,2118,9.487077716758195
13:06:40,2118,9.487077716758195
13:06:41,2119,9.48639387890885
13:06:42,2119,9.48639387890885
13:06:43,2119,9.48639387890885
13:06:44,2119,9.48639387890885
13:06:45,2120,9.48639387890885
13:06:46,2120,9.48639387890885
13:06:47,2120,9.48639387890885
13:06:48,2121,9.48639387890885
13:06:49,2121,9.48498753117207
13:06:50,2121,9.48498753117207
13:06:51,2121,9.482128614157526
13:06:52,2122,9.48315894369706
13:06:53,2122,9.480569389110226
13:06:54,2122,9.480569389110226
13:06:55,2122,9.480569389110226
13:06:56,2123,9.480569389110226
13:06:57,2123,9.481889829102373
13:06:58,2123,9.481889829102373
13:06:59,2123,9.481889829102373
13:07:00,2123,9.481889829102373
13:07:01,2123,9.480563847429519
13:07:02,2124,9.480563847429519
13:07:03,2124,9.480563847429519
13:07:04,2124,9.47882703777336
13:07:05,2124,9.47882703777336
13:07:06,2125,9.47882703777336
13:07:07,2125,9.47882703777336
13:07:08,2125,9.47882703777336
13:07:09,2126,9.47882703777336
13:07:10,2126,9.476304023845008
13:07:11,2126,9.476304023845008
13:07:12,2126,9.475277088502896
13:07:13,2127,9.475277088502896
13:07:14,2127,9.475277088502896
13:07:15,2127,9.475277088502896
13:07:16,2127,9.474330357142858
13:07:17,2128,9.474330357142858
13:07:18,2128,9.474330357142858
13:07:19,2128,9.474330357142858
13:07:20,2128,9.474330357142858
13:07:21,2128,9.471517104610808
13:07:22,2128,9.471517104610808
13:07:23,2128,9.471517104610808
13:07:24,2128,9.469879418566238
13:07:25,2128,9.469879418566238
13:07:26,2128,9.469879418566238
13:07:27,2129,9.471669143140169
13:07:28,2129,9.471669143140169
13:07:29,2129,9.471669143140169
13:07:30,2129,9.471669143140169
13:07:31,2130,9.472986798679868
13:07:32,2130,9.472986798679868
13:07:33,2131,9.472986798679868
13:07:34,2133,9.472986798679868
13:07:35,2133,9.471771400296882
13:07:36,2134,9.471771400296882
13:07:37,2135,9.471771400296882
13:07:38,2135,9.471771400296882
13:07:39,2135,9.471771400296882
13:07:40,2135,9.468603692713485
13:07:41,2135,9.466048772450158
13:07:42,2135,9.46284584980237
13:07:43,2135,9.46284584980237
13:07:44,2135,9.46284584980237
13:07:45,2136,9.46284584980237
13:07:46,2136,9.46284584980237
13:07:47,2136,9.46284584980237
13:07:48,2136,9.46284584980237
13:07:49,2136,9.46284584980237
13:07:50,2136,9.46284584980237
13:07:51,2136,9.46284584980237
13:07:52,2136,9.46284584980237
13:07:53,2136,9.46284584980237
13:07:54,2136,9.463399176954733
13:07:55,2136,9.463399176954733
13:07:56,2136,9.463399176954733
13:07:57,2136,9.461656794998355
13:07:58,2136,9.461656794998355
13:07:59,2136,9.461656794998355
13:08:00,2136,9.459406347640192
13:08:01,2136,9.459648257725181
13:08:02,2136,9.459648257725181
13:08:03,2136,9.456144241826845
13:08:04,2136,9.456144241826845
13:08:05,2136,9.453029556650247
13:08:06,2136,9.453029556650247
13:08:07,2136,9.449392745773839
13:08:08,2136,9.448433398950131
13:08:09,2136,9.447434005574683
13:08:10,2136,9.447434005574683
13:08:11,2136,9.447434005574683
13:08:12,2136,9.447434005574683
13:08:13,2136,9.447434005574683
13:08:14,2136,9.447434005574683
13:08:15,2136,9.446894460832514
13:08:16,2136,9.446894460832514
13:08:17,2136,9.44896805896806
13:08:18,2136,9.44896805896806
13:08:19,2136,9.44896805896806
13:08:20,2136,9.44686476751801
13:08:21,2136,9.44686476751801
13:08:22,2136,9.44686476751801
13:08:23,2136,9.447340860742923
13:08:24,2136,9.447340860742923
13:08:25,2136,9.447340860742923
13:08:26,2136,9.447340860742923
13:08:27,2136,9.447340860742923
13:08:28,2136,9.447340860742923
13:08:29,2136,9.447340860742923
13:08:30,2136,9.447340860742923
13:08:31,2136,9.446933267909715
13:08:32,2136,9.446933267909715
13:08:33,2136,9.446933267909715
13:08:34,2136,9.448757560895864
13:08:35,2136,9.448757560895864
13:08:36,2136,9.448757560895864
13:08:37,2136,9.448757560895864
13:08:38,2136,9.448757560895864
13:08:39,2136,9.448757560895864
13:08:40,2136,9.448757560895864
13:08:41,2136,9.448757560895864
13:08:42,2136,9.448757560895864
13:08:43,2136,9.448757560895864
13:08:44,2136,9.448757560895864
13:08:45,2136,9.447328431372549
13:08:46,2136,9.447328431372549
13:08:47,2136,9.443973542381185
13:08:48,2136,9.443973542381185
13:08:49,2136,9.443973542381185
13:08:50,2136,9.444302970943518
13:08:51,2136,9.444302970943518
13:08:52,2136,9.444302970943518
13:08:53,2136,9.444302970943518
13:08:54,2136,9.444302970943518
13:08:55,2137,9.446345243922336
13:08:56,2137,9.446345243922336
13:08:57,2137,9.446345243922336
13:08:58,2137,9.446345243922336
13:08:59,2138,9.446345243922336
13:09:00,2138,9.443134377038486
13:09:01,2138,9.443134377038486
13:09:02,2138,9.443134377038486
13:09:03,2138,9.443134377038486
13:09:04,2138,9.442705786471068
13:09:05,2138,9.442705786471068
13:09:06,2138,9.442705786471068
13:09:07,2138,9.442705786471068
13:09:08,2138,9.442705786471068
13:09:09,2138,9.440485500162918
13:09:10,2138,9.43702165771047
13:09:11,2138,9.4367919921875
13:09:12,2138,9.4367919921875
13:09:13,2138,9.4367919921875
13:09:14,2138,9.4367919921875
13:09:15,2138,9.4367919921875
13:09:16,2138,9.4367919921875
13:09:17,2138,9.4367919921875
13:09:18,2138,9.4367919921875
13:09:19,2138,9.435244834878803
13:09:20,2138,9.435244834878803
13:09:21,2138,9.435244834878803
13:09:22,2138,9.43479674796748
13:09:23,2138,9.43479674796748
13:09:24,2138,9.43479674796748
13:09:25,2138,9.43479674796748
13:09:26,2138,9.436079960994638
13:09:27,2138,9.435932423651723
13:09:28,2138,9.435932423651723
13:09:29,2139,9.43550089300211
13:09:30,2139,9.43550089300211
13:09:31,2139,9.43550089300211
13:09:32,2139,9.43550089300211
13:09:33,2141,9.43550089300211
13:09:34,2141,9.43550089300211
13:09:35,2141,9.43550089300211
13:09:36,2141,9.435451152223303
13:09:37,2142,9.435451152223303
13:09:38,2142,9.435451152223303
13:09:39,2142,9.435451152223303
13:09:40,2142,9.435451152223303
13:09:41,2142,9.435451152223303
13:09:42,2143,9.435451152223303
13:09:43,2144,9.435451152223303
13:09:44,2144,9.435451152223303
13:09:45,2144,9.435451152223303
13:09:46,2144,9.435451152223303
13:09:47,2144,9.435451152223303
13:09:48,2144,9.435451152223303
13:09:49,2144,9.434979724249796
13:09:50,2144,9.434979724249796
13:09:51,2144,9.431890402075227
13:09:52,2144,9.4284232701345
13:09:53,2144,9.4284232701345
13:09:54,2144,9.425105280207323
13:09:55,2144,9.425105280207323
13:09:56,2144,9.425222599967622
13:09:57,2145,9.425222599967622
13:09:58,2145,9.42470064724919
13:09:59,2145,9.422020054989487
13:10:00,2145,9.422020054989487
13:10:01,2145,9.422020054989487
13:10:02,2145,9.422020054989487
13:10:03,2145,9.422020054989487
13:10:04,2145,9.422020054989487
13:10:05,2145,9.422020054989487
13:10:06,2145,9.422020054989487
13:10:07,2145,9.422020054989487
13:10:08,2146,9.422020054989487
13:10:09,2146,9.422020054989487
13:10:10,2146,9.420223084384094
13:10:11,2146,9.420108256584262
13:10:12,2146,9.420108256584262
13:10:13,2146,9.420108256584262
13:10:14,2146,9.420122739018089
13:10:15,2146,9.420122739018089
13:10:16,2147,9.421719128329299
13:10:17,2147,9.42189415940626
13:10:18,2147,9.42189415940626
13:10:19,2147,9.42189415940626
13:10:20,2148,9.42189415940626
13:10:21,2148,9.42189415940626
13:10:22,2149,9.42189415940626
13:10:23,2150,9.42189415940626
13:10:24,2151,9.42189415940626
13:10:25,2151,9.42189415940626
13:10:26,2151,9.42189415940626
13:10:27,2151,9.422181906144171
13:10:28,2151,9.422181906144171
13:10:29,2151,9.422181906144171
13:10:30,2151,9.422181906144171
13:10:31,2151,9.422181906144171
13:10:32,2151,9.422181906144171
13:10:33,2151,9.421913281753708
13:10:34,2151,9.421913281753708
13:10:35,2151,9.421913281753708
13:10:36,2151,9.421913281753708
13:10:37,2151,9.421913281753708
13:10:38,2151,9.421913281753708
13:10:39,2151,9.421913281753708
13:10:40,2151,9.421913281753708
13:10:41,2151,9.421913281753708
13:10:42,2151,9.421913281753708
13:10:43,2151,9.421913281753708
13:10:44,2151,9.421913281753708
13:10:45,2151,9.421934912195907
13:10:46,2151,9.421934912195907
13:10:47,2151,9.421642512077295
13:10:48,2151,9.421642512077295
13:10:49,2152,9.421642512077295
13:10:50,2152,9.421642512077295
13:10:51,2152,9.418871720585868
13:10:52,2152,9.418871720585868
13:10:53,2152,9.418871720585868
13:10:54,2153,9.418935006435005
13:10:55,2153,9.418935006435005
13:10:56,2153,9.418935006435005
13:10:57,2153,9.418935006435005
13:10:58,2154,9.418935006435005
13:10:59,2154,9.418935006435005
13:11:00,2154,9.418935006435005
13:11:01,2154,9.418935006435005
13:11:02,2154,9.418935006435005
13:11:03,2154,9.418935006435005
13:11:04,2154,9.420453449107574
13:11:05,2154,9.420453449107574
13:11:06,2154,9.420453449107574
13:11:07,2154,9.420453449107574
13:11:08,2154,9.420453449107574
13:11:09,2154,9.420981999357119
13:11:10,2154,9.420981999357119
13:11:11,2154,9.420981999357119
13:11:12,2155,9.420981999357119
13:11:13,2155,9.420981999357119
13:11:14,2155,9.420981999357119
13:11:15,2155,9.420981999357119
13:11:16,2155,9.41821686746988
13:11:17,2155,9.418729929351317
13:11:18,2155,9.418729929351317
13:11:19,2155,9.418729929351317
13:11:20,2155,9.41860857005296
13:11:21,2155,9.41860857005296
13:11:22,2155,9.41860857005296
13:11:23,2155,9.41860857005296
13:11:24,2156,9.41860857005296
13:11:25,2156,9.41860857005296
13:11:26,2156,9.41860857005296
13:11:27,2156,9.41860857005296
13:11:28,2157,9.41860857005296
13:11:29,2157,9.41860857005296
13:11:30,2157,9.41860857005296
13:11:31,2157,9.417380494064806
13:11:32,2157,9.417380494064806
13:11:33,2157,9.417380494064806
13:11:34,2157,9.417380494064806
13:11:35,2157,9.417380494064806
13:11:36,2157,9.413860830527499
13:11:37,2158,9.413860830527499
13:11:38,2158,9.414030448717948
13:11:39,2158,9.414030448717948
13:11:40,2158,9.414030448717948
13:11:41,2158,9.41379144641999
13:11:42,2158,9.41379144641999
13:11:43,2158,9.41379144641999
13:11:44,2158,9.41379144641999
13:11:45,2158,9.41379144641999
13:11:46,2159,9.41379144641999
13:11:47,2159,9.413264489273134
13:11:48,2159,9.413264489273134
13:11:49,2159,9.413264489273134
13:11:50,2159,9.413264489273134
13:11:51,2159,9.413264489273134
13:11:52,2159,9.413264489273134
13:11:53,2159,9.415010401664267
13:11:54,2159,9.415010401664267
13:11:55,2159,9.411620281509917
13:11:56,2159,9.411620281509917
13:11:57,2159,9.411620281509917
13:11:58,2159,9.412398081534773
13:11:59,2159,9.412398081534773
13:12:00,2159,9.412398081534773
13:12:01,2159,9.412398081534773
13:12:02,2159,9.412398081534773
13:12:03,2159,9.412398081534773
13:12:04,2159,9.40901246404602
13:12:05,2159,9.40901246404602
13:12:06,2159,9.40901246404602
13:12:07,2159,9.40901246404602
13:12:08,2159,9.40901246404602
13:12:09,2159,9.409822712026832
13:12:10,2159,9.409822712026832
13:12:11,2159,9.409822712026832
13:12:12,2160,9.409822712026832
13:12:13,2160,9.409822712026832
13:12:14,2160,9.406313856960407
13:12:15,2161,9.406313856960407
13:12:16,2161,9.406313856960407
13:12:17,2161,9.406313856960407
13:12:18,2161,9.406313856960407
13:12:19,2162,9.402936014041806
13:12:20,2162,9.402936014041806
13:12:21,2163,9.401642743221691
13:12:22,2164,9.401642743221691
13:12:23,2164,9.401642743221691
13:12:24,2164,9.403156384505023
13:12:25,2164,9.403156384505023
13:12:26,2164,9.403083173996176
13:12:27,2165,9.403083173996176
13:12:28,2166,9.403083173996176
13:12:29,2166,9.403083173996176
13:12:30,2166,9.403041885650582
13:12:31,2166,9.403041885650582
13:12:32,2166,9.403041885650582
13:12:33,2166,9.403041885650582
13:12:34,2166,9.403041885650582
13:12:35,2166,9.403041885650582
13:12:36,2166,9.403041885650582
13:12:37,2166,9.402730022285898
13:12:38,2166,9.402730022285898
13:12:39,2166,9.402730022285898
13:12:40,2166,9.402730022285898
13:12:41,2166,9.402730022285898
13:12:42,2166,9.40318217979316
13:12:43,2166,9.40318217979316
13:12:44,2166,9.404150763358778
13:12:45,2166,9.404150763358778
13:12:46,2166,9.404150763358778
13:12:47,2166,9.404150763358778
13:12:48,2166,9.405213797488475
13:12:49,2167,9.405213797488475
13:12:50,2167,9.405213797488475
13:12:51,2167,9.405213797488475
13:12:52,2167,9.405213797488475
13:12:53,2167,9.406172545281219
13:12:54,2167,9.404843576306178
13:12:55,2167,9.404843576306178
13:12:56,2167,9.404843576306178
13:12:57,2167,9.401373015873016
13:12:58,2167,9.401373015873016
13:12:59,2167,9.401373015873016
13:13:00,2167,9.401373015873016
13:13:01,2168,9.401507218784705
13:13:02,2168,9.401507218784705
13:13:03,2168,9.401507218784705
13:13:04,2168,9.401507218784705
13:13:05,2168,9.401507218784705
13:13:06,2168,9.401507218784705
13:13:07,2169,9.401507218784705
13:13:08,2169,9.401507218784705
13:13:09,2169,9.401507218784705
13:13:10,2170,9.401507218784705
13:13:11,2171,9.401507218784705
13:13:12,2172,9.401507218784705
13:13:13,2173,9.401006498652718
13:13:14,2173,9.401006498652718
13:13:15,2173,9.401006498652718
13:13:16,2174,9.401489226869455
13:13:17,2175,9.401489226869455
13:13:18,2175,9.401489226869455
13:13:19,2175,9.39840063341251
13:13:20,2175,9.398132320354541
13:13:21,2175,9.398132320354541
13:13:22,2177,9.398132320354541
13:13:23,2178,9.398132320354541
13:13:24,2178,9.398132320354541
13:13:25,2179,9.398132320354541
13:13:26,2179,9.398132320354541
13:13:27,2181,9.398132320354541
13:13:28,2182,9.398164847334282
13:13:29,2182,9.398164847334282
13:13:30,2183,9.398164847334282
13:13:31,2184,9.399122390891842
13:13:32,2184,9.399122390891842
13:13:33,2184,9.399122390891842
13:13:34,2184,9.399122390891842
13:13:35,2187,9.399296665086139
13:13:36,2187,9.399296665086139
13:13:37,2187,9.399296665086139
13:13:38,2188,9.400308056872039
13:13:39,2189,9.400308056872039
13:13:40,2189,9.400308056872039
13:13:41,2189,9.400308056872039
13:13:42,2189,9.400308056872039
13:13:43,2190,9.400308056872039
13:13:44,2191,9.400308056872039
13:13:45,2191,9.400308056872039
13:13:46,2191,9.400308056872039
13:13:47,2192,9.400308056872039
13:13:48,2192,9.396952471182694
13:13:49,2193,9.396952471182694
13:13:50,2193,9.396952471182694
13:13:51,2193,9.396952471182694
13:13:52,2194,9.396952471182694
13:13:53,2194,9.396952471182694
13:13:54,2195,9.396952471182694
13:13:55,2195,9.396952471182694
13:13:56,2195,9.396952471182694
13:13:57,2195,9.396952471182694
13:13:58,2196,9.396952471182694
13:13:59,2196,9.396952471182694
13:14:00,2197,9.396952471182694
13:14:01,2198,9.397585227272726
13:14:02,2198,9.397585227272726
13:14:03,2198,9.397585227272726
13:14:04,2198,9.397585227272726
13:14:05,2199,9.397585227272726
13:14:06,2199,9.397223536835464
13:14:07,2199,9.397223536835464
13:14:08,2199,9.397223536835464
13:14:09,2200,9.397223536835464
13:14:10,2200,9.397223536835464
13:14:11,2200,9.397232734153265
13:14:12,2200,9.397232734153265
13:14:13,2200,9.397232734153265
13:14:14,2200,9.397232734153265
13:14:15,2200,9.397232734153265
13:14:16,2201,9.397232734153265
13:14:17,2201,9.396178092986604
13:14:18,2201,9.396178092986604
13:14:19,2201,9.396542218021425
13:14:20,2201,9.397795622736576
13:14:21,2201,9.39436575385584
13:14:22,2201,9.394344816737455
13:14:23,2201,9.394344816737455
13:14:24,2202,9.39442610062893
13:14:25,2203,9.39442610062893
13:14:26,2203,9.39098695583844
13:14:27,2203,9.39098695583844
13:14:28,2203,9.392130065975495
13:14:29,2204,9.392130065975495
13:14:30,2204,9.392130065975495
13:14:31,2204,9.392130065975495
13:14:32,2204,9.392130065975495
13:14:33,2204,9.392130065975495
13:14:34,2204,9.392130065975495
13:14:35,2204,9.392130065975495
13:14:36,2205,9.392130065975495
13:14:37,2205,9.392130065975495
13:14:38,2205,9.392130065975495
13:14:39,2205,9.392130065975495
13:14:40,2205,9.392130065975495
13:14:41,2205,9.392130065975495
13:14:42,2205,9.39233003611242
13:14:43,2205,9.39233003611242
13:14:44,2205,9.39233003611242
13:14:45,2205,9.39233003611242
13:14:46,2205,9.39233003611242
13:14:47,2205,9.39233003611242
13:14:48,2205,9.3890065913371
13:14:49,2205,9.3890065913371
13:14:50,2205,9.3890065913371
13:14:51,2205,9.386705882352942
13:14:52,2206,9.386705882352942
13:14:53,2206,9.386705882352942
13:14:54,2206,9.386705882352942
13:14:55,2207,9.386705882352942
13:14:56,2208,9.385747883349012
13:14:57,2208,9.385747883349012
13:14:58,2208,9.385747883349012
13:14:59,2210,9.385747883349012
13:15:00,2211,9.385747883349012
13:15:01,2211,9.385747883349012
13:15:02,2212,9.38218147625764
13:15:03,2214,9.382150689223058
13:15:04,2214,9.382150689223058
13:15:05,2214,9.382150689223058
13:15:06,2214,9.382150689223058
13:15:07,2214,9.381305777360263
13:15:08,2214,9.380985915492959
13:15:09,2214,9.380985915492959
13:15:10,2216,9.382316596277178
13:15:11,2216,9.382316596277178
13:15:12,2216,9.382316596277178
13:15:13,2216,9.381480612883053
13:15:14,2216,9.381480612883053
13:15:15,2217,9.381480612883053
13:15:16,2217,9.381480612883053
13:15:17,2217,9.381480612883053
13:15:18,2218,9.381480612883053
13:15:19,2218,9.381480612883053
13:15:20,2218,9.37804344428817
13:15:21,2218,9.37804344428817
13:15:22,2218,9.379482974070603
13:15:23,2219,9.379482974070603
13:15:24,2219,9.379482974070603
13:15:25,2219,9.379482974070603
13:15:26,2221,9.379482974070603
13:15:27,2221,9.379482974070603
13:15:28,2221,9.380624512099923
13:15:29,2221,9.380624512099923
13:15:30,2223,9.380624512099923
13:15:31,2223,9.38066479400749
13:15:32,2223,9.38066479400749
13:15:33,2223,9.377374824520356
13:15:34,2224,9.377374824520356
13:15:35,2224,9.377374824520356
13:15:36,2224,9.373963205487994
13:15:37,2225,9.373963205487994
13:15:38,2225,9.373963205487994
13:15:39,2225,9.370679445223624
13:15:40,2226,9.370679445223624
13:15:41,2226,9.370679445223624
13:15:42,2226,9.368831775700935
13:15:43,2227,9.368831775700935
13:15:44,2227,9.368831775700935
13:15:45,2227,9.368831775700935
13:15:46,2228,9.365545695158026
13:15:47,2228,9.365545695158026
13:15:48,2228,9.365545695158026
13:15:49,2229,9.365545695158026
13:15:50,2229,9.365545695158026
13:15:51,2230,9.365545695158026
13:15:52,2230,9.365522875816993
13:15:53,2230,9.365522875816993
13:15:54,2231,9.364076839321823
13:15:55,2231,9.364076839321823
13:15:56,2231,9.364076839321823
13:15:57,2233,9.364076839321823
13:15:58,2233,9.360665422885573
13:15:59,2233,9.360665422885573
13:16:00,2233,9.360665422885573
13:16:01,2233,9.360665422885573
13:16:02,2233,9.360665422885573
13:16:03,2233,9.359933209071139
13:16:04,2233,9.359933209071139
13:16:05,2233,9.359933209071139
13:16:06,2233,9.35997515913678
13:16:07,2233,9.35997515913678
13:16:08,2233,9.35997515913678
13:16:09,2233,9.35997515913678
13:16:10,2233,9.35997515913678
13:16:11,2233,9.35997515913678
13:16:12,2233,9.35997515913678
13:16:13,2234,9.35997515913678
13:16:14,2234,9.35997515913678
13:16:15,2234,9.35997515913678
13:16:16,2234,9.35997515913678
13:16:17,2234,9.35997515913678
13:16:18,2234,9.35997515913678
13:16:19,2234,9.35997515913678
13:16:20,2234,9.35997515913678
13:16:21,2234,9.35997515913678
13:16:22,2234,9.35997515913678
13:16:23,2234,9.360614525139663
13:16:24,2234,9.360614525139663
13:16:25,2235,9.360614525139663
13:16:26,2235,9.360431208313944
13:16:27,2235,9.360431208313944
13:16:28,2235,9.357410852713178
13:16:29,2235,9.357410852713178
13:16:30,2235,9.357410852713178
13:16:31,2235,9.357410852713178
13:16:32,2236,9.354401053773438
13:16:33,2236,9.354401053773438
13:16:34,2236,9.354401053773438
13:16:35,2236,9.354401053773438
13:16:36,2236,9.351502478314746
13:16:37,2236,9.351502478314746
13:16:38,2236,9.348374361356246
13:16:39,2236,9.348374361356246
13:16:40,2236,9.348374361356246
13:16:41,2236,9.3454658000619
13:16:42,2236,9.3454658000619
13:16:43,2236,9.345661252900232
13:16:44,2236,9.345661252900232
13:16:45,2236,9.345661252900232
13:16:46,2236,9.345661252900232
13:16:47,2236,9.343375077303648
13:16:48,2236,9.343375077303648
13:16:49,2236,9.343375077303648
13:16:50,2237,9.343375077303648
13:16:51,2237,9.343375077303648
13:16:52,2238,9.34435944985319
13:16:53,2239,9.34435944985319
13:16:54,2239,9.341558541859746
13:16:55,2239,9.341558541859746
13:16:56,2239,9.341558541859746
13:16:57,2239,9.338675312644742
13:16:58,2239,9.338675312644742
13:16:59,2239,9.331837112447941
13:17:00,2240,9.331837112447941
13:17:01,2240,9.33031144002467
13:17:02,2240,9.33031144002467
13:17:03,2240,9.33031144002467
13:17:04,2240,9.33031144002467
13:17:05,2242,9.33031144002467
13:17:06,2242,9.33031144002467
13:17:07,2242,9.33031144002467
13:17:08,2243,9.33031144002467
13:17:09,2243,9.33031144002467
13:17:10,2244,9.33031144002467
13:17:11,2244,9.33031144002467
13:17:12,2244,9.331114193250114
13:17:13,2244,9.331114193250114
13:17:14,2245,9.331114193250114
13:17:15,2246,9.331114193250114
13:17:16,2246,9.331114193250114
13:17:17,2246,9.331114193250114
13:17:18,2247,9.331114193250114
13:17:19,2247,9.331114193250114
13:17:20,2247,9.328327171903881
13:17:21,2248,9.325842956120091
13:17:22,2248,9.325842956120091
13:17:23,2249,9.325842956120091
13:17:24,2249,9.325842956120091
13:17:25,2250,9.325842956120091
13:17:26,2251,9.326923668821175
13:17:27,2251,9.326923668821175
13:17:28,2251,9.326923668821175
13:17:29,2251,9.327103522534994
13:17:30,2251,9.323769987699876
13:17:31,2251,9.32342861533733
13:17:32,2252,9.320215053763441
13:17:33,2252,9.3206740365423
13:17:34,2252,9.3206740365423
13:17:35,2253,9.3206740365423
13:17:36,2253,9.319129834254143
13:17:37,2253,9.319129834254143
13:17:38,2253,9.319129834254143
13:17:39,2253,9.316528608682313
13:17:40,2253,9.316528608682313
13:17:41,2254,9.316528608682313
13:17:42,2254,9.316528608682313
13:17:43,2254,9.316528608682313
13:17:44,2255,9.316528608682313
13:17:45,2255,9.316528608682313
13:17:46,2255,9.316528608682313
13:17:47,2255,9.316528608682313
13:17:48,2255,9.316528608682313
13:17:49,2255,9.314374425022999
13:17:50,2255,9.314374425022999
13:17:51,2255,9.314374425022999
13:17:52,2255,9.314374425022999
13:17:53,2255,9.314374425022999
13:17:54,2255,9.314374425022999
13:17:55,2255,9.311164750957854
13:17:56,2255,9.308938419117647
13:17:57,2255,9.308938419117647
13:17:58,2255,9.308938419117647
13:17:59,2255,9.30654570509876
13:18:00,2255,9.30654570509876
13:18:01,2255,9.30654570509876
13:18:02,2255,9.30654570509876
13:18:03,2255,9.30654570509876
13:18:04,2255,9.30654570509876
13:18:05,2255,9.30654570509876
13:18:06,2256,9.30654570509876
13:18:07,2256,9.30654570509876
13:18:08,2256,9.30358891949801
13:18:09,2256,9.30358891949801
13:18:10,2256,9.30358891949801
13:18:11,2256,9.30119320789353
13:18:12,2256,9.30119320789353
13:18:13,2256,9.298425076452599
13:18:14,2257,9.298425076452599
13:18:15,2257,9.299457435427174
13:18:16,2257,9.299457435427174
13:18:17,2257,9.299457435427174
13:18:18,2257,9.299457435427174
13:18:19,2258,9.296272532844485
13:18:20,2258,9.296272532844485
13:18:21,2259,9.29596121545274
13:18:22,2259,9.29596121545274
13:18:23,2259,9.29596121545274
13:18:24,2260,9.296634615384615
13:18:25,2260,9.296634615384615
13:18:26,2260,9.296634615384615
13:18:27,2260,9.296634615384615
13:18:28,2260,9.296634615384615
13:18:29,2261,9.296634615384615
13:18:30,2261,9.296634615384615
13:18:31,2261,9.296634615384615
13:18:32,2262,9.296634615384615
13:18:33,2262,9.296634615384615
13:18:34,2262,9.296634615384615
13:18:35,2262,9.296634615384615
13:18:36,2262,9.296634615384615
13:18:37,2262,9.294774980930587
13:18:38,2262,9.294774980930587
13:18:39,2264,9.294774980930587
13:18:40,2265,9.294774980930587
13:18:41,2266,9.294774980930587
13:18:42,2266,9.29341262580055
13:18:43,2267,9.29341262580055
13:18:44,2267,9.290862673372962
13:18:45,2268,9.287934186471663
13:18:46,2268,9.285411908024972
13:18:47,2268,9.285411908024972
13:18:48,2268,9.285411908024972
13:18:49,2270,9.283181126331812
13:18:50,2270,9.283181126331812
13:18:51,2270,9.281370759166286
13:18:52,2270,9.281370759166286
13:18:53,2271,9.281370759166286
13:18:54,2271,9.281370759166286
13:18:55,2271,9.281370759166286
13:18:56,2272,9.281370759166286
13:18:57,2272,9.281370759166286
13:18:58,2272,9.281370759166286
13:18:59,2273,9.281370759166286
13:19:00,2273,9.281370759166286
13:19:01,2273,9.281370759166286
13:19:02,2273,9.281370759166286
13:19:03,2274,9.281370759166286
13:19:04,2274,9.282618613138686
13:19:05,2274,9.282618613138686
13:19:06,2276,9.282618613138686
13:19:07,2276,9.282618613138686
13:19:08,2276,9.282618613138686
13:19:09,2277,9.279320565435476
13:19:10,2278,9.278714676390155
13:19:11,2278,9.277000759301442
13:19:12,2278,9.277000759301442
13:19:13,2278,9.277000759301442
13:19:14,2278,9.273846387370977
13:19:15,2278,9.273846387370977
13:19:16,2278,9.273846387370977
13:19:17,2278,9.273846387370977
13:19:18,2278,9.273846387370977
13:19:19,2278,9.273846387370977
13:19:20,2278,9.271362463966016
13:19:21,2278,9.271362463966016
13:19:22,2278,9.268213527449197
13:19:23,2278,9.268462937698954
13:19:24,2278,9.268462937698954
13:19:25,2279,9.268984848484848
13:19:26,2280,9.268984848484848
13:19:27,2280,9.268984848484848
13:19:28,2280,9.268984848484848
13:19:29,2281,9.268052400424049
13:19:30,2281,9.268052400424049
13:19:31,2281,9.268052400424049
13:19:32,2282,9.268052400424049
13:19:33,2282,9.266606115652438
13:19:34,2282,9.266606115652438
13:19:35,2282,9.266606115652438
13:19:36,2283,9.264283552731124
13:19:37,2283,9.264283552731124
13:19:38,2284,9.26274954627949
13:19:39,2284,9.26274954627949
13:19:40,2284,9.26274954627949
13:19:41,2284,9.26274954627949
13:19:42,2284,9.26274954627949
13:19:43,2284,9.26274954627949
13:19:44,2284,9.26274954627949
13:19:45,2284,9.26274954627949
13:19:46,2284,9.26274954627949
13:19:47,2284,9.26274954627949
13:19:48,2284,9.26274954627949
13:19:49,2284,9.26274954627949
13:19:50,2284,9.26274954627949
13:19:51,2284,9.26274954627949
13:19:52,2284,9.260725623582767
13:19:53,2284,9.260725623582767
13:19:54,2285,9.258371109096403
13:19:55,2286,9.258371109096403
13:19:56,2286,9.258371109096403
13:19:57,2286,9.258371109096403
13:19:58,2286,9.258371109096403
13:19:59,2287,9.25548255550521
13:20:00,2287,9.25548255550521
13:20:01,2287,9.25548255550521
13:20:02,2287,9.25548255550521
13:20:03,2287,9.25548255550521
13:20:04,2287,9.25548255550521
13:20:05,2287,9.25548255550521
13:20:06,2288,9.254332729468599
13:20:07,2289,9.254332729468599
13:20:08,2289,9.254332729468599
13:20:09,2289,9.254332729468599
13:20:10,2289,9.254332729468599
13:20:11,2289,9.252346461445601
13:20:12,2289,9.252134238310708
13:20:13,2289,9.252134238310708
13:20:14,2289,9.252134238310708
13:20:15,2289,9.252134238310708
13:20:16,2289,9.250874415799789
13:20:17,2290,9.250874415799789
13:20:18,2290,9.250874415799789
13:20:19,2290,9.250874415799789
13:20:20,2290,9.250874415799789
13:20:21,2290,9.250874415799789
13:20:22,2291,9.250874415799789
13:20:23,2291,9.250874415799789
13:20:24,2291,9.250874415799789
13:20:25,2293,9.250874415799789
13:20:26,2293,9.248048523206752
13:20:27,2294,9.246708841693026
13:20:28,2294,9.246708841693026
13:20:29,2295,9.247094248720265
13:20:30,2296,9.243739653875092
13:20:31,2297,9.243739653875092
13:20:32,2298,9.243739653875092
13:20:33,2299,9.243739653875092
13:20:34,2299,9.243739653875092
13:20:35,2300,9.240869434416366
13:20:36,2300,9.240869434416366
13:20:37,2300,9.240869434416366
13:20:38,2300,9.239272289881221
13:20:39,2303,9.239272289881221
13:20:40,2303,9.236647129546137
13:20:41,2303,9.236647129546137
13:20:42,2304,9.236647129546137
13:20:43,2306,9.236647129546137
13:20:44,2306,9.235038305543037
13:20:45,2307,9.235038305543037
13:20:46,2307,9.235038305543037
13:20:47,2308,9.23243993993994
13:20:48,2309,9.23243993993994
13:20:49,2309,9.23243993993994
13:20:50,2310,9.23243993993994
13:20:51,2311,9.23243993993994
13:20:52,2311,9.23243993993994
13:20:53,2311,9.23243993993994
13:20:54,2313,9.23243993993994
13:20:55,2313,9.23243993993994
13:20:56,2314,9.229101005553053
13:20:57,2315,9.229101005553053
13:20:58,2315,9.229101005553053
13:20:59,2316,9.229101005553053
13:21:00,2317,9.225997599759976
13:21:01,2317,9.225997599759976
13:21:02,2317,9.226398260608788
13:21:03,2319,9.226398260608788
13:21:04,2320,9.224486891385768
13:21:05,2320,9.224486891385768
13:21:06,2322,9.224486891385768
13:21:07,2322,9.224486891385768
13:21:08,2322,9.223420185684338
13:21:09,2324,9.223420185684338
13:21:10,2324,9.223420185684338
13:21:11,2325,9.222309534500823
13:21:12,2327,9.222309534500823
13:21:13,2327,9.222309534500823
13:21:14,2327,9.222309534500823
13:21:15,2328,9.222309534500823
13:21:16,2329,9.222309534500823
13:21:17,2329,9.222309534500823
13:21:18,2330,9.222309534500823
13:21:19,2331,9.222309534500823
13:21:20,2331,9.219554159186115
13:21:21,2331,9.219554159186115
13:21:22,2333,9.219554159186115
13:21:23,2334,9.219554159186115
13:21:24,2335,9.219554159186115
13:21:25,2335,9.219554159186115
13:21:26,2336,9.21704783258595
13:21:27,2336,9.21704783258595
13:21:28,2336,9.21704783258595
13:21:29,2336,9.21704783258595
13:21:30,2338,9.21704783258595
13:21:31,2338,9.21704783258595
13:21:32,2338,9.21704783258595
13:21:33,2338,9.214208874943973
13:21:34,2338,9.214208874943973
13:21:35,2338,9.214208874943973
13:21:36,2338,9.21447879330944
13:21:37,2339,9.21447879330944
13:21:38,2341,9.212889983579638
13:21:39,2341,9.212889983579638
13:21:40,2341,9.212889983579638
13:21:41,2341,9.21004177857356
13:21:42,2341,9.207330350484712
13:21:43,2341,9.207330350484712
13:21:44,2342,9.207330350484712
13:21:45,2342,9.203099389062734
13:21:46,2342,9.203099389062734
13:21:47,2342,9.200156389633602
13:21:48,2343,9.200156389633602
13:21:49,2343,9.200156389633602
13:21:50,2343,9.200156389633602
13:21:51,2343,9.200156389633602
13:21:52,2343,9.200156389633602
13:21:53,2344,9.200156389633602
13:21:54,2344,9.197096918267084
13:21:55,2345,9.197096918267084
13:21:56,2346,9.196964285714285
13:21:57,2347,9.196964285714285
13:21:58,2348,9.194258515543655
13:21:59,2348,9.194258515543655
13:22:00,2348,9.194258515543655
13:22:01,2348,9.194258515543655
13:22:02,2348,9.194258515543655
13:22:03,2348,9.194258515543655
13:22:04,2348,9.194258515543655
13:22:05,2348,9.194258515543655
13:22:06,2348,9.194258515543655
13:22:07,2348,9.194258515543655
13:22:08,2348,9.194258515543655
13:22:09,2348,9.194258515543655
13:22:10,2348,9.194258515543655
13:22:11,2348,9.194258515543655
13:22:12,2348,9.194258515543655
13:22:13,2348,9.194258515543655
13:22:14,2349,9.194258515543655
13:22:15,2350,9.190967885816235
13:22:16,2350,9.190967885816235
13:22:17,2350,9.189478377173428
13:22:18,2350,9.189478377173428
13:22:19,2351,9.188621509209746
13:22:20,2351,9.188621509209746
13:22:21,2351,9.188621509209746
13:22:22,2351,9.188621509209746
13:22:23,2351,9.188621509209746
13:22:24,2351,9.188621509209746
13:22:25,2351,9.188621509209746
13:22:26,2351,9.186635500148412
13:22:27,2351,9.186635500148412
13:22:28,2351,9.186635500148412
13:22:29,2351,9.186635500148412
13:22:30,2351,9.18555852247441
13:22:31,2351,9.18555852247441
13:22:32,2351,9.18555852247441
13:22:33,2351,9.18555852247441
13:22:34,2352,9.182406583629893
13:22:35,2353,9.179242626352453
13:22:36,2353,9.179242626352453
13:22:37,2353,9.179242626352453
13:22:38,2353,9.179242626352453
13:22:39,2354,9.179242626352453
13:22:40,2354,9.179242626352453
13:22:41,2354,9.176918518518518
13:22:42,2354,9.176918518518518
13:22:43,2354,9.176918518518518
13:22:44,2354,9.176918518518518
13:22:45,2354,9.177113875314676
13:22:46,2354,9.177113875314676
13:22:47,2354,9.174430136175252
13:22:48,2354,9.174611628939193
13:22:49,2354,9.174611628939193
13:22:50,2354,9.174611628939193
13:22:51,2354,9.172197574682048
13:22:52,2354,9.172197574682048
13:22:53,2354,9.170938654841093
13:22:54,2355,9.170938654841093
13:22:55,2355,9.170938654841093
13:22:56,2355,9.170938654841093
13:22:57,2355,9.170938654841093
13:22:58,2355,9.170938654841093
13:22:59,2355,9.170938654841093
13:23:00,2355,9.16845449172577
13:23:01,2355,9.16845449172577
13:23:02,2355,9.167951558115494
13:23:03,2355,9.167951558115494
13:23:04,2356,9.167951558115494
13:23:05,2356,9.167951558115494
13:23:06,2356,9.167951558115494
13:23:07,2358,9.164932093297903
13:23:08,2358,9.164932093297903
13:23:09,2358,9.164932093297903
13:23:10,2360,9.164932093297903
13:23:11,2360,9.164932093297903
13:23:12,2360,9.164932093297903
13:23:13,2361,9.161915301755938
13:23:14,2361,9.161915301755938
13:23:15,2361,9.161915301755938
13:23:16,2361,9.15901179941003
13:23:17,2362,9.15901179941003
13:23:18,2362,9.15901179941003
13:23:19,2362,9.158292790800532
13:23:20,2362,9.156926024167404
13:23:21,2362,9.156926024167404
13:23:22,2362,9.156926024167404
13:23:23,2362,9.156926024167404
13:23:24,2362,9.156926024167404
13:23:25,2362,9.15564884371778
13:23:26,2362,9.15564884371778
13:23:27,2362,9.15564884371778
13:23:28,2362,9.15564884371778
13:23:29,2362,9.15564884371778
13:23:30,2363,9.15564884371778
13:23:31,2363,9.153194935217902
13:23:32,2363,9.153194935217902
13:23:33,2363,9.15047093451067
13:23:34,2364,9.150772285966461
13:23:35,2364,9.150772285966461
13:23:36,2364,9.150772285966461
13:23:37,2364,9.150772285966461
13:23:38,2365,9.148117923834729
13:23:39,2365,9.148117923834729
13:23:40,2365,9.145465902410347
13:23:41,2365,9.145465902410347
13:23:42,2365,9.145465902410347
13:23:43,2366,9.145465902410347
13:23:44,2366,9.145465902410347
13:23:45,2366,9.145465902410347
13:23:46,2367,9.145465902410347
13:23:47,2367,9.145465902410347
13:23:48,2368,9.14270603790216
13:23:49,2368,9.14270603790216
13:23:50,2369,9.14270603790216
13:23:51,2369,9.14270603790216
13:23:52,2369,9.142305433186491
13:23:53,2369,9.142305433186491
13:23:54,2370,9.140716277704389
13:23:55,2370,9.140716277704389
13:23:56,2370,9.140716277704389
13:23:57,2371,9.140716277704389
13:23:58,2371,9.140716277704389
13:23:59,2372,9.140716277704389
13:24:00,2372,9.140716277704389
13:24:01,2373,9.140716277704389
13:24:02,2373,9.140716277704389
13:24:03,2373,9.140716277704389
13:24:04,2374,9.140716277704389
13:24:05,2374,9.140716277704389
13:24:06,2374,9.140397593896715
13:24:07,2375,9.13789411937234
13:24:08,2376,9.13789411937234
13:24:09,2376,9.135275579009088
13:24:10,2377,9.135275579009088
13:24:11,2378,9.131927357937903
13:24:12,2378,9.131927357937903
13:24:13,2378,9.131927357937903
13:24:14,2378,9.129944371248719
13:24:15,2378,9.129944371248719
13:24:16,2378,9.129944371248719
13:24:17,2379,9.129944371248719
13:24:18,2379,9.129944371248719
13:24:19,2380,9.129944371248719
13:24:20,2380,9.129944371248719
13:24:21,2381,9.129944371248719
13:24:22,2381,9.129944371248719
13:24:23,2381,9.129944371248719
13:24:24,2381,9.129944371248719
13:24:25,2381,9.129944371248719
13:24:26,2382,9.129944371248719
13:24:27,2383,9.127889961954931
13:24:28,2383,9.125493637560334
13:24:29,2383,9.125493637560334
13:24:30,2384,9.125493637560334
13:24:31,2384,9.124546783625732
13:24:32,2384,9.124546783625732
13:24:33,2385,9.122051731696624
13:24:34,2385,9.122051731696624
13:24:35,2385,9.122051731696624
13:24:36,2385,9.122051731696624
13:24:37,2386,9.119661115980135
13:24:38,2386,9.119661115980135
13:24:39,2387,9.119353190246752
13:24:40,2387,9.119353190246752
13:24:41,2387,9.116885485047412
13:24:42,2387,9.116885485047412
13:24:43,2388,9.116885485047412
13:24:44,2389,9.116885485047412
13:24:45,2389,9.116885485047412
13:24:46,2389,9.116032370953631
13:24:47,2390,9.116032370953631
13:24:48,2391,9.113707914298207
13:24:49,2391,9.113707914298207
13:24:50,2391,9.11178613053613
13:24:51,2392,9.11178613053613
13:24:52,2393,9.11178613053613
13:24:53,2393,9.11178613053613
13:24:54,2393,9.11178613053613
13:24:55,2394,9.11178613053613
13:24:56,2394,9.109516528323867
13:24:57,2394,9.109516528323867
13:24:58,2395,9.109516528323867
13:24:59,2395,9.109516528323867
13:25:00,2396,9.109516528323867
13:25:01,2396,9.109516528323867
13:25:02,2396,9.109516528323867
13:25:03,2396,9.109516528323867
13:25:04,2396,9.109516528323867
13:25:05,2397,9.109516528323867
13:25:06,2397,9.10849344978166
13:25:07,2397,9.10849344978166
13:25:08,2397,9.10849344978166
13:25:09,2397,9.10849344978166
13:25:10,2397,9.10849344978166
13:25:11,2397,9.10849344978166
13:25:12,2397,9.105730075625363
13:25:13,2397,9.105730075625363
13:25:14,2397,9.101271432723046
13:25:15,2398,9.101271432723046
13:25:16,2398,9.100973129992736
13:25:17,2398,9.098911149825785
13:25:18,2399,9.097090407778262
13:25:19,2399,9.097090407778262
13:25:20,2399,9.09614157238178
13:25:21,2399,9.094200376975497
13:25:22,2399,9.094200376975497
13:25:23,2399,9.092065217391305
13:25:24,2400,9.092065217391305
13:25:25,2400,9.092065217391305
13:25:26,2400,9.092065217391305
13:25:27,2400,9.092065217391305
13:25:28,2400,9.092065217391305
13:25:29,2400,9.092065217391305
13:25:30,2400,9.092065217391305
13:25:31,2400,9.092065217391305
13:25:32,2400,9.092065217391305
13:25:33,2400,9.092065217391305
13:25:34,2400,9.092065217391305
13:25:35,2400,9.092065217391305
13:25:36,2400,9.092065217391305
13:25:37,2402,9.092065217391305
13:25:38,2402,9.092065217391305
13:25:39,2403,9.092065217391305
13:25:40,2403,9.090047805302042
13:25:41,2404,9.090047805302042
13:25:42,2404,9.090047805302042
13:25:43,2405,9.090047805302042
13:25:44,2405,9.090047805302042
13:25:45,2405,9.090047805302042
13:25:46,2406,9.088140747176368
13:25:47,2406,9.088140747176368
13:25:48,2407,9.086242582139239
13:25:49,2407,9.086242582139239
13:25:50,2407,9.086242582139239
13:25:51,2407,9.08537326388889
13:25:52,2407,9.08537326388889
13:25:53,2407,9.08537326388889
13:25:54,2407,9.08537326388889
13:25:55,2407,9.08537326388889
13:25:56,2407,9.08537326388889
13:25:57,2407,9.08537326388889
13:25:58,2407,9.08537326388889
13:25:59,2407,9.08537326388889
13:26:00,2408,9.08537326388889
13:26:01,2408,9.085169920462763
13:26:02,2408,9.08324660306447
13:26:03,2408,9.08324660306447
13:26:04,2408,9.08107932379714
13:26:05,2409,9.08107932379714
13:26:06,2409,9.08107932379714
13:26:07,2409,9.079289428076256
13:26:08,2410,9.079117944276021
13:26:09,2410,9.079117944276021
13:26:10,2410,9.077539682539683
13:26:11,2410,9.077539682539683
13:26:12,2411,9.075746430116832
13:26:13,2411,9.075746430116832
13:26:14,2411,9.075746430116832
13:26:15,2411,9.075746430116832
13:26:16,2412,9.075746430116832
13:26:17,2412,9.075746430116832
13:26:18,2412,9.075746430116832
13:26:19,2413,9.075746430116832
13:26:20,2413,9.075746430116832
13:26:21,2413,9.072988754325259
13:26:22,2413,9.071105346591729
13:26:23,2414,9.071105346591729
13:26:24,2414,9.070426390089311
13:26:25,2414,9.070426390089311
13:26:26,2415,9.070426390089311
13:26:27,2415,9.070426390089311
13:26:28,2415,9.070426390089311
13:26:29,2415,9.068682505399568
13:26:30,2415,9.068682505399568
13:26:31,2415,9.068682505399568
13:26:32,2415,9.068682505399568
13:26:33,2416,9.068682505399568
13:26:34,2417,9.068682505399568
13:26:35,2417,9.068682505399568
13:26:36,2417,9.067012089810017
13:26:37,2417,9.067012089810017
13:26:38,2417,9.067012089810017
13:26:39,2417,9.067012089810017
13:26:40,2417,9.067012089810017
13:26:41,2417,9.067012089810017
13:26:42,2417,9.067012089810017
13:26:43,2417,9.067012089810017
13:26:44,2417,9.066220687670839
13:26:45,2417,9.066220687670839
13:26:46,2417,9.0654659188956
13:26:47,2417,9.0654659188956
13:26:48,2417,9.0654659188956
13:26:49,2417,9.0654659188956
13:26:50,2418,9.0654659188956
13:26:51,2418,9.065480810694265
13:26:52,2418,9.065480810694265
13:26:53,2418,9.063563218390804
13:26:54,2418,9.063563218390804
13:26:55,2418,9.06328450380583
13:26:56,2418,9.06328450380583
13:26:57,2418,9.06328450380583
13:26:58,2418,9.061828883146713
13:26:59,2418,9.060453436648013
13:27:00,2418,9.060453436648013
13:27:01,2419,9.058569994262765
13:27:02,2419,9.058569994262765
13:27:03,2419,9.058569994262765
13:27:04,2419,9.056867383512545
13:27:05,2420,9.056867383512545
13:27:06,2420,9.056867383512545
13:27:07,2420,9.056867383512545
13:27:08,2420,9.056867383512545
13:27:09,2421,9.056867383512545
13:27:10,2421,9.056613642877615
13:27:11,2421,9.056613642877615
13:27:12,2422,9.054161294943418
13:27:13,2422,9.054161294943418
13:27:14,2422,9.054161294943418
13:27:15,2423,9.054161294943418
13:27:16,2423,9.054161294943418
13:27:17,2423,9.054161294943418
13:27:18,2423,9.053171534936999
13:27:19,2424,9.053171534936999
13:27:20,2424,9.053171534936999
13:27:21,2424,9.053171534936999
13:27:22,2424,9.053171534936999
13:27:23,2424,9.053171534936999
13:27:24,2424,9.053171534936999
13:27:25,2424,9.051323887219121
13:27:26,2424,9.051323887219121
13:27:27,2424,9.051323887219121
13:27:28,2425,9.049320457796853
13:27:29,2425,9.049320457796853
13:27:30,2425,9.049320457796853
13:27:31,2425,9.049320457796853
13:27:32,2425,9.049320457796853
13:27:33,2426,9.048026598026599
13:27:34,2426,9.047334190966266
13:27:35,2427,9.045320760108586
13:27:36,2427,9.045320760108586
13:27:37,2427,9.044451585261355
13:27:38,2428,9.044451585261355
13:27:39,2428,9.044451585261355
13:27:40,2428,9.042084225553175
13:27:41,2428,9.042084225553175
13:27:42,2429,9.042084225553175
13:27:43,2429,9.041966324200912
13:27:44,2429,9.041966324200912
13:27:45,2429,9.041966324200912
13:27:46,2429,9.039651975467121
13:27:47,2429,9.039651975467121
13:27:48,2429,9.039651975467121
13:27:49,2429,9.039556601083547
13:27:50,2429,9.039556601083547
13:27:51,2429,9.039556601083547
13:27:52,2429,9.03830696879008
13:27:53,2429,9.036474358974358
13:27:54,2429,9.036474358974358
13:27:55,2429,9.036474358974358
13:27:56,2429,9.036474358974358
13:27:57,2429,9.036474358974358
13:27:58,2429,9.036474358974358
13:27:59,2429,9.034123593905738
13:28:00,2429,9.031575576430402
13:28:01,2429,9.031575576430402
13:28:02,2429,9.031575576430402
13:28:03,2429,9.031575576430402
13:28:04,2429,9.031575576430402
13:28:05,2430,9.031575576430402
13:28:06,2430,9.031575576430402
13:28:07,2430,9.031575576430402
13:28:08,2430,9.03035993740219
13:28:09,2430,9.03035993740219
13:28:10,2430,9.03035993740219
13:28:11,2430,9.03035993740219
13:28:12,2430,9.03035993740219
13:28:13,2430,9.03035993740219
13:28:14,2430,9.028661831626847
13:28:15,2430,9.028661831626847
13:28:16,2431,9.028661831626847
13:28:17,2431,9.028661831626847
13:28:18,2432,9.028661831626847
13:28:19,2432,9.025955934612652
13:28:20,2432,9.025955934612652
13:28:21,2433,9.025955934612652
13:28:22,2433,9.025955934612652
13:28:23,2433,9.025955934612652
13:28:24,2433,9.025404944586532
13:28:25,2433,9.025404944586532
13:28:26,2433,9.025404944586532
13:28:27,2433,9.025404944586532
13:28:28,2433,9.023377361170288
13:28:29,2433,9.023377361170288
13:28:30,2433,9.021819988642816
13:28:31,2433,9.021819988642816
13:28:32,2433,9.021959699162766
13:28:33,2433,9.021959699162766
13:28:34,2433,9.021959699162766
13:28:35,2433,9.021959699162766
13:28:36,2433,9.02217730496454
13:28:37,2433,9.02217730496454
13:28:38,2433,9.02217730496454
13:28:39,2433,9.020317595349496
13:28:40,2433,9.020317595349496
13:28:41,2433,9.019075963718821
13:28:42,2433,9.019075963718821
13:28:43,2433,9.017991216886246
13:28:44,2433,9.017991216886246
13:28:45,2433,9.017991216886246
13:28:46,2433,9.017991216886246
13:28:47,2433,9.017991216886246
13:28:48,2433,9.016291418861512
13:28:49,2433,9.016291418861512
13:28:50,2433,9.014861995753716
13:28:51,2433,9.014861995753716
13:28:52,2433,9.012882003395585
13:28:53,2434,9.012882003395585
13:28:54,2434,9.012882003395585
13:28:55,2434,9.012882003395585
13:28:56,2434,9.012882003395585
13:28:57,2434,9.010818837505303
13:28:58,2434,9.010156912637829
13:28:59,2434,9.010156912637829
13:29:00,2434,9.010156912637829
13:29:01,2434,9.007997739155009
13:29:02,2434,9.007997739155009
13:29:03,2434,9.007997739155009
13:29:04,2434,9.007997739155009
13:29:05,2434,9.007997739155009
13:29:06,2434,9.007997739155009
13:29:07,2434,9.007997739155009
13:29:08,2434,9.006073446327685
13:29:09,2434,9.006073446327685
13:29:10,2434,9.006073446327685
13:29:11,2434,9.006073446327685
13:29:12,2434,9.006073446327685
13:29:13,2435,9.006073446327685
13:29:14,2435,9.005654383735704
13:29:15,2435,9.005654383735704
13:29:16,2435,9.005654383735704
13:29:17,2436,9.004671182613604
13:29:18,2436,9.004671182613604
13:29:19,2436,9.004671182613604
13:29:20,2437,9.004671182613604
13:29:21,2437,9.002814219212866
13:29:22,2437,9.002814219212866
13:29:23,2438,9.000909475465313
13:29:24,2438,9.000909475465313
13:29:25,2438,8.998407329105003
13:29:26,2438,8.998407329105003
13:29:27,2438,8.998407329105003
13:29:28,2438,8.996211801154768
13:29:29,2438,8.996211801154768
13:29:30,2438,8.996211801154768
13:29:31,2438,8.996211801154768
13:29:32,2438,8.995622184684684
13:29:33,2438,8.995622184684684
13:29:34,2438,8.995622184684684
13:29:35,2438,8.995622184684684
13:29:36,2438,8.995750668355141
13:29:37,2438,8.995750668355141
13:29:38,2438,8.995750668355141
13:29:39,2438,8.995750668355141
13:29:40,2438,8.995750668355141
13:29:41,2438,8.995750668355141
13:29:42,2438,8.995750668355141
13:29:43,2438,8.995750668355141
13:29:44,2438,8.995750668355141
13:29:45,2438,8.994458509142053
13:29:46,2438,8.99254182482778
13:29:47,2438,8.99254182482778
13:29:48,2438,8.992573074761102
13:29:49,2438,8.992573074761102
13:29:50,2438,8.992573074761102
13:29:51,2438,8.990143218197137
13:29:52,2438,8.990143218197137
13:29:53,2438,8.990143218197137
13:29:54,2438,8.990143218197137
13:29:55,2438,8.988533333333333
13:29:56,2438,8.988533333333333
13:29:57,2438,8.9868265993266
13:29:58,2438,8.9868265993266
13:29:59,2438,8.9868265993266
13:30:00,2438,8.9868265993266
13:30:01,2439,8.9868265993266
13:30:02,2439,8.9868265993266
13:30:03,2439,8.9868265993266
13:30:04,2439,8.9868265993266
13:30:05,2439,8.9868265993266
13:30:06,2439,8.985373720375824
13:30:07,2439,8.985373720375824
13:30:08,2439,8.985373720375824
13:30:09,2440,8.985373720375824
13:30:10,2440,8.98542192318475
13:30:11,2440,8.98542192318475
13:30:12,2441,8.98542192318475
13:30:13,2441,8.98542192318475
13:30:14,2441,8.98542192318475
13:30:15,2441,8.98542192318475
13:30:16,2442,8.98542192318475
13:30:17,2442,8.98542192318475
13:30:18,2442,8.98542192318475
13:30:19,2442,8.98542192318475
13:30:20,2442,8.983228247162675
13:30:21,2442,8.983228247162675
13:30:22,2443,8.983228247162675
13:30:23,2443,8.983228247162675
13:30:24,2443,8.983228247162675
13:30:25,2444,8.981120448179272
13:30:26,2444,8.981120448179272
13:30:27,2444,8.981120448179272
13:30:28,2444,8.981120448179272
13:30:29,2445,8.976252448922475
13:30:30,2445,8.976252448922475
13:30:31,2445,8.976252448922475
13:30:32,2445,8.976252448922475
13:30:33,2446,8.976252448922475
13:30:34,2446,8.976339348160582
13:30:35,2446,8.976339348160582
13:30:36,2446,8.975328579418344
13:30:37,2446,8.975328579418344
13:30:38,2446,8.975328579418344
13:30:39,2446,8.974528301886794
13:30:40,2446,8.973295613299804
13:30:41,2446,8.972790113112694
13:30:42,2446,8.972790113112694
13:30:43,2446,8.972790113112694
13:30:44,2446,8.972934115019543
13:30:45,2446,8.972934115019543
13:30:46,2446,8.97113157527557
13:30:47,2446,8.97113157527557
13:30:48,2446,8.97113157527557
13:30:49,2446,8.97113157527557
13:30:50,2446,8.97113157527557
13:30:51,2446,8.97113157527557
13:30:52,2446,8.97113157527557
13:30:53,2446,8.97113157527557
13:30:54,2446,8.97113157527557
13:30:55,2446,8.97113157527557
13:30:56,2446,8.97113157527557
13:30:57,2446,8.97113157527557
13:30:58,2447,8.97113157527557
13:30:59,2447,8.97113157527557
13:31:00,2447,8.97113157527557
13:31:01,2447,8.97113157527557
13:31:02,2447,8.97113157527557
13:31:03,2447,8.97113157527557
13:31:04,2447,8.968828451882844
13:31:05,2447,8.968828451882844
13:31:06,2447,8.966255402202705
13:31:07,2447,8.966255402202705
13:31:08,2447,8.966255402202705
13:31:09,2447,8.966255402202705
13:31:10,2447,8.966255402202705
13:31:11,2447,8.966255402202705
13:31:12,2447,8.966255402202705
13:31:13,2447,8.96499442586399
13:31:14,2447,8.96499442586399
13:31:15,2447,8.96499442586399
13:31:16,2448,8.96499442586399
13:31:17,2448,8.96499442586399
13:31:18,2448,8.96499442586399
13:31:19,2448,8.96499442586399
13:31:20,2448,8.96499442586399
13:31:21,2448,8.96499442586399
13:31:22,2448,8.96499442586399
13:31:23,2448,8.96499442586399
13:31:24,2448,8.96499442586399
13:31:25,2448,8.96499442586399
13:31:26,2448,8.967126340715977
13:31:27,2448,8.967126340715977
13:31:28,2448,8.96661097187413
13:31:29,2448,8.965650661099513
13:31:30,2448,8.965073734001114
13:31:31,2448,8.965073734001114
13:31:32,2448,8.965073734001114
13:31:33,2448,8.96547072729801
13:31:34,2448,8.96547072729801
13:31:35,2448,8.96547072729801
13:31:36,2448,8.96547072729801
13:31:37,2448,8.96547072729801
13:31:38,2448,8.96547072729801
13:31:39,2448,8.96547072729801
13:31:40,2448,8.96547072729801
13:31:41,2448,8.96547072729801
13:31:42,2448,8.96269113149847
13:31:43,2448,8.96269113149847
13:31:44,2448,8.96269113149847
13:31:45,2448,8.96269113149847
13:31:46,2448,8.96269113149847
13:31:47,2448,8.96269113149847
13:31:48,2448,8.961310268167292
13:31:49,2448,8.961310268167292
13:31:50,2448,8.961310268167292
13:31:51,2448,8.961310268167292
13:31:52,2448,8.961833333333335
13:31:53,2448,8.961833333333335
13:31:54,2448,8.961833333333335
13:31:55,2448,8.959357212272664
13:31:56,2448,8.959357212272664
13:31:57,2448,8.959357212272664
13:31:58,2448,8.959357212272664
13:31:59,2448,8.959357212272664
13:32:00,2448,8.959357212272664
13:32:01,2448,8.959357212272664
13:32:02,2448,8.959357212272664
13:32:03,2448,8.959357212272664
13:32:04,2448,8.95830557868443
13:32:05,2448,8.95830557868443
13:32:06,2449,8.95830557868443
13:32:07,2449,8.95830557868443
13:32:08,2449,8.95830557868443
13:32:09,2449,8.95830557868443
13:32:10,2449,8.95830557868443
13:32:11,2449,8.95830557868443
13:32:12,2449,8.95830557868443
13:32:13,2449,8.95830557868443
13:32:14,2449,8.95830557868443
13:32:15,2449,8.95830557868443
13:32:16,2449,8.95830557868443
13:32:17,2450,8.958898598973507
13:32:18,2450,8.958898598973507
13:32:19,2450,8.958898598973507
13:32:20,2450,8.958499722684415
13:32:21,2450,8.958212058212059
13:32:22,2450,8.958212058212059
13:32:23,2451,8.958212058212059
13:32:24,2451,8.958212058212059
13:32:25,2450,8.961189683860233
13:32:26,2450,8.96098406098406
13:32:27,2450,8.96098406098406
13:32:28,2450,8.96098406098406
13:32:29,2450,8.96098406098406
13:32:30,2450,8.96098406098406
13:32:31,2450,8.96098406098406
13:32:32,2450,8.96098406098406
13:32:33,2450,8.96098406098406
13:32:34,2450,8.96098406098406
13:32:35,2450,8.96098406098406
13:32:36,2449,8.96384498058791
13:32:37,2449,8.96384498058791
13:32:38,2449,8.963513513513513
13:32:39,2449,8.963513513513513
13:32:40,2448,8.966368552412645
13:32:41,2448,8.966368552412645
13:32:42,2448,8.966368552412645
13:32:43,2448,8.966368552412645
13:32:44,2448,8.966368552412645
13:32:45,2448,8.966368552412645
13:32:46,2448,8.966368552412645
13:32:47,2448,8.966368552412645
13:32:48,2448,8.963395703395703
13:32:49,2448,8.963395703395703
13:32:50,2446,8.968906921903177
13:32:51,2447,8.968906921903177
13:32:52,2447,8.968906921903177
13:32:53,2446,8.971669442131558
13:32:54,2446,8.971669442131558
13:32:55,2446,8.970647801359412
13:32:56,2446,8.970647801359412
13:32:57,2446,8.970647801359412
13:32:58,2444,8.976183534638345
13:32:59,2444,8.976183534638345
13:33:00,2443,8.978890739969456
13:33:01,2442,8.981659722222222
13:33:02,2442,8.981659722222222
13:33:03,2442,8.981659722222222
13:33:04,2442,8.981659722222222
13:33:05,2442,8.981659722222222
13:33:06,2441,8.984424065582882
13:33:07,2442,8.984770833333332
13:33:08,2442,8.984770833333332
13:33:09,2442,8.984770833333332
13:33:10,2442,8.987536473530637
13:33:11,2441,8.990127831040713
13:33:12,2441,8.990127831040713
13:33:13,2440,8.992246769487286
13:33:14,2440,8.992246769487286
13:33:15,2440,8.992246769487286
13:33:16,2441,8.992246769487286
13:33:17,2441,8.992246769487286
13:33:18,2441,8.992246769487286
13:33:19,2441,8.994905476786212
13:33:20,2441,8.994905476786212
13:33:21,2442,8.994905476786212
13:33:22,2442,8.994905476786212
13:33:23,2442,8.994905476786212
13:33:24,2442,8.994905476786212
13:33:25,2442,8.994905476786212
13:33:26,2442,8.994905476786212
13:33:27,2443,8.994905476786212
13:33:28,2443,8.994905476786212
13:33:29,2442,8.99744819913781
13:33:30,2442,8.996205170975815
13:33:31,2442,8.996205170975815
13:33:32,2442,8.996205170975815
13:33:33,2442,8.995678755036822
13:33:34,2441,8.998255490686685
13:33:35,2441,8.998346533277754
13:33:36,2441,8.9955625
13:33:37,2441,8.9955625
13:33:38,2441,8.9955625
13:33:39,2440,8.998110323746005
13:33:40,2440,8.998110323746005
13:33:41,2440,8.998110323746005
13:33:42,2440,8.997680555555554
13:33:43,2439,9.00022231485341
13:33:44,2439,9.00022231485341
13:33:45,2438,9.002703641923826
13:33:46,2438,9.002703641923826
13:33:47,2438,9.002703641923826
13:33:48,2438,9.002703641923826
13:33:49,2437,9.005249617577528
13:33:50,2437,9.005249617577528
13:33:51,2437,9.005249617577528
13:33:52,2437,9.005249617577528
13:33:53,2436,9.007804674457429
13:33:54,2436,9.007804674457429
13:33:55,2436,9.007804674457429
13:33:56,2437,9.007804674457429
13:33:57,2437,9.007804674457429
13:33:58,2436,9.01025052192067
13:33:59,2436,9.010531441291041
13:34:00,2436,9.010531441291041
13:34:01,2435,9.012985386221294
13:34:02,2435,9.012985386221294
13:34:03,2434,9.01545530492899
13:34:04,2434,9.01545530492899
13:34:05,2433,9.01790639364814
13:34:06,2433,9.01790639364814
13:34:07,2433,9.01790639364814
13:34:08,2434,9.01752993595099
13:34:09,2434,9.01752993595099
13:34:10,2433,9.017843219159008
13:34:11,2433,9.017843219159008
13:34:12,2432,9.020281376236245
13:34:13,2431,9.02282608695652
13:34:14,2432,9.02282608695652
13:34:15,2432,9.02282608695652
13:34:16,2432,9.02282608695652
13:34:17,2432,9.02282608695652
13:34:18,2432,9.02282608695652
13:34:19,2431,9.025163808727171
13:34:20,2431,9.024156911928651
13:34:21,2431,9.024156911928651
13:34:22,2431,9.023638389747875
13:34:23,2430,9.02609392419175
13:34:24,2429,9.028509689111948
13:34:25,2429,9.028509689111948
13:34:26,2429,9.025703734671128
13:34:27,2428,9.028035689390771
13:34:28,2428,9.028035689390771
13:34:29,2428,9.028035689390771
13:34:30,2429,9.028035689390771
13:34:31,2429,9.028035689390771
13:34:32,2428,9.030488145048816
13:34:33,2428,9.030488145048816
13:34:34,2428,9.030488145048816
13:34:35,2428,9.030488145048816
13:34:36,2428,9.030488145048816
13:34:37,2428,9.030488145048816
13:34:38,2428,9.030488145048816
13:34:39,2429,9.030488145048816
13:34:40,2427,9.035106085985483
13:34:41,2427,9.034868145667643
13:34:42,2427,9.034868145667643
13:34:43,2426,9.037234785036294
13:34:44,2426,9.037234785036294
13:34:45,2426,9.037234785036294
13:34:46,2425,9.039645300935623
13:34:47,2425,9.039645300935623
13:34:48,2426,9.039645300935623
13:34:49,2424,9.043804135233305
13:34:50,2424,9.043804135233305
13:34:51,2424,9.044148861890797
13:34:52,2424,9.044148861890797
13:34:53,2424,9.044148861890797
13:34:54,2424,9.044148861890797
13:34:55,2424,9.044148861890797
13:34:56,2424,9.044148861890797
13:34:57,2424,9.044148861890797
13:34:58,2424,9.043683696259073
13:34:59,2423,9.043132328308209
13:35:00,2423,9.043132328308209
13:35:01,2423,9.043132328308209
13:35:02,2422,9.045370758273984
13:35:03,2422,9.045370758273984
13:35:04,2422,9.045370758273984
13:35:05,2421,9.047722827605476
13:35:06,2421,9.047722827605476
13:35:07,2420,9.049993011879804
13:35:08,2420,9.049993011879804
13:35:09,2420,9.049993011879804
13:35:10,2421,9.049993011879804
13:35:11,2421,9.049993011879804
13:35:12,2420,9.052258109619686
13:35:13,2420,9.052258109619686
13:35:14,2420,9.054096756152125
13:35:15,2420,9.054096756152125
13:35:16,2419,9.056126731011329
13:35:17,2418,9.055637152049236
13:35:18,2418,9.055637152049236
13:35:19,2418,9.055637152049236
13:35:20,2418,9.055637152049236
13:35:21,2418,9.055637152049236
13:35:22,2418,9.055637152049236
13:35:23,2418,9.055637152049236
13:35:24,2418,9.0553201901566
13:35:25,2418,9.054739932885905
13:35:26,2418,9.05351502445842
13:35:27,2419,9.05351502445842
13:35:28,2419,9.05351502445842
13:35:29,2419,9.05351502445842
13:35:30,2420,9.05351502445842
13:35:31,2420,9.05351502445842
13:35:32,2420,9.05351502445842
13:35:33,2420,9.05351502445842
13:35:34,2419,9.055059399021664
13:35:35,2419,9.055059399021664
13:35:36,2418,9.05714485458613
13:35:37,2418,9.05714485458613
13:35:38,2417,9.059246048398377
13:35:39,2416,9.061272040302267
13:35:40,2415,9.063201735965281
13:35:41,2415,9.064504617968094
13:35:42,2415,9.064504617968094
13:35:43,2415,9.064504617968094
13:35:44,2415,9.063036788362009
13:35:45,2415,9.063036788362009
13:35:46,2415,9.063036788362009
13:35:47,2414,9.0651973131822
13:35:48,2414,9.0651973131822
13:35:49,2413,9.067198656026878
13:35:50,2412,9.066540669186617
13:35:51,2412,9.066540669186617
13:35:52,2412,9.066540669186617
13:35:53,2412,9.066540669186617
13:35:54,2412,9.066540669186617
13:35:55,2411,9.068529411764706
13:35:56,2410,9.070645929662323
13:35:57,2409,9.072673114662182
13:35:58,2409,9.072673114662182
13:35:59,2409,9.072673114662182
13:36:00,2409,9.072673114662182
13:36:01,2408,9.074694993689524
13:36:02,2408,9.074694993689524
13:36:03,2408,9.07176198486123
13:36:04,2409,9.07176198486123
13:36:05,2409,9.071528653495868
13:36:06,2409,9.071528653495868
13:36:07,2408,9.07345107933838
13:36:08,2409,9.07345107933838
13:36:09,2409,9.072208210732802
13:36:10,2408,9.074137931034482
13:36:11,2408,9.074137931034482
13:36:12,2409,9.074137931034482
13:36:13,2409,9.074137931034482
13:36:14,2408,9.07797418630752
13:36:15,2409,9.07797418630752
13:36:16,2409,9.07797418630752
13:36:17,2409,9.07797418630752
13:36:18,2410,9.07797418630752
13:36:19,2410,9.075844902538215
13:36:20,2411,9.075844902538215
13:36:21,2411,9.077932098765434
13:36:22,2410,9.080035087719297
13:36:23,2411,9.080035087719297
13:36:24,2411,9.080035087719297
13:36:25,2412,9.080035087719297
13:36:26,2412,9.080035087719297
13:36:27,2413,9.080035087719297
13:36:28,2413,9.082111766357764
13:36:29,2412,9.083965444584914
13:36:30,2413,9.083965444584914
13:36:31,2413,9.085573816547269
13:36:32,2413,9.086429373771413
13:36:33,2413,9.086429373771413
13:36:34,2414,9.08357894736842
13:36:35,2415,9.08357894736842
13:36:36,2415,9.08357894736842
13:36:37,2415,9.085488626790228
13:36:38,2415,9.087252423093132
13:36:39,2415,9.087252423093132
13:36:40,2415,9.087252423093132
13:36:41,2414,9.089298763350197
13:36:42,2415,9.089298763350197
13:36:43,2416,9.089298763350197
13:36:44,2416,9.089298763350197
13:36:45,2416,9.089298763350197
13:36:46,2418,9.089298763350197
13:36:47,2417,9.091283565302966
13:36:48,2416,9.09301687763713
13:36:49,2417,9.09301687763713
13:36:50,2418,9.09301687763713
13:36:51,2418,9.09301687763713
13:36:52,2418,9.09301687763713
13:36:53,2419,9.09301687763713
13:36:54,2420,9.090060452692255
13:36:55,2420,9.090060452692255
13:36:56,2421,9.090060452692255
13:36:57,2421,9.090060452692255
13:36:58,2422,9.090060452692255
13:36:59,2420,9.093562684677078
13:37:00,2420,9.093562684677078
13:37:01,2421,9.093562684677078
13:37:02,2420,9.095178772522523
13:37:03,2421,9.095178772522523
13:37:04,2421,9.095178772522523
13:37:05,2422,9.095178772522523
13:37:06,2422,9.095178772522523
13:37:07,2422,9.09466722949205
13:37:08,2422,9.09466722949205
13:37:09,2422,9.09466722949205
13:37:10,2421,9.096974813564092
13:37:11,2420,9.09881052927928
13:37:12,2419,9.100683002394028
13:37:13,2418,9.102310510002818
13:37:14,2418,9.101358963526263
13:37:15,2418,9.101358963526263
13:37:16,2418,9.098613457207206
13:37:17,2418,9.098613457207206
13:37:18,2417,9.100359104351499
13:37:19,2417,9.100359104351499
13:37:20,2416,9.101958298112145
13:37:21,2416,9.103868921775899
13:37:22,2417,9.103868921775899
13:37:23,2417,9.103868921775899
13:37:24,2416,9.106183023124649
13:37:25,2416,9.106183023124649
13:37:26,2416,9.106183023124649
13:37:27,2416,9.106183023124649
13:37:28,2416,9.106183023124649
13:37:29,2416,9.106183023124649
13:37:30,2416,9.106183023124649
13:37:31,2416,9.106183023124649
13:37:32,2415,9.107709126816193
13:37:33,2415,9.107709126816193
13:37:34,2415,9.107709126816193
13:37:35,2415,9.107755217146082
13:37:36,2415,9.107755217146082
13:37:37,2415,9.107755217146082
13:37:38,2415,9.107755217146082
13:37:39,2415,9.107755217146082
13:37:40,2415,9.107755217146082
13:37:41,2415,9.107755217146082
13:37:42,2415,9.107755217146082
13:37:43,2415,9.106983791402396
13:37:44,2415,9.106983791402396
13:37:45,2413,9.109980251093244
13:37:46,2414,9.109980251093244
13:37:47,2414,9.109980251093244
13:37:48,2413,9.109796868387642
13:37:49,2413,9.109796868387642
13:37:50,2412,9.111275755009878
13:37:51,2411,9.113207680361429
13:37:52,2411,9.113207680361429
13:37:53,2410,9.1145197740113
13:37:54,2411,9.1145197740113
13:37:55,2411,9.1145197740113
13:37:56,2410,9.116235693090292
13:37:57,2410,9.116235693090292
13:37:58,2410,9.116235693090292
13:37:59,2411,9.116235693090292
13:38:00,2411,9.116963276836158
13:38:01,2411,9.116963276836158
13:38:02,2413,9.116963276836158
13:38:03,2413,9.114195962162926
13:38:04,2414,9.114195962162926
13:38:05,2415,9.114195962162926
13:38:06,2415,9.114195962162926
13:38:07,2415,9.114195962162926
13:38:08,2415,9.114195962162926
13:38:09,2414,9.118355235269181
13:38:10,2414,9.118355235269181
13:38:11,2414,9.118355235269181
13:38:12,2414,9.118355235269181
13:38:13,2413,9.117408506429278
13:38:14,2414,9.117408506429278
13:38:15,2414,9.117408506429278
13:38:16,2414,9.11441384180791
13:38:17,2415,9.11441384180791
13:38:18,2414,9.115635156139607
13:38:19,2414,9.112648305084745
13:38:20,2412,9.115359061351427
13:38:21,2413,9.115359061351427
13:38:22,2413,9.115359061351427
13:38:23,2413,9.115359061351427
13:38:24,2413,9.115359061351427
13:38:25,2413,9.11485092553342
13:38:26,2414,9.11485092553342
13:38:27,2414,9.11485092553342
13:38:28,2414,9.11485092553342
13:38:29,2414,9.11485092553342
13:38:30,2414,9.113121468926554
13:38:31,2414,9.113121468926554
13:38:32,2414,9.113121468926554
13:38:33,2415,9.113121468926554
13:38:34,2414,9.114525929065989
13:38:35,2414,9.114525929065989
13:38:36,2413,9.116009329940628
13:38:37,2413,9.113141161509114
13:38:38,2414,9.11154661016949
13:38:39,2414,9.11154661016949
13:38:40,2414,9.11154661016949
13:38:41,2413,9.113565069944892
13:38:42,2412,9.114623975120159
13:38:43,2412,9.114623975120159
13:38:44,2413,9.114623975120159
13:38:45,2413,9.111742263671045
13:38:46,2412,9.113203279615494
13:38:47,2413,9.113203279615494
13:38:48,2413,9.113203279615494
13:38:49,2413,9.113203279615494
13:38:50,2414,9.11379821958457
13:38:51,2414,9.11379821958457
13:38:52,2414,9.11379821958457
13:38:53,2414,9.11379821958457
13:38:54,2414,9.11379821958457
13:38:55,2413,9.112187367528612
13:38:56,2413,9.112187367528612
13:38:57,2414,9.112187367528612
13:38:58,2414,9.112187367528612
13:38:59,2413,9.110385756676557
13:39:00,2413,9.110385756676557
13:39:01,2413,9.110385756676557
13:39:02,2412,9.112143059089624
13:39:03,2412,9.109269464462342
13:39:04,2412,9.109269464462342
13:39:05,2412,9.109269464462342
13:39:06,2412,9.109269464462342
13:39:07,2412,9.106511299435029
13:39:08,2410,9.108587786259541
13:39:09,2410,9.108587786259541
13:39:10,2410,9.107124681933842
13:39:11,2410,9.108414651393014
13:39:12,2410,9.108414651393014
13:39:13,2410,9.104069520983467
13:39:14,2411,9.104069520983467
13:39:15,2411,9.101433615819209
13:39:16,2411,9.103820621468925
13:39:17,2411,9.103820621468925
13:39:18,2411,9.103820621468925
13:39:19,2411,9.100967104334321
13:39:20,2412,9.09832768839966
13:39:21,2412,9.09832768839966
13:39:22,2412,9.09832768839966
13:39:23,2412,9.09832768839966
13:39:24,2412,9.09832768839966
13:39:25,2413,9.098737480603752
13:39:26,2412,9.09995766299746
13:39:27,2412,9.09995766299746
13:39:28,2412,9.09995766299746
13:39:29,2413,9.09995766299746
13:39:30,2412,9.101030636735848
13:39:31,2411,9.102302259887006
13:39:32,2411,9.102302259887006
13:39:33,2412,9.102302259887006
13:39:34,2412,9.09973175208245
13:39:35,2412,9.09973175208245
13:39:36,2412,9.100868644067797
13:39:37,2412,9.100868644067797
13:39:38,2412,9.098348157560357
13:39:39,2412,9.098348157560357
13:39:40,2412,9.098348157560357
13:39:41,2412,9.098348157560357
13:39:42,2410,9.097916666666666
13:39:43,2410,9.097916666666666
13:39:44,2409,9.099109792284867
13:39:45,2408,9.102205258693807
13:39:46,2408,9.102205258693807
13:39:47,2407,9.100664404862878
13:39:48,2407,9.098735339833263
13:39:49,2407,9.096327683615819
13:39:50,2406,9.097421223682352
13:39:51,2406,9.097421223682352
13:39:52,2407,9.097421223682352
13:39:53,2408,9.094823446327684
13:39:54,2408,9.094823446327684
13:39:55,2408,9.094823446327684
13:39:56,2408,9.09238317097275
13:39:57,2406,9.096142433234423
13:39:58,2406,9.096142433234423
13:39:59,2405,9.099123551031948
13:40:00,2405,9.099123551031948
13:40:01,2405,9.099123551031948
13:40:02,2404,9.101746570499222
13:40:03,2405,9.101746570499222
13:40:04,2405,9.101746570499222
13:40:05,2406,9.099307322589766
13:40:06,2407,9.097534265931893
13:40:07,2407,9.097534265931893
13:40:08,2408,9.094583333333333
13:40:09,2408,9.094583333333333
13:40:10,2408,9.094583333333333
13:40:11,2408,9.091747846957503
13:40:12,2409,9.089401637030765
13:40:13,2410,9.089401637030765
13:40:14,2410,9.089401637030765
13:40:15,2410,9.089801100296233
13:40:16,2411,9.089801100296233
13:40:17,2411,9.089801100296233
13:40:18,2409,9.093660878158973
13:40:19,2409,9.093660878158973
13:40:20,2409,9.093660878158973
13:40:21,2409,9.093660878158973
13:40:22,2409,9.093660878158973
13:40:23,2409,9.094646892655367
13:40:24,2409,9.094646892655367
13:40:25,2409,9.094646892655367
13:40:26,2409,9.094646892655367
13:40:27,2408,9.095225988700566
13:40:28,2408,9.095225988700566
13:40:29,2408,9.095225988700566
13:40:30,2408,9.095225988700566
13:40:31,2407,9.096135368093826
13:40:32,2406,9.097314108001132
13:40:33,2405,9.098133220195164
13:40:34,2405,9.098133220195164
13:40:35,2404,9.0987973967176
13:40:36,2404,9.0987973967176
13:40:37,2403,9.0993986983588
13:40:38,2403,9.0993986983588
13:40:39,2403,9.096422005374063
13:40:40,2403,9.094091037602487
13:40:41,2402,9.096966482817141
13:40:42,2402,9.096966482817141
13:40:43,2402,9.09422533220243
13:40:44,2402,9.09422533220243
13:40:45,2402,9.09194573972022
13:40:46,2402,9.09207997739155
13:40:47,2402,9.09207997739155
13:40:48,2403,9.09207997739155
13:40:49,2403,9.09207997739155
13:40:50,2403,9.09207997739155
13:40:51,2403,9.089950564971751
13:40:52,2403,9.089950564971751
13:40:53,2403,9.089950564971751
13:40:54,2403,9.089950564971751
13:40:55,2402,9.088001412429378
13:40:56,2402,9.086481716786672
13:40:57,2401,9.087259887005649
13:40:58,2401,9.08254304261925
13:40:59,2401,9.08254304261925
13:41:00,2401,9.08254304261925
13:41:01,2401,9.08254304261925
13:41:02,2401,9.08254304261925
13:41:03,2401,9.08254304261925
13:41:04,2401,9.082035548032163
13:41:05,2401,9.082035548032163
13:41:06,2400,9.08283234546994
13:41:07,2400,9.08283234546994
13:41:08,2400,9.08283234546994
13:41:09,2399,9.083269827829524
13:41:10,2399,9.083269827829524
13:41:11,2398,9.086241705492023
13:41:12,2399,9.086241705492023
13:41:13,2399,9.086241705492023
13:41:14,2399,9.086241705492023
13:41:15,2398,9.088877118644067
13:41:16,2398,9.088877118644067
13:41:17,2398,9.088877118644067
13:41:18,2399,9.086015812508824
13:41:19,2399,9.083954276037256
13:41:20,2399,9.083954276037256
13:41:21,2398,9.084851051814203
13:41:22,2398,9.084851051814203
13:41:23,2398,9.084851051814203
13:41:24,2399,9.084851051814203
13:41:25,2399,9.084851051814203
13:41:26,2398,9.085233050847457
13:41:27,2397,9.088194150063588
13:41:28,2398,9.088194150063588
13:41:29,2398,9.089157478088776
13:41:30,2398,9.086286562102584
13:41:31,2399,9.083319209039548
13:41:32,2399,9.083319209039548
13:41:33,2399,9.080933220386841
13:41:34,2399,9.080933220386841
13:41:35,2401,9.080933220386841
13:41:36,2400,9.07898489340675
13:41:37,2400,9.07898489340675
13:41:38,2400,9.076136042901497
13:41:39,2401,9.076136042901497
13:41:40,2401,9.076136042901497
13:41:41,2401,9.076136042901497
13:41:42,2402,9.076136042901497
13:41:43,2402,9.076136042901497
13:41:44,2402,9.073769219918182
13:41:45,2403,9.073769219918182
13:41:46,2403,9.0725747320925
13:41:47,2402,9.073480039497813
13:41:48,2402,9.073480039497813
13:41:49,2402,9.071291596164691
13:41:50,2402,9.071291596164691
13:41:51,2403,9.071291596164691
13:41:52,2403,9.071291596164691
13:41:53,2403,9.070570824524312
13:41:54,2403,9.070570824524312
13:41:55,2402,9.071249294980259
13:41:56,2402,9.071249294980259
13:41:57,2402,9.071249294980259
13:41:58,2402,9.073755113556214
13:41:59,2401,9.074350832627717
13:42:00,2401,9.074350832627717
13:42:01,2401,9.074350832627717
13:42:02,2401,9.074350832627717
13:42:03,2401,9.074350832627717
13:42:04,2401,9.07170263788969
13:42:05,2401,9.07170263788969
13:42:06,2401,9.0692611393119
13:42:07,2401,9.0692611393119
13:42:08,2401,9.0692611393119
13:42:09,2402,9.066673713883015
13:42:10,2401,9.06727298364354
13:42:11,2399,9.070653401072539
13:42:12,2399,9.067703484271407
13:42:13,2399,9.067703484271407
13:42:14,2399,9.065919345741682
13:42:15,2399,9.066031880378052
13:42:16,2399,9.066031880378052
13:42:17,2400,9.066031880378052
13:42:18,2400,9.066031880378052
13:42:19,2401,9.066031880378052
13:42:20,2401,9.066031880378052
13:42:21,2401,9.066031880378052
13:42:22,2401,9.063078116187253
13:42:23,2401,9.061028893587034
13:42:24,2402,9.061028893587034
13:42:25,2402,9.061028893587034
13:42:26,2402,9.061028893587034
13:42:27,2402,9.058763031839955
13:42:28,2402,9.058763031839955
13:42:29,2401,9.059330514446794
13:42:30,2401,9.059330514446794
13:42:31,2400,9.06218274111675
13:42:32,2399,9.062900268020877
13:42:33,2398,9.065742308777873
13:42:34,2398,9.065742308777873
13:42:35,2398,9.065742308777873
13:42:36,2397,9.06858675702386
13:42:37,2396,9.069343220338984
13:42:38,2395,9.07120056497175
13:42:39,2395,9.07120056497175
13:42:40,2395,9.06869970351546
13:42:41,2395,9.06869970351546
13:42:42,2396,9.06869970351546
13:42:43,2396,9.06869970351546
13:42:44,2396,9.066737228337567
13:42:45,2396,9.066737228337567
13:42:46,2395,9.067407878017788
13:42:47,2395,9.067407878017788
13:42:48,2395,9.067407878017788
13:42:49,2395,9.067407878017788
13:42:50,2395,9.067407878017788
13:42:51,2395,9.067407878017788
13:42:52,2395,9.067407878017788
13:42:53,2395,9.067407878017788
13:42:54,2395,9.067407878017788
13:42:55,2395,9.067407878017788
13:42:56,2395,9.064853231724527
13:42:57,2395,9.064853231724527
13:42:58,2394,9.067591416066639
13:42:59,2394,9.064987298899238
13:43:00,2394,9.064987298899238
13:43:01,2394,9.062378332628015
13:43:02,2394,9.062378332628015
13:43:03,2393,9.062905729607678
13:43:04,2393,9.0611933982226
13:43:05,2392,9.061797911374542
13:43:06,2392,9.061797911374542
13:43:07,2391,9.0644430326133
13:43:08,2390,9.06518361581921
13:43:09,2390,9.06518361581921
13:43:10,2390,9.06518361581921
13:43:11,2390,9.06518361581921
13:43:12,2389,9.065967217747634
13:43:13,2389,9.065967217747634
13:43:14,2389,9.065967217747634
13:43:15,2389,9.065967217747634
13:43:16,2388,9.065776081424936
13:43:17,2388,9.063374311148793
13:43:18,2388,9.063374311148793
13:43:19,2388,9.057242693773825
13:43:20,2388,9.057242693773825
13:43:21,2388,9.054727631950325
13:43:22,2388,9.054727631950325
13:43:23,2388,9.054727631950325
13:43:24,2388,9.054727631950325
13:43:25,2388,9.054727631950325
13:43:26,2388,9.054727631950325
13:43:27,2388,9.054727631950325
13:43:28,2388,9.054727631950325
13:43:29,2388,9.054727631950325
13:43:30,2388,9.054727631950325
13:43:31,2389,9.052567357878404
13:43:32,2389,9.052567357878404
13:43:33,2389,9.049640439932318
13:43:34,2389,9.049640439932318
13:43:35,2389,9.047899929527835
13:43:36,2388,9.047906091370558
13:43:37,2388,9.047906091370558
13:43:38,2387,9.048377768373538
13:43:39,2387,9.048377768373538
13:43:40,2387,9.048377768373538
13:43:41,2386,9.048581710414902
13:43:42,2386,9.048581710414902
13:43:43,2386,9.048581710414902
13:43:44,2386,9.048581710414902
13:43:45,2386,9.048581710414902
13:43:46,2386,9.048581710414902
13:43:47,2386,9.048581710414902
13:43:48,2386,9.046297079983074
13:43:49,2386,9.046297079983074
13:43:50,2386,9.043746474901297
13:43:51,2386,9.043746474901297
13:43:52,2386,9.043746474901297
13:43:53,2386,9.043746474901297
13:43:54,2386,9.04140239605356
13:43:55,2384,9.044907603329102
13:43:56,2384,9.041955724760294
13:43:57,2384,9.039126145172656
13:43:58,2384,9.039126145172656
13:43:59,2383,9.042075578116188
13:44:00,2383,9.042075578116188
13:44:01,2384,9.042075578116188
13:44:02,2384,9.044914656510086
13:44:03,2384,9.044914656510086
13:44:04,2384,9.044914656510086
13:44:05,2384,9.044914656510086
13:44:06,2384,9.044914656510086
13:44:07,2384,9.042315284827975
13:44:08,2383,9.03959390862944
13:44:09,2384,9.03959390862944
13:44:10,2384,9.036856941508104
13:44:11,2384,9.034714003944773
13:44:12,2384,9.034714003944773
13:44:13,2384,9.034714003944773
13:44:14,2383,9.03522198731501
13:44:15,2383,9.03522198731501
13:44:16,2382,9.035603496897913
13:44:17,2382,9.035603496897913
13:44:18,2382,9.035603496897913
13:44:19,2383,9.03276955602537
13:44:20,2383,9.03276955602537
13:44:21,2384,9.03276955602537
13:44:22,2384,9.030959425190193
13:44:23,2384,9.030959425190193
13:44:24,2383,9.034009866102888
13:44:25,2383,9.031410256410256
13:44:26,2382,9.031261451726568
13:44:27,2382,9.031261451726568
13:44:28,2384,9.031261451726568
13:44:29,2384,9.031261451726568
13:44:30,2382,9.034179715051488
13:44:31,2382,9.034179715051488
13:44:32,2382,9.034179715051488
13:44:33,2382,9.034179715051488
13:44:34,2381,9.034603443409539
13:44:35,2381,9.034603443409539
13:44:36,2381,9.034603443409539
13:44:37,2381,9.034603443409539
13:44:38,2381,9.033015940189024
13:44:39,2381,9.033015940189024
13:44:40,2381,9.033015940189024
13:44:41,2381,9.030619007332206
13:44:42,2380,9.030780081816898
13:44:43,2380,9.030780081816898
13:44:44,2380,9.030780081816898
13:44:45,2380,9.030780081816898
13:44:46,2380,9.030780081816898
13:44:47,2380,9.030780081816898
13:44:48,2380,9.030780081816898
13:44:49,2380,9.030780081816898
13:44:50,2380,9.030780081816898
13:44:51,2380,9.030780081816898
13:44:52,2380,9.030780081816898
13:44:53,2380,9.030780081816898
13:44:54,2380,9.030780081816898
13:44:55,2380,9.028292442188382
13:44:56,2380,9.028292442188382
13:44:57,2380,9.025581395348837
13:44:58,2380,9.025581395348837
13:44:59,2380,9.025581395348837
13:45:00,2379,9.025733220530176
13:45:01,2379,9.025733220530176
13:45:02,2380,9.025733220530176
13:45:03,2380,9.025733220530176
13:45:04,2380,9.025733220530176
13:45:05,2380,9.025733220530176
13:45:06,2380,9.025733220530176
13:45:07,2380,9.025733220530176
13:45:08,2380,9.025733220530176
13:45:09,2380,9.025733220530176
13:45:10,2380,9.025733220530176
13:45:11,2380,9.025733220530176
13:45:12,2380,9.025733220530176
13:45:13,2380,9.025733220530176
13:45:14,2380,9.023798449612404
13:45:15,2380,9.023798449612404
13:45:16,2380,9.023798449612404
13:45:17,2380,9.023798449612404
13:45:18,2379,9.020986610288935
13:45:19,2379,9.020986610288935
13:45:20,2379,9.020986610288935
13:45:21,2378,9.020812182741116
13:45:22,2378,9.020812182741116
13:45:23,2378,9.020812182741116
13:45:24,2377,9.021131330229935
13:45:25,2377,9.021131330229935
13:45:26,2377,9.021131330229935
13:45:27,2377,9.021131330229935
13:45:28,2377,9.021131330229935
13:45:29,2377,9.021131330229935
13:45:30,2377,9.018936830231246
13:45:31,2376,9.018987163210607
13:45:32,2376,9.018987163210607
13:45:33,2376,9.016370558375634
13:45:34,2376,9.016370558375634
13:45:35,2375,9.016624347580757
13:45:36,2375,9.016624347580757
13:45:37,2375,9.016624347580757
13:45:38,2374,9.016462037821055
13:45:39,2374,9.016462037821055
13:45:40,2374,9.016462037821055
13:45:41,2374,9.016462037821055
13:45:42,2374,9.016462037821055
13:45:43,2374,9.016462037821055
13:45:44,2374,9.016462037821055
13:45:45,2374,9.016462037821055
13:45:46,2374,9.016462037821055
13:45:47,2375,9.016462037821055
13:45:48,2375,9.016462037821055
13:45:49,2375,9.016462037821055
13:45:50,2374,9.016426655372017
13:45:51,2374,9.014062941010444
13:45:52,2374,9.014062941010444
13:45:53,2374,9.014026542425524
13:45:54,2374,9.014026542425524
13:45:55,2374,9.014026542425524
13:45:56,2373,9.014258474576271
13:45:57,2373,9.014258474576271
13:45:58,2373,9.014258474576271
13:45:59,2372,9.014490603363008
13:46:00,2372,9.014490603363008
13:46:01,2373,9.014490603363008
13:46:02,2373,9.014490603363008
13:46:03,2373,9.014490603363008
13:46:04,2373,9.014490603363008
13:46:05,2373,9.014490603363008
13:46:06,2373,9.011546610169491
13:46:07,2373,9.011546610169491
13:46:08,2373,9.00861216998447
13:46:09,2372,9.005322603416632
13:46:10,2372,9.005322603416632
13:46:11,2371,9.005522598870055
13:46:12,2371,9.003607228575463
13:46:13,2372,9.003607228575463
13:46:14,2371,9.004524918819708
13:46:15,2371,9.004524918819708
13:46:16,2371,9.004524918819708
13:46:17,2371,9.004524918819708
13:46:18,2371,9.004524918819708
13:46:19,2371,9.004524918819708
13:46:20,2371,9.004524918819708
13:46:21,2371,9.004524918819708
13:46:22,2371,9.004524918819708
13:46:23,2371,9.004524918819708
13:46:24,2371,9.004524918819708
13:46:25,2371,9.004524918819708
13:46:26,2371,9.004524918819708
13:46:27,2371,9.004524918819708
13:46:28,2371,9.001601749929439
13:46:29,2371,9.001601749929439
13:46:30,2371,9.001601749929439
13:46:31,2372,8.998786852870644
13:46:32,2372,8.998786852870644
13:46:33,2372,8.99585448392555
13:46:34,2373,8.99293164200141
13:46:35,2373,8.99293164200141
13:46:36,2373,8.99293164200141
13:46:37,2373,8.99293164200141
13:46:38,2373,8.99293164200141
13:46:39,2373,8.99293164200141
13:46:40,2372,8.989859055673008
13:46:41,2372,8.989859055673008
13:46:42,2372,8.989859055673008
13:46:43,2370,8.992241500916913
13:46:44,2371,8.992241500916913
13:46:45,2371,8.992241500916913
13:46:46,2371,8.992241500916913
13:46:47,2371,8.992241500916913
13:46:48,2371,8.992241500916913
13:46:49,2371,8.992241500916913
13:46:50,2371,8.992241500916913
13:46:51,2371,8.992241500916913
13:46:52,2371,8.992241500916913
13:46:53,2371,8.992241500916913
13:46:54,2370,8.995067739204066
13:46:55,2370,8.995067739204066
13:46:56,2369,8.997981081462656
13:46:57,2369,8.997981081462656
13:46:58,2368,9.00090395480226
13:46:59,2369,9.00090395480226
13:47:00,2369,9.00090395480226
13:47:01,2368,9.00016956337431
13:47:02,2367,9.002982753746114
13:47:03,2367,9.002982753746114
13:47:04,2367,9.0028708810635
13:47:05,2366,9.00580079230334
13:47:06,2366,9.00580079230334
13:47:07,2366,9.00580079230334
13:47:08,2365,9.008520877565465
13:47:09,2365,9.00558856819468
13:47:10,2364,9.00523000707714
13:47:11,2364,9.00523000707714
13:47:12,2364,9.00523000707714
13:47:13,2364,9.00523000707714
13:47:14,2364,9.00523000707714
13:47:15,2364,9.00523000707714
13:47:16,2363,9.004694137638063
13:47:17,2363,9.004694137638063
13:47:18,2363,9.004694137638063
13:47:19,2363,9.004694137638063
13:47:20,2363,9.004694137638063
13:47:21,2363,9.004694137638063
13:47:22,2363,9.004694137638063
13:47:23,2363,9.004694137638063
13:47:24,2363,9.004694137638063
13:47:25,2363,9.004694137638063
13:47:26,2363,9.004694137638063
13:47:27,2363,9.004694137638063
13:47:28,2362,9.003853237002408
13:47:29,2362,9.003853237002408
13:47:30,2361,9.003521825396826
13:47:31,2361,9.003521825396826
13:47:32,2360,9.002977456401531
13:47:33,2360,9.002977456401531
13:47:34,2359,9.002900709219858
13:47:35,2358,9.005512984248616
13:47:36,2359,9.005512984248616
13:47:37,2359,9.005512984248616
13:47:38,2358,9.005352072685975
13:47:39,2358,9.005352072685975
13:47:40,2358,9.005352072685975
13:47:41,2358,9.005352072685975
13:47:42,2358,9.005352072685975
13:47:43,2358,9.005352072685975
13:47:44,2358,9.005352072685975
13:47:45,2358,9.005352072685975
13:47:46,2358,9.005352072685975
13:47:47,2358,9.005352072685975
13:47:48,2357,9.007960516972021
13:47:49,2357,9.007960516972021
13:47:50,2357,9.007960516972021
13:47:51,2356,9.004360176111346
13:47:52,2356,9.001405451448042
13:47:53,2356,9.001405451448042
13:47:54,2356,9.001405451448042
13:47:55,2356,9.001405451448042
13:47:56,2356,9.001405451448042
13:47:57,2355,9.001583581877576
13:47:58,2355,8.998630039750141
13:47:59,2355,9.00123561994035
13:48:00,2355,9.00123561994035
13:48:01,2355,9.00123561994035
13:48:02,2355,9.00123561994035
13:48:03,2355,9.00123561994035
13:48:04,2354,9.003850525717533
13:48:05,2354,9.003850525717533
13:48:06,2352,9.007053469852105
13:48:07,2352,9.007053469852105
13:48:08,2352,9.007053469852105
13:48:09,2352,9.007053469852105
13:48:10,2352,9.007053469852105
13:48:11,2352,9.007053469852105
13:48:12,2352,9.007053469852105
13:48:13,2352,9.007053469852105
13:48:14,2351,9.009674206857305
13:48:15,2351,9.009674206857305
13:48:16,2351,9.009674206857305
13:48:17,2350,9.008682038144036
13:48:18,2350,9.008682038144036
13:48:19,2350,9.008682038144036
13:48:20,2349,9.008166025914852
13:48:21,2350,9.008166025914852
13:48:22,2350,9.008166025914852
13:48:23,2349,9.007549857549858
13:48:24,2348,9.009847513182272
13:48:25,2348,9.009847513182272
13:48:26,2346,9.012886892026815
13:48:27,2346,9.012886892026815
13:48:28,2346,9.012886892026815
13:48:29,2346,9.012886892026815
13:48:30,2346,9.012886892026815
13:48:31,2346,9.012886892026815
13:48:32,2346,9.012886892026815
13:48:33,2346,9.012886892026815
13:48:34,2345,9.015325342465754
13:48:35,2345,9.015325342465754
13:48:36,2345,9.012352018257024
13:48:37,2345,9.012352018257024
13:48:38,2345,9.012352018257024
13:48:39,2345,9.00938123752495
13:48:40,2345,9.00938123752495
13:48:41,2344,9.008672086720868
13:48:42,2344,9.008672086720868
13:48:43,2344,9.008672086720868
13:48:44,2343,9.010980308219178
13:48:45,2343,9.010980308219178
13:48:46,2343,9.010980308219178
13:48:47,2343,9.010980308219178
13:48:48,2343,9.010980308219178
13:48:49,2342,9.013526052819413
13:48:50,2342,9.010559360730593
13:48:51,2342,9.010559360730593
13:48:52,2341,9.010992148465382
13:48:53,2341,9.010992148465382
13:48:54,2340,9.013317623536132
13:48:55,2341,9.013317623536132
13:48:56,2341,9.013317623536132
13:48:57,2340,9.015680811544506
13:48:58,2340,9.015680811544506
13:48:59,2341,9.015680811544506
13:49:00,2341,9.015680811544506
13:49:01,2341,9.015680811544506
13:49:02,2340,9.016237850200115
13:49:03,2340,9.016237850200115
13:49:04,2341,9.016237850200115
13:49:05,2341,9.013266180882985
13:49:06,2341,9.013266180882985
13:49:07,2340,9.012106918238993
13:49:08,2341,9.00948706958137
13:49:09,2341,9.00948706958137
13:49:10,2341,9.00948706958137
13:49:11,2341,9.00948706958137
13:49:12,2342,9.00948706958137
13:49:13,2343,9.00948706958137
13:49:14,2341,9.011089661089661
13:49:15,2341,9.011089661089661
13:49:16,2341,9.010264663805437
13:49:17,2341,9.010264663805437
13:49:18,2341,9.010264663805437
13:49:19,2342,9.010264663805437
13:49:20,2342,9.010264663805437
13:49:21,2342,9.010264663805437
13:49:22,2343,9.010264663805437
13:49:23,2343,9.010264663805437
13:49:24,2343,9.007393107393108
13:49:25,2343,9.007393107393108
13:49:26,2342,9.007804005722459
13:49:27,2342,9.007804005722459
13:49:28,2341,9.00837269214255
13:49:29,2342,9.00837269214255
13:49:30,2342,9.00837269214255
13:49:31,2342,9.00837269214255
13:49:32,2341,9.008476517754868
13:49:33,2340,9.01067898581865
13:49:34,2340,9.01067898581865
13:49:35,2339,9.010905703640011
13:49:36,2339,9.010905703640011
13:49:37,2338,9.012967741935483
13:49:38,2337,9.01349684452094
13:49:39,2337,9.01349684452094
13:49:40,2337,9.01349684452094
13:49:41,2338,9.01349684452094
13:49:42,2338,9.01349684452094
13:49:43,2338,9.01349684452094
13:49:44,2337,9.015597646721195
13:49:45,2337,9.015597646721195
13:49:46,2337,9.015597646721195
13:49:47,2336,9.017657192075797
13:49:48,2336,9.017657192075797
13:49:49,2336,9.017657192075797
13:49:50,2335,9.01969696969697
13:49:51,2335,9.01969696969697
13:49:52,2335,9.021846264367817
13:49:53,2335,9.021846264367817
13:49:54,2334,9.023983038666092
13:49:55,2335,9.023983038666092
13:49:56,2335,9.021091954022987
13:49:57,2335,9.021091954022987
13:49:58,2335,9.021091954022987
13:49:59,2334,9.01974989219491
13:50:00,2334,9.01974989219491
13:50:01,2335,9.01974989219491
13:50:02,2334,9.020628415300546
13:50:03,2334,9.020628415300546
13:50:04,2335,9.020628415300546
13:50:05,2335,9.020628415300546
13:50:06,2335,9.020628415300546
13:50:07,2335,9.020628415300546
13:50:08,2335,9.020628415300546
13:50:09,2334,9.021507696734282
13:50:10,2334,9.021507696734282
13:50:11,2334,9.021507696734282
13:50:12,2334,9.021507696734282
13:50:13,2335,9.021507696734282
13:50:14,2335,9.021507696734282
13:50:15,2335,9.021507696734282
13:50:16,2335,9.021507696734282
13:50:17,2335,9.021507696734282
13:50:18,2335,9.021507696734282
13:50:19,2336,9.021507696734282
13:50:20,2336,9.021507696734282
13:50:21,2334,9.020567069660334
13:50:22,2334,9.020567069660334
13:50:23,2334,9.020567069660334
13:50:24,2334,9.02049676025918
13:50:25,2335,9.02049676025918
13:50:26,2336,9.02049676025918
13:50:27,2336,9.017501439263098
13:50:28,2336,9.017501439263098
13:50:29,2336,9.017501439263098
13:50:30,2336,9.017501439263098
13:50:31,2335,9.01759539236861
13:50:32,2335,9.01759539236861
13:50:33,2335,9.01759539236861
13:50:34,2335,9.01759539236861
13:50:35,2335,9.01759539236861
13:50:36,2335,9.01759539236861
13:50:37,2335,9.01759539236861
13:50:38,2335,9.01759539236861
13:50:39,2335,9.01759539236861
13:50:40,2334,9.019425237683665
13:50:41,2334,9.019425237683665
13:50:42,2334,9.021199020031705
13:50:43,2332,9.024195874801674
13:50:44,2332,9.024195874801674
13:50:45,2332,9.024195874801674
13:50:46,2332,9.024195874801674
13:50:47,2332,9.024195874801674
13:50:48,2332,9.024195874801674
13:50:49,2332,9.02589466089466
13:50:50,2333,9.02589466089466
13:50:51,2333,9.02589466089466
13:50:52,2333,9.02767431788653
13:50:53,2333,9.02767431788653
13:50:54,2334,9.02767431788653
13:50:55,2334,9.02767431788653
13:50:56,2335,9.02767431788653
13:50:57,2335,9.02767431788653
13:50:58,2335,9.02750577700751
13:50:59,2334,9.029302123970524
13:51:00,2334,9.029302123970524
13:51:01,2334,9.026292605430388
13:51:02,2334,9.026292605430388
13:51:03,2333,9.024584597601502
13:51:04,2333,9.021468804159445
13:51:05,2334,9.021468804159445
13:51:06,2335,9.021468804159445
13:51:07,2335,9.021468804159445
13:51:08,2335,9.021468804159445
13:51:09,2334,9.023233636757693
13:51:10,2333,9.023026886383349
13:51:11,2334,9.023026886383349
13:51:12,2334,9.023026886383349
13:51:13,2334,9.023026886383349
13:51:14,2334,9.020018783412802
13:51:15,2334,9.020018783412802
13:51:16,2334,9.020018783412802
13:51:17,2333,9.021140503035559
13:51:18,2333,9.021140503035559
13:51:19,2333,9.021140503035559
13:51:20,2333,9.021140503035559
13:51:21,2332,9.018581960104077
13:51:22,2332,9.018581960104077
13:51:23,2331,9.017317425885755
13:51:24,2331,9.017317425885755
13:51:25,2330,9.01594360086768
13:51:26,2329,9.01640625
13:51:27,2328,9.017976552323058
13:51:28,2328,9.017976552323058
13:51:29,2328,9.017976552323058
13:51:30,2328,9.017976552323058
13:51:31,2328,9.017976552323058
13:51:32,2328,9.017976552323058
13:51:33,2328,9.015075231481482
13:51:34,2328,9.015075231481482
13:51:35,2329,9.015075231481482
13:51:36,2329,9.015075231481482
13:51:37,2329,9.015075231481482
13:51:38,2329,9.012183658712944
13:51:39,2329,9.012183658712944
13:51:40,2329,9.012183658712944
13:51:41,2328,9.009725234996385
13:51:42,2328,9.009725234996385
13:51:43,2327,9.011313657407408
13:51:44,2327,9.011313657407408
13:51:45,2327,9.011313657407408
13:51:46,2326,9.012794905196122
13:51:47,2326,9.012794905196122
13:51:48,2325,9.012409498986388
13:51:49,2324,9.013906996957845
13:51:50,2324,9.013906996957845
13:51:51,2323,9.012400405620745
13:51:52,2323,9.012400405620745
13:51:53,2323,9.012400405620745
13:51:54,2323,9.012400405620745
13:51:55,2323,9.012400405620745
13:51:56,2323,9.009375905010137
13:51:57,2323,9.009375905010137
13:51:58,2322,9.010169491525424
13:51:59,2322,9.010169491525424
13:52:00,2321,9.009760869565216
13:52:01,2321,9.009760869565216
13:52:02,2321,9.006859336520353
13:52:03,2321,9.006859336520353
13:52:04,2322,9.006859336520353
13:52:05,2322,9.006859336520353
13:52:06,2322,9.006859336520353
13:52:07,2321,9.005019556714473
13:52:08,2321,9.005019556714473
13:52:09,2320,9.00505072463768
13:52:10,2320,9.00505072463768
13:52:11,2320,9.00505072463768
13:52:12,2319,9.004211976221546
13:52:13,2319,9.004211976221546
13:52:14,2318,9.005548302872063
13:52:15,2318,9.00263882847615
13:52:16,2317,9.004046997389034
13:52:17,2317,9.004046997389034
13:52:18,2316,9.005224205485415
13:52:19,2315,9.006547619047618
13:52:20,2315,9.006547619047618
13:52:21,2315,9.006547619047618
13:52:22,2315,9.006547619047618
13:52:23,2314,9.007901234567901
13:52:24,2314,9.007901234567901
13:52:25,2313,9.009960767218832
13:52:26,2312,9.011142607937199
13:52:27,2312,9.011142607937199
13:52:28,2312,9.011142607937199
13:52:29,2312,9.011142607937199
13:52:30,2311,9.008831225468818
13:52:31,2311,9.008831225468818
13:52:32,2311,9.006277244986922
13:52:33,2310,9.006868730920191
13:52:34,2310,9.006868730920191
13:52:35,2310,9.003966870095901
13:52:36,2310,9.003966870095901
13:52:37,2310,9.003966870095901
13:52:38,2310,9.003966870095901
13:52:39,2311,9.003966870095901
13:52:40,2311,9.003966870095901
13:52:41,2311,9.003966870095901
13:52:42,2311,9.00085693536674
13:52:43,2311,9.00085693536674
13:52:44,2310,9.000661145015984
13:52:45,2310,9.000661145015984
13:52:46,2310,9.000661145015984
13:52:47,2311,9.000661145015984
13:52:48,2311,8.99764705882353
13:52:49,2311,8.99764705882353
13:52:50,2310,8.999011915140947
13:52:51,2310,8.999011915140947
13:52:52,2310,8.999011915140947
13:52:53,2309,8.99979648204681
13:52:54,2309,8.99979648204681
13:52:55,2309,8.99979648204681
13:52:56,2309,8.997006684103459
13:52:57,2309,8.997006684103459
13:52:58,2309,8.994342774146697
13:52:59,2309,8.991325493612079
13:53:00,2309,8.991325493612079
13:53:01,2309,8.991325493612079
13:53:02,2309,8.991325493612079
13:53:03,2308,8.990261437908496
13:53:04,2308,8.990261437908496
13:53:05,2308,8.990261437908496
13:53:06,2306,8.992557057711878
13:53:07,2306,8.992557057711878
13:53:08,2305,8.993542757417105
13:53:09,2305,8.993542757417105
13:53:10,2305,8.993542757417105
13:53:11,2305,8.98751089799477
13:53:12,2305,8.98751089799477
13:53:13,2305,8.984625998547566
13:53:14,2304,8.986413833188028
13:53:15,2304,8.986413833188028
13:53:16,2303,8.987403692397152
13:53:17,2302,8.984794301497312
13:53:18,2302,8.981793083405988
13:53:19,2302,8.981793083405988
13:53:20,2302,8.981793083405988
13:53:21,2301,8.98263555749382
13:53:22,2301,8.98263555749382
13:53:23,2301,8.98263555749382
13:53:24,2300,8.983776905177429
13:53:25,2300,8.983776905177429
13:53:26,2300,8.983776905177429
13:53:27,2300,8.983776905177429
13:53:28,2300,8.983776905177429
13:53:29,2301,8.983776905177429
13:53:30,2300,8.984606430961735
13:53:31,2300,8.984606430961735
13:53:32,2300,8.984606430961735
13:53:33,2300,8.984606430961735
13:53:34,2300,8.983449730830786
13:53:35,2300,8.983449730830786
13:53:36,2299,8.981485523061254
13:53:37,2299,8.981485523061254
13:53:38,2300,8.981485523061254
13:53:39,2300,8.981485523061254
13:53:40,2299,8.982372634643378
13:53:41,2299,8.982372634643378
13:53:42,2298,8.980247452692868
13:53:43,2298,8.980247452692868
13:53:44,2298,8.980247452692868
13:53:45,2298,8.980247452692868
13:53:46,2298,8.980247452692868
13:53:47,2298,8.980247452692868
13:53:48,2298,8.980247452692868
13:53:49,2298,8.980247452692868
13:53:50,2298,8.980247452692868
13:53:51,2299,8.980247452692868
13:53:52,2298,8.976986899563318
13:53:53,2298,8.976986899563318
13:53:54,2298,8.976986899563318
13:53:55,2297,8.97841124217271
13:53:56,2296,8.97896998834499
13:53:57,2296,8.97896998834499
13:53:58,2295,8.979463635038623
13:53:59,2295,8.979463635038623
13:54:00,2295,8.979463635038623
13:54:01,2295,8.976908508158509
13:54:02,2295,8.976908508158509
13:54:03,2295,8.978654715056114
13:54:04,2295,8.978654715056114
13:54:05,2295,8.978654715056114
13:54:06,2295,8.978654715056114
13:54:07,2295,8.978654715056114
13:54:08,2295,8.978654715056114
13:54:09,2294,8.979935841353164
13:54:10,2294,8.979935841353164
13:54:11,2293,8.981094091903719
13:54:12,2293,8.981094091903719
13:54:13,2292,8.982246059544657
13:54:14,2292,8.982246059544657
13:54:15,2291,8.98295371587093
13:54:16,2291,8.98295371587093
13:54:17,2291,8.98295371587093
13:54:18,2290,8.983654688869413
13:54:19,2290,8.983654688869413
13:54:20,2290,8.983654688869413
13:54:21,2289,8.98412976764577
13:54:22,2289,8.98412976764577
13:54:23,2289,8.98412976764577
13:54:24,2289,8.98412976764577
13:54:25,2288,8.984663742690058
13:54:26,2288,8.981755078182085
13:54:27,2288,8.981755078182085
13:54:28,2288,8.981755078182085
13:54:29,2289,8.981755078182085
13:54:30,2288,8.982229532163744
13:54:31,2288,8.982229532163744
13:54:32,2288,8.982229532163744
13:54:33,2288,8.982229532163744
13:54:34,2288,8.982229532163744
13:54:35,2288,8.982229532163744
13:54:36,2289,8.982229532163744
13:54:37,2289,8.982229532163744
13:54:38,2289,8.982229532163744
13:54:39,2289,8.982229532163744
13:54:40,2289,8.982229532163744
13:54:41,2289,8.982229532163744
13:54:42,2289,8.982229532163744
13:54:43,2288,8.981526985519965
13:54:44,2288,8.981526985519965
13:54:45,2288,8.981526985519965
13:54:46,2287,8.982609013754756
13:54:47,2287,8.982609013754756
13:54:48,2286,8.983794466403163
13:54:49,2286,8.983794466403163
13:54:50,2285,8.984761277094318
13:54:51,2285,8.984761277094318
13:54:52,2285,8.984761277094318
13:54:53,2286,8.984761277094318
13:54:54,2286,8.984761277094318
13:54:55,2285,8.986168498168498
13:54:56,2285,8.986168498168498
13:54:57,2285,8.986168498168498
13:54:58,2284,8.9864702433304
13:54:59,2284,8.9864702433304
13:55:00,2283,8.987476169526325
13:55:01,2283,8.984557314570507
13:55:02,2283,8.984557314570507
13:55:03,2283,8.984557314570507
13:55:04,2282,8.984968470450212
13:55:05,2282,8.984968470450212
13:55:06,2282,8.984968470450212
13:55:07,2281,8.98248276873442
13:55:08,2281,8.98248276873442
13:55:09,2281,8.98248276873442
13:55:10,2281,8.98248276873442
13:55:11,2281,8.98248276873442
13:55:12,2281,8.98248276873442
13:55:13,2281,8.98248276873442
13:55:14,2281,8.98248276873442
13:55:15,2280,8.98193955399061
13:55:16,2280,8.98193955399061
13:55:17,2280,8.98193955399061
13:55:18,2278,8.983957415565346
13:55:19,2278,8.983957415565346
13:55:20,2277,8.984163361245777
13:55:21,2277,8.984163361245777
13:55:22,2277,8.984163361245777
13:55:23,2276,8.984347442680777
13:55:24,2276,8.984347442680777
13:55:25,2276,8.984347442680777
13:55:26,2275,8.985700632259961
13:55:27,2275,8.985700632259961
13:55:28,2275,8.985700632259961
13:55:29,2275,8.985700632259961
13:55:30,2275,8.985700632259961
13:55:31,2275,8.985700632259961
13:55:32,2275,8.985700632259961
13:55:33,2275,8.985700632259961
13:55:34,2275,8.985700632259961
13:55:35,2275,8.983245111013085
13:55:36,2274,8.984466019417477
13:55:37,2274,8.984466019417477
13:55:38,2274,8.984466019417477
13:55:39,2273,8.982303618711386
13:55:40,2273,8.982303618711386
13:55:41,2273,8.982303618711386
13:55:42,2272,8.983046357615894
13:55:43,2273,8.983046357615894
13:55:44,2273,8.983046357615894
13:55:45,2273,8.983046357615894
13:55:46,2273,8.983046357615894
13:55:47,2272,8.983031507656067
13:55:48,2272,8.983031507656067
13:55:49,2273,8.983031507656067
13:55:50,2272,8.983863602887023
13:55:51,2272,8.983863602887023
13:55:52,2271,8.984888004715591
13:55:53,2271,8.984888004715591
13:55:54,2272,8.984888004715591
13:55:55,2272,8.984888004715591
13:55:56,2271,8.985802742149492
13:55:57,2270,8.985914454277287
13:55:58,2270,8.98296476485331
13:55:59,2271,8.98296476485331
13:56:00,2271,8.98296476485331
13:56:01,2271,8.98296476485331
13:56:02,2272,8.98296476485331
13:56:03,2272,8.98296476485331
13:56:04,2271,8.98307522123894
13:56:05,2271,8.98307522123894
13:56:06,2271,8.98307522123894
13:56:07,2271,8.98307522123894
13:56:08,2272,8.98307522123894
13:56:09,2272,8.98307522123894
13:56:10,2270,8.98393120755831
13:56:11,2270,8.98393120755831
13:56:12,2269,8.983805937084627
13:56:13,2269,8.983805937084627
13:56:14,2269,8.983805937084627
13:56:15,2269,8.983805937084627
13:56:16,2268,8.984663120567376
13:56:17,2268,8.984663120567376
13:56:18,2269,8.984663120567376
13:56:19,2268,8.985683665927569
13:56:20,2268,8.985683665927569
13:56:21,2268,8.985683665927569
13:56:22,2269,8.985683665927569
13:56:23,2269,8.985683665927569
13:56:24,2268,8.985610766045548
13:56:25,2268,8.982668144863267
13:56:26,2267,8.983481218574386
13:56:27,2267,8.983481218574386
13:56:28,2267,8.980650406504065
13:56:29,2266,8.98150695060633
13:56:30,2266,8.98150695060633
13:56:31,2267,8.98150695060633
13:56:32,2267,8.98150695060633
13:56:33,2267,8.98150695060633
13:56:34,2267,8.98150695060633
13:56:35,2267,8.978447893569845
13:56:36,2267,8.978447893569845
13:56:37,2268,8.978447893569845
13:56:38,2268,8.978447893569845
13:56:39,2268,8.978447893569845
13:56:40,2268,8.978447893569845
13:56:41,2267,8.979347826086956
13:56:42,2267,8.979347826086956
13:56:43,2267,8.979347826086956
13:56:44,2267,8.979347826086956
13:56:45,2267,8.980004438526409
13:56:46,2267,8.980004438526409
13:56:47,2267,8.980004438526409
13:56:48,2266,8.980735642391949
13:56:49,2266,8.980735642391949
13:56:50,2266,8.980735642391949
13:56:51,2267,8.980735642391949
13:56:52,2267,8.980735642391949
13:56:53,2267,8.980735642391949
13:56:54,2266,8.981349030060715
13:56:55,2266,8.981349030060715
13:56:56,2265,8.978365171035096
13:56:57,2266,8.978365171035096
13:56:58,2266,8.978365171035096
13:56:59,2266,8.978365171035096
13:57:00,2266,8.978365171035096
13:57:01,2266,8.978365171035096
13:57:02,2265,8.978488888888888
13:57:03,2266,8.978488888888888
13:57:04,2266,8.978488888888888
13:57:05,2264,8.979144424673784
13:57:06,2264,8.979144424673784
13:57:07,2263,8.979743361519063
13:57:08,2262,8.980654496883348
13:57:09,2262,8.980654496883348
13:57:10,2262,8.980654496883348
13:57:11,2262,8.980654496883348
13:57:12,2262,8.980654496883348
13:57:13,2261,8.981269487750556
13:57:14,2261,8.978309587414662
13:57:15,2261,8.978309587414662
13:57:16,2259,8.97895127748069
13:57:17,2259,8.97895127748069
13:57:18,2258,8.979462030019318
13:57:19,2258,8.979462030019318
13:57:20,2259,8.979462030019318
13:57:21,2259,8.979462030019318
13:57:22,2259,8.979462030019318
13:57:23,2259,8.979462030019318
13:57:24,2259,8.979462030019318
13:57:25,2259,8.979462030019318
13:57:26,2259,8.979462030019318
13:57:27,2260,8.979462030019318
13:57:28,2260,8.979462030019318
13:57:29,2259,8.98009961344038
13:57:30,2259,8.98009961344038
13:57:31,2259,8.98009961344038
13:57:32,2259,8.98009961344038
13:57:33,2258,8.980098170459616
13:57:34,2257,8.980736607142857
13:57:35,2257,8.980736607142857
13:57:36,2257,8.980736607142857
13:57:37,2257,8.980736607142857
13:57:38,2257,8.980736607142857
13:57:39,2257,8.980736607142857
13:57:40,2257,8.980736607142857
13:57:41,2257,8.980736607142857
13:57:42,2256,8.97733630952381
13:57:43,2256,8.97733630952381
13:57:44,2256,8.97733630952381
13:57:45,2256,8.97733630952381
13:57:46,2256,8.97733630952381
13:57:47,2256,8.97733630952381
13:57:48,2256,8.97733630952381
13:57:49,2256,8.97733630952381
13:57:50,2255,8.977810034241477
13:57:51,2255,8.977810034241477
13:57:52,2256,8.977810034241477
13:57:53,2254,8.978252123379526
13:57:54,2255,8.978252123379526
13:57:55,2255,8.978252123379526
13:57:56,2254,8.97858527131783
13:57:57,2253,8.979254287844892
13:57:58,2254,8.979254287844892
13:57:59,2254,8.979254287844892
13:58:00,2254,8.979254287844892
13:58:01,2255,8.979254287844892
13:58:02,2255,8.979254287844892
13:58:03,2255,8.979254287844892
13:58:04,2256,8.979254287844892
13:58:05,2256,8.979254287844892
13:58:06,2255,8.979028648164727
13:58:07,2256,8.979028648164727
13:58:08,2255,8.979101358411702
13:58:09,2256,8.979101358411702
13:58:10,2257,8.979101358411702
13:58:11,2257,8.976133989853775
13:58:12,2257,8.976133989853775
13:58:13,2257,8.976133989853775
13:58:14,2257,8.976133989853775
13:58:15,2258,8.973161819537658
13:58:16,2259,8.973161819537658
13:58:17,2259,8.973161819537658
13:58:18,2258,8.973575052223218
13:58:19,2258,8.973575052223218
13:58:20,2257,8.974003582624272
13:58:21,2257,8.974003582624272
13:58:22,2257,8.974003582624272
13:58:23,2257,8.974003582624272
13:58:24,2257,8.974003582624272
13:58:25,2257,8.974003582624272
13:58:26,2257,8.974003582624272
13:58:27,2257,8.974003582624272
13:58:28,2256,8.97089117778773
13:58:29,2256,8.97089117778773
13:58:30,2256,8.97089117778773
13:58:31,2255,8.971087216248508
13:58:32,2256,8.971087216248508
13:58:33,2255,8.971208725534138
13:58:34,2254,8.971106128550074
13:58:35,2255,8.971106128550074
13:58:36,2254,8.971467025572005
13:58:37,2254,8.971467025572005
13:58:38,2254,8.971467025572005
13:58:39,2254,8.971467025572005
13:58:40,2253,8.971626271693596
13:58:41,2253,8.971626271693596
13:58:42,2253,8.971626271693596
13:58:43,2253,8.971626271693596
13:58:44,2254,8.971626271693596
13:58:45,2254,8.971626271693596
13:58:46,2253,8.971980242478672
13:58:47,2253,8.971980242478672
13:58:48,2253,8.971980242478672
13:58:49,2253,8.971980242478672
13:58:50,2253,8.971980242478672
13:58:51,2253,8.971980242478672
13:58:52,2253,8.969000598444046
13:58:53,2253,8.966390010468073
13:58:54,2253,8.966390010468073
13:58:55,2251,8.966546924113157
13:58:56,2251,8.963696888090963
13:58:57,2249,8.963447139862234
13:58:58,2249,8.963447139862234
13:58:59,2249,8.963447139862234
13:59:00,2247,8.963256894484411
13:59:01,2247,8.963256894484411
13:59:02,2247,8.963256894484411
13:59:03,2247,8.963256894484411
13:59:04,2247,8.963256894484411
13:59:05,2245,8.963418841884188
13:59:06,2245,8.963418841884188
13:59:07,2244,8.962959627795287
13:59:08,2243,8.963115615615616
13:59:09,2243,8.960498274050728
13:59:10,2243,8.960498274050728
13:59:11,2243,8.960498274050728
13:59:12,2244,8.960498274050728
13:59:13,2244,8.960498274050728
13:59:14,2243,8.96063063063063
13:59:15,2243,8.96063063063063
13:59:16,2243,8.96063063063063
13:59:17,2243,8.955018001800179
13:59:18,2242,8.954637550652858
13:59:19,2242,8.954637550652858
13:59:20,2242,8.954637550652858
13:59:21,2242,8.954637550652858
13:59:22,2242,8.954637550652858
13:59:23,2242,8.954637550652858
13:59:24,2242,8.954637550652858
13:59:25,2243,8.951665166516651
13:59:26,2242,8.948964896489649
13:59:27,2242,8.948964896489649
13:59:28,2242,8.94647623331834
13:59:29,2242,8.94647623331834
13:59:30,2242,8.94647623331834
13:59:31,2242,8.94647623331834
13:59:32,2242,8.94647623331834
13:59:33,2243,8.94647623331834
13:59:34,2242,8.946249624962496
13:59:35,2242,8.946249624962496
13:59:36,2242,8.946249624962496
13:59:37,2242,8.946249624962496
13:59:38,2242,8.946249624962496
13:59:39,2242,8.94623292811046
13:59:40,2242,8.94623292811046
13:59:41,2242,8.94623292811046
13:59:42,2240,8.94259009009009
13:59:43,2240,8.94259009009009
13:59:44,2239,8.942646837914976
13:59:45,2238,8.942012323414486
13:59:46,2238,8.942012323414486
13:59:47,2237,8.941550142835665
13:59:48,2236,8.940982250300841
13:59:49,2236,8.940982250300841
13:59:50,2236,8.940982250300841
13:59:51,2236,8.940982250300841
13:59:52,2235,8.940451467268623
13:59:53,2235,8.940451467268623
13:59:54,2235,8.940451467268623
13:59:55,2235,8.940451467268623
13:59:56,2235,8.940451467268623
13:59:57,2234,8.938254326561324
13:59:58,2234,8.938254326561324
13:59:59,2234,8.935153429602888
14:00:00,2233,8.934762979683972
14:00:01,2232,8.93504968383017
14:00:02,2232,8.932490594431902
14:00:03,2232,8.929392298435621
14:00:04,2231,8.925729542719614
14:00:05,2231,8.925729542719614
14:00:06,2231,8.925729542719614
14:00:07,2231,8.925729542719614
14:00:08,2231,8.925729542719614
14:00:09,2231,8.925729542719614
14:00:10,2231,8.925729542719614
14:00:11,2231,8.925729542719614
14:00:12,2231,8.922635693880618
11:00:00,0,0.0
