11:00:00,0,0.0
11:00:01,0,0.0
11:00:02,0,0.0
11:00:03,0,0.0
11:00:04,0,0.0
11:00:05,0,0.0
11:00:06,0,0.0
11:00:07,0,0.0
11:00:08,0,0.0
11:00:09,0,0.0
11:00:10,0,0.0
11:00:11,0,0.0
11:00:12,0,0.0
11:00:13,0,0.0
11:00:14,0,0.0
11:00:15,0,0.0
11:00:16,0,0.0
11:00:17,0,0.0
11:00:18,0,0.0
11:00:19,0,0.0
11:00:20,0,0.0
11:00:21,0,0.0
11:00:22,0,0.0
11:00:23,0,0.0
11:00:24,0,0.0
11:00:25,0,0.0
11:00:26,0,0.0
11:00:27,1,0.0
11:00:28,2,0.0
11:00:29,3,0.0
11:00:30,3,0.0
11:00:31,4,0.0
11:00:32,5,0.0
11:00:33,6,0.0
11:00:34,6,0.0
11:00:35,7,0.0
11:00:36,8,0.0
11:00:37,9,0.0
11:00:38,9,0.0
11:00:39,11,0.0
11:00:40,13,0.0
11:00:41,13,0.0
11:00:42,13,0.0
11:00:43,15,0.0
11:00:44,16,0.0
11:00:45,16,0.0
11:00:46,16,0.0
11:00:47,19,0.0
11:00:48,19,0.0
11:00:49,19,0.0
11:00:50,20,0.0
11:00:51,22,0.0
11:00:52,22,0.0
11:00:53,23,0.0
11:00:54,24,0.0
11:00:55,25,0.0
11:00:56,25,0.0
11:00:57,25,0.0
11:00:58,27,0.0
11:00:59,28,0.0
11:01:00,29,0.0
11:01:01,30,0.0
11:01:02,30,0.0
11:01:03,32,0.0
11:01:04,33,0.0
11:01:05,33,0.0
11:01:06,34,0.0
11:01:07,35,0.0
11:01:08,35,0.0
11:01:09,35,0.0
11:01:10,37,0.0
11:01:11,37,0.0
11:01:12,38,0.0
11:01:13,38,0.0
11:01:14,38,0.0
11:01:15,39,0.0
11:01:16,39,0.0
11:01:17,39,0.0
11:01:18,42,0.0
11:01:19,42,0.0
11:01:20,43,0.0
11:01:21,43,0.0
11:01:22,43,0.0
11:01:23,46,0.0
11:01:24,46,0.0
11:01:25,46,0.0
11:01:26,46,0.0
11:01:27,48,0.0
11:01:28,48,0.0
11:01:29,50,0.0
11:01:30,50,0.0
11:01:31,51,0.0
11:01:32,51,0.0
11:01:33,53,0.0
11:01:34,54,0.0
11:01:35,55,0.0
11:01:36,55,0.0
11:01:37,56,0.0
11:01:38,56,0.0
11:01:39,57,0.0
11:01:40,59,0.0
11:01:41,59,0.0
11:01:42,60,0.0
11:01:43,62,0.0
11:01:44,63,0.0
11:01:45,63,0.0
11:01:46,65,0.0
11:01:47,66,0.0
11:01:48,66,0.0
11:01:49,66,0.0
11:01:50,69,0.0
11:01:51,69,0.0
11:01:52,70,0.0
11:01:53,71,0.0
11:01:54,72,0.0
11:01:55,73,0.0
11:01:56,75,0.0
11:01:57,75,0.0
11:01:58,75,0.0
11:01:59,77,0.0
11:02:00,78,0.0
11:02:01,78,0.0
11:02:02,80,0.0
11:02:03,81,0.0
11:02:04,81,0.0
11:02:05,81,0.0
11:02:06,82,0.0
11:02:07,83,0.0
11:02:08,83,0.0
11:02:09,83,0.0
11:02:10,83,0.0
11:02:11,84,0.0
11:02:12,85,0.0
11:02:13,85,0.0
11:02:14,85,0.0
11:02:15,86,0.0
11:02:16,86,0.0
11:02:17,87,0.0
11:02:18,88,0.0
11:02:19,88,0.0
11:02:20,88,0.0
11:02:21,88,0.0
11:02:22,89,0.0
11:02:23,89,0.0
11:02:24,90,0.0
11:02:25,91,0.0
11:02:26,91,0.0
11:02:27,91,0.0
11:02:28,92,0.0
11:02:29,92,0.0
11:02:30,93,0.0
11:02:31,94,0.0
11:02:32,94,0.0
11:02:33,94,2.066666666666667
11:02:34,95,2.0833333333333335
11:02:35,95,2.0833333333333335
11:02:36,95,2.0833333333333335
11:02:37,96,2.091666666666667
11:02:38,96,2.091666666666667
11:02:39,96,2.091666666666667
11:02:40,97,2.091666666666667
11:02:41,97,2.091666666666667
11:02:42,97,2.091666666666667
11:02:43,97,2.091666666666667
11:02:44,99,2.091666666666667
11:02:45,99,2.091666666666667
11:02:46,99,2.091666666666667
11:02:47,100,2.0833333333333335
11:02:48,100,2.0833333333333335
11:02:49,100,2.0833333333333335
11:02:50,102,2.0833333333333335
11:02:51,102,2.0833333333333335
11:02:52,102,2.0833333333333335
11:02:53,102,2.0833333333333335
11:02:54,103,2.119047619047619
11:02:55,103,2.14375
11:02:56,103,2.14375
11:02:57,104,2.1370370370370373
11:02:58,105,2.1370370370370373
11:02:59,105,2.1370370370370373
11:03:00,105,2.1370370370370373
11:03:01,106,2.158333333333333
11:03:02,106,2.1757575757575753
11:03:03,106,2.1757575757575753
11:03:04,107,2.1757575757575753
11:03:05,108,2.1757575757575753
11:03:06,108,2.1757575757575753
11:03:07,108,2.1757575757575753
11:03:08,108,2.188888888888889
11:03:09,109,2.201282051282051
11:03:10,109,2.230952380952381
11:03:11,110,2.230952380952381
11:03:12,110,2.230952380952381
11:03:13,111,2.230952380952381
11:03:14,111,2.230952380952381
11:03:15,111,2.230952380952381
11:03:16,112,2.230952380952381
11:03:17,113,2.230952380952381
11:03:18,114,2.230952380952381
11:03:19,114,2.230952380952381
11:03:20,114,2.230952380952381
11:03:21,116,2.230952380952381
11:03:22,116,2.238888888888889
11:03:23,117,2.238888888888889
11:03:24,117,2.2291666666666665
11:03:25,119,2.2291666666666665
11:03:26,119,2.2291666666666665
11:03:27,119,2.2291666666666665
11:03:28,120,2.2291666666666665
11:03:29,120,2.2291666666666665
11:03:30,120,2.2666666666666666
11:03:31,120,2.2666666666666666
11:03:32,122,2.3
11:03:33,122,2.3
11:03:34,122,2.3
11:03:35,124,2.305263157894737
11:03:36,124,2.305263157894737
11:03:37,124,2.3275
11:03:38,124,2.3275
11:03:39,124,2.354761904761905
11:03:40,125,2.354761904761905
11:03:41,125,2.354761904761905
11:03:42,125,2.367424242424242
11:03:43,126,2.367424242424242
11:03:44,127,2.367424242424242
11:03:45,127,2.367424242424242
11:03:46,127,2.4014492753623187
11:03:47,127,2.4014492753623187
11:03:48,127,2.4222222222222225
11:03:49,128,2.4222222222222225
11:03:50,128,2.4222222222222225
11:03:51,128,2.452
11:03:52,129,2.452
11:03:53,130,2.452
11:03:54,130,2.452
11:03:55,130,2.452
11:03:56,130,2.4480769230769233
11:03:57,130,2.4480769230769233
11:03:58,130,2.4480769230769233
11:03:59,130,2.4480769230769233
11:04:00,130,2.4480769230769233
11:04:01,130,2.4480769230769233
11:04:02,131,2.4480769230769233
11:04:03,131,2.4480769230769233
11:04:04,131,2.4480769230769233
11:04:05,131,2.4480769230769233
11:04:06,131,2.4480769230769233
11:04:07,131,2.4480769230769233
11:04:08,131,2.4480769230769233
11:04:09,131,2.4728395061728397
11:04:10,131,2.4728395061728397
11:04:11,132,2.4728395061728397
11:04:12,132,2.505952380952381
11:04:13,133,2.505952380952381
11:04:14,133,2.505952380952381
11:04:15,133,2.505952380952381
11:04:16,133,2.505952380952381
11:04:17,134,2.505952380952381
11:04:18,135,2.505952380952381
11:04:19,135,2.505952380952381
11:04:20,135,2.53735632183908
11:04:21,136,2.53735632183908
11:04:22,136,2.53735632183908
11:04:23,136,2.5881720430107524
11:04:24,136,2.5881720430107524
11:04:25,137,2.608080808080808
11:04:26,137,2.608080808080808
11:04:27,137,2.6409523809523807
11:04:28,137,2.6409523809523807
11:04:29,138,2.656944444444444
11:04:30,138,2.681531531531532
11:04:31,138,2.681531531531532
11:04:32,139,2.694736842105263
11:04:33,139,2.7205128205128206
11:04:34,139,2.7205128205128206
11:04:35,139,2.7205128205128206
11:04:36,139,2.7205128205128206
11:04:37,139,2.7205128205128206
11:04:38,140,2.7205128205128206
11:04:39,140,2.7205128205128206
11:04:40,140,2.7205128205128206
11:04:41,140,2.7205128205128206
11:04:42,140,2.7205128205128206
11:04:43,140,2.7205128205128206
11:04:44,141,2.7205128205128206
11:04:45,141,2.7205128205128206
11:04:46,141,2.7205128205128206
11:04:47,141,2.7205128205128206
11:04:48,141,2.7205128205128206
11:04:49,142,2.7205128205128206
11:04:50,142,2.7383333333333337
11:04:51,142,2.7609756097560973
11:04:52,142,2.757142857142857
11:04:53,143,2.757142857142857
11:04:54,143,2.757142857142857
11:04:55,143,2.7670542635658912
11:04:56,143,2.7670542635658912
11:04:57,143,2.7890151515151516
11:04:58,143,2.7890151515151516
11:04:59,143,2.7890151515151516
11:05:00,143,2.801851851851852
11:05:01,144,2.801851851851852
11:05:02,144,2.801851851851852
11:05:03,144,2.801851851851852
11:05:04,144,2.8297101449275366
11:05:05,145,2.8297101449275366
11:05:06,145,2.8297101449275366
11:05:07,145,2.8297101449275366
11:05:08,146,2.8297101449275366
11:05:09,146,2.8553191489361702
11:05:10,146,2.8553191489361702
11:05:11,146,2.876388888888889
11:05:12,147,2.876388888888889
11:05:13,147,2.876388888888889
11:05:14,147,2.8959183673469386
11:05:15,149,2.8959183673469386
11:05:16,149,2.8959183673469386
11:05:17,149,2.917333333333333
11:05:18,150,2.917333333333333
11:05:19,150,2.917333333333333
11:05:20,150,2.9215686274509802
11:05:21,150,2.9215686274509802
11:05:22,151,2.9215686274509802
11:05:23,151,2.9480769230769233
11:05:24,151,2.9480769230769233
11:05:25,152,2.9650943396226412
11:05:26,152,2.9650943396226412
11:05:27,152,2.9650943396226412
11:05:28,152,2.9650943396226412
11:05:29,153,2.9650943396226412
11:05:30,153,2.9650943396226412
11:05:31,153,2.9650943396226412
11:05:32,153,2.9650943396226412
11:05:33,153,2.9650943396226412
11:05:34,153,2.9650943396226412
11:05:35,153,2.9650943396226412
11:05:36,153,2.9650943396226412
11:05:37,153,2.9650943396226412
11:05:38,153,2.9650943396226412
11:05:39,153,2.9650943396226412
11:05:40,154,2.979320987654321
11:05:41,154,2.979320987654321
11:05:42,154,2.979320987654321
11:05:43,154,2.9833333333333334
11:05:44,155,2.9833333333333334
11:05:45,155,2.9833333333333334
11:05:46,155,3.0029761904761902
11:05:47,156,3.0029761904761902
11:05:48,156,3.0239766081871347
11:05:49,156,3.0396551724137932
11:05:50,157,3.0396551724137932
11:05:51,157,3.0396551724137932
11:05:52,157,3.0396551724137932
11:05:53,158,3.064124293785311
11:05:54,158,3.064124293785311
11:05:55,158,3.0719444444444446
11:05:56,158,3.0719444444444446
11:05:57,159,3.0719444444444446
11:05:58,159,3.0719444444444446
11:05:59,159,3.0719444444444446
11:06:00,159,3.0953551912568305
11:06:01,160,3.117741935483871
11:06:02,160,3.117741935483871
11:06:03,160,3.117741935483871
11:06:04,160,3.136243386243386
11:06:05,160,3.136243386243386
11:06:06,161,3.14921875
11:06:07,161,3.172307692307692
11:06:08,161,3.172307692307692
11:06:09,162,3.172307692307692
11:06:10,163,3.172307692307692
11:06:11,163,3.172307692307692
11:06:12,164,3.172307692307692
11:06:13,164,3.172307692307692
11:06:14,164,3.172307692307692
11:06:15,165,3.1990049751243785
11:06:16,165,3.1990049751243785
11:06:17,165,3.1990049751243785
11:06:18,166,3.1990049751243785
11:06:19,166,3.1990049751243785
11:06:20,166,3.1990049751243785
11:06:21,166,3.1990049751243785
11:06:22,167,3.2154411764705886
11:06:23,167,3.2154411764705886
11:06:24,167,3.2154411764705886
11:06:25,167,3.2154411764705886
11:06:26,167,3.2154411764705886
11:06:27,168,3.2405797101449276
11:06:28,168,3.2405797101449276
11:06:29,168,3.263095238095238
11:06:30,169,3.263095238095238
11:06:31,169,3.263095238095238
11:06:32,169,3.263095238095238
11:06:33,169,3.263095238095238
11:06:34,169,3.263095238095238
11:06:35,170,3.263095238095238
11:06:36,170,3.263095238095238
11:06:37,170,3.263095238095238
11:06:38,170,3.3011574074074077
11:06:39,171,3.3011574074074077
11:06:40,171,3.3011574074074077
11:06:41,171,3.3362612612612614
11:06:42,172,3.3362612612612614
11:06:43,172,3.3362612612612614
11:06:44,172,3.3362612612612614
11:06:45,173,3.348
11:06:46,173,3.348
11:06:47,173,3.370614035087719
11:06:48,173,3.370614035087719
11:06:49,174,3.403632478632479
11:06:50,174,3.403632478632479
11:06:51,174,3.403632478632479
11:06:52,175,3.403632478632479
11:06:53,175,3.4242616033755273
11:06:54,175,3.4242616033755273
11:06:55,176,3.4242616033755273
11:06:56,176,3.4242616033755273
11:06:57,176,3.4242616033755273
11:06:58,177,3.4397916666666664
11:06:59,177,3.4397916666666664
11:07:00,177,3.460082304526749
11:07:01,177,3.460082304526749
11:07:02,178,3.460082304526749
11:07:03,179,3.4821138211382117
11:07:04,179,3.490963855421687
11:07:05,180,3.490963855421687
11:07:06,181,3.490963855421687
11:07:07,181,3.490963855421687
11:07:08,182,3.490963855421687
11:07:09,182,3.490963855421687
11:07:10,182,3.490963855421687
11:07:11,182,3.490963855421687
11:07:12,182,3.5055555555555555
11:07:13,183,3.5055555555555555
11:07:14,183,3.5276470588235296
11:07:15,183,3.5426356589147283
11:07:16,183,3.5426356589147283
11:07:17,184,3.5426356589147283
11:07:18,184,3.5426356589147283
11:07:19,184,3.5426356589147283
11:07:20,184,3.5426356589147283
11:07:21,184,3.5426356589147283
11:07:22,185,3.5426356589147283
11:07:23,185,3.5426356589147283
11:07:24,185,3.5426356589147283
11:07:25,185,3.5426356589147283
11:07:26,186,3.5426356589147283
11:07:27,186,3.5657088122605365
11:07:28,186,3.5657088122605365
11:07:29,187,3.5797348484848484
11:07:30,187,3.5797348484848484
11:07:31,187,3.59250936329588
11:07:32,187,3.59250936329588
11:07:33,188,3.59250936329588
11:07:34,188,3.59250936329588
11:07:35,188,3.59250936329588
11:07:36,188,3.59250936329588
11:07:37,189,3.6166666666666667
11:07:38,189,3.628205128205128
11:07:39,189,3.628205128205128
11:07:40,189,3.6509057971014496
11:07:41,190,3.6509057971014496
11:07:42,190,3.670609318996416
11:07:43,190,3.670609318996416
11:07:44,190,3.670609318996416
11:07:45,190,3.670609318996416
11:07:46,191,3.670609318996416
11:07:47,191,3.6826241134751774
11:07:48,191,3.7047368421052633
11:07:49,191,3.7047368421052633
11:07:50,191,3.7047368421052633
11:07:51,191,3.7291666666666665
11:07:52,191,3.7291666666666665
11:07:53,192,3.7426116838487973
11:07:54,192,3.7426116838487973
11:07:55,193,3.7426116838487973
11:07:56,194,3.7426116838487973
11:07:57,194,3.7426116838487973
11:07:58,195,3.7426116838487973
11:07:59,196,3.7426116838487973
11:08:00,196,3.7656462585034016
11:08:01,196,3.7656462585034016
11:08:02,196,3.7656462585034016
11:08:03,197,3.7892255892255893
11:08:04,197,3.7892255892255893
11:08:05,197,3.7892255892255893
11:08:06,197,3.7892255892255893
11:08:07,198,3.795
11:08:08,198,3.795
11:08:09,198,3.795
11:08:10,198,3.817821782178218
11:08:11,198,3.817821782178218
11:08:12,198,3.8297385620915034
11:08:13,198,3.839644012944984
11:08:14,198,3.839644012944984
11:08:15,198,3.839644012944984
11:08:16,198,3.839644012944984
11:08:17,198,3.839644012944984
11:08:18,198,3.839644012944984
11:08:19,198,3.839644012944984
11:08:20,199,3.839644012944984
11:08:21,200,3.839644012944984
11:08:22,200,3.85400641025641
11:08:23,200,3.8647619047619046
11:08:24,200,3.8647619047619046
11:08:25,200,3.8647619047619046
11:08:26,200,3.8647619047619046
11:08:27,200,3.8647619047619046
11:08:28,200,3.8647619047619046
11:08:29,200,3.8647619047619046
11:08:30,200,3.899688473520249
11:08:31,200,3.909104938271605
11:08:32,200,3.909104938271605
11:08:33,200,3.927981651376147
11:08:34,200,3.927981651376147
11:08:35,200,3.943787878787879
11:08:36,201,3.943787878787879
11:08:37,201,3.957057057057057
11:08:38,201,3.957057057057057
11:08:39,202,3.957057057057057
11:08:40,202,3.957057057057057
11:08:41,202,3.957057057057057
11:08:42,202,3.957057057057057
11:08:43,203,3.957057057057057
11:08:44,203,3.9648809523809523
11:08:45,203,3.9648809523809523
11:08:46,204,3.9648809523809523
11:08:47,205,3.9648809523809523
11:08:48,205,3.9648809523809523
11:08:49,205,3.9648809523809523
11:08:50,205,3.9648809523809523
11:08:51,205,3.9648809523809523
11:08:52,205,3.9648809523809523
11:08:53,205,3.9811209439528024
11:08:54,205,3.9811209439528024
11:08:55,205,3.9811209439528024
11:08:56,205,3.9811209439528024
11:08:57,205,3.9811209439528024
11:08:58,205,3.989327485380117
11:08:59,205,3.989327485380117
11:09:00,205,3.989327485380117
11:09:01,205,3.989327485380117
11:09:02,205,4.00231884057971
11:09:03,205,4.00231884057971
11:09:04,205,4.00231884057971
11:09:05,206,4.017816091954023
11:09:06,207,4.017816091954023
11:09:07,207,4.017816091954023
11:09:08,207,4.017816091954023
11:09:09,207,4.017816091954023
11:09:10,207,4.017816091954023
11:09:11,207,4.025071225071225
11:09:12,207,4.025071225071225
11:09:13,207,4.025071225071225
11:09:14,207,4.025071225071225
11:09:15,207,4.025071225071225
11:09:16,208,4.025071225071225
11:09:17,208,4.025071225071225
11:09:18,208,4.025071225071225
11:09:19,209,4.0398305084745765
11:09:20,210,4.0398305084745765
11:09:21,210,4.061344537815126
11:09:22,210,4.087916666666667
11:09:23,210,4.087916666666667
11:09:24,210,4.105096418732782
11:09:25,211,4.090437158469945
11:09:26,211,4.090437158469945
11:09:27,211,4.090437158469945
11:09:28,211,4.107317073170732
11:09:29,211,4.107317073170732
11:09:30,211,4.107317073170732
11:09:31,211,4.107317073170732
11:09:32,211,4.107317073170732
11:09:33,211,4.107317073170732
11:09:34,211,4.107317073170732
11:09:35,211,4.107317073170732
11:09:36,211,4.107317073170732
11:09:37,211,4.107317073170732
11:09:38,211,4.126881720430108
11:09:39,211,4.126881720430108
11:09:40,211,4.126881720430108
11:09:41,211,4.126881720430108
11:09:42,211,4.126881720430108
11:09:43,211,4.145066666666667
11:09:44,211,4.126455026455027
11:09:45,211,4.126455026455027
11:09:46,211,4.126455026455027
11:09:47,211,4.126455026455027
11:09:48,211,4.126455026455027
11:09:49,211,4.126455026455027
11:09:50,211,4.126455026455027
11:09:51,211,4.126455026455027
11:09:52,211,4.13503937007874
11:09:53,211,4.13503937007874
11:09:54,211,4.147265625
11:09:55,211,4.147265625
11:09:56,211,4.147265625
11:09:57,211,4.147265625
11:09:58,211,4.165762273901809
11:09:59,211,4.165762273901809
11:10:00,211,4.165762273901809
11:10:01,211,4.165762273901809
11:10:02,211,4.170384615384616
11:10:03,211,4.170384615384616
11:10:04,211,4.170384615384616
11:10:05,211,4.170384615384616
11:10:06,211,4.170384615384616
11:10:07,211,4.170384615384616
11:10:08,211,4.170384615384616
11:10:09,211,4.186386768447837
11:10:10,213,4.186386768447837
11:10:11,213,4.193181818181818
11:10:12,213,4.191854636591478
11:10:13,214,4.191854636591478
11:10:14,214,4.211318407960198
11:10:15,214,4.197530864197531
11:10:16,215,4.197530864197531
11:10:17,215,4.217524509803922
11:10:18,215,4.217524509803922
11:10:19,215,4.231143552311435
11:10:20,216,4.231143552311435
11:10:21,216,4.231143552311435
11:10:22,216,4.231143552311435
11:10:23,216,4.231143552311435
11:10:24,216,4.231143552311435
11:10:25,216,4.231143552311435
11:10:26,217,4.22487922705314
11:10:27,217,4.22487922705314
11:10:28,217,4.22487922705314
11:10:29,217,4.22487922705314
11:10:30,217,4.22487922705314
11:10:31,217,4.22487922705314
11:10:32,217,4.22487922705314
11:10:33,217,4.22487922705314
11:10:34,217,4.213309352517985
11:10:35,217,4.213309352517985
11:10:36,217,4.213309352517985
11:10:37,217,4.213309352517985
11:10:38,217,4.213309352517985
11:10:39,217,4.213309352517985
11:10:40,217,4.213309352517985
11:10:41,217,4.213309352517985
11:10:42,217,4.213309352517985
11:10:43,217,4.213309352517985
11:10:44,218,4.213309352517985
11:10:45,218,4.213309352517985
11:10:46,218,4.213309352517985
11:10:47,218,4.213309352517985
11:10:48,218,4.234047619047619
11:10:49,218,4.234047619047619
11:10:50,219,4.234047619047619
11:10:51,219,4.255437352245862
11:10:52,219,4.255437352245862
11:10:53,219,4.245892018779343
11:10:54,219,4.245892018779343
11:10:55,219,4.235664335664335
11:10:56,219,4.235664335664335
11:10:57,219,4.235664335664335
11:10:58,219,4.250810185185185
11:10:59,220,4.250810185185185
11:11:00,220,4.250810185185185
11:11:01,220,4.250810185185185
11:11:02,220,4.250810185185185
11:11:03,220,4.250810185185185
11:11:04,221,4.250810185185185
11:11:05,221,4.272183908045977
11:11:06,222,4.272183908045977
11:11:07,222,4.279365079365079
11:11:08,222,4.279365079365079
11:11:09,222,4.279365079365079
11:11:10,222,4.296846846846847
11:11:11,223,4.296846846846847
11:11:12,223,4.296846846846847
11:11:13,223,4.296846846846847
11:11:14,224,4.287360178970917
11:11:15,224,4.298666666666667
11:11:16,224,4.298666666666667
11:11:17,225,4.298666666666667
11:11:18,225,4.313576158940397
11:11:19,225,4.313576158940397
11:11:20,225,4.313576158940397
11:11:21,226,4.313576158940397
11:11:22,226,4.313576158940397
11:11:23,226,4.313576158940397
11:11:24,226,4.331030701754386
11:11:25,227,4.317864923747277
11:11:26,227,4.317864923747277
11:11:27,227,4.317864923747277
11:11:28,227,4.317864923747277
11:11:29,227,4.317864923747277
11:11:30,227,4.317864923747277
11:11:31,228,4.317864923747277
11:11:32,228,4.317864923747277
11:11:33,228,4.317864923747277
11:11:34,228,4.317864923747277
11:11:35,229,4.317864923747277
11:11:36,229,4.317864923747277
11:11:37,229,4.317864923747277
11:11:38,230,4.317864923747277
11:11:39,230,4.317864923747277
11:11:40,231,4.317864923747277
11:11:41,232,4.3113636363636365
11:11:42,232,4.3113636363636365
11:11:43,232,4.30752688172043
11:11:44,232,4.30752688172043
11:11:45,233,4.30752688172043
11:11:46,233,4.30752688172043
11:11:47,233,4.30752688172043
11:11:48,233,4.30752688172043
11:11:49,235,4.30752688172043
11:11:50,235,4.318269230769231
11:11:51,235,4.318269230769231
11:11:52,236,4.318269230769231
11:11:53,237,4.318269230769231
11:11:54,237,4.318269230769231
11:11:55,237,4.338853503184713
11:11:56,237,4.338853503184713
11:11:57,237,4.338853503184713
11:11:58,237,4.354535864978903
11:11:59,237,4.3634375
11:12:00,237,4.3634375
11:12:01,238,4.3809523809523805
11:12:02,238,4.3809523809523805
11:12:03,238,4.3809523809523805
11:12:04,238,4.3809523809523805
11:12:05,238,4.3809523809523805
11:12:06,238,4.3809523809523805
11:12:07,238,4.395884773662551
11:12:08,238,4.395884773662551
11:12:09,238,4.395884773662551
11:12:10,238,4.395884773662551
11:12:11,238,4.395884773662551
11:12:12,238,4.395884773662551
11:12:13,238,4.413803680981595
11:12:14,238,4.413803680981595
11:12:15,238,4.404979674796748
11:12:16,238,4.390909090909091
11:12:17,238,4.390909090909091
11:12:18,238,4.390909090909091
11:12:19,238,4.390909090909091
11:12:20,238,4.37710843373494
11:12:21,238,4.37710843373494
11:12:22,238,4.37710843373494
11:12:23,238,4.37710843373494
11:12:24,239,4.37710843373494
11:12:25,239,4.37710843373494
11:12:26,239,4.37710843373494
11:12:27,239,4.37710843373494
11:12:28,239,4.37710843373494
11:12:29,239,4.37710843373494
11:12:30,239,4.37710843373494
11:12:31,239,4.37710843373494
11:12:32,239,4.38154761904762
11:12:33,240,4.38154761904762
11:12:34,240,4.378698224852071
11:12:35,240,4.378698224852071
11:12:36,240,4.36656862745098
11:12:37,240,4.36656862745098
11:12:38,240,4.36656862745098
11:12:39,240,4.36656862745098
11:12:40,240,4.36656862745098
11:12:41,240,4.36656862745098
11:12:42,240,4.378654970760234
11:12:43,240,4.378654970760234
11:12:44,240,4.378654970760234
11:12:45,240,4.378654970760234
11:12:46,240,4.378654970760234
11:12:47,240,4.378654970760234
11:12:48,240,4.396027131782946
11:12:49,240,4.396027131782946
11:12:50,240,4.396027131782946
11:12:51,240,4.415799614643546
11:12:52,240,4.415799614643546
11:12:53,240,4.43448275862069
11:12:54,240,4.43448275862069
11:12:55,240,4.43448275862069
11:12:56,240,4.43448275862069
11:12:57,241,4.450285714285714
11:12:58,241,4.450285714285714
11:12:59,241,4.450285714285714
11:13:00,241,4.450285714285714
11:13:01,242,4.439583333333333
11:13:02,242,4.439583333333333
11:13:03,242,4.439583333333333
11:13:04,243,4.439583333333333
11:13:05,243,4.439583333333333
11:13:06,243,4.439583333333333
11:13:07,243,4.439583333333333
11:13:08,244,4.439583333333333
11:13:09,244,4.439583333333333
11:13:10,244,4.439583333333333
11:13:11,245,4.439583333333333
11:13:12,245,4.439583333333333
11:13:13,245,4.430696798493409
11:13:14,245,4.430696798493409
11:13:15,246,4.430696798493409
11:13:16,246,4.430696798493409
11:13:17,246,4.430696798493409
11:13:18,246,4.430696798493409
11:13:19,246,4.430696798493409
11:13:20,246,4.430696798493409
11:13:21,246,4.430696798493409
11:13:22,246,4.430696798493409
11:13:23,246,4.447471910112359
11:13:24,246,4.447471910112359
11:13:25,246,4.447471910112359
11:13:26,246,4.447471910112359
11:13:27,247,4.447471910112359
11:13:28,247,4.447471910112359
11:13:29,247,4.447471910112359
11:13:30,247,4.447471910112359
11:13:31,247,4.447471910112359
11:13:32,247,4.463780260707635
11:13:33,247,4.463780260707635
11:13:34,247,4.477685185185185
11:13:35,247,4.477685185185185
11:13:36,247,4.477685185185185
11:13:37,247,4.495580110497238
11:13:38,248,4.495580110497238
11:13:39,248,4.495580110497238
11:13:40,248,4.515750915750916
11:13:41,248,4.515750915750916
11:13:42,248,4.515750915750916
11:13:43,248,4.534972677595628
11:13:44,248,4.534972677595628
11:13:45,248,4.521557971014492
11:13:46,248,4.521557971014492
11:13:47,248,4.521557971014492
11:13:48,248,4.521557971014492
11:13:49,248,4.521557971014492
11:13:50,248,4.521557971014492
11:13:51,248,4.521557971014492
11:13:52,248,4.521557971014492
11:13:53,248,4.521557971014492
11:13:54,248,4.521557971014492
11:13:55,248,4.521557971014492
11:13:56,248,4.521557971014492
11:13:57,248,4.521557971014492
11:13:58,248,4.508288288288288
11:13:59,248,4.508288288288288
11:14:00,248,4.508288288288288
11:14:01,248,4.508288288288288
11:14:02,248,4.508288288288288
11:14:03,248,4.508288288288288
11:14:04,248,4.508288288288288
11:14:05,248,4.508288288288288
11:14:06,249,4.508288288288288
11:14:07,249,4.508288288288288
11:14:08,249,4.508288288288288
11:14:09,249,4.508288288288288
11:14:10,249,4.508288288288288
11:14:11,249,4.514705882352941
11:14:12,249,4.514705882352941
11:14:13,249,4.514705882352941
11:14:14,249,4.514705882352941
11:14:15,249,4.514705882352941
11:14:16,249,4.514705882352941
11:14:17,249,4.514705882352941
11:14:18,250,4.514705882352941
11:14:19,250,4.514705882352941
11:14:20,250,4.514705882352941
11:14:21,250,4.514705882352941
11:14:22,251,4.531382978723404
11:14:23,251,4.531382978723404
11:14:24,252,4.531382978723404
11:14:25,252,4.531382978723404
11:14:26,252,4.531382978723404
11:14:27,252,4.531382978723404
11:14:28,252,4.531382978723404
11:14:29,252,4.551146384479718
11:14:30,253,4.551146384479718
11:14:31,253,4.569999999999999
11:14:32,253,4.569999999999999
11:14:33,254,4.569999999999999
11:14:34,254,4.591972076788831
11:14:35,254,4.591972076788831
11:14:36,254,4.608506944444445
11:14:37,254,4.608506944444445
11:14:38,255,4.608506944444445
11:14:39,256,4.608506944444445
11:14:40,256,4.608506944444445
11:14:41,257,4.608506944444445
11:14:42,257,4.608506944444445
11:14:43,257,4.629188255613126
11:14:44,258,4.629188255613126
11:14:45,259,4.629188255613126
11:14:46,259,4.629188255613126
11:14:47,261,4.629188255613126
11:14:48,261,4.629188255613126
11:14:49,262,4.629188255613126
11:14:50,263,4.629188255613126
11:14:51,263,4.629188255613126
11:14:52,264,4.629188255613126
11:14:53,265,4.629188255613126
11:14:54,265,4.629188255613126
11:14:55,265,4.629188255613126
11:14:56,266,4.629188255613126
11:14:57,267,4.629188255613126
11:14:58,267,4.629188255613126
11:14:59,267,4.618556701030927
11:15:00,268,4.618556701030927
11:15:01,269,4.618556701030927
11:15:02,269,4.618556701030927
11:15:03,269,4.637863247863248
11:15:04,270,4.637863247863248
11:15:05,271,4.637863247863248
11:15:06,272,4.637863247863248
11:15:07,272,4.637863247863248
11:15:08,272,4.637863247863248
11:15:09,272,4.627380952380952
11:15:10,273,4.627380952380952
11:15:11,273,4.645516074450085
11:15:12,273,4.645516074450085
11:15:13,274,4.645516074450085
11:15:14,274,4.645516074450085
11:15:15,274,4.645516074450085
11:15:16,274,4.645516074450085
11:15:17,275,4.666329966329966
11:15:18,275,4.6894472361809045
11:15:19,275,4.6894472361809045
11:15:20,276,4.6894472361809045
11:15:21,276,4.6894472361809045
11:15:22,277,4.6894472361809045
11:15:23,277,4.6894472361809045
11:15:24,277,4.6894472361809045
11:15:25,278,4.6894472361809045
11:15:26,278,4.707416666666666
11:15:27,278,4.707416666666666
11:15:28,278,4.707416666666666
11:15:29,278,4.707416666666666
11:15:30,278,4.707416666666666
11:15:31,280,4.707416666666666
11:15:32,280,4.707416666666666
11:15:33,280,4.707416666666666
11:15:34,281,4.707416666666666
11:15:35,281,4.727280265339967
11:15:36,281,4.727280265339967
11:15:37,281,4.746287128712871
11:15:38,282,4.746287128712871
11:15:39,283,4.746287128712871
11:15:40,284,4.746287128712871
11:15:41,285,4.746287128712871
11:15:42,285,4.746287128712871
11:15:43,286,4.746287128712871
11:15:44,286,4.746287128712871
11:15:45,287,4.746287128712871
11:15:46,288,4.746287128712871
11:15:47,288,4.746287128712871
11:15:48,290,4.746287128712871
11:15:49,290,4.746287128712871
11:15:50,290,4.746287128712871
11:15:51,291,4.767651888341543
11:15:52,291,4.767651888341543
11:15:53,292,4.767651888341543
11:15:54,292,4.786764705882352
11:15:55,293,4.786764705882352
11:15:56,293,4.786764705882352
11:15:57,294,4.786764705882352
11:15:58,295,4.786764705882352
11:15:59,295,4.786764705882352
11:16:00,296,4.786764705882352
11:16:01,297,4.806829268292684
11:16:02,297,4.806829268292684
11:16:03,297,4.806829268292684
11:16:04,299,4.806829268292684
11:16:05,300,4.806829268292684
11:16:06,301,4.806829268292684
11:16:07,301,4.806829268292684
11:16:08,302,4.806829268292684
11:16:09,302,4.806829268292684
11:16:10,303,4.806829268292684
11:16:11,303,4.806829268292684
11:16:12,304,4.806829268292684
11:16:13,305,4.806829268292684
11:16:14,305,4.806829268292684
11:16:15,305,4.806829268292684
11:16:16,307,4.826051779935275
11:16:17,307,4.826051779935275
11:16:18,307,4.826051779935275
11:16:19,308,4.826051779935275
11:16:20,309,4.826051779935275
11:16:21,309,4.8504830917874395
11:16:22,310,4.8504830917874395
11:16:23,311,4.8504830917874395
11:16:24,311,4.8504830917874395
11:16:25,312,4.870993589743589
11:16:26,312,4.870993589743589
11:16:27,314,4.857575757575757
11:16:28,315,4.877698412698412
11:16:29,315,4.877698412698412
11:16:30,315,4.864454976303318
11:16:31,316,4.864454976303318
11:16:32,316,4.864454976303318
11:16:33,316,4.864454976303318
11:16:34,317,4.864454976303318
11:16:35,317,4.864454976303318
11:16:36,317,4.864454976303318
11:16:37,318,4.864454976303318
11:16:38,319,4.864454976303318
11:16:39,319,4.864454976303318
11:16:40,319,4.864454976303318
11:16:41,320,4.864454976303318
11:16:42,321,4.8842767295597485
11:16:43,321,4.871048513302034
11:16:44,322,4.871048513302034
11:16:45,322,4.871048513302034
11:16:46,322,4.871048513302034
11:16:47,324,4.871048513302034
11:16:48,324,4.871048513302034
11:16:49,324,4.857943925233645
11:16:50,325,4.857943925233645
11:16:51,326,4.865740740740741
11:16:52,326,4.865740740740741
11:16:53,327,4.865740740740741
11:16:54,328,4.865740740740741
11:16:55,328,4.865740740740741
11:16:56,329,4.865740740740741
11:16:57,329,4.865740740740741
11:16:58,329,4.865740740740741
11:16:59,330,4.884408602150538
11:17:00,331,4.884408602150538
11:17:01,331,4.896788990825688
11:17:02,331,4.896788990825688
11:17:03,331,4.885159817351598
11:17:04,331,4.885159817351598
11:17:05,331,4.885159817351598
11:17:06,331,4.901515151515151
11:17:07,332,4.901515151515151
11:17:08,332,4.901515151515151
11:17:09,332,4.901515151515151
11:17:10,332,4.9147058823529415
11:17:11,333,4.9147058823529415
11:17:12,333,4.938813813813813
11:17:13,334,4.938813813813813
11:17:14,334,4.938813813813813
11:17:15,334,4.938813813813813
11:17:16,334,4.938813813813813
11:17:17,334,4.938813813813813
11:17:18,335,4.938813813813813
11:17:19,335,4.938813813813813
11:17:20,335,4.938813813813813
11:17:21,336,4.938813813813813
11:17:22,336,4.938813813813813
11:17:23,336,4.938813813813813
11:17:24,336,4.938813813813813
11:17:25,336,4.929446935724963
11:17:26,336,4.929446935724963
11:17:27,336,4.929446935724963
11:17:28,336,4.919122023809524
11:17:29,336,4.919122023809524
11:17:30,336,4.919122023809524
11:17:31,336,4.919122023809524
11:17:32,336,4.91
11:17:33,336,4.91
11:17:34,336,4.93193215339233
11:17:35,336,4.93193215339233
11:17:36,336,4.922099853157122
11:17:37,336,4.922099853157122
11:17:38,336,4.922099853157122
11:17:39,336,4.911769005847954
11:17:40,336,4.911769005847954
11:17:41,336,4.902911208151383
11:17:42,336,4.902911208151383
11:17:43,336,4.902911208151383
11:17:44,337,4.902911208151383
11:17:45,337,4.902911208151383
11:17:46,337,4.902911208151383
11:17:47,337,4.902911208151383
11:17:48,337,4.921014492753623
11:17:49,338,4.921014492753623
11:17:50,339,4.921014492753623
11:17:51,339,4.921014492753623
11:17:52,340,4.921014492753623
11:17:53,340,4.921014492753623
11:17:54,341,4.913131313131314
11:17:55,341,4.92176724137931
11:17:56,341,4.92176724137931
11:17:57,342,4.92176724137931
11:17:58,342,4.92176724137931
11:17:59,343,4.92176724137931
11:18:00,343,4.92176724137931
11:18:01,344,4.931402002861231
11:18:02,344,4.955555555555555
11:18:03,344,4.946666666666667
11:18:04,345,4.946666666666667
11:18:05,345,4.946666666666667
11:18:06,346,4.946666666666667
11:18:07,346,4.9553672316384185
11:18:08,346,4.947819971870604
11:18:09,346,4.95672268907563
11:18:10,347,4.95672268907563
11:18:11,347,4.949163179916318
11:18:12,347,4.949163179916318
11:18:13,348,4.949163179916318
11:18:14,348,4.949163179916318
11:18:15,348,4.949163179916318
11:18:16,349,4.949163179916318
11:18:17,349,4.949163179916318
11:18:18,350,4.949163179916318
11:18:19,351,4.949163179916318
11:18:20,351,4.949163179916318
11:18:21,351,4.941527777777778
11:18:22,352,4.941527777777778
11:18:23,352,4.941527777777778
11:18:24,352,4.934716459197787
11:18:25,353,4.954132231404959
11:18:26,353,4.954132231404959
11:18:27,353,4.962208504801097
11:18:28,353,4.962208504801097
11:18:29,354,4.962208504801097
11:18:30,354,4.962208504801097
11:18:31,354,4.962208504801097
11:18:32,356,4.962208504801097
11:18:33,356,4.962208504801097
11:18:34,356,4.962208504801097
11:18:35,357,4.962208504801097
11:18:36,357,4.962208504801097
11:18:37,358,4.954508196721311
11:18:38,358,4.954508196721311
11:18:39,359,4.954508196721311
11:18:40,359,4.9478231292517005
11:18:41,359,4.9478231292517005
11:18:42,360,4.9478231292517005
11:18:43,360,4.9478231292517005
11:18:44,360,4.9478231292517005
11:18:45,360,4.940582655826558
11:18:46,360,4.944287634408602
11:18:47,360,4.944287634408602
11:18:48,360,4.944287634408602
11:18:49,360,4.944287634408602
11:18:50,360,4.944287634408602
11:18:51,360,4.95475234270415
11:18:52,360,4.95475234270415
11:18:53,360,4.9802
11:18:54,360,4.9802
11:18:55,360,4.9802
11:18:56,360,4.9802
11:18:57,360,4.9802
11:18:58,360,4.9802
11:18:59,361,4.972974767596281
11:19:00,361,4.972974767596281
11:19:01,361,4.972974767596281
11:19:02,362,4.972974767596281
11:19:03,362,4.981878306878307
11:19:04,362,4.981878306878307
11:19:05,362,4.981878306878307
11:19:06,364,4.981878306878307
11:19:07,365,4.981878306878307
11:19:08,365,4.981878306878307
11:19:09,365,4.981878306878307
11:19:10,366,4.981878306878307
11:19:11,367,4.993083003952568
11:19:12,367,4.988451443569554
11:19:13,368,5.000326797385621
11:19:14,369,5.000326797385621
11:19:15,370,5.000326797385621
11:19:16,371,5.000326797385621
11:19:17,372,5.000326797385621
11:19:18,372,5.000326797385621
11:19:19,373,4.994791666666667
11:19:20,375,4.994791666666667
11:19:21,375,4.994791666666667
11:19:22,376,4.994791666666667
11:19:23,376,4.994791666666667
11:19:24,379,4.994791666666667
11:19:25,379,4.994791666666667
11:19:26,380,4.994791666666667
11:19:27,381,4.994791666666667
11:19:28,382,4.994791666666667
11:19:29,383,5.007392996108949
11:19:30,383,5.007392996108949
11:19:31,383,5.007392996108949
11:19:32,384,5.007392996108949
11:19:33,384,5.007392996108949
11:19:34,385,5.004005167958656
11:19:35,387,5.015315315315315
11:19:36,388,5.015315315315315
11:19:37,388,5.011282051282051
11:19:38,390,5.011282051282051
11:19:39,390,5.011282051282051
11:19:40,391,5.011282051282051
11:19:41,392,5.021392081736909
11:19:42,394,5.016603053435115
11:19:43,394,5.016603053435115
11:19:44,395,5.037896070975919
11:19:45,395,5.037896070975919
11:19:46,396,5.037896070975919
11:19:47,398,5.037896070975919
11:19:48,398,5.037896070975919
11:19:49,399,5.037896070975919
11:19:50,401,5.037896070975919
11:19:51,401,5.037896070975919
11:19:52,402,5.037896070975919
11:19:53,404,5.034722222222222
11:19:54,405,5.034722222222222
11:19:55,406,5.032264150943396
11:19:56,406,5.032264150943396
11:19:57,407,5.032264150943396
11:19:58,407,5.032264150943396
11:19:59,409,5.032264150943396
11:20:00,409,5.032264150943396
11:20:01,410,5.032264150943396
11:20:02,411,5.032264150943396
11:20:03,411,5.044047619047619
11:20:04,411,5.044047619047619
11:20:05,412,5.056554307116104
11:20:06,413,5.056554307116104
11:20:07,415,5.056554307116104
11:20:08,415,5.053980099502487
11:20:09,416,5.053980099502487
11:20:10,418,5.05179677819083
11:20:11,418,5.05179677819083
11:20:12,419,5.05179677819083
11:20:13,422,5.05179677819083
11:20:14,423,5.05179677819083
11:20:15,423,5.05179677819083
11:20:16,423,5.048765432098765
11:20:17,425,5.048765432098765
11:20:18,425,5.046125461254613
11:20:19,426,5.046125461254613
11:20:20,427,5.046125461254613
11:20:21,428,5.046125461254613
11:20:22,428,5.046125461254613
11:20:23,429,5.046125461254613
11:20:24,430,5.054901960784314
11:20:25,430,5.054901960784314
11:20:26,431,5.054901960784314
11:20:27,432,5.054901960784314
11:20:28,432,5.053113553113553
11:20:29,433,5.053113553113553
11:20:30,434,5.061313868613139
11:20:31,435,5.061313868613139
11:20:32,436,5.078484848484848
11:20:33,437,5.078484848484848
11:20:34,438,5.078484848484848
11:20:35,438,5.078484848484848
11:20:36,439,5.078484848484848
11:20:37,439,5.078484848484848
11:20:38,440,5.086775362318841
11:20:39,440,5.086775362318841
11:20:40,441,5.086775362318841
11:20:41,441,5.0852587244283995
11:20:42,442,5.0852587244283995
11:20:43,443,5.0852587244283995
11:20:44,444,5.08447242206235
11:20:45,444,5.08447242206235
11:20:46,445,5.08447242206235
11:20:47,445,5.08447242206235
11:20:48,446,5.08447242206235
11:20:49,446,5.08447242206235
11:20:50,447,5.08447242206235
11:20:51,447,5.094086021505376
11:20:52,448,5.094086021505376
11:20:53,448,5.094086021505376
11:20:54,448,5.094086021505376
11:20:55,448,5.103630952380953
11:20:56,448,5.103630952380953
11:20:57,449,5.103630952380953
11:20:58,449,5.10379596678529
11:20:59,450,5.10379596678529
11:21:00,450,5.1031323877068555
11:21:01,450,5.1031323877068555
11:21:02,450,5.1031323877068555
11:21:03,450,5.1031323877068555
11:21:04,450,5.1031323877068555
11:21:05,450,5.102650176678446
11:21:06,450,5.102650176678446
11:21:07,450,5.102650176678446
11:21:08,451,5.10193661971831
11:21:09,451,5.10193661971831
11:21:10,451,5.10193661971831
11:21:11,453,5.10193661971831
11:21:12,453,5.10193661971831
11:21:13,453,5.10193661971831
11:21:14,454,5.108304093567252
11:21:15,454,5.108304093567252
11:21:16,455,5.112937062937063
11:21:17,457,5.112543554006968
11:21:18,457,5.112543554006968
11:21:19,457,5.112615740740741
11:21:20,457,5.122145328719723
11:21:21,458,5.122145328719723
11:21:22,459,5.13816091954023
11:21:23,459,5.13816091954023
11:21:24,459,5.143298969072164
11:21:25,459,5.143298969072164
11:21:26,460,5.143298969072164
11:21:27,461,5.143150684931507
11:21:28,461,5.143150684931507
11:21:29,461,5.143150684931507
11:21:30,461,5.143150684931507
11:21:31,461,5.143150684931507
11:21:32,462,5.143150684931507
11:21:33,462,5.1452787258248005
11:21:34,463,5.1452787258248005
11:21:35,463,5.146428571428571
11:21:36,463,5.146428571428571
11:21:37,464,5.1466666666666665
11:21:38,464,5.1466666666666665
11:21:39,464,5.1466666666666665
11:21:40,465,5.1466666666666665
11:21:41,465,5.1466666666666665
11:21:42,465,5.1466666666666665
11:21:43,465,5.1466666666666665
11:21:44,466,5.1466666666666665
11:21:45,466,5.156644144144144
11:21:46,467,5.156644144144144
11:21:47,467,5.156644144144144
11:21:48,467,5.158866442199776
11:21:49,467,5.158866442199776
11:21:50,467,5.158866442199776
11:21:51,468,5.158866442199776
11:21:52,469,5.157023411371238
11:21:53,469,5.157023411371238
11:21:54,469,5.157023411371238
11:21:55,472,5.159055555555556
11:21:56,472,5.159055555555556
11:21:57,472,5.159055555555556
11:21:58,474,5.159055555555556
11:21:59,475,5.159055555555556
11:22:00,475,5.159055555555556
11:22:01,476,5.159055555555556
11:22:02,477,5.159055555555556
11:22:03,478,5.160908084163898
11:22:04,478,5.160908084163898
11:22:05,478,5.160908084163898
11:22:06,479,5.160908084163898
11:22:07,481,5.160908084163898
11:22:08,481,5.160908084163898
11:22:09,482,5.160908084163898
11:22:10,483,5.160908084163898
11:22:11,483,5.162362030905077
11:22:12,483,5.17975797579758
11:22:13,483,5.181578947368421
11:22:14,484,5.181578947368421
11:22:15,484,5.188524590163935
11:22:16,484,5.188524590163935
11:22:17,485,5.197448425624321
11:22:18,485,5.197448425624321
11:22:19,485,5.197448425624321
11:22:20,485,5.197448425624321
11:22:21,485,5.197448425624321
11:22:22,486,5.19512987012987
11:22:23,486,5.19512987012987
11:22:24,486,5.1987594390507015
11:22:25,486,5.1987594390507015
11:22:26,486,5.1987594390507015
11:22:27,486,5.1987594390507015
11:22:28,487,5.1987594390507015
11:22:29,487,5.1987594390507015
11:22:30,487,5.197043010752688
11:22:31,487,5.197043010752688
11:22:32,487,5.202411575562701
11:22:33,487,5.202411575562701
11:22:34,488,5.202411575562701
11:22:35,488,5.202411575562701
11:22:36,488,5.202411575562701
11:22:37,488,5.205448717948718
11:22:38,488,5.205448717948718
11:22:39,488,5.207774227902023
11:22:40,488,5.207774227902023
11:22:41,489,5.207774227902023
11:22:42,489,5.207774227902023
11:22:43,489,5.207774227902023
11:22:44,489,5.207774227902023
11:22:45,490,5.210138004246285
11:22:46,490,5.210138004246285
11:22:47,490,5.210138004246285
11:22:48,490,5.210138004246285
11:22:49,491,5.210138004246285
11:22:50,491,5.210138004246285
11:22:51,491,5.208624338624338
11:22:52,492,5.208624338624338
11:22:53,492,5.208624338624338
11:22:54,492,5.208624338624338
11:22:55,493,5.208624338624338
11:22:56,493,5.211093585699263
11:22:57,493,5.211093585699263
11:22:58,493,5.211093585699263
11:22:59,494,5.211093585699263
11:23:00,494,5.211093585699263
11:23:01,494,5.211093585699263
11:23:02,494,5.219601677148847
11:23:03,494,5.219601677148847
11:23:04,494,5.234691745036573
11:23:05,494,5.234691745036573
11:23:06,494,5.234691745036573
11:23:07,494,5.234691745036573
11:23:08,494,5.234691745036573
11:23:09,494,5.234691745036573
11:23:10,494,5.237760416666666
11:23:11,494,5.237760416666666
11:23:12,494,5.237760416666666
11:23:13,494,5.237760416666666
11:23:14,494,5.237760416666666
11:23:15,494,5.237760416666666
11:23:16,494,5.241277258566979
11:23:17,495,5.241277258566979
11:23:18,495,5.241277258566979
11:23:19,495,5.245703933747412
11:23:20,495,5.254681069958848
11:23:21,495,5.254681069958848
11:23:22,495,5.254681069958848
11:23:23,495,5.257179487179487
11:23:24,496,5.257179487179487
11:23:25,496,5.257179487179487
11:23:26,496,5.269631901840492
11:23:27,496,5.269631901840492
11:23:28,496,5.269631901840492
11:23:29,496,5.269631901840492
11:23:30,496,5.270234454638125
11:23:31,496,5.276219512195122
11:23:32,496,5.276219512195122
11:23:33,496,5.276219512195122
11:23:34,496,5.276219512195122
11:23:35,496,5.280952380952381
11:23:36,497,5.280952380952381
11:23:37,497,5.280952380952381
11:23:38,497,5.280952380952381
11:23:39,497,5.281818181818182
11:23:40,499,5.281818181818182
11:23:41,499,5.287462235649547
11:23:42,499,5.287462235649547
11:23:43,499,5.287462235649547
11:23:44,499,5.287462235649547
11:23:45,499,5.287462235649547
11:23:46,500,5.287462235649547
11:23:47,500,5.2874497991967875
11:23:48,500,5.2874497991967875
11:23:49,501,5.292292292292292
11:23:50,501,5.292292292292292
11:23:51,501,5.292292292292292
11:23:52,502,5.292292292292292
11:23:53,502,5.293113772455089
11:23:54,503,5.293113772455089
11:23:55,504,5.294427860696517
11:23:56,504,5.294427860696517
11:23:57,504,5.294427860696517
11:23:58,506,5.294427860696517
11:23:59,506,5.294427860696517
11:24:00,506,5.2947420634920634
11:24:01,506,5.2947420634920634
11:24:02,508,5.2947420634920634
11:24:03,508,5.2947420634920634
11:24:04,508,5.29540059347181
11:24:05,509,5.29540059347181
11:24:06,510,5.29540059347181
11:24:07,510,5.29540059347181
11:24:08,510,5.29540059347181
11:24:09,511,5.29540059347181
11:24:10,511,5.307199211045364
11:24:11,511,5.307199211045364
11:24:12,512,5.307199211045364
11:24:13,512,5.314362745098039
11:24:14,512,5.314362745098039
11:24:15,512,5.320918866080157
11:24:16,513,5.320918866080157
11:24:17,513,5.327729044834308
11:24:18,513,5.327729044834308
11:24:19,513,5.327729044834308
11:24:20,513,5.327729044834308
11:24:21,513,5.327729044834308
11:24:22,514,5.327729044834308
11:24:23,514,5.327729044834308
11:24:24,514,5.3333819241982505
11:24:25,514,5.3333819241982505
11:24:26,514,5.3333819241982505
11:24:27,515,5.334786821705426
11:24:28,515,5.334786821705426
11:24:29,515,5.334786821705426
11:24:30,515,5.334786821705426
11:24:31,516,5.334786821705426
11:24:32,516,5.334786821705426
11:24:33,516,5.334786821705426
11:24:34,516,5.334786821705426
11:24:35,517,5.338405797101449
11:24:36,517,5.338405797101449
11:24:37,517,5.338405797101449
11:24:38,517,5.339258188824663
11:24:39,518,5.339258188824663
11:24:40,519,5.3395292987512
11:24:41,519,5.3395292987512
11:24:42,519,5.3395292987512
11:24:43,520,5.3395292987512
11:24:44,520,5.345833333333333
11:24:45,521,5.348901623686724
11:24:46,522,5.348901623686724
11:24:47,522,5.353428571428571
11:24:48,522,5.353428571428571
11:24:49,524,5.36082621082621
11:24:50,524,5.36082621082621
11:24:51,524,5.36082621082621
11:24:52,524,5.36082621082621
11:24:53,525,5.36082621082621
11:24:54,525,5.36082621082621
11:24:55,525,5.36082621082621
11:24:56,525,5.36082621082621
11:24:57,526,5.36082621082621
11:24:58,527,5.3608428030303035
11:24:59,527,5.3608428030303035
11:25:00,527,5.3608428030303035
11:25:01,528,5.367327667610954
11:25:02,529,5.367327667610954
11:25:03,529,5.368926553672316
11:25:04,530,5.368926553672316
11:25:05,530,5.371737089201877
11:25:06,530,5.372799625468165
11:25:07,531,5.372799625468165
11:25:08,531,5.372799625468165
11:25:09,531,5.383007448789572
11:25:10,531,5.383007448789572
11:25:11,531,5.383007448789572
11:25:12,532,5.383007448789572
11:25:13,532,5.383007448789572
11:25:14,532,5.383007448789572
11:25:15,532,5.383007448789572
11:25:16,533,5.383007448789572
11:25:17,534,5.383007448789572
11:25:18,534,5.383007448789572
11:25:19,534,5.383007448789572
11:25:20,534,5.383007448789572
11:25:21,535,5.383007448789572
11:25:22,535,5.383007448789572
11:25:23,535,5.383007448789572
11:25:24,535,5.383007448789572
11:25:25,536,5.383007448789572
11:25:26,536,5.383007448789572
11:25:27,536,5.383007448789572
11:25:28,536,5.383007448789572
11:25:29,536,5.383007448789572
11:25:30,537,5.385747446610956
11:25:31,537,5.385747446610956
11:25:32,537,5.385747446610956
11:25:33,538,5.385747446610956
11:25:34,538,5.385747446610956
11:25:35,538,5.385747446610956
11:25:36,539,5.385747446610956
11:25:37,540,5.385747446610956
11:25:38,540,5.392222222222222
11:25:39,541,5.392222222222222
11:25:40,541,5.392222222222222
11:25:41,542,5.40129270544783
11:25:42,543,5.40129270544783
11:25:43,544,5.40129270544783
11:25:44,544,5.40129270544783
11:25:45,544,5.40129270544783
11:25:46,545,5.40129270544783
11:25:47,545,5.40129270544783
11:25:48,545,5.4072744014732965
11:25:49,545,5.4072744014732965
11:25:50,546,5.4072744014732965
11:25:51,546,5.4072744014732965
11:25:52,546,5.4072744014732965
11:25:53,547,5.4072744014732965
11:25:54,547,5.4072744014732965
11:25:55,547,5.411111111111111
11:25:56,547,5.411111111111111
11:25:57,547,5.413965201465202
11:25:58,548,5.417716894977169
11:25:59,548,5.417716894977169
11:26:00,548,5.417716894977169
11:26:01,548,5.421038251366121
11:26:02,548,5.428247048138057
11:26:03,548,5.43088768115942
11:26:04,549,5.434191508581752
11:26:05,549,5.434191508581752
11:26:06,549,5.4374774774774774
11:26:07,549,5.443530997304582
11:26:08,550,5.443530997304582
11:26:09,551,5.443530997304582
11:26:10,551,5.447356630824372
11:26:11,552,5.447356630824372
11:26:12,552,5.447356630824372
11:26:13,552,5.447356630824372
11:26:14,552,5.451608579088472
11:26:15,552,5.451608579088472
11:26:16,552,5.451608579088472
11:26:17,553,5.451608579088472
11:26:18,554,5.451608579088472
11:26:19,554,5.451608579088472
11:26:20,554,5.451608579088472
11:26:21,554,5.455570409982174
11:26:22,555,5.455570409982174
11:26:23,555,5.459422222222222
11:26:24,555,5.459422222222222
11:26:25,555,5.4625
11:26:26,555,5.4625
11:26:27,556,5.468656056587092
11:26:28,556,5.468656056587092
11:26:29,556,5.468656056587092
11:26:30,558,5.478703703703704
11:26:31,558,5.478703703703704
11:26:32,558,5.478703703703704
11:26:33,558,5.478703703703704
11:26:34,559,5.478703703703704
11:26:35,560,5.478703703703704
11:26:36,560,5.478703703703704
11:26:37,560,5.478703703703704
11:26:38,561,5.478703703703704
11:26:39,561,5.478703703703704
11:26:40,562,5.478703703703704
11:26:41,563,5.482277924362356
11:26:42,563,5.482277924362356
11:26:43,563,5.482277924362356
11:26:44,564,5.482277924362356
11:26:45,565,5.482277924362356
11:26:46,565,5.482277924362356
11:26:47,565,5.4917760279965
11:26:48,565,5.4917760279965
11:26:49,565,5.4917760279965
11:26:50,565,5.4917760279965
11:26:51,565,5.4917760279965
11:26:52,566,5.494589877835951
11:26:53,566,5.494589877835951
11:26:54,566,5.494589877835951
11:26:55,566,5.494589877835951
11:26:56,566,5.494589877835951
11:26:57,566,5.494589877835951
11:26:58,566,5.494589877835951
11:26:59,566,5.497519582245431
11:27:00,566,5.502473958333334
11:27:01,566,5.502473958333334
11:27:02,566,5.502473958333334
11:27:03,566,5.5080086580086585
11:27:04,566,5.512823834196891
11:27:05,566,5.512823834196891
11:27:06,566,5.512823834196891
11:27:07,566,5.5171834625323
11:27:08,566,5.5171834625323
11:27:09,567,5.5171834625323
11:27:10,567,5.5171834625323
11:27:11,567,5.5171834625323
11:27:12,567,5.5171834625323
11:27:13,567,5.5171834625323
11:27:14,567,5.5171834625323
11:27:15,567,5.5171834625323
11:27:16,567,5.5171834625323
11:27:17,567,5.5171834625323
11:27:18,567,5.5171834625323
11:27:19,568,5.525558419243986
11:27:20,568,5.530462724935733
11:27:21,569,5.530462724935733
11:27:22,569,5.530462724935733
11:27:23,569,5.530462724935733
11:27:24,569,5.530462724935733
11:27:25,569,5.530462724935733
11:27:26,569,5.530462724935733
11:27:27,569,5.530462724935733
11:27:28,569,5.530462724935733
11:27:29,569,5.536538461538461
11:27:30,570,5.5409633418584825
11:27:31,570,5.5409633418584825
11:27:32,570,5.5409633418584825
11:27:33,571,5.547746598639455
11:27:34,571,5.547746598639455
11:27:35,571,5.554283290924513
11:27:36,571,5.554283290924513
11:27:37,574,5.554283290924513
11:27:38,574,5.554283290924513
11:27:39,574,5.554283290924513
11:27:40,574,5.56002538071066
11:27:41,576,5.56002538071066
11:27:42,576,5.563459915611815
11:27:43,578,5.563459915611815
11:27:44,578,5.563459915611815
11:27:45,579,5.563459915611815
11:27:46,581,5.563459915611815
11:27:47,581,5.563459915611815
11:27:48,581,5.567845117845118
11:27:49,582,5.574223341729638
11:27:50,583,5.574223341729638
11:27:51,583,5.581742043551089
11:27:52,584,5.581742043551089
11:27:53,586,5.581742043551089
11:27:54,586,5.581742043551089
11:27:55,586,5.581742043551089
11:27:56,586,5.581742043551089
11:27:57,586,5.581742043551089
11:27:58,588,5.581742043551089
11:27:59,588,5.581742043551089
11:28:00,589,5.581742043551089
11:28:01,589,5.581742043551089
11:28:02,590,5.581742043551089
11:28:03,590,5.581742043551089
11:28:04,590,5.593583333333333
11:28:05,590,5.593583333333333
11:28:06,590,5.593583333333333
11:28:07,592,5.599625935162095
11:28:08,592,5.599625935162095
11:28:09,592,5.612613730355665
11:28:10,593,5.612613730355665
11:28:11,593,5.612613730355665
11:28:12,593,5.625761316872428
11:28:13,593,5.625761316872428
11:28:14,594,5.634031198686372
11:28:15,594,5.634031198686372
11:28:16,594,5.634031198686372
11:28:17,594,5.64062244062244
11:28:18,595,5.64062244062244
11:28:19,595,5.644812091503268
11:28:20,595,5.644812091503268
11:28:21,595,5.644812091503268
11:28:22,595,5.6514669926650365
11:28:23,595,5.6514669926650365
11:28:24,595,5.654837398373984
11:28:25,595,5.654837398373984
11:28:26,595,5.654837398373984
11:28:27,595,5.654837398373984
11:28:28,595,5.654837398373984
11:28:29,595,5.66021897810219
11:28:30,595,5.66021897810219
11:28:31,595,5.66021897810219
11:28:32,596,5.66021897810219
11:28:33,597,5.66021897810219
11:28:34,597,5.66021897810219
11:28:35,597,5.66021897810219
11:28:36,598,5.66021897810219
11:28:37,599,5.66021897810219
11:28:38,599,5.66021897810219
11:28:39,599,5.66021897810219
11:28:40,600,5.66021897810219
11:28:41,600,5.666990291262136
11:28:42,600,5.666990291262136
11:28:43,600,5.675221953188055
11:28:44,600,5.675221953188055
11:28:45,601,5.675221953188055
11:28:46,601,5.675221953188055
11:28:47,601,5.675221953188055
11:28:48,602,5.675221953188055
11:28:49,602,5.675221953188055
11:28:50,602,5.675221953188055
11:28:51,603,5.675221953188055
11:28:52,603,5.681280193236715
11:28:53,603,5.681280193236715
11:28:54,603,5.681280193236715
11:28:55,603,5.681280193236715
11:28:56,603,5.681280193236715
11:28:57,603,5.68566265060241
11:28:58,603,5.692227564102565
11:28:59,603,5.692227564102565
11:29:00,603,5.692227564102565
11:29:01,603,5.692227564102565
11:29:02,603,5.692227564102565
11:29:03,603,5.692227564102565
11:29:04,603,5.706339712918661
11:29:05,603,5.706339712918661
11:29:06,603,5.7217063492063485
11:29:07,603,5.7217063492063485
11:29:08,603,5.7217063492063485
11:29:09,603,5.7217063492063485
11:29:10,603,5.72957244655582
11:29:11,603,5.72957244655582
11:29:12,603,5.72957244655582
11:29:13,603,5.738428120063191
11:29:14,603,5.738428120063191
11:29:15,603,5.7471237194641445
11:29:16,603,5.7471237194641445
11:29:17,603,5.7471237194641445
11:29:18,603,5.754520440251572
11:29:19,603,5.754520440251572
11:29:20,603,5.754520440251572
11:29:21,603,5.754520440251572
11:29:22,603,5.763176470588236
11:29:23,603,5.763176470588236
11:29:24,603,5.767996870109546
11:29:25,604,5.775722092115535
11:29:26,604,5.775722092115535
11:29:27,604,5.775722092115535
11:29:28,604,5.775722092115535
11:29:29,604,5.775722092115535
11:29:30,604,5.7827102803738315
11:29:31,604,5.7827102803738315
11:29:32,604,5.7827102803738315
11:29:33,604,5.7827102803738315
11:29:34,604,5.7827102803738315
11:29:35,604,5.7827102803738315
11:29:36,604,5.7827102803738315
11:29:37,604,5.7827102803738315
11:29:38,605,5.7827102803738315
11:29:39,605,5.7827102803738315
11:29:40,605,5.787684537684538
11:29:41,606,5.787684537684538
11:29:42,607,5.787684537684538
11:29:43,608,5.794767441860466
11:29:44,608,5.794767441860466
11:29:45,609,5.794767441860466
11:29:46,609,5.79984532095901
11:29:47,610,5.808989197530864
11:29:48,610,5.808989197530864
11:29:49,611,5.824078341013825
11:29:50,611,5.824078341013825
11:29:51,611,5.824078341013825
11:29:52,611,5.83287356321839
11:29:53,611,5.83287356321839
11:29:54,611,5.83287356321839
11:29:55,612,5.843272171253823
11:29:56,612,5.843272171253823
11:29:57,612,5.843272171253823
11:29:58,612,5.843272171253823
11:29:59,613,5.843272171253823
11:30:00,613,5.84790236460717
11:30:01,613,5.84790236460717
11:30:02,613,5.84790236460717
11:30:03,614,5.853082191780822
11:30:04,614,5.853082191780822
11:30:05,615,5.853082191780822
11:30:06,615,5.858124525436598
11:30:07,615,5.858124525436598
11:30:08,615,5.864318181818182
11:30:09,616,5.873356009070295
11:30:10,616,5.873356009070295
11:30:11,616,5.873356009070295
11:30:12,616,5.883371040723982
11:30:13,617,5.883371040723982
11:30:14,618,5.893641835966892
11:30:15,618,5.893641835966892
11:30:16,619,5.893641835966892
11:30:17,619,5.893641835966892
11:30:18,619,5.893641835966892
11:30:19,621,5.893641835966892
11:30:20,621,5.893641835966892
11:30:21,621,5.893641835966892
11:30:22,621,5.903603603603603
11:30:23,622,5.903603603603603
11:30:24,622,5.903603603603603
11:30:25,622,5.903603603603603
11:30:26,622,5.903603603603603
11:30:27,622,5.903603603603603
11:30:28,623,5.903603603603603
11:30:29,624,5.903603603603603
11:30:30,624,5.903603603603603
11:30:31,624,5.903603603603603
11:30:32,624,5.903603603603603
11:30:33,624,5.903603603603603
11:30:34,624,5.903603603603603
11:30:35,624,5.910823970037454
11:30:36,624,5.910823970037454
11:30:37,624,5.910823970037454
11:30:38,624,5.910823970037454
11:30:39,625,5.918759342301943
11:30:40,626,5.918759342301943
11:30:41,626,5.918759342301943
11:30:42,626,5.918759342301943
11:30:43,627,5.918759342301943
11:30:44,627,5.918759342301943
11:30:45,627,5.918759342301943
11:30:46,627,5.925838926174497
11:30:47,629,5.925838926174497
11:30:48,629,5.925838926174497
11:30:49,629,5.925838926174497
11:30:50,629,5.925838926174497
11:30:51,629,5.925838926174497
11:30:52,629,5.925838926174497
11:30:53,629,5.925838926174497
11:30:54,629,5.933296130952381
11:30:55,629,5.933296130952381
11:30:56,629,5.933296130952381
11:30:57,629,5.940051967334819
11:30:58,629,5.949407407407407
11:30:59,629,5.949407407407407
11:31:00,629,5.949407407407407
11:31:01,629,5.949407407407407
11:31:02,629,5.949407407407407
11:31:03,629,5.949407407407407
11:31:04,629,5.965560471976401
11:31:05,629,5.965560471976401
11:31:06,629,5.977152317880795
11:31:07,629,5.977152317880795
11:31:08,630,5.982048458149779
11:31:09,630,5.982048458149779
11:31:10,630,5.982048458149779
11:31:11,630,5.982048458149779
11:31:12,630,5.997843567251462
11:31:13,630,5.997843567251462
11:31:14,631,5.997843567251462
11:31:15,632,5.997843567251462
11:31:16,633,6.008825674690007
11:31:17,633,6.008825674690007
11:31:18,633,6.008825674690007
11:31:19,634,6.008825674690007
11:31:20,635,6.008825674690007
11:31:21,635,6.008825674690007
11:31:22,635,6.008825674690007
11:31:23,635,6.008825674690007
11:31:24,635,6.008825674690007
11:31:25,635,6.008825674690007
11:31:26,635,6.008825674690007
11:31:27,635,6.0124454148471616
11:31:28,635,6.019825708061003
11:31:29,635,6.019825708061003
11:31:30,635,6.026340579710145
11:31:31,635,6.037382501807665
11:31:32,635,6.037382501807665
11:31:33,635,6.037382501807665
11:31:34,636,6.037382501807665
11:31:35,636,6.037382501807665
11:31:36,636,6.056227501799856
11:31:37,637,6.056227501799856
11:31:38,637,6.059985632183908
11:31:39,637,6.059985632183908
11:31:40,637,6.059985632183908
11:31:41,637,6.059985632183908
11:31:42,637,6.059985632183908
11:31:43,637,6.059985632183908
11:31:44,637,6.059985632183908
11:31:45,637,6.059985632183908
11:31:46,637,6.070645161290323
11:31:47,638,6.070645161290323
11:31:48,638,6.070645161290323
11:31:49,638,6.078290414878397
11:31:50,638,6.078290414878397
11:31:51,638,6.078290414878397
11:31:52,638,6.078290414878397
11:31:53,638,6.078290414878397
11:31:54,638,6.078290414878397
11:31:55,639,6.078290414878397
11:31:56,639,6.078290414878397
11:31:57,639,6.078290414878397
11:31:58,639,6.078290414878397
11:31:59,639,6.078290414878397
11:32:00,639,6.078290414878397
11:32:01,639,6.082084225553176
11:32:02,639,6.082084225553176
11:32:03,639,6.094551282051282
11:32:04,639,6.101243781094527
11:32:05,640,6.101243781094527
11:32:06,640,6.111063829787233
11:32:07,640,6.111063829787233
11:32:08,640,6.122859164897381
11:32:09,640,6.122859164897381
11:32:10,640,6.122859164897381
11:32:11,640,6.122859164897381
11:32:12,641,6.122859164897381
11:32:13,641,6.122859164897381
11:32:14,641,6.122859164897381
11:32:15,641,6.122859164897381
11:32:16,641,6.122859164897381
11:32:17,641,6.122859164897381
11:32:18,641,6.122859164897381
11:32:19,642,6.122859164897381
11:32:20,642,6.122859164897381
11:32:21,642,6.122859164897381
11:32:22,644,6.122859164897381
11:32:23,644,6.133686440677966
11:32:24,644,6.133686440677966
11:32:25,645,6.133686440677966
11:32:26,645,6.145806906272023
11:32:27,645,6.150808720112518
11:32:28,646,6.158421052631579
11:32:29,648,6.169082633053221
11:32:30,648,6.169082633053221
11:32:31,649,6.169082633053221
11:32:32,649,6.169082633053221
11:32:33,650,6.176415094339622
11:32:34,650,6.176415094339622
11:32:35,652,6.192867084203201
11:32:36,653,6.192867084203201
11:32:37,653,6.198576388888889
11:32:38,653,6.198576388888889
11:32:39,655,6.198576388888889
11:32:40,656,6.198576388888889
11:32:41,656,6.198576388888889
11:32:42,657,6.198576388888889
11:32:43,657,6.198576388888889
11:32:44,657,6.198576388888889
11:32:45,657,6.208177408177408
11:32:46,658,6.208177408177408
11:32:47,658,6.208177408177408
11:32:48,658,6.208177408177408
11:32:49,659,6.208177408177408
11:32:50,659,6.208177408177408
11:32:51,660,6.208177408177408
11:32:52,660,6.208177408177408
11:32:53,660,6.214522821576764
11:32:54,661,6.224258109040718
11:32:55,661,6.224258109040718
11:32:56,661,6.224258109040718
11:32:57,663,6.237913223140496
11:32:58,663,6.246872852233677
11:32:59,663,6.246872852233677
11:33:00,664,6.246872852233677
11:33:01,665,6.246872852233677
11:33:02,665,6.251234567901235
11:33:03,667,6.251234567901235
11:33:04,668,6.251234567901235
11:33:05,668,6.251234567901235
11:33:06,669,6.251234567901235
11:33:07,670,6.251234567901235
11:33:08,670,6.251234567901235
11:33:09,671,6.251234567901235
11:33:10,671,6.251234567901235
11:33:11,673,6.251234567901235
11:33:12,673,6.255133470225872
11:33:13,674,6.255133470225872
11:33:14,674,6.255133470225872
11:33:15,674,6.266803278688525
11:33:16,676,6.266803278688525
11:33:17,676,6.266803278688525
11:33:18,676,6.2741990456714385
11:33:19,677,6.2741990456714385
11:33:20,678,6.285952380952381
11:33:21,678,6.285952380952381
11:33:22,678,6.285952380952381
11:33:23,679,6.285952380952381
11:33:24,680,6.301321138211382
11:33:25,680,6.301321138211382
11:33:26,681,6.301321138211382
11:33:27,682,6.307944557133198
11:33:28,682,6.307944557133198
11:33:29,682,6.307944557133198
11:33:30,683,6.318184885290148
11:33:31,684,6.318184885290148
11:33:32,684,6.318184885290148
11:33:33,684,6.318184885290148
11:33:34,685,6.318184885290148
11:33:35,685,6.318184885290148
11:33:36,685,6.318184885290148
11:33:37,685,6.326868686868687
11:33:38,686,6.326868686868687
11:33:39,686,6.326868686868687
11:33:40,687,6.326868686868687
11:33:41,688,6.326868686868687
11:33:42,688,6.326868686868687
11:33:43,689,6.346042924211939
11:33:44,690,6.346042924211939
11:33:45,690,6.346042924211939
11:33:46,691,6.364629258517033
11:33:47,692,6.364629258517033
11:33:48,692,6.364629258517033
11:33:49,692,6.371566666666666
11:33:50,692,6.371566666666666
11:33:51,692,6.371566666666666
11:33:52,692,6.371566666666666
11:33:53,692,6.371566666666666
11:33:54,692,6.387848605577689
11:33:55,693,6.387848605577689
11:33:56,693,6.387848605577689
11:33:57,693,6.394698475811796
11:33:58,693,6.394698475811796
11:33:59,693,6.394698475811796
11:34:00,693,6.398842592592592
11:34:01,693,6.398842592592592
11:34:02,694,6.406204620462046
11:34:03,694,6.406204620462046
11:34:04,694,6.406204620462046
11:34:05,694,6.406204620462046
11:34:06,694,6.406204620462046
11:34:07,694,6.406204620462046
11:34:08,695,6.406204620462046
11:34:09,695,6.406204620462046
11:34:10,695,6.413669301712781
11:34:11,696,6.413669301712781
11:34:12,696,6.413669301712781
11:34:13,696,6.422550953320184
11:34:14,696,6.422550953320184
11:34:15,697,6.422550953320184
11:34:16,697,6.426771653543307
11:34:17,697,6.426771653543307
11:34:18,697,6.426771653543307
11:34:19,698,6.4377537655533725
11:34:20,698,6.4377537655533725
11:34:21,698,6.4377537655533725
11:34:22,698,6.4377537655533725
11:34:23,698,6.4377537655533725
11:34:24,698,6.4377537655533725
11:34:25,699,6.4377537655533725
11:34:26,699,6.4377537655533725
11:34:27,699,6.4377537655533725
11:34:28,699,6.4377537655533725
11:34:29,699,6.4377537655533725
11:34:30,699,6.4377537655533725
11:34:31,700,6.4377537655533725
11:34:32,700,6.4377537655533725
11:34:33,700,6.445065359477124
11:34:34,700,6.445065359477124
11:34:35,700,6.445065359477124
11:34:36,700,6.459830729166667
11:34:37,700,6.459830729166667
11:34:38,700,6.474366471734893
11:34:39,701,6.474366471734893
11:34:40,701,6.474366471734893
11:34:41,701,6.474366471734893
11:34:42,701,6.474366471734893
11:34:43,702,6.474366471734893
11:34:44,702,6.474366471734893
11:34:45,703,6.474366471734893
11:34:46,703,6.480188067444876
11:34:47,703,6.480188067444876
11:34:48,703,6.480188067444876
11:34:49,704,6.485566343042071
11:34:50,704,6.485566343042071
11:34:51,704,6.485566343042071
11:34:52,704,6.485566343042071
11:34:53,704,6.485566343042071
11:34:54,704,6.498126614987081
11:34:55,704,6.498126614987081
11:34:56,704,6.498126614987081
11:34:57,704,6.498126614987081
11:34:58,704,6.498126614987081
11:34:59,704,6.498126614987081
11:35:00,704,6.506415215989684
11:35:01,704,6.506415215989684
11:35:02,704,6.522864482980089
11:35:03,704,6.522864482980089
11:35:04,704,6.522864482980089
11:35:05,704,6.522864482980089
11:35:06,704,6.531474358974359
11:35:07,704,6.531474358974359
11:35:08,704,6.531474358974359
11:35:09,704,6.535252719129878
11:35:10,704,6.535252719129878
11:35:11,704,6.535252719129878
11:35:12,704,6.535252719129878
11:35:13,705,6.535252719129878
11:35:14,705,6.535252719129878
11:35:15,705,6.535252719129878
11:35:16,707,6.535252719129878
11:35:17,707,6.535252719129878
11:35:18,707,6.535252719129878
11:35:19,707,6.535252719129878
11:35:20,707,6.535252719129878
11:35:21,707,6.54345466155811
11:35:22,707,6.54345466155811
11:35:23,707,6.5535941475826975
11:35:24,707,6.561365079365079
11:35:25,707,6.561365079365079
11:35:26,707,6.566223067173637
11:35:27,707,6.566223067173637
11:35:28,709,6.566223067173637
11:35:29,709,6.579032258064516
11:35:30,709,6.579032258064516
11:35:31,710,6.585953282828283
11:35:32,710,6.585953282828283
11:35:33,710,6.585953282828283
11:35:34,710,6.599149338374291
11:35:35,710,6.599149338374291
11:35:36,711,6.599149338374291
11:35:37,712,6.599149338374291
11:35:38,713,6.607264150943396
11:35:39,713,6.607264150943396
11:35:40,713,6.607264150943396
11:35:41,714,6.607264150943396
11:35:42,714,6.607264150943396
11:35:43,714,6.614940364092906
11:35:44,714,6.614940364092906
11:35:45,714,6.620551378446115
11:35:46,716,6.620551378446115
11:35:47,716,6.620551378446115
11:35:48,716,6.626704190118825
11:35:49,717,6.626704190118825
11:35:50,718,6.634644194756555
11:35:51,718,6.634644194756555
11:35:52,719,6.64214953271028
11:35:53,719,6.64214953271028
11:35:54,719,6.64214953271028
11:35:55,719,6.64214953271028
11:35:56,720,6.650342039800995
11:35:57,720,6.650342039800995
11:35:58,720,6.6543451272501555
11:35:59,721,6.6543451272501555
11:36:00,721,6.6543451272501555
11:36:01,721,6.6543451272501555
11:36:02,722,6.6543451272501555
11:36:03,722,6.6543451272501555
11:36:04,722,6.6543451272501555
11:36:05,723,6.6543451272501555
11:36:06,723,6.6543451272501555
11:36:07,723,6.6543451272501555
11:36:08,724,6.6543451272501555
11:36:09,725,6.6543451272501555
11:36:10,725,6.671065675340769
11:36:11,725,6.671065675340769
11:36:12,725,6.671065675340769
11:36:13,726,6.671065675340769
11:36:14,726,6.671065675340769
11:36:15,726,6.6793135435992586
11:36:16,726,6.6793135435992586
11:36:17,727,6.6793135435992586
11:36:18,727,6.6793135435992586
11:36:19,727,6.6793135435992586
11:36:20,728,6.6793135435992586
11:36:21,728,6.6793135435992586
11:36:22,728,6.684845679012345
11:36:23,728,6.684845679012345
11:36:24,729,6.684845679012345
11:36:25,729,6.684845679012345
11:36:26,729,6.684845679012345
11:36:27,730,6.688601355514479
11:36:28,730,6.688601355514479
11:36:29,730,6.688601355514479
11:36:30,732,6.696678966789667
11:36:31,732,6.704235727440148
11:36:32,732,6.704235727440148
11:36:33,733,6.708057598039216
11:36:34,733,6.708057598039216
11:36:35,733,6.708057598039216
11:36:36,733,6.708057598039216
11:36:37,733,6.708057598039216
11:36:38,733,6.711896024464832
11:36:39,734,6.72026862026862
11:36:40,734,6.72026862026862
11:36:41,734,6.72026862026862
11:36:42,734,6.725106642291285
11:36:43,734,6.725106642291285
11:36:44,734,6.725106642291285
11:36:45,734,6.725106642291285
11:36:46,734,6.734154501216546
11:36:47,734,6.734154501216546
11:36:48,734,6.743958712811172
11:36:49,734,6.743958712811172
11:36:50,734,6.750545454545455
11:36:51,734,6.750545454545455
11:36:52,734,6.750545454545455
11:36:53,734,6.750545454545455
11:36:54,734,6.750545454545455
11:36:55,734,6.750545454545455
11:36:56,734,6.750545454545455
11:36:57,734,6.750545454545455
11:36:58,734,6.7584694494857835
11:36:59,734,6.773158212560387
11:37:00,734,6.773158212560387
11:37:01,734,6.773158212560387
11:37:02,734,6.773158212560387
11:37:03,734,6.773158212560387
11:37:04,734,6.773158212560387
11:37:05,734,6.773158212560387
11:37:06,734,6.779897528631706
11:37:07,734,6.779897528631706
11:37:08,734,6.779897528631706
11:37:09,734,6.779897528631706
11:37:10,734,6.779897528631706
11:37:11,734,6.779897528631706
11:37:12,734,6.787334536702768
11:37:13,734,6.787334536702768
11:37:14,734,6.787334536702768
11:37:15,734,6.787334536702768
11:37:16,734,6.7925825825825825
11:37:17,734,6.7925825825825825
11:37:18,734,6.7925825825825825
11:37:19,734,6.797302158273381
11:37:20,734,6.797302158273381
11:37:21,734,6.797302158273381
11:37:22,734,6.804129263913824
11:37:23,734,6.809139784946237
11:37:24,734,6.817948717948719
11:37:25,734,6.819494047619047
11:37:26,734,6.819494047619047
11:37:27,734,6.828223410576352
11:37:28,734,6.828223410576352
11:37:29,734,6.828223410576352
11:37:30,734,6.828223410576352
11:37:31,734,6.828223410576352
11:37:32,734,6.828223410576352
11:37:33,734,6.828223410576352
11:37:34,734,6.828223410576352
11:37:35,734,6.828223410576352
11:37:36,734,6.828223410576352
11:37:37,734,6.828223410576352
11:37:38,734,6.828223410576352
11:37:39,734,6.828223410576352
11:37:40,734,6.837485172004745
11:37:41,734,6.837485172004745
11:37:42,734,6.843102427471877
11:37:43,734,6.851447990543735
11:37:44,734,6.851447990543735
11:37:45,734,6.851447990543735
11:37:46,736,6.851447990543735
11:37:47,736,6.858849557522124
11:37:48,736,6.858849557522124
11:37:49,736,6.874234393404005
11:37:50,736,6.874234393404005
11:37:51,736,6.874234393404005
11:37:52,736,6.874234393404005
11:37:53,738,6.874234393404005
11:37:54,738,6.883774250440918
11:37:55,738,6.883774250440918
11:37:56,738,6.883774250440918
11:37:57,738,6.896983011130639
11:37:58,738,6.896983011130639
11:37:59,738,6.896983011130639
11:38:00,738,6.896983011130639
11:38:01,738,6.896983011130639
11:38:02,738,6.896983011130639
11:38:03,738,6.896983011130639
11:38:04,738,6.896983011130639
11:38:05,739,6.896983011130639
11:38:06,740,6.902368421052631
11:38:07,740,6.902368421052631
11:38:08,740,6.902368421052631
11:38:09,740,6.915705128205128
11:38:10,740,6.915705128205128
11:38:11,740,6.915705128205128
11:38:12,740,6.915705128205128
11:38:13,740,6.915705128205128
11:38:14,740,6.915705128205128
11:38:15,740,6.915705128205128
11:38:16,740,6.915705128205128
11:38:17,740,6.924171029668412
11:38:18,740,6.924171029668412
11:38:19,740,6.924171029668412
11:38:20,740,6.925435540069686
11:38:21,740,6.925435540069686
11:38:22,740,6.933884057971015
11:38:23,740,6.933884057971015
11:38:24,740,6.933884057971015
11:38:25,740,6.933884057971015
11:38:26,740,6.933884057971015
11:38:27,740,6.933884057971015
11:38:28,741,6.933884057971015
11:38:29,741,6.933884057971015
11:38:30,741,6.933884057971015
11:38:31,742,6.936979166666666
11:38:32,743,6.936979166666666
11:38:33,744,6.936979166666666
11:38:34,744,6.936979166666666
11:38:35,745,6.936979166666666
11:38:36,746,6.936979166666666
11:38:37,746,6.936979166666666
11:38:38,746,6.9439052570768345
11:38:39,746,6.9439052570768345
11:38:40,746,6.9439052570768345
11:38:41,746,6.9667530224525045
11:38:42,746,6.9667530224525045
11:38:43,746,6.976522988505748
11:38:44,746,6.976522988505748
11:38:45,746,6.976522988505748
11:38:46,746,6.976522988505748
11:38:47,746,6.984165232358004
11:38:48,746,6.984165232358004
11:38:49,746,6.984165232358004
11:38:50,746,6.989833906071019
11:38:51,746,6.989833906071019
11:38:52,746,6.995397369925672
11:38:53,746,6.995397369925672
11:38:54,746,6.997288812785388
11:38:55,746,7.003561253561254
11:38:56,746,7.003561253561254
11:38:57,746,7.003561253561254
11:38:58,747,7.003561253561254
11:38:59,747,7.003561253561254
11:39:00,747,7.0075654152445965
11:39:01,747,7.014565587734242
11:39:02,747,7.014565587734242
11:39:03,748,7.022250566893423
11:39:04,749,7.022250566893423
11:39:05,749,7.022250566893423
11:39:06,749,7.022250566893423
11:39:07,751,7.022250566893423
11:39:08,751,7.022250566893423
11:39:09,751,7.022250566893423
11:39:10,751,7.026400679117147
11:39:11,751,7.026400679117147
11:39:12,751,7.026400679117147
11:39:13,752,7.026400679117147
11:39:14,752,7.026400679117147
11:39:15,752,7.026400679117147
11:39:16,752,7.026400679117147
11:39:17,752,7.026400679117147
11:39:18,753,7.026400679117147
11:39:19,753,7.026400679117147
11:39:20,753,7.026400679117147
11:39:21,753,7.029491525423729
11:39:22,754,7.029491525423729
11:39:23,754,7.029491525423729
11:39:24,754,7.0369148336153415
11:39:25,755,7.0369148336153415
11:39:26,755,7.0369148336153415
11:39:27,755,7.0369148336153415
11:39:28,755,7.0369148336153415
11:39:29,756,7.0369148336153415
11:39:30,756,7.0369148336153415
11:39:31,756,7.0369148336153415
11:39:32,757,7.0369148336153415
11:39:33,757,7.045157657657658
11:39:34,757,7.045157657657658
11:39:35,757,7.045157657657658
11:39:36,758,7.045157657657658
11:39:37,758,7.045157657657658
11:39:38,758,7.052866779089376
11:39:39,758,7.052866779089376
11:39:40,758,7.053338945005612
11:39:41,758,7.053338945005612
11:39:42,759,7.053338945005612
11:39:43,759,7.06109243697479
11:39:44,759,7.071420581655482
11:39:45,759,7.071420581655482
11:39:46,759,7.071420581655482
11:39:47,759,7.071420581655482
11:39:48,759,7.071420581655482
11:39:49,759,7.079731993299832
11:39:50,759,7.079731993299832
11:39:51,759,7.087486064659978
11:39:52,759,7.094017807456873
11:39:53,759,7.094017807456873
11:39:54,759,7.099083333333334
11:39:55,759,7.099083333333334
11:39:56,759,7.099083333333334
11:39:57,760,7.099083333333334
11:39:58,761,7.099083333333334
11:39:59,761,7.104353854686633
11:40:00,761,7.104353854686633
11:40:01,761,7.104353854686633
11:40:02,762,7.104353854686633
11:40:03,762,7.104353854686633
11:40:04,762,7.104353854686633
11:40:05,762,7.104353854686633
11:40:06,762,7.104353854686633
11:40:07,762,7.112929125138427
11:40:08,762,7.112929125138427
11:40:09,763,7.112929125138427
11:40:10,763,7.124668874172185
11:40:11,763,7.124668874172185
11:40:12,763,7.132038567493113
11:40:13,764,7.136963696369636
11:40:14,764,7.136963696369636
11:40:15,764,7.136963696369636
11:40:16,764,7.1409115870400885
11:40:17,764,7.1409115870400885
11:40:18,765,7.1409115870400885
11:40:19,765,7.1409115870400885
11:40:20,765,7.1409115870400885
11:40:21,766,7.1409115870400885
11:40:22,766,7.1409115870400885
11:40:23,767,7.1409115870400885
11:40:24,767,7.1409115870400885
11:40:25,767,7.1409115870400885
11:40:26,767,7.1409115870400885
11:40:27,767,7.1409115870400885
11:40:28,769,7.1409115870400885
11:40:29,769,7.141419956140351
11:40:30,769,7.141419956140351
11:40:31,769,7.141419956140351
11:40:32,769,7.149753694581281
11:40:33,769,7.16224043715847
11:40:34,769,7.16224043715847
11:40:35,769,7.16224043715847
11:40:36,769,7.16224043715847
11:40:37,769,7.16224043715847
11:40:38,770,7.16224043715847
11:40:39,770,7.16224043715847
11:40:40,770,7.16224043715847
11:40:41,770,7.16224043715847
11:40:42,770,7.179112200435729
11:40:43,770,7.179112200435729
11:40:44,770,7.179112200435729
11:40:45,770,7.1894679695982635
11:40:46,770,7.1894679695982635
11:40:47,771,7.190054200542005
11:40:48,771,7.190054200542005
11:40:49,771,7.190054200542005
11:40:50,771,7.190054200542005
11:40:51,771,7.195454545454546
11:40:52,771,7.195454545454546
11:40:53,771,7.195454545454546
11:40:54,771,7.200810372771475
11:40:55,772,7.200810372771475
11:40:56,772,7.200810372771475
11:40:57,773,7.200810372771475
11:40:58,773,7.200810372771475
11:40:59,773,7.200810372771475
11:41:00,773,7.200810372771475
11:41:01,773,7.208899676375405
11:41:02,773,7.208899676375405
11:41:03,774,7.2130586968228325
11:41:04,774,7.2130586968228325
11:41:05,774,7.219569892473118
11:41:06,774,7.219569892473118
11:41:07,774,7.219569892473118
11:41:08,774,7.229683306494901
11:41:09,774,7.229683306494901
11:41:10,774,7.229683306494901
11:41:11,775,7.229683306494901
11:41:12,775,7.229683306494901
11:41:13,775,7.229683306494901
11:41:14,775,7.229683306494901
11:41:15,775,7.229683306494901
11:41:16,775,7.233279742765274
11:41:17,775,7.233279742765274
11:41:18,776,7.243322649572649
11:41:19,776,7.243322649572649
11:41:20,776,7.243322649572649
11:41:21,776,7.243322649572649
11:41:22,776,7.243322649572649
11:41:23,777,7.243322649572649
11:41:24,777,7.243322649572649
11:41:25,777,7.243322649572649
11:41:26,778,7.243322649572649
11:41:27,778,7.243322649572649
11:41:28,778,7.243322649572649
11:41:29,779,7.243322649572649
11:41:30,779,7.243322649572649
11:41:31,780,7.243322649572649
11:41:32,780,7.243322649572649
11:41:33,780,7.249440000000001
11:41:34,781,7.249440000000001
11:41:35,782,7.249440000000001
11:41:36,782,7.257309941520467
11:41:37,782,7.257309941520467
11:41:38,782,7.257309941520467
11:41:39,782,7.257309941520467
11:41:40,783,7.257309941520467
11:41:41,783,7.257309941520467
11:41:42,783,7.257309941520467
11:41:43,783,7.257309941520467
11:41:44,784,7.262393842887474
11:41:45,784,7.262393842887474
11:41:46,784,7.262393842887474
11:41:47,784,7.269316375198728
11:41:48,784,7.269316375198728
11:41:49,786,7.269316375198728
11:41:50,786,7.269316375198728
11:41:51,786,7.269316375198728
11:41:52,787,7.269316375198728
11:41:53,787,7.269316375198728
11:41:54,788,7.269316375198728
11:41:55,789,7.269316375198728
11:41:56,789,7.272407407407408
11:41:57,789,7.272407407407408
11:41:58,790,7.283597464342313
11:41:59,791,7.283597464342313
11:42:00,791,7.283597464342313
11:42:01,792,7.283597464342313
11:42:02,794,7.283597464342313
11:42:03,794,7.283597464342313
11:42:04,795,7.290717299578059
11:42:05,795,7.290717299578059
11:42:06,795,7.298209583991575
11:42:07,796,7.298209583991575
11:42:08,796,7.301787592008412
11:42:09,796,7.3061154855643045
11:42:10,796,7.3061154855643045
11:42:11,798,7.317687074829932
11:42:12,798,7.317687074829932
11:42:13,798,7.317687074829932
11:42:14,800,7.317687074829932
11:42:15,800,7.317687074829932
11:42:16,800,7.317687074829932
11:42:17,801,7.317687074829932
11:42:18,801,7.317687074829932
11:42:19,801,7.317687074829932
11:42:20,802,7.317687074829932
11:42:21,802,7.317687074829932
11:42:22,802,7.321421107628003
11:42:23,805,7.327230046948357
11:42:24,805,7.333072916666667
11:42:25,805,7.338455538221528
11:42:26,807,7.338455538221528
11:42:27,808,7.338455538221528
11:42:28,808,7.338455538221528
11:42:29,810,7.338455538221528
11:42:30,811,7.338455538221528
11:42:31,811,7.338455538221528
11:42:32,812,7.342601246105919
11:42:33,812,7.342601246105919
11:42:34,814,7.342601246105919
11:42:35,814,7.342601246105919
11:42:36,816,7.342601246105919
11:42:37,816,7.342601246105919
11:42:38,816,7.342601246105919
11:42:39,816,7.342601246105919
11:42:40,818,7.342601246105919
11:42:41,818,7.347200622083981
11:42:42,819,7.347200622083981
11:42:43,820,7.35036231884058
11:42:44,820,7.35036231884058
11:42:45,821,7.35036231884058
11:42:46,821,7.354728682170543
11:42:47,821,7.354728682170543
11:42:48,822,7.354728682170543
11:42:49,822,7.366460268317853
11:42:50,822,7.366460268317853
11:42:51,823,7.366460268317853
11:42:52,823,7.373183925811437
11:42:53,823,7.373183925811437
11:42:54,824,7.373183925811437
11:42:55,825,7.373183925811437
11:42:56,825,7.376594650205761
11:42:57,825,7.376594650205761
11:42:58,826,7.38135593220339
11:42:59,827,7.38135593220339
11:43:00,827,7.38135593220339
11:43:01,828,7.393830005120328
11:43:02,828,7.393830005120328
11:43:03,829,7.393830005120328
11:43:04,830,7.398440695296524
11:43:05,830,7.398440695296524
11:43:06,830,7.398440695296524
11:43:07,830,7.398440695296524
11:43:08,831,7.398440695296524
11:43:09,831,7.398440695296524
11:43:10,832,7.403164880040837
11:43:11,833,7.403164880040837
11:43:12,833,7.403164880040837
11:43:13,834,7.415038167938931
11:43:14,835,7.415038167938931
11:43:15,835,7.415038167938931
11:43:16,835,7.4182418699187
11:43:17,836,7.4182418699187
11:43:18,836,7.4182418699187
11:43:19,836,7.42386018237082
11:43:20,837,7.42386018237082
11:43:21,837,7.42386018237082
11:43:22,838,7.427718765806778
11:43:23,839,7.427718765806778
11:43:24,839,7.427718765806778
11:43:25,839,7.427718765806778
11:43:26,840,7.427718765806778
11:43:27,840,7.427718765806778
11:43:28,840,7.427718765806778
11:43:29,840,7.427718765806778
11:43:30,840,7.432904689863843
11:43:31,841,7.432904689863843
11:43:32,841,7.432904689863843
11:43:33,841,7.432904689863843
11:43:34,841,7.432904689863843
11:43:35,842,7.432904689863843
11:43:36,842,7.437260825780464
11:43:37,842,7.437260825780464
11:43:38,842,7.437260825780464
11:43:39,842,7.446732026143791
11:43:40,842,7.446732026143791
11:43:41,842,7.446732026143791
11:43:42,843,7.446732026143791
11:43:43,843,7.446732026143791
11:43:44,843,7.446732026143791
11:43:45,843,7.446732026143791
11:43:46,843,7.446732026143791
11:43:47,843,7.446732026143791
11:43:48,843,7.45175702811245
11:43:49,843,7.4570676691729325
11:43:50,843,7.4570676691729325
11:43:51,843,7.4570676691729325
11:43:52,844,7.4570676691729325
11:43:53,844,7.4570676691729325
11:43:54,844,7.4570676691729325
11:43:55,846,7.4570676691729325
11:43:56,846,7.4570676691729325
11:43:57,846,7.4570676691729325
11:43:58,846,7.4570676691729325
11:43:59,847,7.4570676691729325
11:44:00,847,7.4570676691729325
11:44:01,847,7.4570676691729325
11:44:02,847,7.4570676691729325
11:44:03,848,7.4570676691729325
11:44:04,848,7.4570676691729325
11:44:05,848,7.4570676691729325
11:44:06,848,7.4570676691729325
11:44:07,848,7.463338338338338
11:44:08,849,7.463338338338338
11:44:09,849,7.463338338338338
11:44:10,849,7.463338338338338
11:44:11,849,7.463338338338338
11:44:12,849,7.467891054472763
11:44:13,849,7.467891054472763
11:44:14,849,7.467891054472763
11:44:15,849,7.467891054472763
11:44:16,849,7.467891054472763
11:44:17,849,7.474176646706587
11:44:18,849,7.474176646706587
11:44:19,849,7.479048330842052
11:44:20,849,7.479048330842052
11:44:21,849,7.479048330842052
11:44:22,850,7.483457711442786
11:44:23,850,7.483457711442786
11:44:24,850,7.488996522603079
11:44:25,850,7.4940476190476195
11:44:26,850,7.4940476190476195
11:44:27,850,7.4940476190476195
11:44:28,851,7.4940476190476195
11:44:29,851,7.4940476190476195
11:44:30,851,7.4940476190476195
11:44:31,852,7.503293709757306
11:44:32,852,7.503293709757306
11:44:33,852,7.503293709757306
11:44:34,852,7.503293709757306
11:44:35,852,7.504673590504451
11:44:36,854,7.504673590504451
11:44:37,854,7.510567901234568
11:44:38,854,7.510567901234568
11:44:39,854,7.521541112752339
11:44:40,854,7.521541112752339
11:44:41,854,7.521541112752339
11:44:42,854,7.531615120274915
11:44:43,854,7.531615120274915
11:44:44,855,7.531615120274915
11:44:45,855,7.531615120274915
11:44:46,855,7.531615120274915
11:44:47,855,7.531615120274915
11:44:48,855,7.531615120274915
11:44:49,856,7.531615120274915
11:44:50,856,7.531615120274915
11:44:51,856,7.531615120274915
11:44:52,856,7.531615120274915
11:44:53,856,7.531615120274915
11:44:54,856,7.531615120274915
11:44:55,856,7.5354656862745095
11:44:56,856,7.5354656862745095
11:44:57,856,7.5354656862745095
11:44:58,856,7.540283896231033
11:44:59,856,7.540283896231033
11:45:00,856,7.540283896231033
11:45:01,856,7.545674486803519
11:45:02,856,7.545674486803519
11:45:03,856,7.5525866276232305
11:45:04,856,7.5525866276232305
11:45:05,856,7.5525866276232305
11:45:06,857,7.5525866276232305
11:45:07,857,7.5525866276232305
11:45:08,857,7.557529239766082
11:45:09,857,7.557529239766082
11:45:10,857,7.557529239766082
11:45:11,857,7.557529239766082
11:45:12,857,7.557529239766082
11:45:13,857,7.557529239766082
11:45:14,857,7.562506082725061
11:45:15,857,7.562506082725061
11:45:16,857,7.5692662779397475
11:45:17,857,7.5692662779397475
11:45:18,857,7.5692662779397475
11:45:19,857,7.5692662779397475
11:45:20,857,7.5839874031007755
11:45:21,857,7.5839874031007755
11:45:22,857,7.5839874031007755
11:45:23,857,7.5839874031007755
11:45:24,857,7.5839874031007755
11:45:25,857,7.5908321238509915
11:45:26,857,7.5908321238509915
11:45:27,857,7.595942028985507
11:45:28,858,7.595942028985507
11:45:29,858,7.602411963338157
11:45:30,858,7.60590077071291
11:45:31,858,7.60590077071291
11:45:32,858,7.607936507936508
11:45:33,860,7.614409221902018
11:45:34,860,7.614409221902018
11:45:35,861,7.614409221902018
11:45:36,861,7.614409221902018
11:45:37,861,7.614409221902018
11:45:38,861,7.621534772182255
11:45:39,861,7.621534772182255
11:45:40,861,7.621534772182255
11:45:41,862,7.621534772182255
11:45:42,862,7.621534772182255
11:45:43,862,7.621534772182255
11:45:44,862,7.621534772182255
11:45:45,862,7.621534772182255
11:45:46,862,7.626724137931035
11:45:47,863,7.626724137931035
11:45:48,863,7.626724137931035
11:45:49,863,7.633118125298901
11:45:50,863,7.636795606494747
11:45:51,863,7.636795606494747
11:45:52,864,7.636795606494747
11:45:53,864,7.636795606494747
11:45:54,864,7.636795606494747
11:45:55,865,7.636795606494747
11:45:56,865,7.636795606494747
11:45:57,865,7.643991416309013
11:45:58,865,7.643991416309013
11:45:59,865,7.643991416309013
11:46:00,865,7.643991416309013
11:46:01,865,7.643991416309013
11:46:02,865,7.643991416309013
11:46:03,865,7.643991416309013
11:46:04,865,7.64297619047619
11:46:05,865,7.648359486447932
11:46:06,865,7.648359486447932
11:46:07,865,7.648359486447932
11:46:08,865,7.648359486447932
11:46:09,866,7.648359486447932
11:46:10,866,7.66036036036036
11:46:11,866,7.66036036036036
11:46:12,866,7.66036036036036
11:46:13,867,7.66036036036036
11:46:14,867,7.66036036036036
11:46:15,867,7.66036036036036
11:46:16,867,7.664725378787879
11:46:17,867,7.672458628841608
11:46:18,868,7.672458628841608
11:46:19,868,7.68024516737388
11:46:20,868,7.68674670433145
11:46:21,868,7.68674670433145
11:46:22,869,7.68674670433145
11:46:23,869,7.68674670433145
11:46:24,869,7.69106723084156
11:46:25,870,7.69106723084156
11:46:26,870,7.69106723084156
11:46:27,870,7.695023474178403
11:46:28,870,7.695023474178403
11:46:29,870,7.695023474178403
11:46:30,870,7.695023474178403
11:46:31,871,7.695023474178403
11:46:32,871,7.695023474178403
11:46:33,871,7.695023474178403
11:46:34,871,7.695023474178403
11:46:35,871,7.695023474178403
11:46:36,871,7.700117205813409
11:46:37,871,7.700117205813409
11:46:38,871,7.700117205813409
11:46:39,871,7.700117205813409
11:46:40,871,7.700117205813409
11:46:41,871,7.700117205813409
11:46:42,871,7.709246254681648
11:46:43,871,7.709246254681648
11:46:44,871,7.709246254681648
11:46:45,871,7.709246254681648
11:46:46,871,7.709246254681648
11:46:47,871,7.714562879850397
11:46:48,871,7.714562879850397
11:46:49,871,7.726643356643356
11:46:50,871,7.726643356643356
11:46:51,871,7.726643356643356
11:46:52,871,7.726643356643356
11:46:53,873,7.726643356643356
11:46:54,873,7.732704841713221
11:46:55,873,7.731496978149697
11:46:56,874,7.736374187558031
11:46:57,874,7.736374187558031
11:46:58,874,7.739189814814815
11:46:59,875,7.739189814814815
11:47:00,875,7.739189814814815
11:47:01,875,7.739189814814815
11:47:02,875,7.739189814814815
11:47:03,875,7.739189814814815
11:47:04,875,7.739189814814815
11:47:05,875,7.743180767452612
11:47:06,875,7.743180767452612
11:47:07,875,7.743180767452612
11:47:08,875,7.743180767452612
11:47:09,875,7.743180767452612
11:47:10,875,7.743180767452612
11:47:11,875,7.743180767452612
11:47:12,875,7.743180767452612
11:47:13,875,7.743180767452612
11:47:14,875,7.743180767452612
11:47:15,875,7.743180767452612
11:47:16,875,7.74792243767313
11:47:17,876,7.74792243767313
11:47:18,876,7.74792243767313
11:47:19,876,7.74792243767313
11:47:20,877,7.74792243767313
11:47:21,877,7.74792243767313
11:47:22,877,7.74792243767313
11:47:23,877,7.74792243767313
11:47:24,877,7.74792243767313
11:47:25,877,7.74792243767313
11:47:26,880,7.74792243767313
11:47:27,880,7.74792243767313
11:47:28,880,7.75412632549562
11:47:29,882,7.75412632549562
11:47:30,882,7.759530386740332
11:47:31,882,7.759530386740332
11:47:32,883,7.768919540229885
11:47:33,884,7.768919540229885
11:47:34,884,7.768919540229885
11:47:35,884,7.768919540229885
11:47:36,885,7.77174012855831
11:47:37,885,7.77174012855831
11:47:38,886,7.77174012855831
11:47:39,886,7.779624542124542
11:47:40,886,7.779624542124542
11:47:41,886,7.779624542124542
11:47:42,888,7.785711019661637
11:47:43,888,7.785711019661637
11:47:44,888,7.783538812785388
11:47:45,888,7.783538812785388
11:47:46,890,7.78891928864569
11:47:47,890,7.78891928864569
11:47:48,890,7.78891928864569
11:47:49,891,7.78891928864569
11:47:50,891,7.78891928864569
11:47:51,891,7.78891928864569
11:47:52,892,7.78891928864569
11:47:53,892,7.78891928864569
11:47:54,892,7.78891928864569
11:47:55,893,7.78891928864569
11:47:56,893,7.790973169622556
11:47:57,893,7.790973169622556
11:47:58,893,7.790973169622556
11:47:59,893,7.796117166212534
11:48:00,893,7.796117166212534
11:48:01,894,7.796117166212534
11:48:02,894,7.796117166212534
11:48:03,894,7.796117166212534
11:48:04,894,7.801700680272108
11:48:05,895,7.801700680272108
11:48:06,896,7.801700680272108
11:48:07,897,7.801700680272108
11:48:08,897,7.801494565217392
11:48:09,898,7.801494565217392
11:48:10,898,7.801494565217392
11:48:11,899,7.801494565217392
11:48:12,899,7.801494565217392
11:48:13,900,7.803437358661239
11:48:14,901,7.803437358661239
11:48:15,902,7.803437358661239
11:48:16,903,7.803437358661239
11:48:17,904,7.803437358661239
11:48:18,904,7.809688346883468
11:48:19,905,7.809688346883468
11:48:20,905,7.809688346883468
11:48:21,906,7.809688346883468
11:48:22,906,7.809688346883468
11:48:23,908,7.809688346883468
11:48:24,908,7.819327920613442
11:48:25,909,7.819327920613442
11:48:26,910,7.819327920613442
11:48:27,910,7.819684684684685
11:48:28,910,7.819684684684685
11:48:29,910,7.822447143499775
11:48:30,911,7.822447143499775
11:48:31,911,7.822447143499775
11:48:32,911,7.8283917340521105
11:48:33,911,7.8283917340521105
11:48:34,912,7.8283917340521105
11:48:35,912,7.8283917340521105
11:48:36,913,7.8260430686406455
11:48:37,913,7.8260430686406455
11:48:38,914,7.832034050179212
11:48:39,914,7.832034050179212
11:48:40,915,7.832034050179212
11:48:41,915,7.832034050179212
11:48:42,915,7.832034050179212
11:48:43,916,7.835771812080537
11:48:44,917,7.835771812080537
11:48:45,917,7.835771812080537
11:48:46,917,7.835771812080537
11:48:47,917,7.837712243074174
11:48:48,918,7.837712243074174
11:48:49,918,7.837712243074174
11:48:50,918,7.8410754127621605
11:48:51,918,7.8410754127621605
11:48:52,918,7.844318181818182
11:48:53,920,7.844318181818182
11:48:54,921,7.844318181818182
11:48:55,921,7.845527369826436
11:48:56,921,7.845527369826436
11:48:57,922,7.845527369826436
11:48:58,922,7.845527369826436
11:48:59,923,7.845527369826436
11:49:00,923,7.845527369826436
11:49:01,924,7.845527369826436
11:49:02,924,7.845527369826436
11:49:03,925,7.845527369826436
11:49:04,925,7.845527369826436
11:49:05,926,7.845527369826436
11:49:06,926,7.845527369826436
11:49:07,926,7.845527369826436
11:49:08,928,7.845527369826436
11:49:09,928,7.845527369826436
11:49:10,928,7.845527369826436
11:49:11,928,7.845177777777778
11:49:12,928,7.845177777777778
11:49:13,928,7.845177777777778
11:49:14,928,7.856391478029295
11:49:15,929,7.856391478029295
11:49:16,929,7.858776595744681
11:49:17,930,7.8631695440460385
11:49:18,930,7.8631695440460385
11:49:19,930,7.86631299734748
11:49:20,930,7.86631299734748
11:49:21,930,7.865584988962472
11:49:22,930,7.868474426807761
11:49:23,930,7.868474426807761
11:49:24,930,7.868474426807761
11:49:25,931,7.868474426807761
11:49:26,931,7.868474426807761
11:49:27,932,7.867745486569793
11:49:28,932,7.867745486569793
11:49:29,932,7.867745486569793
11:49:30,934,7.867745486569793
11:49:31,934,7.867745486569793
11:49:32,934,7.867745486569793
11:49:33,935,7.867745486569793
11:49:34,936,7.867745486569793
11:49:35,937,7.867745486569793
11:49:36,938,7.867745486569793
11:49:37,938,7.870646437994723
11:49:38,939,7.870646437994723
11:49:39,939,7.870646437994723
11:49:40,939,7.874923144488362
11:49:41,940,7.874923144488362
11:49:42,941,7.874923144488362
11:49:43,941,7.880109649122806
11:49:44,941,7.880109649122806
11:49:45,942,7.878427507665353
11:49:46,942,7.878427507665353
11:49:47,942,7.878427507665353
11:49:48,942,7.878427507665353
11:49:49,942,7.878427507665353
11:49:50,943,7.878040244969379
11:49:51,943,7.878040244969379
11:49:52,943,7.878040244969379
11:49:53,943,7.878040244969379
11:49:54,944,7.878040244969379
11:49:55,944,7.878040244969379
11:49:56,944,7.8795107033639145
11:49:57,945,7.8795107033639145
11:49:58,945,7.8795107033639145
11:49:59,945,7.883071553228621
11:50:00,945,7.883071553228621
11:50:01,946,7.883355119825708
11:50:02,946,7.883355119825708
11:50:03,946,7.891906005221932
11:50:04,946,7.891906005221932
11:50:05,947,7.89413298565841
11:50:06,947,7.898003472222222
11:50:07,947,7.898003472222222
11:50:08,947,7.898003472222222
11:50:09,948,7.898003472222222
11:50:10,949,7.900433463372345
11:50:11,949,7.902142857142858
11:50:12,950,7.902142857142858
11:50:13,950,7.902226545611759
11:50:14,951,7.902226545611759
11:50:15,952,7.902226545611759
11:50:16,952,7.902226545611759
11:50:17,953,7.902226545611759
11:50:18,953,7.902226545611759
11:50:19,953,7.902226545611759
11:50:20,953,7.902226545611759
11:50:21,955,7.902226545611759
11:50:22,955,7.902226545611759
11:50:23,955,7.902226545611759
11:50:24,957,7.903022452504318
11:50:25,958,7.903022452504318
11:50:26,958,7.904592496765847
11:50:27,958,7.904592496765847
11:50:28,959,7.904592496765847
11:50:29,960,7.904592496765847
11:50:30,960,7.904592496765847
11:50:31,960,7.904592496765847
11:50:32,960,7.9075796726959515
11:50:33,960,7.911720430107526
11:50:34,960,7.911720430107526
11:50:35,960,7.912328178694158
11:50:36,960,7.912328178694158
11:50:37,960,7.912328178694158
11:50:38,960,7.912328178694158
11:50:39,960,7.912328178694158
11:50:40,960,7.912328178694158
11:50:41,960,7.912376662376662
11:50:42,960,7.912376662376662
11:50:43,960,7.914952870608398
11:50:44,960,7.914952870608398
11:50:45,960,7.919704749679076
11:50:46,960,7.919704749679076
11:50:47,960,7.918333333333334
11:50:48,960,7.918333333333334
11:50:49,960,7.918333333333334
11:50:50,960,7.918333333333334
11:50:51,960,7.918333333333334
11:50:52,960,7.918333333333334
11:50:53,960,7.930217669654289
11:50:54,960,7.930217669654289
11:50:55,960,7.930217669654289
11:50:56,960,7.930217669654289
11:50:57,960,7.933248081841432
11:50:58,960,7.933248081841432
11:50:59,960,7.933248081841432
11:51:00,960,7.934631758194977
11:51:01,961,7.934631758194977
11:51:02,961,7.934631758194977
11:51:03,962,7.934631758194977
11:51:04,962,7.934631758194977
11:51:05,962,7.934631758194977
11:51:06,962,7.93787685774947
11:51:07,963,7.93787685774947
11:51:08,964,7.93787685774947
11:51:09,964,7.941666666666666
11:51:10,964,7.941666666666666
11:51:11,965,7.941666666666666
11:51:12,965,7.941666666666666
11:51:13,965,7.941666666666666
11:51:14,966,7.941666666666666
11:51:15,966,7.943731469716222
11:51:16,966,7.943731469716222
11:51:17,967,7.946065989847716
11:51:18,967,7.946065989847716
11:51:19,967,7.946065989847716
11:51:20,968,7.946065989847716
11:51:21,968,7.946065989847716
11:51:22,968,7.946065989847716
11:51:23,969,7.946065989847716
11:51:24,969,7.946065989847716
11:51:25,969,7.946065989847716
11:51:26,969,7.94864807773553
11:51:27,969,7.94864807773553
11:51:28,970,7.94864807773553
11:51:29,970,7.950021097046414
11:51:30,971,7.950021097046414
11:51:31,971,7.950021097046414
11:51:32,971,7.950021097046414
11:51:33,971,7.951074589127686
11:51:34,971,7.951074589127686
11:51:35,971,7.955702861952862
11:51:36,971,7.955702861952862
11:51:37,971,7.955702861952862
11:51:38,971,7.955702861952862
11:51:39,972,7.957335014712063
11:51:40,972,7.957335014712063
11:51:41,972,7.957335014712063
11:51:42,972,7.957335014712063
11:51:43,972,7.966393786733836
11:51:44,972,7.966393786733836
11:51:45,972,7.966393786733836
11:51:46,972,7.966393786733836
11:51:47,972,7.9688888888888885
11:51:48,972,7.9688888888888885
11:51:49,972,7.9688888888888885
11:51:50,972,7.96999581239531
11:51:51,972,7.96999581239531
11:51:52,972,7.972124634044333
11:51:53,972,7.972124634044333
11:51:54,972,7.972124634044333
11:51:55,972,7.972124634044333
11:51:56,972,7.972124634044333
11:51:57,972,7.976554025865665
11:51:58,972,7.976554025865665
11:51:59,972,7.979375
11:52:00,973,7.979375
11:52:01,973,7.979375
11:52:02,973,7.979375
11:52:03,973,7.979375
11:52:04,973,7.981294215563879
11:52:05,973,7.981294215563879
11:52:06,973,7.981294215563879
11:52:07,973,7.981294215563879
11:52:08,973,7.981294215563879
11:52:09,973,7.981294215563879
11:52:10,973,7.981294215563879
11:52:11,973,7.981294215563879
11:52:12,973,7.981294215563879
11:52:13,973,7.982834580216126
11:52:14,973,7.982834580216126
11:52:15,973,7.982834580216126
11:52:16,973,7.985616438356164
11:52:17,975,7.985616438356164
11:52:18,975,7.985616438356164
11:52:19,975,7.985616438356164
11:52:20,975,7.987458540630183
11:52:21,976,7.987458540630183
11:52:22,976,7.987458540630183
11:52:23,976,7.989813664596273
11:52:24,977,7.989813664596273
11:52:25,977,7.989813664596273
11:52:26,977,7.993589743589744
11:52:27,977,7.993589743589744
11:52:28,979,7.993589743589744
11:52:29,979,7.993589743589744
11:52:30,979,7.993589743589744
11:52:31,980,7.993589743589744
11:52:32,980,7.996736885584469
11:52:33,980,8.00414603960396
11:52:34,980,8.00414603960396
11:52:35,980,8.00414603960396
11:52:36,980,8.00414603960396
11:52:37,980,8.006942727647301
11:52:38,980,8.006942727647301
11:52:39,980,8.010288065843621
11:52:40,980,8.010288065843621
11:52:41,980,8.010288065843621
11:52:42,982,8.01311138512125
11:52:43,982,8.01311138512125
11:52:44,982,8.01311138512125
11:52:45,982,8.01311138512125
11:52:46,983,8.01311138512125
11:52:47,984,8.01311138512125
11:52:48,984,8.01311138512125
11:52:49,985,8.01311138512125
11:52:50,985,8.01311138512125
11:52:51,985,8.01311138512125
11:52:52,985,8.01311138512125
11:52:53,985,8.015127257799671
11:52:54,985,8.015127257799671
11:52:55,985,8.015127257799671
11:52:56,985,8.015127257799671
11:52:57,985,8.015127257799671
11:52:58,986,8.020413595413595
11:52:59,986,8.020413595413595
11:53:00,987,8.020413595413595
11:53:01,987,8.020413595413595
11:53:02,988,8.02278118609407
11:53:03,989,8.02278118609407
11:53:04,989,8.02278118609407
11:53:05,989,8.022786617707059
11:53:06,990,8.022786617707059
11:53:07,991,8.022786617707059
11:53:08,991,8.022786617707059
11:53:09,991,8.022786617707059
11:53:10,992,8.022786617707059
11:53:11,992,8.022786617707059
11:53:12,992,8.024979625101874
11:53:13,993,8.02938542938543
11:53:14,993,8.02938542938543
11:53:15,993,8.02938542938543
11:53:16,994,8.02938542938543
11:53:17,994,8.02938542938543
11:53:18,994,8.02938542938543
11:53:19,994,8.02938542938543
11:53:20,995,8.02938542938543
11:53:21,995,8.0319918699187
11:53:22,995,8.0319918699187
11:53:23,995,8.0319918699187
11:53:24,996,8.040693430656935
11:53:25,996,8.040693430656935
11:53:26,996,8.040693430656935
11:53:27,996,8.043195625759417
11:53:28,997,8.043195625759417
11:53:29,997,8.043195625759417
11:53:30,997,8.043195625759417
11:53:31,998,8.046581715210356
11:53:32,998,8.046581715210356
11:53:33,998,8.046581715210356
11:53:34,998,8.046581715210356
11:53:35,998,8.046581715210356
11:53:36,998,8.046581715210356
11:53:37,998,8.046581715210356
11:53:38,998,8.04569696969697
11:53:39,998,8.0477199354318
11:53:40,998,8.0477199354318
11:53:41,998,8.0477199354318
11:53:42,999,8.0477199354318
11:53:43,999,8.0477199354318
11:53:44,999,8.0477199354318
11:53:45,999,8.0477199354318
11:53:46,999,8.0477199354318
11:53:47,999,8.050483675937123
11:53:48,999,8.050483675937123
11:53:49,999,8.050483675937123
11:53:50,999,8.054488727858294
11:53:51,999,8.054488727858294
11:53:52,999,8.054488727858294
11:53:53,999,8.054488727858294
11:53:54,999,8.054488727858294
11:53:55,999,8.054488727858294
11:53:56,1000,8.054488727858294
11:53:57,1000,8.054488727858294
11:53:58,1001,8.054488727858294
11:53:59,1001,8.054488727858294
11:54:00,1001,8.054488727858294
11:54:01,1001,8.054488727858294
11:54:02,1001,8.054488727858294
11:54:03,1001,8.054488727858294
11:54:04,1001,8.054488727858294
11:54:05,1001,8.058866103739446
11:54:06,1002,8.058866103739446
11:54:07,1002,8.060602409638554
11:54:08,1002,8.060602409638554
11:54:09,1003,8.060602409638554
11:54:10,1004,8.058584035298837
11:54:11,1004,8.058584035298837
11:54:12,1005,8.058584035298837
11:54:13,1006,8.058584035298837
11:54:14,1006,8.061117788461539
11:54:15,1007,8.067266906762706
11:54:16,1007,8.067266906762706
11:54:17,1008,8.067266906762706
11:54:18,1009,8.071482813749002
11:54:19,1009,8.071482813749002
11:54:20,1009,8.071482813749002
11:54:21,1011,8.075369261477046
11:54:22,1011,8.075369261477046
11:54:23,1011,8.075369261477046
11:54:24,1011,8.075369261477046
11:54:25,1011,8.078728070175439
11:54:26,1012,8.078728070175439
11:54:27,1012,8.078728070175439
11:54:28,1012,8.078728070175439
11:54:29,1012,8.07852028639618
11:54:30,1012,8.07852028639618
11:54:31,1012,8.07852028639618
11:54:32,1012,8.07852028639618
11:54:33,1012,8.07852028639618
11:54:34,1012,8.07852028639618
11:54:35,1013,8.07852028639618
11:54:36,1013,8.07852028639618
11:54:37,1013,8.07852028639618
11:54:38,1013,8.07852028639618
11:54:39,1014,8.07852028639618
11:54:40,1014,8.082499006754071
11:54:41,1014,8.082499006754071
11:54:42,1015,8.082499006754071
11:54:43,1015,8.085059523809525
11:54:44,1015,8.085059523809525
11:54:45,1015,8.085059523809525
11:54:46,1016,8.085059523809525
11:54:47,1016,8.085059523809525
11:54:48,1016,8.085059523809525
11:54:49,1016,8.085059523809525
11:54:50,1016,8.089437177962743
11:54:51,1016,8.089437177962743
11:54:52,1016,8.092557403008708
11:54:53,1016,8.092557403008708
11:54:54,1016,8.097528667457492
11:54:55,1016,8.097528667457492
11:54:56,1016,8.097528667457492
11:54:57,1016,8.098676935229069
11:54:58,1016,8.098676935229069
11:54:59,1016,8.098676935229069
11:55:00,1016,8.098676935229069
11:55:01,1016,8.098676935229069
11:55:02,1016,8.100019700551616
11:55:03,1016,8.100019700551616
11:55:04,1016,8.107311320754716
11:55:05,1016,8.107311320754716
11:55:06,1016,8.108029053788771
11:55:07,1016,8.112274509803921
11:55:08,1016,8.112274509803921
11:55:09,1016,8.112274509803921
11:55:10,1016,8.112274509803921
11:55:11,1016,8.117508813160986
11:55:12,1016,8.120676838810642
11:55:13,1016,8.120676838810642
11:55:14,1017,8.120676838810642
11:55:15,1017,8.120676838810642
11:55:16,1017,8.120676838810642
11:55:17,1018,8.120676838810642
11:55:18,1018,8.120676838810642
11:55:19,1018,8.120676838810642
11:55:20,1018,8.120676838810642
11:55:21,1019,8.120676838810642
11:55:22,1019,8.120676838810642
11:55:23,1021,8.120676838810642
11:55:24,1022,8.120418132082845
11:55:25,1022,8.120418132082845
11:55:26,1023,8.120418132082845
11:55:27,1023,8.120418132082845
11:55:28,1024,8.125878220140516
11:55:29,1024,8.125878220140516
11:55:30,1025,8.12795321637427
11:55:31,1026,8.12795321637427
11:55:32,1026,8.12795321637427
11:55:33,1026,8.12795321637427
11:55:34,1027,8.127940031152649
11:55:35,1028,8.127940031152649
11:55:36,1028,8.127940031152649
11:55:37,1029,8.130280046674446
11:55:38,1030,8.130280046674446
11:55:39,1030,8.130280046674446
11:55:40,1030,8.130280046674446
11:55:41,1031,8.130280046674446
11:55:42,1031,8.130280046674446
11:55:43,1031,8.130280046674446
11:55:44,1032,8.130280046674446
11:55:45,1032,8.130280046674446
11:55:46,1032,8.134654234654235
11:55:47,1033,8.134654234654235
11:55:48,1033,8.134654234654235
11:55:49,1034,8.134654234654235
11:55:50,1034,8.141191307722158
11:55:51,1036,8.141191307722158
11:55:52,1037,8.141191307722158
11:55:53,1037,8.138972868217055
11:55:54,1038,8.138972868217055
11:55:55,1038,8.139217963608207
11:55:56,1039,8.139217963608207
11:55:57,1040,8.144876256767208
11:55:58,1040,8.144876256767208
11:55:59,1041,8.148455001931248
11:56:00,1042,8.14903549382716
11:56:01,1042,8.14903549382716
11:56:02,1042,8.14903549382716
11:56:03,1043,8.15131021194605
11:56:04,1043,8.15131021194605
11:56:05,1043,8.15131021194605
11:56:06,1043,8.15131021194605
11:56:07,1043,8.15131021194605
11:56:08,1043,8.15131021194605
11:56:09,1043,8.157178598922249
11:56:10,1043,8.157178598922249
11:56:11,1043,8.157178598922249
11:56:12,1043,8.157178598922249
11:56:13,1043,8.157178598922249
11:56:14,1043,8.157178598922249
11:56:15,1043,8.159323337178009
11:56:16,1043,8.159323337178009
11:56:17,1043,8.159323337178009
11:56:18,1044,8.159323337178009
11:56:19,1044,8.159323337178009
11:56:20,1044,8.159323337178009
11:56:21,1044,8.159323337178009
11:56:22,1045,8.159323337178009
11:56:23,1045,8.159323337178009
11:56:24,1045,8.159323337178009
11:56:25,1046,8.158918296892981
11:56:26,1046,8.159808429118774
11:56:27,1046,8.159808429118774
11:56:28,1046,8.166532721010332
11:56:29,1046,8.166532721010332
11:56:30,1046,8.166532721010332
11:56:31,1046,8.170814220183486
11:56:32,1047,8.17401680030546
11:56:33,1048,8.17401680030546
11:56:34,1048,8.174866514111365
11:56:35,1048,8.174866514111365
11:56:36,1049,8.174866514111365
11:56:37,1049,8.174866514111365
11:56:38,1049,8.179961904761905
11:56:39,1050,8.179961904761905
11:56:40,1051,8.179961904761905
11:56:41,1051,8.179961904761905
11:56:42,1052,8.179961904761905
11:56:43,1052,8.179961904761905
11:56:44,1052,8.180726788432269
11:56:45,1052,8.180726788432269
11:56:46,1053,8.18164196123147
11:56:47,1053,8.18164196123147
11:56:48,1053,8.18164196123147
11:56:49,1053,8.18164196123147
11:56:50,1053,8.183523158694001
11:56:51,1053,8.183523158694001
11:56:52,1053,8.18596890405764
11:56:53,1053,8.188844696969698
11:56:54,1053,8.188844696969698
11:56:55,1053,8.192432841468028
11:56:56,1053,8.192432841468028
11:56:57,1053,8.192838246409675
11:56:58,1053,8.192838246409675
11:56:59,1053,8.192838246409675
11:57:00,1053,8.192838246409675
11:57:01,1053,8.192838246409675
11:57:02,1053,8.192838246409675
11:57:03,1053,8.191336353340883
11:57:04,1053,8.191336353340883
11:57:05,1053,8.191336353340883
11:57:06,1053,8.191336353340883
11:57:07,1053,8.191336353340883
11:57:08,1053,8.191336353340883
11:57:09,1053,8.191336353340883
11:57:10,1053,8.191336353340883
11:57:11,1053,8.191336353340883
11:57:12,1053,8.191336353340883
11:57:13,1053,8.191336353340883
11:57:14,1054,8.191336353340883
11:57:15,1054,8.191336353340883
11:57:16,1054,8.191336353340883
11:57:17,1054,8.19238310708899
11:57:18,1055,8.19352165725047
11:57:19,1055,8.19352165725047
11:57:20,1055,8.19352165725047
11:57:21,1056,8.19352165725047
11:57:22,1056,8.19352165725047
11:57:23,1056,8.19352165725047
11:57:24,1056,8.19352165725047
11:57:25,1057,8.19352165725047
11:57:26,1057,8.197404063205418
11:57:27,1058,8.197404063205418
11:57:28,1058,8.197404063205418
11:57:29,1058,8.197404063205418
11:57:30,1059,8.197404063205418
11:57:31,1059,8.197404063205418
11:57:32,1059,8.197404063205418
11:57:33,1059,8.20626876876877
11:57:34,1060,8.20626876876877
11:57:35,1060,8.20626876876877
11:57:36,1060,8.20626876876877
11:57:37,1060,8.20626876876877
11:57:38,1060,8.20626876876877
11:57:39,1060,8.208511436070491
11:57:40,1060,8.210112359550562
11:57:41,1060,8.212270856715302
11:57:42,1060,8.212270856715302
11:57:43,1060,8.21457399103139
11:57:44,1060,8.21457399103139
11:57:45,1060,8.21457399103139
11:57:46,1060,8.21457399103139
11:57:47,1060,8.21457399103139
11:57:48,1060,8.21457399103139
11:57:49,1060,8.21457399103139
11:57:50,1060,8.21457399103139
11:57:51,1060,8.21752423564504
11:57:52,1060,8.21752423564504
11:57:53,1060,8.21752423564504
11:57:54,1060,8.21752423564504
11:57:55,1061,8.21752423564504
11:57:56,1061,8.21752423564504
11:57:57,1061,8.219646182495344
11:57:58,1061,8.219646182495344
11:57:59,1061,8.219646182495344
11:58:00,1061,8.219646182495344
11:58:01,1062,8.22064732142857
11:58:02,1063,8.22064732142857
11:58:03,1063,8.22391304347826
11:58:04,1064,8.22391304347826
11:58:05,1064,8.22391304347826
11:58:06,1064,8.22391304347826
11:58:07,1064,8.22391304347826
11:58:08,1064,8.22391304347826
11:58:09,1064,8.22391304347826
11:58:10,1064,8.22391304347826
11:58:11,1064,8.22391304347826
11:58:12,1064,8.22391304347826
11:58:13,1064,8.220879732739421
11:58:14,1064,8.220879732739421
11:58:15,1064,8.220879732739421
11:58:16,1064,8.220879732739421
11:58:17,1065,8.220879732739421
11:58:18,1065,8.224935113088616
11:58:19,1065,8.224935113088616
11:58:20,1066,8.224935113088616
11:58:21,1066,8.226148148148148
11:58:22,1066,8.226148148148148
11:58:23,1067,8.226148148148148
11:58:24,1067,8.228412874583796
11:58:25,1067,8.229933481152994
11:58:26,1069,8.237689184200812
11:58:27,1069,8.239380530973452
11:58:28,1069,8.241510128913443
11:58:29,1070,8.241510128913443
11:58:30,1070,8.241510128913443
11:58:31,1070,8.241510128913443
11:58:32,1071,8.241510128913443
11:58:33,1071,8.2439293598234
11:58:34,1071,8.2439293598234
11:58:35,1071,8.2439293598234
11:58:36,1072,8.2439293598234
11:58:37,1072,8.2439293598234
11:58:38,1072,8.2439293598234
11:58:39,1072,8.2439293598234
11:58:40,1073,8.2439293598234
11:58:41,1073,8.2439293598234
11:58:42,1074,8.2439293598234
11:58:43,1074,8.2439293598234
11:58:44,1074,8.2439293598234
11:58:45,1075,8.2439293598234
11:58:46,1075,8.2439293598234
11:58:47,1075,8.2439293598234
11:58:48,1075,8.2439293598234
11:58:49,1076,8.2439293598234
11:58:50,1076,8.246508636530686
11:58:51,1076,8.246508636530686
11:58:52,1076,8.24970631424376
11:58:53,1077,8.24970631424376
11:58:54,1077,8.24970631424376
11:58:55,1077,8.24970631424376
11:58:56,1078,8.250935093509352
11:58:57,1078,8.250935093509352
11:58:58,1078,8.252252747252747
11:58:59,1080,8.253311379436516
11:59:00,1080,8.253311379436516
11:59:01,1081,8.253311379436516
11:59:02,1081,8.255683479532163
11:59:03,1081,8.255683479532163
11:59:04,1081,8.255683479532163
11:59:05,1082,8.252263599853961
11:59:06,1082,8.252263599853961
11:59:07,1082,8.252263599853961
11:59:08,1083,8.252263599853961
11:59:09,1083,8.252263599853961
11:59:10,1083,8.252263599853961
11:59:11,1083,8.252263599853961
11:59:12,1083,8.252263599853961
11:59:13,1083,8.252263599853961
11:59:14,1083,8.252263599853961
11:59:15,1083,8.262786885245902
11:59:16,1083,8.262786885245902
11:59:17,1083,8.262786885245902
11:59:18,1083,8.262786885245902
11:59:19,1083,8.266193595342067
11:59:20,1083,8.266193595342067
11:59:21,1083,8.266193595342067
11:59:22,1083,8.266193595342067
11:59:23,1083,8.266193595342067
11:59:24,1083,8.266193595342067
11:59:25,1083,8.268811341330425
11:59:26,1083,8.271695715323167
11:59:27,1083,8.271695715323167
11:59:28,1083,8.271695715323167
11:59:29,1083,8.272832789263692
11:59:30,1083,8.272832789263692
11:59:31,1083,8.272832789263692
11:59:32,1083,8.272832789263692
11:59:33,1083,8.272832789263692
11:59:34,1083,8.272832789263692
11:59:35,1083,8.275271739130435
11:59:36,1083,8.275271739130435
11:59:37,1083,8.278266377126311
11:59:38,1083,8.278266377126311
11:59:39,1083,8.278266377126311
11:59:40,1083,8.273770788141722
11:59:41,1083,8.273770788141722
11:59:42,1083,8.276489707475623
11:59:43,1083,8.278841991341992
11:59:44,1083,8.278841991341992
11:59:45,1083,8.278841991341992
11:59:46,1083,8.278841991341992
11:59:47,1083,8.278841991341992
11:59:48,1083,8.28345932325414
11:59:49,1083,8.28345932325414
11:59:50,1083,8.28345932325414
11:59:51,1083,8.28345932325414
11:59:52,1083,8.28345932325414
11:59:53,1083,8.28345932325414
11:59:54,1083,8.28705501618123
11:59:55,1083,8.28924209770115
11:59:56,1083,8.28924209770115
11:59:57,1083,8.28924209770115
11:59:58,1083,8.28924209770115
11:59:59,1083,8.28924209770115
12:00:00,1084,8.28924209770115
12:00:01,1084,8.28924209770115
12:00:02,1084,8.28924209770115
12:00:03,1085,8.28924209770115
12:00:04,1085,8.28924209770115
12:00:05,1085,8.294510226049516
12:00:06,1085,8.294510226049516
12:00:07,1085,8.294510226049516
12:00:08,1085,8.294510226049516
12:00:09,1086,8.294510226049516
12:00:10,1086,8.294510226049516
12:00:11,1086,8.294510226049516
12:00:12,1087,8.294510226049516
12:00:13,1087,8.298440860215054
12:00:14,1087,8.298440860215054
12:00:15,1088,8.295846759756534
12:00:16,1089,8.295846759756534
12:00:17,1089,8.295846759756534
12:00:18,1090,8.295846759756534
12:00:19,1090,8.297478540772532
12:00:20,1091,8.297478540772532
12:00:21,1091,8.297478540772532
12:00:22,1091,8.297478540772532
12:00:23,1091,8.30016077170418
12:00:24,1091,8.30016077170418
12:00:25,1092,8.30016077170418
12:00:26,1093,8.302855103497501
12:00:27,1093,8.302855103497501
12:00:28,1094,8.302855103497501
12:00:29,1094,8.302855103497501
12:00:30,1095,8.302855103497501
12:00:31,1096,8.308315527065528
12:00:32,1096,8.308315527065528
12:00:33,1096,8.308315527065528
12:00:34,1096,8.310885805763073
12:00:35,1096,8.310885805763073
12:00:36,1097,8.312189054726367
12:00:37,1097,8.312189054726367
12:00:38,1097,8.312189054726367
12:00:39,1097,8.320181043663473
12:00:40,1097,8.320181043663473
12:00:41,1097,8.320181043663473
12:00:42,1098,8.320181043663473
12:00:43,1098,8.320181043663473
12:00:44,1098,8.320181043663473
12:00:45,1098,8.323829787234043
12:00:46,1100,8.323829787234043
12:00:47,1100,8.323829787234043
12:00:48,1100,8.323829787234043
12:00:49,1100,8.323829787234043
12:00:50,1101,8.323829787234043
12:00:51,1101,8.327470775770458
12:00:52,1103,8.327470775770458
12:00:53,1104,8.327470775770458
12:00:54,1104,8.328980891719745
12:00:55,1104,8.328980891719745
12:00:56,1105,8.328980891719745
12:00:57,1105,8.32932131495228
12:00:58,1105,8.32932131495228
12:00:59,1106,8.32932131495228
12:01:00,1106,8.32932131495228
12:01:01,1107,8.332909604519774
12:01:02,1109,8.332909604519774
12:01:03,1109,8.329488536155203
12:01:04,1110,8.329488536155203
12:01:05,1111,8.329488536155203
12:01:06,1112,8.329488536155203
12:01:07,1112,8.329488536155203
12:01:08,1112,8.33222339675828
12:01:09,1113,8.33222339675828
12:01:10,1114,8.33389651531151
12:01:11,1115,8.33389651531151
12:01:12,1116,8.33389651531151
12:01:13,1117,8.3401547116737
12:01:14,1117,8.3401547116737
12:01:15,1118,8.343256059009484
12:01:16,1120,8.343256059009484
12:01:17,1120,8.343256059009484
12:01:18,1120,8.343256059009484
12:01:19,1121,8.343256059009484
12:01:20,1122,8.346701754385965
12:01:21,1123,8.346701754385965
12:01:22,1124,8.350385559060637
12:01:23,1125,8.350385559060637
12:01:24,1125,8.350385559060637
12:01:25,1125,8.353151260504202
12:01:26,1125,8.353151260504202
12:01:27,1127,8.353151260504202
12:01:28,1127,8.353151260504202
12:01:29,1127,8.353151260504202
12:01:30,1127,8.353151260504202
12:01:31,1127,8.353151260504202
12:01:32,1128,8.353151260504202
12:01:33,1129,8.353585169639734
12:01:34,1130,8.353585169639734
12:01:35,1130,8.353585169639734
12:01:36,1131,8.353585169639734
12:01:37,1132,8.351502445842069
12:01:38,1132,8.351502445842069
12:01:39,1133,8.351502445842069
12:01:40,1134,8.351502445842069
12:01:41,1134,8.351502445842069
12:01:42,1134,8.351502445842069
12:01:43,1135,8.356851464435147
12:01:44,1136,8.356851464435147
12:01:45,1136,8.356851464435147
12:01:46,1136,8.356851464435147
12:01:47,1138,8.356269592476488
12:01:48,1138,8.356269592476488
12:01:49,1138,8.361517049408489
12:01:50,1139,8.367014250955856
12:01:51,1139,8.367014250955856
12:01:52,1139,8.367014250955856
12:01:53,1139,8.36704861111111
12:01:54,1140,8.370620881026708
12:01:55,1140,8.370620881026708
12:01:56,1140,8.370620881026708
12:01:57,1141,8.370620881026708
12:01:58,1141,8.370620881026708
12:01:59,1141,8.370620881026708
12:02:00,1142,8.370620881026708
12:02:01,1142,8.370620881026708
12:02:02,1142,8.370620881026708
12:02:03,1142,8.370620881026708
12:02:04,1142,8.3753465003465
12:02:05,1143,8.3753465003465
12:02:06,1143,8.3753465003465
12:02:07,1143,8.378920041536864
12:02:08,1143,8.383402489626556
12:02:09,1144,8.383402489626556
12:02:10,1145,8.383402489626556
12:02:11,1145,8.383402489626556
12:02:12,1147,8.383402489626556
12:02:13,1147,8.383402489626556
12:02:14,1148,8.386321243523316
12:02:15,1148,8.386321243523316
12:02:16,1149,8.386321243523316
12:02:17,1149,8.386321243523316
12:02:18,1151,8.386321243523316
12:02:19,1152,8.386321243523316
12:02:20,1152,8.386024844720497
12:02:21,1153,8.386024844720497
12:02:22,1154,8.386024844720497
12:02:23,1154,8.39184763874526
12:02:24,1154,8.39184763874526
12:02:25,1155,8.39184763874526
12:02:26,1156,8.39184763874526
12:02:27,1156,8.387069559228651
12:02:28,1157,8.387069559228651
12:02:29,1158,8.389576883384933
12:02:30,1158,8.389576883384933
12:02:31,1158,8.389576883384933
12:02:32,1160,8.389576883384933
12:02:33,1160,8.389576883384933
12:02:34,1160,8.391512027491409
12:02:35,1160,8.391512027491409
12:02:36,1160,8.391512027491409
12:02:37,1160,8.391512027491409
12:02:38,1160,8.396189495365602
12:02:39,1160,8.396189495365602
12:02:40,1160,8.396189495365602
12:02:41,1161,8.396189495365602
12:02:42,1161,8.396189495365602
12:02:43,1161,8.400428228845495
12:02:44,1162,8.400428228845495
12:02:45,1163,8.400428228845495
12:02:46,1163,8.404534565366188
12:02:47,1163,8.404534565366188
12:02:48,1164,8.403264957264957
12:02:49,1164,8.403264957264957
12:02:50,1164,8.403264957264957
12:02:51,1164,8.403264957264957
12:02:52,1165,8.403264957264957
12:02:53,1165,8.403264957264957
12:02:54,1165,8.40213456284153
12:02:55,1165,8.40626066189014
12:02:56,1165,8.40626066189014
12:02:57,1165,8.40626066189014
12:02:58,1165,8.40626066189014
12:02:59,1165,8.409611451942741
12:03:00,1165,8.409611451942741
12:03:01,1165,8.409611451942741
12:03:02,1165,8.409611451942741
12:03:03,1165,8.409611451942741
12:03:04,1165,8.413142662580865
12:03:05,1165,8.413142662580865
12:03:06,1165,8.413142662580865
12:03:07,1166,8.413142662580865
12:03:08,1166,8.413142662580865
12:03:09,1166,8.413142662580865
12:03:10,1167,8.413142662580865
12:03:11,1167,8.413142662580865
12:03:12,1167,8.418571428571429
12:03:13,1168,8.418571428571429
12:03:14,1168,8.418571428571429
12:03:15,1168,8.418571428571429
12:03:16,1169,8.418571428571429
12:03:17,1169,8.418571428571429
12:03:18,1170,8.420659191301393
12:03:19,1171,8.420659191301393
12:03:20,1171,8.424296371651407
12:03:21,1171,8.424296371651407
12:03:22,1172,8.424296371651407
12:03:23,1172,8.424296371651407
12:03:24,1172,8.424296371651407
12:03:25,1172,8.424296371651407
12:03:26,1173,8.424296371651407
12:03:27,1173,8.429488482384823
12:03:28,1174,8.429488482384823
12:03:29,1174,8.429488482384823
12:03:30,1174,8.430355329949238
12:03:31,1175,8.430355329949238
12:03:32,1175,8.430355329949238
12:03:33,1175,8.430355329949238
12:03:34,1175,8.430355329949238
12:03:35,1175,8.430355329949238
12:03:36,1176,8.434448951994591
12:03:37,1176,8.434448951994591
12:03:38,1176,8.436541708882135
12:03:39,1176,8.436541708882135
12:03:40,1176,8.436541708882135
12:03:41,1176,8.436541708882135
12:03:42,1176,8.436541708882135
12:03:43,1176,8.436541708882135
12:03:44,1176,8.43582995951417
12:03:45,1176,8.43582995951417
12:03:46,1176,8.4422649140546
12:03:47,1176,8.4422649140546
12:03:48,1176,8.4422649140546
12:03:49,1176,8.441204170871174
12:03:50,1177,8.441204170871174
12:03:51,1177,8.441204170871174
12:03:52,1177,8.441204170871174
12:03:53,1177,8.44430443548387
12:03:54,1177,8.44430443548387
12:03:55,1177,8.44430443548387
12:03:56,1177,8.44430443548387
12:03:57,1178,8.44430443548387
12:03:58,1179,8.44430443548387
12:03:59,1179,8.44430443548387
12:04:00,1179,8.44430443548387
12:04:01,1179,8.44430443548387
12:04:02,1179,8.441943605236656
12:04:03,1179,8.441943605236656
12:04:04,1179,8.441943605236656
12:04:05,1179,8.447199865861839
12:04:06,1179,8.447199865861839
12:04:07,1179,8.447199865861839
12:04:08,1179,8.447199865861839
12:04:09,1179,8.448609715242881
12:04:10,1179,8.448609715242881
12:04:11,1179,8.448609715242881
12:04:12,1179,8.448609715242881
12:04:13,1179,8.448609715242881
12:04:14,1179,8.448609715242881
12:04:15,1180,8.448609715242881
12:04:16,1180,8.448609715242881
12:04:17,1180,8.448609715242881
12:04:18,1180,8.448609715242881
12:04:19,1180,8.448609715242881
12:04:20,1180,8.448609715242881
12:04:21,1180,8.45140562248996
12:04:22,1180,8.45140562248996
12:04:23,1180,8.45140562248996
12:04:24,1180,8.454881310598461
12:04:25,1180,8.454881310598461
12:04:26,1180,8.456696726786907
12:04:27,1180,8.45945945945946
12:04:28,1180,8.45945945945946
12:04:29,1180,8.462066666666667
12:04:30,1180,8.462066666666667
12:04:31,1180,8.462066666666667
12:04:32,1180,8.467765567765568
12:04:33,1180,8.467765567765568
12:04:34,1180,8.467765567765568
12:04:35,1180,8.467765567765568
12:04:36,1180,8.467765567765568
12:04:37,1180,8.467765567765568
12:04:38,1180,8.467765567765568
12:04:39,1180,8.467765567765568
12:04:40,1180,8.47147371922821
12:04:41,1180,8.47147371922821
12:04:42,1180,8.466666666666667
12:04:43,1180,8.466666666666667
12:04:44,1180,8.466666666666667
12:04:45,1181,8.470401726427623
12:04:46,1181,8.470401726427623
12:04:47,1181,8.470401726427623
12:04:48,1182,8.470401726427623
12:04:49,1182,8.470401726427623
12:04:50,1182,8.470401726427623
12:04:51,1182,8.470401726427623
12:04:52,1182,8.471492537313432
12:04:53,1182,8.471492537313432
12:04:54,1182,8.476375082836316
12:04:55,1182,8.476375082836316
12:04:56,1182,8.476375082836316
12:04:57,1182,8.476375082836316
12:04:58,1182,8.477027474346242
12:04:59,1183,8.477027474346242
12:05:00,1183,8.477027474346242
12:05:01,1184,8.473082010582011
12:05:02,1184,8.474843078956063
12:05:03,1184,8.474843078956063
12:05:04,1184,8.474843078956063
12:05:05,1185,8.474843078956063
12:05:06,1185,8.474843078956063
12:05:07,1185,8.48003300330033
12:05:08,1186,8.48003300330033
12:05:09,1186,8.48003300330033
12:05:10,1187,8.48003300330033
12:05:11,1187,8.482344213649851
12:05:12,1187,8.482344213649851
12:05:13,1187,8.485853096179182
12:05:14,1187,8.487068114511352
12:05:15,1188,8.487068114511352
12:05:16,1188,8.487068114511352
12:05:17,1188,8.487068114511352
12:05:18,1188,8.488214990138067
12:05:19,1188,8.488214990138067
12:05:20,1189,8.488214990138067
12:05:21,1189,8.488214990138067
12:05:22,1189,8.488214990138067
12:05:23,1189,8.488214990138067
12:05:24,1189,8.488214990138067
12:05:25,1189,8.488214990138067
12:05:26,1189,8.488214990138067
12:05:27,1190,8.487159277504105
12:05:28,1190,8.487159277504105
12:05:29,1190,8.487159277504105
12:05:30,1190,8.487159277504105
12:05:31,1192,8.491699475065618
12:05:32,1192,8.491699475065618
12:05:33,1192,8.491699475065618
12:05:34,1192,8.495902982628646
12:05:35,1192,8.495902982628646
12:05:36,1193,8.495902982628646
12:05:37,1193,8.498853962017026
12:05:38,1194,8.498853962017026
12:05:39,1194,8.498853962017026
12:05:40,1194,8.500507033038927
12:05:41,1194,8.500507033038927
12:05:42,1194,8.500507033038927
12:05:43,1195,8.500507033038927
12:05:44,1195,8.504607843137254
12:05:45,1195,8.504607843137254
12:05:46,1195,8.504607843137254
12:05:47,1195,8.504607843137254
12:05:48,1195,8.504607843137254
12:05:49,1195,8.504598825831703
12:05:50,1195,8.504598825831703
12:05:51,1195,8.504598825831703
12:05:52,1195,8.504598825831703
12:05:53,1196,8.505522971652004
12:05:54,1196,8.506998697916666
12:05:55,1197,8.506998697916666
12:05:56,1198,8.506998697916666
12:05:57,1198,8.506998697916666
12:05:58,1198,8.506998697916666
12:05:59,1199,8.506998697916666
12:06:00,1199,8.506998697916666
12:06:01,1199,8.506998697916666
12:06:02,1200,8.510883690708251
12:06:03,1200,8.510883690708251
12:06:04,1200,8.510883690708251
12:06:05,1200,8.507757221681272
12:06:06,1202,8.507757221681272
12:06:07,1202,8.507757221681272
12:06:08,1202,8.507757221681272
12:06:09,1202,8.507757221681272
12:06:10,1203,8.507757221681272
12:06:11,1203,8.507757221681272
12:06:12,1203,8.507757221681272
12:06:13,1203,8.507757221681272
12:06:14,1203,8.507757221681272
12:06:15,1204,8.512386511024642
12:06:16,1204,8.512386511024642
12:06:17,1204,8.51156462585034
12:06:18,1205,8.51156462585034
12:06:19,1206,8.51495145631068
12:06:20,1206,8.519560297445846
12:06:21,1207,8.519560297445846
12:06:22,1207,8.519560297445846
12:06:23,1207,8.519560297445846
12:06:24,1207,8.519560297445846
12:06:25,1208,8.522755167958657
12:06:26,1208,8.522755167958657
12:06:27,1209,8.522755167958657
12:06:28,1210,8.523426911907068
12:06:29,1211,8.523426911907068
12:06:30,1211,8.523426911907068
12:06:31,1211,8.523426911907068
12:06:32,1212,8.523426911907068
12:06:33,1212,8.524838813668602
12:06:34,1212,8.524838813668602
12:06:35,1213,8.524838813668602
12:06:36,1213,8.524838813668602
12:06:37,1213,8.524838813668602
12:06:38,1213,8.524838813668602
12:06:39,1213,8.524838813668602
12:06:40,1213,8.524838813668602
12:06:41,1213,8.528716216216216
12:06:42,1213,8.528716216216216
12:06:43,1213,8.528716216216216
12:06:44,1214,8.528716216216216
12:06:45,1214,8.528716216216216
12:06:46,1215,8.528716216216216
12:06:47,1215,8.528716216216216
12:06:48,1215,8.528716216216216
12:06:49,1215,8.528716216216216
12:06:50,1215,8.528716216216216
12:06:51,1215,8.526663452266153
12:06:52,1215,8.526663452266153
12:06:53,1215,8.52951188182402
12:06:54,1215,8.52951188182402
12:06:55,1215,8.534007058068656
12:06:56,1217,8.535657051282051
12:06:57,1217,8.538104386807557
12:06:58,1217,8.53493282149712
12:06:59,1217,8.53493282149712
12:07:00,1218,8.537823585810164
12:07:01,1218,8.537823585810164
12:07:02,1218,8.537823585810164
12:07:03,1219,8.537823585810164
12:07:04,1219,8.537823585810164
12:07:05,1219,8.544077266922095
12:07:06,1219,8.544077266922095
12:07:07,1219,8.544077266922095
12:07:08,1220,8.544077266922095
12:07:09,1220,8.544077266922095
12:07:10,1221,8.54371610845295
12:07:11,1221,8.54371610845295
12:07:12,1222,8.54371610845295
12:07:13,1222,8.54371610845295
12:07:14,1222,8.54371610845295
12:07:15,1222,8.54371610845295
12:07:16,1222,8.54371610845295
12:07:17,1223,8.544964945825367
12:07:18,1223,8.544964945825367
12:07:19,1223,8.544964945825367
12:07:20,1223,8.547707736389686
12:07:21,1223,8.547707736389686
12:07:22,1223,8.547707736389686
12:07:23,1223,8.55098600508906
12:07:24,1225,8.55098600508906
12:07:25,1225,8.55098600508906
12:07:26,1225,8.553972036860502
12:07:27,1225,8.553972036860502
12:07:28,1226,8.553972036860502
12:07:29,1226,8.552698412698414
12:07:30,1226,8.552698412698414
12:07:31,1226,8.552698412698414
12:07:32,1226,8.552698412698414
12:07:33,1228,8.55558198541072
12:07:34,1228,8.558840304182509
12:07:35,1228,8.558840304182509
12:07:36,1229,8.558840304182509
12:07:37,1230,8.558840304182509
12:07:38,1230,8.558840304182509
12:07:39,1230,8.558840304182509
12:07:40,1231,8.557407407407407
12:07:41,1231,8.557407407407407
12:07:42,1231,8.557407407407407
12:07:43,1231,8.55444339025933
12:07:44,1233,8.55444339025933
12:07:45,1233,8.55919431279621
12:07:46,1233,8.55919431279621
12:07:47,1234,8.55919431279621
12:07:48,1234,8.561900252525252
12:07:49,1234,8.561900252525252
12:07:50,1234,8.561900252525252
12:07:51,1234,8.561900252525252
12:07:52,1234,8.562456638284454
12:07:53,1234,8.562456638284454
12:07:54,1235,8.568431001890358
12:07:55,1235,8.568431001890358
12:07:56,1235,8.568431001890358
12:07:57,1235,8.568431001890358
12:07:58,1235,8.568431001890358
12:07:59,1235,8.568431001890358
12:08:00,1236,8.568431001890358
12:08:01,1236,8.573150771167768
12:08:02,1236,8.573150771167768
12:08:03,1236,8.575801886792453
12:08:04,1237,8.575801886792453
12:08:05,1238,8.575801886792453
12:08:06,1238,8.575801886792453
12:08:07,1239,8.579076343072574
12:08:08,1240,8.579076343072574
12:08:09,1240,8.579076343072574
12:08:10,1240,8.579076343072574
12:08:11,1241,8.579076343072574
12:08:12,1241,8.579076343072574
12:08:13,1241,8.579076343072574
12:08:14,1241,8.579076343072574
12:08:15,1242,8.582658505963591
12:08:16,1243,8.582658505963591
12:08:17,1243,8.582658505963591
12:08:18,1243,8.582658505963591
12:08:19,1243,8.579758544998432
12:08:20,1243,8.579758544998432
12:08:21,1243,8.579758544998432
12:08:22,1243,8.579758544998432
12:08:23,1243,8.579758544998432
12:08:24,1243,8.582612781954886
12:08:25,1243,8.582612781954886
12:08:26,1243,8.583317683881065
12:08:27,1243,8.583317683881065
12:08:28,1243,8.583317683881065
12:08:29,1243,8.586679174484052
12:08:30,1243,8.585223367697596
12:08:31,1243,8.585223367697596
12:08:32,1243,8.585223367697596
12:08:33,1243,8.585223367697596
12:08:34,1244,8.584222846441948
12:08:35,1244,8.584222846441948
12:08:36,1244,8.584222846441948
12:08:37,1244,8.586077330838789
12:08:38,1245,8.590404984423676
12:08:39,1245,8.590404984423676
12:08:40,1246,8.590460628695922
12:08:41,1246,8.590460628695922
12:08:42,1246,8.590460628695922
12:08:43,1246,8.596843905472637
12:08:44,1247,8.596843905472637
12:08:45,1247,8.596843905472637
12:08:46,1248,8.596843905472637
12:08:47,1249,8.596843905472637
12:08:48,1249,8.596843905472637
12:08:49,1249,8.596843905472637
12:08:50,1250,8.596843905472637
12:08:51,1250,8.596843905472637
12:08:52,1250,8.596843905472637
12:08:53,1250,8.595977011494252
12:08:54,1250,8.595977011494252
12:08:55,1250,8.595977011494252
12:08:56,1251,8.598075729360646
12:08:57,1252,8.598075729360646
12:08:58,1252,8.598075729360646
12:08:59,1253,8.598232558139534
12:09:00,1254,8.598232558139534
12:09:01,1254,8.598232558139534
12:09:02,1255,8.598232558139534
12:09:03,1255,8.596933085501858
12:09:04,1256,8.596933085501858
12:09:05,1256,8.596933085501858
12:09:06,1257,8.601607915893629
12:09:07,1258,8.601607915893629
12:09:08,1258,8.601607915893629
12:09:09,1259,8.601607915893629
12:09:10,1259,8.601607915893629
12:09:11,1260,8.601607915893629
12:09:12,1260,8.601607915893629
12:09:13,1261,8.603348765432099
12:09:14,1261,8.603348765432099
12:09:15,1261,8.603348765432099
12:09:16,1261,8.603348765432099
12:09:17,1262,8.603348765432099
12:09:18,1262,8.603348765432099
12:09:19,1262,8.603348765432099
12:09:20,1262,8.603348765432099
12:09:21,1263,8.607169287696577
12:09:22,1263,8.607169287696577
12:09:23,1263,8.607169287696577
12:09:24,1263,8.61109057301294
12:09:25,1263,8.61109057301294
12:09:26,1263,8.60829485995691
12:09:27,1263,8.60829485995691
12:09:28,1263,8.60829485995691
12:09:29,1263,8.60829485995691
12:09:30,1263,8.60829485995691
12:09:31,1264,8.607887453874538
12:09:32,1265,8.608678955453149
12:09:33,1265,8.608678955453149
12:09:34,1266,8.608678955453149
12:09:35,1266,8.614487415592388
12:09:36,1267,8.61346212818154
12:09:37,1267,8.61346212818154
12:09:38,1268,8.61346212818154
12:09:39,1268,8.61346212818154
12:09:40,1268,8.61346212818154
12:09:41,1269,8.612959558823528
12:09:42,1270,8.612959558823528
12:09:43,1270,8.612959558823528
12:09:44,1270,8.617003367003367
12:09:45,1270,8.617003367003367
12:09:46,1271,8.617003367003367
12:09:47,1271,8.617003367003367
12:09:48,1271,8.617599388379205
12:09:49,1271,8.617599388379205
12:09:50,1271,8.617599388379205
12:09:51,1271,8.617599388379205
12:09:52,1272,8.617599388379205
12:09:53,1272,8.617690192483959
12:09:54,1272,8.617690192483959
12:09:55,1272,8.617690192483959
12:09:56,1272,8.620268620268622
12:09:57,1272,8.620268620268622
12:09:58,1272,8.620268620268622
12:09:59,1272,8.620268620268622
12:10:00,1272,8.619884111009453
12:10:01,1272,8.619884111009453
12:10:02,1272,8.619884111009453
12:10:03,1272,8.619884111009453
12:10:04,1272,8.622669104204753
12:10:05,1272,8.622669104204753
12:10:06,1272,8.622669104204753
12:10:07,1272,8.622669104204753
12:10:08,1272,8.622669104204753
12:10:09,1272,8.622669104204753
12:10:10,1272,8.622669104204753
12:10:11,1272,8.622669104204753
12:10:12,1272,8.626423135464231
12:10:13,1272,8.626423135464231
12:10:14,1272,8.626423135464231
12:10:15,1273,8.626423135464231
12:10:16,1273,8.626423135464231
12:10:17,1273,8.623053527980536
12:10:18,1273,8.623053527980536
12:10:19,1275,8.623053527980536
12:10:20,1275,8.623594652081435
12:10:21,1276,8.623594652081435
12:10:22,1276,8.623594652081435
12:10:23,1276,8.623594652081435
12:10:24,1277,8.622935640558591
12:10:25,1277,8.628389444949955
12:10:26,1277,8.628389444949955
12:10:27,1278,8.628389444949955
12:10:28,1278,8.62898484848485
12:10:29,1278,8.62898484848485
12:10:30,1279,8.62898484848485
12:10:31,1279,8.62898484848485
12:10:32,1279,8.62898484848485
12:10:33,1279,8.62898484848485
12:10:34,1279,8.62898484848485
12:10:35,1279,8.62874659400545
12:10:36,1279,8.62874659400545
12:10:37,1279,8.62874659400545
12:10:38,1279,8.629797521909943
12:10:39,1279,8.629797521909943
12:10:40,1279,8.629797521909943
12:10:41,1279,8.629797521909943
12:10:42,1279,8.629797521909943
12:10:43,1279,8.629797521909943
12:10:44,1279,8.628502415458938
12:10:45,1279,8.628502415458938
12:10:46,1279,8.631493212669684
12:10:47,1279,8.631493212669684
12:10:48,1279,8.63499095840868
12:10:49,1279,8.63499095840868
12:10:50,1279,8.63499095840868
12:10:51,1279,8.635561577838
12:10:52,1279,8.635561577838
12:10:53,1280,8.636326714801443
12:10:54,1280,8.636326714801443
12:10:55,1280,8.639329726480314
12:10:56,1280,8.63957957957958
12:10:57,1281,8.63957957957958
12:10:58,1281,8.63957957957958
12:10:59,1281,8.63957957957958
12:11:00,1281,8.63957957957958
12:11:01,1281,8.63957957957958
12:11:02,1281,8.63957957957958
12:11:03,1281,8.63957957957958
12:11:04,1281,8.63957957957958
12:11:05,1281,8.63957957957958
12:11:06,1281,8.63957957957958
12:11:07,1281,8.63957957957958
12:11:08,1281,8.63957957957958
12:11:09,1281,8.63957957957958
12:11:10,1281,8.63957957957958
12:11:11,1281,8.63957957957958
12:11:12,1281,8.642994299429944
12:11:13,1281,8.642994299429944
12:11:14,1281,8.644244604316548
12:11:15,1281,8.644244604316548
12:11:16,1281,8.644244604316548
12:11:17,1281,8.650194669062593
12:11:18,1281,8.651166965888688
12:11:19,1281,8.651166965888688
12:11:20,1281,8.651166965888688
12:11:21,1281,8.651166965888688
12:11:22,1281,8.651166965888688
12:11:23,1281,8.651166965888688
12:11:24,1281,8.651166965888688
12:11:25,1282,8.651166965888688
12:11:26,1282,8.651166965888688
12:11:27,1282,8.651166965888688
12:11:28,1282,8.65288490284006
12:11:29,1282,8.65288490284006
12:11:30,1282,8.65288490284006
12:11:31,1282,8.65288490284006
12:11:32,1282,8.65288490284006
12:11:33,1282,8.65288490284006
12:11:34,1282,8.651926523297492
12:11:35,1282,8.651926523297492
12:11:36,1282,8.651926523297492
12:11:37,1282,8.651926523297492
12:11:38,1282,8.652879737391824
12:11:39,1284,8.652879737391824
12:11:40,1284,8.652879737391824
12:11:41,1284,8.655793863568663
12:11:42,1284,8.652202380952382
12:11:43,1286,8.652202380952382
12:11:44,1286,8.654698186143325
12:11:45,1286,8.655184194890076
12:11:46,1286,8.655184194890076
12:11:47,1287,8.656737904422677
12:11:48,1288,8.661921708185053
12:11:49,1288,8.661921708185053
12:11:50,1288,8.661921708185053
12:11:51,1289,8.661921708185053
12:11:52,1290,8.666148148148148
12:11:53,1290,8.666148148148148
12:11:54,1291,8.666148148148148
12:11:55,1291,8.666148148148148
12:11:56,1292,8.666148148148148
12:11:57,1292,8.666148148148148
12:11:58,1293,8.666148148148148
12:11:59,1293,8.666148148148148
12:12:00,1294,8.666148148148148
12:12:01,1294,8.666148148148148
12:12:02,1294,8.666148148148148
12:12:03,1295,8.666148148148148
12:12:04,1296,8.670056246299586
12:12:05,1297,8.670056246299586
12:12:06,1297,8.670056246299586
12:12:07,1297,8.670056246299586
12:12:08,1297,8.670056246299586
12:12:09,1298,8.670056246299586
12:12:10,1298,8.670056246299586
12:12:11,1298,8.670056246299586
12:12:12,1299,8.670629991126885
12:12:13,1299,8.670629991126885
12:12:14,1299,8.670629991126885
12:12:15,1299,8.670629991126885
12:12:16,1300,8.670629991126885
12:12:17,1300,8.672355200945626
12:12:18,1300,8.672355200945626
12:12:19,1301,8.672355200945626
12:12:20,1301,8.672355200945626
12:12:21,1301,8.672355200945626
12:12:22,1301,8.672355200945626
12:12:23,1301,8.670386772955418
12:12:24,1301,8.670386772955418
12:12:25,1301,8.670386772955418
12:12:26,1301,8.670386772955418
12:12:27,1301,8.670386772955418
12:12:28,1301,8.670386772955418
12:12:29,1302,8.670386772955418
12:12:30,1303,8.671858407079645
12:12:31,1303,8.671858407079645
12:12:32,1303,8.671858407079645
12:12:33,1304,8.677311542991756
12:12:34,1305,8.677311542991756
12:12:35,1305,8.677311542991756
12:12:36,1306,8.679994115916447
12:12:37,1306,8.679994115916447
12:12:38,1306,8.679994115916447
12:12:39,1306,8.685817166372722
12:12:40,1306,8.685817166372722
12:12:41,1306,8.692414906103286
12:12:42,1306,8.692414906103286
12:12:43,1307,8.692414906103286
12:12:44,1307,8.692414906103286
12:12:45,1308,8.692414906103286
12:12:46,1308,8.69404866608033
12:12:47,1308,8.69404866608033
12:12:48,1310,8.69404866608033
12:12:49,1310,8.693438781487991
12:12:50,1310,8.693438781487991
12:12:51,1310,8.696707638279191
12:12:52,1310,8.696707638279191
12:12:53,1311,8.696707638279191
12:12:54,1311,8.696707638279191
12:12:55,1312,8.696707638279191
12:12:56,1312,8.696707638279191
12:12:57,1312,8.696707638279191
12:12:58,1312,8.696707638279191
12:12:59,1313,8.696707638279191
12:13:00,1313,8.696707638279191
12:13:01,1313,8.70124269005848
12:13:02,1314,8.70124269005848
12:13:03,1315,8.70124269005848
12:13:04,1315,8.702833771545427
12:13:05,1315,8.702833771545427
12:13:06,1316,8.705779334500875
12:13:07,1316,8.705779334500875
12:13:08,1317,8.705779334500875
12:13:09,1317,8.705779334500875
12:13:10,1318,8.708996792067659
12:13:11,1319,8.708996792067659
12:13:12,1319,8.708996792067659
12:13:13,1320,8.708996792067659
12:13:14,1320,8.708996792067659
12:13:15,1320,8.71143648018648
12:13:16,1320,8.71143648018648
12:13:17,1321,8.71143648018648
12:13:18,1322,8.71143648018648
12:13:19,1322,8.71143648018648
12:13:20,1323,8.71143648018648
12:13:21,1324,8.71143648018648
12:13:22,1324,8.715590459569517
12:13:23,1326,8.715590459569517
12:13:24,1326,8.717640220866027
12:13:25,1326,8.722996515679442
12:13:26,1327,8.722996515679442
12:13:27,1327,8.725993617638526
12:13:28,1327,8.725993617638526
12:13:29,1327,8.725993617638526
12:13:30,1328,8.725993617638526
12:13:31,1329,8.725993617638526
12:13:32,1329,8.725993617638526
12:13:33,1329,8.725993617638526
12:13:34,1329,8.728130434782608
12:13:35,1330,8.731726035331596
12:13:36,1331,8.734534143518518
12:13:37,1331,8.734534143518518
12:13:38,1331,8.733289968198902
12:13:39,1332,8.733289968198902
12:13:40,1332,8.733289968198902
12:13:41,1332,8.735196418255345
12:13:42,1333,8.735196418255345
12:13:43,1333,8.735196418255345
12:13:44,1334,8.735196418255345
12:13:45,1335,8.737489177489177
12:13:46,1335,8.737489177489177
12:13:47,1335,8.737489177489177
12:13:48,1337,8.737489177489177
12:13:49,1338,8.737489177489177
12:13:50,1338,8.737489177489177
12:13:51,1341,8.737489177489177
12:13:52,1341,8.739979815455595
12:13:53,1341,8.739979815455595
12:13:54,1341,8.739979815455595
12:13:55,1343,8.74573978123201
12:13:56,1343,8.74573978123201
12:13:57,1343,8.74573978123201
12:13:58,1344,8.74573978123201
12:13:59,1345,8.74573978123201
12:14:00,1345,8.74573978123201
12:14:01,1346,8.74573978123201
12:14:02,1346,8.74573978123201
12:14:03,1346,8.744017831463905
12:14:04,1346,8.744017831463905
12:14:05,1347,8.744017831463905
12:14:06,1347,8.744017831463905
12:14:07,1347,8.744017831463905
12:14:08,1348,8.745747126436783
12:14:09,1348,8.745747126436783
12:14:10,1349,8.74484639678438
12:14:11,1349,8.74513769363167
12:14:12,1349,8.74513769363167
12:14:13,1349,8.74513769363167
12:14:14,1349,8.748767555173401
12:14:15,1349,8.748767555173401
12:14:16,1349,8.748767555173401
12:14:17,1349,8.75446735395189
12:14:18,1349,8.75446735395189
12:14:19,1349,8.75446735395189
12:14:20,1349,8.75446735395189
12:14:21,1349,8.75446735395189
12:14:22,1349,8.75446735395189
12:14:23,1349,8.75446735395189
12:14:24,1349,8.75446735395189
12:14:25,1349,8.756337625178826
12:14:26,1349,8.756337625178826
12:14:27,1349,8.756337625178826
12:14:28,1349,8.755027135104257
12:14:29,1349,8.755027135104257
12:14:30,1350,8.755027135104257
12:14:31,1350,8.755027135104257
12:14:32,1350,8.755027135104257
12:14:33,1350,8.755027135104257
12:14:34,1350,8.757876712328766
12:14:35,1350,8.757876712328766
12:14:36,1350,8.757876712328766
12:14:37,1350,8.756943256344453
12:14:38,1351,8.756943256344453
12:14:39,1351,8.756943256344453
12:14:40,1351,8.756943256344453
12:14:41,1351,8.759928774928774
12:14:42,1351,8.759928774928774
12:14:43,1351,8.759928774928774
12:14:44,1351,8.764419795221842
12:14:45,1351,8.763427109974424
12:14:46,1351,8.76560193072118
12:14:47,1351,8.76560193072118
12:14:48,1351,8.767659574468086
12:14:49,1352,8.767659574468086
12:14:50,1352,8.767659574468086
12:14:51,1352,8.767659574468086
12:14:52,1352,8.767659574468086
12:14:53,1352,8.767659574468086
12:14:54,1352,8.767659574468086
12:14:55,1352,8.767659574468086
12:14:56,1353,8.767659574468086
12:14:57,1353,8.767659574468086
12:14:58,1353,8.767659574468086
12:14:59,1353,8.767659574468086
12:15:00,1354,8.767701247165531
12:15:01,1354,8.767701247165531
12:15:02,1354,8.767701247165531
12:15:03,1354,8.767701247165531
12:15:04,1354,8.767701247165531
12:15:05,1354,8.767701247165531
12:15:06,1355,8.772939677145285
12:15:07,1355,8.772939677145285
12:15:08,1355,8.77354272778721
12:15:09,1356,8.77354272778721
12:15:10,1356,8.77354272778721
12:15:11,1356,8.7725614927905
12:15:12,1357,8.7725614927905
12:15:13,1357,8.7725614927905
12:15:14,1357,8.7725614927905
12:15:15,1357,8.7725614927905
12:15:16,1357,8.7725614927905
12:15:17,1357,8.776765536723163
12:15:18,1357,8.776765536723163
12:15:19,1357,8.776765536723163
12:15:20,1357,8.776765536723163
12:15:21,1357,8.776765536723163
12:15:22,1357,8.776765536723163
12:15:23,1357,8.776765536723163
12:15:24,1357,8.776765536723163
12:15:25,1357,8.775684448207732
12:15:26,1357,8.775684448207732
12:15:27,1357,8.777721376198533
12:15:28,1357,8.777721376198533
12:15:29,1357,8.777721376198533
12:15:30,1357,8.78155818540434
12:15:31,1357,8.78155818540434
12:15:32,1357,8.78155818540434
12:15:33,1357,8.785414908579465
12:15:34,1357,8.788490725126476
12:15:35,1357,8.790199382196013
12:15:36,1357,8.790199382196013
12:15:37,1357,8.790199382196013
12:15:38,1357,8.790199382196013
12:15:39,1357,8.790199382196013
12:15:40,1357,8.790199382196013
12:15:41,1357,8.790199382196013
12:15:42,1357,8.790199382196013
12:15:43,1357,8.790199382196013
12:15:44,1357,8.790199382196013
12:15:45,1358,8.788692480359147
12:15:46,1358,8.788692480359147
12:15:47,1358,8.788692480359147
12:15:48,1358,8.788692480359147
12:15:49,1358,8.788692480359147
12:15:50,1358,8.788912251191478
12:15:51,1360,8.788912251191478
12:15:52,1360,8.788912251191478
12:15:53,1360,8.788912251191478
12:15:54,1361,8.788912251191478
12:15:55,1361,8.788912251191478
12:15:56,1361,8.79420168067227
12:15:57,1361,8.79420168067227
12:15:58,1361,8.79420168067227
12:15:59,1362,8.79420168067227
12:16:00,1362,8.79420168067227
12:16:01,1362,8.79420168067227
12:16:02,1363,8.79420168067227
12:16:03,1363,8.79420168067227
12:16:04,1363,8.79420168067227
12:16:05,1363,8.79420168067227
12:16:06,1364,8.79420168067227
12:16:07,1365,8.795703890288273
12:16:08,1366,8.795703890288273
12:16:09,1367,8.795703890288273
12:16:10,1367,8.795703890288273
12:16:11,1368,8.795703890288273
12:16:12,1368,8.800503355704699
12:16:13,1368,8.800503355704699
12:16:14,1368,8.800503355704699
12:16:15,1369,8.800503355704699
12:16:16,1369,8.802416876222408
12:16:17,1369,8.802416876222408
12:16:18,1370,8.803992183137913
12:16:19,1370,8.803992183137913
12:16:20,1371,8.803992183137913
12:16:21,1371,8.803992183137913
12:16:22,1371,8.802691771269176
12:16:23,1371,8.806368450390188
12:16:24,1373,8.809390651085142
12:16:25,1373,8.809390651085142
12:16:26,1373,8.809390651085142
12:16:27,1374,8.809452321378927
12:16:28,1374,8.809452321378927
12:16:29,1375,8.809452321378927
12:16:30,1375,8.809452321378927
12:16:31,1375,8.809452321378927
12:16:32,1375,8.809452321378927
12:16:33,1375,8.809452321378927
12:16:34,1376,8.808597222222224
12:16:35,1376,8.808597222222224
12:16:36,1376,8.808597222222224
12:16:37,1376,8.812794893144602
12:16:38,1376,8.812794893144602
12:16:39,1377,8.812794893144602
12:16:40,1377,8.812794893144602
12:16:41,1378,8.812794893144602
12:16:42,1378,8.812964503605103
12:16:43,1378,8.812964503605103
12:16:44,1378,8.812964503605103
12:16:45,1378,8.812964503605103
12:16:46,1378,8.817650318647825
12:16:47,1378,8.817650318647825
12:16:48,1378,8.817650318647825
12:16:49,1378,8.817650318647825
12:16:50,1379,8.817650318647825
12:16:51,1380,8.817650318647825
12:16:52,1380,8.817650318647825
12:16:53,1380,8.816735880398673
12:16:54,1381,8.816735880398673
12:16:55,1381,8.816735880398673
12:16:56,1382,8.821977869986169
12:16:57,1382,8.821977869986169
12:16:58,1383,8.822305140961857
12:16:59,1383,8.822305140961857
12:17:00,1383,8.822305140961857
12:17:01,1383,8.822305140961857
12:17:02,1384,8.824040320353495
12:17:03,1385,8.824040320353495
12:17:04,1385,8.824040320353495
12:17:05,1386,8.824040320353495
12:17:06,1386,8.824040320353495
12:17:07,1387,8.828228476821192
12:17:08,1387,8.828228476821192
12:17:09,1387,8.828228476821192
12:17:10,1388,8.828228476821192
12:17:11,1388,8.828228476821192
12:17:12,1388,8.828228476821192
12:17:13,1389,8.830907085745796
12:17:14,1389,8.830907085745796
12:17:15,1390,8.830907085745796
12:17:16,1390,8.832535094962841
12:17:17,1390,8.832535094962841
12:17:18,1390,8.832535094962841
12:17:19,1391,8.832535094962841
12:17:20,1392,8.832535094962841
12:17:21,1392,8.832535094962841
12:17:22,1394,8.832535094962841
12:17:23,1394,8.832535094962841
12:17:24,1395,8.832535094962841
12:17:25,1395,8.832535094962841
12:17:26,1396,8.832535094962841
12:17:27,1397,8.836672162682055
12:17:28,1397,8.836672162682055
12:17:29,1397,8.836672162682055
12:17:30,1399,8.837174211248286
12:17:31,1399,8.837174211248286
12:17:32,1400,8.837174211248286
12:17:33,1401,8.837174211248286
12:17:34,1401,8.837174211248286
12:17:35,1401,8.837174211248286
12:17:36,1402,8.838829495614034
12:17:37,1403,8.845152013147082
12:17:38,1403,8.845152013147082
12:17:39,1403,8.845152013147082
12:17:40,1403,8.845152013147082
12:17:41,1403,8.845152013147082
12:17:42,1404,8.842610837438423
12:17:43,1404,8.842610837438423
12:17:44,1404,8.842610837438423
12:17:45,1404,8.844161881323489
12:17:46,1405,8.844161881323489
12:17:47,1405,8.844161881323489
12:17:48,1405,8.845587431693989
12:17:49,1405,8.845587431693989
12:17:50,1406,8.845587431693989
12:17:51,1406,8.845587431693989
12:17:52,1406,8.845587431693989
12:17:53,1406,8.845587431693989
12:17:54,1407,8.845587431693989
12:17:55,1407,8.845587431693989
12:17:56,1407,8.845587431693989
12:17:57,1408,8.84851214851215
12:17:58,1408,8.84851214851215
12:17:59,1408,8.84851214851215
12:18:00,1408,8.84851214851215
12:18:01,1408,8.84851214851215
12:18:02,1408,8.850859247135842
12:18:03,1408,8.850859247135842
12:18:04,1408,8.848732624693378
12:18:05,1408,8.850843537414965
12:18:06,1408,8.850843537414965
12:18:07,1408,8.850843537414965
12:18:08,1408,8.850843537414965
12:18:09,1408,8.850843537414965
12:18:10,1408,8.850843537414965
12:18:11,1408,8.850843537414965
12:18:12,1408,8.857381729200652
12:18:13,1409,8.857381729200652
12:18:14,1409,8.857381729200652
12:18:15,1409,8.85984786742733
12:18:16,1409,8.85713897937025
12:18:17,1409,8.85713897937025
12:18:18,1409,8.862110116625983
12:18:19,1409,8.862110116625983
12:18:20,1409,8.862110116625983
12:18:21,1409,8.862439024390245
12:18:22,1409,8.862439024390245
12:18:23,1409,8.864893040888168
12:18:24,1409,8.866801948051947
12:18:25,1409,8.866801948051947
12:18:26,1409,8.866801948051947
12:18:27,1409,8.866801948051947
12:18:28,1409,8.866801948051947
12:18:29,1409,8.866801948051947
12:18:30,1409,8.866801948051947
12:18:31,1409,8.866801948051947
12:18:32,1409,8.866801948051947
12:18:33,1409,8.866801948051947
12:18:34,1409,8.869410651527438
12:18:35,1409,8.869410651527438
12:18:36,1410,8.871123716909779
12:18:37,1410,8.871123716909779
12:18:38,1410,8.871123716909779
12:18:39,1411,8.871123716909779
12:18:40,1412,8.871123716909779
12:18:41,1412,8.871123716909779
12:18:42,1413,8.873076923076923
12:18:43,1413,8.873076923076923
12:18:44,1413,8.878870010787487
12:18:45,1413,8.878870010787487
12:18:46,1413,8.878870010787487
12:18:47,1414,8.878870010787487
12:18:48,1415,8.878870010787487
12:18:49,1415,8.878870010787487
12:18:50,1415,8.878870010787487
12:18:51,1416,8.8761789275128
12:18:52,1416,8.8761789275128
12:18:53,1416,8.877266612859835
12:18:54,1417,8.877266612859835
12:18:55,1417,8.877266612859835
12:18:56,1417,8.877266612859835
12:18:57,1417,8.875927419354838
12:18:58,1417,8.875927419354838
12:18:59,1417,8.875927419354838
12:19:00,1417,8.875927419354838
12:19:01,1417,8.875927419354838
12:19:02,1417,8.875927419354838
12:19:03,1417,8.875927419354838
12:19:04,1417,8.875927419354838
12:19:05,1417,8.875927419354838
12:19:06,1417,8.875927419354838
12:19:07,1418,8.878995433789955
12:19:08,1418,8.878995433789955
12:19:09,1418,8.880756843800322
12:19:10,1418,8.88424510592652
12:19:11,1419,8.88424510592652
12:19:12,1419,8.88424510592652
12:19:13,1419,8.886039657020365
12:19:14,1419,8.886039657020365
12:19:15,1420,8.886039657020365
12:19:16,1420,8.886039657020365
12:19:17,1420,8.888165997322623
12:19:18,1420,8.892482611021936
12:19:19,1420,8.892482611021936
12:19:20,1421,8.892482611021936
12:19:21,1421,8.892482611021936
12:19:22,1422,8.892482611021936
12:19:23,1422,8.892482611021936
12:19:24,1422,8.895432692307692
12:19:25,1423,8.895432692307692
12:19:26,1423,8.895432692307692
12:19:27,1424,8.893194555644516
12:19:28,1424,8.893194555644516
12:19:29,1425,8.893194555644516
12:19:30,1425,8.89124
12:19:31,1425,8.89124
12:19:32,1426,8.89124
12:19:33,1427,8.89124
12:19:34,1428,8.89124
12:19:35,1428,8.89124
12:19:36,1428,8.89124
12:19:37,1429,8.89124
12:19:38,1429,8.895030642152944
12:19:39,1429,8.895030642152944
12:19:40,1429,8.895030642152944
12:19:41,1430,8.897244408945687
12:19:42,1430,8.897244408945687
12:19:43,1430,8.897244408945687
12:19:44,1430,8.898989092843841
12:19:45,1430,8.898989092843841
12:19:46,1431,8.898989092843841
12:19:47,1431,8.899401913875598
12:19:48,1431,8.899401913875598
12:19:49,1432,8.899401913875598
12:19:50,1433,8.899401913875598
12:19:51,1433,8.899401913875598
12:19:52,1434,8.899401913875598
12:19:53,1434,8.899401913875598
12:19:54,1436,8.899401913875598
12:19:55,1436,8.899401913875598
12:19:56,1438,8.899401913875598
12:19:57,1438,8.899401913875598
12:19:58,1439,8.897941567065072
12:19:59,1439,8.897941567065072
12:20:00,1439,8.897941567065072
12:20:01,1441,8.900159108989659
12:20:02,1441,8.902808691043985
12:20:03,1441,8.904633306857296
12:20:04,1444,8.903796296296296
12:20:05,1444,8.903796296296296
12:20:06,1444,8.903796296296296
12:20:07,1446,8.90511498810468
12:20:08,1446,8.90511498810468
12:20:09,1446,8.907474907554148
12:20:10,1446,8.907474907554148
12:20:11,1446,8.907474907554148
12:20:12,1447,8.907474907554148
12:20:13,1447,8.90955397202428
12:20:14,1447,8.90955397202428
12:20:15,1447,8.90955397202428
12:20:16,1447,8.90955397202428
12:20:17,1447,8.909322257383966
12:20:18,1447,8.909322257383966
12:20:19,1447,8.911264822134388
12:20:20,1447,8.911264822134388
12:20:21,1447,8.911264822134388
12:20:22,1448,8.911264822134388
12:20:23,1448,8.911264822134388
12:20:24,1448,8.913046340179042
12:20:25,1449,8.913046340179042
12:20:26,1449,8.913046340179042
12:20:27,1449,8.913046340179042
12:20:28,1450,8.913046340179042
12:20:29,1450,8.913046340179042
12:20:30,1450,8.913046340179042
12:20:31,1450,8.913046340179042
12:20:32,1450,8.914548802946593
12:20:33,1450,8.914548802946593
12:20:34,1451,8.91181650893796
12:20:35,1451,8.91154452324665
12:20:36,1451,8.91154452324665
12:20:37,1451,8.913832020997376
12:20:38,1451,8.913832020997376
12:20:39,1451,8.913832020997376
12:20:40,1451,8.913832020997376
12:20:41,1451,8.913832020997376
12:20:42,1451,8.913832020997376
12:20:43,1451,8.913832020997376
12:20:44,1451,8.913832020997376
12:20:45,1451,8.918332022029897
12:20:46,1451,8.918332022029897
12:20:47,1451,8.918332022029897
12:20:48,1451,8.918332022029897
12:20:49,1451,8.917767295597484
12:20:50,1451,8.917767295597484
12:20:51,1451,8.917321288295366
12:20:52,1451,8.919479330193615
12:20:53,1452,8.919479330193615
12:20:54,1452,8.919479330193615
12:20:55,1452,8.919479330193615
12:20:56,1452,8.919479330193615
12:20:57,1453,8.919479330193615
12:20:58,1453,8.919479330193615
12:20:59,1453,8.919479330193615
12:21:00,1453,8.919479330193615
12:21:01,1453,8.919479330193615
12:21:02,1453,8.919479330193615
12:21:03,1453,8.919479330193615
12:21:04,1454,8.919479330193615
12:21:05,1455,8.923202614379084
12:21:06,1455,8.923432601880878
12:21:07,1455,8.923432601880878
12:21:08,1455,8.924902114330461
12:21:09,1457,8.924902114330461
12:21:10,1457,8.924902114330461
12:21:11,1457,8.924902114330461
12:21:12,1457,8.924902114330461
12:21:13,1457,8.92810789679437
12:21:14,1457,8.92810789679437
12:21:15,1458,8.92810789679437
12:21:16,1458,8.92810789679437
12:21:17,1458,8.92810789679437
12:21:18,1458,8.92810789679437
12:21:19,1458,8.92810789679437
12:21:20,1459,8.924635416666666
12:21:21,1459,8.924635416666666
12:21:22,1460,8.924635416666666
12:21:23,1461,8.923484257090815
12:21:24,1461,8.925910036401456
12:21:25,1461,8.925910036401456
12:21:26,1462,8.925910036401456
12:21:27,1462,8.925910036401456
12:21:28,1462,8.9282151208106
12:21:29,1462,8.9282151208106
12:21:30,1462,8.9282151208106
12:21:31,1462,8.931035825545171
12:21:32,1462,8.931035825545171
12:21:33,1462,8.931035825545171
12:21:34,1463,8.931035825545171
12:21:35,1463,8.931035825545171
12:21:36,1463,8.931035825545171
12:21:37,1463,8.931035825545171
12:21:38,1463,8.931035825545171
12:21:39,1463,8.931854734111543
12:21:40,1464,8.931854734111543
12:21:41,1464,8.931259720062208
12:21:42,1464,8.931259720062208
12:21:43,1465,8.93350155279503
12:21:44,1465,8.93350155279503
12:21:45,1465,8.93350155279503
12:21:46,1465,8.93350155279503
12:21:47,1465,8.93350155279503
12:21:48,1465,8.935893457460564
12:21:49,1465,8.935893457460564
12:21:50,1465,8.935893457460564
12:21:51,1465,8.935893457460564
12:21:52,1465,8.935893457460564
12:21:53,1465,8.932493540051679
12:21:54,1465,8.932493540051679
12:21:55,1465,8.932493540051679
12:21:56,1465,8.932868577330234
12:21:57,1465,8.932868577330234
12:21:58,1465,8.932314241486068
12:21:59,1465,8.932263469966488
12:22:00,1465,8.932263469966488
12:22:01,1465,8.932263469966488
12:22:02,1465,8.932263469966488
12:22:03,1465,8.932869654817104
12:22:04,1465,8.932869654817104
12:22:05,1465,8.934980694980696
12:22:06,1465,8.934980694980696
12:22:07,1465,8.934980694980696
12:22:08,1465,8.934980694980696
12:22:09,1466,8.93888888888889
12:22:10,1466,8.93888888888889
12:22:11,1466,8.93888888888889
12:22:12,1467,8.93888888888889
12:22:13,1468,8.938948856335132
12:22:14,1468,8.938948856335132
12:22:15,1469,8.939522342064715
12:22:16,1471,8.939522342064715
12:22:17,1471,8.941737233769567
12:22:18,1471,8.941737233769567
12:22:19,1472,8.941737233769567
12:22:20,1472,8.941737233769567
12:22:21,1472,8.941737233769567
12:22:22,1472,8.941737233769567
12:22:23,1472,8.947038461538462
12:22:24,1472,8.947038461538462
12:22:25,1472,8.947038461538462
12:22:26,1472,8.947130412503203
12:22:27,1472,8.950486431131592
12:22:28,1472,8.950486431131592
12:22:29,1472,8.950486431131592
12:22:30,1472,8.948784855461755
12:22:31,1473,8.948784855461755
12:22:32,1473,8.948824130879347
12:22:33,1473,8.951673052362707
12:22:34,1473,8.951673052362707
12:22:35,1473,8.951673052362707
12:22:36,1473,8.951673052362707
12:22:37,1473,8.951673052362707
12:22:38,1474,8.952514037774375
12:22:39,1475,8.954016832440704
12:22:40,1475,8.954016832440704
12:22:41,1475,8.954016832440704
12:22:42,1476,8.954016832440704
12:22:43,1476,8.954016832440704
12:22:44,1477,8.953988277268094
12:22:45,1477,8.953988277268094
12:22:46,1477,8.953988277268094
12:22:47,1477,8.953988277268094
12:22:48,1477,8.953756047873695
12:22:49,1477,8.953756047873695
12:22:50,1477,8.955343511450382
12:22:51,1477,8.955343511450382
12:22:52,1477,8.955343511450382
12:22:53,1477,8.955343511450382
12:22:54,1477,8.955343511450382
12:22:55,1478,8.955343511450382
12:22:56,1478,8.955343511450382
12:22:57,1478,8.955343511450382
12:22:58,1478,8.955343511450382
12:22:59,1478,8.955343511450382
12:23:00,1478,8.955343511450382
12:23:01,1479,8.955343511450382
12:23:02,1479,8.956305619120265
12:23:03,1479,8.956305619120265
12:23:04,1480,8.956305619120265
12:23:05,1480,8.956305619120265
12:23:06,1480,8.956305619120265
12:23:07,1480,8.956305619120265
12:23:08,1480,8.959095528455284
12:23:09,1480,8.959095528455284
12:23:10,1480,8.959095528455284
12:23:11,1481,8.959095528455284
12:23:12,1481,8.96021832952526
12:23:13,1481,8.96187214611872
12:23:14,1481,8.96187214611872
12:23:15,1481,8.96187214611872
12:23:16,1481,8.96764184397163
12:23:17,1481,8.96764184397163
12:23:18,1482,8.97146292077955
12:23:19,1482,8.969398077895802
12:23:20,1482,8.969398077895802
12:23:21,1482,8.969398077895802
12:23:22,1483,8.969398077895802
12:23:23,1483,8.969398077895802
12:23:24,1483,8.971304018195603
12:23:25,1483,8.971304018195603
12:23:26,1484,8.971304018195603
12:23:27,1484,8.971304018195603
12:23:28,1484,8.971304018195603
12:23:29,1484,8.971304018195603
12:23:30,1485,8.971304018195603
12:23:31,1485,8.971304018195603
12:23:32,1485,8.971304018195603
12:23:33,1485,8.971304018195603
12:23:34,1486,8.971304018195603
12:23:35,1486,8.972474747474747
12:23:36,1486,8.972230633358567
12:23:37,1486,8.972230633358567
12:23:38,1486,8.973537569339385
12:23:39,1486,8.973537569339385
12:23:40,1486,8.973537569339385
12:23:41,1486,8.974288233812043
12:23:42,1486,8.974288233812043
12:23:43,1486,8.974288233812043
12:23:44,1486,8.975151057401812
12:23:45,1486,8.975151057401812
12:23:46,1487,8.975151057401812
12:23:47,1487,8.980429864253393
12:23:48,1487,8.980429864253393
12:23:49,1488,8.980429864253393
12:23:50,1488,8.979819277108435
12:23:51,1488,8.979819277108435
12:23:52,1488,8.977802859292701
12:23:53,1488,8.977802859292701
12:23:54,1488,8.977802859292701
12:23:55,1488,8.977802859292701
12:23:56,1489,8.977802859292701
12:23:57,1489,8.977802859292701
12:23:58,1490,8.977802859292701
12:23:59,1490,8.979937343358396
12:24:00,1490,8.979937343358396
12:24:01,1490,8.979937343358396
12:24:02,1490,8.982331580265464
12:24:03,1491,8.982331580265464
12:24:04,1491,8.982331580265464
12:24:05,1491,8.982331580265464
12:24:06,1491,8.982331580265464
12:24:07,1491,8.982331580265464
12:24:08,1491,8.982331580265464
12:24:09,1491,8.982331580265464
12:24:10,1491,8.983395895895894
12:24:11,1491,8.983395895895894
12:24:12,1491,8.983395895895894
12:24:13,1491,8.983395895895894
12:24:14,1491,8.983395895895894
12:24:15,1491,8.983395895895894
12:24:16,1491,8.983395895895894
12:24:17,1491,8.983395895895894
12:24:18,1491,8.983395895895894
12:24:19,1491,8.983395895895894
12:24:20,1491,8.983395895895894
12:24:21,1491,8.98503375843961
12:24:22,1491,8.98503375843961
12:24:23,1491,8.98503375843961
12:24:24,1491,8.98503375843961
12:24:25,1491,8.983795255930088
12:24:26,1491,8.983795255930088
12:24:27,1491,8.98315868263473
12:24:28,1491,8.98315868263473
12:24:29,1491,8.984530042383446
12:24:30,1491,8.984530042383446
12:24:31,1491,8.984530042383446
12:24:32,1491,8.985787244643747
12:24:33,1491,8.987005227781927
12:24:34,1492,8.987005227781927
12:24:35,1492,8.991442786069651
12:24:36,1492,8.991442786069651
12:24:37,1492,8.991442786069651
12:24:38,1492,8.991442786069651
12:24:39,1492,8.991442786069651
12:24:40,1492,8.991442786069651
12:24:41,1492,8.991442786069651
12:24:42,1492,8.99545115585384
12:24:43,1492,8.99545115585384
12:24:44,1492,8.99535519125683
12:24:45,1493,8.99535519125683
12:24:46,1494,8.99535519125683
12:24:47,1494,8.99535519125683
12:24:48,1494,8.99535519125683
12:24:49,1494,8.99535519125683
12:24:50,1494,8.99535519125683
12:24:51,1494,8.996860263092579
12:24:52,1495,8.998660714285714
12:24:53,1495,8.998660714285714
12:24:54,1496,9.001350681536556
12:24:55,1496,9.001350681536556
12:24:56,1496,9.001350681536556
12:24:57,1496,9.001350681536556
12:24:58,1496,9.001213472015849
12:24:59,1496,9.001213472015849
12:25:00,1496,9.001213472015849
12:25:01,1496,8.999245236327642
12:25:02,1496,8.999245236327642
12:25:03,1496,8.999245236327642
12:25:04,1497,8.999245236327642
12:25:05,1497,8.999245236327642
12:25:06,1497,8.999245236327642
12:25:07,1497,8.999245236327642
12:25:08,1497,8.999245236327642
12:25:09,1497,9.00097675568744
12:25:10,1498,9.00097675568744
12:25:11,1498,9.00097675568744
12:25:12,1498,9.002223869532989
12:25:13,1498,9.002223869532989
12:25:14,1498,9.002223869532989
12:25:15,1498,9.002223869532989
12:25:16,1498,9.000765432098765
12:25:17,1498,9.000765432098765
12:25:18,1498,9.000765432098765
12:25:19,1498,9.000765432098765
12:25:20,1498,9.000765432098765
12:25:21,1498,9.000765432098765
12:25:22,1498,9.000765432098765
12:25:23,1498,9.000765432098765
12:25:24,1498,9.000765432098765
12:25:25,1498,9.000765432098765
12:25:26,1499,9.000765432098765
12:25:27,1499,9.000765432098765
12:25:28,1500,9.000765432098765
12:25:29,1501,9.003108808290156
12:25:30,1501,9.003108808290156
12:25:31,1501,9.003108808290156
12:25:32,1501,9.007223865877712
12:25:33,1501,9.007317073170732
12:25:34,1501,9.007317073170732
12:25:35,1502,9.007065484982768
12:25:36,1502,9.007065484982768
12:25:37,1502,9.008480825958703
12:25:38,1503,9.008480825958703
12:25:39,1503,9.008480825958703
12:25:40,1503,9.008480825958703
12:25:41,1503,9.008480825958703
12:25:42,1503,9.008480825958703
12:25:43,1505,9.008480825958703
12:25:44,1506,9.013239990174405
12:25:45,1507,9.013239990174405
12:25:46,1507,9.013239990174405
12:25:47,1509,9.017022320333579
12:25:48,1510,9.017022320333579
12:25:49,1510,9.017022320333579
12:25:50,1510,9.017022320333579
12:25:51,1510,9.017022320333579
12:25:52,1511,9.018504901960785
12:25:53,1512,9.017217732059759
12:25:54,1513,9.017217732059759
12:25:55,1514,9.017217732059759
12:25:56,1514,9.017217732059759
12:25:57,1514,9.017217732059759
12:25:58,1517,9.017217732059759
12:25:59,1517,9.017217732059759
12:26:00,1518,9.017217732059759
12:26:01,1518,9.021696035242291
12:26:02,1520,9.023905600391293
12:26:03,1520,9.023905600391293
12:26:04,1520,9.023905600391293
12:26:05,1521,9.022067448680353
12:26:06,1522,9.022067448680353
12:26:07,1522,9.021965811965812
12:26:08,1523,9.025719863347975
12:26:09,1523,9.025719863347975
12:26:10,1523,9.024213606437455
12:26:11,1523,9.024213606437455
12:26:12,1525,9.024213606437455
12:26:13,1525,9.024213606437455
12:26:14,1526,9.024213606437455
12:26:15,1529,9.024213606437455
12:26:16,1529,9.024213606437455
12:26:17,1530,9.024213606437455
12:26:18,1531,9.024213606437455
12:26:19,1532,9.024213606437455
12:26:20,1533,9.024213606437455
12:26:21,1534,9.024213606437455
12:26:22,1535,9.024366471734892
12:26:23,1535,9.024366471734892
12:26:24,1536,9.024366471734892
12:26:25,1537,9.024366471734892
12:26:26,1537,9.02352798053528
12:26:27,1538,9.023377097009481
12:26:28,1538,9.023377097009481
12:26:29,1540,9.02333576287658
12:26:30,1541,9.02333576287658
12:26:31,1541,9.02333576287658
12:26:32,1542,9.02333576287658
12:26:33,1543,9.02333576287658
12:26:34,1544,9.02333576287658
12:26:35,1545,9.02333576287658
12:26:36,1545,9.024059237679047
12:26:37,1545,9.024059237679047
12:26:38,1545,9.024059237679047
12:26:39,1546,9.021482290150411
12:26:40,1546,9.021482290150411
12:26:41,1547,9.021482290150411
12:26:42,1547,9.021482290150411
12:26:43,1547,9.021482290150411
12:26:44,1548,9.021482290150411
12:26:45,1548,9.023309090909091
12:26:46,1548,9.023309090909091
12:26:47,1549,9.023309090909091
12:26:48,1549,9.023309090909091
12:26:49,1549,9.024103682170542
12:26:50,1549,9.024103682170542
12:26:51,1550,9.024103682170542
12:26:52,1550,9.024103682170542
12:26:53,1550,9.02828612926652
12:26:54,1550,9.02828612926652
12:26:55,1551,9.029753265602322
12:26:56,1552,9.032596084118927
12:26:57,1552,9.032596084118927
12:26:58,1552,9.033140096618357
12:26:59,1552,9.033140096618357
12:27:00,1552,9.031704079169684
12:27:01,1552,9.031704079169684
12:27:02,1552,9.034696092619392
12:27:03,1552,9.034696092619392
12:27:04,1552,9.034696092619392
12:27:05,1553,9.034696092619392
12:27:06,1553,9.034696092619392
12:27:07,1553,9.034696092619392
12:27:08,1553,9.034696092619392
12:27:09,1553,9.034696092619392
12:27:10,1553,9.034696092619392
12:27:11,1553,9.034696092619392
12:27:12,1553,9.034696092619392
12:27:13,1553,9.034696092619392
12:27:14,1553,9.03817437379576
12:27:15,1554,9.03817437379576
12:27:16,1554,9.037364620938629
12:27:17,1554,9.037364620938629
12:27:18,1554,9.037364620938629
12:27:19,1554,9.037962962962963
12:27:20,1554,9.037962962962963
12:27:21,1554,9.037962962962963
12:27:22,1554,9.039701994712809
12:27:23,1554,9.041306436119116
12:27:24,1554,9.041306436119116
12:27:25,1554,9.041306436119116
12:27:26,1554,9.041306436119116
12:27:27,1554,9.041306436119116
12:27:28,1554,9.041306436119116
12:27:29,1554,9.03820143884892
12:27:30,1554,9.03820143884892
12:27:31,1554,9.03820143884892
12:27:32,1554,9.03820143884892
12:27:33,1554,9.03820143884892
12:27:34,1554,9.039767553318956
12:27:35,1554,9.0387811302682
12:27:36,1554,9.0387811302682
12:27:37,1554,9.0387811302682
12:27:38,1554,9.0387811302682
12:27:39,1554,9.0387811302682
12:27:40,1554,9.0387811302682
12:27:41,1554,9.0387811302682
12:27:42,1554,9.0387811302682
12:27:43,1555,9.04349593495935
12:27:44,1555,9.04349593495935
12:27:45,1555,9.04349593495935
12:27:46,1556,9.045448028673835
12:27:47,1556,9.045448028673835
12:27:48,1556,9.046740687679083
12:27:49,1557,9.050083512288237
12:27:50,1557,9.050083512288237
12:27:51,1557,9.050083512288237
12:27:52,1558,9.050083512288237
12:27:53,1558,9.050083512288237
12:27:54,1558,9.050083512288237
12:27:55,1559,9.050083512288237
12:27:56,1559,9.050083512288237
12:27:57,1559,9.050083512288237
12:27:58,1561,9.050083512288237
12:27:59,1561,9.050083512288237
12:28:00,1561,9.050083512288237
12:28:01,1563,9.050083512288237
12:28:02,1564,9.047770624701956
12:28:03,1564,9.047770624701956
12:28:04,1564,9.047770624701956
12:28:05,1565,9.047770624701956
12:28:06,1565,9.047770624701956
12:28:07,1565,9.047770624701956
12:28:08,1565,9.047770624701956
12:28:09,1565,9.047770624701956
12:28:10,1566,9.047770624701956
12:28:11,1566,9.047770624701956
12:28:12,1566,9.047770624701956
12:28:13,1567,9.047770624701956
12:28:14,1567,9.047770624701956
12:28:15,1567,9.047770624701956
12:28:16,1567,9.047770624701956
12:28:17,1567,9.049785561115081
12:28:18,1567,9.049785561115081
12:28:19,1568,9.04929761904762
12:28:20,1568,9.051165833928145
12:28:21,1568,9.051165833928145
12:28:22,1568,9.051165833928145
12:28:23,1568,9.052270565858297
12:28:24,1568,9.053955808980756
12:28:25,1568,9.053955808980756
12:28:26,1568,9.054962013295347
12:28:27,1568,9.056761565836299
12:28:28,1568,9.056761565836299
12:28:29,1568,9.056761565836299
12:28:30,1569,9.056761565836299
12:28:31,1569,9.056761565836299
12:28:32,1569,9.056761565836299
12:28:33,1569,9.056761565836299
12:28:34,1570,9.058902323376007
12:28:35,1570,9.055093579720445
12:28:36,1570,9.055093579720445
12:28:37,1570,9.055093579720445
12:28:38,1571,9.057445549242425
12:28:39,1571,9.057445549242425
12:28:40,1571,9.0546250295718
12:28:41,1572,9.0546250295718
12:28:42,1572,9.056205673758864
12:28:43,1572,9.056205673758864
12:28:44,1573,9.056205673758864
12:28:45,1574,9.056205673758864
12:28:46,1574,9.056205673758864
12:28:47,1574,9.056205673758864
12:28:48,1574,9.056205673758864
12:28:49,1574,9.056205673758864
12:28:50,1574,9.056205673758864
12:28:51,1574,9.055752421450508
12:28:52,1574,9.055752421450508
12:28:53,1574,9.055752421450508
12:28:54,1575,9.057117563739377
12:28:55,1575,9.057117563739377
12:28:56,1575,9.057117563739377
12:28:57,1575,9.057117563739377
12:28:58,1575,9.057117563739377
12:28:59,1575,9.057117563739377
12:29:00,1575,9.057117563739377
12:29:01,1575,9.057117563739377
12:29:02,1576,9.057117563739377
12:29:03,1576,9.057117563739377
12:29:04,1576,9.057117563739377
12:29:05,1576,9.058657702288276
12:29:06,1576,9.058657702288276
12:29:07,1576,9.058657702288276
12:29:08,1576,9.062234794908061
12:29:09,1576,9.062234794908061
12:29:10,1576,9.064040047114252
12:29:11,1576,9.064040047114252
12:29:12,1576,9.06465395480226
12:29:13,1576,9.06465395480226
12:29:14,1576,9.06465395480226
12:29:15,1576,9.061997177134792
12:29:16,1576,9.061997177134792
12:29:17,1577,9.063058298072402
12:29:18,1577,9.063058298072402
12:29:19,1577,9.063058298072402
12:29:20,1578,9.059161381254404
12:29:21,1580,9.063462441314554
12:29:22,1580,9.063462441314554
12:29:23,1580,9.063462441314554
12:29:24,1580,9.063462441314554
12:29:25,1582,9.063462441314554
12:29:26,1583,9.063462441314554
12:29:27,1583,9.065775275627493
12:29:28,1583,9.065775275627493
12:29:29,1583,9.065775275627493
12:29:30,1584,9.065775275627493
12:29:31,1584,9.065775275627493
12:29:32,1584,9.065775275627493
12:29:33,1585,9.065775275627493
12:29:34,1586,9.065775275627493
12:29:35,1586,9.065775275627493
12:29:36,1586,9.065775275627493
12:29:37,1586,9.065775275627493
12:29:38,1588,9.065775275627493
12:29:39,1588,9.065775275627493
12:29:40,1588,9.065775275627493
12:29:41,1588,9.065775275627493
12:29:42,1589,9.065775275627493
12:29:43,1590,9.065775275627493
12:29:44,1591,9.065775275627493
12:29:45,1591,9.066549460853258
12:29:46,1591,9.066549460853258
12:29:47,1592,9.066549460853258
12:29:48,1592,9.066549460853258
12:29:49,1592,9.066549460853258
12:29:50,1592,9.066549460853258
12:29:51,1593,9.066549460853258
12:29:52,1593,9.066549460853258
12:29:53,1593,9.066549460853258
12:29:54,1593,9.066549460853258
12:29:55,1594,9.066549460853258
12:29:56,1594,9.066549460853258
12:29:57,1594,9.066549460853258
12:29:58,1594,9.066549460853258
12:29:59,1594,9.066549460853258
12:30:00,1594,9.070903558052434
12:30:01,1594,9.070903558052434
12:30:02,1594,9.070903558052434
12:30:03,1595,9.071248246844318
12:30:04,1595,9.071248246844318
12:30:05,1595,9.07249066293184
12:30:06,1596,9.07249066293184
12:30:07,1596,9.07249066293184
12:30:08,1596,9.07249066293184
12:30:09,1596,9.07097902097902
12:30:10,1596,9.07097902097902
12:30:11,1596,9.07097902097902
12:30:12,1597,9.077211359404096
12:30:13,1597,9.077211359404096
12:30:14,1597,9.077211359404096
12:30:15,1597,9.077211359404096
12:30:16,1598,9.077211359404096
12:30:17,1599,9.078890439637124
12:30:18,1599,9.078890439637124
12:30:19,1599,9.078890439637124
12:30:20,1600,9.078890439637124
12:30:21,1601,9.078890439637124
12:30:22,1602,9.078890439637124
12:30:23,1602,9.078890439637124
12:30:24,1603,9.078890439637124
12:30:25,1603,9.078890439637124
12:30:26,1603,9.078890439637124
12:30:27,1603,9.078890439637124
12:30:28,1603,9.078890439637124
12:30:29,1603,9.078890439637124
12:30:30,1603,9.078890439637124
12:30:31,1603,9.078890439637124
12:30:32,1603,9.078890439637124
12:30:33,1603,9.078890439637124
12:30:34,1603,9.078890439637124
12:30:35,1603,9.078890439637124
12:30:36,1604,9.07862950058072
12:30:37,1604,9.07862950058072
12:30:38,1604,9.07862950058072
12:30:39,1604,9.07862950058072
12:30:40,1604,9.07862950058072
12:30:41,1605,9.07862950058072
12:30:42,1605,9.07862950058072
12:30:43,1605,9.079921077065924
12:30:44,1605,9.079921077065924
12:30:45,1605,9.079921077065924
12:30:46,1606,9.079921077065924
12:30:47,1606,9.079921077065924
12:30:48,1606,9.079921077065924
12:30:49,1606,9.08318255625145
12:30:50,1606,9.08318255625145
12:30:51,1607,9.08318255625145
12:30:52,1607,9.085974056057447
12:30:53,1607,9.085974056057447
12:30:54,1607,9.085974056057447
12:30:55,1608,9.085625
12:30:56,1608,9.085625
12:30:57,1608,9.085625
12:30:58,1608,9.086941938468657
12:30:59,1608,9.086941938468657
12:31:00,1608,9.090926953305594
12:31:01,1609,9.090926953305594
12:31:02,1609,9.090926953305594
12:31:03,1609,9.090926953305594
12:31:04,1609,9.092145992145992
12:31:05,1609,9.092145992145992
12:31:06,1610,9.092145992145992
12:31:07,1611,9.095302400738689
12:31:08,1611,9.095302400738689
12:31:09,1612,9.095302400738689
12:31:10,1612,9.095302400738689
12:31:11,1613,9.095302400738689
12:31:12,1613,9.095302400738689
12:31:13,1613,9.093337943752882
12:31:14,1613,9.093337943752882
12:31:15,1613,9.093337943752882
12:31:16,1614,9.090877677954389
12:31:17,1614,9.090877677954389
12:31:18,1614,9.090877677954389
12:31:19,1616,9.090877677954389
12:31:20,1616,9.090877677954389
12:31:21,1616,9.090877677954389
12:31:22,1617,9.090877677954389
12:31:23,1617,9.092403314917128
12:31:24,1619,9.092403314917128
12:31:25,1619,9.093259719346674
12:31:26,1620,9.093259719346674
12:31:27,1620,9.093259719346674
12:31:28,1623,9.093259719346674
12:31:29,1623,9.093259719346674
12:31:30,1624,9.093259719346674
12:31:31,1625,9.093259719346674
12:31:32,1626,9.093259719346674
12:31:33,1626,9.093259719346674
12:31:34,1626,9.093770114942528
12:31:35,1629,9.093770114942528
12:31:36,1629,9.093770114942528
12:31:37,1629,9.093770114942528
12:31:38,1630,9.093770114942528
12:31:39,1631,9.093770114942528
12:31:40,1632,9.09718584883988
12:31:41,1632,9.098909550045914
12:31:42,1633,9.098909550045914
12:31:43,1634,9.098909550045914
12:31:44,1634,9.098909550045914
12:31:45,1634,9.098909550045914
12:31:46,1635,9.098909550045914
12:31:47,1636,9.096398256480844
12:31:48,1636,9.098165978908757
12:31:49,1637,9.098165978908757
12:31:50,1637,9.098165978908757
12:31:51,1637,9.098165978908757
12:31:52,1637,9.101890034364262
12:31:53,1637,9.101890034364262
12:31:54,1638,9.101923076923077
12:31:55,1638,9.101923076923077
12:31:56,1639,9.101923076923077
12:31:57,1641,9.101761610615421
12:31:58,1641,9.104069501600367
12:31:59,1642,9.104069501600367
12:32:00,1642,9.104069501600367
12:32:01,1642,9.104069501600367
12:32:02,1642,9.104069501600367
12:32:03,1642,9.104069501600367
12:32:04,1642,9.104069501600367
12:32:05,1643,9.104069501600367
12:32:06,1643,9.104069501600367
12:32:07,1643,9.104069501600367
12:32:08,1645,9.104069501600367
12:32:09,1645,9.104069501600367
12:32:10,1646,9.104069501600367
12:32:11,1647,9.104069501600367
12:32:12,1647,9.104069501600367
12:32:13,1648,9.104069501600367
12:32:14,1648,9.104069501600367
12:32:15,1648,9.104069501600367
12:32:16,1648,9.104069501600367
12:32:17,1649,9.104069501600367
12:32:18,1649,9.103972602739727
12:32:19,1651,9.103972602739727
12:32:20,1651,9.103972602739727
12:32:21,1651,9.101437371663245
12:32:22,1651,9.101437371663245
12:32:23,1651,9.101437371663245
12:32:24,1651,9.103670770633835
12:32:25,1652,9.103670770633835
12:32:26,1652,9.103670770633835
12:32:27,1652,9.104431533378902
12:32:28,1653,9.104431533378902
12:32:29,1653,9.107331511839709
12:32:30,1653,9.107331511839709
12:32:31,1654,9.108179749715585
12:32:32,1654,9.110572987721692
12:32:33,1655,9.110572987721692
12:32:34,1655,9.111383776414451
12:32:35,1656,9.111383776414451
12:32:36,1656,9.111383776414451
12:32:37,1657,9.110165645563876
12:32:38,1658,9.110165645563876
12:32:39,1658,9.110165645563876
12:32:40,1658,9.110165645563876
12:32:41,1658,9.110165645563876
12:32:42,1659,9.108877551020408
12:32:43,1659,9.113108996147746
12:32:44,1659,9.113108996147746
12:32:45,1659,9.113108996147746
12:32:46,1659,9.113108996147746
12:32:47,1659,9.113108996147746
12:32:48,1660,9.113108996147746
12:32:49,1660,9.114639945652174
12:32:50,1660,9.114639945652174
12:32:51,1660,9.114639945652174
12:32:52,1660,9.116270649468204
12:32:53,1660,9.116270649468204
12:32:54,1660,9.116270649468204
12:32:55,1660,9.11474445952058
12:32:56,1660,9.116384180790961
12:32:57,1660,9.116384180790961
12:32:58,1660,9.116384180790961
12:32:59,1660,9.116384180790961
12:33:00,1660,9.116384180790961
12:33:01,1660,9.11502935862692
12:33:02,1660,9.11502935862692
12:33:03,1660,9.117603249830738
12:33:04,1660,9.117603249830738
12:33:05,1661,9.117603249830738
12:33:06,1661,9.117603249830738
12:33:07,1661,9.117603249830738
12:33:08,1661,9.117603249830738
12:33:09,1661,9.117603249830738
12:33:10,1661,9.117603249830738
12:33:11,1661,9.116305818673883
12:33:12,1661,9.116305818673883
12:33:13,1661,9.116305818673883
12:33:14,1662,9.11692585080009
12:33:15,1662,9.11692585080009
12:33:16,1662,9.11692585080009
12:33:17,1662,9.11692585080009
12:33:18,1662,9.119695945945946
12:33:19,1662,9.119695945945946
12:33:20,1662,9.119695945945946
12:33:21,1662,9.122593342330186
12:33:22,1662,9.122593342330186
12:33:23,1662,9.122593342330186
12:33:24,1662,9.122593342330186
12:33:25,1662,9.122593342330186
12:33:26,1662,9.122593342330186
12:33:27,1662,9.122593342330186
12:33:28,1662,9.122593342330186
12:33:29,1662,9.122593342330186
12:33:30,1662,9.122593342330186
12:33:31,1662,9.122593342330186
12:33:32,1663,9.122593342330186
12:33:33,1663,9.122593342330186
12:33:34,1663,9.122593342330186
12:33:35,1663,9.122593342330186
12:33:36,1663,9.122593342330186
12:33:37,1663,9.122593342330186
12:33:38,1664,9.124095302315128
12:33:39,1664,9.124095302315128
12:33:40,1664,9.1232367475292
12:33:41,1664,9.12628507295174
12:33:42,1664,9.12628507295174
12:33:43,1665,9.12740416946873
12:33:44,1665,9.12740416946873
12:33:45,1666,9.124910394265234
12:33:46,1666,9.128408327736736
12:33:47,1667,9.128408327736736
12:33:48,1667,9.129753914988815
12:33:49,1668,9.129753914988815
12:33:50,1668,9.128437290409122
12:33:51,1668,9.128437290409122
12:33:52,1668,9.128437290409122
12:33:53,1668,9.128437290409122
12:33:54,1668,9.128437290409122
12:33:55,1668,9.128437290409122
12:33:56,1668,9.128437290409122
12:33:57,1668,9.128437290409122
12:33:58,1668,9.128437290409122
12:33:59,1668,9.128437290409122
12:34:00,1668,9.125469168900803
12:34:01,1668,9.125469168900803
12:34:02,1668,9.125469168900803
12:34:03,1668,9.125469168900803
12:34:04,1668,9.128175932127707
12:34:05,1668,9.128175932127707
12:34:06,1668,9.128175932127707
12:34:07,1668,9.128175932127707
12:34:08,1668,9.128175932127707
12:34:09,1668,9.128175932127707
12:34:10,1668,9.12888219544846
12:34:11,1668,9.12888219544846
12:34:12,1668,9.12888219544846
12:34:13,1668,9.12888219544846
12:34:14,1668,9.12888219544846
12:34:15,1668,9.12888219544846
12:34:16,1668,9.128472686733556
12:34:17,1668,9.128472686733556
12:34:18,1668,9.128472686733556
12:34:19,1668,9.128472686733556
12:34:20,1668,9.128472686733556
12:34:21,1668,9.128472686733556
12:34:22,1668,9.128472686733556
12:34:23,1668,9.128472686733556
12:34:24,1668,9.127517825311942
12:34:25,1668,9.127517825311942
12:34:26,1668,9.127517825311942
12:34:27,1668,9.127517825311942
12:34:28,1669,9.129124916499666
12:34:29,1669,9.129124916499666
12:34:30,1669,9.129250111259458
12:34:31,1669,9.131999110518125
12:34:32,1670,9.131999110518125
12:34:33,1670,9.132222222222222
12:34:34,1670,9.132222222222222
12:34:35,1671,9.13615367532756
12:34:36,1671,9.133566355969817
12:34:37,1671,9.132889776003548
12:34:38,1672,9.132889776003548
12:34:39,1672,9.132889776003548
12:34:40,1673,9.134020390070923
12:34:41,1673,9.134020390070923
12:34:42,1674,9.134020390070923
12:34:43,1674,9.134020390070923
12:34:44,1674,9.134020390070923
12:34:45,1676,9.134020390070923
12:34:46,1676,9.134020390070923
12:34:47,1676,9.134020390070923
12:34:48,1676,9.134020390070923
12:34:49,1676,9.134020390070923
12:34:50,1676,9.134020390070923
12:34:51,1676,9.135481727574751
12:34:52,1676,9.135481727574751
12:34:53,1676,9.135481727574751
12:34:54,1676,9.135481727574751
12:34:55,1676,9.135481727574751
12:34:56,1677,9.135481727574751
12:34:57,1677,9.134141212926073
12:34:58,1677,9.134141212926073
12:34:59,1677,9.134141212926073
12:35:00,1677,9.13477106834771
12:35:01,1677,9.13477106834771
12:35:02,1677,9.13477106834771
12:35:03,1678,9.13477106834771
12:35:04,1679,9.13477106834771
12:35:05,1679,9.13477106834771
12:35:06,1679,9.13477106834771
12:35:07,1679,9.13477106834771
12:35:08,1679,9.13448275862069
12:35:09,1680,9.13448275862069
12:35:10,1680,9.13448275862069
12:35:11,1681,9.136293351005081
12:35:12,1681,9.136293351005081
12:35:13,1682,9.136293351005081
12:35:14,1682,9.136293351005081
12:35:15,1682,9.135121412803532
12:35:16,1682,9.135121412803532
12:35:17,1682,9.135121412803532
12:35:18,1682,9.138815354070152
12:35:19,1683,9.138815354070152
12:35:20,1683,9.140674603174602
12:35:21,1683,9.140674603174602
12:35:22,1683,9.140757876184182
12:35:23,1683,9.140757876184182
12:35:24,1683,9.140757876184182
12:35:25,1683,9.143509350935094
12:35:26,1683,9.143509350935094
12:35:27,1684,9.1407981530343
12:35:28,1684,9.1407981530343
12:35:29,1684,9.1407981530343
12:35:30,1684,9.1407981530343
12:35:31,1684,9.1407981530343
12:35:32,1684,9.1407981530343
12:35:33,1684,9.1407981530343
12:35:34,1685,9.1407981530343
12:35:35,1685,9.1407981530343
12:35:36,1685,9.1407981530343
12:35:37,1686,9.1407981530343
12:35:38,1686,9.1407981530343
12:35:39,1686,9.1407981530343
12:35:40,1686,9.1407981530343
12:35:41,1686,9.1407981530343
12:35:42,1686,9.1407981530343
12:35:43,1686,9.141188749725336
12:35:44,1686,9.141188749725336
12:35:45,1686,9.141188749725336
12:35:46,1686,9.141188749725336
12:35:47,1686,9.141188749725336
12:35:48,1686,9.141188749725336
12:35:49,1686,9.141188749725336
12:35:50,1686,9.141188749725336
12:35:51,1686,9.14361001317523
12:35:52,1686,9.14361001317523
12:35:53,1686,9.14361001317523
12:35:54,1686,9.14361001317523
12:35:55,1686,9.14361001317523
12:35:56,1686,9.143932411674347
12:35:57,1687,9.144100877192983
12:35:58,1687,9.144100877192983
12:35:59,1687,9.144100877192983
12:36:00,1688,9.144100877192983
12:36:01,1688,9.144100877192983
12:36:02,1688,9.144100877192983
12:36:03,1688,9.144100877192983
12:36:04,1688,9.144100877192983
12:36:05,1689,9.144100877192983
12:36:06,1690,9.144100877192983
12:36:07,1690,9.148049528818758
12:36:08,1691,9.148049528818758
12:36:09,1691,9.148049528818758
12:36:10,1692,9.148049528818758
12:36:11,1692,9.149540078843627
12:36:12,1693,9.149978113372729
12:36:13,1693,9.150601487314086
12:36:14,1694,9.150601487314086
12:36:15,1695,9.150601487314086
12:36:16,1696,9.153877238968983
12:36:17,1697,9.153877238968983
12:36:18,1698,9.154987993887797
12:36:19,1700,9.154987993887797
12:36:20,1700,9.154987993887797
12:36:21,1700,9.154987993887797
12:36:22,1701,9.154987993887797
12:36:23,1701,9.154987993887797
12:36:24,1701,9.154987993887797
12:36:25,1701,9.154987993887797
12:36:26,1701,9.154987993887797
12:36:27,1701,9.154987993887797
12:36:28,1702,9.155671902268761
12:36:29,1702,9.155243078264663
12:36:30,1702,9.155243078264663
12:36:31,1702,9.153278867102395
12:36:32,1703,9.153278867102395
12:36:33,1703,9.153278867102395
12:36:34,1704,9.152296973655561
12:36:35,1705,9.152296973655561
12:36:36,1705,9.152296973655561
12:36:37,1705,9.152872062663185
12:36:38,1705,9.152872062663185
12:36:39,1705,9.152872062663185
12:36:40,1705,9.156001304631442
12:36:41,1707,9.15707301173403
12:36:42,1707,9.15707301173403
12:36:43,1707,9.15707301173403
12:36:44,1707,9.15707301173403
12:36:45,1708,9.15707301173403
12:36:46,1708,9.15707301173403
12:36:47,1708,9.15707301173403
12:36:48,1708,9.15707301173403
12:36:49,1708,9.15707301173403
12:36:50,1708,9.15707301173403
12:36:51,1708,9.158165038002172
12:36:52,1708,9.158165038002172
12:36:53,1708,9.158165038002172
12:36:54,1708,9.158165038002172
12:36:55,1708,9.159537760416667
12:36:56,1708,9.159537760416667
12:36:57,1708,9.159537760416667
12:36:58,1708,9.159537760416667
12:36:59,1709,9.159537760416667
12:37:00,1709,9.159537760416667
12:37:01,1709,9.159537760416667
12:37:02,1710,9.159537760416667
12:37:03,1710,9.160529169377575
12:37:04,1710,9.160529169377575
12:37:05,1710,9.160529169377575
12:37:06,1710,9.15946033810143
12:37:07,1710,9.15946033810143
12:37:08,1710,9.165021645021646
12:37:09,1710,9.165021645021646
12:37:10,1710,9.165021645021646
12:37:11,1710,9.165021645021646
12:37:12,1710,9.165021645021646
12:37:13,1710,9.16650443434999
12:37:14,1710,9.16650443434999
12:37:15,1710,9.16650443434999
12:37:16,1710,9.16650443434999
12:37:17,1710,9.16650443434999
12:37:18,1711,9.16650443434999
12:37:19,1711,9.16650443434999
12:37:20,1711,9.165683095546909
12:37:21,1711,9.165683095546909
12:37:22,1711,9.165683095546909
12:37:23,1711,9.166731475480665
12:37:24,1711,9.166731475480665
12:37:25,1711,9.166731475480665
12:37:26,1711,9.167454153182309
12:37:27,1711,9.167454153182309
12:37:28,1711,9.168122035360069
12:37:29,1711,9.168122035360069
12:37:30,1711,9.168122035360069
12:37:31,1711,9.168122035360069
12:37:32,1712,9.168122035360069
12:37:33,1712,9.169327731092437
12:37:34,1712,9.169327731092437
12:37:35,1713,9.169327731092437
12:37:36,1713,9.169327731092437
12:37:37,1714,9.169327731092437
12:37:38,1714,9.169327731092437
12:37:39,1716,9.169327731092437
12:37:40,1716,9.17042420327304
12:37:41,1716,9.17042420327304
12:37:42,1717,9.172111039380246
12:37:43,1717,9.172111039380246
12:37:44,1717,9.172111039380246
12:37:45,1717,9.172111039380246
12:37:46,1717,9.172111039380246
12:37:47,1717,9.173838709677419
12:37:48,1717,9.173838709677419
12:37:49,1717,9.173838709677419
12:37:50,1717,9.175381474317645
12:37:51,1717,9.175381474317645
12:37:52,1717,9.175381474317645
12:37:53,1717,9.17581615120275
12:37:54,1717,9.17581615120275
12:37:55,1717,9.17581615120275
12:37:56,1717,9.17406095728697
12:37:57,1717,9.176758901758904
12:37:58,1717,9.176758901758904
12:37:59,1717,9.176758901758904
12:38:00,1717,9.178370846730976
12:38:01,1717,9.178370846730976
12:38:02,1717,9.178370846730976
12:38:03,1717,9.178370846730976
12:38:04,1717,9.178370846730976
12:38:05,1717,9.178370846730976
12:38:06,1718,9.178370846730976
12:38:07,1718,9.178370846730976
12:38:08,1718,9.178370846730976
12:38:09,1718,9.178370846730976
12:38:10,1718,9.176810197086548
12:38:11,1718,9.176810197086548
12:38:12,1718,9.176810197086548
12:38:13,1718,9.176810197086548
12:38:14,1718,9.176810197086548
12:38:15,1718,9.176810197086548
12:38:16,1718,9.176810197086548
12:38:17,1718,9.176161421537143
12:38:18,1718,9.176161421537143
12:38:19,1719,9.178016688061616
12:38:20,1719,9.178016688061616
12:38:21,1719,9.178016688061616
12:38:22,1719,9.179794740218089
12:38:23,1719,9.179794740218089
12:38:24,1719,9.179794740218089
12:38:25,1719,9.179794740218089
12:38:26,1719,9.179794740218089
12:38:27,1719,9.17798076923077
12:38:28,1719,9.17798076923077
12:38:29,1719,9.17798076923077
12:38:30,1719,9.178838351484092
12:38:31,1719,9.178838351484092
12:38:32,1719,9.178838351484092
12:38:33,1719,9.180441741357235
12:38:34,1719,9.179494561740244
12:38:35,1719,9.179494561740244
12:38:36,1720,9.179494561740244
12:38:37,1720,9.179494561740244
12:38:38,1720,9.179494561740244
12:38:39,1720,9.180573316283036
12:38:40,1721,9.180573316283036
12:38:41,1721,9.1824494142705
12:38:42,1721,9.1824494142705
12:38:43,1721,9.182311621966795
12:38:44,1721,9.182311621966795
12:38:45,1721,9.182311621966795
12:38:46,1721,9.180876409274623
12:38:47,1721,9.180876409274623
12:38:48,1721,9.180876409274623
12:38:49,1721,9.1879434884215
12:38:50,1721,9.1879434884215
12:38:51,1721,9.1879434884215
12:38:52,1721,9.1879434884215
12:38:53,1722,9.1879434884215
12:38:54,1723,9.1879434884215
12:38:55,1723,9.1879434884215
12:38:56,1724,9.1879434884215
12:38:57,1725,9.1879434884215
12:38:58,1726,9.1879434884215
12:38:59,1727,9.1879434884215
12:39:00,1727,9.1879434884215
12:39:01,1728,9.187388535031848
12:39:02,1728,9.187388535031848
12:39:03,1728,9.187388535031848
12:39:04,1729,9.187388535031848
12:39:05,1729,9.187388535031848
12:39:06,1730,9.187388535031848
12:39:07,1731,9.187388535031848
12:39:08,1731,9.187388535031848
12:39:09,1731,9.187388535031848
12:39:10,1732,9.189221302779545
12:39:11,1733,9.189221302779545
12:39:12,1733,9.189221302779545
12:39:13,1734,9.190182357930448
12:39:14,1735,9.192530197075651
12:39:15,1735,9.192530197075651
12:39:16,1736,9.192530197075651
12:39:17,1736,9.195383312155865
12:39:18,1736,9.195383312155865
12:39:19,1736,9.195383312155865
12:39:20,1737,9.196296296296298
12:39:21,1737,9.196296296296298
12:39:22,1738,9.196296296296298
12:39:23,1738,9.19881556683587
12:39:24,1738,9.198023673641936
12:39:25,1738,9.198023673641936
12:39:26,1738,9.198023673641936
12:39:27,1738,9.198023673641936
12:39:28,1739,9.198023673641936
12:39:29,1739,9.198023673641936
12:39:30,1739,9.198023673641936
12:39:31,1739,9.1966518800169
12:39:32,1740,9.197213426219125
12:39:33,1740,9.197213426219125
12:39:34,1740,9.198681434599157
12:39:35,1741,9.198681434599157
12:39:36,1741,9.199156651908076
12:39:37,1741,9.199156651908076
12:39:38,1741,9.197956173619891
12:39:39,1741,9.197956173619891
12:39:40,1741,9.199399873657613
12:39:41,1742,9.199399873657613
12:39:42,1742,9.199399873657613
12:39:43,1742,9.199399873657613
12:39:44,1743,9.199399873657613
12:39:45,1743,9.199399873657613
12:39:46,1743,9.196632996632996
12:39:47,1743,9.196632996632996
12:39:48,1744,9.196632996632996
12:39:49,1744,9.196632996632996
12:39:50,1744,9.196632996632996
12:39:51,1744,9.196632996632996
12:39:52,1744,9.196632996632996
12:39:53,1744,9.19900105152471
12:39:54,1744,9.19900105152471
12:39:55,1744,9.19900105152471
12:39:56,1744,9.19900105152471
12:39:57,1744,9.19900105152471
12:39:58,1744,9.19900105152471
12:39:59,1744,9.20073560319462
12:40:00,1744,9.20073560319462
12:40:01,1744,9.20073560319462
12:40:02,1745,9.20073560319462
12:40:03,1745,9.20073560319462
12:40:04,1745,9.20073560319462
12:40:05,1746,9.20073560319462
12:40:06,1746,9.198477210670028
12:40:07,1746,9.198477210670028
12:40:08,1747,9.2017107472712
12:40:09,1747,9.2017107472712
12:40:10,1747,9.20374449339207
12:40:11,1747,9.204444444444444
12:40:12,1747,9.204444444444444
12:40:13,1747,9.206191074795726
12:40:14,1747,9.206191074795726
12:40:15,1747,9.206191074795726
12:40:16,1748,9.206191074795726
12:40:17,1748,9.206191074795726
12:40:18,1748,9.206191074795726
12:40:19,1748,9.206191074795726
12:40:20,1749,9.206191074795726
12:40:21,1749,9.205974053149195
12:40:22,1750,9.205974053149195
12:40:23,1750,9.205974053149195
12:40:24,1750,9.20676495190297
12:40:25,1750,9.20676495190297
12:40:26,1751,9.20676495190297
12:40:27,1752,9.206541274817138
12:40:28,1752,9.206541274817138
12:40:29,1752,9.206541274817138
12:40:30,1754,9.206349206349207
12:40:31,1754,9.206349206349207
12:40:32,1754,9.206349206349207
12:40:33,1754,9.206349206349207
12:40:34,1754,9.208046336881655
12:40:35,1755,9.208046336881655
12:40:36,1755,9.208046336881655
12:40:37,1755,9.208046336881655
12:40:38,1755,9.208448060075094
12:40:39,1756,9.208448060075094
12:40:40,1756,9.208448060075094
12:40:41,1756,9.211580154263082
12:40:42,1759,9.211580154263082
12:40:43,1759,9.21340625
12:40:44,1759,9.21340625
12:40:45,1760,9.21340625
12:40:46,1761,9.21340625
12:40:47,1761,9.21340625
12:40:48,1762,9.21340625
12:40:49,1762,9.21340625
12:40:50,1762,9.21340625
12:40:51,1762,9.21340625
12:40:52,1762,9.21340625
12:40:53,1762,9.21340625
12:40:54,1762,9.21340625
12:40:55,1762,9.213522798251093
12:40:56,1762,9.213522798251093
12:40:57,1762,9.213522798251093
12:40:58,1763,9.21444028297961
12:40:59,1763,9.21444028297961
12:41:00,1763,9.21444028297961
12:41:01,1763,9.215918070284882
12:41:02,1764,9.215918070284882
12:41:03,1764,9.215918070284882
12:41:04,1764,9.215918070284882
12:41:05,1764,9.217851205320034
12:41:06,1765,9.217851205320034
12:41:07,1765,9.217851205320034
12:41:08,1765,9.217851205320034
12:41:09,1766,9.218172377985463
12:41:10,1766,9.218253474382909
12:41:11,1766,9.218253474382909
12:41:12,1767,9.218253474382909
12:41:13,1767,9.218253474382909
12:41:14,1768,9.218253474382909
12:41:15,1769,9.218253474382909
12:41:16,1769,9.22179407499482
12:41:17,1770,9.22179407499482
12:41:18,1770,9.22179407499482
12:41:19,1770,9.22179407499482
12:41:20,1770,9.22179407499482
12:41:21,1771,9.22179407499482
12:41:22,1771,9.22179407499482
12:41:23,1771,9.223302277432712
12:41:24,1772,9.223302277432712
12:41:25,1772,9.223302277432712
12:41:26,1772,9.223302277432712
12:41:27,1772,9.223302277432712
12:41:28,1772,9.223302277432712
12:41:29,1773,9.22243947858473
12:41:30,1773,9.21989247311828
12:41:31,1773,9.21989247311828
12:41:32,1773,9.21989247311828
12:41:33,1773,9.21989247311828
12:41:34,1773,9.221213060549701
12:41:35,1773,9.221213060549701
12:41:36,1773,9.221213060549701
12:41:37,1773,9.221213060549701
12:41:38,1773,9.221213060549701
12:41:39,1773,9.221213060549701
12:41:40,1774,9.221213060549701
12:41:41,1774,9.221213060549701
12:41:42,1774,9.221213060549701
12:41:43,1775,9.221213060549701
12:41:44,1775,9.221213060549701
12:41:45,1775,9.221213060549701
12:41:46,1775,9.221213060549701
12:41:47,1776,9.221213060549701
12:41:48,1776,9.221592317224287
12:41:49,1776,9.221592317224287
12:41:50,1776,9.221592317224287
12:41:51,1776,9.22361197110423
12:41:52,1776,9.22361197110423
12:41:53,1776,9.22361197110423
12:41:54,1776,9.22361197110423
12:41:55,1776,9.225092821782178
12:41:56,1776,9.225092821782178
12:41:57,1776,9.225092821782178
12:41:58,1776,9.226211090496804
12:41:59,1776,9.226211090496804
12:42:00,1776,9.226211090496804
12:42:01,1776,9.226751133086115
12:42:02,1776,9.228103767757876
12:42:03,1776,9.228103767757876
12:42:04,1776,9.230030864197532
12:42:05,1776,9.229786140242648
12:42:06,1776,9.229786140242648
12:42:07,1777,9.229786140242648
12:42:08,1777,9.229786140242648
12:42:09,1778,9.229786140242648
12:42:10,1779,9.229786140242648
12:42:11,1779,9.229786140242648
12:42:12,1779,9.229786140242648
12:42:13,1780,9.229786140242648
12:42:14,1780,9.229786140242648
12:42:15,1780,9.229786140242648
12:42:16,1781,9.229786140242648
12:42:17,1781,9.229786140242648
12:42:18,1782,9.229786140242648
12:42:19,1782,9.230456226880394
12:42:20,1782,9.230456226880394
12:42:21,1783,9.230456226880394
12:42:22,1784,9.230456226880394
12:42:23,1784,9.230456226880394
12:42:24,1785,9.230456226880394
12:42:25,1785,9.232686383240912
12:42:26,1786,9.232686383240912
12:42:27,1786,9.232686383240912
12:42:28,1786,9.232686383240912
12:42:29,1787,9.232686383240912
12:42:30,1787,9.232686383240912
12:42:31,1787,9.232686383240912
12:42:32,1788,9.232686383240912
12:42:33,1788,9.232686383240912
12:42:34,1788,9.236011904761906
12:42:35,1788,9.23571282051282
12:42:36,1789,9.23571282051282
12:42:37,1790,9.23280032800328
12:42:38,1790,9.23280032800328
12:42:39,1790,9.23280032800328
12:42:40,1790,9.2339991804958
12:42:41,1791,9.2339991804958
12:42:42,1791,9.2339991804958
12:42:43,1791,9.235319410319411
12:42:44,1791,9.235319410319411
12:42:45,1791,9.23864333947207
12:42:46,1792,9.23864333947207
12:42:47,1792,9.23864333947207
12:42:48,1792,9.23864333947207
12:42:49,1793,9.23864333947207
12:42:50,1793,9.23864333947207
12:42:51,1793,9.23864333947207
12:42:52,1794,9.240184049079755
12:42:53,1794,9.240184049079755
12:42:54,1795,9.240936031064786
12:42:55,1795,9.240936031064786
12:42:56,1796,9.240936031064786
12:42:57,1796,9.240093954248367
12:42:58,1797,9.240093954248367
12:42:59,1797,9.240093954248367
12:43:00,1797,9.240093954248367
12:43:01,1797,9.240093954248367
12:43:02,1797,9.240093954248367
12:43:03,1797,9.242192284139621
12:43:04,1797,9.242192284139621
12:43:05,1797,9.242192284139621
12:43:06,1797,9.242268461852307
12:43:07,1797,9.242268461852307
12:43:08,1797,9.242268461852307
12:43:09,1797,9.239561671763507
12:43:10,1797,9.239561671763507
12:43:11,1797,9.24031173594132
12:43:12,1797,9.24031173594132
12:43:13,1799,9.24031173594132
12:43:14,1799,9.24031173594132
12:43:15,1799,9.24031173594132
12:43:16,1799,9.242893504377927
12:43:17,1799,9.242893504377927
12:43:18,1799,9.242893504377927
12:43:19,1799,9.242893504377927
12:43:20,1799,9.242893504377927
12:43:21,1799,9.242893504377927
12:43:22,1799,9.242317867317867
12:43:23,1799,9.242317867317867
12:43:24,1799,9.242317867317867
12:43:25,1799,9.24405125076266
12:43:26,1799,9.243414634146342
12:43:27,1799,9.243414634146342
12:43:28,1799,9.247452293950467
12:43:29,1799,9.247452293950467
12:43:30,1800,9.24898559545547
12:43:31,1800,9.24898559545547
12:43:32,1800,9.24898559545547
12:43:33,1801,9.24898559545547
12:43:34,1801,9.250922546634225
12:43:35,1801,9.250922546634225
12:43:36,1801,9.250922546634225
12:43:37,1801,9.253363728470111
12:43:38,1801,9.253363728470111
12:43:39,1801,9.253363728470111
12:43:40,1801,9.255103280680437
12:43:41,1802,9.255103280680437
12:43:42,1802,9.255103280680437
12:43:43,1803,9.255103280680437
12:43:44,1803,9.256921675774134
12:43:45,1804,9.256921675774134
12:43:46,1804,9.256921675774134
12:43:47,1806,9.258646844660195
12:43:48,1806,9.258646844660195
12:43:49,1806,9.258646844660195
12:43:50,1807,9.258646844660195
12:43:51,1808,9.258646844660195
12:43:52,1808,9.258646844660195
12:43:53,1808,9.258646844660195
12:43:54,1809,9.258646844660195
12:43:55,1810,9.258646844660195
12:43:56,1811,9.258646844660195
12:43:57,1811,9.258646844660195
12:43:58,1811,9.258646844660195
12:43:59,1811,9.258646844660195
12:44:00,1812,9.258646844660195
12:44:01,1812,9.258646844660195
12:44:02,1812,9.258646844660195
12:44:03,1812,9.258646844660195
12:44:04,1812,9.258646844660195
12:44:05,1812,9.25997574287447
12:44:06,1812,9.262282828282828
12:44:07,1812,9.262282828282828
12:44:08,1812,9.262282828282828
12:44:09,1812,9.262282828282828
12:44:10,1812,9.262282828282828
12:44:11,1812,9.262282828282828
12:44:12,1812,9.25904502321825
12:44:13,1812,9.25904502321825
12:44:14,1812,9.25904502321825
12:44:15,1812,9.258071025020177
12:44:16,1812,9.258071025020177
12:44:17,1813,9.261322847348255
12:44:18,1813,9.262071745264006
12:44:19,1813,9.262071745264006
12:44:20,1813,9.261832829808661
12:44:21,1813,9.261832829808661
12:44:22,1813,9.261832829808661
12:44:23,1814,9.261832829808661
12:44:24,1814,9.263929146537842
12:44:25,1814,9.263929146537842
12:44:26,1815,9.263929146537842
12:44:27,1815,9.263929146537842
12:44:28,1815,9.266032991349828
12:44:29,1815,9.266032991349828
12:44:30,1815,9.266032991349828
12:44:31,1815,9.262806594290309
12:44:32,1815,9.262806594290309
12:44:33,1815,9.262806594290309
12:44:34,1815,9.262806594290309
12:44:35,1815,9.263743218806509
12:44:36,1815,9.263743218806509
12:44:37,1815,9.263743218806509
12:44:38,1815,9.263743218806509
12:44:39,1815,9.263743218806509
12:44:40,1815,9.263743218806509
12:44:41,1815,9.263743218806509
12:44:42,1815,9.263743218806509
12:44:43,1816,9.265953815261044
12:44:44,1816,9.265953815261044
12:44:45,1816,9.267389123018262
12:44:46,1816,9.267389123018262
12:44:47,1816,9.269785399117529
12:44:48,1816,9.270344758468632
12:44:49,1817,9.270344758468632
12:44:50,1817,9.269100560897437
12:44:51,1818,9.269100560897437
12:44:52,1818,9.269100560897437
12:44:53,1818,9.269100560897437
12:44:54,1818,9.269100560897437
12:44:55,1818,9.271791791791792
12:44:56,1818,9.271791791791792
12:44:57,1818,9.271791791791792
12:44:58,1818,9.271791791791792
12:44:59,1818,9.271791791791792
12:45:00,1818,9.271791791791792
12:45:01,1818,9.271791791791792
12:45:02,1818,9.271791791791792
12:45:03,1818,9.271791791791792
12:45:04,1818,9.274309723889557
12:45:05,1818,9.274309723889557
12:45:06,1818,9.27134573085383
12:45:07,1818,9.27134573085383
12:45:08,1818,9.27134573085383
12:45:09,1818,9.27134573085383
12:45:10,1818,9.27117306155076
12:45:11,1818,9.271929298981426
12:45:12,1818,9.271929298981426
12:45:13,1818,9.271929298981426
12:45:14,1818,9.271929298981426
12:45:15,1818,9.271929298981426
12:45:16,1818,9.271929298981426
12:45:17,1818,9.274241516966068
12:45:18,1818,9.274077398763215
12:45:19,1818,9.274077398763215
12:45:20,1818,9.273983253588517
12:45:21,1818,9.273983253588517
12:45:22,1818,9.273983253588517
12:45:23,1818,9.273983253588517
12:45:24,1818,9.273983253588517
12:45:25,1818,9.273983253588517
12:45:26,1818,9.273983253588517
12:45:27,1818,9.273983253588517
12:45:28,1819,9.273983253588517
12:45:29,1819,9.273510659493923
12:45:30,1819,9.273510659493923
12:45:31,1819,9.273510659493923
12:45:32,1819,9.275935882118679
12:45:33,1819,9.275935882118679
12:45:34,1819,9.275935882118679
12:45:35,1821,9.27852736318408
12:45:36,1821,9.27852736318408
12:45:37,1821,9.27852736318408
12:45:38,1821,9.27832140015911
12:45:39,1821,9.278254820115285
12:45:40,1821,9.278982916170044
12:45:41,1821,9.278982916170044
12:45:42,1821,9.278982916170044
12:45:43,1822,9.278459400436768
12:45:44,1823,9.278459400436768
12:45:45,1824,9.278459400436768
12:45:46,1824,9.278459400436768
12:45:47,1824,9.278459400436768
12:45:48,1824,9.278459400436768
12:45:49,1824,9.278459400436768
12:45:50,1824,9.278459400436768
12:45:51,1824,9.280694444444444
12:45:52,1825,9.280983541542732
12:45:53,1825,9.280983541542732
12:45:54,1825,9.280983541542732
12:45:55,1826,9.27826000792707
12:45:56,1826,9.27826000792707
12:45:57,1826,9.27826000792707
12:45:58,1827,9.27826000792707
12:45:59,1827,9.276609229550406
12:46:00,1828,9.27687054631829
12:46:01,1829,9.27687054631829
12:46:02,1829,9.27687054631829
12:46:03,1830,9.27687054631829
12:46:04,1831,9.27687054631829
12:46:05,1831,9.27687054631829
12:46:06,1831,9.27687054631829
12:46:07,1832,9.279604352126606
12:46:08,1833,9.279604352126606
12:46:09,1834,9.279604352126606
12:46:10,1834,9.279604352126606
12:46:11,1835,9.279982206405693
12:46:12,1835,9.279982206405693
12:46:13,1835,9.279982206405693
12:46:14,1837,9.279529737206085
12:46:15,1837,9.279529737206085
12:46:16,1837,9.279529737206085
12:46:17,1837,9.279529737206085
12:46:18,1837,9.278584123222748
12:46:19,1838,9.278584123222748
12:46:20,1838,9.278584123222748
12:46:21,1838,9.278584123222748
12:46:22,1838,9.278584123222748
12:46:23,1838,9.279832347140038
12:46:24,1838,9.279832347140038
12:46:25,1838,9.279832347140038
12:46:26,1839,9.282564557461068
12:46:27,1839,9.28598305752561
12:46:28,1839,9.28598305752561
12:46:29,1839,9.28598305752561
12:46:30,1840,9.28598305752561
12:46:31,1840,9.28598305752561
12:46:32,1840,9.28598305752561
12:46:33,1841,9.28598305752561
12:46:34,1841,9.28598305752561
12:46:35,1841,9.28598305752561
12:46:36,1842,9.28598305752561
12:46:37,1842,9.28598305752561
12:46:38,1842,9.28598305752561
12:46:39,1843,9.28598305752561
12:46:40,1843,9.28598305752561
12:46:41,1843,9.289643630635952
12:46:42,1844,9.289643630635952
12:46:43,1844,9.292493112947659
12:46:44,1844,9.292493112947659
12:46:45,1844,9.292493112947659
12:46:46,1844,9.292493112947659
12:46:47,1844,9.290924287118976
12:46:48,1844,9.290924287118976
12:46:49,1844,9.290924287118976
12:46:50,1844,9.290924287118976
12:46:51,1844,9.290924287118976
12:46:52,1844,9.290924287118976
12:46:53,1844,9.290924287118976
12:46:54,1844,9.290924287118976
12:46:55,1844,9.290924287118976
12:46:56,1844,9.290924287118976
12:46:57,1844,9.289809355345911
12:46:58,1844,9.289809355345911
12:46:59,1844,9.292781378903948
12:47:00,1844,9.292781378903948
12:47:01,1845,9.292781378903948
12:47:02,1845,9.292781378903948
12:47:03,1845,9.292781378903948
12:47:04,1845,9.292781378903948
12:47:05,1845,9.292781378903948
12:47:06,1845,9.292781378903948
12:47:07,1845,9.292781378903948
12:47:08,1846,9.292781378903948
12:47:09,1846,9.292781378903948
12:47:10,1846,9.292147624656458
12:47:11,1846,9.295507161075141
12:47:12,1846,9.295507161075141
12:47:13,1846,9.295507161075141
12:47:14,1846,9.292901960784315
12:47:15,1846,9.292901960784315
12:47:16,1846,9.292357436801883
12:47:17,1846,9.292357436801883
12:47:18,1846,9.294388954171563
12:47:19,1847,9.294388954171563
12:47:20,1847,9.294388954171563
12:47:21,1847,9.293785476609905
12:47:22,1847,9.293785476609905
12:47:23,1847,9.293785476609905
12:47:24,1848,9.29469874804382
12:47:25,1848,9.29469874804382
12:47:26,1849,9.29469874804382
12:47:27,1850,9.29469874804382
12:47:28,1850,9.29469874804382
12:47:29,1850,9.29469874804382
12:47:30,1851,9.29469874804382
12:47:31,1851,9.295024437927664
12:47:32,1852,9.295024437927664
12:47:33,1852,9.298602969910121
12:47:34,1852,9.297969146651045
12:47:35,1853,9.297969146651045
12:47:36,1853,9.297969146651045
12:47:37,1853,9.297969146651045
12:47:38,1854,9.297969146651045
12:47:39,1854,9.297969146651045
12:47:40,1854,9.297969146651045
12:47:41,1854,9.297969146651045
12:47:42,1854,9.297969146651045
12:47:43,1854,9.297969146651045
12:47:44,1855,9.297969146651045
12:47:45,1855,9.302166276346604
12:47:46,1855,9.302166276346604
12:47:47,1856,9.302166276346604
12:47:48,1856,9.302166276346604
12:47:49,1856,9.301267797932514
12:47:50,1856,9.305116959064327
12:47:51,1856,9.305116959064327
12:47:52,1858,9.304383401519578
12:47:53,1858,9.304383401519578
12:47:54,1858,9.304383401519578
12:47:55,1858,9.304383401519578
12:47:56,1860,9.304383401519578
12:47:57,1860,9.304383401519578
12:47:58,1860,9.304383401519578
12:47:59,1861,9.303339174454829
12:48:00,1862,9.303339174454829
12:48:01,1862,9.303339174454829
12:48:02,1862,9.303339174454829
12:48:03,1862,9.307083090095349
12:48:04,1862,9.307083090095349
12:48:05,1862,9.307083090095349
12:48:06,1862,9.307083090095349
12:48:07,1862,9.306184364060677
12:48:08,1862,9.306184364060677
12:48:09,1862,9.308561710398445
12:48:10,1862,9.306361693861694
12:48:11,1863,9.306361693861694
12:48:12,1863,9.306361693861694
12:48:13,1863,9.306361693861694
12:48:14,1863,9.306361693861694
12:48:15,1863,9.306361693861694
12:48:16,1863,9.306361693861694
12:48:17,1863,9.306361693861694
12:48:18,1863,9.306361693861694
12:48:19,1863,9.304212774218598
12:48:20,1863,9.304212774218598
12:48:21,1863,9.304212774218598
12:48:22,1863,9.304212774218598
12:48:23,1863,9.306722933643773
12:48:24,1863,9.306722933643773
12:48:25,1863,9.306722933643773
12:48:26,1863,9.30813457436494
12:48:27,1863,9.30813457436494
12:48:28,1863,9.30813457436494
12:48:29,1863,9.30813457436494
12:48:30,1863,9.30813457436494
12:48:31,1863,9.30813457436494
12:48:32,1863,9.30813457436494
12:48:33,1863,9.30813457436494
12:48:34,1863,9.312470930232559
12:48:35,1863,9.312470930232559
12:48:36,1863,9.312470930232559
12:48:37,1863,9.312470930232559
12:48:38,1864,9.311659887662213
12:48:39,1864,9.311659887662213
12:48:40,1864,9.315030971738288
12:48:41,1864,9.314016250725478
12:48:42,1865,9.31622196442382
12:48:43,1865,9.31622196442382
12:48:44,1865,9.316357487922707
12:48:45,1866,9.316357487922707
12:48:46,1867,9.316357487922707
12:48:47,1867,9.316357487922707
12:48:48,1867,9.316357487922707
12:48:49,1867,9.316357487922707
12:48:50,1868,9.316357487922707
12:48:51,1868,9.315411355735806
12:48:52,1868,9.318230071414785
12:48:53,1869,9.320206404320988
12:48:54,1869,9.320206404320988
12:48:55,1869,9.322093695777907
12:48:56,1869,9.322093695777907
12:48:57,1869,9.322093695777907
12:48:58,1871,9.322093695777907
12:48:59,1871,9.322093695777907
12:49:00,1871,9.324431599229287
12:49:01,1871,9.324431599229287
12:49:02,1873,9.324431599229287
12:49:03,1873,9.324431599229287
12:49:04,1874,9.324431599229287
12:49:05,1875,9.324431599229287
12:49:06,1875,9.324431599229287
12:49:07,1875,9.324431599229287
12:49:08,1876,9.324431599229287
12:49:09,1876,9.324431599229287
12:49:10,1877,9.324431599229287
12:49:11,1878,9.324431599229287
12:49:12,1878,9.323907182746005
12:49:13,1878,9.323907182746005
12:49:14,1879,9.323907182746005
12:49:15,1879,9.323907182746005
12:49:16,1879,9.325985766493556
12:49:17,1880,9.325173010380622
12:49:18,1881,9.324428434197888
12:49:19,1881,9.324428434197888
12:49:20,1882,9.324428434197888
12:49:21,1884,9.324428434197888
12:49:22,1884,9.324428434197888
12:49:23,1885,9.324428434197888
12:49:24,1886,9.324428434197888
12:49:25,1886,9.324428434197888
12:49:26,1886,9.324428434197888
12:49:27,1886,9.324428434197888
12:49:28,1888,9.322907066052228
12:49:29,1888,9.322907066052228
12:49:30,1889,9.322907066052228
12:49:31,1891,9.325781999616197
12:49:32,1891,9.325781999616197
12:49:33,1891,9.325781999616197
12:49:34,1893,9.325781999616197
12:49:35,1893,9.328164556962026
12:49:36,1893,9.328164556962026
12:49:37,1894,9.328886333141652
12:49:38,1894,9.328886333141652
12:49:39,1894,9.326886973180077
12:49:40,1895,9.326886973180077
12:49:41,1895,9.326886973180077
12:49:42,1895,9.32941795902738
12:49:43,1896,9.331333716035209
12:49:44,1896,9.331333716035209
12:49:45,1897,9.331333716035209
12:49:46,1897,9.33077070185504
12:49:47,1898,9.33077070185504
12:49:48,1898,9.33077070185504
12:49:49,1899,9.33077070185504
12:49:50,1900,9.33077070185504
12:49:51,1900,9.33077070185504
12:49:52,1901,9.33077070185504
12:49:53,1902,9.33077070185504
12:49:54,1902,9.33077070185504
12:49:55,1902,9.33077070185504
12:49:56,1903,9.33077070185504
12:49:57,1904,9.328574159021406
12:49:58,1904,9.328574159021406
12:49:59,1905,9.328574159021406
12:50:00,1905,9.328574159021406
12:50:01,1906,9.328574159021406
12:50:02,1906,9.327287488061128
12:50:03,1907,9.327287488061128
12:50:04,1907,9.327147766323025
12:50:05,1908,9.327147766323025
12:50:06,1908,9.327147766323025
12:50:07,1909,9.327147766323025
12:50:08,1909,9.328944857851555
12:50:09,1910,9.328944857851555
12:50:10,1910,9.329140461215932
12:50:11,1910,9.329140461215932
12:50:12,1911,9.329140461215932
12:50:13,1911,9.329140461215932
12:50:14,1911,9.329140461215932
12:50:15,1911,9.329140461215932
12:50:16,1913,9.329140461215932
12:50:17,1914,9.331085714285713
12:50:18,1914,9.331085714285713
12:50:19,1914,9.331085714285713
12:50:20,1916,9.331600989910527
12:50:21,1916,9.334455859969559
12:50:22,1916,9.334455859969559
12:50:23,1916,9.334455859969559
12:50:24,1916,9.334455859969559
12:50:25,1917,9.334455859969559
12:50:26,1917,9.334455859969559
12:50:27,1917,9.334455859969559
12:50:28,1918,9.334455859969559
12:50:29,1918,9.334455859969559
12:50:30,1918,9.334455859969559
12:50:31,1918,9.334455859969559
12:50:32,1918,9.335157734701633
12:50:33,1918,9.335157734701633
12:50:34,1918,9.335157734701633
12:50:35,1918,9.334491927825262
12:50:36,1918,9.332023538344723
12:50:37,1919,9.332023538344723
12:50:38,1919,9.332023538344723
12:50:39,1919,9.332023538344723
12:50:40,1919,9.332023538344723
12:50:41,1919,9.329520015177387
12:50:42,1919,9.329520015177387
12:50:43,1919,9.329520015177387
12:50:44,1919,9.330821008722033
12:50:45,1919,9.330821008722033
12:50:46,1919,9.330821008722033
12:50:47,1919,9.330821008722033
12:50:48,1919,9.330821008722033
12:50:49,1919,9.330821008722033
12:50:50,1920,9.330821008722033
12:50:51,1920,9.330821008722033
12:50:52,1920,9.328140989198408
12:50:53,1920,9.328140989198408
12:50:54,1920,9.328140989198408
12:50:55,1920,9.327594696969697
12:50:56,1920,9.327594696969697
12:50:57,1920,9.327594696969697
12:50:58,1921,9.327594696969697
12:50:59,1921,9.326310808252886
12:51:00,1921,9.32761066969353
12:51:01,1921,9.327273586689355
12:51:02,1921,9.327273586689355
12:51:03,1921,9.327273586689355
12:51:04,1921,9.327273586689355
12:51:05,1921,9.327273586689355
12:51:06,1921,9.328684807256234
12:51:07,1921,9.331822474032105
12:51:08,1922,9.331823329558324
12:51:09,1922,9.331823329558324
12:51:10,1922,9.331475193359744
12:51:11,1922,9.332230392156863
12:51:12,1922,9.335217637083097
12:51:13,1922,9.335217637083097
12:51:14,1922,9.335217637083097
12:51:15,1922,9.33608286252354
12:51:16,1922,9.33608286252354
12:51:17,1922,9.334020327498589
12:51:18,1922,9.334020327498589
12:51:19,1922,9.334020327498589
12:51:20,1922,9.334020327498589
12:51:21,1922,9.334020327498589
12:51:22,1922,9.334020327498589
12:51:23,1922,9.334020327498589
12:51:24,1923,9.334020327498589
12:51:25,1923,9.334020327498589
12:51:26,1923,9.334020327498589
12:51:27,1923,9.334020327498589
12:51:28,1924,9.334020327498589
12:51:29,1924,9.333220466516178
12:51:30,1924,9.333220466516178
12:51:31,1924,9.333220466516178
12:51:32,1924,9.333220466516178
12:51:33,1924,9.333220466516178
12:51:34,1924,9.334621169392742
12:51:35,1924,9.334621169392742
12:51:36,1924,9.334621169392742
12:51:37,1924,9.334621169392742
12:51:38,1924,9.334621169392742
12:51:39,1924,9.334621169392742
12:51:40,1924,9.33229988726043
12:51:41,1924,9.33229988726043
12:51:42,1924,9.33229988726043
12:51:43,1924,9.33229988726043
12:51:44,1924,9.33229988726043
12:51:45,1924,9.33229988726043
12:51:46,1924,9.33229988726043
12:51:47,1924,9.33229988726043
12:51:48,1924,9.33229988726043
12:51:49,1924,9.33229988726043
12:51:50,1924,9.330281690140845
12:51:51,1925,9.330281690140845
12:51:52,1925,9.33120427687113
12:51:53,1925,9.33120427687113
12:51:54,1925,9.33120427687113
12:51:55,1925,9.33120427687113
12:51:56,1926,9.332292838395201
12:51:57,1926,9.334373243395166
12:51:58,1926,9.334373243395166
12:51:59,1926,9.335402621722846
12:52:00,1926,9.335402621722846
12:52:01,1926,9.333857089412644
12:52:02,1926,9.337436904094224
12:52:03,1926,9.335556801195816
12:52:04,1926,9.335556801195816
12:52:05,1926,9.335556801195816
12:52:06,1926,9.335556801195816
12:52:07,1927,9.335556801195816
12:52:08,1927,9.335556801195816
12:52:09,1927,9.335556801195816
12:52:10,1927,9.335556801195816
12:52:11,1927,9.335556801195816
12:52:12,1927,9.335556801195816
12:52:13,1927,9.335556801195816
12:52:14,1927,9.336778711484593
12:52:15,1927,9.336778711484593
12:52:16,1928,9.336778711484593
12:52:17,1928,9.334247853676745
12:52:18,1928,9.334247853676745
12:52:19,1928,9.334247853676745
12:52:20,1929,9.334247853676745
12:52:21,1929,9.334247853676745
12:52:22,1929,9.334247853676745
12:52:23,1929,9.334247853676745
12:52:24,1930,9.33644842380153
12:52:25,1930,9.33644842380153
12:52:26,1930,9.33644842380153
12:52:27,1931,9.33644842380153
12:52:28,1931,9.33644842380153
12:52:29,1932,9.33644842380153
12:52:30,1932,9.33644842380153
12:52:31,1932,9.33644842380153
12:52:32,1932,9.33644842380153
12:52:33,1933,9.33644842380153
12:52:34,1933,9.33644842380153
12:52:35,1933,9.33644842380153
12:52:36,1933,9.33644842380153
12:52:37,1933,9.33483407904549
12:52:38,1933,9.33483407904549
12:52:39,1933,9.33483407904549
12:52:40,1934,9.33548537357928
12:52:41,1934,9.33548537357928
12:52:42,1934,9.336117318435754
12:52:43,1934,9.336117318435754
12:52:44,1934,9.335911036664806
12:52:45,1935,9.335911036664806
12:52:46,1935,9.335911036664806
12:52:47,1935,9.338411458333333
12:52:48,1935,9.338538761851646
12:52:49,1935,9.338538761851646
12:52:50,1936,9.334586815227484
12:52:51,1936,9.334586815227484
12:52:52,1936,9.337119524870081
12:52:53,1936,9.337119524870081
12:52:54,1936,9.337119524870081
12:52:55,1936,9.337119524870081
12:52:56,1936,9.332582499073045
12:52:57,1936,9.332582499073045
12:52:58,1937,9.332582499073045
12:52:59,1937,9.332582499073045
12:53:00,1938,9.332582499073045
12:53:01,1938,9.332582499073045
12:53:02,1938,9.332582499073045
12:53:03,1939,9.332582499073045
12:53:04,1939,9.332582499073045
12:53:05,1940,9.332582499073045
12:53:06,1940,9.332582499073045
12:53:07,1940,9.332582499073045
12:53:08,1940,9.332582499073045
12:53:09,1940,9.332582499073045
12:53:10,1940,9.332582499073045
12:53:11,1941,9.332582499073045
12:53:12,1941,9.332582499073045
12:53:13,1941,9.332582499073045
12:53:14,1942,9.32970168612192
12:53:15,1942,9.32970168612192
12:53:16,1942,9.330601851851851
12:53:17,1942,9.330601851851851
12:53:18,1942,9.330601851851851
12:53:19,1942,9.330601851851851
12:53:20,1942,9.330601851851851
12:53:21,1942,9.330601851851851
12:53:22,1943,9.33200999444753
12:53:23,1943,9.33200999444753
12:53:24,1943,9.33200999444753
12:53:25,1943,9.329365519792823
12:53:26,1943,9.329365519792823
12:53:27,1944,9.329365519792823
12:53:28,1944,9.329365519792823
12:53:29,1944,9.329365519792823
12:53:30,1944,9.329365519792823
12:53:31,1944,9.329365519792823
12:53:32,1946,9.329365519792823
12:53:33,1946,9.329365519792823
12:53:34,1946,9.331133296357923
12:53:35,1946,9.331133296357923
12:53:36,1947,9.331133296357923
12:53:37,1947,9.331133296357923
12:53:38,1947,9.334367497691598
12:53:39,1947,9.334367497691598
12:53:40,1948,9.334367497691598
12:53:41,1949,9.337218530823181
12:53:42,1949,9.337218530823181
12:53:43,1949,9.336607636967349
12:53:44,1950,9.33379424778761
12:53:45,1951,9.33379424778761
12:53:46,1951,9.332356734844296
12:53:47,1951,9.332753222836095
12:53:48,1951,9.332753222836095
12:53:49,1951,9.332753222836095
12:53:50,1951,9.333103257868581
12:53:51,1951,9.333103257868581
12:53:52,1951,9.333103257868581
12:53:53,1951,9.334896983075792
12:53:54,1951,9.333967641110497
12:53:55,1951,9.333967641110497
12:53:56,1951,9.333967641110497
12:53:57,1951,9.331413083425211
12:53:58,1951,9.331413083425211
12:53:59,1951,9.331413083425211
12:54:00,1951,9.331413083425211
12:54:01,1952,9.331413083425211
12:54:02,1952,9.328668503213956
12:54:03,1952,9.328668503213956
12:54:04,1952,9.326982378854627
12:54:05,1952,9.326982378854627
12:54:06,1952,9.326982378854627
12:54:07,1952,9.326982378854627
12:54:08,1952,9.326472206934508
12:54:09,1952,9.326472206934508
12:54:10,1952,9.326472206934508
12:54:11,1952,9.326472206934508
12:54:12,1952,9.329833241707897
12:54:13,1952,9.329833241707897
12:54:14,1952,9.329833241707897
12:54:15,1952,9.329833241707897
12:54:16,1952,9.329833241707897
12:54:17,1952,9.329833241707897
12:54:18,1952,9.329833241707897
12:54:19,1952,9.329833241707897
12:54:20,1952,9.329833241707897
12:54:21,1953,9.329833241707897
12:54:22,1953,9.329833241707897
12:54:23,1953,9.329833241707897
12:54:24,1953,9.329833241707897
12:54:25,1954,9.329833241707897
12:54:26,1954,9.329833241707897
12:54:27,1954,9.329972527472528
12:54:28,1954,9.329972527472528
12:54:29,1954,9.329972527472528
12:54:30,1954,9.329972527472528
12:54:31,1955,9.33298553908109
12:54:32,1955,9.33298553908109
12:54:33,1955,9.332162458836445
12:54:34,1955,9.332162458836445
12:54:35,1955,9.332162458836445
12:54:36,1956,9.334128725543975
12:54:37,1956,9.334128725543975
12:54:38,1956,9.334128725543975
12:54:39,1956,9.334128725543975
12:54:40,1956,9.334128725543975
12:54:41,1956,9.334128725543975
12:54:42,1956,9.335616438356166
12:54:43,1956,9.334209565534868
12:54:44,1956,9.335796387520526
12:54:45,1957,9.335796387520526
12:54:46,1957,9.335796387520526
12:54:47,1958,9.333187454412837
12:54:48,1959,9.333187454412837
12:54:49,1960,9.333187454412837
12:54:50,1960,9.336741388737014
12:54:51,1960,9.336741388737014
12:54:52,1961,9.333369743309667
12:54:53,1961,9.333369743309667
12:54:54,1962,9.332078559738134
12:54:55,1962,9.332078559738134
12:54:56,1962,9.332078559738134
12:54:57,1962,9.332078559738134
12:54:58,1963,9.332078559738134
12:54:59,1963,9.332078559738134
12:55:00,1963,9.332078559738134
12:55:01,1963,9.332078559738134
12:55:02,1963,9.334505634314796
12:55:03,1963,9.334505634314796
12:55:04,1964,9.334505634314796
12:55:05,1965,9.334505634314796
12:55:06,1965,9.334505634314796
12:55:07,1965,9.334505634314796
12:55:08,1966,9.334505634314796
12:55:09,1966,9.334505634314796
12:55:10,1966,9.334505634314796
12:55:11,1967,9.332089009990916
12:55:12,1967,9.332089009990916
12:55:13,1967,9.333197167755992
12:55:14,1967,9.333197167755992
12:55:15,1967,9.334993649065504
12:55:16,1967,9.33304316285818
12:55:17,1968,9.33304316285818
12:55:18,1968,9.332689867681712
12:55:19,1968,9.332689867681712
12:55:20,1968,9.332689867681712
12:55:21,1968,9.332689867681712
12:55:22,1969,9.332689867681712
12:55:23,1970,9.332689867681712
12:55:24,1970,9.332689867681712
12:55:25,1970,9.332689867681712
12:55:26,1971,9.332689867681712
12:55:27,1971,9.332689867681712
12:55:28,1971,9.332689867681712
12:55:29,1971,9.332689867681712
12:55:30,1971,9.332689867681712
12:55:31,1971,9.332689867681712
12:55:32,1973,9.332689867681712
12:55:33,1973,9.334501811594203
12:55:34,1973,9.334501811594203
12:55:35,1974,9.334501811594203
12:55:36,1974,9.332554770957813
12:55:37,1974,9.329913137893593
12:55:38,1974,9.329913137893593
12:55:39,1974,9.329913137893593
12:55:40,1974,9.33376740821125
12:55:41,1974,9.333116413593638
12:55:42,1974,9.333116413593638
12:55:43,1974,9.331589882565492
12:55:44,1974,9.331589882565492
12:55:45,1974,9.331589882565492
12:55:46,1975,9.331589882565492
12:55:47,1975,9.331762369086313
12:55:48,1975,9.331762369086313
12:55:49,1975,9.331762369086313
12:55:50,1975,9.333143836852553
12:55:51,1975,9.333143836852553
12:55:52,1975,9.33755182981792
12:55:53,1975,9.33755182981792
12:55:54,1975,9.33755182981792
12:55:55,1975,9.33755182981792
12:55:56,1975,9.33755182981792
12:55:57,1976,9.33755182981792
12:55:58,1976,9.33755182981792
12:55:59,1976,9.33755182981792
12:56:00,1977,9.33755182981792
12:56:01,1977,9.33755182981792
12:56:02,1977,9.33755182981792
12:56:03,1977,9.33755182981792
12:56:04,1978,9.33755182981792
12:56:05,1978,9.33755182981792
12:56:06,1978,9.33755182981792
12:56:07,1978,9.33755182981792
12:56:08,1978,9.33755182981792
12:56:09,1978,9.337171171171171
12:56:10,1978,9.337171171171171
12:56:11,1978,9.337171171171171
12:56:12,1978,9.337171171171171
12:56:13,1978,9.337171171171171
12:56:14,1978,9.337171171171171
12:56:15,1978,9.337171171171171
12:56:16,1978,9.337171171171171
12:56:17,1978,9.337171171171171
12:56:18,1978,9.337610300738339
12:56:19,1978,9.337610300738339
12:56:20,1978,9.337610300738339
12:56:21,1978,9.337140028797696
12:56:22,1978,9.337140028797696
12:56:23,1978,9.337140028797696
12:56:24,1978,9.337140028797696
12:56:25,1978,9.335689872279186
12:56:26,1978,9.336272923408846
12:56:27,1978,9.338364779874214
12:56:28,1978,9.33795797413793
12:56:29,1978,9.33795797413793
12:56:30,1978,9.33795797413793
12:56:31,1978,9.339092213850018
12:56:32,1978,9.339092213850018
12:56:33,1978,9.339092213850018
12:56:34,1978,9.338569123184508
12:56:35,1978,9.338569123184508
12:56:36,1978,9.338569123184508
12:56:37,1978,9.338569123184508
12:56:38,1978,9.338569123184508
12:56:39,1979,9.339399641577062
12:56:40,1979,9.339399641577062
12:56:41,1979,9.339399641577062
12:56:42,1979,9.339399641577062
12:56:43,1979,9.339399641577062
12:56:44,1979,9.341214400859752
12:56:45,1980,9.341214400859752
12:56:46,1980,9.341214400859752
12:56:47,1980,9.341214400859752
12:56:48,1980,9.341214400859752
12:56:49,1981,9.341214400859752
12:56:50,1981,9.338865019692088
12:56:51,1981,9.338865019692088
12:56:52,1981,9.338865019692088
12:56:53,1981,9.338865019692088
12:56:54,1982,9.338865019692088
12:56:55,1982,9.338865019692088
12:56:56,1982,9.338865019692088
12:56:57,1982,9.33792270531401
12:56:58,1983,9.33498748211731
12:56:59,1983,9.33498748211731
12:57:00,1983,9.335603217158177
12:57:01,1983,9.335603217158177
12:57:02,1983,9.335603217158177
12:57:03,1984,9.335603217158177
12:57:04,1985,9.33770989639157
12:57:05,1985,9.33770989639157
12:57:06,1985,9.33770989639157
12:57:07,1985,9.338555615068739
12:57:08,1985,9.338555615068739
12:57:09,1985,9.338555615068739
12:57:10,1985,9.338555615068739
12:57:11,1985,9.338555615068739
12:57:12,1985,9.338555615068739
12:57:13,1985,9.336125981441826
12:57:14,1985,9.336125981441826
12:57:15,1985,9.333003388621366
12:57:16,1985,9.333003388621366
12:57:17,1985,9.333003388621366
12:57:18,1986,9.333003388621366
12:57:19,1986,9.333003388621366
12:57:20,1986,9.334820951362907
12:57:21,1987,9.334820951362907
12:57:22,1987,9.334820951362907
12:57:23,1987,9.334464031339031
12:57:24,1987,9.334464031339031
12:57:25,1988,9.334464031339031
12:57:26,1989,9.33450791955864
12:57:27,1989,9.33450791955864
12:57:28,1989,9.33450791955864
12:57:29,1989,9.33450791955864
12:57:30,1989,9.335307719672715
12:57:31,1989,9.335307719672715
12:57:32,1990,9.335307719672715
12:57:33,1990,9.335307719672715
12:57:34,1990,9.335307719672715
12:57:35,1990,9.335307719672715
12:57:36,1990,9.33248888888889
12:57:37,1990,9.333688699360343
12:57:38,1991,9.333688699360343
12:57:39,1991,9.333688699360343
12:57:40,1992,9.331761676434025
12:57:41,1992,9.331761676434025
12:57:42,1992,9.331761676434025
12:57:43,1992,9.331761676434025
12:57:44,1992,9.331761676434025
12:57:45,1992,9.331761676434025
12:57:46,1992,9.331761676434025
12:57:47,1992,9.331761676434025
12:57:48,1992,9.33143516054639
12:57:49,1992,9.33143516054639
12:57:50,1992,9.33143516054639
12:57:51,1992,9.33143516054639
12:57:52,1992,9.33143516054639
12:57:53,1992,9.33143516054639
12:57:54,1992,9.33143516054639
12:57:55,1992,9.33143516054639
12:57:56,1992,9.33143516054639
12:57:57,1993,9.33143516054639
12:57:58,1993,9.33143516054639
12:57:59,1994,9.33143516054639
12:58:00,1994,9.33116134751773
12:58:01,1994,9.33116134751773
12:58:02,1994,9.33116134751773
12:58:03,1995,9.33116134751773
12:58:04,1995,9.33116134751773
12:58:05,1995,9.33116134751773
12:58:06,1995,9.33116134751773
12:58:07,1995,9.33116134751773
12:58:08,1995,9.33116134751773
12:58:09,1995,9.33116134751773
12:58:10,1996,9.333625575628764
12:58:11,1996,9.333625575628764
12:58:12,1996,9.333625575628764
12:58:13,1996,9.334244515215854
12:58:14,1996,9.334244515215854
12:58:15,1996,9.33398762157383
12:58:16,1996,9.33398762157383
12:58:17,1996,9.33398762157383
12:58:18,1997,9.33398762157383
12:58:19,1997,9.33398762157383
12:58:20,1997,9.33398762157383
12:58:21,1998,9.334835630965006
12:58:22,1998,9.334835630965006
12:58:23,1998,9.334835630965006
12:58:24,1998,9.334835630965006
12:58:25,1999,9.334835630965006
12:58:26,1999,9.334835630965006
12:58:27,1999,9.334835630965006
12:58:28,1999,9.334835630965006
12:58:29,2001,9.334835630965006
12:58:30,2001,9.33269740328564
12:58:31,2001,9.33269740328564
12:58:32,2001,9.33269740328564
12:58:33,2002,9.33269740328564
12:58:34,2002,9.33269740328564
12:58:35,2002,9.33269740328564
12:58:36,2002,9.33269740328564
12:58:37,2003,9.333562853107344
12:58:38,2003,9.33186871360508
12:58:39,2003,9.33186871360508
12:58:40,2003,9.33186871360508
12:58:41,2003,9.330776014109347
12:58:42,2004,9.330776014109347
12:58:43,2004,9.330776014109347
12:58:44,2004,9.330776014109347
12:58:45,2004,9.330776014109347
12:58:46,2005,9.330776014109347
12:58:47,2005,9.330776014109347
12:58:48,2005,9.330776014109347
12:58:49,2006,9.330776014109347
12:58:50,2006,9.330776014109347
12:58:51,2006,9.330776014109347
12:58:52,2006,9.330776014109347
12:58:53,2006,9.330776014109347
12:58:54,2006,9.330776014109347
12:58:55,2007,9.330776014109347
12:58:56,2007,9.330776014109347
12:58:57,2007,9.330794993830425
12:58:58,2007,9.33082276250881
12:58:59,2007,9.331722134178554
12:59:00,2007,9.331722134178554
12:59:01,2007,9.331722134178554
12:59:02,2007,9.331722134178554
12:59:03,2007,9.335594860964449
12:59:04,2007,9.335594860964449
12:59:05,2007,9.335594860964449
12:59:06,2007,9.335594860964449
12:59:07,2007,9.335594860964449
12:59:08,2007,9.335505716798593
12:59:09,2007,9.335505716798593
12:59:10,2007,9.335662798874825
12:59:11,2007,9.335662798874825
12:59:12,2007,9.335662798874825
12:59:13,2007,9.33631172026006
12:59:14,2007,9.33631172026006
12:59:15,2007,9.33631172026006
12:59:16,2007,9.33631172026006
12:59:17,2007,9.33631172026006
12:59:18,2007,9.33631172026006
12:59:19,2007,9.336670179135933
12:59:20,2007,9.336670179135933
12:59:21,2007,9.334149552395997
12:59:22,2007,9.334149552395997
12:59:23,2007,9.334149552395997
12:59:24,2007,9.334149552395997
12:59:25,2007,9.334149552395997
12:59:26,2007,9.334149552395997
12:59:27,2007,9.334149552395997
12:59:28,2007,9.334149552395997
12:59:29,2007,9.334149552395997
12:59:30,2007,9.334736842105263
12:59:31,2007,9.332851130983693
12:59:32,2007,9.332851130983693
12:59:33,2007,9.332851130983693
12:59:34,2007,9.332851130983693
12:59:35,2007,9.332851130983693
12:59:36,2007,9.332851130983693
12:59:37,2007,9.332851130983693
12:59:38,2008,9.332851130983693
12:59:39,2008,9.332851130983693
12:59:40,2008,9.33019628461269
12:59:41,2009,9.33019628461269
12:59:42,2009,9.33019628461269
12:59:43,2009,9.326050420168066
12:59:44,2010,9.326050420168066
12:59:45,2010,9.326050420168066
12:59:46,2010,9.326050420168066
12:59:47,2010,9.326050420168066
12:59:48,2010,9.326320391745364
12:59:49,2013,9.326320391745364
12:59:50,2013,9.324768397133369
12:59:51,2013,9.324768397133369
12:59:52,2013,9.324768397133369
12:59:53,2015,9.32804856743536
12:59:54,2015,9.32804856743536
12:59:55,2015,9.32804856743536
12:59:56,2015,9.328426750480181
12:59:57,2015,9.328426750480181
12:59:58,2015,9.328426750480181
12:59:59,2015,9.328426750480181
13:00:00,2015,9.328621291448517
13:00:01,2015,9.328621291448517
13:00:02,2015,9.328621291448517
13:00:03,2015,9.328621291448517
13:00:04,2015,9.328621291448517
13:00:05,2015,9.32985529986053
13:00:06,2015,9.32985529986053
13:00:07,2015,9.32985529986053
13:00:08,2016,9.330615089736888
13:00:09,2016,9.330615089736888
13:00:10,2016,9.330615089736888
13:00:11,2017,9.330615089736888
13:00:12,2018,9.330615089736888
13:00:13,2018,9.3281522117729
13:00:14,2019,9.3281522117729
13:00:15,2021,9.329164490861618
13:00:16,2021,9.329164490861618
13:00:17,2021,9.327174669450244
13:00:18,2022,9.327174669450244
13:00:19,2022,9.327174669450244
13:00:20,2022,9.327174669450244
13:00:21,2022,9.327174669450244
13:00:22,2022,9.327174669450244
13:00:23,2023,9.327174669450244
13:00:24,2023,9.327174669450244
13:00:25,2024,9.327174669450244
13:00:26,2025,9.324639193183794
13:00:27,2025,9.324639193183794
13:00:28,2025,9.324639193183794
13:00:29,2027,9.324639193183794
13:00:30,2027,9.324639193183794
13:00:31,2027,9.324639193183794
13:00:32,2028,9.32179353493222
13:00:33,2029,9.32179353493222
13:00:34,2029,9.319628278617335
13:00:35,2029,9.319628278617335
13:00:36,2029,9.317586805555555
13:00:37,2031,9.31808086066285
13:00:38,2031,9.31808086066285
13:00:39,2032,9.318687131460283
13:00:40,2032,9.3193534408043
13:00:41,2032,9.318728343728344
13:00:42,2033,9.318728343728344
13:00:43,2034,9.321541125541126
13:00:44,2034,9.321541125541126
13:00:45,2034,9.322473174108689
13:00:46,2035,9.322473174108689
13:00:47,2035,9.32300640027677
13:00:48,2035,9.32300640027677
13:00:49,2035,9.32300640027677
13:00:50,2036,9.32300640027677
13:00:51,2036,9.32300640027677
13:00:52,2037,9.32300640027677
13:00:53,2037,9.32300640027677
13:00:54,2037,9.32300640027677
13:00:55,2039,9.32300640027677
13:00:56,2039,9.32300640027677
13:00:57,2039,9.32300640027677
13:00:58,2039,9.32300640027677
13:00:59,2041,9.32300640027677
13:01:00,2041,9.32300640027677
13:01:01,2041,9.32300640027677
13:01:02,2042,9.32300640027677
13:01:03,2042,9.32300640027677
13:01:04,2043,9.32300640027677
13:01:05,2044,9.32300640027677
13:01:06,2044,9.319942946058092
13:01:07,2045,9.321401416969069
13:01:08,2045,9.321401416969069
13:01:09,2046,9.321401416969069
13:01:10,2046,9.321401416969069
13:01:11,2046,9.321401416969069
13:01:12,2046,9.321401416969069
13:01:13,2047,9.321401416969069
13:01:14,2047,9.321401416969069
13:01:15,2047,9.321401416969069
13:01:16,2049,9.321401416969069
13:01:17,2049,9.321401416969069
13:01:18,2049,9.321401416969069
13:01:19,2049,9.321401416969069
13:01:20,2053,9.321401416969069
13:01:21,2053,9.321401416969069
13:01:22,2053,9.321401416969069
13:01:23,2053,9.319352331606217
13:01:24,2053,9.319352331606217
13:01:25,2053,9.319352331606217
13:01:26,2053,9.319014327636804
13:01:27,2054,9.319014327636804
13:01:28,2054,9.319014327636804
13:01:29,2054,9.320462387853693
13:01:30,2054,9.320462387853693
13:01:31,2054,9.317476732161323
13:01:32,2054,9.317476732161323
13:01:33,2055,9.318191214470284
13:01:34,2056,9.320824724517907
13:01:35,2056,9.320824724517907
13:01:36,2057,9.320824724517907
13:01:37,2057,9.322147651006711
13:01:38,2057,9.322147651006711
13:01:39,2057,9.322147651006711
13:01:40,2058,9.323357413140695
13:01:41,2058,9.323357413140695
13:01:42,2058,9.320293965961836
13:01:43,2059,9.320293965961836
13:01:44,2059,9.320293965961836
13:01:45,2060,9.320293965961836
13:01:46,2060,9.320293965961836
13:01:47,2061,9.320293965961836
13:01:48,2061,9.320293965961836
13:01:49,2061,9.320293965961836
13:01:50,2061,9.320293965961836
13:01:51,2062,9.320293965961836
13:01:52,2062,9.320293965961836
13:01:53,2062,9.320293965961836
13:01:54,2063,9.320293965961836
13:01:55,2063,9.320293965961836
13:01:56,2063,9.320293965961836
13:01:57,2064,9.320293965961836
13:01:58,2064,9.318170103092784
13:01:59,2064,9.318170103092784
13:02:00,2065,9.321017851012702
13:02:01,2065,9.321017851012702
13:02:02,2065,9.321017851012702
13:02:03,2065,9.321017851012702
13:02:04,2065,9.321017851012702
13:02:05,2067,9.321017851012702
13:02:06,2067,9.321017851012702
13:02:07,2067,9.317858980957283
13:02:08,2068,9.317858980957283
13:02:09,2069,9.317858980957283
13:02:10,2069,9.317858980957283
13:02:11,2069,9.317858980957283
13:02:12,2070,9.314248971193416
13:02:13,2070,9.314248971193416
13:02:14,2070,9.314248971193416
13:02:15,2070,9.314224507283633
13:02:16,2071,9.314224507283633
13:02:17,2071,9.313506337786913
13:02:18,2071,9.313506337786913
13:02:19,2071,9.317111567419575
13:02:20,2072,9.317111567419575
13:02:21,2072,9.317111567419575
13:02:22,2072,9.31729946981358
13:02:23,2072,9.31729946981358
13:02:24,2073,9.313589743589743
13:02:25,2073,9.314932513241073
13:02:26,2073,9.314932513241073
13:02:27,2073,9.314932513241073
13:02:28,2073,9.315283469945355
13:02:29,2073,9.315283469945355
13:02:30,2073,9.315283469945355
13:02:31,2073,9.315283469945355
13:02:32,2073,9.315283469945355
13:02:33,2073,9.31679467485919
13:02:34,2073,9.31679467485919
13:02:35,2074,9.31679467485919
13:02:36,2074,9.316112248379392
13:02:37,2074,9.316112248379392
13:02:38,2075,9.315806066802999
13:02:39,2075,9.315806066802999
13:02:40,2075,9.315806066802999
13:02:41,2075,9.315806066802999
13:02:42,2075,9.315806066802999
13:02:43,2075,9.315806066802999
13:02:44,2075,9.315806066802999
13:02:45,2077,9.315806066802999
13:02:46,2077,9.315806066802999
13:02:47,2077,9.315806066802999
13:02:48,2077,9.315806066802999
13:02:49,2077,9.315866121614716
13:02:50,2078,9.315866121614716
13:02:51,2078,9.315866121614716
13:02:52,2078,9.316479400749063
13:02:53,2079,9.316479400749063
13:02:54,2080,9.316479400749063
13:02:55,2080,9.316479400749063
13:02:56,2081,9.316479400749063
13:02:57,2081,9.316479400749063
13:02:58,2081,9.31858090862685
13:02:59,2081,9.31858090862685
13:03:00,2081,9.31858090862685
13:03:01,2081,9.31858090862685
13:03:02,2083,9.31687074829932
13:03:03,2083,9.31687074829932
13:03:04,2083,9.31687074829932
13:03:05,2085,9.31687074829932
13:03:06,2086,9.31687074829932
13:03:07,2086,9.313581506034335
13:03:08,2086,9.313581506034335
13:03:09,2087,9.313581506034335
13:03:10,2088,9.31019367991845
13:03:11,2088,9.31019367991845
13:03:12,2088,9.31019367991845
13:03:13,2088,9.31019367991845
13:03:14,2088,9.310629988113432
13:03:15,2088,9.310629988113432
13:03:16,2089,9.310629988113432
13:03:17,2089,9.312635777325188
13:03:18,2089,9.312635777325188
13:03:19,2090,9.31208651399491
13:03:20,2090,9.31208651399491
13:03:21,2090,9.31208651399491
13:03:22,2091,9.313063750423874
13:03:23,2091,9.313063750423874
13:03:24,2091,9.313091001525164
13:03:25,2091,9.312356029810298
13:03:26,2091,9.312356029810298
13:03:27,2092,9.312356029810298
13:03:28,2092,9.312356029810298
13:03:29,2092,9.312356029810298
13:03:30,2092,9.312356029810298
13:03:31,2092,9.312356029810298
13:03:32,2093,9.312356029810298
13:03:33,2093,9.309200948027764
13:03:34,2093,9.309200948027764
13:03:35,2093,9.309200948027764
13:03:36,2093,9.311311336717429
13:03:37,2093,9.311311336717429
13:03:38,2094,9.311311336717429
13:03:39,2094,9.311311336717429
13:03:40,2094,9.311311336717429
13:03:41,2094,9.31103500761035
13:03:42,2094,9.31078431372549
13:03:43,2094,9.31078431372549
13:03:44,2094,9.31077884777834
13:03:45,2094,9.311195542046606
13:03:46,2094,9.311195542046606
13:03:47,2094,9.311195542046606
13:03:48,2095,9.311195542046606
13:03:49,2095,9.311195542046606
13:03:50,2095,9.311195542046606
13:03:51,2096,9.311195542046606
13:03:52,2096,9.311063291139241
13:03:53,2097,9.311063291139241
13:03:54,2097,9.311063291139241
13:03:55,2097,9.311063291139241
13:03:56,2097,9.311063291139241
13:03:57,2097,9.311063291139241
13:03:58,2097,9.311063291139241
13:03:59,2098,9.311063291139241
13:04:00,2098,9.306929691451694
13:04:01,2098,9.306929691451694
13:04:02,2098,9.306929691451694
13:04:03,2098,9.304356252106505
13:04:04,2098,9.302501263264276
13:04:05,2098,9.302501263264276
13:04:06,2098,9.299368686868688
13:04:07,2098,9.299368686868688
13:04:08,2099,9.301758371193
13:04:09,2099,9.301758371193
13:04:10,2099,9.302421796165488
13:04:11,2099,9.302421796165488
13:04:12,2099,9.302421796165488
13:04:13,2099,9.302421796165488
13:04:14,2100,9.302421796165488
13:04:15,2100,9.302421796165488
13:04:16,2100,9.302421796165488
13:04:17,2100,9.302421796165488
13:04:18,2100,9.30419398218188
13:04:19,2100,9.30419398218188
13:04:20,2100,9.30419398218188
13:04:21,2100,9.30419398218188
13:04:22,2100,9.30419398218188
13:04:23,2100,9.30106686827957
13:04:24,2100,9.30106686827957
13:04:25,2100,9.30106686827957
13:04:26,2101,9.300587741393787
13:04:27,2101,9.300587741393787
13:04:28,2101,9.297559134373426
13:04:29,2102,9.297559134373426
13:04:30,2102,9.297559134373426
13:04:31,2102,9.297392689470154
13:04:32,2103,9.297392689470154
13:04:33,2103,9.29760348583878
13:04:34,2103,9.29760348583878
13:04:35,2104,9.29760348583878
13:04:36,2104,9.29760348583878
13:04:37,2104,9.29760348583878
13:04:38,2105,9.29760348583878
13:04:39,2105,9.29760348583878
13:04:40,2105,9.295201005025126
13:04:41,2105,9.295201005025126
13:04:42,2106,9.295201005025126
13:04:43,2106,9.296777163904236
13:04:44,2106,9.297648929049531
13:04:45,2107,9.297648929049531
13:04:46,2107,9.297648929049531
13:04:47,2107,9.297648929049531
13:04:48,2107,9.297648929049531
13:04:49,2108,9.293890003343364
13:04:50,2108,9.293890003343364
13:04:51,2108,9.29312447786132
13:04:52,2109,9.29312447786132
13:04:53,2109,9.29312447786132
13:04:54,2109,9.29312447786132
13:04:55,2109,9.29312447786132
13:04:56,2110,9.29312447786132
13:04:57,2111,9.29312447786132
13:04:58,2111,9.290372411489646
13:04:59,2111,9.290372411489646
13:05:00,2112,9.290372411489646
13:05:01,2112,9.28898347521282
13:05:02,2112,9.28898347521282
13:05:03,2112,9.28898347521282
13:05:04,2112,9.28898347521282
13:05:05,2112,9.28898347521282
13:05:06,2112,9.28898347521282
13:05:07,2112,9.28898347521282
13:05:08,2112,9.290398732065398
13:05:09,2112,9.290398732065398
13:05:10,2112,9.290398732065398
13:05:11,2112,9.290398732065398
13:05:12,2112,9.290398732065398
13:05:13,2112,9.290398732065398
13:05:14,2112,9.290398732065398
13:05:15,2112,9.290398732065398
13:05:16,2112,9.290398732065398
13:05:17,2112,9.291770885442721
13:05:18,2112,9.291770885442721
13:05:19,2112,9.291291666666666
13:05:20,2112,9.291291666666666
13:05:21,2112,9.291291666666666
13:05:22,2112,9.291291666666666
13:05:23,2113,9.290088289188738
13:05:24,2113,9.290088289188738
13:05:25,2113,9.288203463203464
13:05:26,2113,9.288550507571976
13:05:27,2114,9.287649700598802
13:05:28,2114,9.287649700598802
13:05:29,2114,9.285020781379883
13:05:30,2114,9.282519109338649
13:05:31,2114,9.282519109338649
13:05:32,2114,9.279870453413054
13:05:33,2114,9.279870453413054
13:05:34,2114,9.279870453413054
13:05:35,2114,9.279870453413054
13:05:36,2114,9.27699203187251
13:05:37,2114,9.277891156462584
13:05:38,2116,9.277891156462584
13:05:39,2116,9.277891156462584
13:05:40,2116,9.277891156462584
13:05:41,2117,9.277891156462584
13:05:42,2117,9.277891156462584
13:05:43,2118,9.277891156462584
13:05:44,2118,9.275995024875622
13:05:45,2119,9.275995024875622
13:05:46,2119,9.275995024875622
13:05:47,2119,9.275995024875622
13:05:48,2119,9.275995024875622
13:05:49,2119,9.275995024875622
13:05:50,2119,9.274995856124649
13:05:51,2119,9.274995856124649
13:05:52,2119,9.275712392312789
13:05:53,2119,9.275712392312789
13:05:54,2119,9.275712392312789
13:05:55,2119,9.275712392312789
13:05:56,2119,9.275712392312789
13:05:57,2119,9.275712392312789
13:05:58,2119,9.275712392312789
13:05:59,2119,9.273273720814704
13:06:00,2119,9.273273720814704
13:06:01,2119,9.273273720814704
13:06:02,2121,9.273273720814704
13:06:03,2121,9.273273720814704
13:06:04,2122,9.273273720814704
13:06:05,2122,9.273273720814704
13:06:06,2123,9.273273720814704
13:06:07,2124,9.273273720814704
13:06:08,2124,9.273273720814704
13:06:09,2124,9.273273720814704
13:06:10,2125,9.273273720814704
13:06:11,2125,9.273013902681232
13:06:12,2125,9.273013902681232
13:06:13,2125,9.273013902681232
13:06:14,2125,9.273013902681232
13:06:15,2125,9.27216435185185
13:06:16,2126,9.27216435185185
13:06:17,2126,9.269583539910759
13:06:18,2126,9.269583539910759
13:06:19,2126,9.269583539910759
13:06:20,2126,9.269583539910759
13:06:21,2126,9.269583539910759
13:06:22,2126,9.269583539910759
13:06:23,2126,9.269317806408987
13:06:24,2126,9.269317806408987
13:06:25,2127,9.269317806408987
13:06:26,2127,9.269317806408987
13:06:27,2127,9.269317806408987
13:06:28,2127,9.268053491827636
13:06:29,2127,9.268053491827636
13:06:30,2127,9.268053491827636
13:06:31,2127,9.26911716171617
13:06:32,2128,9.26911716171617
13:06:33,2128,9.263369601055063
13:06:34,2128,9.263369601055063
13:06:35,2128,9.263369601055063
13:06:36,2128,9.263369601055063
13:06:37,2128,9.263369601055063
13:06:38,2129,9.263369601055063
13:06:39,2129,9.26180589883012
13:06:40,2129,9.26180589883012
13:06:41,2130,9.258967391304347
13:06:42,2130,9.258967391304347
13:06:43,2130,9.258967391304347
13:06:44,2130,9.258967391304347
13:06:45,2131,9.258967391304347
13:06:46,2131,9.258967391304347
13:06:47,2131,9.258967391304347
13:06:48,2132,9.258967391304347
13:06:49,2132,9.257432098765433
13:06:50,2132,9.257432098765433
13:06:51,2132,9.257432098765433
13:06:52,2133,9.256334320500166
13:06:53,2133,9.25416872224963
13:06:54,2133,9.25416872224963
13:06:55,2133,9.25416872224963
13:06:56,2134,9.25416872224963
13:06:57,2134,9.25416872224963
13:06:58,2134,9.251331360946747
13:06:59,2134,9.251331360946747
13:07:00,2134,9.251174634466897
13:07:01,2134,9.251174634466897
13:07:02,2135,9.251174634466897
13:07:03,2135,9.252167487684728
13:07:04,2135,9.252167487684728
13:07:05,2135,9.252167487684728
13:07:06,2136,9.25240439849007
13:07:07,2136,9.25240439849007
13:07:08,2136,9.25240439849007
13:07:09,2137,9.25240439849007
13:07:10,2137,9.25240439849007
13:07:11,2137,9.25240439849007
13:07:12,2137,9.251476377952757
13:07:13,2138,9.251476377952757
13:07:14,2138,9.250204951631416
13:07:15,2138,9.250204951631416
13:07:16,2138,9.250204951631416
13:07:17,2139,9.250204951631416
13:07:18,2139,9.248934775483447
13:07:19,2139,9.248934775483447
13:07:20,2139,9.248934775483447
13:07:21,2139,9.248934775483447
13:07:22,2139,9.248934775483447
13:07:23,2139,9.248934775483447
13:07:24,2139,9.246601146601146
13:07:25,2139,9.246601146601146
13:07:26,2139,9.246601146601146
13:07:27,2140,9.246601146601146
13:07:28,2140,9.246601146601146
13:07:29,2140,9.246601146601146
13:07:30,2140,9.246601146601146
13:07:31,2141,9.246601146601146
13:07:32,2141,9.246601146601146
13:07:33,2142,9.245383104125738
13:07:34,2144,9.242128947799051
13:07:35,2144,9.242128947799051
13:07:36,2145,9.242128947799051
13:07:37,2146,9.242128947799051
13:07:38,2146,9.240979718678442
13:07:39,2146,9.240979718678442
13:07:40,2146,9.24010953081576
13:07:41,2146,9.24010953081576
13:07:42,2146,9.24010953081576
13:07:43,2146,9.238006535947711
13:07:44,2146,9.238006535947711
13:07:45,2147,9.238006535947711
13:07:46,2147,9.23532582067614
13:07:47,2147,9.23532582067614
13:07:48,2147,9.23532582067614
13:07:49,2147,9.23530035912504
13:07:50,2147,9.23530035912504
13:07:51,2147,9.23530035912504
13:07:52,2147,9.23530035912504
13:07:53,2147,9.233773861967695
13:07:54,2147,9.233773861967695
13:07:55,2147,9.233773861967695
13:07:56,2147,9.233504482477588
13:07:57,2147,9.233504482477588
13:07:58,2147,9.233862821766047
13:07:59,2147,9.233862821766047
13:08:00,2147,9.233862821766047
13:08:01,2147,9.233862821766047
13:08:02,2147,9.233170493404982
13:08:03,2147,9.233170493404982
13:08:04,2147,9.233170493404982
13:08:05,2147,9.233170493404982
13:08:06,2147,9.233170493404982
13:08:07,2147,9.233170493404982
13:08:08,2147,9.232177734375
13:08:09,2147,9.22868065723117
13:08:10,2147,9.22868065723117
13:08:11,2147,9.22868065723117
13:08:12,2147,9.22868065723117
13:08:13,2147,9.227699186991869
13:08:14,2147,9.227699186991869
13:08:15,2147,9.22544287339509
13:08:16,2147,9.224561403508773
13:08:17,2147,9.224561403508773
13:08:18,2147,9.224561403508773
13:08:19,2147,9.224561403508773
13:08:20,2147,9.224561403508773
13:08:21,2147,9.224561403508773
13:08:22,2147,9.224561403508773
13:08:23,2147,9.224561403508773
13:08:24,2147,9.224561403508773
13:08:25,2147,9.224561403508773
13:08:26,2147,9.224561403508773
13:08:27,2147,9.224561403508773
13:08:28,2147,9.224561403508773
13:08:29,2147,9.224561403508773
13:08:30,2147,9.224561403508773
13:08:31,2147,9.224561403508773
13:08:32,2147,9.224561403508773
13:08:33,2147,9.222844617632733
13:08:34,2147,9.222844617632733
13:08:35,2147,9.222844617632733
13:08:36,2147,9.222844617632733
13:08:37,2147,9.222844617632733
13:08:38,2147,9.222844617632733
13:08:39,2147,9.222844617632733
13:08:40,2147,9.222844617632733
13:08:41,2147,9.221535215839014
13:08:42,2147,9.220624493106245
13:08:43,2147,9.220624493106245
13:08:44,2147,9.220624493106245
13:08:45,2147,9.220624493106245
13:08:46,2147,9.220624493106245
13:08:47,2147,9.2210359922179
13:08:48,2147,9.2210359922179
13:08:49,2147,9.2210359922179
13:08:50,2147,9.2210359922179
13:08:51,2147,9.221447091233188
13:08:52,2147,9.22106413994169
13:08:53,2147,9.22106413994169
13:08:54,2147,9.22106413994169
13:08:55,2148,9.22106413994169
13:08:56,2148,9.22106413994169
13:08:57,2148,9.221725756839891
13:08:58,2148,9.221725756839891
13:08:59,2149,9.221725756839891
13:09:00,2149,9.22027508090615
13:09:01,2149,9.219521267992883
13:09:02,2149,9.219521267992883
13:09:03,2149,9.219521267992883
13:09:04,2149,9.218606530876173
13:09:05,2149,9.218606530876173
13:09:06,2149,9.218120859589595
13:09:07,2149,9.218120859589595
13:09:08,2149,9.218120859589595
13:09:09,2149,9.218120859589595
13:09:10,2149,9.218120859589595
13:09:11,2149,9.218120859589595
13:09:12,2149,9.218120859589595
13:09:13,2149,9.218120859589595
13:09:14,2149,9.218120859589595
13:09:15,2149,9.215907622739019
13:09:16,2149,9.215907622739019
13:09:17,2149,9.215907622739019
13:09:18,2149,9.215907622739019
13:09:19,2149,9.215907622739019
13:09:20,2149,9.215907622739019
13:09:21,2149,9.215907622739019
13:09:22,2149,9.215907622739019
13:09:23,2149,9.213512423362374
13:09:24,2149,9.213512423362374
13:09:25,2149,9.213512423362374
13:09:26,2149,9.213512423362374
13:09:27,2149,9.213512423362374
13:09:28,2149,9.213512423362374
13:09:29,2150,9.213512423362374
13:09:30,2150,9.213512423362374
13:09:31,2150,9.213512423362374
13:09:32,2150,9.213512423362374
13:09:33,2152,9.213512423362374
13:09:34,2152,9.213512423362374
13:09:35,2152,9.212215771649735
13:09:36,2152,9.212215771649735
13:09:37,2154,9.2125805931657
13:09:38,2154,9.2125805931657
13:09:39,2154,9.2125805931657
13:09:40,2154,9.2125805931657
13:09:41,2154,9.212679233123891
13:09:42,2155,9.212679233123891
13:09:43,2156,9.212679233123891
13:09:44,2156,9.212689210950082
13:09:45,2156,9.212689210950082
13:09:46,2156,9.212689210950082
13:09:47,2156,9.212689210950082
13:09:48,2156,9.212689210950082
13:09:49,2156,9.21058264928376
13:09:50,2156,9.21058264928376
13:09:51,2156,9.21058264928376
13:09:52,2156,9.209620334620334
13:09:53,2156,9.209620334620334
13:09:54,2156,9.209620334620334
13:09:55,2156,9.209620334620334
13:09:56,2156,9.209620334620334
13:09:57,2157,9.206303264190383
13:09:58,2157,9.206303264190383
13:09:59,2157,9.205271616843458
13:10:00,2157,9.205271616843458
13:10:01,2157,9.205807228915662
13:10:02,2157,9.205807228915662
13:10:03,2157,9.205807228915662
13:10:04,2157,9.205807228915662
13:10:05,2157,9.204736673089275
13:10:06,2157,9.204736673089275
13:10:07,2157,9.204736673089275
13:10:08,2158,9.204736673089275
13:10:09,2158,9.204736673089275
13:10:10,2158,9.203490611458836
13:10:11,2158,9.203490611458836
13:10:12,2158,9.203490611458836
13:10:13,2158,9.203490611458836
13:10:14,2158,9.203490611458836
13:10:15,2158,9.203490611458836
13:10:16,2159,9.203490611458836
13:10:17,2159,9.203490611458836
13:10:18,2159,9.203490611458836
13:10:19,2159,9.203490611458836
13:10:20,2160,9.203490611458836
13:10:21,2160,9.203490611458836
13:10:22,2161,9.203490611458836
13:10:23,2162,9.203490611458836
13:10:24,2163,9.203490611458836
13:10:25,2163,9.203490611458836
13:10:26,2163,9.203490611458836
13:10:27,2163,9.202213666987488
13:10:28,2163,9.202213666987488
13:10:29,2163,9.202213666987488
13:10:30,2163,9.202213666987488
13:10:31,2163,9.202213666987488
13:10:32,2163,9.202213666987488
13:10:33,2163,9.202213666987488
13:10:34,2163,9.202421035754368
13:10:35,2163,9.202740384615385
13:10:36,2163,9.202740384615385
13:10:37,2163,9.202740384615385
13:10:38,2163,9.202740384615385
13:10:39,2163,9.202740384615385
13:10:40,2163,9.202740384615385
13:10:41,2163,9.202740384615385
13:10:42,2163,9.202740384615385
13:10:43,2163,9.202740384615385
13:10:44,2163,9.202740384615385
13:10:45,2163,9.202723049815795
13:10:46,2163,9.202723049815795
13:10:47,2163,9.201881203970542
13:10:48,2163,9.201881203970542
13:10:49,2164,9.201881203970542
13:10:50,2164,9.201881203970542
13:10:51,2164,9.201881203970542
13:10:52,2164,9.20213634181469
13:10:53,2164,9.20213634181469
13:10:54,2165,9.20091170825336
13:10:55,2165,9.20091170825336
13:10:56,2165,9.20091170825336
13:10:57,2165,9.200263788968824
13:10:58,2166,9.200263788968824
13:10:59,2166,9.19835410674337
13:11:00,2166,9.19835410674337
13:11:01,2166,9.19835410674337
13:11:02,2166,9.19835410674337
13:11:03,2166,9.19835410674337
13:11:04,2166,9.19835410674337
13:11:05,2166,9.19835410674337
13:11:06,2166,9.19835410674337
13:11:07,2166,9.19835410674337
13:11:08,2166,9.19835410674337
13:11:09,2166,9.198642389394665
13:11:10,2166,9.195865261813537
13:11:11,2166,9.195865261813537
13:11:12,2167,9.196178394766235
13:11:13,2167,9.196178394766235
13:11:14,2167,9.194976076555024
13:11:15,2167,9.194976076555024
13:11:16,2167,9.194976076555024
13:11:17,2167,9.194976076555024
13:11:18,2167,9.193647377650247
13:11:19,2167,9.193647377650247
13:11:20,2167,9.193647377650247
13:11:21,2167,9.192829827915869
13:11:22,2167,9.192829827915869
13:11:23,2167,9.192829827915869
13:11:24,2168,9.192829827915869
13:11:25,2168,9.192829827915869
13:11:26,2168,9.193374741200829
13:11:27,2168,9.193374741200829
13:11:28,2169,9.193374741200829
13:11:29,2169,9.190846864056033
13:11:30,2169,9.190846864056033
13:11:31,2169,9.190846864056033
13:11:32,2169,9.190846864056033
13:11:33,2169,9.189233460559796
13:11:34,2169,9.189233460559796
13:11:35,2169,9.189233460559796
13:11:36,2169,9.189445239230647
13:11:37,2170,9.189445239230647
13:11:38,2170,9.186050206545918
13:11:39,2170,9.186050206545918
13:11:40,2170,9.186050206545918
13:11:41,2170,9.186050206545918
13:11:42,2170,9.186050206545918
13:11:43,2170,9.186644433857392
13:11:44,2170,9.186644433857392
13:11:45,2170,9.186644433857392
13:11:46,2171,9.184650793650794
13:11:47,2171,9.184650793650794
13:11:48,2171,9.184650793650794
13:11:49,2171,9.184650793650794
13:11:50,2171,9.184650793650794
13:11:51,2171,9.184650793650794
13:11:52,2171,9.184650793650794
13:11:53,2171,9.184650793650794
13:11:54,2171,9.184650793650794
13:11:55,2171,9.184650793650794
13:11:56,2171,9.183357131524671
13:11:57,2171,9.183357131524671
13:11:58,2171,9.183357131524671
13:11:59,2171,9.183801141769743
13:12:00,2171,9.183801141769743
13:12:01,2171,9.184149627516247
13:12:02,2171,9.184149627516247
13:12:03,2171,9.184149627516247
13:12:04,2171,9.180901457541191
13:12:05,2171,9.180901457541191
13:12:06,2171,9.180901457541191
13:12:07,2171,9.180901457541191
13:12:08,2171,9.180901457541191
13:12:09,2171,9.180901457541191
13:12:10,2171,9.179612034837687
13:12:11,2171,9.179612034837687
13:12:12,2172,9.179612034837687
13:12:13,2172,9.179612034837687
13:12:14,2172,9.179612034837687
13:12:15,2173,9.180159860715415
13:12:16,2173,9.180159860715415
13:12:17,2173,9.178041449137794
13:12:18,2173,9.178041449137794
13:12:19,2174,9.178041449137794
13:12:20,2174,9.176304554079698
13:12:21,2175,9.176304554079698
13:12:22,2176,9.172941362415047
13:12:23,2176,9.171595576619273
13:12:24,2176,9.171595576619273
13:12:25,2176,9.170266856150324
13:12:26,2176,9.170266856150324
13:12:27,2177,9.166895517676767
13:12:28,2178,9.165309985802176
13:12:29,2178,9.165309985802176
13:12:30,2178,9.165807316304006
13:12:31,2178,9.165807316304006
13:12:32,2178,9.166548463356975
13:12:33,2178,9.166548463356975
13:12:34,2178,9.166548463356975
13:12:35,2178,9.166548463356975
13:12:36,2178,9.166548463356975
13:12:37,2178,9.166548463356975
13:12:38,2178,9.166548463356975
13:12:39,2178,9.166548463356975
13:12:40,2178,9.166548463356975
13:12:41,2178,9.166548463356975
13:12:42,2178,9.166548463356975
13:12:43,2178,9.166548463356975
13:12:44,2178,9.166548463356975
13:12:45,2178,9.166548463356975
13:12:46,2178,9.166548463356975
13:12:47,2178,9.166548463356975
13:12:48,2178,9.166548463356975
13:12:49,2179,9.167162885948331
13:12:50,2179,9.167162885948331
13:12:51,2179,9.167760982522436
13:12:52,2179,9.167760982522436
13:12:53,2179,9.167760982522436
13:12:54,2179,9.167760982522436
13:12:55,2179,9.167760982522436
13:12:56,2179,9.167760982522436
13:12:57,2179,9.166509285489456
13:12:58,2179,9.166509285489456
13:12:59,2179,9.166509285489456
13:13:00,2179,9.166509285489456
13:13:01,2180,9.166509285489456
13:13:02,2180,9.166509285489456
13:13:03,2180,9.166509285489456
13:13:04,2180,9.166509285489456
13:13:05,2180,9.166509285489456
13:13:06,2180,9.166509285489456
13:13:07,2181,9.166509285489456
13:13:08,2181,9.166509285489456
13:13:09,2181,9.166509285489456
13:13:10,2182,9.166509285489456
13:13:11,2183,9.166509285489456
13:13:12,2184,9.16483404121441
13:13:13,2185,9.16483404121441
13:13:14,2185,9.16483404121441
13:13:15,2185,9.16483404121441
13:13:16,2186,9.16483404121441
13:13:17,2187,9.16483404121441
13:13:18,2187,9.165283018867923
13:13:19,2187,9.165283018867923
13:13:20,2187,9.165283018867923
13:13:21,2187,9.164010686782964
13:13:22,2189,9.164765944077914
13:13:23,2189,9.164765944077914
13:13:24,2189,9.164765944077914
13:13:25,2190,9.164765944077914
13:13:26,2190,9.164765944077914
13:13:27,2192,9.164765944077914
13:13:28,2193,9.164765944077914
13:13:29,2193,9.164765944077914
13:13:30,2194,9.164765944077914
13:13:31,2195,9.161940650023551
13:13:32,2195,9.161940650023551
13:13:33,2195,9.161940650023551
13:13:34,2195,9.15860797237916
13:13:35,2198,9.15860797237916
13:13:36,2198,9.15860797237916
13:13:37,2198,9.15860797237916
13:13:38,2199,9.15860797237916
13:13:39,2200,9.15860797237916
13:13:40,2200,9.159341176470587
13:13:41,2200,9.159341176470587
13:13:42,2200,9.159341176470587
13:13:43,2201,9.159341176470587
13:13:44,2202,9.159341176470587
13:13:45,2202,9.159341176470587
13:13:46,2202,9.158427406710567
13:13:47,2203,9.158427406710567
13:13:48,2203,9.158427406710567
13:13:49,2204,9.158427406710567
13:13:50,2204,9.158427406710567
13:13:51,2204,9.158427406710567
13:13:52,2205,9.158427406710567
13:13:53,2205,9.159214856605548
13:13:54,2206,9.159214856605548
13:13:55,2206,9.159214856605548
13:13:56,2206,9.159214856605548
13:13:57,2206,9.159214856605548
13:13:58,2207,9.159214856605548
13:13:59,2207,9.159214856605548
13:14:00,2208,9.159214856605548
13:14:01,2209,9.159214856605548
13:14:02,2209,9.159214856605548
13:14:03,2209,9.159214856605548
13:14:04,2209,9.159214856605548
13:14:05,2210,9.159214856605548
13:14:06,2210,9.159214856605548
13:14:07,2210,9.159214856605548
13:14:08,2210,9.159214856605548
13:14:09,2211,9.159766604010025
13:14:10,2211,9.159766604010025
13:14:11,2211,9.159766604010025
13:14:12,2211,9.159766604010025
13:14:13,2211,9.160599655550335
13:14:14,2211,9.160599655550335
13:14:15,2211,9.160599655550335
13:14:16,2212,9.158536776212832
13:14:17,2212,9.158536776212832
13:14:18,2212,9.158536776212832
13:14:19,2212,9.158536776212832
13:14:20,2212,9.155607695917409
13:14:21,2212,9.154510631644778
13:14:22,2212,9.154510631644778
13:14:23,2212,9.154510631644778
13:14:24,2213,9.154510631644778
13:14:25,2213,9.154510631644778
13:14:26,2213,9.154510631644778
13:14:27,2213,9.154510631644778
13:14:28,2213,9.154510631644778
13:14:29,2214,9.154510631644778
13:14:30,2214,9.154510631644778
13:14:31,2214,9.154510631644778
13:14:32,2214,9.154510631644778
13:14:33,2214,9.151195499296765
13:14:34,2214,9.151195499296765
13:14:35,2214,9.149226804123712
13:14:36,2215,9.149226804123712
13:14:37,2215,9.149226804123712
13:14:38,2215,9.148540202966434
13:14:39,2215,9.148540202966434
13:14:40,2215,9.148540202966434
13:14:41,2215,9.148540202966434
13:14:42,2215,9.148540202966434
13:14:43,2215,9.149063670411984
13:14:44,2215,9.149063670411984
13:14:45,2215,9.149742629854936
13:14:46,2215,9.149742629854936
13:14:47,2215,9.149742629854936
13:14:48,2215,9.149742629854936
13:14:49,2215,9.149742629854936
13:14:50,2215,9.149742629854936
13:14:51,2215,9.149742629854936
13:14:52,2216,9.149742629854936
13:14:53,2216,9.149742629854936
13:14:54,2216,9.149742629854936
13:14:55,2217,9.1490567508575
13:14:56,2218,9.1490567508575
13:14:57,2218,9.1490567508575
13:14:58,2218,9.1490567508575
13:14:59,2220,9.1490567508575
13:15:00,2221,9.1490567508575
13:15:01,2221,9.1490567508575
13:15:02,2222,9.149166277076516
13:15:03,2224,9.149166277076516
13:15:04,2224,9.149166277076516
13:15:05,2224,9.149166277076516
13:15:06,2224,9.149166277076516
13:15:07,2224,9.149166277076516
13:15:08,2224,9.149166277076516
13:15:09,2224,9.146534267912774
13:15:10,2226,9.14708858788728
13:15:11,2226,9.14708858788728
13:15:12,2226,9.145448179271709
13:15:13,2226,9.145448179271709
13:15:14,2226,9.145448179271709
13:15:15,2227,9.145448179271709
13:15:16,2227,9.145448179271709
13:15:17,2227,9.145448179271709
13:15:18,2228,9.146095815834501
13:15:19,2228,9.146095815834501
13:15:20,2228,9.142786069651741
13:15:21,2228,9.142786069651741
13:15:22,2228,9.142786069651741
13:15:23,2229,9.142786069651741
13:15:24,2229,9.142786069651741
13:15:25,2229,9.142786069651741
13:15:26,2231,9.142786069651741
13:15:27,2231,9.142786069651741
13:15:28,2231,9.142786069651741
13:15:29,2231,9.142786069651741
13:15:30,2232,9.141212121212122
13:15:31,2232,9.138031997514757
13:15:32,2232,9.138031997514757
13:15:33,2232,9.138031997514757
13:15:34,2233,9.135715394165114
13:15:35,2233,9.135715394165114
13:15:36,2233,9.132449201178844
13:15:37,2234,9.132449201178844
13:15:38,2234,9.132449201178844
13:15:39,2234,9.132449201178844
13:15:40,2235,9.132449201178844
13:15:41,2235,9.132449201178844
13:15:42,2235,9.132449201178844
13:15:43,2236,9.132449201178844
13:15:44,2236,9.132449201178844
13:15:45,2236,9.132449201178844
13:15:46,2237,9.132449201178844
13:15:47,2237,9.132449201178844
13:15:48,2237,9.132449201178844
13:15:49,2238,9.132449201178844
13:15:50,2238,9.129410852713177
13:15:51,2239,9.129410852713177
13:15:52,2239,9.129410852713177
13:15:53,2239,9.129410852713177
13:15:54,2240,9.129707112970712
13:15:55,2240,9.129707112970712
13:15:56,2240,9.129707112970712
13:15:57,2242,9.129707112970712
13:15:58,2242,9.129707112970712
13:15:59,2242,9.129707112970712
13:16:00,2242,9.128074659231721
13:16:01,2242,9.128074659231721
13:16:02,2242,9.128074659231721
13:16:03,2242,9.12618826443722
13:16:04,2242,9.12618826443722
13:16:05,2242,9.126911173011452
13:16:06,2242,9.126911173011452
13:16:07,2242,9.126911173011452
13:16:08,2242,9.126911173011452
13:16:09,2242,9.12750966744006
13:16:10,2242,9.12750966744006
13:16:11,2242,9.12750966744006
13:16:12,2242,9.12750966744006
13:16:13,2243,9.12750966744006
13:16:14,2243,9.12750966744006
13:16:15,2243,9.12750966744006
13:16:16,2243,9.12750966744006
13:16:17,2243,9.12750966744006
13:16:18,2243,9.12750966744006
13:16:19,2243,9.12750966744006
13:16:20,2243,9.122222222222224
13:16:21,2243,9.122222222222224
13:16:22,2243,9.119207599629286
13:16:23,2243,9.119207599629286
13:16:24,2243,9.119207599629286
13:16:25,2244,9.11628840512583
13:16:26,2244,9.117353395061729
13:16:27,2244,9.117353395061729
13:16:28,2244,9.114491747647694
13:16:29,2244,9.115070921985815
13:16:30,2244,9.115070921985815
13:16:31,2244,9.112305439975342
13:16:32,2245,9.112305439975342
13:16:33,2245,9.112305439975342
13:16:34,2245,9.112305439975342
13:16:35,2245,9.110574553296365
13:16:36,2245,9.110574553296365
13:16:37,2245,9.110574553296365
13:16:38,2245,9.107944572748268
13:16:39,2245,9.107944572748268
13:16:40,2245,9.107944572748268
13:16:41,2245,9.107944572748268
13:16:42,2245,9.107944572748268
13:16:43,2245,9.108848876577408
13:16:44,2245,9.108848876577408
13:16:45,2245,9.10777572681126
13:16:46,2245,9.10777572681126
13:16:47,2245,9.10286614415245
13:16:48,2245,9.10286614415245
13:16:49,2245,9.10352534562212
13:16:50,2246,9.10352534562212
13:16:51,2246,9.10352534562212
13:16:52,2247,9.10352534562212
13:16:53,2248,9.10352534562212
13:16:54,2248,9.10352534562212
13:16:55,2248,9.10137417472747
13:16:56,2248,9.10137417472747
13:16:57,2248,9.10137417472747
13:16:58,2248,9.098503683241253
13:16:59,2248,9.098503683241253
13:17:00,2249,9.098503683241253
13:17:01,2249,9.099064273661606
13:17:02,2249,9.099064273661606
13:17:03,2249,9.099064273661606
13:17:04,2249,9.099064273661606
13:17:05,2251,9.099064273661606
13:17:06,2251,9.099064273661606
13:17:07,2251,9.099064273661606
13:17:08,2252,9.099064273661606
13:17:09,2252,9.099064273661606
13:17:10,2253,9.096320147194113
13:17:11,2253,9.096320147194113
13:17:12,2253,9.096320147194113
13:17:13,2253,9.09383908045977
13:17:14,2254,9.091329656862746
13:17:15,2255,9.091329656862746
13:17:16,2255,9.091329656862746
13:17:17,2255,9.08811820548155
13:17:18,2256,9.08811820548155
13:17:19,2256,9.08811820548155
13:17:20,2256,9.08811820548155
13:17:21,2257,9.08811820548155
13:17:22,2257,9.08811820548155
13:17:23,2258,9.08811820548155
13:17:24,2258,9.08811820548155
13:17:25,2259,9.085759106213652
13:17:26,2260,9.085759106213652
13:17:27,2260,9.085759106213652
13:17:28,2260,9.085759106213652
13:17:29,2260,9.085759106213652
13:17:30,2260,9.085759106213652
13:17:31,2260,9.085759106213652
13:17:32,2261,9.085759106213652
13:17:33,2261,9.086805874254246
13:17:34,2261,9.086805874254246
13:17:35,2262,9.085030581039755
13:17:36,2262,9.085030581039755
13:17:37,2262,9.082561516124104
13:17:38,2262,9.082561516124104
13:17:39,2262,9.07689723621927
13:17:40,2262,9.07689723621927
13:17:41,2263,9.07689723621927
13:17:42,2263,9.077586996336997
13:17:43,2263,9.077586996336997
13:17:44,2264,9.077586996336997
13:17:45,2264,9.075156369183828
13:17:46,2264,9.075156369183828
13:17:47,2264,9.075156369183828
13:17:48,2264,9.075156369183828
13:17:49,2264,9.075156369183828
13:17:50,2264,9.075884415980482
13:17:51,2264,9.075884415980482
13:17:52,2264,9.075884415980482
13:17:53,2264,9.075884415980482
13:17:54,2264,9.075884415980482
13:17:55,2264,9.075884415980482
13:17:56,2264,9.075884415980482
13:17:57,2264,9.075884415980482
13:17:58,2264,9.075884415980482
13:17:59,2264,9.075884415980482
13:18:00,2264,9.073959762231366
13:18:01,2264,9.073959762231366
13:18:02,2264,9.073959762231366
13:18:03,2264,9.073959762231366
13:18:04,2264,9.071480804387567
13:18:05,2264,9.071480804387567
13:18:06,2265,9.071480804387567
13:18:07,2265,9.071480804387567
13:18:08,2265,9.071480804387567
13:18:09,2265,9.071480804387567
13:18:10,2265,9.069232526267703
13:18:11,2265,9.069232526267703
13:18:12,2265,9.069232526267703
13:18:13,2265,9.066537290715372
13:18:14,2266,9.066537290715372
13:18:15,2266,9.066537290715372
13:18:16,2266,9.064437851818044
13:18:17,2266,9.064437851818044
13:18:18,2266,9.064437851818044
13:18:19,2267,9.061610401459854
13:18:20,2267,9.061610401459854
13:18:21,2268,9.061610401459854
13:18:22,2268,9.061610401459854
13:18:23,2268,9.061610401459854
13:18:24,2269,9.06265389876881
13:18:25,2269,9.06265389876881
13:18:26,2269,9.05819286256644
13:18:27,2269,9.05819286256644
13:18:28,2269,9.05819286256644
13:18:29,2270,9.05598057073467
13:18:30,2270,9.05598057073467
13:18:31,2270,9.05598057073467
13:18:32,2271,9.056971627977545
13:18:33,2271,9.056971627977545
13:18:34,2271,9.056971627977545
13:18:35,2271,9.056971627977545
13:18:36,2271,9.056971627977545
13:18:37,2271,9.055110706703063
13:18:38,2271,9.055110706703063
13:18:39,2273,9.055110706703063
13:18:40,2274,9.055110706703063
13:18:41,2274,9.055110706703063
13:18:42,2274,9.055110706703063
13:18:43,2275,9.055110706703063
13:18:44,2275,9.055110706703063
13:18:45,2276,9.055110706703063
13:18:46,2276,9.055110706703063
13:18:47,2276,9.055110706703063
13:18:48,2276,9.055110706703063
13:18:49,2278,9.055110706703063
13:18:50,2278,9.055110706703063
13:18:51,2278,9.055110706703063
13:18:52,2278,9.055110706703063
13:18:53,2279,9.055110706703063
13:18:54,2279,9.055110706703063
13:18:55,2279,9.055110706703063
13:18:56,2280,9.055110706703063
13:18:57,2280,9.055110706703063
13:18:58,2280,9.055110706703063
13:18:59,2281,9.052978626648477
13:19:00,2281,9.052978626648477
13:19:01,2281,9.052978626648477
13:19:02,2281,9.052978626648477
13:19:03,2282,9.052978626648477
13:19:04,2282,9.051348484848486
13:19:05,2282,9.051348484848486
13:19:06,2284,9.051348484848486
13:19:07,2284,9.051348484848486
13:19:08,2284,9.049030743601394
13:19:09,2285,9.046383719170827
13:19:10,2286,9.046383719170827
13:19:11,2286,9.044169691470055
13:19:12,2286,9.044169691470055
13:19:13,2286,9.045396825396827
13:19:14,2286,9.045396825396827
13:19:15,2286,9.045396825396827
13:19:16,2286,9.045396825396827
13:19:17,2286,9.042928377153219
13:19:18,2286,9.042928377153219
13:19:19,2286,9.042928377153219
13:19:20,2286,9.042928377153219
13:19:21,2286,9.043233650505965
13:19:22,2286,9.043233650505965
13:19:23,2286,9.043233650505965
13:19:24,2286,9.04086654589372
13:19:25,2287,9.04086654589372
13:19:26,2288,9.04086654589372
13:19:27,2288,9.039316432775012
13:19:28,2288,9.039316432775012
13:19:29,2289,9.039316432775012
13:19:30,2289,9.040595776772248
13:19:31,2289,9.040595776772248
13:19:32,2290,9.040595776772248
13:19:33,2290,9.038587366199305
13:19:34,2290,9.038587366199305
13:19:35,2290,9.035548523206751
13:19:36,2291,9.035548523206751
13:19:37,2291,9.035548523206751
13:19:38,2292,9.035548523206751
13:19:39,2292,9.035548523206751
13:19:40,2292,9.035548523206751
13:19:41,2292,9.033145051965656
13:19:42,2292,9.033145051965656
13:19:43,2292,9.033386028304728
13:19:44,2292,9.033386028304728
13:19:45,2292,9.033386028304728
13:19:46,2292,9.033386028304728
13:19:47,2292,9.033386028304728
13:19:48,2292,9.031188863807374
13:19:49,2292,9.031188863807374
13:19:50,2292,9.031188863807374
13:19:51,2292,9.031188863807374
13:19:52,2292,9.031188863807374
13:19:53,2292,9.031188863807374
13:19:54,2293,9.031188863807374
13:19:55,2294,9.031188863807374
13:19:56,2294,9.028294223826714
13:19:57,2294,9.02604119681251
13:19:58,2294,9.02604119681251
13:19:59,2295,9.02604119681251
13:20:00,2295,9.02419597234746
13:20:01,2295,9.02419597234746
13:20:02,2295,9.02419597234746
13:20:03,2295,9.02419597234746
13:20:04,2295,9.02419597234746
13:20:05,2295,9.02419597234746
13:20:06,2296,9.02419597234746
13:20:07,2297,9.02419597234746
13:20:08,2297,9.01960960960961
13:20:09,2297,9.01960960960961
13:20:10,2297,9.01960960960961
13:20:11,2297,9.01960960960961
13:20:12,2297,9.01960960960961
13:20:13,2297,9.019960978538196
13:20:14,2297,9.019960978538196
13:20:15,2297,9.019960978538196
13:20:16,2297,9.019960978538196
13:20:17,2298,9.019960978538196
13:20:18,2298,9.017431743174317
13:20:19,2298,9.01626930574299
13:20:20,2298,9.017311151079136
13:20:21,2298,9.017311151079136
13:20:22,2299,9.017311151079136
13:20:23,2299,9.017311151079136
13:20:24,2299,9.017311151079136
13:20:25,2301,9.014996254681648
13:20:26,2301,9.012324049116502
13:20:27,2302,9.012324049116502
13:20:28,2302,9.012324049116502
13:20:29,2303,9.009227660529861
13:20:30,2304,9.009227660529861
13:20:31,2305,9.009227660529861
13:20:32,2306,9.006268701376422
13:20:33,2307,9.00616120831464
13:20:34,2307,9.004417040358744
13:20:35,2308,9.004417040358744
13:20:36,2309,9.001800388465561
13:20:37,2309,9.001800388465561
13:20:38,2309,9.001800388465561
13:20:39,2312,9.001800388465561
13:20:40,2312,9.001800388465561
13:20:41,2312,9.001800388465561
13:20:42,2313,9.001800388465561
13:20:43,2315,9.001800388465561
13:20:44,2315,9.001800388465561
13:20:45,2316,8.998812724014336
13:20:46,2316,8.998812724014336
13:20:47,2317,8.996432303328854
13:20:48,2318,8.9933527305282
13:20:49,2318,8.9933527305282
13:20:50,2319,8.9933527305282
13:20:51,2320,8.988722420989863
13:20:52,2320,8.988722420989863
13:20:53,2320,8.988722420989863
13:20:54,2322,8.988722420989863
13:20:55,2322,8.988722420989863
13:20:56,2323,8.988722420989863
13:20:57,2324,8.988722420989863
13:20:58,2324,8.988722420989863
13:20:59,2325,8.987751452838625
13:21:00,2326,8.987751452838625
13:21:01,2326,8.987751452838625
13:21:02,2326,8.987751452838625
13:21:03,2328,8.987751452838625
13:21:04,2329,8.987751452838625
13:21:05,2329,8.987751452838625
13:21:06,2331,8.987751452838625
13:21:07,2331,8.987751452838625
13:21:08,2331,8.987751452838625
13:21:09,2333,8.98503127792672
13:21:10,2333,8.98503127792672
13:21:11,2334,8.98560369212446
13:21:12,2336,8.98560369212446
13:21:13,2336,8.98560369212446
13:21:14,2336,8.98560369212446
13:21:15,2337,8.98560369212446
13:21:16,2338,8.98625
13:21:17,2338,8.98625
13:21:18,2339,8.98625
13:21:19,2341,8.98625
13:21:20,2341,8.98625
13:21:21,2341,8.98625
13:21:22,2343,8.98625
13:21:23,2344,8.98633050721404
13:21:24,2345,8.98633050721404
13:21:25,2345,8.98633050721404
13:21:26,2346,8.98633050721404
13:21:27,2346,8.98633050721404
13:21:28,2346,8.98633050721404
13:21:29,2346,8.983727326791556
13:21:30,2348,8.983727326791556
13:21:31,2348,8.983727326791556
13:21:32,2348,8.980658344479119
13:21:33,2348,8.979456327985739
13:21:34,2348,8.979456327985739
13:21:35,2348,8.979456327985739
13:21:36,2348,8.979456327985739
13:21:37,2349,8.979456327985739
13:21:38,2350,8.97731997030438
13:21:39,2350,8.974651231819532
13:21:40,2350,8.974651231819532
13:21:41,2350,8.974651231819532
13:21:42,2350,8.974651231819532
13:21:43,2350,8.974651231819532
13:21:44,2351,8.974651231819532
13:21:45,2351,8.972593087079069
13:21:46,2351,8.972593087079069
13:21:47,2351,8.972593087079069
13:21:48,2352,8.972593087079069
13:21:49,2353,8.972593087079069
13:21:50,2353,8.972593087079069
13:21:51,2353,8.972593087079069
13:21:52,2353,8.972593087079069
13:21:53,2354,8.972593087079069
13:21:54,2354,8.972593087079069
13:21:55,2355,8.972593087079069
13:21:56,2356,8.972593087079069
13:21:57,2357,8.972593087079069
13:21:58,2358,8.972593087079069
13:21:59,2358,8.972593087079069
13:22:00,2358,8.972593087079069
13:22:01,2358,8.972593087079069
13:22:02,2358,8.972593087079069
13:22:03,2358,8.969994071439157
13:22:04,2358,8.969994071439157
13:22:05,2358,8.967955555555555
13:22:06,2358,8.967955555555555
13:22:07,2358,8.967955555555555
13:22:08,2358,8.965363542129422
13:22:09,2358,8.965771166370635
13:22:10,2358,8.965771166370635
13:22:11,2358,8.962708980618434
13:22:12,2358,8.962708980618434
13:22:13,2358,8.962688553682343
13:22:14,2359,8.962688553682343
13:22:15,2360,8.962688553682343
13:22:16,2360,8.959874353288988
13:22:17,2360,8.959874353288988
13:22:18,2360,8.959874353288988
13:22:19,2361,8.959874353288988
13:22:20,2361,8.959869976359338
13:22:21,2361,8.959869976359338
13:22:22,2361,8.959869976359338
13:22:23,2361,8.958942549106485
13:22:24,2361,8.958942549106485
13:22:25,2361,8.958942549106485
13:22:26,2361,8.958942549106485
13:22:27,2361,8.958942549106485
13:22:28,2361,8.958942549106485
13:22:29,2361,8.958942549106485
13:22:30,2361,8.958942549106485
13:22:31,2361,8.958942549106485
13:22:32,2361,8.958942549106485
13:22:33,2361,8.958942549106485
13:22:34,2362,8.955904930617065
13:22:35,2363,8.955904930617065
13:22:36,2363,8.955904930617065
13:22:37,2363,8.952862623579755
13:22:38,2363,8.952862623579755
13:22:39,2364,8.952862623579755
13:22:40,2364,8.952862623579755
13:22:41,2364,8.951150442477877
13:22:42,2364,8.951150442477877
13:22:43,2364,8.951150442477877
13:22:44,2364,8.951150442477877
13:22:45,2364,8.951150442477877
13:22:46,2364,8.950678166003245
13:22:47,2364,8.950678166003245
13:22:48,2364,8.950678166003245
13:22:49,2364,8.950678166003245
13:22:50,2364,8.947745358090184
13:22:51,2364,8.947745358090184
13:22:52,2364,8.947745358090184
13:22:53,2364,8.947745358090184
13:22:54,2365,8.94531595227574
13:22:55,2365,8.94531595227574
13:22:56,2365,8.94531595227574
13:22:57,2365,8.94450824499411
13:22:58,2365,8.94494481236203
13:22:59,2365,8.94494481236203
13:23:00,2365,8.94202706678435
13:23:01,2365,8.94202706678435
13:23:02,2365,8.94202706678435
13:23:03,2365,8.94202706678435
13:23:04,2366,8.94202706678435
13:23:05,2366,8.94202706678435
13:23:06,2366,8.939479488310543
13:23:07,2368,8.9375
13:23:08,2368,8.9375
13:23:09,2368,8.937182312325547
13:23:10,2370,8.937182312325547
13:23:11,2370,8.937182312325547
13:23:12,2370,8.937182312325547
13:23:13,2371,8.937182312325547
13:23:14,2372,8.937182312325547
13:23:15,2372,8.937182312325547
13:23:16,2372,8.937182312325547
13:23:17,2373,8.937182312325547
13:23:18,2373,8.937182312325547
13:23:19,2373,8.937182312325547
13:23:20,2373,8.937182312325547
13:23:21,2373,8.936784140969163
13:23:22,2373,8.936784140969163
13:23:23,2373,8.936784140969163
13:23:24,2373,8.936784140969163
13:23:25,2373,8.936784140969163
13:23:26,2373,8.934874504623513
13:23:27,2373,8.934874504623513
13:23:28,2373,8.932467723004695
13:23:29,2373,8.932467723004695
13:23:30,2374,8.932467723004695
13:23:31,2374,8.93064232292125
13:23:32,2374,8.93064232292125
13:23:33,2374,8.93064232292125
13:23:34,2375,8.93064232292125
13:23:35,2375,8.927997654646731
13:23:36,2375,8.927997654646731
13:23:37,2375,8.927997654646731
13:23:38,2376,8.927997654646731
13:23:39,2376,8.927997654646731
13:23:40,2376,8.927997654646731
13:23:41,2376,8.925421245421244
13:23:42,2376,8.925421245421244
13:23:43,2377,8.925421245421244
13:23:44,2377,8.925421245421244
13:23:45,2377,8.925421245421244
13:23:46,2378,8.925421245421244
13:23:47,2378,8.925421245421244
13:23:48,2379,8.92355741066198
13:23:49,2379,8.924066754501537
13:23:50,2380,8.924066754501537
13:23:51,2380,8.924066754501537
13:23:52,2380,8.924066754501537
13:23:53,2380,8.924066754501537
13:23:54,2381,8.924056189640035
13:23:55,2381,8.924056189640035
13:23:56,2381,8.92148603188533
13:23:57,2382,8.921176900584795
13:23:58,2382,8.921176900584795
13:23:59,2383,8.921176900584795
13:24:00,2383,8.918661405816161
13:24:01,2384,8.918661405816161
13:24:02,2384,8.918661405816161
13:24:03,2384,8.918661405816161
13:24:04,2385,8.918661405816161
13:24:05,2385,8.918661405816161
13:24:06,2385,8.918661405816161
13:24:07,2386,8.918661405816161
13:24:08,2387,8.918661405816161
13:24:09,2387,8.916235758106923
13:24:10,2388,8.916235758106923
13:24:11,2389,8.915973134764199
13:24:12,2389,8.915973134764199
13:24:13,2389,8.915973134764199
13:24:14,2389,8.915973134764199
13:24:15,2389,8.91523642732049
13:24:16,2389,8.91523642732049
13:24:17,2390,8.912968636032094
13:24:18,2390,8.912968636032094
13:24:19,2391,8.912968636032094
13:24:20,2391,8.912968636032094
13:24:21,2392,8.910783027121608
13:24:22,2392,8.910783027121608
13:24:23,2392,8.909000145751348
13:24:24,2392,8.909000145751348
13:24:25,2392,8.906716200466201
13:24:26,2393,8.906716200466201
13:24:27,2394,8.906716200466201
13:24:28,2394,8.9051623707587
13:24:29,2394,8.9051623707587
13:24:30,2396,8.902794759825328
13:24:31,2396,8.902794759825328
13:24:32,2396,8.902794759825328
13:24:33,2397,8.900545613269315
13:24:34,2397,8.900545613269315
13:24:35,2397,8.900545613269315
13:24:36,2397,8.900545613269315
13:24:37,2398,8.900545613269315
13:24:38,2398,8.900545613269315
13:24:39,2399,8.900545613269315
13:24:40,2400,8.900545613269315
13:24:41,2400,8.900712623618382
13:24:42,2400,8.900712623618382
13:24:43,2401,8.900712623618382
13:24:44,2401,8.900712623618382
13:24:45,2401,8.900712623618382
13:24:46,2401,8.900712623618382
13:24:47,2402,8.900559674371275
13:24:48,2404,8.900559674371275
13:24:49,2404,8.898358035454809
13:24:50,2404,8.8960058097313
13:24:51,2405,8.8960058097313
13:24:52,2406,8.8960058097313
13:24:53,2406,8.8960058097313
13:24:54,2406,8.8960058097313
13:24:55,2407,8.8960058097313
13:24:56,2407,8.8960058097313
13:24:57,2407,8.89445412311266
13:24:58,2408,8.892345087795677
13:24:59,2408,8.892345087795677
13:25:00,2409,8.89014360313316
13:25:01,2409,8.89014360313316
13:25:02,2409,8.888067275627085
13:25:03,2409,8.888067275627085
13:25:04,2409,8.888067275627085
13:25:05,2410,8.885927536231884
13:25:06,2410,8.885927536231884
13:25:07,2410,8.885927536231884
13:25:08,2410,8.885927536231884
13:25:09,2410,8.885927536231884
13:25:10,2410,8.885927536231884
13:25:11,2410,8.885927536231884
13:25:12,2410,8.885927536231884
13:25:13,2410,8.885927536231884
13:25:14,2410,8.885927536231884
13:25:15,2411,8.885927536231884
13:25:16,2411,8.885927536231884
13:25:17,2411,8.885927536231884
13:25:18,2412,8.885927536231884
13:25:19,2413,8.885441112559757
13:25:20,2413,8.885441112559757
13:25:21,2413,8.88514335360556
13:25:22,2413,8.88514335360556
13:25:23,2413,8.88514335360556
13:25:24,2414,8.88514335360556
13:25:25,2414,8.88514335360556
13:25:26,2414,8.883181357649443
13:25:27,2414,8.883181357649443
13:25:28,2414,8.883181357649443
13:25:29,2414,8.881459780092593
13:25:30,2414,8.881459780092593
13:25:31,2414,8.881459780092593
13:25:32,2414,8.87994938539407
13:25:33,2414,8.87994938539407
13:25:34,2414,8.87994938539407
13:25:35,2414,8.880348366579936
13:25:36,2414,8.880348366579936
13:25:37,2416,8.879908972691807
13:25:38,2416,8.879908972691807
13:25:39,2417,8.879908972691807
13:25:40,2417,8.879145002888503
13:25:41,2418,8.879145002888503
13:25:42,2418,8.879145002888503
13:25:43,2419,8.877176266782158
13:25:44,2419,8.877176266782158
13:25:45,2419,8.87511544011544
13:25:46,2420,8.87511544011544
13:25:47,2420,8.873647771527478
13:25:48,2421,8.871907439446368
13:25:49,2421,8.871907439446368
13:25:50,2421,8.869995676610463
13:25:51,2421,8.868222414289828
13:25:52,2421,8.868222414289828
13:25:53,2421,8.868222414289828
13:25:54,2421,8.868222414289828
13:25:55,2421,8.867480201583874
13:25:56,2421,8.867480201583874
13:25:57,2421,8.867480201583874
13:25:58,2421,8.867480201583874
13:25:59,2421,8.867480201583874
13:26:00,2422,8.867480201583874
13:26:01,2422,8.867480201583874
13:26:02,2422,8.867480201583874
13:26:03,2422,8.867480201583874
13:26:04,2422,8.867480201583874
13:26:05,2423,8.867480201583874
13:26:06,2423,8.867480201583874
13:26:07,2423,8.865745538284397
13:26:08,2424,8.865745538284397
13:26:09,2424,8.865745538284397
13:26:10,2424,8.8640627247878
13:26:11,2424,8.8640627247878
13:26:12,2425,8.8640627247878
13:26:13,2425,8.8640627247878
13:26:14,2425,8.862136899626114
13:26:15,2425,8.862136899626114
13:26:16,2426,8.862136899626114
13:26:17,2426,8.862136899626114
13:26:18,2426,8.860723012792871
13:26:19,2427,8.860723012792871
13:26:20,2427,8.860723012792871
13:26:21,2427,8.85885775862069
13:26:22,2427,8.859141174780984
13:26:23,2428,8.857235142118864
13:26:24,2428,8.857235142118864
13:26:25,2428,8.855926244798392
13:26:26,2429,8.855926244798392
13:26:27,2429,8.855926244798392
13:26:28,2429,8.855926244798392
13:26:29,2429,8.855926244798392
13:26:30,2429,8.855926244798392
13:26:31,2429,8.855926244798392
13:26:32,2429,8.855926244798392
13:26:33,2430,8.855926244798392
13:26:34,2431,8.855926244798392
13:26:35,2431,8.855926244798392
13:26:36,2431,8.855926244798392
13:26:37,2431,8.855926244798392
13:26:38,2431,8.854396156052783
13:26:39,2431,8.854396156052783
13:26:40,2431,8.852996415770608
13:26:41,2431,8.850695041559186
13:26:42,2431,8.850272167311273
13:26:43,2431,8.850272167311273
13:26:44,2431,8.848840206185567
13:26:45,2431,8.848389866895664
13:26:46,2431,8.848389866895664
13:26:47,2431,8.848389866895664
13:26:48,2431,8.848389866895664
13:26:49,2431,8.848389866895664
13:26:50,2432,8.848705293276108
13:26:51,2432,8.848705293276108
13:26:52,2432,8.848705293276108
13:26:53,2432,8.846889746889747
13:26:54,2432,8.846889746889747
13:26:55,2432,8.846889746889747
13:26:56,2432,8.845418810749
13:26:57,2432,8.845418810749
13:26:58,2432,8.845418810749
13:26:59,2432,8.843506215173596
13:27:00,2432,8.84135247072265
13:27:01,2433,8.84135247072265
13:27:02,2433,8.84135247072265
13:27:03,2433,8.84135247072265
13:27:04,2433,8.838943611705925
13:27:05,2434,8.838943611705925
13:27:06,2434,8.838943611705925
13:27:07,2434,8.838943611705925
13:27:08,2434,8.837849600456622
13:27:09,2435,8.837849600456622
13:27:10,2435,8.837849600456622
13:27:11,2435,8.837849600456622
13:27:12,2436,8.837849600456622
13:27:13,2436,8.837849600456622
13:27:14,2436,8.834637867122897
13:27:15,2437,8.834637867122897
13:27:16,2437,8.834637867122897
13:27:17,2437,8.834637867122897
13:27:18,2437,8.834637867122897
13:27:19,2438,8.834387915063417
13:27:20,2438,8.834387915063417
13:27:21,2438,8.834387915063417
13:27:22,2438,8.834387915063417
13:27:23,2438,8.834387915063417
13:27:24,2438,8.832051282051282
13:27:25,2438,8.832051282051282
13:27:26,2438,8.832051282051282
13:27:27,2438,8.832051282051282
13:27:28,2439,8.832051282051282
13:27:29,2440,8.832051282051282
13:27:30,2440,8.832051282051282
13:27:31,2440,8.831838245763919
13:27:32,2440,8.831838245763919
13:27:33,2441,8.831838245763919
13:27:34,2441,8.831838245763919
13:27:35,2442,8.831838245763919
13:27:36,2442,8.831127241673784
13:27:37,2442,8.831127241673784
13:27:38,2443,8.831127241673784
13:27:39,2443,8.831127241673784
13:27:40,2443,8.831127241673784
13:27:41,2443,8.831127241673784
13:27:42,2444,8.830039834969414
13:27:43,2444,8.830039834969414
13:27:44,2444,8.830039834969414
13:27:45,2444,8.830039834969414
13:27:46,2444,8.828249431171788
13:27:47,2444,8.828249431171788
13:27:48,2444,8.828249431171788
13:27:49,2444,8.8263184079602
13:27:50,2444,8.8263184079602
13:27:51,2444,8.824289570900824
13:27:52,2444,8.824289570900824
13:27:53,2444,8.82353066439523
13:27:54,2444,8.82353066439523
13:27:55,2444,8.82353066439523
13:27:56,2444,8.821228891726976
13:27:57,2444,8.819723404255319
13:27:58,2444,8.819723404255319
13:27:59,2444,8.818942294059266
13:28:00,2444,8.818942294059266
13:28:01,2444,8.818942294059266
13:28:02,2444,8.818942294059266
13:28:03,2444,8.817913832199546
13:28:04,2444,8.817913832199546
13:28:05,2445,8.816857911885537
13:28:06,2445,8.816857911885537
13:28:07,2445,8.816857911885537
13:28:08,2445,8.816602945341263
13:28:09,2445,8.816602945341263
13:28:10,2445,8.816602945341263
13:28:11,2445,8.816602945341263
13:28:12,2445,8.816602945341263
13:28:13,2445,8.816602945341263
13:28:14,2445,8.816602945341263
13:28:15,2445,8.816602945341263
13:28:16,2446,8.814706298655343
13:28:17,2446,8.814706298655343
13:28:18,2447,8.814706298655343
13:28:19,2447,8.814706298655343
13:28:20,2447,8.812740520656481
13:28:21,2448,8.812740520656481
13:28:22,2448,8.812740520656481
13:28:23,2448,8.812740520656481
13:28:24,2448,8.812740520656481
13:28:25,2448,8.812740520656481
13:28:26,2448,8.81210578418894
13:28:27,2448,8.81210578418894
13:28:28,2448,8.81210578418894
13:28:29,2448,8.81210578418894
13:28:30,2448,8.81210578418894
13:28:31,2448,8.81210578418894
13:28:32,2448,8.81210578418894
13:28:33,2448,8.81210578418894
13:28:34,2448,8.81210578418894
13:28:35,2448,8.81210578418894
13:28:36,2448,8.810778908679673
13:28:37,2448,8.810778908679673
13:28:38,2448,8.810778908679673
13:28:39,2448,8.810548254910271
13:28:40,2448,8.809533898305085
13:28:41,2448,8.809533898305085
13:28:42,2448,8.8073768177326
13:28:43,2448,8.805376799322607
13:28:44,2448,8.804852588517422
13:28:45,2448,8.804852588517422
13:28:46,2448,8.805301748448956
13:28:47,2448,8.805301748448956
13:28:48,2448,8.805301748448956
13:28:49,2448,8.804693446088796
13:28:50,2448,8.804693446088796
13:28:51,2448,8.804693446088796
13:28:52,2448,8.802683854606931
13:28:53,2449,8.802683854606931
13:28:54,2449,8.802683854606931
13:28:55,2449,8.799127252252251
13:28:56,2449,8.799127252252251
13:28:57,2449,8.799127252252251
13:28:58,2449,8.799127252252251
13:28:59,2449,8.796784859997185
13:29:00,2449,8.796784859997185
13:29:01,2449,8.796784859997185
13:29:02,2449,8.796784859997185
13:29:03,2449,8.796784859997185
13:29:04,2449,8.796784859997185
13:29:05,2449,8.796784859997185
13:29:06,2449,8.796784859997185
13:29:07,2449,8.796784859997185
13:29:08,2449,8.795154711673698
13:29:09,2449,8.795154711673698
13:29:10,2449,8.793195557430058
13:29:11,2449,8.793195557430058
13:29:12,2449,8.793195557430058
13:29:13,2450,8.793195557430058
13:29:14,2450,8.793195557430058
13:29:15,2450,8.793195557430058
13:29:16,2450,8.793195557430058
13:29:17,2451,8.793195557430058
13:29:18,2451,8.793195557430058
13:29:19,2451,8.793195557430058
13:29:20,2452,8.793195557430058
13:29:21,2452,8.793195557430058
13:29:22,2452,8.793195557430058
13:29:23,2453,8.793195557430058
13:29:24,2453,8.791076447442384
13:29:25,2453,8.791076447442384
13:29:26,2453,8.789773844641102
13:29:27,2453,8.789773844641102
13:29:28,2453,8.789773844641102
13:29:29,2453,8.789785172704295
13:29:30,2453,8.789785172704295
13:29:31,2453,8.789785172704295
13:29:32,2453,8.789115789473685
13:29:33,2453,8.789115789473685
13:29:34,2453,8.786749438832771
13:29:35,2453,8.786749438832771
13:29:36,2453,8.786278221848269
13:29:37,2453,8.786278221848269
13:29:38,2453,8.786401849516604
13:29:39,2453,8.786401849516604
13:29:40,2453,8.786401849516604
13:29:41,2453,8.786401849516604
13:29:42,2453,8.786401849516604
13:29:43,2453,8.784894957983193
13:29:44,2453,8.783487330253395
13:29:45,2453,8.783487330253395
13:29:46,2453,8.78188497061293
13:29:47,2453,8.78188497061293
13:29:48,2453,8.78188497061293
13:29:49,2453,8.78188497061293
13:29:50,2453,8.78188497061293
13:29:51,2453,8.78188497061293
13:29:52,2453,8.78188497061293
13:29:53,2453,8.78188497061293
13:29:54,2453,8.78188497061293
13:29:55,2453,8.78188497061293
13:29:56,2453,8.78188497061293
13:29:57,2453,8.78188497061293
13:29:58,2453,8.778838087248323
13:29:59,2453,8.778838087248323
13:30:00,2453,8.777847658979734
13:30:01,2454,8.777847658979734
13:30:02,2454,8.777847658979734
13:30:03,2454,8.776134618070103
13:30:04,2454,8.776134618070103
13:30:05,2454,8.776134618070103
13:30:06,2454,8.776134618070103
13:30:07,2454,8.776134618070103
13:30:08,2454,8.776134618070103
13:30:09,2455,8.776134618070103
13:30:10,2455,8.776134618070103
13:30:11,2455,8.776134618070103
13:30:12,2456,8.776134618070103
13:30:13,2456,8.776134618070103
13:30:14,2456,8.776134618070103
13:30:15,2456,8.776134618070103
13:30:16,2457,8.776134618070103
13:30:17,2457,8.776134618070103
13:30:18,2457,8.774734785036292
13:30:19,2457,8.774734785036292
13:30:20,2457,8.774734785036292
13:30:21,2457,8.774734785036292
13:30:22,2458,8.774734785036292
13:30:23,2458,8.774734785036292
13:30:24,2458,8.774033765871355
13:30:25,2459,8.774033765871355
13:30:26,2459,8.77168758716876
13:30:27,2459,8.77168758716876
13:30:28,2459,8.77168758716876
13:30:29,2460,8.77168758716876
13:30:30,2460,8.77168758716876
13:30:31,2460,8.77168758716876
13:30:32,2460,8.769370122630992
13:30:33,2461,8.769370122630992
13:30:34,2461,8.769370122630992
13:30:35,2461,8.76817105446441
13:30:36,2461,8.768302701197438
13:30:37,2461,8.768302701197438
13:30:38,2461,8.768302701197438
13:30:39,2461,8.768879610299233
13:30:40,2461,8.768879610299233
13:30:41,2461,8.768879610299233
13:30:42,2461,8.767660965095256
13:30:43,2461,8.767660965095256
13:30:44,2461,8.767660965095256
13:30:45,2461,8.767660965095256
13:30:46,2461,8.767660965095256
13:30:47,2461,8.767660965095256
13:30:48,2461,8.76545037531276
13:30:49,2461,8.76545037531276
13:30:50,2461,8.76545037531276
13:30:51,2461,8.76394330971238
13:30:52,2461,8.762256944444443
13:30:53,2461,8.762256944444443
13:30:54,2461,8.762256944444443
13:30:55,2461,8.762256944444443
13:30:56,2461,8.762256944444443
13:30:57,2461,8.762256944444443
13:30:58,2462,8.762256944444443
13:30:59,2462,8.762256944444443
13:31:00,2462,8.762256944444443
13:31:01,2462,8.762256944444443
13:31:02,2462,8.762256944444443
13:31:03,2462,8.762256944444443
13:31:04,2462,8.762256944444443
13:31:05,2462,8.762256944444443
13:31:06,2462,8.762256944444443
13:31:07,2462,8.762256944444443
13:31:08,2462,8.762256944444443
13:31:09,2462,8.762256944444443
13:31:10,2462,8.76078961976131
13:31:11,2462,8.76078961976131
13:31:12,2462,8.76078961976131
13:31:13,2462,8.76078961976131
13:31:14,2462,8.76078961976131
13:31:15,2462,8.758711333055903
13:31:16,2463,8.758711333055903
13:31:17,2463,8.758711333055903
13:31:18,2463,8.758711333055903
13:31:19,2463,8.758711333055903
13:31:20,2463,8.758711333055903
13:31:21,2463,8.758711333055903
13:31:22,2463,8.758711333055903
13:31:23,2463,8.758711333055903
13:31:24,2463,8.757404326123128
13:31:25,2463,8.757404326123128
13:31:26,2463,8.757404326123128
13:31:27,2463,8.757404326123128
13:31:28,2463,8.758225918225918
13:31:29,2463,8.7571072319202
13:31:30,2463,8.7571072319202
13:31:31,2463,8.75666805151641
13:31:32,2463,8.756471483942414
13:31:33,2463,8.756471483942414
13:31:34,2463,8.756471483942414
13:31:35,2463,8.756471483942414
13:31:36,2463,8.756471483942414
13:31:37,2463,8.756471483942414
13:31:38,2463,8.756471483942414
13:31:39,2463,8.756471483942414
13:31:40,2463,8.756471483942414
13:31:41,2463,8.756471483942414
13:31:42,2463,8.756471483942414
13:31:43,2463,8.756471483942414
13:31:44,2463,8.756471483942414
13:31:45,2463,8.756471483942414
13:31:46,2463,8.756471483942414
13:31:47,2463,8.756471483942414
13:31:48,2463,8.756471483942414
13:31:49,2463,8.756471483942414
13:31:50,2463,8.756471483942414
13:31:51,2463,8.756471483942414
13:31:52,2463,8.756471483942414
13:31:53,2463,8.756471483942414
13:31:54,2463,8.756471483942414
13:31:55,2463,8.756471483942414
13:31:56,2463,8.756471483942414
13:31:57,2463,8.756471483942414
13:31:58,2463,8.756471483942414
13:31:59,2463,8.756471483942414
13:32:00,2463,8.756471483942414
13:32:01,2463,8.756471483942414
13:32:02,2463,8.756471483942414
13:32:03,2463,8.756471483942414
13:32:04,2463,8.756032932060329
13:32:05,2463,8.756032932060329
13:32:06,2464,8.756032932060329
13:32:07,2464,8.756032932060329
13:32:08,2464,8.756032932060329
13:32:09,2464,8.756032932060329
13:32:10,2464,8.756032932060329
13:32:11,2464,8.756032932060329
13:32:12,2464,8.754834024896265
13:32:13,2464,8.754834024896265
13:32:14,2464,8.754834024896265
13:32:15,2464,8.754834024896265
13:32:16,2464,8.754834024896265
13:32:17,2465,8.754834024896265
13:32:18,2465,8.752613023641642
13:32:19,2465,8.751561636263128
13:32:20,2465,8.752514159414284
13:32:21,2465,8.752514159414284
13:32:22,2465,8.752354322010493
13:32:23,2466,8.752008281573499
13:32:24,2466,8.752008281573499
13:32:25,2466,8.752008281573499
13:32:26,2466,8.751352097130244
13:32:27,2466,8.751352097130244
13:32:28,2466,8.751352097130244
13:32:29,2466,8.751352097130244
13:32:30,2466,8.751352097130244
13:32:31,2466,8.751352097130244
13:32:32,2466,8.751352097130244
13:32:33,2466,8.751352097130244
13:32:34,2465,8.75396661147903
13:32:35,2464,8.756721877156659
13:32:36,2464,8.756721877156659
13:32:37,2464,8.756721877156659
13:32:38,2462,8.762239259566238
13:32:39,2462,8.762239259566238
13:32:40,2462,8.762239259566238
13:32:41,2462,8.762239259566238
13:32:42,2462,8.762239259566238
13:32:43,2462,8.762239259566238
13:32:44,2462,8.762239259566238
13:32:45,2462,8.762239259566238
13:32:46,2462,8.762239259566238
13:32:47,2462,8.760915492957746
13:32:48,2461,8.76369664318276
13:32:49,2461,8.76369664318276
13:32:50,2460,8.766466279712548
13:32:51,2461,8.766466279712548
13:32:52,2461,8.766466279712548
13:32:53,2461,8.766466279712548
13:32:54,2461,8.766134825252106
13:32:55,2460,8.768801824212272
13:32:56,2459,8.77147794829255
13:32:57,2459,8.77147794829255
13:32:58,2458,8.774253112033195
13:32:59,2458,8.774253112033195
13:33:00,2458,8.774253112033195
13:33:01,2458,8.774253112033195
13:33:02,2457,8.7769198837692
13:33:03,2456,8.779588870431894
13:33:04,2456,8.779588870431894
13:33:05,2456,8.779588870431894
13:33:06,2456,8.779588870431894
13:33:07,2457,8.779588870431894
13:33:08,2457,8.779588870431894
13:33:09,2456,8.782266999030606
13:33:10,2456,8.785936850851682
13:33:11,2455,8.78847805013156
13:33:12,2455,8.78847805013156
13:33:13,2455,8.787818383167222
13:33:14,2455,8.787818383167222
13:33:15,2455,8.785505742355058
13:33:16,2456,8.785505742355058
13:33:17,2456,8.785505742355058
13:33:18,2456,8.785165975103734
13:33:19,2457,8.785165975103734
13:33:20,2457,8.783879441448914
13:33:21,2458,8.783879441448914
13:33:22,2458,8.781101437258153
13:33:23,2457,8.783768837273607
13:33:24,2457,8.783768837273607
13:33:25,2456,8.786549100968188
13:33:26,2456,8.786549100968188
13:33:27,2457,8.786549100968188
13:33:28,2457,8.786549100968188
13:33:29,2457,8.786549100968188
13:33:30,2457,8.785773537951057
13:33:31,2456,8.7882295988935
13:33:32,2456,8.7882295988935
13:33:33,2455,8.790687698906877
13:33:34,2455,8.790687698906877
13:33:35,2455,8.790687698906877
13:33:36,2454,8.793341638981174
13:33:37,2454,8.793341638981174
13:33:38,2453,8.795852375017311
13:33:39,2453,8.795852375017311
13:33:40,2452,8.798302853976171
13:33:41,2452,8.798302853976171
13:33:42,2452,8.798302853976171
13:33:43,2451,8.800568024383486
13:33:44,2451,8.800568024383486
13:33:45,2451,8.800568024383486
13:33:46,2451,8.800568024383486
13:33:47,2450,8.802917532917531
13:33:48,2450,8.802917532917531
13:33:49,2449,8.805372989462008
13:33:50,2449,8.805372989462008
13:33:51,2449,8.805372989462008
13:33:52,2448,8.807719517270078
13:33:53,2448,8.807719517270078
13:33:54,2448,8.807719517270078
13:33:55,2448,8.807719517270078
13:33:56,2449,8.807719517270078
13:33:57,2448,8.810407993338885
13:33:58,2448,8.810407993338885
13:33:59,2448,8.810407993338885
13:34:00,2448,8.810407993338885
13:34:01,2448,8.810542377583577
13:34:02,2448,8.809789240155295
13:34:03,2448,8.809789240155295
13:34:04,2448,8.809789240155295
13:34:05,2448,8.809789240155295
13:34:06,2448,8.809789240155295
13:34:07,2448,8.809789240155295
13:34:08,2449,8.809789240155295
13:34:09,2449,8.809789240155295
13:34:10,2448,8.810517193566278
13:34:11,2448,8.810517193566278
13:34:12,2448,8.810517193566278
13:34:13,2447,8.814198557958957
13:34:14,2448,8.814198557958957
13:34:15,2448,8.814198557958957
13:34:16,2448,8.814198557958957
13:34:17,2448,8.814198557958957
13:34:18,2448,8.814198557958957
13:34:19,2448,8.814198557958957
13:34:20,2448,8.814198557958957
13:34:21,2447,8.816444721875433
13:34:22,2447,8.816444721875433
13:34:23,2447,8.816146699944538
13:34:24,2445,8.820718845406606
13:34:25,2445,8.820718845406606
13:34:26,2443,8.82292794668888
13:34:27,2443,8.82292794668888
13:34:28,2441,8.827629567875503
13:34:29,2441,8.827629567875503
13:34:30,2441,8.829969418960244
13:34:31,2440,8.832165206508135
13:34:32,2440,8.832165206508135
13:34:33,2439,8.834522815804117
13:34:34,2438,8.836666666666668
13:34:35,2438,8.836666666666668
13:34:36,2438,8.836666666666668
13:34:37,2438,8.836666666666668
13:34:38,2438,8.836666666666668
13:34:39,2439,8.836666666666668
13:34:40,2439,8.836666666666668
13:34:41,2439,8.836666666666668
13:34:42,2439,8.836666666666668
13:34:43,2439,8.836666666666668
13:34:44,2439,8.836666666666668
13:34:45,2439,8.83395937673901
13:34:46,2439,8.83395937673901
13:34:47,2439,8.83384786538729
13:34:48,2440,8.83384786538729
13:34:49,2440,8.83384786538729
13:34:50,2440,8.833611342785654
13:34:51,2439,8.835864274787928
13:34:52,2438,8.838021702838063
13:34:53,2437,8.84062630480167
13:34:54,2437,8.84062630480167
13:34:55,2437,8.84062630480167
13:34:56,2436,8.842989417989418
13:34:57,2436,8.842989417989418
13:34:58,2435,8.845124669173979
13:34:59,2435,8.845124669173979
13:35:00,2435,8.843358395989975
13:35:01,2434,8.845647026048196
13:35:02,2434,8.845647026048196
13:35:03,2434,8.847159565580618
13:35:04,2434,8.847159565580618
13:35:05,2433,8.84915029948461
13:35:06,2433,8.848767752715123
13:35:07,2433,8.848767752715123
13:35:08,2433,8.848767752715123
13:35:09,2433,8.847398441847524
13:35:10,2433,8.849408489909534
13:35:11,2433,8.849408489909534
13:35:12,2432,8.851176061238693
13:35:13,2432,8.851176061238693
13:35:14,2433,8.848469671675014
13:35:15,2432,8.850563674321503
13:35:16,2432,8.850563674321503
13:35:17,2432,8.850563674321503
13:35:18,2431,8.8526037315511
13:35:19,2431,8.8526037315511
13:35:20,2431,8.8526037315511
13:35:21,2430,8.85499373171751
13:35:22,2430,8.85499373171751
13:35:23,2430,8.85499373171751
13:35:24,2429,8.856897993311037
13:35:25,2430,8.856897993311037
13:35:26,2429,8.858992053534086
13:35:27,2430,8.858992053534086
13:35:28,2430,8.858992053534086
13:35:29,2430,8.858992053534086
13:35:30,2431,8.858992053534086
13:35:31,2431,8.858992053534086
13:35:32,2431,8.856270903010033
13:35:33,2431,8.856270903010033
13:35:34,2431,8.856270903010033
13:35:35,2431,8.856270903010033
13:35:36,2431,8.856270903010033
13:35:37,2431,8.856270903010033
13:35:38,2431,8.856270903010033
13:35:39,2431,8.856270903010033
13:35:40,2431,8.856270903010033
13:35:41,2430,8.858413495050884
13:35:42,2430,8.858413495050884
13:35:43,2430,8.858413495050884
13:35:44,2429,8.860781032078103
13:35:45,2429,8.85980064129374
13:35:46,2429,8.85980064129374
13:35:47,2428,8.861799163179915
13:35:48,2428,8.861799163179915
13:35:49,2427,8.863750523231479
13:35:50,2426,8.865815187046342
13:35:51,2426,8.865815187046342
13:35:52,2426,8.867015487651738
13:35:53,2426,8.867015487651738
13:35:54,2425,8.868851200446677
13:35:55,2425,8.868851200446677
13:35:56,2424,8.871086440441278
13:35:57,2424,8.871086440441278
13:35:58,2424,8.871086440441278
13:35:59,2424,8.871086440441278
13:36:00,2424,8.871086440441278
13:36:01,2423,8.872918412964514
13:36:02,2422,8.874615814473316
13:36:03,2422,8.874615814473316
13:36:04,2423,8.874615814473316
13:36:05,2422,8.876540880503144
13:36:06,2422,8.876540880503144
13:36:07,2421,8.878600391498882
13:36:08,2421,8.88037487760526
13:36:09,2421,8.88037487760526
13:36:10,2421,8.88037487760526
13:36:11,2421,8.880264261744967
13:36:12,2422,8.880264261744967
13:36:13,2422,8.878183088749127
13:36:14,2423,8.875698519139425
13:36:15,2424,8.872943722943722
13:36:16,2422,8.874566918133556
13:36:17,2422,8.874566918133556
13:36:18,2423,8.874566918133556
13:36:19,2423,8.87171484429549
13:36:20,2424,8.87171484429549
13:36:21,2425,8.87171484429549
13:36:22,2425,8.87171484429549
13:36:23,2425,8.873623917295333
13:36:24,2425,8.873623917295333
13:36:25,2426,8.873623917295333
13:36:26,2426,8.873623917295333
13:36:27,2427,8.873623917295333
13:36:28,2427,8.875269042627533
13:36:29,2427,8.875269042627533
13:36:30,2427,8.876971476510068
13:36:31,2428,8.876971476510068
13:36:32,2428,8.876971476510068
13:36:33,2428,8.876971476510068
13:36:34,2429,8.876971476510068
13:36:35,2430,8.875939902166317
13:36:36,2430,8.875939902166317
13:36:37,2431,8.875939902166317
13:36:38,2432,8.875939902166317
13:36:39,2430,8.879500629458667
13:36:40,2430,8.879500629458667
13:36:41,2430,8.879500629458667
13:36:42,2429,8.883095338093238
13:36:43,2430,8.883095338093238
13:36:44,2430,8.884431849986006
13:36:45,2430,8.884431849986006
13:36:46,2431,8.886392272154557
13:36:47,2431,8.886392272154557
13:36:48,2430,8.887997198879553
13:36:49,2431,8.887997198879553
13:36:50,2430,8.891554527614241
13:36:51,2430,8.891554527614241
13:36:52,2430,8.891502031665967
13:36:53,2431,8.891502031665967
13:36:54,2431,8.893124474348191
13:36:55,2431,8.893124474348191
13:36:56,2432,8.893124474348191
13:36:57,2432,8.893124474348191
13:36:58,2433,8.893124474348191
13:36:59,2432,8.894902538213435
13:37:00,2432,8.894902538213435
13:37:01,2432,8.896506734006733
13:37:02,2432,8.896506734006733
13:37:03,2433,8.896417052306829
13:37:04,2432,8.897944725028058
13:37:05,2432,8.899915789473685
13:37:06,2432,8.899915789473685
13:37:07,2432,8.899915789473685
13:37:08,2432,8.898933782267115
13:37:09,2432,8.898933782267115
13:37:10,2432,8.898933782267115
13:37:11,2432,8.89675361099425
13:37:12,2432,8.896747967479675
13:37:13,2431,8.89850652082457
13:37:14,2431,8.89850652082457
13:37:15,2430,8.897889496564297
13:37:16,2429,8.899607182940516
13:37:17,2429,8.899607182940516
13:37:18,2429,8.899607182940516
13:37:19,2429,8.899607182940516
13:37:20,2429,8.899607182940516
13:37:21,2430,8.899607182940516
13:37:22,2431,8.899607182940516
13:37:23,2431,8.899607182940516
13:37:24,2431,8.899607182940516
13:37:25,2431,8.899607182940516
13:37:26,2431,8.899607182940516
13:37:27,2431,8.899607182940516
13:37:28,2430,8.901017543859648
13:37:29,2430,8.901017543859648
13:37:30,2429,8.9027450154451
13:37:31,2429,8.9027450154451
13:37:32,2428,8.904509060261272
13:37:33,2428,8.899319298245613
13:37:34,2428,8.899319298245613
13:37:35,2428,8.90094696969697
13:37:36,2428,8.90094696969697
13:37:37,2428,8.90094696969697
13:37:38,2427,8.902266666666666
13:37:39,2426,8.904050828418983
13:37:40,2426,8.904050828418983
13:37:41,2425,8.905394016013485
13:37:42,2425,8.902857343442854
13:37:43,2424,8.904298356510745
13:37:44,2424,8.904298356510745
13:37:45,2424,8.904064869418702
13:37:46,2425,8.904064869418702
13:37:47,2425,8.904064869418702
13:37:48,2424,8.903039876439204
13:37:49,2423,8.904354544177552
13:37:50,2423,8.904354544177552
13:37:51,2423,8.904354544177552
13:37:52,2422,8.905000702345834
13:37:53,2422,8.905000702345834
13:37:54,2422,8.906632939853852
13:37:55,2422,8.906632939853852
13:37:56,2422,8.906632939853852
13:37:57,2422,8.906632939853852
13:37:58,2422,8.906632939853852
13:37:59,2423,8.906632939853852
13:38:00,2423,8.906632939853852
13:38:01,2422,8.907858849992971
13:38:02,2424,8.907858849992971
13:38:03,2424,8.909260820685779
13:38:04,2424,8.910445662870801
13:38:05,2425,8.910445662870801
13:38:06,2425,8.910445662870801
13:38:07,2425,8.910445662870801
13:38:08,2424,8.912362869198313
13:38:09,2425,8.912362869198313
13:38:10,2425,8.909370167299311
13:38:11,2424,8.910555555555556
13:38:12,2424,8.909841135948263
13:38:13,2423,8.911476793248944
13:38:14,2423,8.910309423347398
13:38:15,2423,8.910309423347398
13:38:16,2423,8.910309423347398
13:38:17,2424,8.910309423347398
13:38:18,2424,8.910309423347398
13:38:19,2424,8.910309423347398
13:38:20,2424,8.907430057640939
13:38:21,2425,8.907430057640939
13:38:22,2425,8.907430057640939
13:38:23,2424,8.906073386756644
13:38:24,2423,8.907728551336145
13:38:25,2423,8.907728551336145
13:38:26,2424,8.904962744271053
13:38:27,2424,8.904962744271053
13:38:28,2424,8.904962744271053
13:38:29,2424,8.904962744271053
13:38:30,2424,8.904962744271053
13:38:31,2422,8.907640354579993
13:38:32,2421,8.909325731981983
13:38:33,2422,8.909325731981983
13:38:34,2421,8.910568933952964
13:38:35,2421,8.908241835585585
13:38:36,2420,8.909611322348963
13:38:37,2420,8.909611322348963
13:38:38,2420,8.909547950992819
13:38:39,2420,8.909547950992819
13:38:40,2420,8.906777871621621
13:38:41,2420,8.906472491909385
13:38:42,2420,8.906472491909385
13:38:43,2420,8.903706047819972
13:38:44,2421,8.903706047819972
13:38:45,2420,8.905424229632757
13:38:46,2420,8.905424229632757
13:38:47,2421,8.902644163150491
13:38:48,2421,8.902644163150491
13:38:49,2421,8.899894559257696
13:38:50,2422,8.899894559257696
13:38:51,2422,8.897119168071951
13:38:52,2422,8.897119168071951
13:38:53,2422,8.897119168071951
13:38:54,2421,8.898425418248278
13:38:55,2421,8.899929735806634
13:38:56,2421,8.899929735806634
13:38:57,2422,8.899929735806634
13:38:58,2422,8.897745469869363
13:38:59,2421,8.899423833614389
13:39:00,2421,8.899423833614389
13:39:01,2421,8.899423833614389
13:39:02,2421,8.899423833614389
13:39:03,2420,8.900864614086883
13:39:04,2420,8.900864614086883
13:39:05,2420,8.900864614086883
13:39:06,2419,8.90217299578059
13:39:07,2419,8.90217299578059
13:39:08,2419,8.90217299578059
13:39:09,2419,8.90217299578059
13:39:10,2420,8.90217299578059
13:39:11,2421,8.896753794266441
13:39:12,2420,8.89845353577956
13:39:13,2420,8.89845353577956
13:39:14,2421,8.89845353577956
13:39:15,2421,8.89845353577956
13:39:16,2422,8.89845353577956
13:39:17,2422,8.89845353577956
13:39:18,2422,8.89845353577956
13:39:19,2422,8.89845353577956
13:39:20,2422,8.899774964838256
13:39:21,2422,8.899774964838256
13:39:22,2421,8.900745743633037
13:39:23,2420,8.899739693260166
13:39:24,2420,8.899739693260166
13:39:25,2420,8.900893862612612
13:39:26,2419,8.903675538656527
13:39:27,2419,8.903675538656527
13:39:28,2419,8.903675538656527
13:39:29,2419,8.904832347140038
13:39:30,2419,8.904832347140038
13:39:31,2419,8.904832347140038
13:39:32,2419,8.904832347140038
13:39:33,2420,8.900344876126127
13:39:34,2420,8.900344876126127
13:39:35,2420,8.897685380610664
13:39:36,2421,8.897685380610664
13:39:37,2421,8.895203938115332
13:39:38,2421,8.895203938115332
13:39:39,2420,8.896200928661882
13:39:40,2420,8.893614627285512
13:39:41,2420,8.893614627285512
13:39:42,2420,8.893614627285512
13:39:43,2420,8.893614627285512
13:39:44,2419,8.89466722949205
13:39:45,2418,8.897663288288289
13:39:46,2418,8.897663288288289
13:39:47,2418,8.899366821443646
13:39:48,2418,8.899366821443646
13:39:49,2418,8.899366821443646
13:39:50,2418,8.896385372714487
13:39:51,2418,8.896385372714487
13:39:52,2419,8.896385372714487
13:39:53,2419,8.89542194092827
13:39:54,2419,8.893097146070575
13:39:55,2418,8.894444444444444
13:39:56,2418,8.891599887529875
13:39:57,2418,8.891599887529875
13:39:58,2418,8.891599887529875
13:39:59,2417,8.89259493670886
13:40:00,2417,8.890264304794039
13:40:01,2417,8.890264304794039
13:40:02,2417,8.890264304794039
13:40:03,2417,8.892004219409282
13:40:04,2417,8.892004219409282
13:40:05,2418,8.892004219409282
13:40:06,2419,8.892004219409282
13:40:07,2419,8.892004219409282
13:40:08,2420,8.889793336145086
13:40:09,2420,8.889793336145086
13:40:10,2419,8.890900140646977
13:40:11,2419,8.890900140646977
13:40:12,2419,8.892507387083157
13:40:13,2419,8.889289732770745
13:40:14,2419,8.889289732770745
13:40:15,2418,8.890171661741944
13:40:16,2418,8.892933558558559
13:40:17,2418,8.892933558558559
13:40:18,2417,8.891392173423423
13:40:19,2417,8.891392173423423
13:40:20,2416,8.892578510069004
13:40:21,2416,8.892578510069004
13:40:22,2416,8.892578510069004
13:40:23,2417,8.892578510069004
13:40:24,2417,8.892578510069004
13:40:25,2417,8.892578510069004
13:40:26,2417,8.892578510069004
13:40:27,2416,8.892705252781298
13:40:28,2416,8.892705252781298
13:40:29,2416,8.892705252781298
13:40:30,2416,8.892705252781298
13:40:31,2416,8.892705252781298
13:40:32,2416,8.892705252781298
13:40:33,2416,8.892705252781298
13:40:34,2416,8.892705252781298
13:40:35,2415,8.895357847280925
13:40:36,2415,8.895357847280925
13:40:37,2415,8.895357847280925
13:40:38,2415,8.895357847280925
13:40:39,2415,8.892592592592592
13:40:40,2415,8.892592592592592
13:40:41,2415,8.889935247747749
13:40:42,2415,8.885126582278481
13:40:43,2415,8.885126582278481
13:40:44,2415,8.883045128637706
13:40:45,2415,8.883045128637706
13:40:46,2416,8.883045128637706
13:40:47,2416,8.881007588532885
13:40:48,2417,8.882778480123614
13:40:49,2416,8.883523046655425
13:40:50,2416,8.883523046655425
13:40:51,2416,8.883523046655425
13:40:52,2415,8.884212006185857
13:40:53,2415,8.884212006185857
13:40:54,2414,8.886736990154711
13:40:55,2414,8.886736990154711
13:40:56,2413,8.889313353032223
13:40:57,2413,8.889313353032223
13:40:58,2413,8.889313353032223
13:40:59,2412,8.887589700295482
13:41:00,2412,8.887589700295482
13:41:01,2412,8.887589700295482
13:41:02,2412,8.88557665260197
13:41:03,2412,8.88557665260197
13:41:04,2412,8.880241708825183
13:41:05,2412,8.880241708825183
13:41:06,2411,8.880887108111908
13:41:07,2411,8.878119730185498
13:41:08,2409,8.881561181434598
13:41:09,2409,8.879537466610431
13:41:10,2409,8.879537466610431
13:41:11,2408,8.880386779184247
13:41:12,2409,8.880386779184247
13:41:13,2409,8.880386779184247
13:41:14,2409,8.880386779184247
13:41:15,2408,8.882918249613057
13:41:16,2407,8.884142736486487
13:41:17,2407,8.884142736486487
13:41:18,2408,8.884142736486487
13:41:19,2407,8.885128855090834
13:41:20,2407,8.885128855090834
13:41:21,2407,8.885128855090834
13:41:22,2407,8.886451295045045
13:41:23,2407,8.886451295045045
13:41:24,2408,8.886451295045045
13:41:25,2407,8.884410191441441
13:41:26,2406,8.887184903534713
13:41:27,2406,8.887184903534713
13:41:28,2407,8.887184903534713
13:41:29,2408,8.887184903534713
13:41:30,2408,8.887184903534713
13:41:31,2409,8.887184903534713
13:41:32,2409,8.885465934684683
13:41:33,2409,8.885465934684683
13:41:34,2409,8.883481074996483
13:41:35,2410,8.883481074996483
13:41:36,2410,8.880618846694796
13:41:37,2410,8.880618846694796
13:41:38,2410,8.880618846694796
13:41:39,2411,8.880618846694796
13:41:40,2411,8.880618846694796
13:41:41,2411,8.880618846694796
13:41:42,2411,8.882967496834107
13:41:43,2411,8.880548523206752
13:41:44,2410,8.882728296046151
13:41:45,2411,8.882728296046151
13:41:46,2411,8.882728296046151
13:41:47,2411,8.882728296046151
13:41:48,2411,8.882728296046151
13:41:49,2411,8.882728296046151
13:41:50,2411,8.882728296046151
13:41:51,2411,8.881785563528915
13:41:52,2411,8.881785563528915
13:41:53,2411,8.881785563528915
13:41:54,2411,8.881785563528915
13:41:55,2411,8.8793741209564
13:41:56,2410,8.879935275080905
13:41:57,2410,8.879935275080905
13:41:58,2411,8.879935275080905
13:41:59,2410,8.880806587837839
13:42:00,2408,8.884030712876866
13:42:01,2408,8.884030712876866
13:42:02,2407,8.884749823819591
13:42:03,2407,8.884749823819591
13:42:04,2407,8.884749823819591
13:42:05,2407,8.882650042265427
13:42:06,2407,8.882650042265427
13:42:07,2407,8.880108435431628
13:42:08,2406,8.880987602141449
13:42:09,2407,8.880987602141449
13:42:10,2407,8.878334037459513
13:42:11,2407,8.878334037459513
13:42:12,2407,8.87964527027027
13:42:13,2407,8.87964527027027
13:42:14,2406,8.880305590761866
13:42:15,2407,8.880305590761866
13:42:16,2406,8.882805015497324
13:42:17,2406,8.885680056377732
13:42:18,2406,8.885680056377732
13:42:19,2407,8.885680056377732
13:42:20,2407,8.885680056377732
13:42:21,2406,8.887117688513037
13:42:22,2406,8.887117688513037
13:42:23,2406,8.887117688513037
13:42:24,2407,8.887117688513037
13:42:25,2407,8.885263454494224
13:42:26,2407,8.885263454494224
13:42:27,2407,8.885263454494224
13:42:28,2407,8.885263454494224
13:42:29,2407,8.885263454494224
13:42:30,2407,8.882840445007746
13:42:31,2407,8.882840445007746
13:42:32,2407,8.882840445007746
13:42:33,2405,8.883565793181178
13:42:34,2405,8.883565793181178
13:42:35,2404,8.885673009161382
13:42:36,2404,8.885673009161382
13:42:37,2403,8.885680056377732
13:42:38,2403,8.885680056377732
13:42:39,2403,8.885680056377732
13:42:40,2403,8.885680056377732
13:42:41,2403,8.885680056377732
13:42:42,2404,8.883805297266836
13:42:43,2403,8.884841437632135
13:42:44,2403,8.884841437632135
13:42:45,2403,8.88229078613694
13:42:46,2403,8.879869032530628
13:42:47,2403,8.879869032530628
13:42:48,2403,8.877350788288288
13:42:49,2402,8.875914977477477
13:42:50,2402,8.875914977477477
13:42:51,2402,8.875914977477477
13:42:52,2401,8.876362484157161
13:42:53,2401,8.876362484157161
13:42:54,2400,8.876873767258383
13:42:55,2400,8.876873767258383
13:42:56,2400,8.876873767258383
13:42:57,2400,8.876873767258383
13:42:58,2399,8.877582804792107
13:42:59,2399,8.877582804792107
13:43:00,2399,8.877582804792107
13:43:01,2399,8.879149056072132
13:43:02,2398,8.881818181818181
13:43:03,2398,8.881818181818181
13:43:04,2398,8.881818181818181
13:43:05,2398,8.879339250493096
13:43:06,2398,8.879339250493096
13:43:07,2398,8.879339250493096
13:43:08,2398,8.879339250493096
13:43:09,2398,8.879339250493096
13:43:10,2398,8.879339250493096
13:43:11,2398,8.879339250493096
13:43:12,2398,8.87728488945219
13:43:13,2398,8.87728488945219
13:43:14,2397,8.879825302902226
13:43:15,2397,8.87740459090269
13:43:16,2397,8.87740459090269
13:43:17,2397,8.87740459090269
13:43:18,2397,8.87740459090269
13:43:19,2397,8.87740459090269
13:43:20,2397,8.87740459090269
13:43:21,2397,8.87740459090269
13:43:22,2397,8.87740459090269
13:43:23,2397,8.87740459090269
13:43:24,2396,8.875151387128573
13:43:25,2396,8.875151387128573
13:43:26,2396,8.875151387128573
13:43:27,2396,8.875151387128573
13:43:28,2396,8.875151387128573
13:43:29,2396,8.875151387128573
13:43:30,2396,8.872283220720721
13:43:31,2397,8.872283220720721
13:43:32,2397,8.872283220720721
13:43:33,2396,8.87291930713984
13:43:34,2396,8.870615146396396
13:43:35,2395,8.871438626126126
13:43:36,2395,8.871438626126126
13:43:37,2395,8.871438626126126
13:43:38,2394,8.86961570945946
13:43:39,2394,8.86961570945946
13:43:40,2394,8.86961570945946
13:43:41,2393,8.869912688353754
13:43:42,2393,8.869912688353754
13:43:43,2393,8.869912688353754
13:43:44,2392,8.868434023376988
13:43:45,2392,8.868434023376988
13:43:46,2391,8.871308819385742
13:43:47,2391,8.868990283058725
13:43:48,2391,8.868990283058725
13:43:49,2391,8.868990283058725
13:43:50,2391,8.868990283058725
13:43:51,2391,8.868990283058725
13:43:52,2391,8.868990283058725
13:43:53,2391,8.868990283058725
13:43:54,2391,8.868990283058725
13:43:55,2391,8.868990283058725
13:43:56,2391,8.868990283058725
13:43:57,2391,8.868990283058725
13:43:58,2391,8.868990283058725
13:43:59,2390,8.871865314173006
13:44:00,2390,8.871865314173006
13:44:01,2391,8.869109984509224
13:44:02,2392,8.869109984509224
13:44:03,2392,8.866159909909909
13:44:04,2392,8.866159909909909
13:44:05,2392,8.86351484451949
13:44:06,2392,8.860759493670885
13:44:07,2392,8.860759493670885
13:44:08,2392,8.860759493670885
13:44:09,2393,8.860368339659777
13:44:10,2393,8.860368339659777
13:44:11,2393,8.857609612141653
13:44:12,2391,8.860773558368495
13:44:13,2391,8.858470406298327
13:44:14,2391,8.858470406298327
13:44:15,2391,8.858470406298327
13:44:16,2391,8.858470406298327
13:44:17,2391,8.858470406298327
13:44:18,2391,8.858470406298327
13:44:19,2392,8.85571950534008
13:44:20,2392,8.85571950534008
13:44:21,2393,8.85330804888327
13:44:22,2393,8.85330804888327
13:44:23,2392,8.84844846953103
13:44:24,2392,8.84844846953103
13:44:25,2392,8.84844846953103
13:44:26,2392,8.84844846953103
13:44:27,2392,8.84844846953103
13:44:28,2394,8.84844846953103
13:44:29,2394,8.84844846953103
13:44:30,2393,8.848693636746734
13:44:31,2393,8.848693636746734
13:44:32,2392,8.848995222034851
13:44:33,2392,8.848995222034851
13:44:34,2392,8.848995222034851
13:44:35,2391,8.849029945170814
13:44:36,2391,8.849029945170814
13:44:37,2390,8.84948663853727
13:44:38,2390,8.84948663853727
13:44:39,2390,8.84948663853727
13:44:40,2390,8.84948663853727
13:44:41,2390,8.84948663853727
13:44:42,2390,8.848847181217488
13:44:43,2390,8.848847181217488
13:44:44,2389,8.84895218002813
13:44:45,2389,8.84895218002813
13:44:46,2389,8.84895218002813
13:44:47,2389,8.84895218002813
13:44:48,2389,8.84895218002813
13:44:49,2389,8.846105721917615
13:44:50,2389,8.846105721917615
13:44:51,2389,8.846105721917615
13:44:52,2389,8.843704328274312
13:44:53,2389,8.843704328274312
13:44:54,2389,8.843704328274312
13:44:55,2389,8.841375193145105
13:44:56,2389,8.841375193145105
13:44:57,2389,8.841375193145105
13:44:58,2389,8.841375193145105
13:44:59,2389,8.841375193145105
13:45:00,2388,8.844020517144463
13:45:01,2388,8.844020517144463
13:45:02,2389,8.844020517144463
13:45:03,2389,8.844020517144463
13:45:04,2388,8.844214817938985
13:45:05,2388,8.844214817938985
13:45:06,2388,8.844214817938985
13:45:07,2388,8.844214817938985
13:45:08,2388,8.844214817938985
13:45:09,2388,8.844214817938985
13:45:10,2387,8.846856540084389
13:45:11,2387,8.846856540084389
13:45:12,2386,8.847129590544535
13:45:13,2386,8.847129590544535
13:45:14,2386,8.847129590544535
13:45:15,2386,8.847129590544535
13:45:16,2386,8.847129590544535
13:45:17,2386,8.84627988748242
13:45:18,2385,8.846313493738567
13:45:19,2384,8.846135979729729
13:45:20,2384,8.846135979729729
13:45:21,2384,8.846135979729729
13:45:22,2384,8.846135979729729
13:45:23,2384,8.846135979729729
13:45:24,2384,8.846135979729729
13:45:25,2384,8.846135979729729
13:45:26,2384,8.846135979729729
13:45:27,2383,8.846373750176031
13:45:28,2383,8.84396114864865
13:45:29,2383,8.84396114864865
13:45:30,2383,8.84396114864865
13:45:31,2383,8.84396114864865
13:45:32,2383,8.84396114864865
13:45:33,2383,8.84396114864865
13:45:34,2383,8.84396114864865
13:45:35,2383,8.84396114864865
13:45:36,2382,8.844021968736797
13:45:37,2382,8.844021968736797
13:45:38,2381,8.844139194139194
13:45:39,2381,8.844139194139194
13:45:40,2381,8.844139194139194
13:45:41,2381,8.844139194139194
13:45:42,2381,8.844139194139194
13:45:43,2381,8.844139194139194
13:45:44,2381,8.841867342627799
13:45:45,2381,8.841867342627799
13:45:46,2381,8.841867342627799
13:45:47,2382,8.841867342627799
13:45:48,2382,8.841867342627799
13:45:49,2382,8.841867342627799
13:45:50,2382,8.841867342627799
13:45:51,2382,8.838089207823272
13:45:52,2381,8.837985641891892
13:45:53,2382,8.837985641891892
13:45:54,2382,8.837985641891892
13:45:55,2381,8.838058019997185
13:45:56,2381,8.838058019997185
13:45:57,2381,8.838058019997185
13:45:58,2381,8.838058019997185
13:45:59,2381,8.838058019997185
13:46:00,2381,8.838058019997185
13:46:01,2382,8.838058019997185
13:46:02,2381,8.838031839954917
13:46:03,2381,8.838031839954917
13:46:04,2381,8.838031839954917
13:46:05,2381,8.838031839954917
13:46:06,2381,8.838031839954917
13:46:07,2381,8.838031839954917
13:46:08,2381,8.838031839954917
13:46:09,2381,8.838031839954917
13:46:10,2381,8.838031839954917
13:46:11,2381,8.838031839954917
13:46:12,2381,8.838031839954917
13:46:13,2382,8.838031839954917
13:46:14,2382,8.838031839954917
13:46:15,2382,8.838031839954917
13:46:16,2382,8.838031839954917
13:46:17,2381,8.838062015503876
13:46:18,2381,8.835094392786699
13:46:19,2381,8.835094392786699
13:46:20,2381,8.835094392786699
13:46:21,2381,8.832340515420363
13:46:22,2380,8.831896308819385
13:46:23,2380,8.831896308819385
13:46:24,2380,8.829157865089424
13:46:25,2380,8.829157865089424
13:46:26,2379,8.829036348267119
13:46:27,2379,8.827981974369807
13:46:28,2378,8.830839673147365
13:46:29,2377,8.830732910500354
13:46:30,2377,8.830732910500354
13:46:31,2377,8.830845665961943
13:46:32,2377,8.830845665961943
13:46:33,2377,8.830845665961943
13:46:34,2378,8.828867286559595
13:46:35,2378,8.828867286559595
13:46:36,2378,8.828867286559595
13:46:37,2378,8.828867286559595
13:46:38,2378,8.828867286559595
13:46:39,2378,8.828867286559595
13:46:40,2378,8.82612308125616
13:46:41,2378,8.82612308125616
13:46:42,2378,8.82612308125616
13:46:43,2377,8.826021414482954
13:46:44,2377,8.828879492600423
13:46:45,2377,8.828879492600423
13:46:46,2377,8.828879492600423
13:46:47,2377,8.828879492600423
13:46:48,2377,8.828879492600423
13:46:49,2377,8.828879492600423
13:46:50,2376,8.828999295278367
13:46:51,2376,8.828999295278367
13:46:52,2374,8.831647623078007
13:46:53,2374,8.831647623078007
13:46:54,2374,8.831647623078007
13:46:55,2374,8.831647623078007
13:46:56,2374,8.831647623078007
13:46:57,2374,8.831647623078007
13:46:58,2374,8.831647623078007
13:46:59,2375,8.831647623078007
13:47:00,2374,8.831611628563364
13:47:01,2374,8.831611628563364
13:47:02,2373,8.832140336015813
13:47:03,2373,8.832140336015813
13:47:04,2373,8.834887005649717
13:47:05,2373,8.834887005649717
13:47:06,2373,8.834887005649717
13:47:07,2372,8.83503603221704
13:47:08,2372,8.83503603221704
13:47:09,2372,8.83503603221704
13:47:10,2372,8.83503603221704
13:47:11,2371,8.835467910658751
13:47:12,2371,8.835467910658751
13:47:13,2370,8.8348606986282
13:47:14,2370,8.8348606986282
13:47:15,2370,8.833856375459428
13:47:16,2370,8.833856375459428
13:47:17,2370,8.833856375459428
13:47:18,2370,8.833856375459428
13:47:19,2370,8.833856375459428
13:47:20,2370,8.833856375459428
13:47:21,2370,8.833856375459428
13:47:22,2370,8.833856375459428
13:47:23,2370,8.833856375459428
13:47:24,2370,8.8311078140455
13:47:25,2370,8.8311078140455
13:47:26,2369,8.833644331354256
13:47:27,2369,8.833644331354256
13:47:28,2369,8.833644331354256
13:47:29,2368,8.8362819968887
13:47:30,2368,8.8362819968887
13:47:31,2368,8.8362819968887
13:47:32,2368,8.8362819968887
13:47:33,2367,8.838815789473683
13:47:34,2367,8.838815789473683
13:47:35,2366,8.838379334748762
13:47:36,2367,8.838379334748762
13:47:37,2366,8.840986972529029
13:47:38,2366,8.840986972529029
13:47:39,2366,8.840986972529029
13:47:40,2365,8.843653491996033
13:47:41,2365,8.843653491996033
13:47:42,2364,8.846187641723356
13:47:43,2364,8.846187641723356
13:47:44,2364,8.846187641723356
13:47:45,2364,8.846187641723356
13:47:46,2364,8.846187641723356
13:47:47,2364,8.846187641723356
13:47:48,2364,8.846187641723356
13:47:49,2363,8.846093860768468
13:47:50,2363,8.846093860768468
13:47:51,2363,8.846093860768468
13:47:52,2363,8.846093860768468
13:47:53,2363,8.846093860768468
13:47:54,2363,8.846093860768468
13:47:55,2362,8.8485390070922
13:47:56,2361,8.849361430395913
13:47:57,2361,8.849361430395913
13:47:58,2361,8.849361430395913
13:47:59,2362,8.849361430395913
13:48:00,2362,8.849361430395913
13:48:01,2362,8.849361430395913
13:48:02,2361,8.850078080636003
13:48:03,2360,8.846344406587168
13:48:04,2359,8.847906019307212
13:48:05,2359,8.847906019307212
13:48:06,2359,8.847906019307212
13:48:07,2359,8.847906019307212
13:48:08,2358,8.8486933674194
13:48:09,2357,8.848345405482176
13:48:10,2356,8.849104859335037
13:48:11,2356,8.849104859335037
13:48:12,2355,8.851535181236674
13:48:13,2355,8.851535181236674
13:48:14,2355,8.851535181236674
13:48:15,2355,8.848763853367435
13:48:16,2355,8.848763853367435
13:48:17,2355,8.848763853367435
13:48:18,2355,8.848763853367435
13:48:19,2355,8.848763853367435
13:48:20,2355,8.848763853367435
13:48:21,2356,8.848763853367435
13:48:22,2355,8.851208244491827
13:48:23,2355,8.848437055981812
13:48:24,2355,8.848437055981812
13:48:25,2354,8.850803127221038
13:48:26,2353,8.850469283276452
13:48:27,2353,8.850469283276452
13:48:28,2352,8.851294636505905
13:48:29,2352,8.851294636505905
13:48:30,2352,8.851294636505905
13:48:31,2352,8.851294636505905
13:48:32,2352,8.851294636505905
13:48:33,2352,8.851294636505905
13:48:34,2352,8.851294636505905
13:48:35,2352,8.851294636505905
13:48:36,2352,8.851294636505905
13:48:37,2352,8.851294636505905
13:48:38,2351,8.853757472245944
13:48:39,2351,8.853757472245944
13:48:40,2351,8.853757472245944
13:48:41,2350,8.856122739569985
13:48:42,2350,8.856122739569985
13:48:43,2350,8.856122739569985
13:48:44,2350,8.856122739569985
13:48:45,2350,8.856122739569985
13:48:46,2349,8.858554131054131
13:48:47,2347,8.861512688907899
13:48:48,2347,8.861512688907899
13:48:49,2347,8.861512688907899
13:48:50,2347,8.85861479264643
13:48:51,2347,8.85861479264643
13:48:52,2346,8.859174508126605
13:48:53,2346,8.854537037037037
13:48:54,2345,8.853484395040617
13:48:55,2346,8.853484395040617
13:48:56,2346,8.850705128205128
13:48:57,2346,8.850705128205128
13:48:58,2346,8.850705128205128
13:48:59,2347,8.850705128205128
13:49:00,2346,8.853135242981331
13:49:01,2346,8.853135242981331
13:49:02,2346,8.853135242981331
13:49:03,2346,8.853135242981331
13:49:04,2346,8.853835186769318
13:49:05,2346,8.853835186769318
13:49:06,2346,8.853835186769318
13:49:07,2346,8.853835186769318
13:49:08,2347,8.853835186769318
13:49:09,2347,8.853835186769318
13:49:10,2347,8.853835186769318
13:49:11,2347,8.853835186769318
13:49:12,2347,8.854278990158322
13:49:13,2346,8.856435502283103
13:49:14,2345,8.856795146324055
13:49:15,2345,8.856795146324055
13:49:16,2346,8.856795146324055
13:49:17,2346,8.856795146324055
13:49:18,2346,8.856795146324055
13:49:19,2347,8.856795146324055
13:49:20,2346,8.859054555841189
13:49:21,2346,8.856266952177016
13:49:22,2347,8.856266952177016
13:49:23,2347,8.856266952177016
13:49:24,2347,8.856266952177016
13:49:25,2347,8.853474600456622
13:49:26,2347,8.853474600456622
13:49:27,2347,8.853474600456622
13:49:28,2347,8.853474600456622
13:49:29,2348,8.853474600456622
13:49:30,2347,8.853740185581728
13:49:31,2347,8.853740185581728
13:49:32,2347,8.853740185581728
13:49:33,2347,8.853740185581728
13:49:34,2347,8.853740185581728
13:49:35,2346,8.85576263924593
13:49:36,2345,8.856158022574654
13:49:37,2345,8.856158022574654
13:49:38,2344,8.858254716981131
13:49:39,2344,8.858254716981131
13:49:40,2344,8.858254716981131
13:49:41,2345,8.858254716981131
13:49:42,2344,8.858773058773059
13:49:43,2343,8.858058058058058
13:49:44,2343,8.858058058058058
13:49:45,2342,8.857303290414878
13:49:46,2342,8.857303290414878
13:49:47,2342,8.857303290414878
13:49:48,2342,8.857303290414878
13:49:49,2342,8.857303290414878
13:49:50,2342,8.857303290414878
13:49:51,2342,8.857303290414878
13:49:52,2343,8.857303290414878
13:49:53,2343,8.857303290414878
13:49:54,2342,8.8593029912695
13:49:55,2343,8.8593029912695
13:49:56,2342,8.86122565864834
13:49:57,2342,8.86122565864834
13:49:58,2342,8.86122565864834
13:49:59,2342,8.86122565864834
13:50:00,2342,8.86122565864834
13:50:01,2343,8.86122565864834
13:50:02,2343,8.86122565864834
13:50:03,2343,8.86122565864834
13:50:04,2343,8.861524136943132
13:50:05,2343,8.861524136943132
13:50:06,2342,8.861729721983377
13:50:07,2342,8.861729721983377
13:50:08,2342,8.861729721983377
13:50:09,2341,8.863663082437277
13:50:10,2341,8.863663082437277
13:50:11,2340,8.865555077452667
13:50:12,2340,8.86253046594982
13:50:13,2341,8.86253046594982
13:50:14,2341,8.86253046594982
13:50:15,2341,8.86253046594982
13:50:16,2341,8.86253046594982
13:50:17,2340,8.864522375215147
13:50:18,2340,8.864522375215147
13:50:19,2340,8.866472951642992
13:50:20,2340,8.866472951642992
13:50:21,2340,8.863668961560528
13:50:22,2340,8.863668961560528
13:50:23,2340,8.863668961560528
13:50:24,2341,8.863668961560528
13:50:25,2341,8.864284689338499
13:50:26,2342,8.864284689338499
13:50:27,2342,8.864284689338499
13:50:28,2342,8.864284689338499
13:50:29,2341,8.866135515360321
13:50:30,2341,8.866135515360321
13:50:31,2340,8.866810282924028
13:50:32,2340,8.866810282924028
13:50:33,2339,8.866415229885058
13:50:34,2339,8.866415229885058
13:50:35,2339,8.866415229885058
13:50:36,2339,8.866415229885058
13:50:37,2339,8.866415229885058
13:50:38,2339,8.866415229885058
13:50:39,2338,8.8670619519908
13:50:40,2338,8.8670619519908
13:50:41,2338,8.8670619519908
13:50:42,2338,8.868874029335634
13:50:43,2338,8.868874029335634
13:50:44,2338,8.868874029335634
13:50:45,2337,8.870601352323407
13:50:46,2337,8.870601352323407
13:50:47,2337,8.870601352323407
13:50:48,2337,8.870601352323407
13:50:49,2338,8.870601352323407
13:50:50,2339,8.870601352323407
13:50:51,2339,8.870601352323407
13:50:52,2339,8.871078008059873
13:50:53,2339,8.871078008059873
13:50:54,2340,8.871078008059873
13:50:55,2340,8.871078008059873
13:50:56,2340,8.871555075593953
13:50:57,2340,8.871555075593953
13:50:58,2341,8.871555075593953
13:50:59,2340,8.870215982721383
13:51:00,2340,8.870215982721383
13:51:01,2339,8.871924517430136
13:51:02,2339,8.871924517430136
13:51:03,2339,8.871924517430136
13:51:04,2339,8.871924517430136
13:51:05,2340,8.871924517430136
13:51:06,2340,8.873612912523418
13:51:07,2340,8.873612912523418
13:51:08,2340,8.873612912523418
13:51:09,2339,8.875331603229528
13:51:10,2339,8.872395157803718
13:51:11,2340,8.872395157803718
13:51:12,2340,8.872395157803718
13:51:13,2340,8.872395157803718
13:51:14,2340,8.872395157803718
13:51:15,2339,8.873241061130335
13:51:16,2339,8.873241061130335
13:51:17,2338,8.874296841194287
13:51:18,2337,8.875974025974026
13:51:19,2337,8.875974025974026
13:51:20,2336,8.87759491843511
13:51:21,2335,8.878032928942808
13:51:22,2335,8.875090226649343
13:51:23,2334,8.874703928365108
13:51:24,2334,8.874703928365108
13:51:25,2333,8.875675480421904
13:51:26,2333,8.875675480421904
13:51:27,2333,8.875675480421904
13:51:28,2332,8.87436786591533
13:51:29,2332,8.87436786591533
13:51:30,2332,8.87436786591533
13:51:31,2332,8.871548238012709
13:51:32,2332,8.871548238012709
13:51:33,2332,8.871548238012709
13:51:34,2331,8.870067879838244
13:51:35,2332,8.870067879838244
13:51:36,2331,8.868818601964183
13:51:37,2331,8.868818601964183
13:51:38,2330,8.870401676058373
13:51:39,2330,8.870401676058373
13:51:40,2330,8.870401676058373
13:51:41,2330,8.870401676058373
13:51:42,2330,8.870401676058373
13:51:43,2330,8.870401676058373
13:51:44,2330,8.870401676058373
13:51:45,2330,8.870401676058373
13:51:46,2329,8.87073576178086
13:51:47,2329,8.87073576178086
13:51:48,2329,8.87073576178086
13:51:49,2328,8.872060737527114
13:51:50,2328,8.872060737527114
13:51:51,2328,8.872060737527114
13:51:52,2328,8.872060737527114
13:51:53,2326,8.875524677956289
13:51:54,2326,8.875524677956289
13:51:55,2326,8.872468171296298
13:51:56,2325,8.873816760746852
13:51:57,2325,8.873816760746852
13:51:58,2325,8.873816760746852
13:51:59,2325,8.873816760746852
13:52:00,2325,8.873816760746852
13:52:01,2325,8.873816760746852
13:52:02,2325,8.87097800925926
13:52:03,2325,8.87097800925926
13:52:04,2325,8.872347662469243
13:52:05,2325,8.872347662469243
13:52:06,2325,8.869625289351852
13:52:07,2325,8.866681127982647
13:52:08,2325,8.866681127982647
13:52:09,2325,8.863623879734028
13:52:10,2325,8.863623879734028
13:52:11,2325,8.863623879734028
13:52:12,2324,8.865039768618944
13:52:13,2323,8.864359085648148
13:52:14,2322,8.865718627876682
13:52:15,2322,8.862876157407408
13:52:16,2321,8.863554783615573
13:52:17,2321,8.863554783615573
13:52:18,2319,8.865558452846589
13:52:19,2319,8.865558452846589
13:52:20,2319,8.865558452846589
13:52:21,2319,8.865558452846589
13:52:22,2319,8.865558452846589
13:52:23,2318,8.867463768115943
13:52:24,2318,8.867463768115943
13:52:25,2317,8.868573292735972
13:52:26,2317,8.868573292735972
13:52:27,2317,8.868573292735972
13:52:28,2317,8.868573292735972
13:52:29,2317,8.86608695652174
13:52:30,2317,8.86608695652174
13:52:31,2316,8.867913585616936
13:52:32,2316,8.867913585616936
13:52:33,2315,8.86878445024659
13:52:34,2315,8.86878445024659
13:52:35,2315,8.86878445024659
13:52:36,2315,8.86878445024659
13:52:37,2315,8.86878445024659
13:52:38,2314,8.86996807429981
13:52:39,2315,8.86996807429981
13:52:40,2314,8.871247096399536
13:52:41,2314,8.871247096399536
13:52:42,2314,8.871247096399536
13:52:43,2314,8.871247096399536
13:52:44,2314,8.871247096399536
13:52:45,2314,8.871247096399536
13:52:46,2313,8.872519970951343
13:52:47,2314,8.86660861993905
13:52:48,2314,8.86660861993905
13:52:49,2314,8.86660861993905
13:52:50,2314,8.863671308384102
13:52:51,2314,8.863671308384102
13:52:52,2313,8.865469452909592
13:52:53,2313,8.86276472294749
13:52:54,2313,8.86276472294749
13:52:55,2313,8.86276472294749
13:52:56,2313,8.859823111497752
13:52:57,2311,8.862661442461182
13:52:58,2311,8.859711343196983
13:52:59,2311,8.856974046686965
13:53:00,2311,8.856974046686965
13:53:01,2311,8.85403623188406
13:53:02,2311,8.85403623188406
13:53:03,2310,8.854443961142525
13:53:04,2310,8.854443961142525
13:53:05,2309,8.853930954453148
13:53:06,2309,8.853930954453148
13:53:07,2309,8.853930954453148
13:53:08,2309,8.853930954453148
13:53:09,2309,8.853930954453148
13:53:10,2309,8.853930954453148
13:53:11,2308,8.855079088666375
13:53:12,2308,8.852248331882798
13:53:13,2308,8.852248331882798
13:53:14,2308,8.852248331882798
13:53:15,2308,8.852248331882798
13:53:16,2308,8.84986950848195
13:53:17,2307,8.850950101537569
13:53:18,2307,8.850950101537569
13:53:19,2307,8.850950101537569
13:53:20,2306,8.84907165651291
13:53:21,2304,8.850943670150988
13:53:22,2304,8.850943670150988
13:53:23,2304,8.850943670150988
13:53:24,2303,8.852156862745097
13:53:25,2303,8.852156862745097
13:53:26,2303,8.852156862745097
13:53:27,2302,8.851954373728567
13:53:28,2302,8.851954373728567
13:53:29,2303,8.851954373728567
13:53:30,2303,8.851954373728567
13:53:31,2302,8.853430731210931
13:53:32,2301,8.854137579988365
13:53:33,2301,8.854137579988365
13:53:34,2302,8.854137579988365
13:53:35,2302,8.854137579988365
13:53:36,2301,8.855019642077696
13:53:37,2301,8.855019642077696
13:53:38,2302,8.855019642077696
13:53:39,2302,8.855019642077696
13:53:40,2301,8.856455604075693
13:53:41,2301,8.856455604075693
13:53:42,2300,8.854468704512373
13:53:43,2300,8.854468704512373
13:53:44,2300,8.854468704512373
13:53:45,2300,8.854468704512373
13:53:46,2300,8.854468704512373
13:53:47,2300,8.854468704512373
13:53:48,2299,8.856028833551768
13:53:49,2299,8.856028833551768
13:53:50,2298,8.856883741258741
13:53:51,2299,8.856883741258741
13:53:52,2299,8.854514343963887
13:53:53,2299,8.854514343963887
13:53:54,2298,8.855951340326339
13:53:55,2298,8.855951340326339
13:53:56,2297,8.85731671767964
13:53:57,2297,8.85731671767964
13:53:58,2297,8.85731671767964
13:53:59,2297,8.85731671767964
13:54:00,2297,8.85731671767964
13:54:01,2296,8.858829104695246
13:54:02,2296,8.858829104695246
13:54:03,2297,8.858829104695246
13:54:04,2297,8.858829104695246
13:54:05,2296,8.860291757840992
13:54:06,2296,8.857684456109654
13:54:07,2296,8.857684456109654
13:54:08,2296,8.857684456109654
13:54:09,2296,8.854715056114268
13:54:10,2296,8.854715056114268
13:54:11,2295,8.851785454015449
13:54:12,2295,8.851785454015449
13:54:13,2295,8.851785454015449
13:54:14,2293,8.853822027716996
13:54:15,2293,8.853822027716996
13:54:16,2292,8.854392877991826
13:54:17,2292,8.854392877991826
13:54:18,2291,8.854920426339612
13:54:19,2291,8.854920426339612
13:54:20,2291,8.854920426339612
13:54:21,2291,8.854920426339612
13:54:22,2291,8.854920426339612
13:54:23,2291,8.854920426339612
13:54:24,2291,8.854920426339612
13:54:25,2290,8.855616418346479
13:54:26,2290,8.855616418346479
13:54:27,2290,8.855616418346479
13:54:28,2289,8.856948706707584
13:54:29,2290,8.85454279871458
13:54:30,2290,8.85454279871458
13:54:31,2290,8.85454279871458
13:54:32,2290,8.85454279871458
13:54:33,2290,8.85454279871458
13:54:34,2290,8.85454279871458
13:54:35,2290,8.85454279871458
13:54:36,2290,8.855538506502995
13:54:37,2290,8.855538506502995
13:54:38,2290,8.855538506502995
13:54:39,2289,8.856951754385964
13:54:40,2289,8.856951754385964
13:54:41,2288,8.858454000292527
13:54:42,2288,8.858454000292527
13:54:43,2288,8.858454000292527
13:54:44,2288,8.858454000292527
13:54:45,2287,8.859035703833772
13:54:46,2286,8.860108329673547
13:54:47,2286,8.860108329673547
13:54:48,2285,8.860954891622729
13:54:49,2285,8.860954891622729
13:54:50,2284,8.861355311355311
13:54:51,2284,8.861355311355311
13:54:52,2284,8.861355311355311
13:54:53,2285,8.861355311355311
13:54:54,2285,8.861355311355311
13:54:55,2285,8.861355311355311
13:54:56,2285,8.861355311355311
13:54:57,2285,8.861355311355311
13:54:58,2285,8.861355311355311
13:54:59,2284,8.862892113749634
13:55:00,2284,8.862892113749634
13:55:01,2284,8.862892113749634
13:55:02,2283,8.863425722246664
13:55:03,2283,8.863425722246664
13:55:04,2282,8.864715375586854
13:55:05,2282,8.864715375586854
13:55:06,2281,8.865815353001613
13:55:07,2280,8.867187958883994
13:55:08,2280,8.867187958883994
13:55:09,2280,8.867187958883994
13:55:10,2278,8.868658142269254
13:55:11,2278,8.868658142269254
13:55:12,2278,8.868658142269254
13:55:13,2278,8.868658142269254
13:55:14,2278,8.868658142269254
13:55:15,2278,8.868658142269254
13:55:16,2278,8.865895401792272
13:55:17,2278,8.865895401792272
13:55:18,2278,8.865895401792272
13:55:19,2278,8.865895401792272
13:55:20,2278,8.865895401792272
13:55:21,2278,8.865895401792272
13:55:22,2278,8.865895401792272
13:55:23,2278,8.863127753303964
13:55:24,2278,8.863127753303964
13:55:25,2278,8.863127753303964
13:55:26,2278,8.863127753303964
13:55:27,2278,8.863127753303964
13:55:28,2278,8.863127753303964
13:55:29,2278,8.863127753303964
13:55:30,2278,8.863127753303964
13:55:31,2277,8.864228000587632
13:55:32,2277,8.864228000587632
13:55:33,2277,8.861226138032304
13:55:34,2277,8.861226138032304
13:55:35,2278,8.861226138032304
13:55:36,2278,8.861226138032304
13:55:37,2278,8.861226138032304
13:55:38,2278,8.861226138032304
13:55:39,2277,8.861730571470543
13:55:40,2277,8.861730571470543
13:55:41,2277,8.861730571470543
13:55:42,2276,8.861816578483246
13:55:43,2277,8.861816578483246
13:55:44,2277,8.861816578483246
13:55:45,2277,8.861816578483246
13:55:46,2277,8.861816578483246
13:55:47,2277,8.861816578483246
13:55:48,2277,8.861816578483246
13:55:49,2277,8.862387884134685
13:55:50,2277,8.862387884134685
13:55:51,2277,8.862387884134685
13:55:52,2277,8.862387884134685
13:55:53,2277,8.862387884134685
13:55:54,2278,8.862387884134685
13:55:55,2278,8.862387884134685
13:55:56,2277,8.860424937509189
13:55:57,2277,8.860424937509189
13:55:58,2276,8.861488673139158
13:55:59,2276,8.862406181015452
13:56:00,2276,8.862406181015452
13:56:01,2276,8.862406181015452
13:56:02,2276,8.863390753828034
13:56:03,2275,8.863742819266461
13:56:04,2274,8.864832007073385
13:56:05,2273,8.865811587793011
13:56:06,2273,8.865811587793011
13:56:07,2272,8.866792035398229
13:56:08,2272,8.86731592149919
13:56:09,2272,8.86731592149919
13:56:10,2272,8.864321533923304
13:56:11,2271,8.865205843293493
13:56:12,2271,8.865205843293493
13:56:13,2271,8.862323008849557
13:56:14,2271,8.862323008849557
13:56:15,2270,8.863132654566918
13:56:16,2270,8.863132654566918
13:56:17,2270,8.863132654566918
13:56:18,2271,8.863132654566918
13:56:19,2271,8.863132654566918
13:56:20,2271,8.863132654566918
13:56:21,2271,8.863132654566918
13:56:22,2271,8.863987304399172
13:56:23,2271,8.863987304399172
13:56:24,2270,8.864857480431251
13:56:25,2270,8.864857480431251
13:56:26,2269,8.865854018912529
13:56:27,2269,8.865854018912529
13:56:28,2268,8.866334072431634
13:56:29,2268,8.866334072431634
13:56:30,2268,8.866334072431634
13:56:31,2268,8.866156462585034
13:56:32,2268,8.866156462585034
13:56:33,2268,8.866156462585034
13:56:34,2268,8.866156462585034
13:56:35,2268,8.866156462585034
13:56:36,2268,8.866156462585034
13:56:37,2269,8.866156462585034
13:56:38,2269,8.866156462585034
13:56:39,2269,8.866156462585034
13:56:40,2269,8.866156462585034
13:56:41,2269,8.866156462585034
13:56:42,2268,8.867058736499482
13:56:43,2268,8.867058736499482
13:56:44,2268,8.867058736499482
13:56:45,2269,8.867058736499482
13:56:46,2269,8.867058736499482
13:56:47,2269,8.867058736499482
13:56:48,2267,8.86591918294849
13:56:49,2267,8.86591918294849
13:56:50,2267,8.86591918294849
13:56:51,2268,8.863027075011097
13:56:52,2268,8.863027075011097
13:56:53,2267,8.864046773238604
13:56:54,2267,8.864046773238604
13:56:55,2267,8.864046773238604
13:56:56,2267,8.864046773238604
13:56:57,2268,8.864046773238604
13:56:58,2268,8.861029738126941
13:56:59,2268,8.861029738126941
13:57:00,2267,8.86202634695086
13:57:01,2266,8.86267584777136
13:57:02,2266,8.86267584777136
13:57:03,2267,8.86267584777136
13:57:04,2266,8.863222222222221
13:57:05,2265,8.863887653772048
13:57:06,2265,8.863887653772048
13:57:07,2265,8.863887653772048
13:57:08,2264,8.864627817319098
13:57:09,2264,8.864627817319098
13:57:10,2264,8.864627817319098
13:57:11,2264,8.864627817319098
13:57:12,2264,8.864627817319098
13:57:13,2264,8.864627817319098
13:57:14,2264,8.864627817319098
13:57:15,2264,8.864627817319098
13:57:16,2264,8.864627817319098
13:57:17,2264,8.864627817319098
13:57:18,2264,8.864627817319098
13:57:19,2264,8.864627817319098
13:57:20,2264,8.864671413736835
13:57:21,2263,8.865308696942714
13:57:22,2263,8.865308696942714
13:57:23,2263,8.865308696942714
13:57:24,2263,8.865308696942714
13:57:25,2263,8.865308696942714
13:57:26,2263,8.865308696942714
13:57:27,2264,8.865308696942714
13:57:28,2264,8.865308696942714
13:57:29,2264,8.865308696942714
13:57:30,2263,8.863075096467794
13:57:31,2262,8.863786191536748
13:57:32,2262,8.863786191536748
13:57:33,2262,8.863786191536748
13:57:34,2261,8.864081996434939
13:57:35,2261,8.864081996434939
13:57:36,2260,8.86441521771437
13:57:37,2260,8.86441521771437
13:57:38,2260,8.86441521771437
13:57:39,2260,8.86441521771437
13:57:40,2260,8.86441521771437
13:57:41,2259,8.861859117253678
13:57:42,2259,8.861859117253678
13:57:43,2258,8.862726732084448
13:57:44,2258,8.862726732084448
13:57:45,2258,8.862726732084448
13:57:46,2258,8.862726732084448
13:57:47,2258,8.862726732084448
13:57:48,2258,8.862726732084448
13:57:49,2257,8.863424066636918
13:57:50,2256,8.860746690465566
13:57:51,2256,8.860746690465566
13:57:52,2256,8.860877976190476
13:57:53,2256,8.857742079428826
13:57:54,2257,8.857742079428826
13:57:55,2257,8.854720487659828
13:57:56,2257,8.854720487659828
13:57:57,2257,8.854720487659828
13:57:58,2258,8.854720487659828
13:57:59,2258,8.854720487659828
13:58:00,2258,8.854720487659828
13:58:01,2259,8.854720487659828
13:58:02,2259,8.854720487659828
13:58:03,2259,8.854720487659828
13:58:04,2260,8.854720487659828
13:58:05,2258,8.855528273809522
13:58:06,2258,8.855528273809522
13:58:07,2259,8.855528273809522
13:58:08,2258,8.85590293285693
13:58:09,2259,8.85590293285693
13:58:10,2258,8.856474444941142
13:58:11,2258,8.856474444941142
13:58:12,2258,8.856474444941142
13:58:13,2256,8.853853607632677
13:58:14,2256,8.853853607632677
13:58:15,2256,8.8537956748695
13:58:16,2257,8.8537956748695
13:58:17,2257,8.8537956748695
13:58:18,2256,8.85403610862429
13:58:19,2256,8.85403610862429
13:58:20,2255,8.854709658157933
13:58:21,2255,8.854709658157933
13:58:22,2255,8.854709658157933
13:58:23,2254,8.854928315412186
13:58:24,2254,8.854928315412186
13:58:25,2253,8.855744808008366
13:58:26,2253,8.855744808008366
13:58:27,2253,8.855744808008366
13:58:28,2253,8.855744808008366
13:58:29,2253,8.855744808008366
13:58:30,2252,8.856188340807174
13:58:31,2252,8.856188340807174
13:58:32,2253,8.856188340807174
13:58:33,2253,8.856188340807174
13:58:34,2253,8.856188340807174
13:58:35,2254,8.856188340807174
13:58:36,2254,8.856188340807174
13:58:37,2254,8.856188340807174
13:58:38,2254,8.853399073659046
13:58:39,2254,8.853399073659046
13:58:40,2254,8.853399073659046
13:58:41,2254,8.850492831541219
13:58:42,2253,8.850672344240252
13:58:43,2253,8.850672344240252
13:58:44,2253,8.850575485799702
13:58:45,2253,8.847773793515614
13:58:46,2253,8.847773793515614
13:58:47,2253,8.847773793515614
13:58:48,2253,8.845101553166069
13:58:49,2253,8.845101553166069
13:58:50,2253,8.845101553166069
13:58:51,2253,8.842177937005523
13:58:52,2253,8.842177937005523
13:58:53,2252,8.84247311827957
13:58:54,2252,8.84247311827957
13:58:55,2252,8.84247311827957
13:58:56,2252,8.84247311827957
13:58:57,2252,8.83944618599791
13:58:58,2251,8.840046296296297
13:58:59,2250,8.840236067533244
13:59:00,2250,8.840236067533244
13:59:01,2250,8.840236067533244
13:59:02,2250,8.840236067533244
13:59:03,2250,8.840236067533244
13:59:04,2250,8.840236067533244
13:59:05,2248,8.840414236578436
13:59:06,2248,8.840414236578436
13:59:07,2246,8.84033078880407
13:59:08,2246,8.84033078880407
13:59:09,2246,8.84033078880407
13:59:10,2246,8.84033078880407
13:59:11,2245,8.840244085055406
13:59:12,2246,8.840244085055406
13:59:13,2246,8.840244085055406
13:59:14,2245,8.83996254681648
13:59:15,2245,8.83996254681648
13:59:16,2244,8.839703237410072
13:59:17,2244,8.839703237410072
13:59:18,2244,8.836779026217227
13:59:19,2243,8.83675809352518
13:59:20,2243,8.83675809352518
13:59:21,2243,8.83675809352518
13:59:22,2243,8.833955056179775
13:59:23,2242,8.833685551558753
13:59:24,2242,8.833685551558753
13:59:25,2242,8.831422362110311
13:59:26,2241,8.831316539211278
13:59:27,2241,8.831316539211278
13:59:28,2241,8.828424760191846
13:59:29,2241,8.828424760191846
13:59:30,2241,8.828424760191846
13:59:31,2240,8.828452541610437
13:59:32,2240,8.828452541610437
13:59:33,2241,8.828452541610437
13:59:34,2241,8.828452541610437
13:59:35,2241,8.828452541610437
13:59:36,2241,8.828452541610437
13:59:37,2241,8.828452541610437
13:59:38,2241,8.828452541610437
13:59:39,2242,8.828452541610437
13:59:40,2242,8.828452541610437
13:59:41,2241,8.825701004648373
13:59:42,2241,8.825701004648373
13:59:43,2241,8.825701004648373
13:59:44,2240,8.825697569756976
13:59:45,2240,8.825697569756976
13:59:46,2240,8.825697569756976
13:59:47,2239,8.826076842263245
13:59:48,2238,8.822504877682725
13:59:49,2238,8.81959195919592
13:59:50,2236,8.819354354354354
13:59:51,2236,8.819354354354354
13:59:52,2236,8.819354354354354
13:59:53,2235,8.818980021030493
13:59:54,2235,8.818980021030493
13:59:55,2235,8.818980021030493
13:59:56,2234,8.818282236248873
13:59:57,2234,8.818282236248873
13:59:58,2234,8.818282236248873
13:59:59,2234,8.818282236248873
14:00:00,2234,8.818282236248873
14:00:01,2233,8.818711471959103
14:00:02,2233,8.818711471959103
14:00:03,2233,8.818711471959103
14:00:04,2232,8.819028279181708
14:00:05,2232,8.819028279181708
14:00:06,2232,8.815982559013683
14:00:07,2231,8.816320697954271
14:00:08,2231,8.816320697954271
14:00:09,2230,8.816425884123401
14:00:10,2229,8.815959048479375
14:00:11,2229,8.815959048479375
14:00:12,2229,8.812911963882618
14:00:13,2228,8.812240289069559
14:00:14,2229,8.812240289069559
14:00:15,2228,8.808837699488105
14:00:16,2228,8.808837699488105
14:00:17,2229,8.808837699488105
14:00:18,2229,8.808837699488105
14:00:19,2229,8.808837699488105
14:00:20,2229,8.808837699488105
14:00:21,2229,8.808837699488105
14:00:22,2230,8.805801354401806
14:00:23,2229,8.805118940078291
14:00:24,2229,8.805118940078291
14:00:25,2229,8.805118940078291
14:00:26,2230,8.805118940078291
14:00:27,2230,8.805118940078291
14:00:28,2230,8.805118940078291
14:00:29,2230,8.805118940078291
14:00:30,2231,8.805118940078291
14:00:31,2231,8.8021971407073
14:00:32,2231,8.8021971407073
14:00:33,2231,8.8021971407073
14:00:34,2231,8.8021971407073
14:00:35,2231,8.8021971407073
