11:00:00,0,0.0
11:00:01,0,0.0
11:00:02,0,0.0
11:00:03,0,0.0
11:00:04,0,0.0
11:00:05,0,0.0
11:00:06,0,0.0
11:00:07,0,0.0
11:00:08,0,0.0
11:00:09,0,0.0
11:00:10,0,0.0
11:00:11,0,0.0
11:00:12,0,0.0
11:00:13,0,0.0
11:00:14,0,0.0
11:00:15,0,0.0
11:00:16,0,0.0
11:00:17,0,0.0
11:00:18,0,0.0
11:00:19,0,0.0
11:00:20,0,0.0
11:00:21,0,0.0
11:00:22,0,0.0
11:00:23,0,0.0
11:00:24,0,0.0
11:00:25,0,0.0
11:00:26,0,0.0
11:00:27,1,0.0
11:00:28,2,0.0
11:00:29,3,0.0
11:00:30,3,0.0
11:00:31,4,0.0
11:00:32,5,0.0
11:00:33,6,0.0
11:00:34,6,0.0
11:00:35,7,0.0
11:00:36,8,0.0
11:00:37,9,0.0
11:00:38,9,0.0
11:00:39,11,0.0
11:00:40,13,0.0
11:00:41,13,0.0
11:00:42,13,0.0
11:00:43,15,0.0
11:00:44,16,0.0
11:00:45,16,0.0
11:00:46,16,0.0
11:00:47,19,0.0
11:00:48,19,0.0
11:00:49,19,0.0
11:00:50,20,0.0
11:00:51,22,0.0
11:00:52,22,0.0
11:00:53,23,0.0
11:00:54,24,0.0
11:00:55,25,0.0
11:00:56,25,0.0
11:00:57,25,0.0
11:00:58,27,0.0
11:00:59,28,0.0
11:01:00,29,0.0
11:01:01,30,0.0
11:01:02,30,0.0
11:01:03,32,0.0
11:01:04,33,0.0
11:01:05,33,0.0
11:01:06,34,0.0
11:01:07,35,0.0
11:01:08,35,0.0
11:01:09,35,0.0
11:01:10,37,0.0
11:01:11,37,0.0
11:01:12,38,0.0
11:01:13,38,0.0
11:01:14,38,0.0
11:01:15,39,0.0
11:01:16,39,0.0
11:01:17,39,0.0
11:01:18,42,0.0
11:01:19,42,0.0
11:01:20,43,0.0
11:01:21,43,0.0
11:01:22,43,0.0
11:01:23,46,0.0
11:01:24,46,0.0
11:01:25,46,0.0
11:01:26,46,0.0
11:01:27,48,0.0
11:01:28,48,0.0
11:01:29,50,0.0
11:01:30,50,0.0
11:01:31,51,0.0
11:01:32,51,0.0
11:01:33,53,0.0
11:01:34,54,0.0
11:01:35,55,0.0
11:01:36,55,0.0
11:01:37,56,0.0
11:01:38,56,0.0
11:01:39,57,0.0
11:01:40,59,0.0
11:01:41,59,0.0
11:01:42,60,0.0
11:01:43,62,0.0
11:01:44,63,0.0
11:01:45,63,0.0
11:01:46,65,0.0
11:01:47,66,0.0
11:01:48,66,0.0
11:01:49,66,0.0
11:01:50,69,0.0
11:01:51,69,0.0
11:01:52,70,0.0
11:01:53,71,0.0
11:01:54,72,0.0
11:01:55,73,0.0
11:01:56,75,0.0
11:01:57,75,0.0
11:01:58,75,0.0
11:01:59,77,0.0
11:02:00,78,0.0
11:02:01,78,0.0
11:02:02,80,0.0
11:02:03,81,0.0
11:02:04,81,0.0
11:02:05,81,0.0
11:02:06,82,0.0
11:02:07,83,0.0
11:02:08,83,0.0
11:02:09,83,0.0
11:02:10,83,0.0
11:02:11,84,0.0
11:02:12,85,0.0
11:02:13,85,0.0
11:02:14,85,0.0
11:02:15,86,0.0
11:02:16,86,0.0
11:02:17,87,0.0
11:02:18,88,1.8333333333333333
11:02:19,88,1.8333333333333333
11:02:20,88,1.8333333333333333
11:02:21,88,1.8333333333333333
11:02:22,89,1.8333333333333333
11:02:23,89,1.8333333333333333
11:02:24,90,1.8333333333333333
11:02:25,91,1.8333333333333333
11:02:26,91,1.8333333333333333
11:02:27,91,1.8333333333333333
11:02:28,92,1.8333333333333333
11:02:29,92,1.8333333333333333
11:02:30,93,1.8333333333333333
11:02:31,94,1.8333333333333333
11:02:32,94,1.8333333333333333
11:02:33,94,1.8333333333333333
11:02:34,95,1.8333333333333333
11:02:35,95,1.8333333333333333
11:02:36,95,1.8333333333333333
11:02:37,96,1.8958333333333333
11:02:38,96,1.8958333333333333
11:02:39,96,1.8958333333333333
11:02:40,97,1.8958333333333333
11:02:41,97,1.8958333333333333
11:02:42,97,1.9333333333333333
11:02:43,97,1.9333333333333333
11:02:44,99,1.9333333333333333
11:02:45,99,1.9333333333333333
11:02:46,99,1.9333333333333333
11:02:47,100,1.9333333333333333
11:02:48,100,1.9555555555555555
11:02:49,100,1.9555555555555555
11:02:50,102,1.9555555555555555
11:02:51,102,2.011904761904762
11:02:52,102,2.011904761904762
11:02:53,102,2.011904761904762
11:02:54,103,2.0479166666666666
11:02:55,103,2.0814814814814815
11:02:56,103,2.086666666666667
11:02:57,104,2.086666666666667
11:02:58,105,2.086666666666667
11:02:59,105,2.1075757575757574
11:03:00,105,2.1075757575757574
11:03:01,106,2.1075757575757574
11:03:02,106,2.1277777777777778
11:03:03,106,2.1277777777777778
11:03:04,107,2.1277777777777778
11:03:05,108,2.1277777777777778
11:03:06,108,2.1277777777777778
11:03:07,108,2.1277777777777778
11:03:08,108,2.1277777777777778
11:03:09,109,2.164102564102564
11:03:10,109,2.164102564102564
11:03:11,110,2.164102564102564
11:03:12,110,2.164102564102564
11:03:13,111,2.164102564102564
11:03:14,111,2.164102564102564
11:03:15,111,2.164102564102564
11:03:16,112,2.164102564102564
11:03:17,113,2.164102564102564
11:03:18,114,2.164102564102564
11:03:19,114,2.164102564102564
11:03:20,114,2.164102564102564
11:03:21,116,2.164102564102564
11:03:22,116,2.164102564102564
11:03:23,117,2.164102564102564
11:03:24,117,2.164102564102564
11:03:25,119,2.164102564102564
11:03:26,119,2.197619047619048
11:03:27,119,2.197619047619048
11:03:28,120,2.2244444444444444
11:03:29,120,2.246875
11:03:30,120,2.246875
11:03:31,120,2.246875
11:03:32,122,2.246875
11:03:33,122,2.283333333333333
11:03:34,122,2.317592592592592
11:03:35,124,2.317592592592592
11:03:36,124,2.317592592592592
11:03:37,124,2.317592592592592
11:03:38,124,2.317592592592592
11:03:39,124,2.3342105263157893
11:03:40,125,2.3633333333333337
11:03:41,125,2.3633333333333337
11:03:42,125,2.3633333333333337
11:03:43,126,2.3896825396825396
11:03:44,127,2.3896825396825396
11:03:45,127,2.422727272727273
11:03:46,127,2.422727272727273
11:03:47,127,2.422727272727273
11:03:48,127,2.442753623188406
11:03:49,128,2.442753623188406
11:03:50,128,2.442753623188406
11:03:51,128,2.442753623188406
11:03:52,129,2.442753623188406
11:03:53,130,2.442753623188406
11:03:54,130,2.442753623188406
11:03:55,130,2.442753623188406
11:03:56,130,2.442753623188406
11:03:57,130,2.442753623188406
11:03:58,130,2.488
11:03:59,130,2.488
11:04:00,130,2.488
11:04:01,130,2.488
11:04:02,131,2.488
11:04:03,131,2.488
11:04:04,131,2.488
11:04:05,131,2.488
11:04:06,131,2.488
11:04:07,131,2.5128205128205128
11:04:08,131,2.5128205128205128
11:04:09,131,2.5128205128205128
11:04:10,131,2.5128205128205128
11:04:11,132,2.5128205128205128
11:04:12,132,2.5128205128205128
11:04:13,133,2.5128205128205128
11:04:14,133,2.534567901234568
11:04:15,133,2.5488095238095236
11:04:16,133,2.5781609195402297
11:04:17,134,2.597777777777778
11:04:18,135,2.597777777777778
11:04:19,135,2.597777777777778
11:04:20,135,2.597777777777778
11:04:21,136,2.597777777777778
11:04:22,136,2.6411458333333333
11:04:23,136,2.6411458333333333
11:04:24,136,2.6411458333333333
11:04:25,137,2.665151515151515
11:04:26,137,2.665151515151515
11:04:27,137,2.665151515151515
11:04:28,137,2.683333333333333
11:04:29,138,2.683333333333333
11:04:30,138,2.683333333333333
11:04:31,138,2.683333333333333
11:04:32,139,2.7076190476190476
11:04:33,139,2.7076190476190476
11:04:34,139,2.7076190476190476
11:04:35,139,2.7076190476190476
11:04:36,139,2.7076190476190476
11:04:37,139,2.7076190476190476
11:04:38,140,2.7076190476190476
11:04:39,140,2.7076190476190476
11:04:40,140,2.7076190476190476
11:04:41,140,2.7076190476190476
11:04:42,140,2.7076190476190476
11:04:43,140,2.7076190476190476
11:04:44,141,2.734259259259259
11:04:45,141,2.734259259259259
11:04:46,141,2.734259259259259
11:04:47,141,2.734259259259259
11:04:48,141,2.7536036036036036
11:04:49,142,2.7536036036036036
11:04:50,142,2.7536036036036036
11:04:51,142,2.7536036036036036
11:04:52,142,2.7820175438596495
11:04:53,143,2.7820175438596495
11:04:54,143,2.798717948717949
11:04:55,143,2.798717948717949
11:04:56,143,2.798717948717949
11:04:57,143,2.8229166666666665
11:04:58,143,2.8229166666666665
11:04:59,143,2.8447154471544716
11:05:00,143,2.8702380952380953
11:05:01,144,2.8702380952380953
11:05:02,144,2.8702380952380953
11:05:03,144,2.8702380952380953
11:05:04,144,2.8821705426356585
11:05:05,145,2.8821705426356585
11:05:06,145,2.8821705426356585
11:05:07,145,2.8821705426356585
11:05:08,146,2.8821705426356585
11:05:09,146,2.900378787878788
11:05:10,146,2.900378787878788
11:05:11,146,2.914814814814815
11:05:12,147,2.914814814814815
11:05:13,147,2.914814814814815
11:05:14,147,2.914814814814815
11:05:15,149,2.914814814814815
11:05:16,149,2.914814814814815
11:05:17,149,2.914814814814815
11:05:18,150,2.914814814814815
11:05:19,150,2.914814814814815
11:05:20,150,2.914814814814815
11:05:21,150,2.9373188405797097
11:05:22,151,2.9373188405797097
11:05:23,151,2.9373188405797097
11:05:24,151,2.9517730496453902
11:05:25,152,2.970486111111111
11:05:26,152,2.970486111111111
11:05:27,152,2.970486111111111
11:05:28,152,2.970486111111111
11:05:29,153,2.970486111111111
11:05:30,153,2.989455782312925
11:05:31,153,3.0245098039215685
11:05:32,153,3.0245098039215685
11:05:33,153,3.0435897435897434
11:05:34,153,3.0663522012578617
11:05:35,153,3.0663522012578617
11:05:36,153,3.0663522012578617
11:05:37,153,3.0663522012578617
11:05:38,153,3.0663522012578617
11:05:39,153,3.0882716049382717
11:05:40,154,3.0882716049382717
11:05:41,154,3.0882716049382717
11:05:42,154,3.0882716049382717
11:05:43,154,3.0882716049382717
11:05:44,155,3.0882716049382717
11:05:45,155,3.0882716049382717
11:05:46,155,3.0882716049382717
11:05:47,156,3.0882716049382717
11:05:48,156,3.0882716049382717
11:05:49,156,3.0882716049382717
11:05:50,157,3.0882716049382717
11:05:51,157,3.104242424242424
11:05:52,157,3.104242424242424
11:05:53,158,3.130357142857143
11:05:54,158,3.130357142857143
11:05:55,158,3.130357142857143
11:05:56,158,3.154970760233918
11:05:57,159,3.154970760233918
11:05:58,159,3.1701149425287354
11:05:59,159,3.1701149425287354
11:06:00,159,3.1701149425287354
11:06:01,160,3.1701149425287354
11:06:02,160,3.189265536723164
11:06:03,160,3.189265536723164
11:06:04,160,3.189265536723164
11:06:05,160,3.2066666666666666
11:06:06,161,3.2066666666666666
11:06:07,161,3.2066666666666666
11:06:08,161,3.2066666666666666
11:06:09,162,3.2066666666666666
11:06:10,163,3.2066666666666666
11:06:11,163,3.230874316939891
11:06:12,164,3.230874316939891
11:06:13,164,3.2446236559139785
11:06:14,164,3.2446236559139785
11:06:15,165,3.2685185185185186
11:06:16,165,3.2685185185185186
11:06:17,165,3.2685185185185186
11:06:18,166,3.288802083333333
11:06:19,166,3.288802083333333
11:06:20,166,3.288802083333333
11:06:21,166,3.308974358974359
11:06:22,167,3.308974358974359
11:06:23,167,3.308974358974359
11:06:24,167,3.308974358974359
11:06:25,167,3.308974358974359
11:06:26,167,3.308974358974359
11:06:27,168,3.308974358974359
11:06:28,168,3.3265151515151516
11:06:29,168,3.3265151515151516
11:06:30,169,3.3490049751243784
11:06:31,169,3.3583333333333334
11:06:32,169,3.3583333333333334
11:06:33,169,3.3583333333333334
11:06:34,169,3.3583333333333334
11:06:35,170,3.3583333333333334
11:06:36,170,3.3583333333333334
11:06:37,170,3.3583333333333334
11:06:38,170,3.3583333333333334
11:06:39,171,3.3731884057971016
11:06:40,171,3.3731884057971016
11:06:41,171,3.415492957746479
11:06:42,172,3.415492957746479
11:06:43,172,3.415492957746479
11:06:44,172,3.429398148148148
11:06:45,173,3.429398148148148
11:06:46,173,3.429398148148148
11:06:47,173,3.429398148148148
11:06:48,173,3.445205479452055
11:06:49,174,3.4664414414414413
11:06:50,174,3.4664414414414413
11:06:51,174,3.4664414414414413
11:06:52,175,3.4664414414414413
11:06:53,175,3.4664414414414413
11:06:54,175,3.4664414414414413
11:06:55,176,3.487777777777778
11:06:56,176,3.487777777777778
11:06:57,176,3.487777777777778
11:06:58,177,3.487777777777778
11:06:59,177,3.500657894736842
11:07:00,177,3.500657894736842
11:07:01,177,3.5216450216450217
11:07:02,178,3.5216450216450217
11:07:03,179,3.5216450216450217
11:07:04,179,3.54508547008547
11:07:05,180,3.54508547008547
11:07:06,181,3.54508547008547
11:07:07,181,3.54508547008547
11:07:08,182,3.54508547008547
11:07:09,182,3.566033755274262
11:07:10,182,3.566033755274262
11:07:11,182,3.566033755274262
11:07:12,182,3.566033755274262
11:07:13,183,3.566033755274262
11:07:14,183,3.566033755274262
11:07:15,183,3.566033755274262
11:07:16,183,3.566033755274262
11:07:17,184,3.566033755274262
11:07:18,184,3.5852083333333336
11:07:19,184,3.5852083333333336
11:07:20,184,3.6078189300411525
11:07:21,184,3.6078189300411525
11:07:22,185,3.6078189300411525
11:07:23,185,3.6078189300411525
11:07:24,185,3.6078189300411525
11:07:25,185,3.630487804878049
11:07:26,186,3.630487804878049
11:07:27,186,3.630487804878049
11:07:28,186,3.630487804878049
11:07:29,187,3.630487804878049
11:07:30,187,3.630487804878049
11:07:31,187,3.630487804878049
11:07:32,187,3.630487804878049
11:07:33,188,3.630487804878049
11:07:34,188,3.630487804878049
11:07:35,188,3.630487804878049
11:07:36,188,3.630487804878049
11:07:37,189,3.649397590361446
11:07:38,189,3.6748015873015873
11:07:39,189,3.6748015873015873
11:07:40,189,3.6947058823529413
11:07:41,190,3.6947058823529413
11:07:42,190,3.6947058823529413
11:07:43,190,3.6947058823529413
11:07:44,190,3.732950191570881
11:07:45,190,3.732950191570881
11:07:46,191,3.732950191570881
11:07:47,191,3.732950191570881
11:07:48,191,3.732950191570881
11:07:49,192,3.732950191570881
11:07:50,192,3.7754681647940074
11:07:51,192,3.7754681647940074
11:07:52,192,3.7754681647940074
11:07:53,193,3.7754681647940074
11:07:54,194,3.798888888888889
11:07:55,195,3.798888888888889
11:07:56,196,3.798888888888889
11:07:57,196,3.798888888888889
11:07:58,197,3.798888888888889
11:07:59,199,3.807875457875458
11:08:00,199,3.807875457875458
11:08:01,199,3.816666666666667
11:08:02,199,3.816666666666667
11:08:03,199,3.8344086021505377
11:08:04,199,3.8344086021505377
11:08:05,199,3.8344086021505377
11:08:06,199,3.8344086021505377
11:08:07,200,3.8344086021505377
11:08:08,200,3.8344086021505377
11:08:09,200,3.854964539007092
11:08:10,200,3.8792982456140352
11:08:11,200,3.8792982456140352
11:08:12,200,3.8792982456140352
11:08:13,200,3.8792982456140352
11:08:14,200,3.8855902777777778
11:08:15,200,3.8855902777777778
11:08:16,200,3.8855902777777778
11:08:17,200,3.8855902777777778
11:08:18,200,3.901718213058419
11:08:19,200,3.901718213058419
11:08:20,201,3.901718213058419
11:08:21,202,3.9261904761904765
11:08:22,202,3.9261904761904765
11:08:23,202,3.9261904761904765
11:08:24,202,3.9261904761904765
11:08:25,203,3.9261904761904765
11:08:26,203,3.947138047138047
11:08:27,203,3.947138047138047
11:08:28,204,3.947138047138047
11:08:29,204,3.947138047138047
11:08:30,204,3.947138047138047
11:08:31,204,3.9680000000000004
11:08:32,205,3.9680000000000004
11:08:33,205,3.9680000000000004
11:08:34,205,3.9719471947194718
11:08:35,205,3.9719471947194718
11:08:36,206,3.985130718954248
11:08:37,206,3.985130718954248
11:08:38,206,3.985130718954248
11:08:39,207,3.985130718954248
11:08:40,207,4.003883495145631
11:08:41,207,4.003883495145631
11:08:42,207,4.021634615384616
11:08:43,208,4.021634615384616
11:08:44,208,4.021634615384616
11:08:45,208,4.046507936507937
11:08:46,209,4.046507936507937
11:08:47,210,4.046507936507937
11:08:48,210,4.046507936507937
11:08:49,210,4.046507936507937
11:08:50,210,4.046507936507937
11:08:51,210,4.046507936507937
11:08:52,210,4.046507936507937
11:08:53,210,4.064622641509434
11:08:54,210,4.064622641509434
11:08:55,210,4.076323987538941
11:08:56,210,4.076323987538941
11:08:57,210,4.076323987538941
11:08:58,210,4.076323987538941
11:08:59,210,4.076323987538941
11:09:00,210,4.096450617283951
11:09:01,210,4.096450617283951
11:09:02,210,4.096450617283951
11:09:03,210,4.102293577981651
11:09:04,210,4.102293577981651
11:09:05,211,4.102293577981651
11:09:06,212,4.112272727272727
11:09:07,212,4.120870870870871
11:09:08,212,4.138541666666667
11:09:09,212,4.138541666666667
11:09:10,212,4.138541666666667
11:09:11,212,4.138541666666667
11:09:12,212,4.138541666666667
11:09:13,212,4.156194690265487
11:09:14,212,4.146491228070175
11:09:15,212,4.146491228070175
11:09:16,213,4.146491228070175
11:09:17,213,4.146491228070175
11:09:18,213,4.146491228070175
11:09:19,214,4.146491228070175
11:09:20,215,4.146491228070175
11:09:21,215,4.146491228070175
11:09:22,215,4.146491228070175
11:09:23,215,4.165072463768116
11:09:24,215,4.165072463768116
11:09:25,216,4.165072463768116
11:09:26,216,4.165072463768116
11:09:27,216,4.165072463768116
11:09:28,216,4.165072463768116
11:09:29,216,4.165072463768116
11:09:30,216,4.186925287356321
11:09:31,216,4.186925287356321
11:09:32,216,4.204415954415954
11:09:33,216,4.204415954415954
11:09:34,216,4.204415954415954
11:09:35,216,4.2248587570621465
11:09:36,216,4.2248587570621465
11:09:37,216,4.2248587570621465
11:09:38,216,4.2248587570621465
11:09:39,216,4.2248587570621465
11:09:40,216,4.2248587570621465
11:09:41,216,4.2248587570621465
11:09:42,216,4.243977591036415
11:09:43,216,4.243977591036415
11:09:44,216,4.243977591036415
11:09:45,216,4.243977591036415
11:09:46,216,4.243977591036415
11:09:47,216,4.243977591036415
11:09:48,216,4.243977591036415
11:09:49,216,4.260833333333333
11:09:50,216,4.260833333333333
11:09:51,216,4.260833333333333
11:09:52,216,4.260833333333333
11:09:53,216,4.260833333333333
11:09:54,216,4.260833333333333
11:09:55,216,4.260833333333333
11:09:56,216,4.249311294765841
11:09:57,216,4.249311294765841
11:09:58,216,4.270218579234973
11:09:59,216,4.273848238482385
11:10:00,216,4.273848238482385
11:10:01,216,4.273848238482385
11:10:02,216,4.256182795698924
11:10:03,216,4.256182795698924
11:10:04,216,4.245866666666667
11:10:05,216,4.245866666666667
11:10:06,216,4.245866666666667
11:10:07,216,4.245866666666667
11:10:08,216,4.264021164021164
11:10:09,216,4.264021164021164
11:10:10,218,4.264021164021164
11:10:11,218,4.264021164021164
11:10:12,218,4.264021164021164
11:10:13,219,4.264021164021164
11:10:14,219,4.264021164021164
11:10:15,219,4.264021164021164
11:10:16,220,4.248818897637795
11:10:17,220,4.248818897637795
11:10:18,220,4.268880208333333
11:10:19,220,4.268880208333333
11:10:20,221,4.268880208333333
11:10:21,221,4.268880208333333
11:10:22,221,4.293023255813953
11:10:23,221,4.293023255813953
11:10:24,221,4.315128205128205
11:10:25,221,4.315128205128205
11:10:26,222,4.315128205128205
11:10:27,222,4.315128205128205
11:10:28,222,4.301781170483461
11:10:29,222,4.301781170483461
11:10:30,222,4.301781170483461
11:10:31,222,4.301781170483461
11:10:32,222,4.323484848484849
11:10:33,222,4.323484848484849
11:10:34,222,4.323484848484849
11:10:35,222,4.323484848484849
11:10:36,222,4.323484848484849
11:10:37,222,4.323484848484849
11:10:38,222,4.323484848484849
11:10:39,222,4.323484848484849
11:10:40,222,4.323484848484849
11:10:41,222,4.323484848484849
11:10:42,222,4.323484848484849
11:10:43,222,4.323484848484849
11:10:44,223,4.323484848484849
11:10:45,223,4.323484848484849
11:10:46,223,4.323484848484849
11:10:47,223,4.323484848484849
11:10:48,223,4.323484848484849
11:10:49,223,4.323484848484849
11:10:50,224,4.3124060150375945
11:10:51,224,4.3124060150375945
11:10:52,224,4.3124060150375945
11:10:53,224,4.334950248756218
11:10:54,224,4.334950248756218
11:10:55,224,4.334950248756218
11:10:56,224,4.334950248756218
11:10:57,224,4.334950248756218
11:10:58,224,4.334950248756218
11:10:59,225,4.334950248756218
11:11:00,225,4.351481481481482
11:11:01,225,4.340686274509804
11:11:02,225,4.362652068126521
11:11:03,225,4.362652068126521
11:11:04,226,4.362652068126521
11:11:05,226,4.362652068126521
11:11:06,227,4.362652068126521
11:11:07,227,4.3536231884057965
11:11:08,227,4.3536231884057965
11:11:09,227,4.3392086330935244
11:11:10,227,4.3392086330935244
11:11:11,228,4.3392086330935244
11:11:12,228,4.364523809523809
11:11:13,228,4.364523809523809
11:11:14,229,4.353900709219858
11:11:15,229,4.353900709219858
11:11:16,229,4.378403755868545
11:11:17,230,4.378403755868545
11:11:18,230,4.378403755868545
11:11:19,230,4.378403755868545
11:11:20,230,4.378403755868545
11:11:21,231,4.401048951048951
11:11:22,231,4.401048951048951
11:11:23,231,4.420138888888888
11:11:24,231,4.420138888888888
11:11:25,232,4.420138888888888
11:11:26,232,4.405747126436782
11:11:27,232,4.405747126436782
11:11:28,232,4.405747126436782
11:11:29,232,4.405747126436782
11:11:30,232,4.405747126436782
11:11:31,233,4.405747126436782
11:11:32,233,4.405747126436782
11:11:33,233,4.405747126436782
11:11:34,233,4.420319634703196
11:11:35,234,4.420319634703196
11:11:36,234,4.406009070294784
11:11:37,234,4.406009070294784
11:11:38,235,4.406009070294784
11:11:39,235,4.406009070294784
11:11:40,236,4.406009070294784
11:11:41,237,4.416442953020135
11:11:42,237,4.416442953020135
11:11:43,237,4.416442953020135
11:11:44,237,4.416442953020135
11:11:45,237,4.416442953020135
11:11:46,237,4.416442953020135
11:11:47,237,4.416442953020135
11:11:48,237,4.416442953020135
11:11:49,238,4.416442953020135
11:11:50,238,4.416442953020135
11:11:51,238,4.431222222222222
11:11:52,238,4.431222222222222
11:11:53,239,4.431222222222222
11:11:54,239,4.431222222222222
11:11:55,239,4.431222222222222
11:11:56,239,4.431222222222222
11:11:57,239,4.431222222222222
11:11:58,239,4.431222222222222
11:11:59,239,4.431222222222222
11:12:00,239,4.431222222222222
11:12:01,239,4.431222222222222
11:12:02,239,4.4588300220750545
11:12:03,239,4.4588300220750545
11:12:04,239,4.46797385620915
11:12:05,239,4.46797385620915
11:12:06,239,4.492316017316017
11:12:07,239,4.492316017316017
11:12:08,239,4.492316017316017
11:12:09,239,4.492316017316017
11:12:10,239,4.492316017316017
11:12:11,239,4.514193548387097
11:12:12,239,4.514193548387097
11:12:13,239,4.514193548387097
11:12:14,239,4.535683760683761
11:12:15,239,4.51995753715499
11:12:16,239,4.51995753715499
11:12:17,239,4.51995753715499
11:12:18,239,4.51995753715499
11:12:19,239,4.51995753715499
11:12:20,239,4.51995753715499
11:12:21,239,4.51995753715499
11:12:22,239,4.51995753715499
11:12:23,239,4.51995753715499
11:12:24,240,4.51995753715499
11:12:25,240,4.51995753715499
11:12:26,240,4.51995753715499
11:12:27,240,4.511075949367088
11:12:28,240,4.511075949367088
11:12:29,240,4.511075949367088
11:12:30,240,4.530922431865829
11:12:31,240,4.5171875
11:12:32,240,4.5171875
11:12:33,241,4.5171875
11:12:34,241,4.503623188405797
11:12:35,241,4.519547325102881
11:12:36,241,4.519547325102881
11:12:37,241,4.519547325102881
11:12:38,241,4.519547325102881
11:12:39,241,4.519547325102881
11:12:40,241,4.519547325102881
11:12:41,241,4.519547325102881
11:12:42,241,4.519547325102881
11:12:43,241,4.519547325102881
11:12:44,241,4.519547325102881
11:12:45,241,4.519547325102881
11:12:46,241,4.519547325102881
11:12:47,241,4.519547325102881
11:12:48,241,4.519547325102881
11:12:49,241,4.519547325102881
11:12:50,241,4.538241308793456
11:12:51,241,4.538241308793456
11:12:52,241,4.565650406504065
11:12:53,241,4.565650406504065
11:12:54,241,4.565650406504065
11:12:55,241,4.588989898989898
11:12:56,241,4.588989898989898
11:12:57,242,4.588989898989898
11:12:58,242,4.604819277108434
11:12:59,242,4.604819277108434
11:13:00,242,4.604819277108434
11:13:01,243,4.626746506986028
11:13:02,243,4.626746506986028
11:13:03,243,4.626746506986028
11:13:04,244,4.626746506986028
11:13:05,244,4.626746506986028
11:13:06,244,4.626746506986028
11:13:07,244,4.626746506986028
11:13:08,245,4.626746506986028
11:13:09,245,4.626746506986028
11:13:10,245,4.626746506986028
11:13:11,246,4.626746506986028
11:13:12,246,4.626746506986028
11:13:13,246,4.626746506986028
11:13:14,246,4.626746506986028
11:13:15,247,4.626746506986028
11:13:16,247,4.626746506986028
11:13:17,247,4.626746506986028
11:13:18,247,4.626746506986028
11:13:19,247,4.616269841269841
11:13:20,247,4.616269841269841
11:13:21,247,4.606706114398422
11:13:22,247,4.606706114398422
11:13:23,247,4.623921568627451
11:13:24,247,4.623921568627451
11:13:25,247,4.623921568627451
11:13:26,247,4.631879844961241
11:13:27,248,4.631879844961241
11:13:28,248,4.631879844961241
11:13:29,248,4.631879844961241
11:13:30,248,4.631879844961241
11:13:31,248,4.631879844961241
11:13:32,248,4.631879844961241
11:13:33,248,4.631879844961241
11:13:34,248,4.631879844961241
11:13:35,248,4.631879844961241
11:13:36,248,4.631879844961241
11:13:37,248,4.631879844961241
11:13:38,249,4.631879844961241
11:13:39,249,4.631879844961241
11:13:40,249,4.657803468208092
11:13:41,249,4.657803468208092
11:13:42,249,4.657803468208092
11:13:43,249,4.680555555555555
11:13:44,249,4.680555555555555
11:13:45,249,4.680555555555555
11:13:46,249,4.680555555555555
11:13:47,249,4.696761904761904
11:13:48,249,4.696761904761904
11:13:49,249,4.696761904761904
11:13:50,249,4.696761904761904
11:13:51,249,4.696761904761904
11:13:52,249,4.717992424242424
11:13:53,249,4.717992424242424
11:13:54,249,4.7030131826742
11:13:55,249,4.7030131826742
11:13:56,249,4.720505617977528
11:13:57,249,4.720505617977528
11:13:58,249,4.720505617977528
11:13:59,249,4.737523277467412
11:14:00,249,4.737523277467412
11:14:01,249,4.724166666666666
11:14:02,249,4.724166666666666
11:14:03,249,4.724166666666666
11:14:04,249,4.724166666666666
11:14:05,249,4.724166666666666
11:14:06,250,4.724166666666666
11:14:07,250,4.724166666666666
11:14:08,250,4.724166666666666
11:14:09,250,4.724166666666666
11:14:10,250,4.724166666666666
11:14:11,250,4.724166666666666
11:14:12,250,4.724166666666666
11:14:13,250,4.710865561694291
11:14:14,250,4.710865561694291
11:14:15,250,4.710865561694291
11:14:16,250,4.710865561694291
11:14:17,250,4.710865561694291
11:14:18,251,4.710865561694291
11:14:19,251,4.710865561694291
11:14:20,251,4.710865561694291
11:14:21,251,4.710865561694291
11:14:22,252,4.710865561694291
11:14:23,252,4.710865561694291
11:14:24,253,4.710865561694291
11:14:25,253,4.710865561694291
11:14:26,253,4.710865561694291
11:14:27,253,4.710865561694291
11:14:28,253,4.710865561694291
11:14:29,253,4.710865561694291
11:14:30,254,4.737728937728938
11:14:31,254,4.737728937728938
11:14:32,254,4.737728937728938
11:14:33,255,4.737728937728938
11:14:34,255,4.737728937728938
11:14:35,255,4.737728937728938
11:14:36,255,4.737728937728938
11:14:37,255,4.737728937728938
11:14:38,256,4.723132969034609
11:14:39,257,4.723132969034609
11:14:40,257,4.723132969034609
11:14:41,258,4.723132969034609
11:14:42,258,4.723132969034609
11:14:43,258,4.723132969034609
11:14:44,259,4.745471014492753
11:14:45,260,4.745471014492753
11:14:46,260,4.732522522522523
11:14:47,262,4.757974910394266
11:14:48,262,4.757974910394266
11:14:49,263,4.777629233511587
11:14:50,264,4.777629233511587
11:14:51,264,4.802570921985816
11:14:52,265,4.802570921985816
11:14:53,266,4.802570921985816
11:14:54,266,4.821075837742504
11:14:55,266,4.821075837742504
11:14:56,267,4.821075837742504
11:14:57,268,4.821075837742504
11:14:58,268,4.821075837742504
11:14:59,268,4.821075837742504
11:15:00,269,4.821075837742504
11:15:01,270,4.821075837742504
11:15:02,270,4.821075837742504
11:15:03,270,4.821075837742504
11:15:04,271,4.821075837742504
11:15:05,272,4.821075837742504
11:15:06,273,4.821075837742504
11:15:07,273,4.821075837742504
11:15:08,273,4.821075837742504
11:15:09,273,4.840087719298245
11:15:10,274,4.840087719298245
11:15:11,274,4.840087719298245
11:15:12,274,4.840087719298245
11:15:13,275,4.840087719298245
11:15:14,275,4.840087719298245
11:15:15,275,4.840087719298245
11:15:16,275,4.840087719298245
11:15:17,276,4.840087719298245
11:15:18,276,4.859075043630018
11:15:19,276,4.859075043630018
11:15:20,277,4.859075043630018
11:15:21,277,4.859075043630018
11:15:22,278,4.859075043630018
11:15:23,278,4.859075043630018
11:15:24,278,4.859075043630018
11:15:25,279,4.859075043630018
11:15:26,279,4.859075043630018
11:15:27,279,4.859075043630018
11:15:28,279,4.859075043630018
11:15:29,279,4.859075043630018
11:15:30,279,4.859075043630018
11:15:31,281,4.859075043630018
11:15:32,281,4.859075043630018
11:15:33,281,4.859075043630018
11:15:34,282,4.859075043630018
11:15:35,282,4.859075043630018
11:15:36,282,4.885416666666667
11:15:37,282,4.885416666666667
11:15:38,283,4.911053540587219
11:15:39,284,4.911053540587219
11:15:40,285,4.911053540587219
11:15:41,286,4.911053540587219
11:15:42,286,4.911053540587219
11:15:43,287,4.911053540587219
11:15:44,287,4.911053540587219
11:15:45,288,4.911053540587219
11:15:46,289,4.9312714776632305
11:15:47,289,4.9312714776632305
11:15:48,291,4.955384615384616
11:15:49,291,4.955384615384616
11:15:50,291,4.955384615384616
11:15:51,292,4.975340136054422
11:15:52,292,4.975340136054422
11:15:53,293,4.975340136054422
11:15:54,293,4.975340136054422
11:15:55,294,4.975340136054422
11:15:56,294,4.975340136054422
11:15:57,295,4.975340136054422
11:15:58,296,4.975340136054422
11:15:59,296,4.975340136054422
11:16:00,297,4.975340136054422
11:16:01,298,4.975340136054422
11:16:02,298,4.975340136054422
11:16:03,298,4.975340136054422
11:16:04,300,4.975340136054422
11:16:05,301,4.975340136054422
11:16:06,302,4.975340136054422
11:16:07,302,4.994839255499154
11:16:08,303,4.994839255499154
11:16:09,303,4.994839255499154
11:16:10,304,4.994839255499154
11:16:11,304,4.994839255499154
11:16:12,305,4.994839255499154
11:16:13,306,4.994839255499154
11:16:14,306,4.994839255499154
11:16:15,306,4.994839255499154
11:16:16,308,4.994839255499154
11:16:17,308,4.994839255499154
11:16:18,308,4.994839255499154
11:16:19,309,4.994839255499154
11:16:20,310,4.994839255499154
11:16:21,310,4.994839255499154
11:16:22,311,4.994839255499154
11:16:23,312,4.994839255499154
11:16:24,312,4.994839255499154
11:16:25,313,4.994839255499154
11:16:26,313,5.020707070707071
11:16:27,315,5.004522613065327
11:16:28,316,5.004522613065327
11:16:29,316,5.03175
11:16:30,316,5.03175
11:16:31,317,5.03175
11:16:32,317,5.03175
11:16:33,317,5.03175
11:16:34,318,5.03175
11:16:35,318,5.052155887230514
11:16:36,318,5.052155887230514
11:16:37,319,5.052155887230514
11:16:38,320,5.077227722772277
11:16:39,320,5.077227722772277
11:16:40,320,5.077227722772277
11:16:41,321,5.09679802955665
11:16:42,322,5.1051219512195125
11:16:43,322,5.1051219512195125
11:16:44,323,5.1051219512195125
11:16:45,323,5.1051219512195125
11:16:46,323,5.091747572815534
11:16:47,325,5.091747572815534
11:16:48,325,5.0772946859903385
11:16:49,325,5.0772946859903385
11:16:50,326,5.0772946859903385
11:16:51,327,5.064102564102565
11:16:52,327,5.064102564102565
11:16:53,328,5.064102564102565
11:16:54,329,5.064102564102565
11:16:55,329,5.04976076555024
11:16:56,330,5.04976076555024
11:16:57,330,5.04976076555024
11:16:58,330,5.04976076555024
11:16:59,331,5.04976076555024
11:17:00,332,5.04976076555024
11:17:01,332,5.066031746031745
11:17:02,332,5.066031746031745
11:17:03,332,5.066031746031745
11:17:04,332,5.066031746031745
11:17:05,332,5.066031746031745
11:17:06,332,5.066031746031745
11:17:07,333,5.066031746031745
11:17:08,333,5.066031746031745
11:17:09,333,5.0861769352290676
11:17:10,333,5.0861769352290676
11:17:11,334,5.0861769352290676
11:17:12,334,5.0861769352290676
11:17:13,335,5.0861769352290676
11:17:14,335,5.0861769352290676
11:17:15,335,5.0861769352290676
11:17:16,335,5.11312893081761
11:17:17,335,5.11312893081761
11:17:18,336,5.11312893081761
11:17:19,336,5.139123630672927
11:17:20,336,5.139123630672927
11:17:21,337,5.139123630672927
11:17:22,337,5.139123630672927
11:17:23,337,5.139123630672927
11:17:24,337,5.139123630672927
11:17:25,337,5.139123630672927
11:17:26,337,5.139123630672927
11:17:27,337,5.139123630672927
11:17:28,337,5.139123630672927
11:17:29,337,5.16386292834891
11:17:30,337,5.16386292834891
11:17:31,337,5.172222222222222
11:17:32,337,5.172222222222222
11:17:33,337,5.172222222222222
11:17:34,337,5.193471582181259
11:17:35,337,5.193471582181259
11:17:36,337,5.193471582181259
11:17:37,337,5.2188837920489295
11:17:38,337,5.2188837920489295
11:17:39,337,5.2188837920489295
11:17:40,337,5.2188837920489295
11:17:41,337,5.209284627092846
11:17:42,337,5.209284627092846
11:17:43,337,5.209284627092846
11:17:44,338,5.198939393939394
11:17:45,338,5.198939393939394
11:17:46,338,5.189064856711915
11:17:47,338,5.189064856711915
11:17:48,338,5.179804804804805
11:17:49,339,5.179804804804805
11:17:50,340,5.169431988041853
11:17:51,340,5.169431988041853
11:17:52,341,5.169431988041853
11:17:53,341,5.169431988041853
11:17:54,342,5.169431988041853
11:17:55,342,5.169431988041853
11:17:56,342,5.169431988041853
11:17:57,343,5.169431988041853
11:17:58,343,5.169431988041853
11:17:59,344,5.169431988041853
11:18:00,344,5.169431988041853
11:18:01,345,5.169431988041853
11:18:02,345,5.169431988041853
11:18:03,345,5.169431988041853
11:18:04,346,5.169431988041853
11:18:05,346,5.188095238095238
11:18:06,347,5.215407407407407
11:18:07,347,5.215407407407407
11:18:08,347,5.215407407407407
11:18:09,347,5.215407407407407
11:18:10,348,5.215407407407407
11:18:11,348,5.215407407407407
11:18:12,348,5.215407407407407
11:18:13,349,5.215407407407407
11:18:14,349,5.207522123893805
11:18:15,349,5.207522123893805
11:18:16,350,5.207522123893805
11:18:17,350,5.207522123893805
11:18:18,351,5.225036710719531
11:18:19,352,5.225036710719531
11:18:20,352,5.225036710719531
11:18:21,352,5.225036710719531
11:18:22,353,5.251315789473684
11:18:23,353,5.251315789473684
11:18:24,353,5.265217391304348
11:18:25,354,5.265217391304348
11:18:26,354,5.265217391304348
11:18:27,354,5.280890804597702
11:18:28,354,5.280890804597702
11:18:29,355,5.306509298998569
11:18:30,355,5.306509298998569
11:18:31,355,5.306509298998569
11:18:32,357,5.306509298998569
11:18:33,357,5.297720797720798
11:18:34,357,5.297720797720798
11:18:35,358,5.297720797720798
11:18:36,358,5.289503546099291
11:18:37,359,5.289503546099291
11:18:38,359,5.289503546099291
11:18:39,360,5.289503546099291
11:18:40,360,5.289503546099291
11:18:41,360,5.289503546099291
11:18:42,361,5.289503546099291
11:18:43,361,5.313771186440678
11:18:44,361,5.313771186440678
11:18:45,361,5.313771186440678
11:18:46,361,5.313771186440678
11:18:47,361,5.313771186440678
11:18:48,361,5.313771186440678
11:18:49,361,5.313771186440678
11:18:50,361,5.313771186440678
11:18:51,361,5.313771186440678
11:18:52,361,5.313771186440678
11:18:53,361,5.3073136427566805
11:18:54,361,5.3073136427566805
11:18:55,361,5.317787114845939
11:18:56,361,5.317787114845939
11:18:57,361,5.317787114845939
11:18:58,361,5.317787114845939
11:18:59,362,5.317787114845939
11:19:00,362,5.310460251046025
11:19:01,362,5.310460251046025
11:19:02,364,5.331736111111111
11:19:03,364,5.331736111111111
11:19:04,364,5.331736111111111
11:19:05,364,5.331736111111111
11:19:06,366,5.324204702627939
11:19:07,367,5.336363636363637
11:19:08,367,5.336363636363637
11:19:09,367,5.336363636363637
11:19:10,368,5.336363636363637
11:19:11,370,5.336363636363637
11:19:12,370,5.362277091906721
11:19:13,371,5.362277091906721
11:19:14,372,5.362277091906721
11:19:15,373,5.383196721311475
11:19:16,374,5.383196721311475
11:19:17,375,5.409319727891156
11:19:18,375,5.404674796747967
11:19:19,376,5.404674796747967
11:19:20,378,5.404674796747967
11:19:21,379,5.404674796747967
11:19:22,380,5.404674796747967
11:19:23,380,5.404674796747967
11:19:24,383,5.404674796747967
11:19:25,383,5.404674796747967
11:19:26,385,5.398582995951417
11:19:27,386,5.398582995951417
11:19:28,387,5.398582995951417
11:19:29,388,5.398582995951417
11:19:30,388,5.392204301075269
11:19:31,388,5.392204301075269
11:19:32,389,5.41512717536814
11:19:33,389,5.408733333333333
11:19:34,390,5.408733333333333
11:19:35,392,5.408733333333333
11:19:36,392,5.428021248339974
11:19:37,392,5.422685185185185
11:19:38,394,5.422685185185185
11:19:39,394,5.422685185185185
11:19:40,395,5.422685185185185
11:19:41,396,5.434123847167325
11:19:42,398,5.434123847167325
11:19:43,399,5.434123847167325
11:19:44,400,5.445406824146982
11:19:45,400,5.442352941176471
11:19:46,401,5.442352941176471
11:19:47,403,5.442352941176471
11:19:48,403,5.442352941176471
11:19:49,405,5.442352941176471
11:19:50,407,5.442352941176471
11:19:51,407,5.442352941176471
11:19:52,408,5.442352941176471
11:19:53,410,5.442352941176471
11:19:54,411,5.442352941176471
11:19:55,412,5.442352941176471
11:19:56,412,5.442352941176471
11:19:57,413,5.442352941176471
11:19:58,413,5.442352941176471
11:19:59,415,5.442352941176471
11:20:00,415,5.442352941176471
11:20:01,416,5.466145833333333
11:20:02,417,5.466145833333333
11:20:03,417,5.466145833333333
11:20:04,417,5.479831387808042
11:20:05,417,5.479831387808042
11:20:06,418,5.479831387808042
11:20:07,419,5.479831387808042
11:20:08,419,5.475129198966409
11:20:09,419,5.495366795366795
11:20:10,421,5.495366795366795
11:20:11,421,5.491217948717948
11:20:12,421,5.491217948717948
11:20:13,424,5.487037037037037
11:20:14,424,5.487037037037037
11:20:15,424,5.487037037037037
11:20:16,424,5.487037037037037
11:20:17,427,5.487037037037037
11:20:18,427,5.487037037037037
11:20:19,427,5.495817490494297
11:20:20,428,5.495817490494297
11:20:21,429,5.495817490494297
11:20:22,429,5.495817490494297
11:20:23,429,5.495817490494297
11:20:24,430,5.495817490494297
11:20:25,430,5.506603773584906
11:20:26,431,5.506603773584906
11:20:27,431,5.506603773584906
11:20:28,431,5.506603773584906
11:20:29,432,5.506603773584906
11:20:30,432,5.506603773584906
11:20:31,433,5.51359649122807
11:20:32,434,5.51359649122807
11:20:33,434,5.51359649122807
11:20:34,435,5.51359649122807
11:20:35,435,5.512421972534332
11:20:36,436,5.510136815920398
11:20:37,436,5.510136815920398
11:20:38,437,5.510136815920398
11:20:39,437,5.510136815920398
11:20:40,438,5.510136815920398
11:20:41,438,5.506753407682776
11:20:42,439,5.506753407682776
11:20:43,440,5.506753407682776
11:20:44,441,5.504567901234568
11:20:45,441,5.504567901234568
11:20:46,443,5.504567901234568
11:20:47,443,5.504567901234568
11:20:48,445,5.504567901234568
11:20:49,445,5.504567901234568
11:20:50,446,5.504567901234568
11:20:51,446,5.504567901234568
11:20:52,447,5.504567901234568
11:20:53,448,5.506826568265683
11:20:54,448,5.506826568265683
11:20:55,448,5.504779411764706
11:20:56,449,5.5186202686202686
11:20:57,449,5.5186202686202686
11:20:58,449,5.51654501216545
11:20:59,450,5.51654501216545
11:21:00,450,5.51654501216545
11:21:01,450,5.51654501216545
11:21:02,450,5.5338787878787885
11:21:03,451,5.5338787878787885
11:21:04,451,5.5338787878787885
11:21:05,451,5.5338787878787885
11:21:06,452,5.5338787878787885
11:21:07,452,5.5338787878787885
11:21:08,452,5.5338787878787885
11:21:09,452,5.5338787878787885
11:21:10,452,5.5338787878787885
11:21:11,453,5.5338787878787885
11:21:12,453,5.5338787878787885
11:21:13,453,5.54993961352657
11:21:14,454,5.54993961352657
11:21:15,454,5.563729016786571
11:21:16,454,5.563729016786571
11:21:17,454,5.563729016786571
11:21:18,454,5.561768219832737
11:21:19,454,5.560476190476191
11:21:20,454,5.560476190476191
11:21:21,455,5.560476190476191
11:21:22,455,5.560476190476191
11:21:23,455,5.560476190476191
11:21:24,455,5.560476190476191
11:21:25,455,5.560320284697509
11:21:26,456,5.560320284697509
11:21:27,456,5.560320284697509
11:21:28,456,5.560320284697509
11:21:29,456,5.560320284697509
11:21:30,456,5.560320284697509
11:21:31,456,5.560320284697509
11:21:32,457,5.560320284697509
11:21:33,457,5.560320284697509
11:21:34,458,5.559515366430261
11:21:35,459,5.570318021201413
11:21:36,459,5.570318021201413
11:21:37,461,5.57812865497076
11:21:38,462,5.57812865497076
11:21:39,462,5.57812865497076
11:21:40,463,5.57812865497076
11:21:41,463,5.57812865497076
11:21:42,463,5.57812865497076
11:21:43,463,5.579778554778555
11:21:44,464,5.579778554778555
11:21:45,464,5.580081300813008
11:21:46,465,5.580081300813008
11:21:47,466,5.590509259259259
11:21:48,466,5.590509259259259
11:21:49,466,5.590509259259259
11:21:50,466,5.590509259259259
11:21:51,467,5.590253748558246
11:21:52,468,5.590253748558246
11:21:53,468,5.607816091954023
11:21:54,468,5.607816091954023
11:21:55,470,5.607816091954023
11:21:56,470,5.607816091954023
11:21:57,470,5.607816091954023
11:21:58,471,5.607816091954023
11:21:59,472,5.607816091954023
11:22:00,472,5.607816091954023
11:22:01,473,5.607816091954023
11:22:02,473,5.607816091954023
11:22:03,474,5.624455899198168
11:22:04,474,5.624455899198168
11:22:05,474,5.624455899198168
11:22:06,474,5.624455899198168
11:22:07,475,5.624455899198168
11:22:08,475,5.625
11:22:09,476,5.625
11:22:10,477,5.635494880546076
11:22:11,477,5.640929705215419
11:22:12,477,5.640929705215419
11:22:13,477,5.640929705215419
11:22:14,478,5.640929705215419
11:22:15,478,5.640929705215419
11:22:16,478,5.640929705215419
11:22:17,479,5.6433333333333335
11:22:18,479,5.641077441077441
11:22:19,479,5.641077441077441
11:22:20,479,5.641077441077441
11:22:21,480,5.641077441077441
11:22:22,481,5.641077441077441
11:22:23,481,5.641077441077441
11:22:24,481,5.642337807606264
11:22:25,481,5.642337807606264
11:22:26,482,5.642337807606264
11:22:27,482,5.6561111111111115
11:22:28,483,5.6561111111111115
11:22:29,483,5.6561111111111115
11:22:30,483,5.6561111111111115
11:22:31,483,5.6561111111111115
11:22:32,483,5.6561111111111115
11:22:33,483,5.6561111111111115
11:22:34,484,5.6561111111111115
11:22:35,484,5.6561111111111115
11:22:36,484,5.668327796234773
11:22:37,484,5.668327796234773
11:22:38,484,5.668327796234773
11:22:39,484,5.668327796234773
11:22:40,484,5.668327796234773
11:22:41,485,5.670253863134658
11:22:42,485,5.670253863134658
11:22:43,485,5.68921892189219
11:22:44,485,5.68921892189219
11:22:45,486,5.68921892189219
11:22:46,486,5.68921892189219
11:22:47,486,5.68921892189219
11:22:48,486,5.68921892189219
11:22:49,487,5.692324561403509
11:22:50,487,5.692324561403509
11:22:51,487,5.694371584699454
11:22:52,488,5.694371584699454
11:22:53,488,5.694371584699454
11:22:54,488,5.694371584699454
11:22:55,489,5.694371584699454
11:22:56,489,5.694371584699454
11:22:57,489,5.696568627450981
11:22:58,489,5.696568627450981
11:22:59,490,5.696568627450981
11:23:00,490,5.696525515743757
11:23:01,490,5.696525515743757
11:23:02,490,5.696525515743757
11:23:03,490,5.696525515743757
11:23:04,490,5.696525515743757
11:23:05,490,5.696525515743757
11:23:06,490,5.696525515743757
11:23:07,490,5.696525515743757
11:23:08,490,5.694101731601732
11:23:09,490,5.694101731601732
11:23:10,490,5.696601941747573
11:23:11,490,5.696601941747573
11:23:12,490,5.696601941747573
11:23:13,490,5.696601941747573
11:23:14,490,5.705680600214363
11:23:15,490,5.705680600214363
11:23:16,490,5.708386752136752
11:23:17,490,5.719435569755059
11:23:18,490,5.719435569755059
11:23:19,490,5.721111111111111
11:23:20,490,5.721111111111111
11:23:21,490,5.721111111111111
11:23:22,490,5.7294303797468356
11:23:23,490,5.7294303797468356
11:23:24,491,5.7294303797468356
11:23:25,491,5.7294303797468356
11:23:26,491,5.7294303797468356
11:23:27,491,5.7294303797468356
11:23:28,491,5.7294303797468356
11:23:29,491,5.7294303797468356
11:23:30,491,5.7294303797468356
11:23:31,491,5.732229232386961
11:23:32,491,5.732229232386961
11:23:33,491,5.732229232386961
11:23:34,491,5.747327044025157
11:23:35,491,5.747327044025157
11:23:36,492,5.747327044025157
11:23:37,492,5.747327044025157
11:23:38,492,5.747327044025157
11:23:39,492,5.752403343782655
11:23:40,493,5.752403343782655
11:23:41,493,5.752403343782655
11:23:42,493,5.750520833333334
11:23:43,493,5.750520833333334
11:23:44,493,5.750520833333334
11:23:45,493,5.750520833333334
11:23:46,494,5.750520833333334
11:23:47,494,5.759679089026915
11:23:48,494,5.759679089026915
11:23:49,495,5.763570691434468
11:23:50,495,5.763570691434468
11:23:51,495,5.775205761316872
11:23:52,495,5.7785128205128204
11:23:53,495,5.7785128205128204
11:23:54,495,5.7785128205128204
11:23:55,495,5.7785128205128204
11:23:56,495,5.7785128205128204
11:23:57,495,5.7785128205128204
11:23:58,495,5.7785128205128204
11:23:59,495,5.7785128205128204
11:24:00,496,5.7785128205128204
11:24:01,496,5.7785128205128204
11:24:02,497,5.7785128205128204
11:24:03,497,5.7785128205128204
11:24:04,497,5.7785128205128204
11:24:05,497,5.7785128205128204
11:24:06,498,5.7785128205128204
11:24:07,498,5.7785128205128204
11:24:08,498,5.778067484662577
11:24:09,499,5.778067484662577
11:24:10,499,5.788786952089705
11:24:11,499,5.788786952089705
11:24:12,500,5.7908028455284555
11:24:13,500,5.7908028455284555
11:24:14,500,5.7908028455284555
11:24:15,500,5.7908028455284555
11:24:16,501,5.7908028455284555
11:24:17,501,5.790273556231003
11:24:18,501,5.790273556231003
11:24:19,501,5.790273556231003
11:24:20,501,5.79510101010101
11:24:21,501,5.79510101010101
11:24:22,502,5.800302114803626
11:24:23,502,5.800302114803626
11:24:24,502,5.800302114803626
11:24:25,502,5.800302114803626
11:24:26,502,5.800050200803213
11:24:27,503,5.800050200803213
11:24:28,503,5.800050200803213
11:24:29,503,5.800050200803213
11:24:30,503,5.800050200803213
11:24:31,503,5.806756756756757
11:24:32,503,5.806756756756757
11:24:33,503,5.812375249500998
11:24:34,503,5.812375249500998
11:24:35,503,5.812375249500998
11:24:36,503,5.8150746268656714
11:24:37,503,5.8150746268656714
11:24:38,503,5.8150746268656714
11:24:39,504,5.8150746268656714
11:24:40,505,5.817609126984126
11:24:41,505,5.8287339268051435
11:24:42,505,5.8287339268051435
11:24:43,506,5.8287339268051435
11:24:44,506,5.833284023668639
11:24:45,507,5.833284023668639
11:24:46,508,5.833284023668639
11:24:47,508,5.833284023668639
11:24:48,508,5.833284023668639
11:24:49,510,5.833284023668639
11:24:50,510,5.833284023668639
11:24:51,510,5.833284023668639
11:24:52,510,5.833284023668639
11:24:53,511,5.833284023668639
11:24:54,511,5.833284023668639
11:24:55,511,5.833284023668639
11:24:56,511,5.833284023668639
11:24:57,512,5.837020648967552
11:24:58,513,5.849656862745098
11:24:59,513,5.849656862745098
11:25:00,513,5.852785923753666
11:25:01,514,5.852785923753666
11:25:02,515,5.852785923753666
11:25:03,515,5.852785923753666
11:25:04,516,5.859259259259259
11:25:05,516,5.859259259259259
11:25:06,516,5.859259259259259
11:25:07,517,5.86642371234208
11:25:08,517,5.86642371234208
11:25:09,517,5.86642371234208
11:25:10,517,5.872432170542636
11:25:11,517,5.874975845410628
11:25:12,518,5.874975845410628
11:25:13,518,5.874975845410628
11:25:14,518,5.875674373795761
11:25:15,518,5.875674373795761
11:25:16,519,5.875674373795761
11:25:17,520,5.875674373795761
11:25:18,520,5.875674373795761
11:25:19,520,5.875674373795761
11:25:20,520,5.875674373795761
11:25:21,521,5.883525456292026
11:25:22,521,5.886877394636016
11:25:23,521,5.886877394636016
11:25:24,521,5.886877394636016
11:25:25,521,5.886877394636016
11:25:26,521,5.886877394636016
11:25:27,521,5.886877394636016
11:25:28,521,5.889589302769819
11:25:29,521,5.889589302769819
11:25:30,521,5.889589302769819
11:25:31,521,5.889589302769819
11:25:32,521,5.889589302769819
11:25:33,521,5.889589302769819
11:25:34,521,5.89404761904762
11:25:35,521,5.89404761904762
11:25:36,521,5.89404761904762
11:25:37,522,5.894824311490979
11:25:38,522,5.894824311490979
11:25:39,522,5.894824311490979
11:25:40,522,5.894824311490979
11:25:41,523,5.89625946969697
11:25:42,524,5.89625946969697
11:25:43,524,5.89625946969697
11:25:44,524,5.89625946969697
11:25:45,524,5.89625946969697
11:25:46,525,5.898725212464589
11:25:47,525,5.898725212464589
11:25:48,525,5.898725212464589
11:25:49,525,5.900282485875707
11:25:50,525,5.900282485875707
11:25:51,525,5.904694835680751
11:25:52,525,5.904694835680751
11:25:53,525,5.91558988764045
11:25:54,525,5.91558988764045
11:25:55,525,5.91558988764045
11:25:56,525,5.91558988764045
11:25:57,525,5.91558988764045
11:25:58,525,5.924860335195531
11:25:59,525,5.924860335195531
11:26:00,525,5.924860335195531
11:26:01,525,5.924860335195531
11:26:02,525,5.924860335195531
11:26:03,525,5.927437325905292
11:26:04,526,5.927437325905292
11:26:05,526,5.931898148148148
11:26:06,526,5.931898148148148
11:26:07,526,5.931898148148148
11:26:08,526,5.9370729455217
11:26:09,527,5.9370729455217
11:26:10,527,5.9370729455217
11:26:11,528,5.9370729455217
11:26:12,528,5.9370729455217
11:26:13,528,5.9370729455217
11:26:14,528,5.9370729455217
11:26:15,528,5.9370729455217
11:26:16,528,5.9370729455217
11:26:17,529,5.940055248618785
11:26:18,530,5.940055248618785
11:26:19,530,5.943296602387511
11:26:20,530,5.9447802197802195
11:26:21,530,5.9447802197802195
11:26:22,531,5.9447802197802195
11:26:23,531,5.9447802197802195
11:26:24,531,5.9447802197802195
11:26:25,532,5.954520547945205
11:26:26,532,5.954520547945205
11:26:27,534,5.954520547945205
11:26:28,534,5.954520547945205
11:26:29,535,5.954520547945205
11:26:30,537,5.963661202185792
11:26:31,537,5.963661202185792
11:26:32,537,5.9659854677565844
11:26:33,537,5.9659854677565844
11:26:34,538,5.96983695652174
11:26:35,539,5.96983695652174
11:26:36,539,5.96983695652174
11:26:37,539,5.973622402890696
11:26:38,540,5.977972972972974
11:26:39,540,5.977972972972974
11:26:40,541,5.984591194968554
11:26:41,542,5.984591194968554
11:26:42,542,5.984591194968554
11:26:43,542,5.984591194968554
11:26:44,543,5.99220430107527
11:26:45,544,5.99220430107527
11:26:46,544,5.99220430107527
11:26:47,544,5.995174262734584
11:26:48,544,5.995174262734584
11:26:49,544,5.995174262734584
11:26:50,544,5.999153297682709
11:26:51,544,6.000933333333333
11:26:52,545,6.005762411347518
11:26:53,545,6.005762411347518
11:26:54,545,6.005762411347518
11:26:55,545,6.005762411347518
11:26:56,545,6.009770114942529
11:26:57,545,6.009770114942529
11:26:58,545,6.009770114942529
11:26:59,545,6.01468253968254
11:27:00,545,6.01468253968254
11:27:01,545,6.01468253968254
11:27:02,545,6.01468253968254
11:27:03,545,6.01468253968254
11:27:04,545,6.01468253968254
11:27:05,545,6.01468253968254
11:27:06,545,6.0189533861037825
11:27:07,545,6.0189533861037825
11:27:08,545,6.0189533861037825
11:27:09,546,6.023684210526316
11:27:10,546,6.0269466316710405
11:27:11,546,6.0269466316710405
11:27:12,546,6.0269466316710405
11:27:13,546,6.0269466316710405
11:27:14,546,6.0269466316710405
11:27:15,546,6.0321553228621285
11:27:16,546,6.0321553228621285
11:27:17,546,6.0321553228621285
11:27:18,546,6.0321553228621285
11:27:19,547,6.0321553228621285
11:27:20,547,6.0321553228621285
11:27:21,548,6.0321553228621285
11:27:22,548,6.0321553228621285
11:27:23,548,6.0321553228621285
11:27:24,548,6.037032201914709
11:27:25,548,6.037032201914709
11:27:26,548,6.037032201914709
11:27:27,548,6.045182291666666
11:27:28,548,6.045182291666666
11:27:29,548,6.045182291666666
11:27:30,549,6.05064935064935
11:27:31,549,6.05064935064935
11:27:32,549,6.05064935064935
11:27:33,550,6.059801381692574
11:27:34,550,6.059801381692574
11:27:35,550,6.059801381692574
11:27:36,550,6.065374677002584
11:27:37,553,6.065374677002584
11:27:38,553,6.065374677002584
11:27:39,553,6.065374677002584
11:27:40,553,6.070833333333334
11:27:41,555,6.070833333333334
11:27:42,555,6.070833333333334
11:27:43,557,6.075278491859469
11:27:44,557,6.075278491859469
11:27:45,558,6.075278491859469
11:27:46,560,6.080769230769231
11:27:47,560,6.080769230769231
11:27:48,560,6.080769230769231
11:27:49,560,6.080769230769231
11:27:50,561,6.085976129582267
11:27:51,561,6.085976129582267
11:27:52,562,6.085976129582267
11:27:53,563,6.085976129582267
11:27:54,563,6.085976129582267
11:27:55,563,6.089073129251701
11:27:56,563,6.089073129251701
11:27:57,563,6.089073129251701
11:27:58,565,6.089073129251701
11:27:59,565,6.089073129251701
11:28:00,566,6.094614079728584
11:28:01,566,6.094614079728584
11:28:02,567,6.101015228426395
11:28:03,567,6.101015228426395
11:28:04,567,6.101015228426395
11:28:05,567,6.104767932489452
11:28:06,567,6.104767932489452
11:28:07,569,6.104767932489452
11:28:08,569,6.104767932489452
11:28:09,569,6.104767932489452
11:28:10,570,6.111363636363636
11:28:11,570,6.111363636363636
11:28:12,570,6.111363636363636
11:28:13,570,6.118802345058627
11:28:14,570,6.118802345058627
11:28:15,570,6.118802345058627
11:28:16,570,6.118802345058627
11:28:17,570,6.118802345058627
11:28:18,571,6.123684210526316
11:28:19,571,6.129166666666666
11:28:20,571,6.129166666666666
11:28:21,571,6.138196176226102
11:28:22,571,6.138196176226102
11:28:23,571,6.145936981757877
11:28:24,571,6.145936981757877
11:28:25,571,6.145936981757877
11:28:26,571,6.145936981757877
11:28:27,571,6.151902398676593
11:28:28,571,6.151902398676593
11:28:29,571,6.151902398676593
11:28:30,571,6.151902398676593
11:28:31,571,6.151902398676593
11:28:32,572,6.151902398676593
11:28:33,573,6.151902398676593
11:28:34,573,6.151902398676593
11:28:35,573,6.151902398676593
11:28:36,573,6.156270627062707
11:28:37,574,6.163333333333333
11:28:38,574,6.163333333333333
11:28:39,574,6.163333333333333
11:28:40,574,6.170935960591133
11:28:41,574,6.170935960591133
11:28:42,574,6.170935960591133
11:28:43,574,6.170935960591133
11:28:44,574,6.170935960591133
11:28:45,574,6.170935960591133
11:28:46,574,6.170935960591133
11:28:47,574,6.170935960591133
11:28:48,575,6.170935960591133
11:28:49,575,6.170935960591133
11:28:50,575,6.170935960591133
11:28:51,575,6.170935960591133
11:28:52,575,6.170935960591133
11:28:53,575,6.170935960591133
11:28:54,575,6.170935960591133
11:28:55,575,6.175675675675675
11:28:56,575,6.175675675675675
11:28:57,575,6.175675675675675
11:28:58,575,6.175675675675675
11:28:59,576,6.175675675675675
11:29:00,576,6.175675675675675
11:29:01,576,6.183619281045751
11:29:02,576,6.183619281045751
11:29:03,576,6.183619281045751
11:29:04,576,6.183619281045751
11:29:05,576,6.190790546047269
11:29:06,576,6.190790546047269
11:29:07,576,6.190790546047269
11:29:08,576,6.207218167072182
11:29:09,576,6.207218167072182
11:29:10,576,6.207218167072182
11:29:11,576,6.21371359223301
11:29:12,576,6.21371359223301
11:29:13,576,6.21371359223301
11:29:14,576,6.22842190016103
11:29:15,576,6.22842190016103
11:29:16,576,6.22842190016103
11:29:17,576,6.22842190016103
11:29:18,576,6.238621794871794
11:29:19,576,6.238621794871794
11:29:20,576,6.238621794871794
11:29:21,576,6.238621794871794
11:29:22,576,6.238621794871794
11:29:23,576,6.238621794871794
11:29:24,576,6.238621794871794
11:29:25,577,6.238621794871794
11:29:26,577,6.238621794871794
11:29:27,577,6.238621794871794
11:29:28,577,6.238621794871794
11:29:29,577,6.238621794871794
11:29:30,577,6.238621794871794
11:29:31,577,6.238621794871794
11:29:32,577,6.238621794871794
11:29:33,577,6.238621794871794
11:29:34,577,6.238621794871794
11:29:35,577,6.238621794871794
11:29:36,577,6.2474020783373305
11:29:37,577,6.2474020783373305
11:29:38,578,6.2474020783373305
11:29:39,578,6.2474020783373305
11:29:40,578,6.253429027113238
11:29:41,579,6.253429027113238
11:29:42,580,6.253429027113238
11:29:43,581,6.253429027113238
11:29:44,581,6.258472553699284
11:29:45,582,6.258472553699284
11:29:46,582,6.258472553699284
11:29:47,583,6.258472553699284
11:29:48,583,6.267738095238095
11:29:49,584,6.267738095238095
11:29:50,584,6.267738095238095
11:29:51,584,6.27596991290578
11:29:52,584,6.27596991290578
11:29:53,584,6.279818325434439
11:29:54,584,6.287115839243499
11:29:55,585,6.287115839243499
11:29:56,585,6.294732704402516
11:29:57,585,6.294732704402516
11:29:58,585,6.294732704402516
11:29:59,586,6.294732704402516
11:30:00,586,6.299254901960784
11:30:01,586,6.306259780907668
11:30:02,586,6.306259780907668
11:30:03,587,6.306259780907668
11:30:04,587,6.314012490241998
11:30:05,588,6.314012490241998
11:30:06,588,6.314012490241998
11:30:07,588,6.323247663551402
11:30:08,588,6.323247663551402
11:30:09,589,6.323247663551402
11:30:10,589,6.332128982128982
11:30:11,589,6.341550387596899
11:30:12,589,6.341550387596899
11:30:13,590,6.341550387596899
11:30:14,591,6.341550387596899
11:30:15,591,6.341550387596899
11:30:16,592,6.341550387596899
11:30:17,592,6.341550387596899
11:30:18,592,6.341550387596899
11:30:19,593,6.341550387596899
11:30:20,593,6.341550387596899
11:30:21,593,6.341550387596899
11:30:22,593,6.351469450889405
11:30:23,594,6.351469450889405
11:30:24,594,6.351469450889405
11:30:25,594,6.351469450889405
11:30:26,594,6.351469450889405
11:30:27,594,6.3540123456790125
11:30:28,596,6.362163202463433
11:30:29,597,6.362163202463433
11:30:30,597,6.362163202463433
11:30:31,598,6.367703533026114
11:30:32,598,6.367703533026114
11:30:33,598,6.367703533026114
11:30:34,599,6.367703533026114
11:30:35,599,6.367703533026114
11:30:36,599,6.367703533026114
11:30:37,599,6.367703533026114
11:30:38,600,6.375555555555556
11:30:39,601,6.375555555555556
11:30:40,602,6.384709480122324
11:30:41,602,6.384709480122324
11:30:42,602,6.394050343249428
11:30:43,604,6.394050343249428
11:30:44,604,6.394050343249428
11:30:45,604,6.394050343249428
11:30:46,605,6.394050343249428
11:30:47,607,6.404071537290716
11:30:48,607,6.404071537290716
11:30:49,607,6.404071537290716
11:30:50,607,6.416325757575758
11:30:51,607,6.416325757575758
11:30:52,607,6.416325757575758
11:30:53,608,6.416325757575758
11:30:54,608,6.416325757575758
11:30:55,608,6.416325757575758
11:30:56,608,6.416325757575758
11:30:57,608,6.416325757575758
11:30:58,609,6.416325757575758
11:30:59,609,6.416325757575758
11:31:00,609,6.416325757575758
11:31:01,609,6.416325757575758
11:31:02,609,6.416325757575758
11:31:03,609,6.427210884353742
11:31:04,609,6.427210884353742
11:31:05,609,6.427210884353742
11:31:06,609,6.436010558069381
11:31:07,609,6.436010558069381
11:31:08,609,6.436010558069381
11:31:09,609,6.436010558069381
11:31:10,609,6.436010558069381
11:31:11,609,6.436010558069381
11:31:12,609,6.445071482317532
11:31:13,609,6.445071482317532
11:31:14,610,6.445071482317532
11:31:15,611,6.45548048048048
11:31:16,611,6.45548048048048
11:31:17,611,6.458651685393259
11:31:18,611,6.458651685393259
11:31:19,613,6.458651685393259
11:31:20,613,6.458651685393259
11:31:21,613,6.465433482810165
11:31:22,613,6.465433482810165
11:31:23,613,6.465433482810165
11:31:24,613,6.465433482810165
11:31:25,613,6.465433482810165
11:31:26,613,6.465433482810165
11:31:27,613,6.473042505592841
11:31:28,613,6.473042505592841
11:31:29,613,6.473042505592841
11:31:30,613,6.4828125
11:31:31,613,6.4828125
11:31:32,613,6.491685226429102
11:31:33,613,6.491685226429102
11:31:34,613,6.491685226429102
11:31:35,613,6.491685226429102
11:31:36,613,6.491685226429102
11:31:37,613,6.491685226429102
11:31:38,613,6.491685226429102
11:31:39,613,6.497148148148148
11:31:40,613,6.507945306725795
11:31:41,613,6.507945306725795
11:31:42,613,6.507945306725795
11:31:43,613,6.507945306725795
11:31:44,613,6.507945306725795
11:31:45,613,6.507945306725795
11:31:46,613,6.507945306725795
11:31:47,613,6.507945306725795
11:31:48,613,6.507945306725795
11:31:49,613,6.507945306725795
11:31:50,613,6.507945306725795
11:31:51,613,6.5219646799117
11:31:52,613,6.5219646799117
11:31:53,613,6.5219646799117
11:31:54,613,6.531350954478708
11:31:55,614,6.542893772893773
11:31:56,614,6.542893772893773
11:31:57,614,6.542893772893773
11:31:58,614,6.551206140350877
11:31:59,614,6.551206140350877
11:32:00,614,6.551206140350877
11:32:01,614,6.551206140350877
11:32:02,614,6.551206140350877
11:32:03,614,6.551206140350877
11:32:04,614,6.551206140350877
11:32:05,614,6.551206140350877
11:32:06,614,6.551206140350877
11:32:07,614,6.551206140350877
11:32:08,614,6.551206140350877
11:32:09,614,6.561889132020423
11:32:10,614,6.561889132020423
11:32:11,614,6.561889132020423
11:32:12,615,6.561889132020423
11:32:13,615,6.565465793304222
11:32:14,615,6.565465793304222
11:32:15,615,6.571677559912854
11:32:16,615,6.571677559912854
11:32:17,615,6.571677559912854
11:32:18,615,6.571677559912854
11:32:19,616,6.58463768115942
11:32:20,617,6.58463768115942
11:32:21,617,6.597396963123644
11:32:22,619,6.597396963123644
11:32:23,619,6.607323232323233
11:32:24,619,6.607323232323233
11:32:25,620,6.607323232323233
11:32:26,620,6.615838732901368
11:32:27,620,6.615838732901368
11:32:28,621,6.615838732901368
11:32:29,623,6.624317528735632
11:32:30,623,6.624317528735632
11:32:31,624,6.624317528735632
11:32:32,624,6.624317528735632
11:32:33,625,6.624317528735632
11:32:34,625,6.633584229390681
11:32:35,627,6.644599427753934
11:32:36,628,6.644599427753934
11:32:37,628,6.644599427753934
11:32:38,628,6.644599427753934
11:32:39,631,6.657601713062098
11:32:40,632,6.657601713062098
11:32:41,632,6.657601713062098
11:32:42,633,6.657601713062098
11:32:43,634,6.657601713062098
11:32:44,634,6.657601713062098
11:32:45,634,6.665811965811966
11:32:46,635,6.665811965811966
11:32:47,635,6.665811965811966
11:32:48,635,6.674769012082446
11:32:49,636,6.674769012082446
11:32:50,636,6.674769012082446
11:32:51,637,6.674769012082446
11:32:52,637,6.674769012082446
11:32:53,637,6.687482269503546
11:32:54,638,6.687482269503546
11:32:55,638,6.687482269503546
11:32:56,638,6.699575371549894
11:32:57,640,6.699575371549894
11:32:58,640,6.699575371549894
11:32:59,640,6.708651129943503
11:33:00,641,6.708651129943503
11:33:01,643,6.714200140944327
11:33:02,643,6.714200140944327
11:33:03,644,6.714200140944327
11:33:04,644,6.7190576652601965
11:33:05,644,6.7190576652601965
11:33:06,644,6.7266666666666675
11:33:07,645,6.7266666666666675
11:33:08,645,6.7266666666666675
11:33:09,645,6.7266666666666675
11:33:10,645,6.745632424877708
11:33:11,646,6.745632424877708
11:33:12,646,6.745632424877708
11:33:13,647,6.7491631799163185
11:33:14,647,6.7491631799163185
11:33:15,647,6.7491631799163185
11:33:16,649,6.7491631799163185
11:33:17,649,6.759359777313848
11:33:18,649,6.759359777313848
11:33:19,650,6.759359777313848
11:33:20,651,6.768506944444444
11:33:21,651,6.768506944444444
11:33:22,651,6.768506944444444
11:33:23,652,6.768506944444444
11:33:24,653,6.768506944444444
11:33:25,653,6.768506944444444
11:33:26,654,6.768506944444444
11:33:27,655,6.7797990297990305
11:33:28,655,6.7797990297990305
11:33:29,655,6.7832641770401105
11:33:30,656,6.792753623188406
11:33:31,656,6.792753623188406
11:33:32,656,6.792753623188406
11:33:33,656,6.792753623188406
11:33:34,657,6.792753623188406
11:33:35,657,6.792753623188406
11:33:36,657,6.792753623188406
11:33:37,657,6.792753623188406
11:33:38,657,6.792753623188406
11:33:39,657,6.792753623188406
11:33:40,658,6.792753623188406
11:33:41,658,6.792753623188406
11:33:42,659,6.792753623188406
11:33:43,660,6.792753623188406
11:33:44,660,6.792753623188406
11:33:45,661,6.805165289256198
11:33:46,661,6.81745704467354
11:33:47,661,6.81745704467354
11:33:48,662,6.81745704467354
11:33:49,662,6.8269890260631
11:33:50,662,6.8269890260631
11:33:51,663,6.8328542094455855
11:33:52,663,6.8328542094455855
11:33:53,663,6.839890710382514
11:33:54,664,6.839890710382514
11:33:55,664,6.839890710382514
11:33:56,664,6.839890710382514
11:33:57,664,6.839890710382514
11:33:58,664,6.839890710382514
11:33:59,664,6.839890710382514
11:34:00,664,6.839890710382514
11:34:01,664,6.839890710382514
11:34:02,665,6.839890710382514
11:34:03,665,6.850408997955011
11:34:04,665,6.850408997955011
11:34:05,665,6.850408997955011
11:34:06,665,6.853707482993197
11:34:07,665,6.858350305498982
11:34:08,665,6.858350305498982
11:34:09,665,6.868326558265583
11:34:10,665,6.868326558265583
11:34:11,665,6.868326558265583
11:34:12,665,6.868326558265583
11:34:13,665,6.868326558265583
11:34:14,665,6.868326558265583
11:34:15,665,6.868326558265583
11:34:16,665,6.868326558265583
11:34:17,665,6.868326558265583
11:34:18,665,6.868326558265583
11:34:19,666,6.880020283975659
11:34:20,666,6.880020283975659
11:34:21,667,6.893556005398111
11:34:22,667,6.893556005398111
11:34:23,667,6.893556005398111
11:34:24,667,6.893556005398111
11:34:25,668,6.914852150537635
11:34:26,668,6.914852150537635
11:34:27,668,6.914852150537635
11:34:28,669,6.920456069751845
11:34:29,669,6.920456069751845
11:34:30,669,6.920456069751845
11:34:31,670,6.931091030789826
11:34:32,670,6.931091030789826
11:34:33,670,6.931091030789826
11:34:34,670,6.931091030789826
11:34:35,671,6.931091030789826
11:34:36,671,6.931091030789826
11:34:37,671,6.931091030789826
11:34:38,671,6.931091030789826
11:34:39,672,6.9415831663326655
11:34:40,672,6.9415831663326655
11:34:41,672,6.9471333333333325
11:34:42,672,6.9471333333333325
11:34:43,673,6.9471333333333325
11:34:44,673,6.953027278775782
11:34:45,674,6.953027278775782
11:34:46,674,6.953027278775782
11:34:47,674,6.960424966799469
11:34:48,674,6.960424966799469
11:34:49,675,6.960424966799469
11:34:50,675,6.960424966799469
11:34:51,675,6.960424966799469
11:34:52,675,6.960424966799469
11:34:53,676,6.960424966799469
11:34:54,676,6.960424966799469
11:34:55,676,6.960424966799469
11:34:56,677,6.9633200795228625
11:34:57,677,6.9633200795228625
11:34:58,677,6.9633200795228625
11:34:59,677,6.969940476190476
11:35:00,678,6.973795379537953
11:35:01,678,6.973795379537953
11:35:02,678,6.973795379537953
11:35:03,679,6.98227931488801
11:35:04,679,6.98227931488801
11:35:05,679,6.98227931488801
11:35:06,679,6.98227931488801
11:35:07,680,6.98227931488801
11:35:08,680,6.98227931488801
11:35:09,680,6.985700197238659
11:35:10,680,6.985700197238659
11:35:11,680,6.985700197238659
11:35:12,680,6.985700197238659
11:35:13,680,7.0035036018336605
11:35:14,680,7.0035036018336605
11:35:15,680,7.008464052287581
11:35:16,680,7.008464052287581
11:35:17,680,7.008464052287581
11:35:18,680,7.0123613829093285
11:35:19,680,7.0123613829093285
11:35:20,680,7.0123613829093285
11:35:21,680,7.018782552083334
11:35:22,680,7.018782552083334
11:35:23,680,7.018782552083334
11:35:24,680,7.030896686159845
11:35:25,680,7.030896686159845
11:35:26,680,7.030896686159845
11:35:27,680,7.030896686159845
11:35:28,681,7.030896686159845
11:35:29,681,7.030896686159845
11:35:30,681,7.032522697795072
11:35:31,681,7.039611650485437
11:35:32,681,7.039611650485437
11:35:33,681,7.039611650485437
11:35:34,681,7.039611650485437
11:35:35,681,7.039611650485437
11:35:36,682,7.039611650485437
11:35:37,682,7.039611650485437
11:35:38,683,7.039611650485437
11:35:39,683,7.039611650485437
11:35:40,683,7.039611650485437
11:35:41,683,7.039611650485437
11:35:42,683,7.042183462532299
11:35:43,684,7.042183462532299
11:35:44,684,7.042183462532299
11:35:45,684,7.042183462532299
11:35:46,685,7.042183462532299
11:35:47,685,7.042183462532299
11:35:48,686,7.042183462532299
11:35:49,686,7.042183462532299
11:35:50,688,7.047259832366215
11:35:51,688,7.047259832366215
11:35:52,688,7.047259832366215
11:35:53,688,7.056177606177607
11:35:54,689,7.056177606177607
11:35:55,689,7.056177606177607
11:35:56,689,7.056177606177607
11:35:57,689,7.063134232498395
11:35:58,689,7.063134232498395
11:35:59,689,7.063134232498395
11:36:00,689,7.063134232498395
11:36:01,689,7.063134232498395
11:36:02,689,7.063134232498395
11:36:03,690,7.075705128205128
11:36:04,690,7.075705128205128
11:36:05,690,7.075705128205128
11:36:06,690,7.075705128205128
11:36:07,690,7.075705128205128
11:36:08,691,7.080102367242483
11:36:09,691,7.080102367242483
11:36:10,692,7.080102367242483
11:36:11,692,7.080102367242483
11:36:12,692,7.080102367242483
11:36:13,693,7.087611749680716
11:36:14,693,7.087611749680716
11:36:15,693,7.087611749680716
11:36:16,693,7.087611749680716
11:36:17,693,7.096310432569974
11:36:18,693,7.106539682539682
11:36:19,693,7.106539682539682
11:36:20,693,7.106539682539682
11:36:21,693,7.109315589353613
11:36:22,693,7.109315589353613
11:36:23,693,7.112650221378874
11:36:24,693,7.1194444444444445
11:36:25,693,7.1194444444444445
11:36:26,693,7.1194444444444445
11:36:27,693,7.1194444444444445
11:36:28,693,7.1194444444444445
11:36:29,693,7.1194444444444445
11:36:30,694,7.1194444444444445
11:36:31,694,7.1194444444444445
11:36:32,694,7.1194444444444445
11:36:33,694,7.127662255828608
11:36:34,694,7.127662255828608
11:36:35,694,7.127662255828608
11:36:36,694,7.127662255828608
11:36:37,694,7.131163522012579
11:36:38,695,7.131163522012579
11:36:39,696,7.131163522012579
11:36:40,696,7.131163522012579
11:36:41,696,7.131163522012579
11:36:42,696,7.140395480225989
11:36:43,696,7.140395480225989
11:36:44,696,7.140395480225989
11:36:45,696,7.140395480225989
11:36:46,697,7.140395480225989
11:36:47,697,7.140395480225989
11:36:48,697,7.140395480225989
11:36:49,697,7.140395480225989
11:36:50,698,7.140395480225989
11:36:51,698,7.140395480225989
11:36:52,698,7.140395480225989
11:36:53,698,7.146334586466166
11:36:54,699,7.146334586466166
11:36:55,699,7.1564415259537215
11:36:56,699,7.162546816479401
11:36:57,699,7.162546816479401
11:36:58,700,7.1663239875389415
11:36:59,700,7.1663239875389415
11:37:00,700,7.170304726368159
11:37:01,701,7.170304726368159
11:37:02,701,7.170304726368159
11:37:03,701,7.176660459342023
11:37:04,701,7.176660459342023
11:37:05,701,7.176660459342023
11:37:06,702,7.1828376703841395
11:37:07,702,7.1828376703841395
11:37:08,702,7.1828376703841395
11:37:09,702,7.1828376703841395
11:37:10,703,7.1828376703841395
11:37:11,703,7.188991960420532
11:37:12,703,7.188991960420532
11:37:13,704,7.188991960420532
11:37:14,704,7.188991960420532
11:37:15,704,7.188991960420532
11:37:16,704,7.188991960420532
11:37:17,704,7.188991960420532
11:37:18,705,7.188991960420532
11:37:19,705,7.188991960420532
11:37:20,705,7.188991960420532
11:37:21,705,7.188991960420532
11:37:22,705,7.188991960420532
11:37:23,706,7.196388888888889
11:37:24,706,7.196388888888889
11:37:25,706,7.196388888888889
11:37:26,707,7.197381392483056
11:37:27,707,7.197381392483056
11:37:28,707,7.197381392483056
11:37:29,707,7.197381392483056
11:37:30,708,7.207349323493235
11:37:31,708,7.207349323493235
11:37:32,708,7.21012891344383
11:37:33,709,7.21012891344383
11:37:34,709,7.21012891344383
11:37:35,709,7.21012891344383
11:37:36,709,7.21012891344383
11:37:37,710,7.21012891344383
11:37:38,710,7.21012891344383
11:37:39,710,7.21012891344383
11:37:40,711,7.21012891344383
11:37:41,711,7.21012891344383
11:37:42,711,7.21012891344383
11:37:43,711,7.21012891344383
11:37:44,711,7.21012891344383
11:37:45,711,7.21012891344383
11:37:46,712,7.214859068627451
11:37:47,712,7.214859068627451
11:37:48,712,7.214859068627451
11:37:49,712,7.224892966360856
11:37:50,712,7.224892966360856
11:37:51,712,7.224892966360856
11:37:52,712,7.226709401709401
11:37:53,713,7.226709401709401
11:37:54,713,7.23564899451554
11:37:55,713,7.23564899451554
11:37:56,713,7.241058394160584
11:37:57,713,7.241058394160584
11:37:58,713,7.25197328476017
11:37:59,713,7.25197328476017
11:38:00,713,7.25197328476017
11:38:01,713,7.259454545454545
11:38:02,713,7.259454545454545
11:38:03,713,7.259454545454545
11:38:04,713,7.269449485783424
11:38:05,714,7.269449485783424
11:38:06,715,7.269449485783424
11:38:07,715,7.269449485783424
11:38:08,715,7.269449485783424
11:38:09,715,7.270863526570048
11:38:10,715,7.270863526570048
11:38:11,715,7.270863526570048
11:38:12,715,7.276431585292345
11:38:13,715,7.2839951865222625
11:38:14,715,7.2839951865222625
11:38:15,715,7.2839951865222625
11:38:16,715,7.2843243243243245
11:38:17,715,7.2843243243243245
11:38:18,715,7.2843243243243245
11:38:19,715,7.2843243243243245
11:38:20,715,7.285911270983214
11:38:21,715,7.285911270983214
11:38:22,715,7.285911270983214
11:38:23,715,7.285911270983214
11:38:24,715,7.285911270983214
11:38:25,715,7.285911270983214
11:38:26,715,7.285911270983214
11:38:27,715,7.285911270983214
11:38:28,716,7.285911270983214
11:38:29,716,7.285911270983214
11:38:30,716,7.292100538599641
11:38:31,717,7.292100538599641
11:38:32,718,7.292100538599641
11:38:33,719,7.298148148148148
11:38:34,719,7.304025044722719
11:38:35,720,7.306666666666667
11:38:36,721,7.306666666666667
11:38:37,721,7.306666666666667
11:38:38,722,7.306666666666667
11:38:39,722,7.306666666666667
11:38:40,722,7.306666666666667
11:38:41,723,7.306666666666667
11:38:42,723,7.306666666666667
11:38:43,723,7.306666666666667
11:38:44,723,7.314260249554367
11:38:45,724,7.314260249554367
11:38:46,724,7.314260249554367
11:38:47,724,7.314260249554367
11:38:48,725,7.319483985765124
11:38:49,725,7.319483985765124
11:38:50,725,7.319483985765124
11:38:51,726,7.32773830669035
11:38:52,726,7.32773830669035
11:38:53,726,7.32773830669035
11:38:54,726,7.333983451536643
11:38:55,726,7.335840707964602
11:38:56,726,7.335840707964602
11:38:57,726,7.335840707964602
11:38:58,726,7.33783863368669
11:38:59,726,7.33783863368669
11:39:00,726,7.33783863368669
11:39:01,726,7.33783863368669
11:39:02,726,7.344121105232216
11:39:03,727,7.344121105232216
11:39:04,728,7.344121105232216
11:39:05,728,7.353550469483568
11:39:06,728,7.353550469483568
11:39:07,730,7.353550469483568
11:39:08,730,7.35697129466901
11:39:09,730,7.35697129466901
11:39:10,730,7.35697129466901
11:39:11,731,7.35697129466901
11:39:12,731,7.35697129466901
11:39:13,733,7.35697129466901
11:39:14,733,7.35697129466901
11:39:15,733,7.35697129466901
11:39:16,733,7.35697129466901
11:39:17,733,7.35697129466901
11:39:18,734,7.35697129466901
11:39:19,734,7.35697129466901
11:39:20,734,7.35697129466901
11:39:21,734,7.368596491228071
11:39:22,734,7.368596491228071
11:39:23,734,7.375990675990676
11:39:24,734,7.375990675990676
11:39:25,734,7.375990675990676
11:39:26,734,7.388414634146342
11:39:27,734,7.388414634146342
11:39:28,734,7.388414634146342
11:39:29,734,7.390492753623189
11:39:30,734,7.390492753623189
11:39:31,734,7.390492753623189
11:39:32,734,7.390492753623189
11:39:33,734,7.390492753623189
11:39:34,734,7.390492753623189
11:39:35,734,7.390492753623189
11:39:36,734,7.397569444444445
11:39:37,734,7.397569444444445
11:39:38,734,7.401848642403236
11:39:39,734,7.401848642403236
11:39:40,734,7.401848642403236
11:39:41,734,7.412168396770473
11:39:42,735,7.416580310880829
11:39:43,735,7.426235632183908
11:39:44,735,7.426235632183908
11:39:45,735,7.426235632183908
11:39:46,735,7.426235632183908
11:39:47,735,7.426235632183908
11:39:48,735,7.426235632183908
11:39:49,735,7.42819850831899
11:39:50,735,7.432216494845361
11:39:51,735,7.432216494845361
11:39:52,735,7.432216494845361
11:39:53,735,7.438765008576329
11:39:54,735,7.438765008576329
11:39:55,735,7.438765008576329
11:39:56,735,7.438765008576329
11:39:57,735,7.438765008576329
11:39:58,736,7.438765008576329
11:39:59,736,7.438765008576329
11:40:00,736,7.45054131054131
11:40:01,736,7.451137656427759
11:40:02,737,7.451137656427759
11:40:03,737,7.451137656427759
11:40:04,737,7.451137656427759
11:40:05,737,7.451137656427759
11:40:06,737,7.451137656427759
11:40:07,737,7.451137656427759
11:40:08,737,7.455224304372516
11:40:09,738,7.458645124716553
11:40:10,738,7.458645124716553
11:40:11,738,7.458645124716553
11:40:12,738,7.463412563667233
11:40:13,738,7.4638418079096045
11:40:14,738,7.472419627749577
11:40:15,738,7.472419627749577
11:40:16,738,7.472419627749577
11:40:17,738,7.472419627749577
11:40:18,738,7.472419627749577
11:40:19,738,7.472419627749577
11:40:20,738,7.47286036036036
11:40:21,739,7.47286036036036
11:40:22,739,7.47286036036036
11:40:23,739,7.47286036036036
11:40:24,739,7.47286036036036
11:40:25,739,7.47286036036036
11:40:26,739,7.476869027543564
11:40:27,739,7.476869027543564
11:40:28,739,7.47864758698092
11:40:29,739,7.47864758698092
11:40:30,739,7.47864758698092
11:40:31,739,7.47864758698092
11:40:32,739,7.47864758698092
11:40:33,739,7.487787114845939
11:40:34,739,7.488590604026845
11:40:35,739,7.488590604026845
11:40:36,739,7.488590604026845
11:40:37,739,7.497627024008934
11:40:38,740,7.497627024008934
11:40:39,740,7.497627024008934
11:40:40,740,7.497627024008934
11:40:41,740,7.497627024008934
11:40:42,740,7.497627024008934
11:40:43,740,7.497627024008934
11:40:44,740,7.497627024008934
11:40:45,740,7.497627024008934
11:40:46,740,7.497627024008934
11:40:47,740,7.500891861761427
11:40:48,740,7.500891861761427
11:40:49,740,7.500891861761427
11:40:50,740,7.500973845297719
11:40:51,740,7.501499999999999
11:40:52,740,7.503216860787576
11:40:53,740,7.503216860787576
11:40:54,740,7.515644002211166
11:40:55,741,7.515644002211166
11:40:56,741,7.515644002211166
11:40:57,742,7.520916114790286
11:40:58,742,7.520916114790286
11:40:59,743,7.520916114790286
11:41:00,743,7.520916114790286
11:41:01,743,7.520916114790286
11:41:02,743,7.52975797579758
11:41:03,744,7.52975797579758
11:41:04,744,7.539044481054366
11:41:05,744,7.539044481054366
11:41:06,744,7.548163377192982
11:41:07,744,7.548163377192982
11:41:08,744,7.549069512862617
11:41:09,744,7.549069512862617
11:41:10,744,7.549069512862617
11:41:11,745,7.549069512862617
11:41:12,745,7.549069512862617
11:41:13,745,7.549069512862617
11:41:14,745,7.549069512862617
11:41:15,746,7.549069512862617
11:41:16,746,7.549069512862617
11:41:17,746,7.549069512862617
11:41:18,747,7.550737704918033
11:41:19,747,7.550737704918033
11:41:20,747,7.550737704918033
11:41:21,747,7.550737704918033
11:41:22,747,7.550737704918033
11:41:23,748,7.550737704918033
11:41:24,748,7.550737704918033
11:41:25,748,7.550737704918033
11:41:26,749,7.550737704918033
11:41:27,749,7.550737704918033
11:41:28,749,7.550737704918033
11:41:29,750,7.552045826513912
11:41:30,750,7.552045826513912
11:41:31,751,7.552045826513912
11:41:32,751,7.552045826513912
11:41:33,751,7.552045826513912
11:41:34,752,7.552045826513912
11:41:35,753,7.552045826513912
11:41:36,753,7.5643284393692225
11:41:37,753,7.5643284393692225
11:41:38,753,7.5643284393692225
11:41:39,753,7.56514657980456
11:41:40,754,7.56514657980456
11:41:41,754,7.567018970189702
11:41:42,754,7.567018970189702
11:41:43,754,7.567018970189702
11:41:44,755,7.567018970189702
11:41:45,755,7.571645021645022
11:41:46,755,7.571645021645022
11:41:47,755,7.571645021645022
11:41:48,755,7.573068611561319
11:41:49,757,7.573068611561319
11:41:50,757,7.573068611561319
11:41:51,757,7.578721682847896
11:41:52,758,7.578721682847896
11:41:53,758,7.578721682847896
11:41:54,759,7.578721682847896
11:41:55,760,7.578675282714055
11:41:56,760,7.578675282714055
11:41:57,760,7.588440860215054
11:41:58,761,7.588440860215054
11:41:59,762,7.588440860215054
11:42:00,762,7.595544820182501
11:42:01,763,7.595544820182501
11:42:02,765,7.595544820182501
11:42:03,765,7.595544820182501
11:42:04,766,7.595544820182501
11:42:05,766,7.595544820182501
11:42:06,766,7.595544820182501
11:42:07,767,7.595544820182501
11:42:08,767,7.595544820182501
11:42:09,767,7.603322615219722
11:42:10,767,7.603322615219722
11:42:11,769,7.604708400214019
11:42:12,769,7.604708400214019
11:42:13,769,7.604708400214019
11:42:14,771,7.604708400214019
11:42:15,771,7.604708400214019
11:42:16,771,7.604708400214019
11:42:17,772,7.604708400214019
11:42:18,772,7.604708400214019
11:42:19,772,7.604708400214019
11:42:20,773,7.604708400214019
11:42:21,773,7.604708400214019
11:42:22,773,7.604708400214019
11:42:23,776,7.604708400214019
11:42:24,776,7.604708400214019
11:42:25,776,7.604708400214019
11:42:26,778,7.60625
11:42:27,779,7.60625
11:42:28,779,7.608853333333333
11:42:29,781,7.608853333333333
11:42:30,782,7.611208732694355
11:42:31,782,7.618500797448165
11:42:32,783,7.618500797448165
11:42:33,783,7.618500797448165
11:42:34,785,7.618500797448165
11:42:35,785,7.626179120296768
11:42:36,787,7.626179120296768
11:42:37,787,7.626179120296768
11:42:38,787,7.626179120296768
11:42:39,787,7.626179120296768
11:42:40,789,7.626179120296768
11:42:41,789,7.626179120296768
11:42:42,790,7.626179120296768
11:42:43,791,7.626179120296768
11:42:44,791,7.635185185185184
11:42:45,792,7.635185185185184
11:42:46,792,7.6434335443037975
11:42:47,792,7.6434335443037975
11:42:48,793,7.6434335443037975
11:42:49,793,7.653443743427971
11:42:50,793,7.653443743427971
11:42:51,794,7.653443743427971
11:42:52,794,7.658464360587002
11:42:53,794,7.658464360587002
11:42:54,796,7.662480376766092
11:42:55,797,7.662480376766092
11:42:56,797,7.662480376766092
11:42:57,797,7.662480376766092
11:42:58,799,7.662480376766092
11:42:59,800,7.662480376766092
11:43:00,800,7.665412748171368
11:43:01,802,7.665412748171368
11:43:02,802,7.665412748171368
11:43:03,803,7.665412748171368
11:43:04,805,7.665412748171368
11:43:05,805,7.665412748171368
11:43:06,806,7.665412748171368
11:43:07,807,7.665412748171368
11:43:08,808,7.665412748171368
11:43:09,808,7.665412748171368
11:43:10,810,7.665412748171368
11:43:11,811,7.669953051643192
11:43:12,811,7.669953051643192
11:43:13,813,7.669953051643192
11:43:14,814,7.669953051643192
11:43:15,814,7.674244791666666
11:43:16,814,7.674244791666666
11:43:17,815,7.674244791666666
11:43:18,815,7.674244791666666
11:43:19,815,7.6769370774831
11:43:20,816,7.6769370774831
11:43:21,817,7.6769370774831
11:43:22,818,7.6769370774831
11:43:23,819,7.6769370774831
11:43:24,819,7.6769370774831
11:43:25,819,7.6769370774831
11:43:26,820,7.6817497403946
11:43:27,820,7.6817497403946
11:43:28,820,7.6817497403946
11:43:29,820,7.6817497403946
11:43:30,820,7.6817497403946
11:43:31,821,7.6817497403946
11:43:32,821,7.686080870917574
11:43:33,821,7.686080870917574
11:43:34,821,7.689415113871635
11:43:35,822,7.689415113871635
11:43:36,822,7.6974418604651165
11:43:37,822,7.702089783281734
11:43:38,823,7.702089783281734
11:43:39,824,7.702089783281734
11:43:40,824,7.7010303967027305
11:43:41,824,7.7010303967027305
11:43:42,827,7.7010303967027305
11:43:43,827,7.705066872427983
11:43:44,827,7.705066872427983
11:43:45,827,7.7081407293271695
11:43:46,828,7.7081407293271695
11:43:47,828,7.712846153846154
11:43:48,828,7.712846153846154
11:43:49,828,7.7267382413087935
11:43:50,828,7.7267382413087935
11:43:51,828,7.7267382413087935
11:43:52,829,7.7267382413087935
11:43:53,829,7.7267382413087935
11:43:54,829,7.7267382413087935
11:43:55,831,7.7267382413087935
11:43:56,831,7.732644206227667
11:43:57,831,7.732644206227667
11:43:58,831,7.732644206227667
11:43:59,831,7.732644206227667
11:44:00,831,7.732644206227667
11:44:01,831,7.732644206227667
11:44:02,831,7.732644206227667
11:44:03,831,7.735448521916411
11:44:04,831,7.735448521916411
11:44:05,831,7.735448521916411
11:44:06,831,7.735448521916411
11:44:07,831,7.735448521916411
11:44:08,832,7.736386768447837
11:44:09,832,7.736386768447837
11:44:10,832,7.736386768447837
11:44:11,832,7.736386768447837
11:44:12,832,7.736386768447837
11:44:13,832,7.736386768447837
11:44:14,832,7.736386768447837
11:44:15,832,7.736386768447837
11:44:16,832,7.741463414634146
11:44:17,832,7.741463414634146
11:44:18,832,7.741463414634146
11:44:19,832,7.741463414634146
11:44:20,832,7.741463414634146
11:44:21,832,7.741463414634146
11:44:22,832,7.744647387113141
11:44:23,832,7.744647387113141
11:44:24,832,7.746225937183384
11:44:25,832,7.746225937183384
11:44:26,832,7.746225937183384
11:44:27,832,7.746225937183384
11:44:28,833,7.752301466868994
11:44:29,833,7.752301466868994
11:44:30,833,7.752301466868994
11:44:31,834,7.752301466868994
11:44:32,834,7.751616161616162
11:44:33,834,7.751616161616162
11:44:34,834,7.751616161616162
11:44:35,834,7.751616161616162
11:44:36,836,7.754488149268784
11:44:37,836,7.754488149268784
11:44:38,836,7.763897280966768
11:44:39,836,7.76500754147813
11:44:40,836,7.773920682730924
11:44:41,836,7.773920682730924
11:44:42,836,7.777167919799498
11:44:43,836,7.777167919799498
11:44:44,837,7.777167919799498
11:44:45,837,7.782107107107107
11:44:46,837,7.788780609695152
11:44:47,837,7.788780609695152
11:44:48,837,7.788780609695152
11:44:49,838,7.788780609695152
11:44:50,838,7.788780609695152
11:44:51,838,7.788780609695152
11:44:52,838,7.788780609695152
11:44:53,838,7.789421157684631
11:44:54,838,7.789421157684631
11:44:55,838,7.789421157684631
11:44:56,838,7.795814648729447
11:44:57,838,7.795814648729447
11:44:58,838,7.795814648729447
11:44:59,838,7.797985074626865
11:45:00,838,7.797985074626865
11:45:01,838,7.797985074626865
11:45:02,838,7.797985074626865
11:45:03,838,7.797985074626865
11:45:04,838,7.803849975161451
11:45:05,838,7.809449404761905
11:45:06,839,7.809449404761905
11:45:07,839,7.809449404761905
11:45:08,839,7.809449404761905
11:45:09,839,7.809449404761905
11:45:10,839,7.809449404761905
11:45:11,839,7.809449404761905
11:45:12,839,7.809449404761905
11:45:13,839,7.809449404761905
11:45:14,839,7.811788013868251
11:45:15,839,7.811788013868251
11:45:16,839,7.811993076162215
11:45:17,839,7.811993076162215
11:45:18,839,7.811993076162215
11:45:19,839,7.811993076162215
11:45:20,839,7.811993076162215
11:45:21,839,7.811993076162215
11:45:22,839,7.811993076162215
11:45:23,839,7.811993076162215
11:45:24,839,7.811993076162215
11:45:25,839,7.811993076162215
11:45:26,839,7.815679012345679
11:45:27,839,7.815679012345679
11:45:28,840,7.815679012345679
11:45:29,840,7.815679012345679
11:45:30,840,7.818934911242604
11:45:31,840,7.826784835056623
11:45:32,840,7.826784835056623
11:45:33,842,7.833038782523318
11:45:34,842,7.833038782523318
11:45:35,843,7.835882352941176
11:45:36,843,7.835882352941176
11:45:37,843,7.839011257953989
11:45:38,843,7.839011257953989
11:45:39,843,7.839011257953989
11:45:40,843,7.839011257953989
11:45:41,844,7.839011257953989
11:45:42,844,7.841397849462366
11:45:43,844,7.841397849462366
11:45:44,844,7.841397849462366
11:45:45,844,7.842679355783309
11:45:46,844,7.842679355783309
11:45:47,845,7.842679355783309
11:45:48,845,7.849512670565303
11:45:49,845,7.849512670565303
11:45:50,845,7.849512670565303
11:45:51,845,7.849512670565303
11:45:52,846,7.849512670565303
11:45:53,846,7.849512670565303
11:45:54,846,7.849512670565303
11:45:55,847,7.855717761557178
11:45:56,847,7.855717761557178
11:45:57,847,7.855717761557178
11:45:58,847,7.855717761557178
11:45:59,847,7.855717761557178
11:46:00,847,7.855717761557178
11:46:01,847,7.855717761557178
11:46:02,847,7.855717761557178
11:46:03,847,7.856802721088436
11:46:04,847,7.856802721088436
11:46:05,847,7.856802721088436
11:46:06,847,7.856802721088436
11:46:07,847,7.856928294573644
11:46:08,847,7.856928294573644
11:46:09,848,7.862675374939526
11:46:10,848,7.862675374939526
11:46:11,848,7.862675374939526
11:46:12,848,7.862675374939526
11:46:13,849,7.862675374939526
11:46:14,849,7.862675374939526
11:46:15,849,7.862675374939526
11:46:16,849,7.862675374939526
11:46:17,849,7.862675374939526
11:46:18,850,7.862675374939526
11:46:19,850,7.86635265700483
11:46:20,850,7.86635265700483
11:46:21,850,7.86635265700483
11:46:22,851,7.86635265700483
11:46:23,851,7.868379160636759
11:46:24,851,7.868379160636759
11:46:25,852,7.868379160636759
11:46:26,852,7.875685425685426
11:46:27,852,7.875685425685426
11:46:28,852,7.875685425685426
11:46:29,852,7.875685425685426
11:46:30,852,7.875685425685426
11:46:31,853,7.875685425685426
11:46:32,853,7.875685425685426
11:46:33,853,7.875685425685426
11:46:34,853,7.875120076849184
11:46:35,853,7.875120076849184
11:46:36,853,7.875120076849184
11:46:37,853,7.8753717026378895
11:46:38,853,7.8753717026378895
11:46:39,853,7.879573754789273
11:46:40,853,7.879937828790053
11:46:41,853,7.879937828790053
11:46:42,853,7.879937828790053
11:46:43,853,7.879937828790053
11:46:44,853,7.879937828790053
11:46:45,853,7.879937828790053
11:46:46,853,7.879937828790053
11:46:47,853,7.88870582617001
11:46:48,853,7.88870582617001
11:46:49,853,7.88870582617001
11:46:50,853,7.88870582617001
11:46:51,853,7.88870582617001
11:46:52,853,7.88870582617001
11:46:53,855,7.88870582617001
11:46:54,855,7.88870582617001
11:46:55,855,7.88870582617001
11:46:56,856,7.88870582617001
11:46:57,856,7.88870582617001
11:46:58,856,7.88870582617001
11:46:59,857,7.88870582617001
11:47:00,857,7.88870582617001
11:47:01,857,7.894849785407725
11:47:02,857,7.894849785407725
11:47:03,857,7.894849785407725
11:47:04,857,7.894849785407725
11:47:05,857,7.894849785407725
11:47:06,857,7.896714285714285
11:47:07,857,7.896714285714285
11:47:08,857,7.896714285714285
11:47:09,857,7.8976462196861625
11:47:10,857,7.8976462196861625
11:47:11,857,7.8979582146248815
11:47:12,857,7.8979582146248815
11:47:13,857,7.8979582146248815
11:47:14,857,7.904931247036511
11:47:15,857,7.904931247036511
11:47:16,857,7.906737588652482
11:47:17,858,7.906737588652482
11:47:18,858,7.906737588652482
11:47:19,858,7.913550519357885
11:47:20,859,7.913550519357885
11:47:21,859,7.913550519357885
11:47:22,859,7.913550519357885
11:47:23,859,7.913550519357885
11:47:24,859,7.913550519357885
11:47:25,859,7.914073550212164
11:47:26,862,7.914073550212164
11:47:27,862,7.91657263751763
11:47:28,862,7.91657263751763
11:47:29,864,7.918615023474178
11:47:30,865,7.918615023474178
11:47:31,865,7.9171354899203
11:47:32,866,7.9171354899203
11:47:33,867,7.9171354899203
11:47:34,867,7.9171354899203
11:47:35,867,7.9171354899203
11:47:36,868,7.9171354899203
11:47:37,868,7.9171354899203
11:47:38,869,7.9171354899203
11:47:39,869,7.9171354899203
11:47:40,869,7.9171354899203
11:47:41,869,7.9171354899203
11:47:42,871,7.9171354899203
11:47:43,871,7.9171354899203
11:47:44,871,7.9171354899203
11:47:45,871,7.914325842696629
11:47:46,873,7.914325842696629
11:47:47,873,7.914325842696629
11:47:48,873,7.912809724170173
11:47:49,874,7.910434173669468
11:47:50,874,7.910434173669468
11:47:51,874,7.910434173669468
11:47:52,875,7.924627560521415
11:47:53,875,7.924627560521415
11:47:54,875,7.924627560521415
11:47:55,876,7.924627560521415
11:47:56,876,7.924627560521415
11:47:57,876,7.924627560521415
11:47:58,876,7.924627560521415
11:47:59,876,7.924627560521415
11:48:00,876,7.924627560521415
11:48:01,877,7.925708972570898
11:48:02,878,7.925708972570898
11:48:03,878,7.925708972570898
11:48:04,878,7.925708972570898
11:48:05,879,7.927948003714021
11:48:06,880,7.927948003714021
11:48:07,881,7.927948003714021
11:48:08,881,7.935326842837274
11:48:09,882,7.935326842837274
11:48:10,882,7.935326842837274
11:48:11,884,7.935326842837274
11:48:12,884,7.935326842837274
11:48:13,885,7.935326842837274
11:48:14,886,7.935326842837274
11:48:15,887,7.936828703703704
11:48:16,888,7.936828703703704
11:48:17,889,7.938372630605641
11:48:18,889,7.936749769159742
11:48:19,890,7.936749769159742
11:48:20,890,7.936749769159742
11:48:21,891,7.9344398340248965
11:48:22,891,7.9344398340248965
11:48:23,893,7.934829650092081
11:48:24,893,7.932436781609195
11:48:25,894,7.932436781609195
11:48:26,895,7.932436781609195
11:48:27,895,7.932436781609195
11:48:28,895,7.932436781609195
11:48:29,895,7.932436781609195
11:48:30,896,7.932436781609195
11:48:31,896,7.932436781609195
11:48:32,896,7.940610651974288
11:48:33,896,7.940165061898212
11:48:34,897,7.940165061898212
11:48:35,897,7.940165061898212
11:48:36,898,7.940165061898212
11:48:37,898,7.940165061898212
11:48:38,899,7.940165061898212
11:48:39,899,7.940165061898212
11:48:40,900,7.940165061898212
11:48:41,900,7.940165061898212
11:48:42,900,7.945444139194139
11:48:43,901,7.951280292638317
11:48:44,902,7.951280292638317
11:48:45,902,7.949748858447489
11:48:46,902,7.949748858447489
11:48:47,902,7.949748858447489
11:48:48,903,7.949748858447489
11:48:49,903,7.949748858447489
11:48:50,903,7.948244414044688
11:48:51,903,7.94742714025501
11:48:52,903,7.94742714025501
11:48:53,905,7.945702592087312
11:48:54,905,7.945702592087312
11:48:55,905,7.945702592087312
11:48:56,905,7.943982742960944
11:48:57,906,7.952063492063492
11:48:58,906,7.952063492063492
11:48:59,907,7.952063492063492
11:49:00,907,7.952063492063492
11:49:01,908,7.952063492063492
11:49:02,908,7.952063492063492
11:49:03,909,7.952063492063492
11:49:04,909,7.952063492063492
11:49:05,910,7.9508152173913045
11:49:06,910,7.950407055630936
11:49:07,910,7.950407055630936
11:49:08,911,7.9562782294489605
11:49:09,911,7.9562782294489605
11:49:10,911,7.954736129905277
11:49:11,911,7.954736129905277
11:49:12,911,7.954736129905277
11:49:13,911,7.954736129905277
11:49:14,911,7.954736129905277
11:49:15,912,7.954736129905277
11:49:16,912,7.954736129905277
11:49:17,913,7.954736129905277
11:49:18,913,7.954736129905277
11:49:19,913,7.960382882882882
11:49:20,913,7.960382882882882
11:49:21,913,7.960382882882882
11:49:22,913,7.960382882882882
11:49:23,913,7.9594242015294645
11:49:24,913,7.9630278526504945
11:49:25,914,7.9630278526504945
11:49:26,914,7.961395244504262
11:49:27,915,7.961395244504262
11:49:28,915,7.961395244504262
11:49:29,915,7.961395244504262
11:49:30,917,7.961395244504262
11:49:31,917,7.966666666666667
11:49:32,917,7.966666666666667
11:49:33,918,7.974071588366891
11:49:34,918,7.974071588366891
11:49:35,919,7.974071588366891
11:49:36,920,7.973659517426273
11:49:37,920,7.973659517426273
11:49:38,921,7.973659517426273
11:49:39,921,7.973659517426273
11:49:40,922,7.973659517426273
11:49:41,922,7.973659517426273
11:49:42,923,7.973659517426273
11:49:43,923,7.973315484158857
11:49:44,923,7.973315484158857
11:49:45,924,7.972393048128342
11:49:46,924,7.972393048128342
11:49:47,924,7.972393048128342
11:49:48,924,7.972393048128342
11:49:49,924,7.972393048128342
11:49:50,925,7.972393048128342
11:49:51,925,7.972393048128342
11:49:52,925,7.972393048128342
11:49:53,925,7.972393048128342
11:49:54,926,7.972393048128342
11:49:55,926,7.972393048128342
11:49:56,926,7.972393048128342
11:49:57,927,7.972393048128342
11:49:58,927,7.971984868713841
11:49:59,927,7.971984868713841
11:50:00,927,7.971984868713841
11:50:01,928,7.971984868713841
11:50:02,928,7.9715333333333325
11:50:03,928,7.9715333333333325
11:50:04,928,7.9715333333333325
11:50:05,929,7.9715333333333325
11:50:06,929,7.9715333333333325
11:50:07,929,7.9715333333333325
11:50:08,929,7.9715333333333325
11:50:09,930,7.9715333333333325
11:50:10,930,7.9715333333333325
11:50:11,930,7.971970705725699
11:50:12,931,7.971970705725699
11:50:13,931,7.971970705725699
11:50:14,932,7.978280141843971
11:50:15,933,7.978280141843971
11:50:16,933,7.985101679929267
11:50:17,934,7.985101679929267
11:50:18,935,7.985101679929267
11:50:19,935,7.986777041942605
11:50:20,935,7.986463844797178
11:50:21,936,7.985865257595773
11:50:22,936,7.985865257595773
11:50:23,936,7.9894019349164465
11:50:24,937,7.994576196750109
11:50:25,938,7.994473684210527
11:50:26,938,7.994473684210527
11:50:27,938,7.994473684210527
11:50:28,938,7.994473684210527
11:50:29,939,7.994473684210527
11:50:30,939,7.994473684210527
11:50:31,939,7.995575996495839
11:50:32,940,7.995575996495839
11:50:33,940,7.995575996495839
11:50:34,940,7.995575996495839
11:50:35,940,7.995575996495839
11:50:36,941,7.995575996495839
11:50:37,941,7.995575996495839
11:50:38,941,7.995575996495839
11:50:39,942,7.995575996495839
11:50:40,943,7.995575996495839
11:50:41,943,7.995575996495839
11:50:42,943,7.995575996495839
11:50:43,943,7.995575996495839
11:50:44,943,7.995575996495839
11:50:45,944,7.995575996495839
11:50:46,944,7.995575996495839
11:50:47,944,7.995575996495839
11:50:48,944,7.995575996495839
11:50:49,945,8.002861511577107
11:50:50,945,8.002861511577107
11:50:51,945,8.002861511577107
11:50:52,945,8.007744328097731
11:50:53,945,8.007744328097731
11:50:54,945,8.007744328097731
11:50:55,945,8.007744328097731
11:50:56,945,8.007744328097731
11:50:57,945,8.007744328097731
11:50:58,945,8.007744328097731
11:50:59,945,8.007744328097731
11:51:00,945,8.00838779956427
11:51:01,945,8.014012184508267
11:51:02,945,8.014012184508267
11:51:03,945,8.014012184508267
11:51:04,945,8.014012184508267
11:51:05,945,8.013841807909605
11:51:06,945,8.013841807909605
11:51:07,945,8.013841807909605
11:51:08,945,8.013841807909605
11:51:09,945,8.014561631944444
11:51:10,945,8.014867793671435
11:51:11,945,8.014867793671435
11:51:12,945,8.014867793671435
11:51:13,945,8.014867793671435
11:51:14,945,8.014867793671435
11:51:15,945,8.01551948051948
11:51:16,945,8.01551948051948
11:51:17,945,8.01551948051948
11:51:18,945,8.01551948051948
11:51:19,945,8.01551948051948
11:51:20,945,8.01551948051948
11:51:21,945,8.01551948051948
11:51:22,945,8.01551948051948
11:51:23,945,8.017617812364895
11:51:24,945,8.017617812364895
11:51:25,945,8.017617812364895
11:51:26,945,8.025183268650279
11:51:27,945,8.025183268650279
11:51:28,945,8.02555986218777
11:51:29,945,8.02555986218777
11:51:30,946,8.02555986218777
11:51:31,946,8.02555986218777
11:51:32,946,8.02555986218777
11:51:33,947,8.02555986218777
11:51:34,947,8.02555986218777
11:51:35,947,8.026301075268817
11:51:36,948,8.026301075268817
11:51:37,948,8.026301075268817
11:51:38,948,8.026301075268817
11:51:39,948,8.027512886597938
11:51:40,948,8.027512886597938
11:51:41,948,8.027512886597938
11:51:42,948,8.027512886597938
11:51:43,948,8.027512886597938
11:51:44,948,8.027512886597938
11:51:45,948,8.027512886597938
11:51:46,948,8.027512886597938
11:51:47,948,8.027512886597938
11:51:48,948,8.027512886597938
11:51:49,948,8.027512886597938
11:51:50,948,8.033933933933934
11:51:51,948,8.033933933933934
11:51:52,948,8.033933933933934
11:51:53,948,8.033933933933934
11:51:54,948,8.035047129391602
11:51:55,948,8.035047129391602
11:51:56,948,8.036906290115533
11:51:57,948,8.036906290115533
11:51:58,948,8.036906290115533
11:51:59,948,8.036906290115533
11:52:00,948,8.037222222222223
11:52:01,948,8.03755868544601
11:52:02,948,8.03755868544601
11:52:03,948,8.03755868544601
11:52:04,948,8.038959931798807
11:52:05,948,8.038959931798807
11:52:06,948,8.038959931798807
11:52:07,948,8.038959931798807
11:52:08,949,8.047147722435078
11:52:09,949,8.047147722435078
11:52:10,949,8.04827806122449
11:52:11,950,8.04827806122449
11:52:12,950,8.04827806122449
11:52:13,950,8.047707006369427
11:52:14,950,8.047707006369427
11:52:15,950,8.047707006369427
11:52:16,950,8.04927905004241
11:52:17,952,8.04927905004241
11:52:18,952,8.057593062605752
11:52:19,952,8.057593062605752
11:52:20,952,8.057593062605752
11:52:21,952,8.059083227714407
11:52:22,952,8.059083227714407
11:52:23,952,8.059083227714407
11:52:24,952,8.059083227714407
11:52:25,952,8.059083227714407
11:52:26,952,8.059083227714407
11:52:27,952,8.059083227714407
11:52:28,952,8.059083227714407
11:52:29,952,8.059083227714407
11:52:30,952,8.059083227714407
11:52:31,952,8.059083227714407
11:52:32,952,8.059083227714407
11:52:33,952,8.06048523206751
11:52:34,952,8.06048523206751
11:52:35,952,8.06048523206751
11:52:36,952,8.06048523206751
11:52:37,952,8.06472819216182
11:52:38,952,8.06472819216182
11:52:39,952,8.06472819216182
11:52:40,952,8.06472819216182
11:52:41,952,8.071990740740741
11:52:42,954,8.071990740740741
11:52:43,954,8.071990740740741
11:52:44,954,8.071990740740741
11:52:45,954,8.07400168137873
11:52:46,955,8.07400168137873
11:52:47,955,8.075692695214107
11:52:48,955,8.075692695214107
11:52:49,956,8.075692695214107
11:52:50,956,8.075692695214107
11:52:51,956,8.075692695214107
11:52:52,956,8.075283018867925
11:52:53,956,8.075283018867925
11:52:54,956,8.077533500837522
11:52:55,956,8.077533500837522
11:52:56,956,8.077533500837522
11:52:57,956,8.077533500837522
11:52:58,957,8.077533500837522
11:52:59,957,8.077533500837522
11:53:00,957,8.077533500837522
11:53:01,957,8.077533500837522
11:53:02,958,8.077533500837522
11:53:03,958,8.077533500837522
11:53:04,958,8.077533500837522
11:53:05,958,8.077533500837522
11:53:06,959,8.077533500837522
11:53:07,959,8.079192806357174
11:53:08,959,8.082978279030911
11:53:09,959,8.086316228619108
11:53:10,959,8.086316228619108
11:53:11,959,8.091041666666666
11:53:12,959,8.091041666666666
11:53:13,959,8.091041666666666
11:53:14,959,8.091801914273825
11:53:15,959,8.091801914273825
11:53:16,959,8.091801914273825
11:53:17,959,8.094305901911888
11:53:18,959,8.094305901911888
11:53:19,959,8.094305901911888
11:53:20,959,8.096720630967207
11:53:21,959,8.096720630967207
11:53:22,959,8.096720630967207
11:53:23,959,8.096720630967207
11:53:24,960,8.096720630967207
11:53:25,960,8.096720630967207
11:53:26,960,8.096720630967207
11:53:27,960,8.096720630967207
11:53:28,960,8.096720630967207
11:53:29,960,8.101844941956882
11:53:30,960,8.101844941956882
11:53:31,960,8.101844941956882
11:53:32,961,8.101844941956882
11:53:33,961,8.101844941956882
11:53:34,961,8.101844941956882
11:53:35,961,8.101844941956882
11:53:36,961,8.103975155279503
11:53:37,961,8.103975155279503
11:53:38,961,8.103975155279503
11:53:39,962,8.105976013234077
11:53:40,962,8.105976013234077
11:53:41,962,8.105976013234077
11:53:42,963,8.104357703428336
11:53:43,963,8.104357703428336
11:53:44,963,8.107178217821781
11:53:45,963,8.107178217821781
11:53:46,964,8.111907704985578
11:53:47,964,8.111907704985578
11:53:48,964,8.111907704985578
11:53:49,964,8.11298353909465
11:53:50,964,8.11298353909465
11:53:51,964,8.11298353909465
11:53:52,964,8.118351829017675
11:53:53,964,8.118351829017675
11:53:54,964,8.118351829017675
11:53:55,964,8.118351829017675
11:53:56,965,8.11876026272578
11:53:57,965,8.11876026272578
11:53:58,966,8.123185731857317
11:53:59,966,8.127252252252253
11:54:00,966,8.127252252252253
11:54:01,966,8.127252252252253
11:54:02,966,8.127252252252253
11:54:03,966,8.127252252252253
11:54:04,966,8.131206543967279
11:54:05,966,8.131206543967279
11:54:06,967,8.131206543967279
11:54:07,967,8.131206543967279
11:54:08,967,8.131206543967279
11:54:09,968,8.129636437908497
11:54:10,969,8.129636437908497
11:54:11,969,8.129636437908497
11:54:12,970,8.129636437908497
11:54:13,971,8.129636437908497
11:54:14,971,8.129636437908497
11:54:15,972,8.129636437908497
11:54:16,972,8.129636437908497
11:54:17,973,8.129636437908497
11:54:18,973,8.129636437908497
11:54:19,973,8.129636437908497
11:54:20,973,8.129636437908497
11:54:21,974,8.129636437908497
11:54:22,974,8.134761321909425
11:54:23,974,8.134761321909425
11:54:24,974,8.134761321909425
11:54:25,974,8.13797881010595
11:54:26,974,8.13797881010595
11:54:27,974,8.138441188441188
11:54:28,974,8.138441188441188
11:54:29,975,8.138441188441188
11:54:30,975,8.138231707317074
11:54:31,975,8.138231707317074
11:54:32,976,8.138231707317074
11:54:33,976,8.138231707317074
11:54:34,976,8.138231707317074
11:54:35,978,8.138231707317074
11:54:36,978,8.142610637434023
11:54:37,978,8.142610637434023
11:54:38,978,8.142610637434023
11:54:39,980,8.142610637434023
11:54:40,980,8.142610637434023
11:54:41,980,8.142610637434023
11:54:42,982,8.146654501216545
11:54:43,982,8.146654501216545
11:54:44,982,8.146654501216545
11:54:45,982,8.145220737140543
11:54:46,983,8.145220737140543
11:54:47,983,8.145220737140543
11:54:48,983,8.14749494949495
11:54:49,983,8.14749494949495
11:54:50,984,8.14749494949495
11:54:51,984,8.15270379338176
11:54:52,985,8.15270379338176
11:54:53,985,8.157315598548973
11:54:54,985,8.157315598548973
11:54:55,986,8.157315598548973
11:54:56,987,8.157315598548973
11:54:57,987,8.157315598548973
11:54:58,987,8.157315598548973
11:54:59,988,8.157315598548973
11:55:00,988,8.157315598548973
11:55:01,988,8.157315598548973
11:55:02,989,8.157315598548973
11:55:03,989,8.157315598548973
11:55:04,989,8.157315598548973
11:55:05,989,8.157315598548973
11:55:06,989,8.157315598548973
11:55:07,990,8.156723027375202
11:55:08,990,8.156723027375202
11:55:09,991,8.156723027375202
11:55:10,992,8.16151990349819
11:55:11,992,8.16151990349819
11:55:12,992,8.166847389558233
11:55:13,993,8.166847389558233
11:55:14,993,8.171440032089851
11:55:15,993,8.171440032089851
11:55:16,993,8.171440032089851
11:55:17,993,8.173297275641026
11:55:18,994,8.172849139655861
11:55:19,994,8.172849139655861
11:55:20,994,8.172182254196644
11:55:21,995,8.172182254196644
11:55:22,995,8.172182254196644
11:55:23,995,8.172182254196644
11:55:24,996,8.172182254196644
11:55:25,996,8.172182254196644
11:55:26,996,8.172182254196644
11:55:27,996,8.172182254196644
11:55:28,997,8.172182254196644
11:55:29,997,8.172182254196644
11:55:30,997,8.172182254196644
11:55:31,997,8.172182254196644
11:55:32,997,8.172182254196644
11:55:33,997,8.17435129740519
11:55:34,997,8.1789673046252
11:55:35,997,8.1789673046252
11:55:36,997,8.1789673046252
11:55:37,997,8.177060931899641
11:55:38,997,8.177060931899641
11:55:39,997,8.176153540175019
11:55:40,997,8.181962653953118
11:55:41,997,8.181962653953118
11:55:42,997,8.181646825396825
11:55:43,997,8.181646825396825
11:55:44,997,8.186523979389616
11:55:45,997,8.186523979389616
11:55:46,997,8.186523979389616
11:55:47,998,8.186523979389616
11:55:48,998,8.185530482977038
11:55:49,998,8.185530482977038
11:55:50,998,8.185530482977038
11:55:51,1000,8.185530482977038
11:55:52,1000,8.185530482977038
11:55:53,1000,8.185530482977038
11:55:54,1001,8.185530482977038
11:55:55,1002,8.185530482977038
11:55:56,1002,8.185530482977038
11:55:57,1003,8.185530482977038
11:55:58,1004,8.185530482977038
11:55:59,1004,8.185530482977038
11:56:00,1005,8.185530482977038
11:56:01,1006,8.185530482977038
11:56:02,1006,8.185530482977038
11:56:03,1007,8.191142744167655
11:56:04,1007,8.19612954186414
11:56:05,1007,8.19612954186414
11:56:06,1007,8.19792899408284
11:56:07,1007,8.19792899408284
11:56:08,1007,8.199152876280536
11:56:09,1007,8.199152876280536
11:56:10,1007,8.199152876280536
11:56:11,1007,8.199152876280536
11:56:12,1007,8.199152876280536
11:56:13,1007,8.199152876280536
11:56:14,1007,8.199152876280536
11:56:15,1007,8.199152876280536
11:56:16,1007,8.199152876280536
11:56:17,1007,8.199152876280536
11:56:18,1008,8.203423848878394
11:56:19,1009,8.203423848878394
11:56:20,1009,8.203423848878394
11:56:21,1009,8.203423848878394
11:56:22,1010,8.203423848878394
11:56:23,1010,8.203423848878394
11:56:24,1010,8.210659599528858
11:56:25,1011,8.210659599528858
11:56:26,1011,8.210659599528858
11:56:27,1011,8.210659599528858
11:56:28,1011,8.209165687426557
11:56:29,1011,8.209165687426557
11:56:30,1011,8.209165687426557
11:56:31,1011,8.209165687426557
11:56:32,1012,8.216021883548262
11:56:33,1013,8.216021883548262
11:56:34,1013,8.216021883548262
11:56:35,1013,8.216021883548262
11:56:36,1014,8.216021883548262
11:56:37,1014,8.216021883548262
11:56:38,1014,8.21516393442623
11:56:39,1015,8.21516393442623
11:56:40,1016,8.21516393442623
11:56:41,1016,8.21516393442623
11:56:42,1017,8.21516393442623
11:56:43,1017,8.21516393442623
11:56:44,1017,8.21516393442623
11:56:45,1017,8.21516393442623
11:56:46,1018,8.21516393442623
11:56:47,1018,8.21516393442623
11:56:48,1018,8.21516393442623
11:56:49,1018,8.21516393442623
11:56:50,1018,8.21516393442623
11:56:51,1018,8.21516393442623
11:56:52,1018,8.21516393442623
11:56:53,1018,8.221325536062379
11:56:54,1018,8.221325536062379
11:56:55,1018,8.227278037383178
11:56:56,1018,8.227278037383178
11:56:57,1018,8.229545454545454
11:56:58,1018,8.229545454545454
11:56:59,1018,8.229545454545454
11:57:00,1018,8.229545454545454
11:57:01,1018,8.229545454545454
11:57:02,1018,8.229545454545454
11:57:03,1018,8.229996119518821
11:57:04,1018,8.229996119518821
11:57:05,1018,8.229996119518821
11:57:06,1018,8.229996119518821
11:57:07,1018,8.233701550387597
11:57:08,1018,8.233701550387597
11:57:09,1018,8.233701550387597
11:57:10,1018,8.233701550387597
11:57:11,1018,8.233701550387597
11:57:12,1018,8.232133178474642
11:57:13,1018,8.232133178474642
11:57:14,1019,8.233623356535189
11:57:15,1019,8.233623356535189
11:57:16,1019,8.233623356535189
11:57:17,1019,8.233623356535189
11:57:18,1020,8.233623356535189
11:57:19,1020,8.233623356535189
11:57:20,1020,8.233623356535189
11:57:21,1021,8.234530706836617
11:57:22,1021,8.241550925925926
11:57:23,1021,8.241550925925926
11:57:24,1021,8.241425818882467
11:57:25,1022,8.245227097767513
11:57:26,1022,8.245227097767513
11:57:27,1022,8.245227097767513
11:57:28,1022,8.245227097767513
11:57:29,1022,8.249903993855607
11:57:30,1022,8.249903993855607
11:57:31,1022,8.248810893747603
11:57:32,1022,8.248810893747603
11:57:33,1022,8.248810893747603
11:57:34,1023,8.248810893747603
11:57:35,1023,8.248810893747603
11:57:36,1023,8.248810893747603
11:57:37,1023,8.248810893747603
11:57:38,1023,8.248810893747603
11:57:39,1023,8.248810893747603
11:57:40,1023,8.248810893747603
11:57:41,1023,8.255191570881227
11:57:42,1024,8.255191570881227
11:57:43,1024,8.255191570881227
11:57:44,1025,8.256467661691541
11:57:45,1025,8.256467661691541
11:57:46,1025,8.256467661691541
11:57:47,1026,8.256467661691541
11:57:48,1026,8.256467661691541
11:57:49,1026,8.256467661691541
11:57:50,1026,8.256467661691541
11:57:51,1026,8.256467661691541
11:57:52,1027,8.256467661691541
11:57:53,1027,8.256467661691541
11:57:54,1027,8.256467661691541
11:57:55,1028,8.256467661691541
11:57:56,1028,8.256467661691541
11:57:57,1029,8.256467661691541
11:57:58,1029,8.256230886850153
11:57:59,1029,8.260232913325698
11:58:00,1030,8.262090007627766
11:58:01,1031,8.262090007627766
11:58:02,1032,8.262090007627766
11:58:03,1032,8.265276190476191
11:58:04,1033,8.267104261796042
11:58:05,1034,8.267104261796042
11:58:06,1034,8.267104261796042
11:58:07,1034,8.267104261796042
11:58:08,1034,8.267104261796042
11:58:09,1034,8.267104261796042
11:58:10,1034,8.267104261796042
11:58:11,1034,8.267104261796042
11:58:12,1034,8.274914481185862
11:58:13,1034,8.274914481185862
11:58:14,1034,8.280998481397114
11:58:15,1034,8.280998481397114
11:58:16,1034,8.282480091012514
11:58:17,1034,8.282480091012514
11:58:18,1034,8.290919409761635
11:58:19,1034,8.290919409761635
11:58:20,1034,8.290919409761635
11:58:21,1034,8.287830687830688
11:58:22,1034,8.287830687830688
11:58:23,1034,8.287830687830688
11:58:24,1034,8.288410721026802
11:58:25,1034,8.288410721026802
11:58:26,1035,8.288410721026802
11:58:27,1035,8.288410721026802
11:58:28,1035,8.288410721026802
11:58:29,1035,8.29524886877828
11:58:30,1035,8.29824858757062
11:58:31,1035,8.29824858757062
11:58:32,1035,8.29824858757062
11:58:33,1035,8.29824858757062
11:58:34,1035,8.29824858757062
11:58:35,1035,8.300489089541008
11:58:36,1036,8.300489089541008
11:58:37,1036,8.300489089541008
11:58:38,1036,8.300489089541008
11:58:39,1036,8.300489089541008
11:58:40,1037,8.300489089541008
11:58:41,1037,8.300489089541008
11:58:42,1037,8.300489089541008
11:58:43,1037,8.300489089541008
11:58:44,1037,8.300489089541008
11:58:45,1037,8.300489089541008
11:58:46,1037,8.306933483652761
11:58:47,1037,8.306933483652761
11:58:48,1037,8.3071509009009
11:58:49,1037,8.3071509009009
11:58:50,1037,8.3071509009009
11:58:51,1037,8.3107424071991
11:58:52,1037,8.3107424071991
11:58:53,1037,8.30820224719101
11:58:54,1037,8.310886644219979
11:58:55,1037,8.310886644219979
11:58:56,1037,8.310886644219979
11:58:57,1037,8.310886644219979
11:58:58,1037,8.310886644219979
11:58:59,1039,8.310886644219979
11:59:00,1039,8.310886644219979
11:59:01,1039,8.310886644219979
11:59:02,1040,8.310886644219979
11:59:03,1040,8.314443198804186
11:59:04,1040,8.314443198804186
11:59:05,1041,8.314443198804186
11:59:06,1041,8.314443198804186
11:59:07,1041,8.314443198804186
11:59:08,1041,8.314443198804186
11:59:09,1041,8.319686800894853
11:59:10,1041,8.319686800894853
11:59:11,1041,8.322774674115456
11:59:12,1041,8.322774674115456
11:59:13,1041,8.322774674115456
11:59:14,1041,8.319382440476192
11:59:15,1041,8.319382440476192
11:59:16,1043,8.32075436640654
11:59:17,1043,8.32075436640654
11:59:18,1043,8.32075436640654
11:59:19,1043,8.326763177431328
11:59:20,1043,8.330663700407861
11:59:21,1043,8.330663700407861
11:59:22,1044,8.330663700407861
11:59:23,1044,8.330663700407861
11:59:24,1044,8.330663700407861
11:59:25,1044,8.330663700407861
11:59:26,1045,8.333111111111112
11:59:27,1045,8.333111111111112
11:59:28,1045,8.333111111111112
11:59:29,1045,8.337139689578715
11:59:30,1045,8.337139689578715
11:59:31,1045,8.337139689578715
11:59:32,1045,8.337139689578715
11:59:33,1045,8.337139689578715
11:59:34,1045,8.337139689578715
11:59:35,1045,8.337139689578715
11:59:36,1045,8.337139689578715
11:59:37,1045,8.337947582133628
11:59:38,1045,8.337947582133628
11:59:39,1045,8.337947582133628
11:59:40,1045,8.337947582133628
11:59:41,1045,8.337947582133628
11:59:42,1045,8.337947582133628
11:59:43,1045,8.341629793510325
11:59:44,1045,8.341629793510325
11:59:45,1045,8.341629793510325
11:59:46,1045,8.341629793510325
11:59:47,1045,8.341629793510325
11:59:48,1045,8.341629793510325
11:59:49,1045,8.341629793510325
11:59:50,1045,8.341629793510325
11:59:51,1045,8.341629793510325
11:59:52,1045,8.341629793510325
11:59:53,1045,8.35042310522443
11:59:54,1045,8.35042310522443
11:59:55,1045,8.354740904079383
11:59:56,1045,8.354740904079383
11:59:57,1045,8.354740904079383
11:59:58,1045,8.354740904079383
11:59:59,1045,8.354740904079383
12:00:00,1046,8.354740904079383
12:00:01,1046,8.354740904079383
12:00:02,1046,8.354740904079383
12:00:03,1047,8.353248898678414
12:00:04,1047,8.353248898678414
12:00:05,1047,8.353248898678414
12:00:06,1047,8.353248898678414
12:00:07,1047,8.353248898678414
12:00:08,1047,8.353248898678414
12:00:09,1047,8.353248898678414
12:00:10,1047,8.353248898678414
12:00:11,1047,8.353248898678414
12:00:12,1047,8.353248898678414
12:00:13,1047,8.357572423909057
12:00:14,1047,8.36065934065934
12:00:15,1048,8.36065934065934
12:00:16,1048,8.363373582144165
12:00:17,1048,8.363373582144165
12:00:18,1049,8.362518274853802
12:00:19,1049,8.362518274853802
12:00:20,1049,8.362518274853802
12:00:21,1049,8.36706827309237
12:00:22,1049,8.36706827309237
12:00:23,1049,8.36706827309237
12:00:24,1049,8.36706827309237
12:00:25,1049,8.36706827309237
12:00:26,1050,8.36706827309237
12:00:27,1050,8.371225382932165
12:00:28,1050,8.371225382932165
12:00:29,1050,8.375154826958106
12:00:30,1051,8.375154826958106
12:00:31,1051,8.375154826958106
12:00:32,1051,8.375154826958106
12:00:33,1051,8.376753907669938
12:00:34,1051,8.376753907669938
12:00:35,1051,8.376753907669938
12:00:36,1052,8.376753907669938
12:00:37,1052,8.376753907669938
12:00:38,1052,8.379248366013071
12:00:39,1052,8.379248366013071
12:00:40,1052,8.379248366013071
12:00:41,1052,8.379248366013071
12:00:42,1053,8.379248366013071
12:00:43,1053,8.38456655785274
12:00:44,1053,8.38456655785274
12:00:45,1053,8.38456655785274
12:00:46,1054,8.38456655785274
12:00:47,1054,8.38456655785274
12:00:48,1054,8.38456655785274
12:00:49,1054,8.38456655785274
12:00:50,1054,8.38456655785274
12:00:51,1054,8.38456655785274
12:00:52,1055,8.388242753623189
12:00:53,1056,8.388242753623189
12:00:54,1056,8.388242753623189
12:00:55,1056,8.387278320665944
12:00:56,1056,8.387278320665944
12:00:57,1056,8.387278320665944
12:00:58,1056,8.387278320665944
12:00:59,1057,8.387278320665944
12:01:00,1057,8.387278320665944
12:01:01,1057,8.396171903214157
12:01:02,1059,8.396171903214157
12:01:03,1059,8.396171903214157
12:01:04,1059,8.396171903214157
12:01:05,1060,8.401100288600288
12:01:06,1061,8.401100288600288
12:01:07,1061,8.401100288600288
12:01:08,1061,8.401100288600288
12:01:09,1062,8.396972972972973
12:01:10,1063,8.396972972972973
12:01:11,1063,8.399946004319654
12:01:12,1064,8.399946004319654
12:01:13,1065,8.400665228335132
12:01:14,1065,8.400665228335132
12:01:15,1066,8.400665228335132
12:01:16,1068,8.404507902298851
12:01:17,1068,8.404507902298851
12:01:18,1068,8.404507902298851
12:01:19,1069,8.404507902298851
12:01:20,1070,8.404507902298851
12:01:21,1071,8.408019375672767
12:01:22,1072,8.412275985663083
12:01:23,1074,8.412275985663083
12:01:24,1074,8.412275985663083
12:01:25,1075,8.416863587540279
12:01:26,1075,8.416863587540279
12:01:27,1077,8.416863587540279
12:01:28,1077,8.416863587540279
12:01:29,1078,8.416863587540279
12:01:30,1078,8.416863587540279
12:01:31,1078,8.416863587540279
12:01:32,1080,8.416863587540279
12:01:33,1081,8.416863587540279
12:01:34,1082,8.416863587540279
12:01:35,1082,8.416863587540279
12:01:36,1083,8.416863587540279
12:01:37,1085,8.421638054363376
12:01:38,1085,8.421638054363376
12:01:39,1086,8.42470525187567
12:01:40,1086,8.42470525187567
12:01:41,1087,8.42470525187567
12:01:42,1087,8.42470525187567
12:01:43,1088,8.42470525187567
12:01:44,1089,8.42935403283369
12:01:45,1089,8.42935403283369
12:01:46,1089,8.424313725490196
12:01:47,1090,8.423433048433049
12:01:48,1090,8.423433048433049
12:01:49,1090,8.423433048433049
12:01:50,1091,8.427534685165421
12:01:51,1091,8.431556503198294
12:01:52,1091,8.431556503198294
12:01:53,1091,8.431556503198294
12:01:54,1091,8.433635072772454
12:01:55,1091,8.433635072772454
12:01:56,1091,8.433635072772454
12:01:57,1092,8.433635072772454
12:01:58,1092,8.433635072772454
12:01:59,1092,8.433635072772454
12:02:00,1093,8.433635072772454
12:02:01,1093,8.433635072772454
12:02:02,1093,8.433635072772454
12:02:03,1094,8.433635072772454
12:02:04,1095,8.433635072772454
12:02:05,1096,8.43767730496454
12:02:06,1096,8.43767730496454
12:02:07,1096,8.436503719447396
12:02:08,1097,8.436503719447396
12:02:09,1098,8.436503719447396
12:02:10,1099,8.436503719447396
12:02:11,1099,8.436503719447396
12:02:12,1100,8.441012031139419
12:02:13,1100,8.441012031139419
12:02:14,1101,8.441012031139419
12:02:15,1101,8.440049487451397
12:02:16,1102,8.443449858757061
12:02:17,1102,8.443449858757061
12:02:18,1104,8.44305114638448
12:02:19,1104,8.44305114638448
12:02:20,1104,8.44305114638448
12:02:21,1105,8.440803382663848
12:02:22,1106,8.440803382663848
12:02:23,1107,8.440803382663848
12:02:24,1107,8.444808166138683
12:02:25,1108,8.444808166138683
12:02:26,1109,8.44941983122363
12:02:27,1110,8.456322444678609
12:02:28,1111,8.456322444678609
12:02:29,1113,8.45742105263158
12:02:30,1113,8.45742105263158
12:02:31,1113,8.45742105263158
12:02:32,1114,8.45742105263158
12:02:33,1114,8.45742105263158
12:02:34,1114,8.45742105263158
12:02:35,1114,8.46005958640028
12:02:36,1114,8.460224089635854
12:02:37,1114,8.460224089635854
12:02:38,1114,8.460224089635854
12:02:39,1114,8.460224089635854
12:02:40,1114,8.460224089635854
12:02:41,1115,8.460224089635854
12:02:42,1115,8.460224089635854
12:02:43,1115,8.460224089635854
12:02:44,1116,8.460224089635854
12:02:45,1116,8.460224089635854
12:02:46,1116,8.460224089635854
12:02:47,1116,8.460224089635854
12:02:48,1116,8.460224089635854
12:02:49,1116,8.460224089635854
12:02:50,1116,8.460224089635854
12:02:51,1116,8.460224089635854
12:02:52,1116,8.460224089635854
12:02:53,1116,8.460224089635854
12:02:54,1116,8.460224089635854
12:02:55,1116,8.460224089635854
12:02:56,1116,8.464480587618048
12:02:57,1116,8.464480587618048
12:02:58,1116,8.464480587618048
12:02:59,1116,8.464480587618048
12:03:00,1116,8.469479385045423
12:03:01,1116,8.469479385045423
12:03:02,1116,8.469479385045423
12:03:03,1116,8.47347294938918
12:03:04,1116,8.47347294938918
12:03:05,1116,8.47313458856346
12:03:06,1116,8.473510971786833
12:03:07,1116,8.473510971786833
12:03:08,1116,8.473510971786833
12:03:09,1116,8.468997912317327
12:03:10,1117,8.468997912317327
12:03:11,1117,8.47003823427181
12:03:12,1117,8.470277777777778
12:03:13,1117,8.474765868886577
12:03:14,1117,8.474765868886577
12:03:15,1117,8.479036729036729
12:03:16,1117,8.480771893388715
12:03:17,1117,8.480771893388715
12:03:18,1118,8.480771893388715
12:03:19,1119,8.485684647302906
12:03:20,1119,8.48832469775475
12:03:21,1119,8.48832469775475
12:03:22,1120,8.48832469775475
12:03:23,1120,8.48832469775475
12:03:24,1121,8.488181504485853
12:03:25,1121,8.488181504485853
12:03:26,1123,8.488181504485853
12:03:27,1123,8.488181504485853
12:03:28,1124,8.488181504485853
12:03:29,1125,8.488181504485853
12:03:30,1125,8.488181504485853
12:03:31,1126,8.488181504485853
12:03:32,1127,8.488181504485853
12:03:33,1127,8.488181504485853
12:03:34,1127,8.488181504485853
12:03:35,1127,8.488181504485853
12:03:36,1128,8.488181504485853
12:03:37,1128,8.492623233367803
12:03:38,1128,8.492623233367803
12:03:39,1129,8.492623233367803
12:03:40,1129,8.492623233367803
12:03:41,1129,8.492623233367803
12:03:42,1130,8.492623233367803
12:03:43,1130,8.492623233367803
12:03:44,1130,8.493164600550964
12:03:45,1131,8.492930856553148
12:03:46,1131,8.492930856553148
12:03:47,1131,8.492930856553148
12:03:48,1132,8.492930856553148
12:03:49,1133,8.49816151202749
12:03:50,1134,8.49816151202749
12:03:51,1135,8.49816151202749
12:03:52,1135,8.49816151202749
12:03:53,1135,8.49816151202749
12:03:54,1136,8.49816151202749
12:03:55,1136,8.49816151202749
12:03:56,1136,8.498952969447306
12:03:57,1136,8.498952969447306
12:03:58,1137,8.495884773662551
12:03:59,1137,8.495884773662551
12:04:00,1137,8.495884773662551
12:04:01,1137,8.491007194244604
12:04:02,1137,8.491007194244604
12:04:03,1137,8.491007194244604
12:04:04,1137,8.491007194244604
12:04:05,1137,8.494387405886378
12:04:06,1137,8.501264957264958
12:04:07,1137,8.501264957264958
12:04:08,1137,8.501264957264958
12:04:09,1137,8.501264957264958
12:04:10,1137,8.501264957264958
12:04:11,1137,8.50829918032787
12:04:12,1137,8.510252473558513
12:04:13,1137,8.510252473558513
12:04:14,1137,8.510252473558513
12:04:15,1138,8.509287661895025
12:04:16,1138,8.509287661895025
12:04:17,1138,8.509141981613892
12:04:18,1138,8.509141981613892
12:04:19,1138,8.509141981613892
12:04:20,1138,8.509812925170069
12:04:21,1138,8.509812925170069
12:04:22,1139,8.512164458036018
12:04:23,1139,8.512164458036018
12:04:24,1139,8.517464358452138
12:04:25,1140,8.517464358452138
12:04:26,1140,8.522973889454052
12:04:27,1140,8.522973889454052
12:04:28,1140,8.522973889454052
12:04:29,1140,8.522973889454052
12:04:30,1141,8.522973889454052
12:04:31,1142,8.522973889454052
12:04:32,1142,8.522973889454052
12:04:33,1142,8.522973889454052
12:04:34,1143,8.522973889454052
12:04:35,1143,8.522973889454052
12:04:36,1143,8.522973889454052
12:04:37,1143,8.522973889454052
12:04:38,1144,8.522973889454052
12:04:39,1144,8.522973889454052
12:04:40,1144,8.522973889454052
12:04:41,1144,8.522973889454052
12:04:42,1144,8.522973889454052
12:04:43,1144,8.522973889454052
12:04:44,1144,8.522973889454052
12:04:45,1144,8.522973889454052
12:04:46,1144,8.522973889454052
12:04:47,1144,8.520189701897019
12:04:48,1144,8.520189701897019
12:04:49,1144,8.520189701897019
12:04:50,1144,8.520524534686972
12:04:51,1144,8.520524534686972
12:04:52,1144,8.520524534686972
12:04:53,1144,8.521720757268424
12:04:54,1145,8.517038162782844
12:04:55,1145,8.517038162782844
12:04:56,1145,8.517038162782844
12:04:57,1145,8.524250084260196
12:04:58,1145,8.524250084260196
12:04:59,1145,8.524250084260196
12:05:00,1145,8.526380471380472
12:05:01,1146,8.526380471380472
12:05:02,1146,8.526380471380472
12:05:03,1146,8.526380471380472
12:05:04,1146,8.526380471380472
12:05:05,1147,8.524890682811975
12:05:06,1147,8.524890682811975
12:05:07,1147,8.524890682811975
12:05:08,1147,8.524890682811975
12:05:09,1147,8.524890682811975
12:05:10,1147,8.524890682811975
12:05:11,1147,8.526965725806452
12:05:12,1147,8.526965725806452
12:05:13,1147,8.531487076200067
12:05:14,1147,8.531487076200067
12:05:15,1148,8.531487076200067
12:05:16,1148,8.532026800670018
12:05:17,1148,8.532026800670018
12:05:18,1148,8.532026800670018
12:05:19,1148,8.532026800670018
12:05:20,1149,8.532026800670018
12:05:21,1149,8.532026800670018
12:05:22,1149,8.532026800670018
12:05:23,1149,8.532026800670018
12:05:24,1149,8.532026800670018
12:05:25,1149,8.53219544846051
12:05:26,1149,8.53219544846051
12:05:27,1150,8.53219544846051
12:05:28,1150,8.53219544846051
12:05:29,1150,8.53219544846051
12:05:30,1150,8.53219544846051
12:05:31,1152,8.53219544846051
12:05:32,1152,8.535088599130725
12:05:33,1152,8.535088599130725
12:05:34,1152,8.538460253841015
12:05:35,1152,8.540557223890556
12:05:36,1154,8.540557223890556
12:05:37,1154,8.540557223890556
12:05:38,1155,8.540557223890556
12:05:39,1156,8.540557223890556
12:05:40,1156,8.540557223890556
12:05:41,1156,8.540557223890556
12:05:42,1156,8.538616666666666
12:05:43,1157,8.538616666666666
12:05:44,1158,8.538616666666666
12:05:45,1158,8.54127539127539
12:05:46,1158,8.543363273453092
12:05:47,1159,8.547873047524094
12:05:48,1159,8.547873047524094
12:05:49,1159,8.547873047524094
12:05:50,1160,8.547873047524094
12:05:51,1160,8.547873047524094
12:05:52,1160,8.547873047524094
12:05:53,1161,8.543824701195218
12:05:54,1161,8.543824701195218
12:05:55,1162,8.542587064676617
12:05:56,1163,8.542587064676617
12:05:57,1163,8.542587064676617
12:05:58,1163,8.54458250497018
12:05:59,1164,8.54458250497018
12:06:00,1164,8.54458250497018
12:06:01,1164,8.54458250497018
12:06:02,1165,8.54458250497018
12:06:03,1165,8.54458250497018
12:06:04,1167,8.54458250497018
12:06:05,1167,8.54458250497018
12:06:06,1168,8.547236014564714
12:06:07,1168,8.546130952380953
12:06:08,1168,8.549025437727122
12:06:09,1168,8.549025437727122
12:06:10,1168,8.549025437727122
12:06:11,1168,8.549025437727122
12:06:12,1168,8.549025437727122
12:06:13,1168,8.549025437727122
12:06:14,1168,8.549025437727122
12:06:15,1169,8.549025437727122
12:06:16,1169,8.54894389438944
12:06:17,1169,8.546686449060337
12:06:18,1170,8.548402503293808
12:06:19,1170,8.548402503293808
12:06:20,1170,8.553879026955949
12:06:21,1171,8.553879026955949
12:06:22,1171,8.55704433497537
12:06:23,1171,8.55704433497537
12:06:24,1171,8.554609580052494
12:06:25,1172,8.554609580052494
12:06:26,1172,8.554609580052494
12:06:27,1173,8.554609580052494
12:06:28,1173,8.554609580052494
12:06:29,1174,8.553277613897082
12:06:30,1174,8.553277613897082
12:06:31,1174,8.553277613897082
12:06:32,1175,8.553277613897082
12:06:33,1175,8.553388998035363
12:06:34,1175,8.553388998035363
12:06:35,1176,8.553388998035363
12:06:36,1176,8.553388998035363
12:06:37,1176,8.553388998035363
12:06:38,1176,8.553388998035363
12:06:39,1177,8.556198887798496
12:06:40,1177,8.556198887798496
12:06:41,1177,8.558954248366012
12:06:42,1177,8.556431603003592
12:06:43,1177,8.559523809523808
12:06:44,1177,8.559523809523808
12:06:45,1177,8.561355490387747
12:06:46,1177,8.561355490387747
12:06:47,1177,8.561355490387747
12:06:48,1177,8.561355490387747
12:06:49,1177,8.558577473958334
12:06:50,1177,8.558577473958334
12:06:51,1177,8.55630894308943
12:06:52,1177,8.55630894308943
12:06:53,1177,8.55703378817414
12:06:54,1177,8.55703378817414
12:06:55,1177,8.557448880233691
12:06:56,1178,8.557448880233691
12:06:57,1178,8.557448880233691
12:06:58,1179,8.559370946822309
12:06:59,1179,8.559370946822309
12:07:00,1180,8.561872367994818
12:07:01,1180,8.561872367994818
12:07:02,1181,8.561872367994818
12:07:03,1182,8.563527508090614
12:07:04,1182,8.561202715809893
12:07:05,1183,8.561202715809893
12:07:06,1183,8.55859173126615
12:07:07,1183,8.55859173126615
12:07:08,1184,8.55859173126615
12:07:09,1184,8.55592126492417
12:07:10,1184,8.55592126492417
12:07:11,1184,8.55592126492417
12:07:12,1185,8.55592126492417
12:07:13,1185,8.55592126492417
12:07:14,1185,8.55592126492417
12:07:15,1185,8.55592126492417
12:07:16,1185,8.553916827852998
12:07:17,1185,8.553916827852998
12:07:18,1185,8.553916827852998
12:07:19,1185,8.551046698872787
12:07:20,1185,8.551046698872787
12:07:21,1185,8.551046698872787
12:07:22,1185,8.551046698872787
12:07:23,1185,8.551046698872787
12:07:24,1186,8.551046698872787
12:07:25,1186,8.551046698872787
12:07:26,1186,8.551046698872787
12:07:27,1186,8.553909266409267
12:07:28,1188,8.557328833172614
12:07:29,1188,8.560179833012203
12:07:30,1188,8.560179833012203
12:07:31,1188,8.560179833012203
12:07:32,1188,8.560179833012203
12:07:33,1189,8.560179833012203
12:07:34,1189,8.560179833012203
12:07:35,1189,8.560179833012203
12:07:36,1189,8.560179833012203
12:07:37,1189,8.560179833012203
12:07:38,1189,8.561870388193775
12:07:39,1189,8.561870388193775
12:07:40,1189,8.561870388193775
12:07:41,1189,8.561870388193775
12:07:42,1189,8.565016025641025
12:07:43,1189,8.565016025641025
12:07:44,1190,8.565016025641025
12:07:45,1190,8.565016025641025
12:07:46,1190,8.565016025641025
12:07:47,1191,8.565016025641025
12:07:48,1191,8.567483189241113
12:07:49,1191,8.567483189241113
12:07:50,1191,8.567483189241113
12:07:51,1191,8.568568232662193
12:07:52,1191,8.568568232662193
12:07:53,1191,8.568568232662193
12:07:54,1192,8.568568232662193
12:07:55,1192,8.566507024265643
12:07:56,1192,8.566507024265643
12:07:57,1192,8.566507024265643
12:07:58,1192,8.566507024265643
12:07:59,1192,8.566507024265643
12:08:00,1192,8.566507024265643
12:08:01,1192,8.566507024265643
12:08:02,1192,8.569457735247209
12:08:03,1192,8.571414913957936
12:08:04,1193,8.571414913957936
12:08:05,1194,8.571414913957936
12:08:06,1194,8.571414913957936
12:08:07,1194,8.574482648837948
12:08:08,1195,8.57266221374046
12:08:09,1195,8.57266221374046
12:08:10,1195,8.574420082618365
12:08:11,1196,8.57304761904762
12:08:12,1196,8.57304761904762
12:08:13,1196,8.57304761904762
12:08:14,1196,8.571614335553441
12:08:15,1197,8.571614335553441
12:08:16,1198,8.572227503168568
12:08:17,1198,8.572227503168568
12:08:18,1198,8.572227503168568
12:08:19,1198,8.574153213042102
12:08:20,1198,8.574153213042102
12:08:21,1198,8.574153213042102
12:08:22,1198,8.574153213042102
12:08:23,1198,8.574153213042102
12:08:24,1198,8.574153213042102
12:08:25,1198,8.572043010752688
12:08:26,1198,8.572043010752688
12:08:27,1198,8.572043010752688
12:08:28,1198,8.572043010752688
12:08:29,1198,8.569589257503951
12:08:30,1198,8.569589257503951
12:08:31,1198,8.568008207070706
12:08:32,1198,8.568008207070706
12:08:33,1198,8.566777041942604
12:08:34,1199,8.566777041942604
12:08:35,1199,8.566777041942604
12:08:36,1199,8.566777041942604
12:08:37,1199,8.567501575299307
12:08:38,1200,8.567501575299307
12:08:39,1200,8.567501575299307
12:08:40,1201,8.567501575299307
12:08:41,1201,8.567501575299307
12:08:42,1201,8.570821529745043
12:08:43,1201,8.570821529745043
12:08:44,1202,8.570821529745043
12:08:45,1202,8.572783018867925
12:08:46,1203,8.572783018867925
12:08:47,1204,8.572783018867925
12:08:48,1204,8.572783018867925
12:08:49,1204,8.572783018867925
12:08:50,1205,8.572783018867925
12:08:51,1205,8.572783018867925
12:08:52,1205,8.572783018867925
12:08:53,1205,8.572783018867925
12:08:54,1205,8.572783018867925
12:08:55,1205,8.572783018867925
12:08:56,1206,8.572783018867925
12:08:57,1207,8.575054979579013
12:08:58,1207,8.575054979579013
12:08:59,1208,8.575054979579013
12:09:00,1209,8.574340866290019
12:09:01,1209,8.574340866290019
12:09:02,1210,8.573424270931326
12:09:03,1210,8.573424270931326
12:09:04,1211,8.573424270931326
12:09:05,1211,8.572008145363409
12:09:06,1212,8.572081377151799
12:09:07,1213,8.575828642901815
12:09:08,1213,8.575828642901815
12:09:09,1214,8.574336144954703
12:09:10,1214,8.574336144954703
12:09:11,1215,8.574336144954703
12:09:12,1215,8.574859550561797
12:09:13,1216,8.574859550561797
12:09:14,1217,8.572903024633613
12:09:15,1217,8.572903024633613
12:09:16,1217,8.572903024633613
12:09:17,1218,8.572903024633613
12:09:18,1218,8.572903024633613
12:09:19,1218,8.572903024633613
12:09:20,1219,8.571573208722743
12:09:21,1220,8.571573208722743
12:09:22,1220,8.571573208722743
12:09:23,1220,8.571573208722743
12:09:24,1220,8.571573208722743
12:09:25,1220,8.571573208722743
12:09:26,1220,8.571573208722743
12:09:27,1220,8.570385932150637
12:09:28,1222,8.570385932150637
12:09:29,1222,8.570385932150637
12:09:30,1222,8.570385932150637
12:09:31,1223,8.570385932150637
12:09:32,1224,8.570385932150637
12:09:33,1224,8.570385932150637
12:09:34,1225,8.570385932150637
12:09:35,1225,8.570385932150637
12:09:36,1226,8.570385932150637
12:09:37,1226,8.569776119402984
12:09:38,1227,8.569776119402984
12:09:39,1228,8.568499534016775
12:09:40,1228,8.568499534016775
12:09:41,1229,8.572542635658914
12:09:42,1230,8.572542635658914
12:09:43,1230,8.572542635658914
12:09:44,1230,8.571793680297397
12:09:45,1230,8.571793680297397
12:09:46,1232,8.571799628942488
12:09:47,1232,8.571799628942488
12:09:48,1233,8.571799628942488
12:09:49,1233,8.573317901234567
12:09:50,1233,8.573317901234567
12:09:51,1233,8.573317901234567
12:09:52,1234,8.573317901234567
12:09:53,1234,8.573317901234567
12:09:54,1234,8.573317901234567
12:09:55,1234,8.573317901234567
12:09:56,1234,8.573317901234567
12:09:57,1234,8.573317901234567
12:09:58,1234,8.573317901234567
12:09:59,1234,8.573317901234567
12:10:00,1235,8.575208140610547
12:10:01,1235,8.579081947011707
12:10:02,1236,8.579081947011707
12:10:03,1236,8.575500153893506
12:10:04,1236,8.575500153893506
12:10:05,1236,8.575500153893506
12:10:06,1237,8.57461562115621
12:10:07,1237,8.57461562115621
12:10:08,1237,8.57461562115621
12:10:09,1237,8.574562211981567
12:10:10,1237,8.574562211981567
12:10:11,1238,8.574562211981567
12:10:12,1238,8.574562211981567
12:10:13,1238,8.574562211981567
12:10:14,1238,8.57242173112339
12:10:15,1238,8.57242173112339
12:10:16,1238,8.57242173112339
12:10:17,1238,8.57242173112339
12:10:18,1238,8.57242173112339
12:10:19,1238,8.57242173112339
12:10:20,1238,8.57242173112339
12:10:21,1238,8.57588163140141
12:10:22,1238,8.57158394607843
12:10:23,1238,8.57158394607843
12:10:24,1238,8.57158394607843
12:10:25,1238,8.57158394607843
12:10:26,1238,8.57158394607843
12:10:27,1238,8.570263238445056
12:10:28,1238,8.570263238445056
12:10:29,1238,8.57079132294531
12:10:30,1238,8.57079132294531
12:10:31,1238,8.570390720390721
12:10:32,1238,8.570390720390721
12:10:33,1239,8.571180237877401
12:10:34,1239,8.571180237877401
12:10:35,1239,8.571180237877401
12:10:36,1239,8.571180237877401
12:10:37,1239,8.571180237877401
12:10:38,1239,8.571180237877401
12:10:39,1239,8.571587446678853
12:10:40,1239,8.571587446678853
12:10:41,1239,8.571587446678853
12:10:42,1239,8.571587446678853
12:10:43,1239,8.571587446678853
12:10:44,1239,8.571587446678853
12:10:45,1239,8.571587446678853
12:10:46,1239,8.571587446678853
12:10:47,1239,8.571587446678853
12:10:48,1239,8.567275494672755
12:10:49,1239,8.567275494672755
12:10:50,1239,8.567746350364963
12:10:51,1239,8.567746350364963
12:10:52,1239,8.567746350364963
12:10:53,1240,8.567746350364963
12:10:54,1240,8.567746350364963
12:10:55,1240,8.568626557277423
12:10:56,1241,8.568626557277423
12:10:57,1241,8.568626557277423
12:10:58,1241,8.568626557277423
12:10:59,1241,8.568626557277423
12:11:00,1241,8.568626557277423
12:11:01,1241,8.568626557277423
12:11:02,1241,8.567440801457195
12:11:03,1241,8.567440801457195
12:11:04,1241,8.567440801457195
12:11:05,1241,8.568562329390355
12:11:06,1241,8.568562329390355
12:11:07,1241,8.568562329390355
12:11:08,1241,8.568562329390355
12:11:09,1241,8.568562329390355
12:11:10,1241,8.568562329390355
12:11:11,1241,8.568562329390355
12:11:12,1241,8.569060606060606
12:11:13,1241,8.569060606060606
12:11:14,1241,8.56924008477142
12:11:15,1241,8.56924008477142
12:11:16,1241,8.56924008477142
12:11:17,1241,8.570372050816697
12:11:18,1242,8.570372050816697
12:11:19,1242,8.570372050816697
12:11:20,1242,8.5712711352657
12:11:21,1243,8.5712711352657
12:11:22,1243,8.5712711352657
12:11:23,1243,8.567420814479638
12:11:24,1243,8.567420814479638
12:11:25,1245,8.56979825353809
12:11:26,1245,8.56979825353809
12:11:27,1245,8.56979825353809
12:11:28,1245,8.56979825353809
12:11:29,1246,8.571370604147882
12:11:30,1246,8.571370604147882
12:11:31,1246,8.571370604147882
12:11:32,1247,8.571370604147882
12:11:33,1247,8.571370604147882
12:11:34,1247,8.571370604147882
12:11:35,1247,8.571370604147882
12:11:36,1248,8.571370604147882
12:11:37,1248,8.572972972972972
12:11:38,1248,8.572972972972972
12:11:39,1250,8.572972972972972
12:11:40,1250,8.572972972972972
12:11:41,1250,8.572972972972972
12:11:42,1250,8.572972972972972
12:11:43,1252,8.572972972972972
12:11:44,1252,8.572972972972972
12:11:45,1252,8.572972972972972
12:11:46,1252,8.572972972972972
12:11:47,1253,8.572972972972972
12:11:48,1254,8.569441944194418
12:11:49,1254,8.569214628297363
12:11:50,1254,8.569214628297363
12:11:51,1255,8.569214628297363
12:11:52,1256,8.569214628297363
12:11:53,1256,8.569214628297363
12:11:54,1257,8.569214628297363
12:11:55,1257,8.569214628297363
12:11:56,1258,8.569214628297363
12:11:57,1258,8.569152440850555
12:11:58,1259,8.570810891681628
12:11:59,1259,8.570777279521675
12:12:00,1260,8.570777279521675
12:12:01,1261,8.570777279521675
12:12:02,1261,8.570777279521675
12:12:03,1262,8.570777279521675
12:12:04,1262,8.570777279521675
12:12:05,1263,8.571505376344085
12:12:06,1263,8.571505376344085
12:12:07,1263,8.570710235750521
12:12:08,1263,8.570710235750521
12:12:09,1264,8.570710235750521
12:12:10,1264,8.570710235750521
12:12:11,1264,8.572540250447227
12:12:12,1265,8.572540250447227
12:12:13,1265,8.572540250447227
12:12:14,1265,8.57442657134346
12:12:15,1265,8.57442657134346
12:12:16,1267,8.574613095238096
12:12:17,1267,8.574613095238096
12:12:18,1267,8.575706214689266
12:12:19,1269,8.577035056446821
12:12:20,1269,8.577035056446821
12:12:21,1269,8.577129712080737
12:12:22,1270,8.577129712080737
12:12:23,1270,8.577129712080737
12:12:24,1270,8.577129712080737
12:12:25,1270,8.577129712080737
12:12:26,1271,8.577129712080737
12:12:27,1271,8.577129712080737
12:12:28,1271,8.577129712080737
12:12:29,1273,8.577129712080737
12:12:30,1274,8.577129712080737
12:12:31,1274,8.577129712080737
12:12:32,1275,8.577129712080737
12:12:33,1276,8.573022222222223
12:12:34,1277,8.573022222222223
12:12:35,1278,8.573022222222223
12:12:36,1279,8.573022222222223
12:12:37,1279,8.573608644168148
12:12:38,1280,8.573608644168148
12:12:39,1280,8.573608644168148
12:12:40,1280,8.573809523809524
12:12:41,1280,8.573809523809524
12:12:42,1281,8.573809523809524
12:12:43,1282,8.574083924349882
12:12:44,1282,8.576291703572483
12:12:45,1283,8.575530973451327
12:12:46,1283,8.575530973451327
12:12:47,1283,8.575876805187152
12:12:48,1284,8.575876805187152
12:12:49,1285,8.575876805187152
12:12:50,1285,8.577591283863368
12:12:51,1285,8.577591283863368
12:12:52,1285,8.577591283863368
12:12:53,1286,8.577591283863368
12:12:54,1286,8.577591283863368
12:12:55,1287,8.577591283863368
12:12:56,1287,8.576037069726391
12:12:57,1287,8.576037069726391
12:12:58,1287,8.576037069726391
12:12:59,1288,8.57582304526749
12:13:00,1288,8.57582304526749
12:13:01,1288,8.57582304526749
12:13:02,1289,8.575991189427311
12:13:03,1289,8.578535798122065
12:13:04,1289,8.578535798122065
12:13:05,1289,8.578535798122065
12:13:06,1290,8.578535798122065
12:13:07,1290,8.578535798122065
12:13:08,1291,8.578535798122065
12:13:09,1291,8.579756669598359
12:13:10,1292,8.579756669598359
12:13:11,1293,8.579756669598359
12:13:12,1293,8.575424721734036
12:13:13,1294,8.575424721734036
12:13:14,1294,8.575424721734036
12:13:15,1294,8.573192859233245
12:13:16,1294,8.573192859233245
12:13:17,1295,8.573192859233245
12:13:18,1296,8.573192859233245
12:13:19,1296,8.575116959064328
12:13:20,1297,8.575116959064328
12:13:21,1298,8.575116959064328
12:13:22,1298,8.575116959064328
12:13:23,1299,8.57589833479404
12:13:24,1300,8.57589833479404
12:13:25,1300,8.57589833479404
12:13:26,1300,8.577043199065967
12:13:27,1301,8.577043199065967
12:13:28,1301,8.577043199065967
12:13:29,1301,8.577043199065967
12:13:30,1301,8.576057159521726
12:13:31,1303,8.576057159521726
12:13:32,1303,8.576057159521726
12:13:33,1303,8.576057159521726
12:13:34,1304,8.576121794871796
12:13:35,1305,8.576121794871796
12:13:36,1306,8.572649199417759
12:13:37,1306,8.573967422920303
12:13:38,1306,8.573967422920303
12:13:39,1308,8.573967422920303
12:13:40,1308,8.573967422920303
12:13:41,1309,8.573967422920303
12:13:42,1310,8.573967422920303
12:13:43,1310,8.573967422920303
12:13:44,1311,8.573967422920303
12:13:45,1312,8.573967422920303
12:13:46,1312,8.573967422920303
12:13:47,1312,8.573967422920303
12:13:48,1313,8.57659110723627
12:13:49,1313,8.57659110723627
12:13:50,1313,8.57659110723627
12:13:51,1315,8.57659110723627
12:13:52,1316,8.57659110723627
12:13:53,1316,8.57659110723627
12:13:54,1316,8.57659110723627
12:13:55,1318,8.572038327526133
12:13:56,1318,8.572038327526133
12:13:57,1318,8.572038327526133
12:13:58,1318,8.572038327526133
12:13:59,1319,8.572038327526133
12:14:00,1319,8.572038327526133
12:14:01,1320,8.573426167682042
12:14:02,1320,8.573426167682042
12:14:03,1321,8.573426167682042
12:14:04,1321,8.57331884057971
12:14:05,1322,8.57331884057971
12:14:06,1322,8.57331884057971
12:14:07,1323,8.572916666666666
12:14:08,1324,8.572916666666666
12:14:09,1324,8.572916666666666
12:14:10,1325,8.572916666666666
12:14:11,1326,8.572916666666666
12:14:12,1326,8.572916666666666
12:14:13,1327,8.573388262503613
12:14:14,1328,8.573388262503613
12:14:15,1328,8.573388262503613
12:14:16,1329,8.574523396880416
12:14:17,1329,8.574675324675324
12:14:18,1329,8.574675324675324
12:14:19,1330,8.574221453287198
12:14:20,1331,8.574301354076635
12:14:21,1331,8.574301354076635
12:14:22,1331,8.574301354076635
12:14:23,1333,8.574301354076635
12:14:24,1333,8.574301354076635
12:14:25,1333,8.574301354076635
12:14:26,1334,8.574301354076635
12:14:27,1334,8.574301354076635
12:14:28,1335,8.574301354076635
12:14:29,1335,8.574301354076635
12:14:30,1336,8.574301354076635
12:14:31,1336,8.574301354076635
12:14:32,1337,8.574301354076635
12:14:33,1338,8.574301354076635
12:14:34,1338,8.575518134715026
12:14:35,1339,8.575518134715026
12:14:36,1339,8.575518134715026
12:14:37,1339,8.575518134715026
12:14:38,1340,8.578746045441473
12:14:39,1340,8.578746045441473
12:14:40,1341,8.578746045441473
12:14:41,1342,8.581135057471265
12:14:42,1342,8.581135057471265
12:14:43,1342,8.581135057471265
12:14:44,1344,8.581135057471265
12:14:45,1344,8.581135057471265
12:14:46,1344,8.581135057471265
12:14:47,1344,8.581352282515073
12:14:48,1345,8.581352282515073
12:14:49,1345,8.581352282515073
12:14:50,1345,8.581352282515073
12:14:51,1345,8.581352282515073
12:14:52,1346,8.581726907630522
12:14:53,1346,8.581726907630522
12:14:54,1346,8.582459157351677
12:14:55,1346,8.58012600229095
12:14:56,1347,8.58012600229095
12:14:57,1347,8.580128755364806
12:14:58,1347,8.582675814751287
12:14:59,1347,8.582675814751287
12:15:00,1348,8.582675814751287
12:15:01,1348,8.582675814751287
12:15:02,1348,8.582675814751287
12:15:03,1349,8.582675814751287
12:15:04,1349,8.582675814751287
12:15:05,1349,8.578449014567267
12:15:06,1350,8.578449014567267
12:15:07,1350,8.578449014567267
12:15:08,1350,8.578082191780823
12:15:09,1352,8.57617621899059
12:15:10,1352,8.57617621899059
12:15:11,1352,8.57617621899059
12:15:12,1352,8.57617621899059
12:15:13,1353,8.576353276353275
12:15:14,1353,8.576046114432108
12:15:15,1353,8.578654721274175
12:15:16,1353,8.578654721274175
12:15:17,1353,8.578654721274175
12:15:18,1354,8.578654721274175
12:15:19,1355,8.578654721274175
12:15:20,1355,8.578654721274175
12:15:21,1355,8.578654721274175
12:15:22,1355,8.578654721274175
12:15:23,1355,8.578654721274175
12:15:24,1355,8.579187961385577
12:15:25,1355,8.579187961385577
12:15:26,1355,8.579187961385577
12:15:27,1355,8.579187961385577
12:15:28,1355,8.583007092198581
12:15:29,1355,8.583007092198581
12:15:30,1355,8.583007092198581
12:15:31,1355,8.583007092198581
12:15:32,1355,8.583007092198581
12:15:33,1355,8.583007092198581
12:15:34,1356,8.585104875283445
12:15:35,1356,8.585104875283445
12:15:36,1356,8.584437836306995
12:15:37,1356,8.584437836306995
12:15:38,1356,8.584437836306995
12:15:39,1356,8.584437836306995
12:15:40,1356,8.584437836306995
12:15:41,1357,8.582512733446519
12:15:42,1357,8.582512733446519
12:15:43,1357,8.582512733446519
12:15:44,1357,8.582512733446519
12:15:45,1358,8.583036471586091
12:15:46,1358,8.583036471586091
12:15:47,1359,8.583036471586091
12:15:48,1359,8.582132768361582
12:15:49,1359,8.582132768361582
12:15:50,1359,8.582132768361582
12:15:51,1362,8.582132768361582
12:15:52,1362,8.581738639570984
12:15:53,1362,8.581738639570984
12:15:54,1363,8.581738639570984
12:15:55,1364,8.581738639570984
12:15:56,1364,8.581738639570984
12:15:57,1364,8.580710659898477
12:15:58,1365,8.580710659898477
12:15:59,1365,8.578670047900818
12:16:00,1365,8.578670047900818
12:16:01,1365,8.578670047900818
12:16:02,1365,8.579391891891893
12:16:03,1365,8.579391891891893
12:16:04,1365,8.579391891891893
12:16:05,1365,8.579391891891893
12:16:06,1365,8.579391891891893
12:16:07,1366,8.579391891891893
12:16:08,1366,8.579391891891893
12:16:09,1366,8.579391891891893
12:16:10,1366,8.579391891891893
12:16:11,1366,8.579391891891893
12:16:12,1366,8.580492264416314
12:16:13,1366,8.577698145025295
12:16:14,1366,8.577698145025295
12:16:15,1366,8.574943883277218
12:16:16,1366,8.574943883277218
12:16:17,1366,8.574943883277218
12:16:18,1367,8.574943883277218
12:16:19,1367,8.576778711484593
12:16:20,1367,8.576406381192275
12:16:21,1367,8.576406381192275
12:16:22,1367,8.576406381192275
12:16:23,1367,8.576406381192275
12:16:24,1369,8.576406381192275
12:16:25,1369,8.576406381192275
12:16:26,1369,8.576406381192275
12:16:27,1370,8.576406381192275
12:16:28,1370,8.576406381192275
12:16:29,1370,8.576406381192275
12:16:30,1370,8.576406381192275
12:16:31,1370,8.576406381192275
12:16:32,1370,8.573456272701872
12:16:33,1370,8.573456272701872
12:16:34,1371,8.57004466778336
12:16:35,1371,8.57004466778336
12:16:36,1371,8.57004466778336
12:16:37,1371,8.57004466778336
12:16:38,1371,8.571780936454848
12:16:39,1372,8.571780936454848
12:16:40,1372,8.573113338902813
12:16:41,1372,8.575194769059545
12:16:42,1372,8.575194769059545
12:16:43,1372,8.575194769059545
12:16:44,1372,8.575194769059545
12:16:45,1372,8.575194769059545
12:16:46,1372,8.575194769059545
12:16:47,1373,8.575194769059545
12:16:48,1374,8.575194769059545
12:16:49,1374,8.574311926605505
12:16:50,1374,8.574311926605505
12:16:51,1374,8.574311926605505
12:16:52,1374,8.570805555555555
12:16:53,1375,8.571135165140161
12:16:54,1376,8.571135165140161
12:16:55,1376,8.570618413754854
12:16:56,1377,8.570618413754854
12:16:57,1377,8.570618413754854
12:16:58,1379,8.570618413754854
12:16:59,1380,8.570618413754854
12:17:00,1380,8.570618413754854
12:17:01,1380,8.570618413754854
12:17:02,1381,8.570618413754854
12:17:03,1381,8.570618413754854
12:17:04,1381,8.570618413754854
12:17:05,1382,8.570618413754854
12:17:06,1382,8.570618413754854
12:17:07,1383,8.571501801052923
12:17:08,1383,8.571501801052923
12:17:09,1383,8.573698781838317
12:17:10,1384,8.573698781838317
12:17:11,1384,8.573698781838317
12:17:12,1384,8.576085753803596
12:17:13,1386,8.576085753803596
12:17:14,1386,8.577418463239358
12:17:15,1387,8.577418463239358
12:17:16,1388,8.577418463239358
12:17:17,1388,8.577418463239358
12:17:18,1389,8.577418463239358
12:17:19,1390,8.577418463239358
12:17:20,1390,8.576705330019331
12:17:21,1390,8.576705330019331
12:17:22,1392,8.576705330019331
12:17:23,1392,8.575703642384106
12:17:24,1392,8.575703642384106
12:17:25,1392,8.576330300523848
12:17:26,1393,8.576330300523848
12:17:27,1394,8.576330300523848
12:17:28,1394,8.576330300523848
12:17:29,1394,8.576330300523848
12:17:30,1395,8.581090008257638
12:17:31,1395,8.581090008257638
12:17:32,1395,8.581090008257638
12:17:33,1395,8.583704620462045
12:17:34,1395,8.583704620462045
12:17:35,1395,8.583704620462045
12:17:36,1395,8.58037922506183
12:17:37,1395,8.58037922506183
12:17:38,1396,8.58037922506183
12:17:39,1396,8.58037922506183
12:17:40,1396,8.58037922506183
12:17:41,1396,8.580752333882483
12:17:42,1397,8.577709190672154
12:17:43,1397,8.577709190672154
12:17:44,1397,8.577823464912282
12:17:45,1397,8.577823464912282
12:17:46,1398,8.577823464912282
12:17:47,1398,8.577823464912282
12:17:48,1398,8.577823464912282
12:17:49,1398,8.577823464912282
12:17:50,1399,8.577823464912282
12:17:51,1399,8.577823464912282
12:17:52,1400,8.577823464912282
12:17:53,1400,8.577823464912282
12:17:54,1400,8.575773760613531
12:17:55,1400,8.575773760613531
12:17:56,1400,8.576806239737273
12:17:57,1401,8.576806239737273
12:17:58,1401,8.576806239737273
12:17:59,1401,8.576806239737273
12:18:00,1402,8.576806239737273
12:18:01,1402,8.576961990702761
12:18:02,1402,8.576961990702761
12:18:03,1402,8.576961990702761
12:18:04,1402,8.578364728364729
12:18:05,1402,8.578364728364729
12:18:06,1402,8.578364728364729
12:18:07,1402,8.578364728364729
12:18:08,1402,8.578364728364729
12:18:09,1402,8.578364728364729
12:18:10,1402,8.578364728364729
12:18:11,1402,8.578364728364729
12:18:12,1402,8.57552466612156
12:18:13,1402,8.57552466612156
12:18:14,1402,8.579711328976035
12:18:15,1402,8.579711328976035
12:18:16,1402,8.579711328976035
12:18:17,1402,8.579711328976035
12:18:18,1402,8.582680272108842
12:18:19,1402,8.582680272108842
12:18:20,1402,8.582680272108842
12:18:21,1402,8.582680272108842
12:18:22,1402,8.582680272108842
12:18:23,1402,8.582748776508971
12:18:24,1402,8.582748776508971
12:18:25,1402,8.582748776508971
12:18:26,1402,8.582748776508971
12:18:27,1402,8.582748776508971
12:18:28,1402,8.580290681879923
12:18:29,1402,8.581066775244299
12:18:30,1403,8.581066775244299
12:18:31,1403,8.578329264985083
12:18:32,1403,8.576775067750678
12:18:33,1403,8.576775067750678
12:18:34,1404,8.576775067750678
12:18:35,1404,8.576956404007582
12:18:36,1405,8.576956404007582
12:18:37,1405,8.576956404007582
12:18:38,1406,8.576956404007582
12:18:39,1406,8.576956404007582
12:18:40,1407,8.576956404007582
12:18:41,1407,8.576956404007582
12:18:42,1408,8.576956404007582
12:18:43,1408,8.576956404007582
12:18:44,1408,8.576956404007582
12:18:45,1408,8.576956404007582
12:18:46,1408,8.576956404007582
12:18:47,1408,8.57813852813853
12:18:48,1409,8.578845633955122
12:18:49,1409,8.578845633955122
12:18:50,1409,8.575999459751484
12:18:51,1410,8.576842105263157
12:18:52,1410,8.576842105263157
12:18:53,1410,8.577508090614886
12:18:54,1410,8.577508090614886
12:18:55,1410,8.577508090614886
12:18:56,1410,8.577508090614886
12:18:57,1410,8.577508090614886
12:18:58,1410,8.57647534357316
12:18:59,1410,8.57647534357316
12:19:00,1410,8.57373451803985
12:19:01,1410,8.57373451803985
12:19:02,1410,8.57373451803985
12:19:03,1410,8.57373451803985
12:19:04,1410,8.57373451803985
12:19:05,1410,8.574387947269305
12:19:06,1411,8.574387947269305
12:19:07,1411,8.574387947269305
12:19:08,1411,8.574387947269305
12:19:09,1411,8.574387947269305
12:19:10,1411,8.574387947269305
12:19:11,1412,8.574387947269305
12:19:12,1412,8.574387947269305
12:19:13,1412,8.574387947269305
12:19:14,1412,8.574387947269305
12:19:15,1413,8.574387947269305
12:19:16,1413,8.574387947269305
12:19:17,1413,8.574387947269305
12:19:18,1413,8.57268817204301
12:19:19,1413,8.57268817204301
12:19:20,1414,8.570735965619123
12:19:21,1414,8.570735965619123
12:19:22,1414,8.573169750603379
12:19:23,1414,8.573169750603379
12:19:24,1414,8.573169750603379
12:19:25,1415,8.57449088960343
12:19:26,1415,8.57202141900937
12:19:27,1416,8.57166934189406
12:19:28,1416,8.571665330125635
12:19:29,1417,8.571665330125635
12:19:30,1417,8.571665330125635
12:19:31,1417,8.571665330125635
12:19:32,1418,8.571665330125635
12:19:33,1419,8.571665330125635
12:19:34,1420,8.571665330125635
12:19:35,1420,8.571665330125635
12:19:36,1420,8.570873397435896
12:19:37,1421,8.570873397435896
12:19:38,1421,8.570873397435896
12:19:39,1421,8.570873397435896
12:19:40,1421,8.570873397435896
12:19:41,1422,8.574432879637042
12:19:42,1422,8.574432879637042
12:19:43,1422,8.574432879637042
12:19:44,1422,8.57392
12:19:45,1422,8.57392
12:19:46,1423,8.575606181721291
12:19:47,1423,8.575606181721291
12:19:48,1423,8.575606181721291
12:19:49,1424,8.575606181721291
12:19:50,1425,8.575606181721291
12:19:51,1425,8.575606181721291
12:19:52,1426,8.576544195953142
12:19:53,1426,8.576544195953142
12:19:54,1428,8.576544195953142
12:19:55,1428,8.576544195953142
12:19:56,1430,8.579688747007184
12:19:57,1430,8.579688747007184
12:19:58,1431,8.580967570441254
12:19:59,1431,8.580967570441254
12:20:00,1431,8.580967570441254
12:20:01,1433,8.580967570441254
12:20:02,1433,8.58062416998672
12:20:03,1433,8.582165605095541
12:20:04,1436,8.582165605095541
12:20:05,1436,8.582165605095541
12:20:06,1436,8.582165605095541
12:20:07,1436,8.580999734818352
12:20:08,1436,8.580999734818352
12:20:09,1436,8.579014308426073
12:20:10,1436,8.579083929044215
12:20:11,1436,8.579083929044215
12:20:12,1437,8.57726671953476
12:20:13,1437,8.57726671953476
12:20:14,1438,8.57726671953476
12:20:15,1438,8.577047015319598
12:20:16,1438,8.577047015319598
12:20:17,1438,8.57673528635524
12:20:18,1438,8.57673528635524
12:20:19,1439,8.576041666666667
12:20:20,1439,8.576041666666667
12:20:21,1439,8.576041666666667
12:20:22,1439,8.576041666666667
12:20:23,1439,8.576041666666667
12:20:24,1439,8.576041666666667
12:20:25,1440,8.576041666666667
12:20:26,1440,8.576041666666667
12:20:27,1440,8.576041666666667
12:20:28,1440,8.576041666666667
12:20:29,1440,8.576041666666667
12:20:30,1440,8.576041666666667
12:20:31,1440,8.576041666666667
12:20:32,1440,8.576041666666667
12:20:33,1440,8.576041666666667
12:20:34,1441,8.576041666666667
12:20:35,1441,8.576041666666667
12:20:36,1441,8.576041666666667
12:20:37,1442,8.576041666666667
12:20:38,1442,8.576041666666667
12:20:39,1442,8.576041666666667
12:20:40,1443,8.576041666666667
12:20:41,1443,8.575217391304347
12:20:42,1443,8.575217391304347
12:20:43,1443,8.575217391304347
12:20:44,1443,8.575217391304347
12:20:45,1443,8.575052659294364
12:20:46,1443,8.574743488555644
12:20:47,1444,8.574743488555644
12:20:48,1444,8.577383766745468
12:20:49,1444,8.577383766745468
12:20:50,1444,8.577383766745468
12:20:51,1444,8.577383766745468
12:20:52,1444,8.577383766745468
12:20:53,1444,8.577047244094489
12:20:54,1444,8.577047244094489
12:20:55,1444,8.577047244094489
12:20:56,1444,8.577047244094489
12:20:57,1444,8.577047244094489
12:20:58,1444,8.577047244094489
12:20:59,1444,8.577047244094489
12:21:00,1444,8.577589824285338
12:21:01,1445,8.577589824285338
12:21:02,1445,8.580883123689727
12:21:03,1445,8.580883123689727
12:21:04,1446,8.580883123689727
12:21:05,1447,8.580883123689727
12:21:06,1447,8.580883123689727
12:21:07,1447,8.582835820895523
12:21:08,1447,8.582835820895523
12:21:09,1448,8.582835820895523
12:21:10,1448,8.582835820895523
12:21:11,1448,8.582835820895523
12:21:12,1448,8.581436420722135
12:21:13,1448,8.581436420722135
12:21:14,1448,8.581436420722135
12:21:15,1449,8.581228758169935
12:21:16,1449,8.581228758169935
12:21:17,1449,8.581228758169935
12:21:18,1449,8.580446708463949
12:21:19,1449,8.580446708463949
12:21:20,1450,8.583255024797703
12:21:21,1450,8.58341158059468
12:21:22,1451,8.58341158059468
12:21:23,1452,8.582668751628878
12:21:24,1452,8.583567708333334
12:21:25,1452,8.583567708333334
12:21:26,1452,8.583567708333334
12:21:27,1452,8.583567708333334
12:21:28,1452,8.583567708333334
12:21:29,1452,8.583567708333334
12:21:30,1452,8.58185011709602
12:21:31,1452,8.58185011709602
12:21:32,1453,8.58185011709602
12:21:33,1453,8.580135205408217
12:21:34,1454,8.580135205408217
12:21:35,1454,8.580135205408217
12:21:36,1454,8.580135205408217
12:21:37,1454,8.580135205408217
12:21:38,1454,8.580135205408217
12:21:39,1454,8.580135205408217
12:21:40,1455,8.580135205408217
12:21:41,1455,8.581488698363211
12:21:42,1455,8.581488698363211
12:21:43,1456,8.581488698363211
12:21:44,1456,8.581488698363211
12:21:45,1456,8.581488698363211
12:21:46,1457,8.581488698363211
12:21:47,1457,8.581488698363211
12:21:48,1457,8.581488698363211
12:21:49,1457,8.58073727933541
12:21:50,1457,8.580129701686122
12:21:51,1457,8.580129701686122
12:21:52,1457,8.578891478891478
12:21:53,1458,8.578891478891478
12:21:54,1458,8.580124223602486
12:21:55,1458,8.583035945177139
12:21:56,1458,8.583152454780361
12:21:57,1458,8.583823909114383
12:21:58,1458,8.583823909114383
12:21:59,1458,8.583823909114383
12:22:00,1458,8.583823909114383
12:22:01,1458,8.583823909114383
12:22:02,1458,8.583823909114383
12:22:03,1458,8.583823909114383
12:22:04,1458,8.581978844169246
12:22:05,1458,8.581978844169246
12:22:06,1458,8.581978844169246
12:22:07,1458,8.581978844169246
12:22:08,1458,8.581978844169246
12:22:09,1459,8.582972415571023
12:22:10,1459,8.582972415571023
12:22:11,1459,8.584080370942813
12:22:12,1460,8.584080370942813
12:22:13,1461,8.584080370942813
12:22:14,1461,8.584080370942813
12:22:15,1462,8.585431145431146
12:22:16,1463,8.585648148148149
12:22:17,1463,8.585648148148149
12:22:18,1463,8.585648148148149
12:22:19,1464,8.585648148148149
12:22:20,1464,8.585648148148149
12:22:21,1464,8.585648148148149
12:22:22,1464,8.58361603700848
12:22:23,1464,8.58361603700848
12:22:24,1464,8.583166409861326
12:22:25,1465,8.583166409861326
12:22:26,1465,8.583166409861326
12:22:27,1465,8.583166409861326
12:22:28,1465,8.583166409861326
12:22:29,1465,8.583166409861326
12:22:30,1465,8.583166409861326
12:22:31,1466,8.583166409861326
12:22:32,1466,8.583166409861326
12:22:33,1466,8.583166409861326
12:22:34,1466,8.583166409861326
12:22:35,1467,8.583166409861326
12:22:36,1467,8.583166409861326
12:22:37,1467,8.583166409861326
12:22:38,1468,8.583166409861326
12:22:39,1469,8.583166409861326
12:22:40,1469,8.582807287657172
12:22:41,1469,8.582807287657172
12:22:42,1470,8.582807287657172
12:22:43,1470,8.586256410256409
12:22:44,1471,8.586292595439405
12:22:45,1471,8.586725550435228
12:22:46,1471,8.586725550435228
12:22:47,1471,8.586725550435228
12:22:48,1471,8.586725550435228
12:22:49,1471,8.588449731389101
12:22:50,1471,8.588449731389101
12:22:51,1471,8.588449731389101
12:22:52,1471,8.588449731389101
12:22:53,1471,8.588449731389101
12:22:54,1471,8.589046523517384
12:22:55,1472,8.59037037037037
12:22:56,1472,8.59037037037037
12:22:57,1472,8.59159009698826
12:22:58,1472,8.59159009698826
12:22:59,1473,8.592999234889058
12:23:00,1473,8.592999234889058
12:23:01,1474,8.592999234889058
12:23:02,1474,8.593068297655455
12:23:03,1474,8.593068297655455
12:23:04,1475,8.593068297655455
12:23:05,1475,8.593799337916984
12:23:06,1475,8.593799337916984
12:23:07,1476,8.593799337916984
12:23:08,1476,8.593799337916984
12:23:09,1476,8.593799337916984
12:23:10,1476,8.593799337916984
12:23:11,1477,8.593799337916984
12:23:12,1477,8.593799337916984
12:23:13,1478,8.59139333841851
12:23:14,1478,8.59139333841851
12:23:15,1478,8.59233993902439
12:23:16,1478,8.59233993902439
12:23:17,1478,8.59233993902439
12:23:18,1479,8.594744859101295
12:23:19,1479,8.595383054287165
12:23:20,1479,8.596527249683144
12:23:21,1479,8.596527249683144
12:23:22,1480,8.5983789260385
12:23:23,1480,8.5983789260385
12:23:24,1480,8.59888635788408
12:23:25,1480,8.59888635788408
12:23:26,1481,8.599835609509359
12:23:27,1481,8.599835609509359
12:23:28,1481,8.599835609509359
12:23:29,1481,8.599835609509359
12:23:30,1482,8.599835609509359
12:23:31,1482,8.59651515151515
12:23:32,1482,8.59651515151515
12:23:33,1483,8.59651515151515
12:23:34,1484,8.597741609891496
12:23:35,1484,8.597741609891496
12:23:36,1484,8.597741609891496
12:23:37,1484,8.597741609891496
12:23:38,1485,8.597741609891496
12:23:39,1485,8.598638426626325
12:23:40,1485,8.598638426626325
12:23:41,1487,8.600478710002518
12:23:42,1487,8.600478710002518
12:23:43,1487,8.600478710002518
12:23:44,1488,8.600478710002518
12:23:45,1488,8.600478710002518
12:23:46,1488,8.600478710002518
12:23:47,1488,8.600478710002518
12:23:48,1488,8.600478710002518
12:23:49,1489,8.600465760322257
12:23:50,1489,8.600465760322257
12:23:51,1489,8.601044025157233
12:23:52,1489,8.601044025157233
12:23:53,1489,8.601044025157233
12:23:54,1489,8.603821015585721
12:23:55,1489,8.604810349158502
12:23:56,1489,8.604810349158502
12:23:57,1489,8.605873493975905
12:23:58,1490,8.606709305242038
12:23:59,1490,8.606709305242038
12:24:00,1490,8.606709305242038
12:24:01,1490,8.605225563909775
12:24:02,1491,8.605225563909775
12:24:03,1492,8.605225563909775
12:24:04,1492,8.605225563909775
12:24:05,1492,8.606999749561734
12:24:06,1493,8.606999749561734
12:24:07,1493,8.606999749561734
12:24:08,1493,8.606999749561734
12:24:09,1493,8.606999749561734
12:24:10,1493,8.606999749561734
12:24:11,1494,8.606999749561734
12:24:12,1494,8.609484484484485
12:24:13,1494,8.609484484484485
12:24:14,1494,8.609484484484485
12:24:15,1494,8.609484484484485
12:24:16,1495,8.609484484484485
12:24:17,1495,8.609484484484485
12:24:18,1495,8.609484484484485
12:24:19,1496,8.609484484484485
12:24:20,1496,8.609484484484485
12:24:21,1496,8.609484484484485
12:24:22,1497,8.609484484484485
12:24:23,1497,8.609484484484485
12:24:24,1497,8.609484484484485
12:24:25,1497,8.609484484484485
12:24:26,1498,8.609484484484485
12:24:27,1498,8.609484484484485
12:24:28,1498,8.610740185046263
12:24:29,1499,8.610740185046263
12:24:30,1499,8.610740185046263
12:24:31,1499,8.610740185046263
12:24:32,1499,8.610740185046263
12:24:33,1499,8.610740185046263
12:24:34,1500,8.611644177911044
12:24:35,1500,8.611644177911044
12:24:36,1500,8.610249687890137
12:24:37,1500,8.610249687890137
12:24:38,1500,8.610249687890137
12:24:39,1501,8.612000998003992
12:24:40,1501,8.612877088007979
12:24:41,1501,8.612877088007979
12:24:42,1501,8.616031864575554
12:24:43,1501,8.616031864575554
12:24:44,1501,8.616031864575554
12:24:45,1501,8.617064676616915
12:24:46,1502,8.617064676616915
12:24:47,1502,8.618965945811585
12:24:48,1502,8.618965945811585
12:24:49,1502,8.618965945811585
12:24:50,1502,8.618965945811585
12:24:51,1502,8.618256333830105
12:24:52,1503,8.618256333830105
12:24:53,1503,8.618256333830105
12:24:54,1504,8.618256333830105
12:24:55,1504,8.618256333830105
12:24:56,1504,8.618256333830105
12:24:57,1504,8.618256333830105
12:24:58,1504,8.618256333830105
12:24:59,1504,8.618256333830105
12:25:00,1504,8.618256333830105
12:25:01,1504,8.62119632663192
12:25:02,1504,8.62119632663192
12:25:03,1504,8.62119632663192
12:25:04,1505,8.624783147459729
12:25:05,1505,8.624783147459729
12:25:06,1505,8.626448736998515
12:25:07,1505,8.626448736998515
12:25:08,1505,8.626448736998515
12:25:09,1505,8.627146745854986
12:25:10,1506,8.627146745854986
12:25:11,1506,8.624678536102868
12:25:12,1506,8.624678536102868
12:25:13,1506,8.624678536102868
12:25:14,1506,8.622102792191747
12:25:15,1506,8.622102792191747
12:25:16,1506,8.622102792191747
12:25:17,1506,8.622102792191747
12:25:18,1506,8.622102792191747
12:25:19,1506,8.622102792191747
12:25:20,1506,8.622102792191747
12:25:21,1506,8.622102792191747
12:25:22,1506,8.622102792191747
12:25:23,1506,8.622358024691358
12:25:24,1506,8.622358024691358
12:25:25,1506,8.622358024691358
12:25:26,1507,8.622020725388602
12:25:27,1507,8.622020725388602
12:25:28,1508,8.622020725388602
12:25:29,1509,8.618403547671841
12:25:30,1509,8.618403547671841
12:25:31,1509,8.622447724477244
12:25:32,1509,8.622447724477244
12:25:33,1509,8.622447724477244
12:25:34,1509,8.622447724477244
12:25:35,1510,8.62557767944936
12:25:36,1510,8.62557767944936
12:25:37,1510,8.627266028002946
12:25:38,1511,8.62806823760432
12:25:39,1512,8.62806823760432
12:25:40,1512,8.62806823760432
12:25:41,1512,8.62806823760432
12:25:42,1512,8.627642874662742
12:25:43,1514,8.627642874662742
12:25:44,1515,8.627642874662742
12:25:45,1515,8.627642874662742
12:25:46,1515,8.627642874662742
12:25:47,1517,8.627642874662742
12:25:48,1518,8.627642874662742
12:25:49,1518,8.627642874662742
12:25:50,1518,8.627642874662742
12:25:51,1518,8.627642874662742
12:25:52,1519,8.627642874662742
12:25:53,1520,8.62906862745098
12:25:54,1520,8.62906862745098
12:25:55,1521,8.62906862745098
12:25:56,1521,8.62906862745098
12:25:57,1521,8.62906862745098
12:25:58,1524,8.62906862745098
12:25:59,1524,8.62906862745098
12:26:00,1525,8.62906862745098
12:26:01,1525,8.62906862745098
12:26:02,1527,8.62906862745098
12:26:03,1527,8.62906862745098
12:26:04,1527,8.626389909380357
12:26:05,1528,8.626389909380357
12:26:06,1529,8.626389909380357
12:26:07,1529,8.629417523250122
12:26:08,1530,8.629417523250122
12:26:09,1530,8.629417523250122
12:26:10,1530,8.629417523250122
12:26:11,1530,8.629417523250122
12:26:12,1532,8.630667644900955
12:26:13,1532,8.630667644900955
12:26:14,1533,8.630667644900955
12:26:15,1536,8.634188034188035
12:26:16,1536,8.634188034188035
12:26:17,1537,8.634188034188035
12:26:18,1538,8.634188034188035
12:26:19,1539,8.635566129819425
12:26:20,1540,8.635566129819425
12:26:21,1541,8.637307973664958
12:26:22,1542,8.637307973664958
12:26:23,1542,8.637307973664958
12:26:24,1543,8.637307973664958
12:26:25,1544,8.639961013645225
12:26:26,1544,8.639961013645225
12:26:27,1545,8.639961013645225
12:26:28,1545,8.639961013645225
12:26:29,1547,8.639961013645225
12:26:30,1548,8.639961013645225
12:26:31,1548,8.639961013645225
12:26:32,1549,8.64135622108595
12:26:33,1550,8.64135622108595
12:26:34,1550,8.638211678832116
12:26:35,1550,8.638211678832116
12:26:36,1550,8.638211678832116
12:26:37,1550,8.638211678832116
12:26:38,1550,8.639071237539508
12:26:39,1550,8.639071237539508
12:26:40,1550,8.639071237539508
12:26:41,1550,8.639071237539508
12:26:42,1550,8.640148202137997
12:26:43,1550,8.641429958727848
12:26:44,1550,8.642224648229016
12:26:45,1550,8.642224648229016
12:26:46,1550,8.642224648229016
12:26:47,1551,8.644642424242424
12:26:48,1551,8.644642424242424
12:26:49,1551,8.644642424242424
12:26:50,1551,8.644642424242424
12:26:51,1552,8.644642424242424
12:26:52,1552,8.644642424242424
12:26:53,1552,8.644642424242424
12:26:54,1552,8.64749273255814
12:26:55,1553,8.64749273255814
12:26:56,1553,8.64749273255814
12:26:57,1553,8.64749273255814
12:26:58,1553,8.649939481965625
12:26:59,1554,8.649939481965625
12:27:00,1554,8.649939481965625
12:27:01,1555,8.65060474117078
12:27:02,1556,8.65060474117078
12:27:03,1556,8.65060474117078
12:27:04,1556,8.65060474117078
12:27:05,1557,8.65060474117078
12:27:06,1557,8.651667875271935
12:27:07,1557,8.651667875271935
12:27:08,1558,8.651667875271935
12:27:09,1559,8.652548309178744
12:27:10,1559,8.652548309178744
12:27:11,1559,8.649287955587738
12:27:12,1559,8.649287955587738
12:27:13,1560,8.649287955587738
12:27:14,1560,8.649287955587738
12:27:15,1561,8.649287955587738
12:27:16,1561,8.649287955587738
12:27:17,1561,8.653205591708845
12:27:18,1561,8.653205591708845
12:27:19,1561,8.653205591708845
12:27:20,1561,8.653205591708845
12:27:21,1561,8.653865606936417
12:27:22,1561,8.65436823104693
12:27:23,1561,8.65436823104693
12:27:24,1561,8.65563973063973
12:27:25,1562,8.65563973063973
12:27:26,1562,8.65563973063973
12:27:27,1562,8.65563973063973
12:27:28,1563,8.65563973063973
12:27:29,1563,8.65563973063973
12:27:30,1564,8.65563973063973
12:27:31,1564,8.657125690939678
12:27:32,1564,8.657125690939678
12:27:33,1565,8.657125690939678
12:27:34,1566,8.657125690939678
12:27:35,1566,8.657125690939678
12:27:36,1567,8.657125690939678
12:27:37,1567,8.657125690939678
12:27:38,1567,8.656772334293947
12:27:39,1567,8.656772334293947
12:27:40,1567,8.656772334293947
12:27:41,1567,8.656772334293947
12:27:42,1567,8.656772334293947
12:27:43,1568,8.656772334293947
12:27:44,1568,8.656167506599472
12:27:45,1568,8.656167506599472
12:27:46,1568,8.653225419664269
12:27:47,1568,8.653225419664269
12:27:48,1568,8.653225419664269
12:27:49,1569,8.653225419664269
12:27:50,1569,8.656182602444286
12:27:51,1569,8.656182602444286
12:27:52,1569,8.65919540229885
12:27:53,1569,8.65919540229885
12:27:54,1569,8.661186886815027
12:27:55,1569,8.661186886815027
12:27:56,1569,8.661728837876614
12:27:57,1569,8.661728837876614
12:27:58,1570,8.661493428912785
12:27:59,1570,8.6628223495702
12:28:00,1570,8.6628223495702
12:28:01,1571,8.665390121689335
12:28:02,1571,8.665390121689335
12:28:03,1571,8.665390121689335
12:28:04,1571,8.665390121689335
12:28:05,1571,8.665390121689335
12:28:06,1571,8.665390121689335
12:28:07,1571,8.667381974248928
12:28:08,1571,8.667381974248928
12:28:09,1571,8.667381974248928
12:28:10,1571,8.667381974248928
12:28:11,1571,8.670490826781036
12:28:12,1571,8.670490826781036
12:28:13,1572,8.670490826781036
12:28:14,1572,8.670490826781036
12:28:15,1572,8.670490826781036
12:28:16,1572,8.670490826781036
12:28:17,1573,8.670490826781036
12:28:18,1573,8.670490826781036
12:28:19,1573,8.670490826781036
12:28:20,1573,8.671761904761905
12:28:21,1573,8.671761904761905
12:28:22,1574,8.671761904761905
12:28:23,1574,8.671761904761905
12:28:24,1574,8.673483226266951
12:28:25,1574,8.673483226266951
12:28:26,1574,8.673483226266951
12:28:27,1574,8.673483226266951
12:28:28,1574,8.673483226266951
12:28:29,1574,8.67419163100333
12:28:30,1575,8.67419163100333
12:28:31,1575,8.67384176764077
12:28:32,1575,8.67384176764077
12:28:33,1575,8.670857075023742
12:28:34,1576,8.670857075023742
12:28:35,1576,8.670857075023742
12:28:36,1576,8.675314353499406
12:28:37,1576,8.675314353499406
12:28:38,1577,8.675314353499406
12:28:39,1577,8.675314353499406
12:28:40,1577,8.677501185395922
12:28:41,1578,8.680561478322671
12:28:42,1578,8.680561478322671
12:28:43,1578,8.680561478322671
12:28:44,1579,8.680561478322671
12:28:45,1580,8.680561478322671
12:28:46,1580,8.682717803030302
12:28:47,1582,8.682717803030302
12:28:48,1582,8.683782824698367
12:28:49,1582,8.683782824698367
12:28:50,1582,8.683782824698367
12:28:51,1582,8.683782824698367
12:28:52,1582,8.685945626477542
12:28:53,1582,8.685945626477542
12:28:54,1583,8.685945626477542
12:28:55,1583,8.686144578313252
12:28:56,1583,8.686144578313252
12:28:57,1583,8.686144578313252
12:28:58,1583,8.688538715769594
12:28:59,1583,8.688538715769594
12:29:00,1583,8.68891247935834
12:29:01,1583,8.68891247935834
12:29:02,1584,8.68891247935834
12:29:03,1584,8.68891247935834
12:29:04,1584,8.689846878680802
12:29:05,1584,8.689846878680802
12:29:06,1584,8.689846878680802
12:29:07,1584,8.689846878680802
12:29:08,1584,8.689846878680802
12:29:09,1584,8.689846878680802
12:29:10,1584,8.689846878680802
12:29:11,1584,8.692149246704332
12:29:12,1584,8.692149246704332
12:29:13,1584,8.693448600329335
12:29:14,1584,8.693448600329335
12:29:15,1584,8.696708979783732
12:29:16,1584,8.696708979783732
12:29:17,1585,8.696708979783732
12:29:18,1585,8.696708979783732
12:29:19,1585,8.696708979783732
12:29:20,1586,8.699201315480385
12:29:21,1588,8.699201315480385
12:29:22,1588,8.699201315480385
12:29:23,1588,8.69720853858785
12:29:24,1588,8.69720853858785
12:29:25,1590,8.69720853858785
12:29:26,1591,8.69720853858785
12:29:27,1591,8.69720853858785
12:29:28,1591,8.69720853858785
12:29:29,1591,8.69720853858785
12:29:30,1592,8.69720853858785
12:29:31,1592,8.69720853858785
12:29:32,1592,8.69720853858785
12:29:33,1593,8.69720853858785
12:29:34,1594,8.697257383966244
12:29:35,1594,8.697257383966244
12:29:36,1594,8.697257383966244
12:29:37,1594,8.697257383966244
12:29:38,1596,8.697257383966244
12:29:39,1596,8.695760131178263
12:29:40,1596,8.695760131178263
12:29:41,1596,8.695760131178263
12:29:42,1597,8.695760131178263
12:29:43,1598,8.695760131178263
12:29:44,1599,8.69312968164794
12:29:45,1599,8.69312968164794
12:29:46,1599,8.69312968164794
12:29:47,1600,8.69312968164794
12:29:48,1600,8.69312968164794
12:29:49,1600,8.69312968164794
12:29:50,1600,8.694444444444445
12:29:51,1601,8.694444444444445
12:29:52,1601,8.694444444444445
12:29:53,1601,8.695219728845254
12:29:54,1601,8.69820135482364
12:29:55,1602,8.69820135482364
12:29:56,1602,8.70080532212885
12:29:57,1602,8.70080532212885
12:29:58,1602,8.70080532212885
12:29:59,1603,8.70080532212885
12:30:00,1603,8.70012829484488
12:30:01,1603,8.701608391608392
12:30:02,1603,8.701608391608392
12:30:03,1603,8.701608391608392
12:30:04,1603,8.704390868856278
12:30:05,1603,8.704390868856278
12:30:06,1603,8.704390868856278
12:30:07,1603,8.70616852886406
12:30:08,1603,8.70616852886406
12:30:09,1603,8.70616852886406
12:30:10,1603,8.70616852886406
12:30:11,1603,8.70616852886406
12:30:12,1604,8.70616852886406
12:30:13,1604,8.70616852886406
12:30:14,1604,8.707269132356362
12:30:15,1604,8.70976290097629
12:30:16,1605,8.70976290097629
12:30:17,1606,8.70976290097629
12:30:18,1606,8.70976290097629
12:30:19,1606,8.70976290097629
12:30:20,1607,8.70976290097629
12:30:21,1608,8.70976290097629
12:30:22,1609,8.70976290097629
12:30:23,1609,8.70976290097629
12:30:24,1610,8.70976290097629
12:30:25,1610,8.711893147502904
12:30:26,1610,8.711893147502904
12:30:27,1610,8.711559888579387
12:30:28,1610,8.711087914636975
12:30:29,1610,8.711087914636975
12:30:30,1610,8.711087914636975
12:30:31,1610,8.711087914636975
12:30:32,1610,8.711087914636975
12:30:33,1610,8.711087914636975
12:30:34,1610,8.708391284191006
12:30:35,1610,8.708391284191006
12:30:36,1611,8.709532082464674
12:30:37,1611,8.709532082464674
12:30:38,1611,8.709282407407407
12:30:39,1611,8.709282407407407
12:30:40,1611,8.709282407407407
12:30:41,1612,8.710501966227158
12:30:42,1612,8.710501966227158
12:30:43,1612,8.710501966227158
12:30:44,1612,8.710501966227158
12:30:45,1612,8.710501966227158
12:30:46,1613,8.70916551086454
12:30:47,1613,8.70916551086454
12:30:48,1613,8.70916551086454
12:30:49,1613,8.706433356433356
12:30:50,1613,8.706433356433356
12:30:51,1614,8.70803324099723
12:30:52,1614,8.70803324099723
12:30:53,1614,8.710426758938869
12:30:54,1614,8.710426758938869
12:30:55,1615,8.710426758938869
12:30:56,1615,8.710426758938869
12:30:57,1615,8.710426758938869
12:30:58,1615,8.710426758938869
12:30:59,1615,8.712344398340248
12:31:00,1615,8.712344398340248
12:31:01,1616,8.712344398340248
12:31:02,1616,8.711782999308916
12:31:03,1616,8.71002532228361
12:31:04,1616,8.71002532228361
12:31:05,1616,8.71002532228361
12:31:06,1617,8.711203128594432
12:31:07,1618,8.711203128594432
12:31:08,1618,8.71257471264368
12:31:09,1619,8.71257471264368
12:31:10,1619,8.715242361589707
12:31:11,1620,8.715242361589707
12:31:12,1621,8.715242361589707
12:31:13,1621,8.715242361589707
12:31:14,1621,8.715242361589707
12:31:15,1621,8.715242361589707
12:31:16,1622,8.715242361589707
12:31:17,1622,8.715242361589707
12:31:18,1622,8.715242361589707
12:31:19,1623,8.715242361589707
12:31:20,1623,8.715242361589707
12:31:21,1623,8.715242361589707
12:31:22,1624,8.715242361589707
12:31:23,1624,8.715242361589707
12:31:24,1626,8.716769901353523
12:31:25,1626,8.716769901353523
12:31:26,1626,8.716769901353523
12:31:27,1626,8.716769901353523
12:31:28,1627,8.716769901353523
12:31:29,1627,8.716769901353523
12:31:30,1628,8.716769901353523
12:31:31,1629,8.717893168271436
12:31:32,1629,8.717893168271436
12:31:33,1629,8.717893168271436
12:31:34,1629,8.717893168271436
12:31:35,1631,8.717893168271436
12:31:36,1632,8.717983963344787
12:31:37,1632,8.715842490842492
12:31:38,1633,8.715842490842492
12:31:39,1634,8.715842490842492
12:31:40,1636,8.716803935026311
12:31:41,1636,8.716803935026311
12:31:42,1637,8.719238683127571
12:31:43,1637,8.719238683127571
12:31:44,1638,8.721187214611872
12:31:45,1638,8.721187214611872
12:31:46,1639,8.721187214611872
12:31:47,1640,8.721187214611872
12:31:48,1640,8.723305954825461
12:31:49,1641,8.723305954825461
12:31:50,1641,8.723305954825461
12:31:51,1642,8.723305954825461
12:31:52,1642,8.723305954825461
12:31:53,1642,8.723305954825461
12:31:54,1644,8.723305954825461
12:31:55,1644,8.723305954825461
12:31:56,1644,8.723305954825461
12:31:57,1645,8.721340629274966
12:31:58,1645,8.72174755069492
12:31:59,1645,8.72174755069492
12:32:00,1645,8.72174755069492
12:32:01,1645,8.72174755069492
12:32:02,1645,8.72174755069492
12:32:03,1645,8.72174755069492
12:32:04,1645,8.72174755069492
12:32:05,1645,8.72174755069492
12:32:06,1645,8.72174755069492
12:32:07,1645,8.72174755069492
12:32:08,1646,8.720719489981784
12:32:09,1646,8.720719489981784
12:32:10,1646,8.718794084186577
12:32:11,1647,8.718794084186577
12:32:12,1647,8.718794084186577
12:32:13,1648,8.720475216007276
12:32:14,1648,8.720475216007276
12:32:15,1648,8.720475216007276
12:32:16,1648,8.720475216007276
12:32:17,1648,8.720475216007276
12:32:18,1648,8.722165416950693
12:32:19,1649,8.722165416950693
12:32:20,1649,8.722165416950693
12:32:21,1649,8.722165416950693
12:32:22,1649,8.722165416950693
12:32:23,1650,8.723183469573115
12:32:24,1650,8.723183469573115
12:32:25,1651,8.723183469573115
12:32:26,1651,8.723281143635125
12:32:27,1651,8.723281143635125
12:32:28,1652,8.723281143635125
12:32:29,1652,8.723281143635125
12:32:30,1652,8.723281143635125
12:32:31,1654,8.723281143635125
12:32:32,1654,8.72187074829932
12:32:33,1655,8.724779061862678
12:32:34,1656,8.724779061862678
12:32:35,1657,8.726483242753623
12:32:36,1657,8.726483242753623
12:32:37,1659,8.729101606698348
12:32:38,1659,8.729101606698348
12:32:39,1659,8.731331976481231
12:32:40,1659,8.731331976481231
12:32:41,1659,8.731331976481231
12:32:42,1660,8.732847457627118
12:32:43,1660,8.732847457627118
12:32:44,1661,8.732847457627118
12:32:45,1661,8.732667118337849
12:32:46,1661,8.732667118337849
12:32:47,1663,8.732667118337849
12:32:48,1663,8.73428120063191
12:32:49,1663,8.73428120063191
12:32:50,1664,8.736659900766801
12:32:51,1664,8.736659900766801
12:32:52,1664,8.737739463601534
12:32:53,1665,8.737739463601534
12:32:54,1665,8.737739463601534
12:32:55,1665,8.737739463601534
12:32:56,1665,8.737739463601534
12:32:57,1666,8.737739463601534
12:32:58,1666,8.737739463601534
12:32:59,1666,8.737739463601534
12:33:00,1667,8.737739463601534
12:33:01,1668,8.737739463601534
12:33:02,1668,8.737739463601534
12:33:03,1668,8.737739463601534
12:33:04,1668,8.737739463601534
12:33:05,1668,8.737739463601534
12:33:06,1668,8.737739463601534
12:33:07,1668,8.737739463601534
12:33:08,1668,8.737612612612613
12:33:09,1668,8.737612612612613
12:33:10,1668,8.737612612612613
12:33:11,1668,8.739669142471303
12:33:12,1668,8.739669142471303
12:33:13,1668,8.739669142471303
12:33:14,1668,8.740868196131354
12:33:15,1668,8.743886266576759
12:33:16,1668,8.743886266576759
12:33:17,1668,8.743886266576759
12:33:18,1668,8.74253144654088
12:33:19,1668,8.74253144654088
12:33:20,1668,8.74253144654088
12:33:21,1668,8.74057239057239
12:33:22,1668,8.742833109017498
12:33:23,1668,8.742833109017498
12:33:24,1668,8.742833109017498
12:33:25,1668,8.744003586639767
12:33:26,1668,8.744003586639767
12:33:27,1668,8.744003586639767
12:33:28,1668,8.744003586639767
12:33:29,1668,8.744003586639767
12:33:30,1668,8.744003586639767
12:33:31,1669,8.744003586639767
12:33:32,1670,8.744003586639767
12:33:33,1671,8.744003586639767
12:33:34,1671,8.74744623655914
12:33:35,1671,8.74744623655914
12:33:36,1672,8.74744623655914
12:33:37,1672,8.744381016342064
12:33:38,1673,8.744381016342064
12:33:39,1673,8.744381016342064
12:33:40,1673,8.746409395973155
12:33:41,1673,8.746409395973155
12:33:42,1674,8.747373127654818
12:33:43,1675,8.747373127654818
12:33:44,1675,8.748972296693475
12:33:45,1676,8.748972296693475
12:33:46,1676,8.748972296693475
12:33:47,1677,8.748972296693475
12:33:48,1677,8.748972296693475
12:33:49,1678,8.748972296693475
12:33:50,1678,8.748972296693475
12:33:51,1678,8.749988836793927
12:33:52,1678,8.749988836793927
12:33:53,1678,8.749988836793927
12:33:54,1678,8.749988836793927
12:33:55,1679,8.750970548862115
12:33:56,1679,8.753244147157192
12:33:57,1680,8.753244147157192
12:33:58,1681,8.753244147157192
12:33:59,1681,8.753244147157192
12:34:00,1681,8.755692959001783
12:34:01,1681,8.755692959001783
12:34:02,1681,8.755692959001783
12:34:03,1681,8.755692959001783
12:34:04,1681,8.75698062792251
12:34:05,1681,8.75698062792251
12:34:06,1681,8.757654650645303
12:34:07,1682,8.757654650645303
12:34:08,1682,8.757654650645303
12:34:09,1682,8.758816989103847
12:34:10,1682,8.758816989103847
12:34:11,1683,8.75711111111111
12:34:12,1683,8.75711111111111
12:34:13,1683,8.757639351543416
12:34:14,1683,8.757639351543416
12:34:15,1683,8.757639351543416
12:34:16,1684,8.75861074123391
12:34:17,1685,8.75861074123391
12:34:18,1685,8.75861074123391
12:34:19,1685,8.75861074123391
12:34:20,1685,8.758394322466179
12:34:21,1685,8.758394322466179
12:34:22,1685,8.758394322466179
12:34:23,1685,8.75790115248227
12:34:24,1685,8.757674418604653
12:34:25,1685,8.757674418604653
12:34:26,1686,8.757674418604653
12:34:27,1686,8.757674418604653
12:34:28,1687,8.757674418604653
12:34:29,1687,8.757674418604653
12:34:30,1687,8.75721558211598
12:34:31,1688,8.759046671090466
12:34:32,1689,8.75907382847038
12:34:33,1689,8.75907382847038
12:34:34,1689,8.75907382847038
12:34:35,1691,8.761166335321406
12:34:36,1691,8.761166335321406
12:34:37,1691,8.761166335321406
12:34:38,1692,8.761166335321406
12:34:39,1692,8.765011037527593
12:34:40,1693,8.765011037527593
12:34:41,1693,8.765011037527593
12:34:42,1694,8.765011037527593
12:34:43,1694,8.765011037527593
12:34:44,1694,8.765011037527593
12:34:45,1696,8.767427752040591
12:34:46,1696,8.767427752040591
12:34:47,1696,8.767427752040591
12:34:48,1697,8.767427752040591
12:34:49,1697,8.767427752040591
12:34:50,1697,8.767427752040591
12:34:51,1697,8.767427752040591
12:34:52,1697,8.767427752040591
12:34:53,1697,8.768694885361553
12:34:54,1697,8.768694885361553
12:34:55,1697,8.768803701255784
12:34:56,1698,8.770596653456627
12:34:57,1698,8.769162269129287
12:34:58,1698,8.769162269129287
12:34:59,1698,8.769072731267853
12:35:00,1698,8.769072731267853
12:35:01,1698,8.769072731267853
12:35:02,1698,8.769072731267853
12:35:03,1699,8.769072731267853
12:35:04,1700,8.769072731267853
12:35:05,1700,8.769036646916833
12:35:06,1700,8.769036646916833
12:35:07,1701,8.769844400613632
12:35:08,1701,8.769844400613632
12:35:09,1702,8.769844400613632
12:35:10,1702,8.769844400613632
12:35:11,1703,8.769844400613632
12:35:12,1703,8.769844400613632
12:35:13,1704,8.769844400613632
12:35:14,1704,8.7705102934735
12:35:15,1704,8.7705102934735
12:35:16,1704,8.7705102934735
12:35:17,1704,8.7705102934735
12:35:18,1704,8.7705102934735
12:35:19,1705,8.7705102934735
12:35:20,1705,8.7705102934735
12:35:21,1705,8.7705102934735
12:35:22,1705,8.7705102934735
12:35:23,1705,8.77077040927993
12:35:24,1705,8.77077040927993
12:35:25,1705,8.77077040927993
12:35:26,1705,8.77077040927993
12:35:27,1706,8.77077040927993
12:35:28,1706,8.77077040927993
12:35:29,1706,8.77077040927993
12:35:30,1706,8.77077040927993
12:35:31,1706,8.770538057742781
12:35:32,1707,8.770538057742781
12:35:33,1707,8.770538057742781
12:35:34,1709,8.770538057742781
12:35:35,1709,8.77160655737705
12:35:36,1709,8.77160655737705
12:35:37,1710,8.77160655737705
12:35:38,1710,8.77160655737705
12:35:39,1710,8.77160655737705
12:35:40,1710,8.772094801223242
12:35:41,1710,8.772094801223242
12:35:42,1711,8.772094801223242
12:35:43,1711,8.772094801223242
12:35:44,1711,8.773706614276358
12:35:45,1711,8.773706614276358
12:35:46,1711,8.773706614276358
12:35:47,1711,8.772607368650535
12:35:48,1711,8.772607368650535
12:35:49,1711,8.772607368650535
12:35:50,1711,8.772607368650535
12:35:51,1712,8.772607368650535
12:35:52,1712,8.773366013071895
12:35:53,1712,8.773366013071895
12:35:54,1712,8.773366013071895
12:35:55,1712,8.772987380330724
12:35:56,1712,8.772987380330724
12:35:57,1713,8.772987380330724
12:35:58,1713,8.772987380330724
12:35:59,1713,8.772987380330724
12:36:00,1713,8.775288106110024
12:36:01,1714,8.776227727075185
12:36:02,1714,8.776227727075185
12:36:03,1714,8.776227727075185
12:36:04,1714,8.776227727075185
12:36:05,1715,8.776227727075185
12:36:06,1716,8.776227727075185
12:36:07,1716,8.777426710097721
12:36:08,1717,8.777426710097721
12:36:09,1717,8.777426710097721
12:36:10,1718,8.777426710097721
12:36:11,1718,8.777426710097721
12:36:12,1719,8.778016493055556
12:36:13,1719,8.778703101279548
12:36:14,1720,8.778703101279548
12:36:15,1721,8.778703101279548
12:36:16,1722,8.778703101279548
12:36:17,1723,8.778703101279548
12:36:18,1724,8.780743389683572
12:36:19,1726,8.780743389683572
12:36:20,1726,8.780701754385966
12:36:21,1726,8.780701754385966
12:36:22,1727,8.780701754385966
12:36:23,1727,8.780701754385966
12:36:24,1727,8.780701754385966
12:36:25,1727,8.780701754385966
12:36:26,1727,8.780701754385966
12:36:27,1727,8.782012987012987
12:36:28,1728,8.782012987012987
12:36:29,1728,8.782012987012987
12:36:30,1729,8.782012987012987
12:36:31,1729,8.782012987012987
12:36:32,1730,8.782012987012987
12:36:33,1731,8.782012987012987
12:36:34,1732,8.782012987012987
12:36:35,1733,8.782012987012987
12:36:36,1733,8.782012987012987
12:36:37,1734,8.779450573220853
12:36:38,1734,8.779450573220853
12:36:39,1734,8.779118028534372
12:36:40,1735,8.779118028534372
12:36:41,1737,8.779118028534372
12:36:42,1737,8.779118028534372
12:36:43,1737,8.781378267444373
12:36:44,1737,8.781378267444373
12:36:45,1738,8.782480569948186
12:36:46,1738,8.782480569948186
12:36:47,1738,8.782480569948186
12:36:48,1738,8.78311758360302
12:36:49,1738,8.784691677447174
12:36:50,1738,8.785714285714285
12:36:51,1738,8.783387166236004
12:36:52,1738,8.783387166236004
12:36:53,1738,8.784958037443513
12:36:54,1738,8.784958037443513
12:36:55,1738,8.784958037443513
12:36:56,1738,8.784958037443513
12:36:57,1738,8.784958037443513
12:36:58,1738,8.786483870967743
12:36:59,1738,8.786483870967743
12:37:00,1738,8.786483870967743
12:37:01,1738,8.788082957231893
12:37:02,1738,8.788082957231893
12:37:03,1738,8.788082957231893
12:37:04,1738,8.78890678694158
12:37:05,1738,8.78890678694158
12:37:06,1738,8.78890678694158
12:37:07,1738,8.78890678694158
12:37:08,1738,8.78890678694158
12:37:09,1738,8.78890678694158
12:37:10,1740,8.790244687701223
12:37:11,1740,8.787644787644787
12:37:12,1740,8.787644787644787
12:37:13,1740,8.789335476956056
12:37:14,1740,8.788742502142245
12:37:15,1740,8.788742502142245
12:37:16,1740,8.790119888674802
12:37:17,1740,8.790119888674802
12:37:18,1742,8.79071459135644
12:37:19,1742,8.79071459135644
12:37:20,1742,8.788518280949326
12:37:21,1742,8.788518280949326
12:37:22,1742,8.788518280949326
12:37:23,1742,8.788518280949326
12:37:24,1742,8.788518280949326
12:37:25,1742,8.788518280949326
12:37:26,1742,8.788518280949326
12:37:27,1742,8.788518280949326
12:37:28,1743,8.788518280949326
12:37:29,1743,8.788518280949326
12:37:30,1743,8.788518280949326
12:37:31,1743,8.790235042735043
12:37:32,1743,8.790235042735043
12:37:33,1743,8.790235042735043
12:37:34,1743,8.791810805039505
12:37:35,1743,8.7924882629108
12:37:36,1743,8.7924882629108
12:37:37,1744,8.793975261249733
12:37:38,1744,8.793975261249733
12:37:39,1745,8.795641517476556
12:37:40,1745,8.795641517476556
12:37:41,1745,8.795641517476556
12:37:42,1745,8.79675186368477
12:37:43,1745,8.79675186368477
12:37:44,1745,8.794487015751383
12:37:45,1745,8.794487015751383
12:37:46,1745,8.794487015751383
12:37:47,1745,8.794487015751383
12:37:48,1745,8.794487015751383
12:37:49,1745,8.794487015751383
12:37:50,1745,8.794487015751383
12:37:51,1745,8.795437141033823
12:37:52,1745,8.795437141033823
12:37:53,1745,8.795642006802721
12:37:54,1745,8.795642006802721
12:37:55,1745,8.795642006802721
12:37:56,1745,8.795642006802721
12:37:57,1745,8.795642006802721
12:37:58,1745,8.795642006802721
12:37:59,1745,8.795642006802721
12:38:00,1745,8.795642006802721
12:38:01,1745,8.79341406415976
12:38:02,1745,8.79341406415976
12:38:03,1745,8.793163481953291
12:38:04,1745,8.793163481953291
12:38:05,1745,8.793163481953291
12:38:06,1746,8.793163481953291
12:38:07,1746,8.794928920008488
12:38:08,1746,8.794928920008488
12:38:09,1746,8.794928920008488
12:38:10,1746,8.796280991735536
12:38:11,1746,8.798358746293944
12:38:12,1746,8.798358746293944
12:38:13,1746,8.80026455026455
12:38:14,1746,8.80026455026455
12:38:15,1746,8.801903553299493
12:38:16,1746,8.801903553299493
12:38:17,1746,8.801903553299493
12:38:18,1746,8.801903553299493
12:38:19,1746,8.801903553299493
12:38:20,1746,8.801903553299493
12:38:21,1747,8.801903553299493
12:38:22,1747,8.801903553299493
12:38:23,1747,8.801903553299493
12:38:24,1747,8.803677869372226
12:38:25,1748,8.803677869372226
12:38:26,1748,8.803677869372226
12:38:27,1748,8.803677869372226
12:38:28,1748,8.803677869372226
12:38:29,1748,8.803677869372226
12:38:30,1748,8.803677869372226
12:38:31,1748,8.805090832277143
12:38:32,1748,8.805090832277143
12:38:33,1748,8.805090832277143
12:38:34,1748,8.806540084388185
12:38:35,1748,8.806540084388185
12:38:36,1749,8.806540084388185
12:38:37,1749,8.806198608475649
12:38:38,1749,8.806198608475649
12:38:39,1749,8.808491361146228
12:38:40,1750,8.808491361146228
12:38:41,1750,8.808491361146228
12:38:42,1750,8.808233312276268
12:38:43,1750,8.808233312276268
12:38:44,1750,8.808233312276268
12:38:45,1750,8.808233312276268
12:38:46,1750,8.808233312276268
12:38:47,1750,8.808233312276268
12:38:48,1750,8.808233312276268
12:38:49,1750,8.808233312276268
12:38:50,1750,8.808233312276268
12:38:51,1750,8.808233312276268
12:38:52,1750,8.808233312276268
12:38:53,1751,8.808233312276268
12:38:54,1752,8.805892255892255
12:38:55,1752,8.805892255892255
12:38:56,1753,8.805892255892255
12:38:57,1754,8.805892255892255
12:38:58,1755,8.805892255892255
12:38:59,1755,8.806761303890642
12:39:00,1756,8.806761303890642
12:39:01,1757,8.806761303890642
12:39:02,1757,8.806761303890642
12:39:03,1757,8.808774695250104
12:39:04,1758,8.808774695250104
12:39:05,1758,8.808774695250104
12:39:06,1759,8.808774695250104
12:39:07,1760,8.809724847721068
12:39:08,1760,8.809724847721068
12:39:09,1760,8.809724847721068
12:39:10,1761,8.810033585222502
12:39:11,1762,8.810033585222502
12:39:12,1762,8.8120725823369
12:39:13,1762,8.8120725823369
12:39:14,1763,8.814266247379456
12:39:15,1763,8.816739995809764
12:39:16,1764,8.816739995809764
12:39:17,1764,8.816739995809764
12:39:18,1764,8.816907453936349
12:39:19,1764,8.816907453936349
12:39:20,1765,8.816907453936349
12:39:21,1765,8.816907453936349
12:39:22,1766,8.816907453936349
12:39:23,1766,8.818194182883449
12:39:24,1767,8.818194182883449
12:39:25,1767,8.818194182883449
12:39:26,1767,8.818194182883449
12:39:27,1767,8.817942283563362
12:39:28,1768,8.817942283563362
12:39:29,1768,8.815997910135842
12:39:30,1768,8.815997910135842
12:39:31,1768,8.815997910135842
12:39:32,1769,8.816217627401839
12:39:33,1769,8.818284283030684
12:39:34,1769,8.81915936587401
12:39:35,1770,8.819762351469668
12:39:36,1771,8.819762351469668
12:39:37,1771,8.819762351469668
12:39:38,1771,8.821979166666667
12:39:39,1771,8.821979166666667
12:39:40,1771,8.821979166666667
12:39:41,1772,8.821979166666667
12:39:42,1773,8.823631063918384
12:39:43,1773,8.823631063918384
12:39:44,1774,8.823631063918384
12:39:45,1774,8.823631063918384
12:39:46,1774,8.823631063918384
12:39:47,1774,8.823631063918384
12:39:48,1775,8.821015397419892
12:39:49,1775,8.821015397419892
12:39:50,1775,8.821015397419892
12:39:51,1775,8.820731960906635
12:39:52,1775,8.821425602660016
12:39:53,1775,8.821425602660016
12:39:54,1775,8.821425602660016
12:39:55,1775,8.821425602660016
12:39:56,1775,8.821256490134996
12:39:57,1775,8.821256490134996
12:39:58,1775,8.821256490134996
12:39:59,1775,8.821256490134996
12:40:00,1775,8.821256490134996
12:40:01,1775,8.821256490134996
12:40:02,1776,8.81884599418846
12:40:03,1776,8.81884599418846
12:40:04,1776,8.81884599418846
12:40:05,1777,8.81884599418846
12:40:06,1778,8.820812603648424
12:40:07,1778,8.820812603648424
12:40:08,1779,8.820747876527864
12:40:09,1779,8.820747876527864
12:40:10,1779,8.820747876527864
12:40:11,1779,8.820747876527864
12:40:12,1779,8.820747876527864
12:40:13,1779,8.820747876527864
12:40:14,1779,8.820465838509316
12:40:15,1779,8.820465838509316
12:40:16,1780,8.820465838509316
12:40:17,1780,8.82180840057935
12:40:18,1781,8.82180840057935
12:40:19,1781,8.82180840057935
12:40:20,1782,8.82180840057935
12:40:21,1782,8.82180840057935
12:40:22,1783,8.82180840057935
12:40:23,1783,8.82180840057935
12:40:24,1783,8.82180840057935
12:40:25,1783,8.82363523573201
12:40:26,1784,8.82363523573201
12:40:27,1784,8.82392023145278
12:40:28,1784,8.82392023145278
12:40:29,1784,8.82392023145278
12:40:30,1786,8.825629904997934
12:40:31,1786,8.825629904997934
12:40:32,1786,8.825629904997934
12:40:33,1786,8.825629904997934
12:40:34,1786,8.825629904997934
12:40:35,1788,8.826976264189886
12:40:36,1788,8.826976264189886
12:40:37,1788,8.826976264189886
12:40:38,1788,8.826976264189886
12:40:39,1789,8.826976264189886
12:40:40,1789,8.826976264189886
12:40:41,1789,8.829622758194185
12:40:42,1791,8.829622758194185
12:40:43,1791,8.829622758194185
12:40:44,1791,8.829810465595385
12:40:45,1792,8.829810465595385
12:40:46,1793,8.829810465595385
12:40:47,1793,8.829810465595385
12:40:48,1794,8.829810465595385
12:40:49,1794,8.829810465595385
12:40:50,1794,8.829810465595385
12:40:51,1794,8.828597899938234
12:40:52,1794,8.828597899938234
12:40:53,1794,8.828597899938234
12:40:54,1794,8.830648148148148
12:40:55,1794,8.830648148148148
12:40:56,1795,8.830999383096854
12:40:57,1795,8.830999383096854
12:40:58,1796,8.830999383096854
12:40:59,1796,8.830999383096854
12:41:00,1796,8.830999383096854
12:41:01,1796,8.830999383096854
12:41:02,1797,8.830999383096854
12:41:03,1797,8.830785039046445
12:41:04,1797,8.830785039046445
12:41:05,1797,8.830785039046445
12:41:06,1798,8.830785039046445
12:41:07,1798,8.830785039046445
12:41:08,1798,8.830785039046445
12:41:09,1799,8.830785039046445
12:41:10,1799,8.8310960591133
12:41:11,1799,8.8310960591133
12:41:12,1800,8.8310960591133
12:41:13,1800,8.832738461538462
12:41:14,1801,8.832738461538462
12:41:15,1802,8.834603564843269
12:41:16,1802,8.834603564843269
12:41:17,1803,8.834603564843269
12:41:18,1803,8.834603564843269
12:41:19,1803,8.834603564843269
12:41:20,1803,8.8364352989353
12:41:21,1804,8.8364352989353
12:41:22,1804,8.8364352989353
12:41:23,1804,8.8364352989353
12:41:24,1805,8.8364352989353
12:41:25,1805,8.837589523224883
12:41:26,1805,8.837589523224883
12:41:27,1805,8.837589523224883
12:41:28,1805,8.837589523224883
12:41:29,1806,8.837589523224883
12:41:30,1806,8.840782750868588
12:41:31,1806,8.840782750868588
12:41:32,1806,8.840782750868588
12:41:33,1806,8.839334558073075
12:41:34,1806,8.839334558073075
12:41:35,1806,8.839334558073075
12:41:36,1806,8.839334558073075
12:41:37,1806,8.839334558073075
12:41:38,1806,8.839494084047328
12:41:39,1806,8.839494084047328
12:41:40,1807,8.839494084047328
12:41:41,1807,8.839494084047328
12:41:42,1807,8.839494084047328
12:41:43,1808,8.839494084047328
12:41:44,1808,8.840214067278287
12:41:45,1808,8.842573349633252
12:41:46,1808,8.84304622276522
12:41:47,1809,8.84304622276522
12:41:48,1809,8.84304622276522
12:41:49,1809,8.84304622276522
12:41:50,1809,8.84304622276522
12:41:51,1809,8.84304622276522
12:41:52,1809,8.84304622276522
12:41:53,1809,8.84304622276522
12:41:54,1809,8.844739519739521
12:41:55,1809,8.844739519739521
12:41:56,1809,8.844739519739521
12:41:57,1809,8.844739519739521
12:41:58,1809,8.844739519739521
12:41:59,1809,8.844739519739521
12:42:00,1809,8.844739519739521
12:42:01,1809,8.845088468578401
12:42:02,1809,8.845088468578401
12:42:03,1809,8.845088468578401
12:42:04,1809,8.845345528455285
12:42:05,1809,8.846841356896201
12:42:06,1809,8.844366626065774
12:42:07,1810,8.844366626065774
12:42:08,1810,8.844522215459525
12:42:09,1812,8.844522215459525
12:42:10,1813,8.844522215459525
12:42:11,1813,8.844522215459525
12:42:12,1813,8.844522215459525
12:42:13,1814,8.844809407948095
12:42:14,1814,8.844809407948095
12:42:15,1814,8.844083080040527
12:42:16,1815,8.844083080040527
12:42:17,1815,8.844083080040527
12:42:18,1816,8.844846091535034
12:42:19,1816,8.844846091535034
12:42:20,1816,8.84712608783647
12:42:21,1817,8.84712608783647
12:42:22,1818,8.84712608783647
12:42:23,1818,8.84712608783647
12:42:24,1819,8.84712608783647
12:42:25,1819,8.84712608783647
12:42:26,1820,8.84712608783647
12:42:27,1820,8.84712608783647
12:42:28,1820,8.84712608783647
12:42:29,1821,8.84712608783647
12:42:30,1821,8.84712608783647
12:42:31,1821,8.84712608783647
12:42:32,1822,8.84712608783647
12:42:33,1822,8.84820995145631
12:42:34,1822,8.850798463715384
12:42:35,1822,8.850798463715384
12:42:36,1823,8.852383838383838
12:42:37,1824,8.852383838383838
12:42:38,1824,8.852383838383838
12:42:39,1824,8.852383838383838
12:42:40,1824,8.852383838383838
12:42:41,1826,8.852383838383838
12:42:42,1826,8.852383838383838
12:42:43,1826,8.852383838383838
12:42:44,1826,8.852383838383838
12:42:45,1827,8.852383838383838
12:42:46,1828,8.852383838383838
12:42:47,1828,8.852383838383838
12:42:48,1828,8.852383838383838
12:42:49,1829,8.852383838383838
12:42:50,1829,8.85017161316374
12:42:51,1829,8.85017161316374
12:42:52,1830,8.85017161316374
12:42:53,1830,8.85017161316374
12:42:54,1831,8.852058111380144
12:42:55,1831,8.852853397862473
12:42:56,1832,8.851944780330513
12:42:57,1832,8.854189325276938
12:42:58,1833,8.854189325276938
12:42:59,1833,8.85594806763285
12:43:00,1833,8.85594806763285
12:43:01,1833,8.85594806763285
12:43:02,1833,8.85594806763285
12:43:03,1833,8.85594806763285
12:43:04,1833,8.85594806763285
12:43:05,1833,8.85594806763285
12:43:06,1833,8.85594806763285
12:43:07,1833,8.85594806763285
12:43:08,1833,8.857805270569303
12:43:09,1833,8.857805270569303
12:43:10,1833,8.855317651789305
12:43:11,1833,8.855317651789305
12:43:12,1833,8.855317651789305
12:43:13,1835,8.855317651789305
12:43:14,1835,8.855317651789305
12:43:15,1835,8.855317651789305
12:43:16,1835,8.855317651789305
12:43:17,1835,8.85690174804099
12:43:18,1835,8.85690174804099
12:43:19,1835,8.85690174804099
12:43:20,1835,8.857018072289156
12:43:21,1835,8.857018072289156
12:43:22,1835,8.857018072289156
12:43:23,1835,8.857018072289156
12:43:24,1835,8.857018072289156
12:43:25,1835,8.858358418623318
12:43:26,1835,8.860740072202166
12:43:27,1835,8.862527560633394
12:43:28,1835,8.862770432692308
12:43:29,1835,8.862770432692308
12:43:30,1836,8.864754754754754
12:43:31,1836,8.862194877951179
12:43:32,1836,8.862194877951179
12:43:33,1837,8.862194877951179
12:43:34,1837,8.862194877951179
12:43:35,1837,8.862194877951179
12:43:36,1837,8.862194877951179
12:43:37,1837,8.862194877951179
12:43:38,1837,8.86353729254149
12:43:39,1837,8.863719024780176
12:43:40,1837,8.863719024780176
12:43:41,1838,8.863719024780176
12:43:42,1838,8.863023952095809
12:43:43,1839,8.863023952095809
12:43:44,1839,8.863023952095809
12:43:45,1840,8.864372631158988
12:43:46,1840,8.864372631158988
12:43:47,1841,8.864372631158988
12:43:48,1841,8.864372631158988
12:43:49,1841,8.864372631158988
12:43:50,1841,8.864372631158988
12:43:51,1842,8.864372631158988
12:43:52,1842,8.864372631158988
12:43:53,1842,8.864372631158988
12:43:54,1842,8.864372631158988
12:43:55,1843,8.864372631158988
12:43:56,1844,8.864372631158988
12:43:57,1844,8.864372631158988
12:43:58,1844,8.864372631158988
12:43:59,1844,8.864372631158988
12:44:00,1845,8.866108786610878
12:44:01,1845,8.866108786610878
12:44:02,1845,8.86805057745918
12:44:03,1845,8.86805057745918
12:44:04,1845,8.86805057745918
12:44:05,1845,8.867124378109454
12:44:06,1845,8.867124378109454
12:44:07,1845,8.867124378109454
12:44:08,1845,8.867124378109454
12:44:09,1845,8.867124378109454
12:44:10,1845,8.867124378109454
12:44:11,1845,8.867124378109454
12:44:12,1845,8.867124378109454
12:44:13,1845,8.867124378109454
12:44:14,1845,8.867124378109454
12:44:15,1845,8.867124378109454
12:44:16,1845,8.867124378109454
12:44:17,1846,8.869351630867145
12:44:18,1846,8.869351630867145
12:44:19,1846,8.87150665871596
12:44:20,1847,8.87150665871596
12:44:21,1847,8.87150665871596
12:44:22,1847,8.872417560588001
12:44:23,1848,8.872417560588001
12:44:24,1848,8.872417560588001
12:44:25,1848,8.872417560588001
12:44:26,1849,8.872417560588001
12:44:27,1849,8.872417560588001
12:44:28,1849,8.872417560588001
12:44:29,1849,8.872417560588001
12:44:30,1850,8.869724042088544
12:44:31,1850,8.869724042088544
12:44:32,1850,8.869724042088544
12:44:33,1850,8.870992063492062
12:44:34,1850,8.870992063492062
12:44:35,1850,8.873874677771168
12:44:36,1850,8.875743162901308
12:44:37,1850,8.876044761338878
12:44:38,1850,8.878038400633413
12:44:39,1850,8.878038400633413
12:44:40,1850,8.878038400633413
12:44:41,1850,8.878038400633413
12:44:42,1850,8.878038400633413
12:44:43,1851,8.878038400633413
12:44:44,1851,8.878038400633413
12:44:45,1851,8.878038400633413
12:44:46,1852,8.878038400633413
12:44:47,1852,8.878038400633413
12:44:48,1852,8.878038400633413
12:44:49,1853,8.878038400633413
12:44:50,1853,8.878038400633413
12:44:51,1855,8.878038400633413
12:44:52,1855,8.878038400633413
12:44:53,1855,8.878038400633413
12:44:54,1855,8.878921859545006
12:44:55,1855,8.878921859545006
12:44:56,1855,8.877474807350326
12:44:57,1855,8.877474807350326
12:44:58,1855,8.877474807350326
12:44:59,1855,8.877754739336494
12:45:00,1855,8.877754739336494
12:45:01,1855,8.877754739336494
12:45:02,1855,8.877754739336494
12:45:03,1855,8.877754739336494
12:45:04,1855,8.880422340635484
12:45:05,1855,8.87895463510848
12:45:06,1856,8.87895463510848
12:45:07,1856,8.880317366449834
12:45:08,1856,8.880317366449834
12:45:09,1856,8.880317366449834
12:45:10,1856,8.882476359338062
12:45:11,1856,8.882476359338062
12:45:12,1856,8.884426068123647
12:45:13,1856,8.884426068123647
12:45:14,1856,8.884426068123647
12:45:15,1856,8.885438803620621
12:45:16,1856,8.885438803620621
12:45:17,1856,8.885438803620621
12:45:18,1856,8.885438803620621
12:45:19,1856,8.884444444444446
12:45:20,1856,8.884444444444446
12:45:21,1856,8.884444444444446
12:45:22,1856,8.886615566037735
12:45:23,1856,8.88955018660381
12:45:24,1856,8.88955018660381
12:45:25,1856,8.890636042402827
12:45:26,1856,8.890636042402827
12:45:27,1856,8.890636042402827
12:45:28,1857,8.890636042402827
12:45:29,1857,8.888807141455759
12:45:30,1857,8.888807141455759
12:45:31,1857,8.888807141455759
12:45:32,1857,8.888807141455759
12:45:33,1857,8.888807141455759
12:45:34,1857,8.888807141455759
12:45:35,1859,8.888807141455759
12:45:36,1859,8.888807141455759
12:45:37,1859,8.888807141455759
12:45:38,1859,8.889558823529411
12:45:39,1859,8.889558823529411
12:45:40,1859,8.890579710144927
12:45:41,1859,8.890579710144927
12:45:42,1859,8.890579710144927
12:45:43,1860,8.890579710144927
12:45:44,1861,8.890579710144927
12:45:45,1862,8.892865531415149
12:45:46,1862,8.892865531415149
12:45:47,1862,8.893241392801253
12:45:48,1862,8.893704789833823
12:45:49,1862,8.893704789833823
12:45:50,1862,8.893704789833823
12:45:51,1862,8.893704789833823
12:45:52,1863,8.893704789833823
12:45:53,1863,8.894157874169597
12:45:54,1863,8.894157874169597
12:45:55,1864,8.894157874169597
12:45:56,1864,8.896192149970709
12:45:57,1864,8.896192149970709
12:45:58,1865,8.896192149970709
12:45:59,1866,8.896192149970709
12:46:00,1866,8.897833723653397
12:46:01,1867,8.897833723653397
12:46:02,1867,8.897833723653397
12:46:03,1868,8.897833723653397
12:46:04,1869,8.897833723653397
12:46:05,1869,8.897833723653397
12:46:06,1869,8.897833723653397
12:46:07,1870,8.897833723653397
12:46:08,1871,8.897833723653397
12:46:09,1872,8.897833723653397
12:46:10,1872,8.897833723653397
12:46:11,1873,8.897833723653397
12:46:12,1873,8.895523698069045
12:46:13,1873,8.895523698069045
12:46:14,1875,8.895523698069045
12:46:15,1875,8.897641325536062
12:46:16,1875,8.897641325536062
12:46:17,1875,8.897641325536062
12:46:18,1875,8.90100331190337
12:46:19,1876,8.903619381202567
12:46:20,1876,8.903619381202567
12:46:21,1876,8.903619381202567
12:46:22,1876,8.900602878257489
12:46:23,1876,8.900602878257489
12:46:24,1876,8.900602878257489
12:46:25,1876,8.900602878257489
12:46:26,1877,8.900602878257489
12:46:27,1877,8.901768707482994
12:46:28,1877,8.901768707482994
12:46:29,1877,8.901768707482994
12:46:30,1878,8.903418803418804
12:46:31,1878,8.903418803418804
12:46:32,1878,8.903418803418804
12:46:33,1879,8.903418803418804
12:46:34,1879,8.903418803418804
12:46:35,1879,8.903418803418804
12:46:36,1880,8.903418803418804
12:46:37,1880,8.903418803418804
12:46:38,1880,8.903418803418804
12:46:39,1881,8.903418803418804
12:46:40,1881,8.903418803418804
12:46:41,1881,8.903418803418804
12:46:42,1882,8.904183653659484
12:46:43,1882,8.904183653659484
12:46:44,1882,8.904183653659484
12:46:45,1882,8.901212650368645
12:46:46,1882,8.901212650368645
12:46:47,1882,8.901212650368645
12:46:48,1882,8.903403141361256
12:46:49,1882,8.903403141361256
12:46:50,1882,8.905910852713179
12:46:51,1882,8.905910852713179
12:46:52,1882,8.906992058880496
12:46:53,1882,8.906992058880496
12:46:54,1882,8.906992058880496
12:46:55,1882,8.906992058880496
12:46:56,1882,8.906992058880496
12:46:57,1882,8.906992058880496
12:46:58,1882,8.906992058880496
12:46:59,1882,8.906992058880496
12:47:00,1882,8.906992058880496
12:47:01,1883,8.906992058880496
12:47:02,1883,8.906992058880496
12:47:03,1883,8.906992058880496
12:47:04,1883,8.906992058880496
12:47:05,1883,8.908275261324041
12:47:06,1883,8.908275261324041
12:47:07,1883,8.908275261324041
12:47:08,1884,8.910379183594506
12:47:09,1884,8.911513921113688
12:47:10,1884,8.911513921113688
12:47:11,1884,8.912657004830917
12:47:12,1884,8.912657004830917
12:47:13,1884,8.912657004830917
12:47:14,1884,8.912657004830917
12:47:15,1884,8.913151796060255
12:47:16,1884,8.915412082609533
12:47:17,1884,8.915412082609533
12:47:18,1884,8.915412082609533
12:47:19,1885,8.916483410493829
12:47:20,1885,8.916483410493829
12:47:21,1885,8.916483410493829
12:47:22,1885,8.916483410493829
12:47:23,1885,8.916069018700597
12:47:24,1886,8.917890173410404
12:47:25,1886,8.917890173410404
12:47:26,1887,8.917890173410404
12:47:27,1887,8.917890173410404
12:47:28,1887,8.917890173410404
12:47:29,1887,8.917890173410404
12:47:30,1888,8.917890173410404
12:47:31,1888,8.917890173410404
12:47:32,1889,8.917890173410404
12:47:33,1889,8.917890173410404
12:47:34,1889,8.920739456961293
12:47:35,1890,8.920739456961293
12:47:36,1890,8.920739456961293
12:47:37,1890,8.919688221709007
12:47:38,1891,8.919688221709007
12:47:39,1891,8.919688221709007
12:47:40,1891,8.923923490965015
12:47:41,1891,8.923923490965015
12:47:42,1891,8.925196926032662
12:47:43,1891,8.925196926032662
12:47:44,1892,8.926540011514104
12:47:45,1892,8.926540011514104
12:47:46,1892,8.926540011514104
12:47:47,1893,8.926540011514104
12:47:48,1893,8.926540011514104
12:47:49,1893,8.926540011514104
12:47:50,1893,8.926540011514104
12:47:51,1893,8.926540011514104
12:47:52,1895,8.926540011514104
12:47:53,1895,8.926540011514104
12:47:54,1895,8.926540011514104
12:47:55,1895,8.926540011514104
12:47:56,1897,8.926540011514104
12:47:57,1897,8.9237917146145
12:47:58,1897,8.9237917146145
12:47:59,1898,8.9237917146145
12:48:00,1899,8.927327586206896
12:48:01,1899,8.927327586206896
12:48:02,1899,8.927327586206896
12:48:03,1899,8.923520964962666
12:48:04,1899,8.923520964962666
12:48:05,1899,8.925153080750096
12:48:06,1899,8.925153080750096
12:48:07,1899,8.925153080750096
12:48:08,1899,8.928211009174312
12:48:09,1899,8.928211009174312
12:48:10,1899,8.928211009174312
12:48:11,1900,8.928211009174312
12:48:12,1900,8.928211009174312
12:48:13,1900,8.928211009174312
12:48:14,1900,8.929350525310412
12:48:15,1900,8.929350525310412
12:48:16,1900,8.929350525310412
12:48:17,1900,8.926727758686521
12:48:18,1900,8.926727758686521
12:48:19,1900,8.926727758686521
12:48:20,1900,8.926727758686521
12:48:21,1900,8.926727758686521
12:48:22,1900,8.925968326655218
12:48:23,1900,8.925968326655218
12:48:24,1900,8.925968326655218
12:48:25,1900,8.925968326655218
12:48:26,1900,8.925968326655218
12:48:27,1900,8.92848016781083
12:48:28,1900,8.92848016781083
12:48:29,1900,8.92848016781083
12:48:30,1900,8.92848016781083
12:48:31,1900,8.92848016781083
12:48:32,1900,8.92848016781083
12:48:33,1900,8.92902857142857
12:48:34,1900,8.92902857142857
12:48:35,1900,8.929411764705883
12:48:36,1900,8.929411764705883
12:48:37,1900,8.929411764705883
12:48:38,1901,8.929411764705883
12:48:39,1901,8.929411764705883
12:48:40,1901,8.931202435312025
12:48:41,1901,8.934169994295495
12:48:42,1902,8.934169994295495
12:48:43,1902,8.934169994295495
12:48:44,1902,8.936145952109463
12:48:45,1903,8.936145952109463
12:48:46,1904,8.936647673314338
12:48:47,1904,8.936647673314338
12:48:48,1904,8.936647673314338
12:48:49,1904,8.940447732878011
12:48:50,1905,8.940447732878011
12:48:51,1905,8.940447732878011
12:48:52,1905,8.940447732878011
12:48:53,1906,8.940447732878011
12:48:54,1906,8.940447732878011
12:48:55,1906,8.940447732878011
12:48:56,1906,8.940447732878011
12:48:57,1906,8.940447732878011
12:48:58,1907,8.940447732878011
12:48:59,1907,8.940447732878011
12:49:00,1907,8.940447732878011
12:49:01,1907,8.942681076981419
12:49:02,1909,8.942681076981419
12:49:03,1909,8.942681076981419
12:49:04,1910,8.94259048701914
12:49:05,1911,8.94259048701914
12:49:06,1911,8.943181818181818
12:49:07,1911,8.943181818181818
12:49:08,1912,8.945409805035018
12:49:09,1912,8.945409805035018
12:49:10,1912,8.945409805035018
12:49:11,1913,8.945409805035018
12:49:12,1913,8.945409805035018
12:49:13,1913,8.945409805035018
12:49:14,1914,8.947739311388574
12:49:15,1914,8.947739311388574
12:49:16,1914,8.947739311388574
12:49:17,1914,8.947739311388574
12:49:18,1915,8.947739311388574
12:49:19,1915,8.947739311388574
12:49:20,1916,8.947590702947846
12:49:21,1918,8.947590702947846
12:49:22,1918,8.950207625519063
12:49:23,1919,8.950207625519063
12:49:24,1919,8.950207625519063
12:49:25,1919,8.950292232277526
12:49:26,1919,8.950292232277526
12:49:27,1919,8.950292232277526
12:49:28,1920,8.950292232277526
12:49:29,1920,8.950292232277526
12:49:30,1921,8.953024307518373
12:49:31,1922,8.953024307518373
12:49:32,1922,8.953024307518373
12:49:33,1922,8.953024307518373
12:49:34,1923,8.953024307518373
12:49:35,1923,8.953024307518373
12:49:36,1923,8.953024307518373
12:49:37,1924,8.953024307518373
12:49:38,1924,8.953024307518373
12:49:39,1924,8.953024307518373
12:49:40,1925,8.953024307518373
12:49:41,1925,8.953024307518373
12:49:42,1925,8.953024307518373
12:49:43,1926,8.953024307518373
12:49:44,1926,8.953024307518373
12:49:45,1927,8.953024307518373
12:49:46,1927,8.953024307518373
12:49:47,1928,8.953024307518373
12:49:48,1928,8.953024307518373
12:49:49,1929,8.954830508474576
12:49:50,1930,8.954830508474576
12:49:51,1930,8.954830508474576
12:49:52,1931,8.954830508474576
12:49:53,1932,8.954818370035762
12:49:54,1932,8.954818370035762
12:49:55,1932,8.954818370035762
12:49:56,1933,8.955822046651617
12:49:57,1934,8.958281631885692
12:49:58,1934,8.958281631885692
12:49:59,1935,8.958281631885692
12:50:00,1935,8.957919954904172
12:50:01,1936,8.957919954904172
12:50:02,1936,8.957919954904172
12:50:03,1937,8.960460093896712
12:50:04,1937,8.960460093896712
12:50:05,1938,8.960460093896712
12:50:06,1938,8.960460093896712
12:50:07,1939,8.960460093896712
12:50:08,1939,8.960460093896712
12:50:09,1940,8.960460093896712
12:50:10,1940,8.962380416432188
12:50:11,1940,8.96247656542932
12:50:12,1941,8.96247656542932
12:50:13,1941,8.96247656542932
12:50:14,1941,8.963556305040283
12:50:15,1941,8.963556305040283
12:50:16,1943,8.964691011235955
12:50:17,1943,8.964691011235955
12:50:18,1943,8.964691011235955
12:50:19,1943,8.967508890136628
12:50:20,1945,8.967508890136628
12:50:21,1945,8.967508890136628
12:50:22,1945,8.967508890136628
12:50:23,1945,8.967508890136628
12:50:24,1945,8.967508890136628
12:50:25,1946,8.967508890136628
12:50:26,1946,8.967508890136628
12:50:27,1946,8.967508890136628
12:50:28,1947,8.967508890136628
12:50:29,1947,8.967508890136628
12:50:30,1947,8.967508890136628
12:50:31,1947,8.967508890136628
12:50:32,1947,8.965029928918819
12:50:33,1947,8.965029928918819
12:50:34,1947,8.965029928918819
12:50:35,1947,8.9657599551318
12:50:36,1947,8.967096412556055
12:50:37,1948,8.967096412556055
12:50:38,1948,8.967096412556055
12:50:39,1948,8.967096412556055
12:50:40,1948,8.968823529411765
12:50:41,1948,8.968823529411765
12:50:42,1948,8.968823529411765
12:50:43,1948,8.968823529411765
12:50:44,1948,8.970035460992907
12:50:45,1948,8.970035460992907
12:50:46,1948,8.970035460992907
12:50:47,1948,8.970035460992907
12:50:48,1948,8.970035460992907
12:50:49,1948,8.970035460992907
12:50:50,1949,8.970035460992907
12:50:51,1949,8.970035460992907
12:50:52,1949,8.970035460992907
12:50:53,1949,8.970035460992907
12:50:54,1949,8.970035460992907
12:50:55,1949,8.970035460992907
12:50:56,1949,8.970035460992907
12:50:57,1949,8.970035460992907
12:50:58,1950,8.970817011751539
12:50:59,1950,8.970817011751539
12:51:00,1950,8.971187546607009
12:51:01,1950,8.971187546607009
12:51:02,1950,8.971187546607009
12:51:03,1950,8.971187546607009
12:51:04,1950,8.971187546607009
12:51:05,1950,8.972172535867339
12:51:06,1950,8.972172535867339
12:51:07,1950,8.972172535867339
12:51:08,1951,8.969953445065178
12:51:09,1951,8.96997952726596
12:51:10,1951,8.96997952726596
12:51:11,1951,8.973065476190476
12:51:12,1951,8.973065476190476
12:51:13,1951,8.973065476190476
12:51:14,1951,8.973065476190476
12:51:15,1951,8.97408440230526
12:51:16,1951,8.97408440230526
12:51:17,1951,8.97408440230526
12:51:18,1951,8.97408440230526
12:51:19,1951,8.974117428465256
12:51:20,1951,8.974117428465256
12:51:21,1951,8.974117428465256
12:51:22,1951,8.972739090064996
12:51:23,1951,8.972739090064996
12:51:24,1952,8.972739090064996
12:51:25,1952,8.972739090064996
12:51:26,1952,8.972739090064996
12:51:27,1952,8.972739090064996
12:51:28,1953,8.974675204157387
12:51:29,1953,8.974675204157387
12:51:30,1953,8.974675204157387
12:51:31,1953,8.974675204157387
12:51:32,1953,8.974675204157387
12:51:33,1953,8.975709515859766
12:51:34,1953,8.975709515859766
12:51:35,1953,8.976705598813497
12:51:36,1953,8.978673337039096
12:51:37,1953,8.978673337039096
12:51:38,1953,8.978673337039096
12:51:39,1953,8.978673337039096
12:51:40,1953,8.979796296296296
12:51:41,1953,8.979796296296296
12:51:42,1953,8.979796296296296
12:51:43,1953,8.979796296296296
12:51:44,1953,8.981667592078475
12:51:45,1953,8.981667592078475
12:51:46,1953,8.981667592078475
12:51:47,1953,8.981667592078475
12:51:48,1953,8.981667592078475
12:51:49,1953,8.981667592078475
12:51:50,1953,8.981667592078475
12:51:51,1954,8.981667592078475
12:51:52,1954,8.981667592078475
12:51:53,1954,8.981667592078475
12:51:54,1954,8.981667592078475
12:51:55,1954,8.981667592078475
12:51:56,1955,8.981667592078475
12:51:57,1955,8.981667592078475
12:51:58,1955,8.981667592078475
12:51:59,1955,8.983305586385496
12:52:00,1955,8.983305586385496
12:52:01,1955,8.983305586385496
12:52:02,1955,8.983305586385496
12:52:03,1955,8.983305586385496
12:52:04,1955,8.983305586385496
12:52:05,1955,8.983305586385496
12:52:06,1955,8.983305586385496
12:52:07,1956,8.980671103716029
12:52:08,1956,8.981799704360679
12:52:09,1956,8.981799704360679
12:52:10,1956,8.983231763619576
12:52:11,1956,8.983231763619576
12:52:12,1956,8.983231763619576
12:52:13,1956,8.983527131782946
12:52:14,1956,8.983942077107544
12:52:15,1956,8.983942077107544
12:52:16,1957,8.983942077107544
12:52:17,1957,8.985868362831859
12:52:18,1957,8.987488483508383
12:52:19,1957,8.987488483508383
12:52:20,1958,8.987488483508383
12:52:21,1958,8.987488483508383
12:52:22,1958,8.985902394106812
12:52:23,1958,8.985902394106812
12:52:24,1959,8.98772317320081
12:52:25,1959,8.98772317320081
12:52:26,1959,8.98772317320081
12:52:27,1960,8.98772317320081
12:52:28,1960,8.98772317320081
12:52:29,1961,8.98772317320081
12:52:30,1961,8.988944076526858
12:52:31,1961,8.988944076526858
12:52:32,1961,8.988944076526858
12:52:33,1961,8.988944076526858
12:52:34,1961,8.99105534105534
12:52:35,1961,8.99105534105534
12:52:36,1961,8.99105534105534
12:52:37,1961,8.99105534105534
12:52:38,1961,8.991868798235943
12:52:39,1961,8.991868798235943
12:52:40,1962,8.991868798235943
12:52:41,1962,8.989063360881543
12:52:42,1962,8.989142804698973
12:52:43,1962,8.989142804698973
12:52:44,1962,8.990377912309668
12:52:45,1963,8.990377912309668
12:52:46,1963,8.990377912309668
12:52:47,1963,8.990377912309668
12:52:48,1963,8.990377912309668
12:52:49,1963,8.990377912309668
12:52:50,1964,8.990377912309668
12:52:51,1964,8.990377912309668
12:52:52,1964,8.990377912309668
12:52:53,1964,8.990377912309668
12:52:54,1964,8.990377912309668
12:52:55,1964,8.990377912309668
12:52:56,1964,8.990377912309668
12:52:57,1964,8.992125045837918
12:52:58,1965,8.992125045837918
12:52:59,1965,8.992125045837918
12:53:00,1966,8.990993219717792
12:53:01,1966,8.990993219717792
12:53:02,1966,8.990993219717792
12:53:03,1967,8.991923076923078
12:53:04,1967,8.991923076923078
12:53:05,1968,8.991923076923078
12:53:06,1968,8.992952590151932
12:53:07,1968,8.992952590151932
12:53:08,1968,8.992952590151932
12:53:09,1968,8.994840834248079
12:53:10,1968,8.994840834248079
12:53:11,1969,8.994840834248079
12:53:12,1969,8.99306088864509
12:53:13,1969,8.99306088864509
12:53:14,1970,8.99306088864509
12:53:15,1970,8.993347953216375
12:53:16,1970,8.993347953216375
12:53:17,1970,8.993926940639268
12:53:18,1970,8.993926940639268
12:53:19,1970,8.995345016429354
12:53:20,1970,8.995345016429354
12:53:21,1970,8.995345016429354
12:53:22,1971,8.995345016429354
12:53:23,1971,8.995345016429354
12:53:24,1971,8.995345016429354
12:53:25,1971,8.995345016429354
12:53:26,1971,8.995657726692208
12:53:27,1972,8.995657726692208
12:53:28,1972,8.995657726692208
12:53:29,1972,8.995657726692208
12:53:30,1972,8.995657726692208
12:53:31,1972,8.995657726692208
12:53:32,1974,8.995657726692208
12:53:33,1974,8.99212684527064
12:53:34,1974,8.99212684527064
12:53:35,1974,8.994790528233152
12:53:36,1975,8.994790528233152
12:53:37,1975,8.994790528233152
12:53:38,1975,8.997797196431822
12:53:39,1975,8.997797196431822
12:53:40,1976,8.997797196431822
12:53:41,1977,8.997797196431822
12:53:42,1977,8.997797196431822
12:53:43,1977,8.997797196431822
12:53:44,1978,8.997797196431822
12:53:45,1979,8.997797196431822
12:53:46,1979,8.997797196431822
12:53:47,1979,8.997797196431822
12:53:48,1979,8.999754366812226
12:53:49,1979,8.999754366812226
12:53:50,1979,8.999754366812226
12:53:51,1979,8.999754366812226
12:53:52,1979,8.999754366812226
12:53:53,1979,9.001227495908347
12:53:54,1979,9.001227495908347
12:53:55,1979,9.001227495908347
12:53:56,1979,9.002153762268266
12:53:57,1979,8.999455040871934
12:53:58,1979,8.999455040871934
12:53:59,1979,8.999455040871934
12:54:00,1979,8.99724945533769
12:54:01,1980,8.99944656142261
12:54:02,1980,8.99944656142261
12:54:03,1980,9.000897714907508
12:54:04,1980,9.000897714907508
12:54:05,1980,9.000897714907508
12:54:06,1980,9.001658510059816
12:54:07,1980,9.001658510059816
12:54:08,1980,9.00288043478261
12:54:09,1980,9.00288043478261
12:54:10,1980,9.00288043478261
12:54:11,1980,9.00288043478261
12:54:12,1980,9.00288043478261
12:54:13,1980,9.00288043478261
12:54:14,1980,9.00288043478261
12:54:15,1980,9.00288043478261
12:54:16,1980,9.00288043478261
12:54:17,1980,9.00288043478261
12:54:18,1980,9.00288043478261
12:54:19,1980,9.001421328987869
12:54:20,1980,9.001421328987869
12:54:21,1981,9.001421328987869
12:54:22,1981,9.002832066594282
12:54:23,1981,9.002832066594282
12:54:24,1981,9.002832066594282
12:54:25,1982,9.002832066594282
12:54:26,1982,9.002832066594282
12:54:27,1982,9.0042774461928
12:54:28,1982,9.0059291395517
12:54:29,1982,9.0059291395517
12:54:30,1982,9.0059291395517
12:54:31,1983,9.0059291395517
12:54:32,1983,9.0059291395517
12:54:33,1983,9.0059291395517
12:54:34,1983,9.0059291395517
12:54:35,1983,9.0059291395517
12:54:36,1984,9.004037940379403
12:54:37,1984,9.004037940379403
12:54:38,1984,9.004037940379403
12:54:39,1984,9.004126038280967
12:54:40,1984,9.004126038280967
12:54:41,1984,9.004126038280967
12:54:42,1984,9.00507128677134
12:54:43,1984,9.00507128677134
12:54:44,1984,9.00464466089466
12:54:45,1985,9.00464466089466
12:54:46,1985,9.00464466089466
12:54:47,1986,9.00464466089466
12:54:48,1987,9.008094465476834
12:54:49,1988,9.008094465476834
12:54:50,1988,9.008094465476834
12:54:51,1988,9.008094465476834
12:54:52,1989,9.010288288288288
12:54:53,1989,9.00804069872141
12:54:54,1990,9.00804069872141
12:54:55,1990,9.00804069872141
12:54:56,1990,9.00804069872141
12:54:57,1990,9.00804069872141
12:54:58,1991,9.00804069872141
12:54:59,1991,9.00804069872141
12:55:00,1991,9.00804069872141
12:55:01,1991,9.00804069872141
12:55:02,1991,9.010529157667387
12:55:03,1991,9.012259399172512
12:55:04,1992,9.012259399172512
12:55:05,1993,9.013960805465661
12:55:06,1993,9.013960805465661
12:55:07,1993,9.013960805465661
12:55:08,1994,9.014941599281222
12:55:09,1994,9.014941599281222
12:55:10,1994,9.014941599281222
12:55:11,1995,9.012643678160918
12:55:12,1995,9.012643678160918
12:55:13,1995,9.012643678160918
12:55:14,1995,9.012643678160918
12:55:15,1995,9.012643678160918
12:55:16,1995,9.012643678160918
12:55:17,1996,9.012484293663615
12:55:18,1997,9.012484293663615
12:55:19,1997,9.012484293663615
12:55:20,1997,9.015204520990313
12:55:21,1997,9.015204520990313
12:55:22,1998,9.015204520990313
12:55:23,1999,9.015204520990313
12:55:24,1999,9.016299085529855
12:55:25,1999,9.016299085529855
12:55:26,2000,9.018378136200717
12:55:27,2000,9.018378136200717
12:55:28,2000,9.018378136200717
12:55:29,2000,9.018072720759449
12:55:30,2000,9.018072720759449
12:55:31,2000,9.018072720759449
12:55:32,2002,9.018072720759449
12:55:33,2002,9.016514582215065
12:55:34,2002,9.016514582215065
12:55:35,2003,9.016514582215065
12:55:36,2003,9.016514582215065
12:55:37,2003,9.018893061516453
12:55:38,2003,9.018893061516453
12:55:39,2003,9.018893061516453
12:55:40,2003,9.020071492403932
12:55:41,2003,9.020071492403932
12:55:42,2003,9.020071492403932
12:55:43,2003,9.017006073597713
12:55:44,2003,9.017006073597713
12:55:45,2003,9.017006073597713
12:55:46,2004,9.017006073597713
12:55:47,2004,9.015997143367256
12:55:48,2004,9.015997143367256
12:55:49,2004,9.015997143367256
12:55:50,2004,9.017630264097074
12:55:51,2004,9.017630264097074
12:55:52,2004,9.017630264097074
12:55:53,2004,9.017630264097074
12:55:54,2004,9.017630264097074
12:55:55,2004,9.017630264097074
12:55:56,2004,9.017630264097074
12:55:57,2005,9.017630264097074
12:55:58,2005,9.018352059925094
12:55:59,2005,9.018352059925094
12:56:00,2006,9.018352059925094
12:56:01,2006,9.018352059925094
12:56:02,2006,9.018352059925094
12:56:03,2006,9.018352059925094
12:56:04,2007,9.018352059925094
12:56:05,2008,9.018163992869876
12:56:06,2008,9.018163992869876
12:56:07,2008,9.018163992869876
12:56:08,2008,9.018163992869876
12:56:09,2008,9.018163992869876
12:56:10,2008,9.019837876358453
12:56:11,2008,9.019837876358453
12:56:12,2008,9.019837876358453
12:56:13,2008,9.020539529914531
12:56:14,2008,9.020539529914531
12:56:15,2008,9.022521801032212
12:56:16,2008,9.022521801032212
12:56:17,2008,9.022521801032212
12:56:18,2008,9.022521801032212
12:56:19,2008,9.022521801032212
12:56:20,2008,9.022521801032212
12:56:21,2008,9.022521801032212
12:56:22,2008,9.022521801032212
12:56:23,2008,9.023372465314834
12:56:24,2008,9.02043354655295
12:56:25,2008,9.02043354655295
12:56:26,2008,9.02043354655295
12:56:27,2008,9.020369383768424
12:56:28,2008,9.020369383768424
12:56:29,2008,9.020369383768424
12:56:30,2008,9.025705162320383
12:56:31,2008,9.025705162320383
12:56:32,2008,9.025705162320383
12:56:33,2008,9.02447695035461
12:56:34,2008,9.02447695035461
12:56:35,2008,9.02447695035461
12:56:36,2008,9.02447695035461
12:56:37,2008,9.02447695035461
12:56:38,2008,9.02447695035461
12:56:39,2009,9.02447695035461
12:56:40,2009,9.02447695035461
12:56:41,2009,9.02447695035461
12:56:42,2009,9.02447695035461
12:56:43,2009,9.02447695035461
12:56:44,2009,9.02447695035461
12:56:45,2010,9.02447695035461
12:56:46,2010,9.02447695035461
12:56:47,2010,9.025881623250045
12:56:48,2010,9.025881623250045
12:56:49,2011,9.02745306411619
12:56:50,2011,9.02745306411619
12:56:51,2011,9.02745306411619
12:56:52,2011,9.026916268366083
12:56:53,2011,9.026916268366083
12:56:54,2012,9.026916268366083
12:56:55,2012,9.026916268366083
12:56:56,2012,9.02757430997877
12:56:57,2012,9.02757430997877
12:56:58,2013,9.02757430997877
12:56:59,2013,9.02790450928382
12:57:00,2013,9.024832096147048
12:57:01,2013,9.024832096147048
12:57:02,2013,9.024832096147048
12:57:03,2014,9.025887652358241
12:57:04,2015,9.025887652358241
12:57:05,2015,9.025887652358241
12:57:06,2015,9.025887652358241
12:57:07,2015,9.025887652358241
12:57:08,2015,9.025887652358241
12:57:09,2015,9.025887652358241
12:57:10,2015,9.025887652358241
12:57:11,2015,9.024161370056497
12:57:12,2015,9.024161370056497
12:57:13,2015,9.024161370056497
12:57:14,2015,9.024527968943003
12:57:15,2015,9.027583774250441
12:57:16,2015,9.030363123567778
12:57:17,2015,9.030363123567778
12:57:18,2016,9.030363123567778
12:57:19,2016,9.030363123567778
12:57:20,2016,9.028682170542634
12:57:21,2017,9.03057756647297
12:57:22,2017,9.03057756647297
12:57:23,2017,9.03057756647297
12:57:24,2017,9.03057756647297
12:57:25,2018,9.03057756647297
12:57:26,2019,9.030411826821542
12:57:27,2019,9.030411826821542
12:57:28,2019,9.030411826821542
12:57:29,2019,9.030411826821542
12:57:30,2019,9.030411826821542
12:57:31,2019,9.030411826821542
12:57:32,2020,9.030411826821542
12:57:33,2020,9.030411826821542
12:57:34,2020,9.030411826821542
12:57:35,2020,9.03240105540897
12:57:36,2020,9.03240105540897
12:57:37,2020,9.03240105540897
12:57:38,2021,9.034370604781998
12:57:39,2021,9.034370604781998
12:57:40,2022,9.035714285714285
12:57:41,2022,9.03542325254654
12:57:42,2022,9.03542325254654
12:57:43,2022,9.03542325254654
12:57:44,2022,9.03542325254654
12:57:45,2022,9.03542325254654
12:57:46,2022,9.03542325254654
12:57:47,2022,9.03542325254654
12:57:48,2022,9.03542325254654
12:57:49,2022,9.03542325254654
12:57:50,2022,9.03542325254654
12:57:51,2022,9.03542325254654
12:57:52,2022,9.03542325254654
12:57:53,2022,9.03542325254654
12:57:54,2022,9.03542325254654
12:57:55,2022,9.03542325254654
12:57:56,2022,9.03542325254654
12:57:57,2023,9.03542325254654
12:57:58,2023,9.03542325254654
12:57:59,2024,9.03542325254654
12:58:00,2024,9.035457258206073
12:58:01,2024,9.035457258206073
12:58:02,2024,9.035457258206073
12:58:03,2025,9.034605263157895
12:58:04,2025,9.034605263157895
12:58:05,2025,9.034605263157895
12:58:06,2025,9.036943568173852
12:58:07,2025,9.038430548257137
12:58:08,2025,9.040896358543417
12:58:09,2025,9.040896358543417
12:58:10,2026,9.037909011373578
12:58:11,2026,9.035877929345926
12:58:12,2026,9.035877929345926
12:58:13,2026,9.035877929345926
12:58:14,2026,9.035877929345926
12:58:15,2026,9.035877929345926
12:58:16,2026,9.035877929345926
12:58:17,2026,9.035877929345926
12:58:18,2027,9.036645691312708
12:58:19,2027,9.036645691312708
12:58:20,2027,9.036645691312708
12:58:21,2028,9.036645691312708
12:58:22,2028,9.036645691312708
12:58:23,2028,9.036645691312708
12:58:24,2028,9.036645691312708
12:58:25,2029,9.038556953179596
12:58:26,2029,9.038556953179596
12:58:27,2029,9.040020953378733
12:58:28,2029,9.040020953378733
12:58:29,2031,9.040020953378733
12:58:30,2031,9.040020953378733
12:58:31,2031,9.040820244328097
12:58:32,2031,9.040820244328097
12:58:33,2032,9.040820244328097
12:58:34,2032,9.040820244328097
12:58:35,2032,9.040820244328097
12:58:36,2032,9.040982033839176
12:58:37,2033,9.040982033839176
12:58:38,2033,9.039792538354254
12:58:39,2033,9.041575187314864
12:58:40,2033,9.041575187314864
12:58:41,2033,9.040635335073977
12:58:42,2034,9.040635335073977
12:58:43,2034,9.040635335073977
12:58:44,2034,9.040635335073977
12:58:45,2034,9.037586986778011
12:58:46,2035,9.037586986778011
12:58:47,2035,9.037586986778011
12:58:48,2035,9.037586986778011
12:58:49,2036,9.037586986778011
12:58:50,2036,9.037586986778011
12:58:51,2036,9.037586986778011
12:58:52,2036,9.037586986778011
12:58:53,2036,9.038149886976178
12:58:54,2036,9.038149886976178
12:58:55,2037,9.038149886976178
12:58:56,2037,9.038625304136252
12:58:57,2037,9.040585374326906
12:58:58,2037,9.040585374326906
12:58:59,2037,9.040585374326906
12:59:00,2037,9.040585374326906
12:59:01,2037,9.040585374326906
12:59:02,2037,9.040585374326906
12:59:03,2037,9.040585374326906
12:59:04,2037,9.040585374326906
12:59:05,2037,9.040585374326906
12:59:06,2037,9.037907986111112
12:59:07,2037,9.037907986111112
12:59:08,2037,9.037907986111112
12:59:09,2037,9.037907986111112
12:59:10,2037,9.037907986111112
12:59:11,2037,9.036317889987854
12:59:12,2037,9.036317889987854
12:59:13,2037,9.038701005896636
12:59:14,2037,9.039157566302652
12:59:15,2037,9.039157566302652
12:59:16,2037,9.039157566302652
12:59:17,2037,9.039157566302652
12:59:18,2037,9.039157566302652
12:59:19,2037,9.040549203049203
12:59:20,2037,9.040549203049203
12:59:21,2037,9.040549203049203
12:59:22,2037,9.040549203049203
12:59:23,2037,9.041757575757575
12:59:24,2037,9.041757575757575
12:59:25,2037,9.041757575757575
12:59:26,2037,9.03797785850199
12:59:27,2037,9.03797785850199
12:59:28,2037,9.03797785850199
12:59:29,2037,9.03797785850199
12:59:30,2037,9.03797785850199
12:59:31,2037,9.03797785850199
12:59:32,2037,9.038563278008299
12:59:33,2037,9.038563278008299
12:59:34,2037,9.04119170984456
12:59:35,2037,9.04119170984456
12:59:36,2037,9.04119170984456
12:59:37,2037,9.04119170984456
12:59:38,2038,9.04119170984456
12:59:39,2038,9.04119170984456
12:59:40,2038,9.04119170984456
12:59:41,2039,9.04119170984456
12:59:42,2039,9.037683411013292
12:59:43,2039,9.037683411013292
12:59:44,2040,9.037683411013292
12:59:45,2040,9.035757418909592
12:59:46,2040,9.037609932747024
12:59:47,2040,9.037609932747024
12:59:48,2040,9.037609932747024
12:59:49,2043,9.03907273354016
12:59:50,2043,9.03907273354016
12:59:51,2043,9.03907273354016
12:59:52,2043,9.03907273354016
12:59:53,2045,9.03907273354016
12:59:54,2045,9.03907273354016
12:59:55,2045,9.03907273354016
12:59:56,2045,9.03907273354016
12:59:57,2045,9.03907273354016
12:59:58,2045,9.03907273354016
12:59:59,2045,9.03907273354016
13:00:00,2045,9.03907273354016
13:00:01,2045,9.03907273354016
13:00:02,2045,9.03907273354016
13:00:03,2045,9.03907273354016
13:00:04,2045,9.03907273354016
13:00:05,2045,9.03907273354016
13:00:06,2045,9.03907273354016
13:00:07,2045,9.03907273354016
13:00:08,2046,9.03907273354016
13:00:09,2046,9.040740740740741
13:00:10,2046,9.040740740740741
13:00:11,2047,9.040740740740741
13:00:12,2048,9.040740740740741
13:00:13,2048,9.040740740740741
13:00:14,2049,9.040740740740741
13:00:15,2051,9.04209258303218
13:00:16,2051,9.04209258303218
13:00:17,2051,9.04209258303218
13:00:18,2052,9.04209258303218
13:00:19,2052,9.04209258303218
13:00:20,2052,9.043971448228413
13:00:21,2052,9.043971448228413
13:00:22,2052,9.043971448228413
13:00:23,2053,9.043971448228413
13:00:24,2053,9.043971448228413
13:00:25,2054,9.043971448228413
13:00:26,2055,9.043971448228413
13:00:27,2055,9.043971448228413
13:00:28,2055,9.043971448228413
13:00:29,2057,9.043971448228413
13:00:30,2057,9.04412927625924
13:00:31,2057,9.04412927625924
13:00:32,2058,9.04412927625924
13:00:33,2059,9.04412927625924
13:00:34,2059,9.04412927625924
13:00:35,2059,9.045249140893471
13:00:36,2059,9.045249140893471
13:00:37,2061,9.041773999656534
13:00:38,2061,9.041773999656534
13:00:39,2062,9.041773999656534
13:00:40,2062,9.044124206553441
13:00:41,2062,9.044124206553441
13:00:42,2063,9.04513888888889
13:00:43,2064,9.04513888888889
13:00:44,2064,9.04513888888889
13:00:45,2064,9.04513888888889
13:00:46,2065,9.04513888888889
13:00:47,2066,9.04513888888889
13:00:48,2066,9.04586118251928
13:00:49,2066,9.04586118251928
13:00:50,2067,9.044253168893457
13:00:51,2067,9.044253168893457
13:00:52,2068,9.044253168893457
13:00:53,2068,9.044253168893457
13:00:54,2068,9.044253168893457
13:00:55,2070,9.044253168893457
13:00:56,2070,9.044253168893457
13:00:57,2070,9.044253168893457
13:00:58,2070,9.044253168893457
13:00:59,2072,9.044253168893457
13:01:00,2072,9.044253168893457
13:01:01,2072,9.044253168893457
13:01:02,2073,9.044253168893457
13:01:03,2073,9.044253168893457
13:01:04,2074,9.044253168893457
13:01:05,2075,9.044892197125256
13:01:06,2075,9.044892197125256
13:01:07,2076,9.044892197125256
13:01:08,2076,9.044963229006328
13:01:09,2077,9.04637606837607
13:01:10,2077,9.044669400307534
13:01:11,2077,9.046687158469945
13:01:12,2077,9.046687158469945
13:01:13,2078,9.046687158469945
13:01:14,2078,9.046687158469945
13:01:15,2078,9.047729988052568
13:01:16,2080,9.047729988052568
13:01:17,2080,9.047729988052568
13:01:18,2080,9.047729988052568
13:01:19,2080,9.047729988052568
13:01:20,2083,9.047729988052568
13:01:21,2083,9.047729988052568
13:01:22,2083,9.047729988052568
13:01:23,2083,9.047729988052568
13:01:24,2083,9.047729988052568
13:01:25,2083,9.047729988052568
13:01:26,2083,9.047729988052568
13:01:27,2084,9.047729988052568
13:01:28,2084,9.047729988052568
13:01:29,2084,9.049112930740362
13:01:30,2084,9.049112930740362
13:01:31,2084,9.045993179880647
13:01:32,2084,9.045993179880647
13:01:33,2085,9.045993179880647
13:01:34,2086,9.04738411724608
13:01:35,2086,9.048569238630558
13:01:36,2087,9.048569238630558
13:01:37,2087,9.048569238630558
13:01:38,2087,9.048629553966633
13:01:39,2087,9.048629553966633
13:01:40,2088,9.048629553966633
13:01:41,2088,9.048629553966633
13:01:42,2088,9.048629553966633
13:01:43,2089,9.051853741496599
13:01:44,2089,9.051853741496599
13:01:45,2090,9.05011898691144
13:01:46,2090,9.05011898691144
13:01:47,2091,9.05011898691144
13:01:48,2091,9.05011898691144
13:01:49,2091,9.05011898691144
13:01:50,2091,9.05011898691144
13:01:51,2092,9.05011898691144
13:01:52,2092,9.05011898691144
13:01:53,2092,9.05011898691144
13:01:54,2093,9.049847094801224
13:01:55,2093,9.051129223976906
13:01:56,2093,9.051035302104548
13:01:57,2094,9.051035302104548
13:01:58,2094,9.051035302104548
13:01:59,2094,9.051119592875319
13:02:00,2095,9.051119592875319
13:02:01,2095,9.052483892845032
13:02:02,2095,9.052483892845032
13:02:03,2095,9.052483892845032
13:02:04,2095,9.052483892845032
13:02:05,2097,9.052483892845032
13:02:06,2097,9.052483892845032
13:02:07,2097,9.052483892845032
13:02:08,2098,9.052483892845032
13:02:09,2099,9.052483892845032
13:02:10,2099,9.052483892845032
13:02:11,2099,9.052483892845032
13:02:12,2100,9.052279274699204
13:02:13,2100,9.052279274699204
13:02:14,2100,9.048865176151761
13:02:15,2100,9.048865176151761
13:02:16,2101,9.048865176151761
13:02:17,2101,9.052698815566835
13:02:18,2101,9.052698815566835
13:02:19,2101,9.052698815566835
13:02:20,2102,9.054625401657367
13:02:21,2102,9.054625401657367
13:02:22,2102,9.05630493576741
13:02:23,2102,9.05630493576741
13:02:24,2103,9.05630493576741
13:02:25,2103,9.05630493576741
13:02:26,2103,9.05630493576741
13:02:27,2103,9.052718676122932
13:02:28,2103,9.052718676122932
13:02:29,2103,9.052718676122932
13:02:30,2103,9.052718676122932
13:02:31,2103,9.052718676122932
13:02:32,2103,9.052718676122932
13:02:33,2103,9.050759493670887
13:02:34,2103,9.050759493670887
13:02:35,2104,9.052117071524966
13:02:36,2104,9.052117071524966
13:02:37,2104,9.052117071524966
13:02:38,2105,9.052117071524966
13:02:39,2105,9.052857865452705
13:02:40,2105,9.052857865452705
13:02:41,2105,9.052857865452705
13:02:42,2105,9.052857865452705
13:02:43,2105,9.052857865452705
13:02:44,2105,9.052857865452705
13:02:45,2107,9.054785979103473
13:02:46,2107,9.054785979103473
13:02:47,2107,9.054785979103473
13:02:48,2107,9.054783560720901
13:02:49,2107,9.054783560720901
13:02:50,2108,9.051388888888889
13:02:51,2108,9.051388888888889
13:02:52,2108,9.051388888888889
13:02:53,2109,9.051388888888889
13:02:54,2110,9.051388888888889
13:02:55,2110,9.051388888888889
13:02:56,2111,9.051388888888889
13:02:57,2111,9.051388888888889
13:02:58,2111,9.051388888888889
13:02:59,2111,9.051388888888889
13:03:00,2111,9.051388888888889
13:03:01,2111,9.051388888888889
13:03:02,2113,9.051388888888889
13:03:03,2113,9.051388888888889
13:03:04,2113,9.051388888888889
13:03:05,2115,9.051388888888889
13:03:06,2116,9.051388888888889
13:03:07,2116,9.053390543496551
13:03:08,2116,9.053390543496551
13:03:09,2117,9.053390543496551
13:03:10,2119,9.054112008072654
13:03:11,2119,9.054112008072654
13:03:12,2119,9.055958984703313
13:03:13,2119,9.055958984703313
13:03:14,2119,9.055958984703313
13:03:15,2119,9.052755376344086
13:03:16,2120,9.05255247691016
13:03:17,2120,9.05255247691016
13:03:18,2120,9.05255247691016
13:03:19,2121,9.05255247691016
13:03:20,2121,9.05255247691016
13:03:21,2121,9.05255247691016
13:03:22,2122,9.050478348439073
13:03:23,2122,9.050478348439073
13:03:24,2122,9.050478348439073
13:03:25,2122,9.050478348439073
13:03:26,2122,9.050478348439073
13:03:27,2123,9.052625398423084
13:03:28,2123,9.053210932260226
13:03:29,2123,9.053210932260226
13:03:30,2123,9.053210932260226
13:03:31,2123,9.052890899949723
13:03:32,2124,9.052890899949723
13:03:33,2124,9.052890899949723
13:03:34,2124,9.052890899949723
13:03:35,2124,9.054020100502514
13:03:36,2124,9.054020100502514
13:03:37,2124,9.054020100502514
13:03:38,2125,9.053892516323456
13:03:39,2125,9.053892516323456
13:03:40,2125,9.053892516323456
13:03:41,2125,9.053892516323456
13:03:42,2125,9.054969879518072
13:03:43,2125,9.054969879518072
13:03:44,2125,9.055761833082455
13:03:45,2125,9.055761833082455
13:03:46,2125,9.055761833082455
13:03:47,2125,9.055761833082455
13:03:48,2126,9.055761833082455
13:03:49,2126,9.055761833082455
13:03:50,2126,9.055761833082455
13:03:51,2127,9.055761833082455
13:03:52,2127,9.055761833082455
13:03:53,2128,9.055761833082455
13:03:54,2128,9.055761833082455
13:03:55,2128,9.055761833082455
13:03:56,2128,9.055761833082455
13:03:57,2128,9.055761833082455
13:03:58,2128,9.055761833082455
13:03:59,2129,9.055761833082455
13:04:00,2129,9.055761833082455
13:04:01,2129,9.055761833082455
13:04:02,2129,9.053233082706766
13:04:03,2129,9.053233082706766
13:04:04,2129,9.055769873079493
13:04:05,2129,9.055508262393591
13:04:06,2129,9.055508262393591
13:04:07,2129,9.05256923590257
13:04:08,2130,9.05256923590257
13:04:09,2130,9.05256923590257
13:04:10,2130,9.05256923590257
13:04:11,2130,9.05256923590257
13:04:12,2130,9.050675337668833
13:04:13,2130,9.050675337668833
13:04:14,2131,9.050675337668833
13:04:15,2131,9.050675337668833
13:04:16,2131,9.052108333333333
13:04:17,2131,9.052108333333333
13:04:18,2131,9.052108333333333
13:04:19,2131,9.052931867399632
13:04:20,2131,9.052931867399632
13:04:21,2131,9.052931867399632
13:04:22,2131,9.052930402930404
13:04:23,2131,9.052930402930404
13:04:24,2131,9.050108171076719
13:04:25,2131,9.050108171076719
13:04:26,2132,9.047164005322688
13:04:27,2132,9.047164005322688
13:04:28,2132,9.047073981712385
13:04:29,2133,9.047073981712385
13:04:30,2133,9.047073981712385
13:04:31,2133,9.047073981712385
13:04:32,2134,9.047073981712385
13:04:33,2134,9.047073981712385
13:04:34,2134,9.04756563642406
13:04:35,2135,9.04756563642406
13:04:36,2135,9.04756563642406
13:04:37,2135,9.046920650730412
13:04:38,2136,9.046920650730412
13:04:39,2136,9.04770200763232
13:04:40,2136,9.04770200763232
13:04:41,2136,9.04770200763232
13:04:42,2137,9.04770200763232
13:04:43,2137,9.04770200763232
13:04:44,2137,9.04770200763232
13:04:45,2138,9.04770200763232
13:04:46,2138,9.0468407960199
13:04:47,2138,9.0468407960199
13:04:48,2138,9.044853306812533
13:04:49,2139,9.044853306812533
13:04:50,2139,9.044853306812533
13:04:51,2139,9.044853306812533
13:04:52,2140,9.045270046388337
13:04:53,2140,9.045802285146548
13:04:54,2140,9.045802285146548
13:04:55,2140,9.045802285146548
13:04:56,2141,9.044720291294274
13:04:57,2142,9.044720291294274
13:04:58,2142,9.044979321753516
13:04:59,2142,9.044979321753516
13:05:00,2143,9.044979321753516
13:05:01,2143,9.0479083994709
13:05:02,2143,9.0479083994709
13:05:03,2143,9.0479083994709
13:05:04,2143,9.04947942488845
13:05:05,2143,9.04947942488845
13:05:06,2143,9.04947942488845
13:05:07,2143,9.04947942488845
13:05:08,2143,9.050115626032376
13:05:09,2143,9.050115626032376
13:05:10,2143,9.050594353640415
13:05:11,2143,9.050594353640415
13:05:12,2143,9.050594353640415
13:05:13,2143,9.050594353640415
13:05:14,2143,9.050594353640415
13:05:15,2143,9.04726897689769
13:05:16,2143,9.04726897689769
13:05:17,2143,9.04726897689769
13:05:18,2143,9.04726897689769
13:05:19,2143,9.04726897689769
13:05:20,2143,9.04726897689769
13:05:21,2143,9.044713838033976
13:05:22,2143,9.044713838033976
13:05:23,2144,9.044713838033976
13:05:24,2144,9.044713838033976
13:05:25,2144,9.045004945598416
13:05:26,2144,9.045542923051574
13:05:27,2145,9.045734519104084
13:05:28,2145,9.045734519104084
13:05:29,2145,9.045734519104084
13:05:30,2145,9.045734519104084
13:05:31,2145,9.045734519104084
13:05:32,2145,9.045734519104084
13:05:33,2145,9.045734519104084
13:05:34,2145,9.045734519104084
13:05:35,2145,9.045734519104084
13:05:36,2145,9.044930041152265
13:05:37,2145,9.044930041152265
13:05:38,2147,9.044930041152265
13:05:39,2147,9.044930041152265
13:05:40,2147,9.044930041152265
13:05:41,2148,9.044930041152265
13:05:42,2148,9.044930041152265
13:05:43,2149,9.044930041152265
13:05:44,2149,9.044891411648567
13:05:45,2150,9.044891411648567
13:05:46,2150,9.04394836375596
13:05:47,2150,9.04394836375596
13:05:48,2150,9.04394836375596
13:05:49,2150,9.04394836375596
13:05:50,2150,9.04394836375596
13:05:51,2150,9.045488165680473
13:05:52,2150,9.045488165680473
13:05:53,2150,9.045860029571218
13:05:54,2150,9.045860029571218
13:05:55,2150,9.043489326765188
13:05:56,2150,9.043489326765188
13:05:57,2150,9.043489326765188
13:05:58,2150,9.041482028557361
13:05:59,2150,9.041482028557361
13:06:00,2150,9.041482028557361
13:06:01,2150,9.041478018372704
13:06:02,2152,9.041441219872109
13:06:03,2152,9.041289741068503
13:06:04,2153,9.041289741068503
13:06:05,2153,9.041289741068503
13:06:06,2154,9.041289741068503
13:06:07,2154,9.041289741068503
13:06:08,2154,9.041289741068503
13:06:09,2154,9.041289741068503
13:06:10,2155,9.041289741068503
13:06:11,2155,9.041289741068503
13:06:12,2155,9.041289741068503
13:06:13,2155,9.041289741068503
13:06:14,2155,9.0388533988534
13:06:15,2155,9.0388533988534
13:06:16,2156,9.0388533988534
13:06:17,2156,9.039137197118531
13:06:18,2156,9.037129765995747
13:06:19,2156,9.037129765995747
13:06:20,2156,9.037129765995747
13:06:21,2156,9.037129765995747
13:06:22,2156,9.037129765995747
13:06:23,2156,9.037129765995747
13:06:24,2156,9.037129765995747
13:06:25,2157,9.037129765995747
13:06:26,2157,9.037129765995747
13:06:27,2157,9.036457311089302
13:06:28,2157,9.036457311089302
13:06:29,2157,9.036457311089302
13:06:30,2157,9.036457311089302
13:06:31,2157,9.036457311089302
13:06:32,2158,9.036457311089302
13:06:33,2158,9.036457311089302
13:06:34,2158,9.036457311089302
13:06:35,2158,9.036457311089302
13:06:36,2158,9.036457311089302
13:06:37,2158,9.036457311089302
13:06:38,2159,9.033619421284945
13:06:39,2159,9.033619421284945
13:06:40,2159,9.033619421284945
13:06:41,2160,9.035555555555556
13:06:42,2160,9.034745347698335
13:06:43,2160,9.034745347698335
13:06:44,2160,9.034745347698335
13:06:45,2161,9.034745347698335
13:06:46,2161,9.034745347698335
13:06:47,2161,9.034745347698335
13:06:48,2162,9.035160711372164
13:06:49,2162,9.032183626875407
13:06:50,2162,9.032183626875407
13:06:51,2162,9.032183626875407
13:06:52,2163,9.032183626875407
13:06:53,2163,9.031931540342299
13:06:54,2163,9.031931540342299
13:06:55,2163,9.031931540342299
13:06:56,2164,9.030140110785272
13:06:57,2164,9.030140110785272
13:06:58,2164,9.030140110785272
13:06:59,2164,9.030140110785272
13:07:00,2164,9.030140110785272
13:07:01,2164,9.030140110785272
13:07:02,2165,9.029213483146068
13:07:03,2165,9.027067057291667
13:07:04,2165,9.027067057291667
13:07:05,2165,9.026227642276423
13:07:06,2166,9.026227642276423
13:07:07,2166,9.026426133593368
13:07:08,2166,9.026426133593368
13:07:09,2167,9.026426133593368
13:07:10,2167,9.026426133593368
13:07:11,2167,9.026426133593368
13:07:12,2167,9.026426133593368
13:07:13,2168,9.026426133593368
13:07:14,2168,9.026426133593368
13:07:15,2168,9.026426133593368
13:07:16,2168,9.025353141743789
13:07:17,2169,9.025353141743789
13:07:18,2169,9.025353141743789
13:07:19,2169,9.026484907497567
13:07:20,2169,9.026484907497567
13:07:21,2169,9.026484907497567
13:07:22,2169,9.026484907497567
13:07:23,2169,9.026484907497567
13:07:24,2169,9.026484907497567
13:07:25,2169,9.026484907497567
13:07:26,2169,9.026484907497567
13:07:27,2170,9.026484907497567
13:07:28,2170,9.02587185725872
13:07:29,2170,9.02587185725872
13:07:30,2170,9.02587185725872
13:07:31,2171,9.02587185725872
13:07:32,2171,9.02587185725872
13:07:33,2172,9.02587185725872
13:07:34,2174,9.02587185725872
13:07:35,2174,9.02587185725872
13:07:36,2175,9.02587185725872
13:07:37,2176,9.02587185725872
13:07:38,2176,9.023711089494164
13:07:39,2176,9.023711089494164
13:07:40,2176,9.021857790735341
13:07:41,2176,9.021857790735341
13:07:42,2176,9.021857790735341
13:07:43,2176,9.021393880524526
13:07:44,2176,9.021393880524526
13:07:45,2177,9.021393880524526
13:07:46,2177,9.02140776699029
13:07:47,2177,9.02140776699029
13:07:48,2177,9.02140776699029
13:07:49,2177,9.021551027009542
13:07:50,2177,9.021551027009542
13:07:51,2177,9.021551027009542
13:07:52,2177,9.021551027009542
13:07:53,2177,9.02086970578726
13:07:54,2177,9.02086970578726
13:07:55,2177,9.02086970578726
13:07:56,2177,9.020423331717563
13:07:57,2177,9.020423331717563
13:07:58,2177,9.020423331717563
13:07:59,2177,9.020423331717563
13:08:00,2177,9.020423331717563
13:08:01,2177,9.020423331717563
13:08:02,2177,9.020423331717563
13:08:03,2177,9.020423331717563
13:08:04,2177,9.0171834625323
13:08:05,2177,9.015948345439872
13:08:06,2177,9.015948345439872
13:08:07,2177,9.015948345439872
13:08:08,2177,9.015948345439872
13:08:09,2177,9.017763794772508
13:08:10,2177,9.017763794772508
13:08:11,2177,9.017763794772508
13:08:12,2177,9.017763794772508
13:08:13,2177,9.017763794772508
13:08:14,2177,9.017763794772508
13:08:15,2177,9.017263344621835
13:08:16,2177,9.017263344621835
13:08:17,2177,9.017263344621835
13:08:18,2177,9.016610251450677
13:08:19,2177,9.013541163202834
13:08:20,2177,9.012665056360708
13:08:21,2177,9.012665056360708
13:08:22,2177,9.01213584419765
13:08:23,2177,9.01213584419765
13:08:24,2177,9.01213584419765
13:08:25,2177,9.010834942084943
13:08:26,2177,9.010834942084943
13:08:27,2177,9.010834942084943
13:08:28,2177,9.010834942084943
13:08:29,2177,9.010834942084943
13:08:30,2177,9.01115131050008
13:08:31,2177,9.01115131050008
13:08:32,2177,9.009313725490195
13:08:33,2177,9.009313725490195
13:08:34,2177,9.009313725490195
13:08:35,2177,9.009313725490195
13:08:36,2177,9.006200803212852
13:08:37,2177,9.006200803212852
13:08:38,2177,9.006200803212852
13:08:39,2177,9.006200803212852
13:08:40,2177,9.006200803212852
13:08:41,2177,9.006200803212852
13:08:42,2177,9.005900770712909
13:08:43,2177,9.003619001765367
13:08:44,2177,9.003619001765367
13:08:45,2177,9.003619001765367
13:08:46,2177,9.003384664741738
13:08:47,2177,9.003384664741738
13:08:48,2177,9.003384664741738
13:08:49,2177,9.003384664741738
13:08:50,2177,9.003384664741738
13:08:51,2177,9.003384664741738
13:08:52,2177,9.003384664741738
13:08:53,2177,9.003384664741738
13:08:54,2177,9.003384664741738
13:08:55,2178,9.003102453102453
13:08:56,2178,9.003102453102453
13:08:57,2178,9.003102453102453
13:08:58,2178,9.004214743589744
13:08:59,2179,9.004214743589744
13:09:00,2179,9.004214743589744
13:09:01,2179,9.004012493993274
13:09:02,2179,9.004012493993274
13:09:03,2179,9.004012493993274
13:09:04,2179,9.003450208133206
13:09:05,2179,9.003450208133206
13:09:06,2179,9.003450208133206
13:09:07,2179,9.003450208133206
13:09:08,2179,9.003136501840293
13:09:09,2179,9.003136501840293
13:09:10,2179,9.00256717850288
13:09:11,2179,9.00256717850288
13:09:12,2179,9.00256717850288
13:09:13,2179,9.00256717850288
13:09:14,2179,9.00256717850288
13:09:15,2179,9.001318944844124
13:09:16,2179,9.001318944844124
13:09:17,2179,9.001318944844124
13:09:18,2179,9.001318944844124
13:09:19,2179,9.001318944844124
13:09:20,2179,9.001318944844124
13:09:21,2179,9.001318944844124
13:09:22,2179,9.001573985298817
13:09:23,2179,9.001573985298817
13:09:24,2179,9.001573985298817
13:09:25,2179,9.001573985298817
13:09:26,2179,9.001573985298817
13:09:27,2179,9.001573985298817
13:09:28,2179,9.001573985298817
13:09:29,2180,9.000886439865836
13:09:30,2180,9.000606641123882
13:09:31,2180,9.000606641123882
13:09:32,2180,9.000606641123882
13:09:33,2181,9.000606641123882
13:09:34,2181,9.000606641123882
13:09:35,2181,8.998731450454763
13:09:36,2181,8.998731450454763
13:09:37,2183,8.995406698564592
13:09:38,2183,8.995406698564592
13:09:39,2183,8.995406698564592
13:09:40,2183,8.995406698564592
13:09:41,2183,8.995406698564592
13:09:42,2184,8.995406698564592
13:09:43,2184,8.995406698564592
13:09:44,2184,8.995406698564592
13:09:45,2184,8.995406698564592
13:09:46,2184,8.995406698564592
13:09:47,2184,8.995406698564592
13:09:48,2184,8.995406698564592
13:09:49,2184,8.995406698564592
13:09:50,2184,8.995488601944844
13:09:51,2184,8.995488601944844
13:09:52,2184,8.995488601944844
13:09:53,2184,8.995488601944844
13:09:54,2184,8.995488601944844
13:09:55,2184,8.995172084130019
13:09:56,2184,8.995172084130019
13:09:57,2185,8.995172084130019
13:09:58,2185,8.995172084130019
13:09:59,2185,8.995172084130019
13:10:00,2185,8.99555661729575
13:10:01,2185,8.99555661729575
13:10:02,2185,8.99555661729575
13:10:03,2185,8.99555661729575
13:10:04,2185,8.99555661729575
13:10:05,2185,8.994555873925501
13:10:06,2185,8.994733492442323
13:10:07,2185,8.994733492442323
13:10:08,2186,8.994733492442323
13:10:09,2186,8.994733492442323
13:10:10,2186,8.994733492442323
13:10:11,2186,8.99445769720102
13:10:12,2186,8.99445769720102
13:10:13,2186,8.994428548720395
13:10:14,2186,8.994428548720395
13:10:15,2186,8.994428548720395
13:10:16,2187,8.994428548720395
13:10:17,2187,8.994428548720395
13:10:18,2187,8.994428548720395
13:10:19,2187,8.994534477279949
13:10:20,2188,8.994534477279949
13:10:21,2188,8.994534477279949
13:10:22,2189,8.994534477279949
13:10:23,2190,8.994534477279949
13:10:24,2191,8.994534477279949
13:10:25,2191,8.99320634920635
13:10:26,2191,8.99320634920635
13:10:27,2191,8.99320634920635
13:10:28,2191,8.992971600825003
13:10:29,2191,8.992971600825003
13:10:30,2191,8.992971600825003
13:10:31,2191,8.992971600825003
13:10:32,2191,8.992745004757374
13:10:33,2191,8.992745004757374
13:10:34,2191,8.992745004757374
13:10:35,2191,8.992745004757374
13:10:36,2191,8.992745004757374
13:10:37,2191,8.992745004757374
13:10:38,2191,8.992745004757374
13:10:39,2191,8.992745004757374
13:10:40,2191,8.993097162783325
13:10:41,2191,8.993097162783325
13:10:42,2191,8.993097162783325
13:10:43,2191,8.993097162783325
13:10:44,2191,8.993097162783325
13:10:45,2191,8.993097162783325
13:10:46,2191,8.992561787072244
13:10:47,2191,8.992561787072244
13:10:48,2191,8.992561787072244
13:10:49,2192,8.992561787072244
13:10:50,2192,8.993333333333334
13:10:51,2192,8.993333333333334
13:10:52,2192,8.99358182969294
13:10:53,2192,8.99358182969294
13:10:54,2193,8.99358182969294
13:10:55,2193,8.992335073564309
13:10:56,2193,8.992335073564309
13:10:57,2193,8.992335073564309
13:10:58,2194,8.992335073564309
13:10:59,2194,8.990575585072738
13:11:00,2194,8.990575585072738
13:11:01,2194,8.990575585072738
13:11:02,2194,8.990575585072738
13:11:03,2194,8.990469416785206
13:11:04,2194,8.990469416785206
13:11:05,2194,8.990576619273302
13:11:06,2194,8.990576619273302
13:11:07,2194,8.990576619273302
13:11:08,2194,8.990576619273302
13:11:09,2194,8.990576619273302
13:11:10,2194,8.990754776567188
13:11:11,2194,8.990754776567188
13:11:12,2195,8.990754776567188
13:11:13,2195,8.990754776567188
13:11:14,2195,8.989178103801862
13:11:15,2195,8.989178103801862
13:11:16,2195,8.989178103801862
13:11:17,2195,8.989711447492905
13:11:18,2195,8.989711447492905
13:11:19,2195,8.989711447492905
13:11:20,2195,8.989711447492905
13:11:21,2195,8.989353821907013
13:11:22,2195,8.989353821907013
13:11:23,2195,8.989374606175174
13:11:24,2196,8.989374606175174
13:11:25,2196,8.989374606175174
13:11:26,2196,8.989374606175174
13:11:27,2196,8.989374606175174
13:11:28,2197,8.989374606175174
13:11:29,2197,8.989374606175174
13:11:30,2197,8.989374606175174
13:11:31,2197,8.989374606175174
13:11:32,2197,8.989374606175174
13:11:33,2197,8.989374606175174
13:11:34,2197,8.987923161706817
13:11:35,2197,8.987923161706817
13:11:36,2197,8.988109852061692
13:11:37,2198,8.988109852061692
13:11:38,2198,8.98616485763725
13:11:39,2198,8.98616485763725
13:11:40,2198,8.987161949685536
13:11:41,2198,8.987161949685536
13:11:42,2198,8.987161949685536
13:11:43,2198,8.987161949685536
13:11:44,2198,8.987161949685536
13:11:45,2198,8.987161949685536
13:11:46,2199,8.987161949685536
13:11:47,2199,8.987230865943737
13:11:48,2199,8.987230865943737
13:11:49,2199,8.987230865943737
13:11:50,2199,8.987230865943737
13:11:51,2199,8.987230865943737
13:11:52,2199,8.987230865943737
13:11:53,2199,8.987230865943737
13:11:54,2199,8.987299717247879
13:11:55,2199,8.987299717247879
13:11:56,2199,8.98536661956351
13:11:57,2199,8.98536661956351
13:11:58,2199,8.98536661956351
13:11:59,2199,8.982266666666668
13:12:00,2199,8.982266666666668
13:12:01,2199,8.982266666666668
13:12:02,2199,8.981554615264065
13:12:03,2199,8.981554615264065
13:12:04,2199,8.981554615264065
13:12:05,2199,8.98155545112782
13:12:06,2199,8.98155545112782
13:12:07,2199,8.98155545112782
13:12:08,2199,8.98155545112782
13:12:09,2199,8.978182245185533
13:12:10,2199,8.978182245185533
13:12:11,2199,8.978182245185533
13:12:12,2200,8.978028169014085
13:12:13,2200,8.978028169014085
13:12:14,2200,8.978028169014085
13:12:15,2201,8.978028169014085
13:12:16,2201,8.978028169014085
13:12:17,2201,8.978028169014085
13:12:18,2201,8.979172532457374
13:12:19,2202,8.979172532457374
13:12:20,2202,8.979172532457374
13:12:21,2203,8.979172532457374
13:12:22,2204,8.979172532457374
13:12:23,2204,8.979172532457374
13:12:24,2204,8.979172532457374
13:12:25,2204,8.979172532457374
13:12:26,2204,8.979172532457374
13:12:27,2205,8.97715759849906
13:12:28,2206,8.97715759849906
13:12:29,2206,8.977012033130176
13:12:30,2206,8.977012033130176
13:12:31,2206,8.978272414870354
13:12:32,2206,8.978272414870354
13:12:33,2206,8.978071818891491
13:12:34,2206,8.978071818891491
13:12:35,2206,8.978071818891491
13:12:36,2206,8.978071818891491
13:12:37,2206,8.978071818891491
13:12:38,2206,8.978071818891491
13:12:39,2206,8.978071818891491
13:12:40,2206,8.978071818891491
13:12:41,2206,8.978071818891491
13:12:42,2206,8.978071818891491
13:12:43,2206,8.978071818891491
13:12:44,2206,8.97542505069412
13:12:45,2206,8.97542505069412
13:12:46,2206,8.97542505069412
13:12:47,2206,8.97542505069412
13:12:48,2206,8.97542505069412
13:12:49,2207,8.974033364515122
13:12:50,2207,8.974033364515122
13:12:51,2207,8.974033364515122
13:12:52,2207,8.974033364515122
13:12:53,2207,8.973874084463144
13:12:54,2207,8.973874084463144
13:12:55,2207,8.973874084463144
13:12:56,2207,8.973874084463144
13:12:57,2207,8.973874084463144
13:12:58,2207,8.973874084463144
13:12:59,2207,8.973874084463144
13:13:00,2207,8.973473520249222
13:13:01,2208,8.973473520249222
13:13:02,2208,8.973473520249222
13:13:03,2208,8.973473520249222
13:13:04,2208,8.973563755254554
13:13:05,2208,8.973563755254554
13:13:06,2208,8.973563755254554
13:13:07,2209,8.973187052598819
13:13:08,2209,8.973187052598819
13:13:09,2209,8.973187052598819
13:13:10,2210,8.972224813432836
13:13:11,2212,8.972224813432836
13:13:12,2213,8.972224813432836
13:13:13,2214,8.972224813432836
13:13:14,2214,8.972224813432836
13:13:15,2214,8.972224813432836
13:13:16,2215,8.972082362082363
13:13:17,2216,8.972082362082363
13:13:18,2216,8.97141192917055
13:13:19,2216,8.97141192917055
13:13:20,2216,8.97141192917055
13:13:21,2216,8.97141192917055
13:13:22,2218,8.97141192917055
13:13:23,2218,8.972292054624457
13:13:24,2218,8.972292054624457
13:13:25,2219,8.972292054624457
13:13:26,2219,8.972292054624457
13:13:27,2220,8.972292054624457
13:13:28,2222,8.971552660152009
13:13:29,2222,8.971552660152009
13:13:30,2223,8.971552660152009
13:13:31,2224,8.971552660152009
13:13:32,2224,8.969255813953488
13:13:33,2224,8.969255813953488
13:13:34,2224,8.969975205330854
13:13:35,2227,8.969975205330854
13:13:36,2227,8.969975205330854
13:13:37,2227,8.969975205330854
13:13:38,2228,8.969975205330854
13:13:39,2229,8.969975205330854
13:13:40,2229,8.969975205330854
13:13:41,2229,8.969975205330854
13:13:42,2229,8.969975205330854
13:13:43,2230,8.969975205330854
13:13:44,2231,8.969975205330854
13:13:45,2231,8.969975205330854
13:13:46,2231,8.969975205330854
13:13:47,2232,8.969975205330854
13:13:48,2232,8.969975205330854
13:13:49,2233,8.969975205330854
13:13:50,2233,8.969975205330854
13:13:51,2233,8.969934944237917
13:13:52,2234,8.969934944237917
13:13:53,2234,8.969934944237917
13:13:54,2235,8.969934944237917
13:13:55,2235,8.969934944237917
13:13:56,2235,8.969934944237917
13:13:57,2235,8.968725808948754
13:13:58,2236,8.968725808948754
13:13:59,2236,8.968725808948754
13:14:00,2237,8.970086660476632
13:14:01,2238,8.970086660476632
13:14:02,2238,8.970086660476632
13:14:03,2238,8.970086660476632
13:14:04,2238,8.970086660476632
13:14:05,2239,8.970086660476632
13:14:06,2239,8.970086660476632
13:14:07,2239,8.970086660476632
13:14:08,2239,8.96937354988399
13:14:09,2240,8.96937354988399
13:14:10,2240,8.96937354988399
13:14:11,2240,8.96937354988399
13:14:12,2240,8.968931663574521
13:14:13,2240,8.968931663574521
13:14:14,2240,8.968931663574521
13:14:15,2240,8.967887498068304
13:14:16,2241,8.967887498068304
13:14:17,2241,8.967887498068304
13:14:18,2241,8.96737720111214
13:14:19,2241,8.96737720111214
13:14:20,2241,8.96737720111214
13:14:21,2241,8.96737720111214
13:14:22,2241,8.968187432453297
13:14:23,2241,8.968187432453297
13:14:24,2242,8.968187432453297
13:14:25,2243,8.968387345679012
13:14:26,2243,8.968387345679012
13:14:27,2243,8.97043806879531
13:14:28,2243,8.97043806879531
13:14:29,2244,8.97043806879531
13:14:30,2244,8.97043806879531
13:14:31,2244,8.97043806879531
13:14:32,2244,8.967244835029295
13:14:33,2244,8.967244835029295
13:14:34,2244,8.967244835029295
13:14:35,2244,8.967244835029295
13:14:36,2245,8.964801972568962
13:14:37,2245,8.964801972568962
13:14:38,2245,8.964801972568962
13:14:39,2245,8.964801972568962
13:14:40,2245,8.965288046826863
13:14:41,2245,8.965288046826863
13:14:42,2245,8.965288046826863
13:14:43,2245,8.965288046826863
13:14:44,2245,8.965288046826863
13:14:45,2245,8.965288046826863
13:14:46,2245,8.965288046826863
13:14:47,2245,8.965288046826863
13:14:48,2245,8.965288046826863
13:14:49,2245,8.965288046826863
13:14:50,2245,8.965473441108545
13:14:51,2245,8.965473441108545
13:14:52,2246,8.965473441108545
13:14:53,2246,8.965473441108545
13:14:54,2246,8.96346568174823
13:14:55,2247,8.96346568174823
13:14:56,2248,8.96346568174823
13:14:57,2248,8.96346568174823
13:14:58,2248,8.96346568174823
13:14:59,2250,8.96346568174823
13:15:00,2251,8.96346568174823
13:15:01,2251,8.96323642516536
13:15:02,2252,8.96323642516536
13:15:03,2254,8.96323642516536
13:15:04,2254,8.96323642516536
13:15:05,2254,8.96004766297663
13:15:06,2254,8.96004766297663
13:15:07,2254,8.958406331642845
13:15:08,2254,8.958406331642845
13:15:09,2254,8.955345622119815
13:15:10,2256,8.955345622119815
13:15:11,2256,8.955345622119815
13:15:12,2256,8.955051435590358
13:15:13,2256,8.955051435590358
13:15:14,2256,8.955051435590358
13:15:15,2257,8.955051435590358
13:15:16,2257,8.955051435590358
13:15:17,2257,8.956499386126458
13:15:18,2258,8.956499386126458
13:15:19,2258,8.956499386126458
13:15:20,2258,8.956499386126458
13:15:21,2258,8.956499386126458
13:15:22,2258,8.95333640128854
13:15:23,2259,8.95333640128854
13:15:24,2259,8.95333640128854
13:15:25,2259,8.95333640128854
13:15:26,2261,8.95333640128854
13:15:27,2261,8.950682306041092
13:15:28,2261,8.950682306041092
13:15:29,2261,8.950904214559387
13:15:30,2263,8.950904214559387
13:15:31,2263,8.951439950980392
13:15:32,2263,8.951439950980392
13:15:33,2263,8.9483922829582
13:15:34,2264,8.9483922829582
13:15:35,2264,8.9483922829582
13:15:36,2264,8.9483922829582
13:15:37,2265,8.9483922829582
13:15:38,2265,8.9483922829582
13:15:39,2265,8.947972145699419
13:15:40,2266,8.947972145699419
13:15:41,2266,8.947972145699419
13:15:42,2266,8.947972145699419
13:15:43,2267,8.947972145699419
13:15:44,2267,8.947972145699419
13:15:45,2267,8.947972145699419
13:15:46,2268,8.947621232981492
13:15:47,2268,8.947621232981492
13:15:48,2268,8.947621232981492
13:15:49,2269,8.947621232981492
13:15:50,2269,8.944594801223241
13:15:51,2270,8.944444444444445
13:15:52,2270,8.944444444444445
13:15:53,2270,8.944444444444445
13:15:54,2271,8.944444444444445
13:15:55,2271,8.944444444444445
13:15:56,2271,8.944444444444445
13:15:57,2273,8.944444444444445
13:15:58,2273,8.942331194622671
13:15:59,2273,8.942331194622671
13:16:00,2273,8.942331194622671
13:16:01,2273,8.942331194622671
13:16:02,2273,8.942331194622671
13:16:03,2273,8.942331194622671
13:16:04,2273,8.942331194622671
13:16:05,2273,8.94147961520843
13:16:06,2273,8.94147961520843
13:16:07,2273,8.94147961520843
13:16:08,2273,8.943978937728938
13:16:09,2273,8.943978937728938
13:16:10,2273,8.943978937728938
13:16:11,2273,8.943978937728938
13:16:12,2273,8.939752973467522
13:16:13,2274,8.939752973467522
13:16:14,2274,8.939752973467522
13:16:15,2274,8.936877000457248
13:16:16,2274,8.936877000457248
13:16:17,2274,8.936877000457248
13:16:18,2274,8.936877000457248
13:16:19,2274,8.936877000457248
13:16:20,2274,8.937461913467397
13:16:21,2274,8.937461913467397
13:16:22,2274,8.93507610350076
13:16:23,2274,8.93507610350076
13:16:24,2274,8.93507610350076
13:16:25,2275,8.932458542522442
13:16:26,2275,8.932458542522442
13:16:27,2275,8.932458542522442
13:16:28,2275,8.932458542522442
13:16:29,2275,8.932458542522442
13:16:30,2275,8.932458542522442
13:16:31,2275,8.932458542522442
13:16:32,2276,8.932458542522442
13:16:33,2276,8.932458542522442
13:16:34,2276,8.932458542522442
13:16:35,2276,8.932458542522442
13:16:36,2276,8.932458542522442
13:16:37,2276,8.92981295620438
13:16:38,2276,8.92981295620438
13:16:39,2276,8.930088159294725
13:16:40,2276,8.930088159294725
13:16:41,2276,8.930088159294725
13:16:42,2276,8.928881798845335
13:16:43,2276,8.928881798845335
13:16:44,2276,8.928881798845335
13:16:45,2276,8.928967350037965
13:16:46,2276,8.926199149969642
13:16:47,2276,8.926199149969642
13:16:48,2276,8.926199149969642
13:16:49,2276,8.923790016689425
13:16:50,2277,8.923790016689425
13:16:51,2277,8.923790016689425
13:16:52,2278,8.921148013345466
13:16:53,2279,8.921148013345466
13:16:54,2279,8.921752311656814
13:16:55,2279,8.921752311656814
13:16:56,2279,8.921752311656814
13:16:57,2279,8.919113636363637
13:16:58,2279,8.919113636363637
13:16:59,2279,8.921338785400575
13:17:00,2280,8.921338785400575
13:17:01,2280,8.921338785400575
13:17:02,2280,8.921338785400575
13:17:03,2280,8.921338785400575
13:17:04,2280,8.921338785400575
13:17:05,2282,8.919497426581895
13:17:06,2282,8.919497426581895
13:17:07,2282,8.919497426581895
13:17:08,2283,8.919497426581895
13:17:09,2283,8.919497426581895
13:17:10,2284,8.919497426581895
13:17:11,2284,8.916946587986079
13:17:12,2284,8.916946587986079
13:17:13,2284,8.916659104658198
13:17:14,2285,8.916659104658198
13:17:15,2286,8.916659104658198
13:17:16,2286,8.91421768707483
13:17:17,2286,8.91421768707483
13:17:18,2287,8.91293442127531
13:17:19,2287,8.91293442127531
13:17:20,2287,8.91293442127531
13:17:21,2288,8.91293442127531
13:17:22,2288,8.91293442127531
13:17:23,2289,8.91293442127531
13:17:24,2289,8.91293442127531
13:17:25,2290,8.91293442127531
13:17:26,2291,8.91293442127531
13:17:27,2291,8.91293442127531
13:17:28,2291,8.91293442127531
13:17:29,2291,8.910466696873584
13:17:30,2291,8.910466696873584
13:17:31,2291,8.908031400966184
13:17:32,2292,8.908031400966184
13:17:33,2292,8.907582616568584
13:17:34,2292,8.907582616568584
13:17:35,2293,8.907582616568584
13:17:36,2293,8.907582616568584
13:17:37,2293,8.907582616568584
13:17:38,2293,8.907582616568584
13:17:39,2293,8.905565610859728
13:17:40,2293,8.905565610859728
13:17:41,2294,8.905565610859728
13:17:42,2294,8.90308306950098
13:17:43,2294,8.903925557564799
13:17:44,2295,8.903925557564799
13:17:45,2295,8.903925557564799
13:17:46,2295,8.903925557564799
13:17:47,2295,8.903925557564799
13:17:48,2295,8.903925557564799
13:17:49,2295,8.903925557564799
13:17:50,2295,8.904586534116584
13:17:51,2295,8.904586534116584
13:17:52,2295,8.901881963264078
13:17:53,2295,8.901881963264078
13:17:54,2295,8.901881963264078
13:17:55,2295,8.901881963264078
13:17:56,2295,8.901881963264078
13:17:57,2295,8.901881963264078
13:17:58,2295,8.901881963264078
13:17:59,2295,8.901881963264078
13:18:00,2295,8.901881963264078
13:18:01,2295,8.901881963264078
13:18:02,2295,8.899495861550038
13:18:03,2295,8.899495861550038
13:18:04,2295,8.898067087845968
13:18:05,2295,8.895444294091114
13:18:06,2296,8.895281033964531
13:18:07,2296,8.895281033964531
13:18:08,2296,8.895281033964531
13:18:09,2296,8.893503079465225
13:18:10,2296,8.893503079465225
13:18:11,2296,8.893503079465225
13:18:12,2296,8.893503079465225
13:18:13,2296,8.893503079465225
13:18:14,2297,8.893503079465225
13:18:15,2297,8.893503079465225
13:18:16,2297,8.893503079465225
13:18:17,2297,8.890795795795794
13:18:18,2297,8.890795795795794
13:18:19,2298,8.890795795795794
13:18:20,2298,8.890795795795794
13:18:21,2299,8.890795795795794
13:18:22,2299,8.890795795795794
13:18:23,2299,8.888196007804291
13:18:24,2300,8.887601260126013
13:18:25,2300,8.887601260126013
13:18:26,2300,8.887601260126013
13:18:27,2300,8.887601260126013
13:18:28,2300,8.887601260126013
13:18:29,2301,8.887601260126013
13:18:30,2301,8.887601260126013
13:18:31,2301,8.887601260126013
13:18:32,2302,8.887601260126013
13:18:33,2302,8.885455090718247
13:18:34,2302,8.8865257793765
13:18:35,2302,8.8865257793765
13:18:36,2302,8.8865257793765
13:18:37,2302,8.8865257793765
13:18:38,2302,8.884831460674157
13:18:39,2304,8.882472297094939
13:18:40,2305,8.882472297094939
13:18:41,2306,8.881716808860949
13:18:42,2306,8.881716808860949
13:18:43,2307,8.881716808860949
13:18:44,2307,8.881716808860949
13:18:45,2308,8.880139138240574
13:18:46,2308,8.880139138240574
13:18:47,2308,8.880139138240574
13:18:48,2308,8.880139138240574
13:18:49,2309,8.880139138240574
13:18:50,2309,8.877845072528787
13:18:51,2309,8.877845072528787
13:18:52,2309,8.877845072528787
13:18:53,2310,8.877845072528787
13:18:54,2310,8.877845072528787
13:18:55,2310,8.877421524663676
13:18:56,2311,8.877421524663676
13:18:57,2311,8.875011205737337
13:18:58,2311,8.875011205737337
13:18:59,2312,8.87347670250896
13:19:00,2312,8.87347670250896
13:19:01,2312,8.87347670250896
13:19:02,2312,8.87347670250896
13:19:03,2313,8.87347670250896
13:19:04,2313,8.87347670250896
13:19:05,2313,8.87347670250896
13:19:06,2315,8.87110762800418
13:19:07,2315,8.87110762800418
13:19:08,2315,8.87110762800418
13:19:09,2316,8.87110762800418
13:19:10,2317,8.870605789316622
13:19:11,2317,8.869686800894856
13:19:12,2317,8.869686800894856
13:19:13,2317,8.869686800894856
13:19:14,2317,8.869686800894856
13:19:15,2317,8.869686800894856
13:19:16,2317,8.869686800894856
13:19:17,2317,8.869686800894856
13:19:18,2317,8.869686800894856
13:19:19,2317,8.869686800894856
13:19:20,2317,8.869686800894856
13:19:21,2317,8.869686800894856
13:19:22,2317,8.867643112701252
13:19:23,2317,8.867643112701252
13:19:24,2317,8.867643112701252
13:19:25,2318,8.867643112701252
13:19:26,2319,8.867643112701252
13:19:27,2319,8.867643112701252
13:19:28,2319,8.865593801221875
13:19:29,2320,8.865593801221875
13:19:30,2320,8.865593801221875
13:19:31,2320,8.865593801221875
13:19:32,2321,8.865593801221875
13:19:33,2321,8.865593801221875
13:19:34,2321,8.865593801221875
13:19:35,2321,8.865929401251117
13:19:36,2322,8.865929401251117
13:19:37,2322,8.865929401251117
13:19:38,2323,8.865929401251117
13:19:39,2323,8.865929401251117
13:19:40,2323,8.863681703141284
13:19:41,2323,8.863681703141284
13:19:42,2323,8.861391369047618
13:19:43,2323,8.861391369047618
13:19:44,2323,8.861391369047618
13:19:45,2323,8.859879571810884
13:19:46,2323,8.859879571810884
13:19:47,2323,8.859879571810884
13:19:48,2323,8.857638579283698
13:19:49,2323,8.857638579283698
13:19:50,2323,8.857638579283698
13:19:51,2323,8.855904634581105
13:19:52,2323,8.853927245731255
13:19:53,2323,8.853927245731255
13:19:54,2324,8.853927245731255
13:19:55,2325,8.853927245731255
13:19:56,2325,8.853927245731255
13:19:57,2325,8.853927245731255
13:19:58,2325,8.85241911546453
13:19:59,2326,8.85241911546453
13:20:00,2326,8.85241911546453
13:20:01,2326,8.849488434163701
13:20:02,2326,8.849488434163701
13:20:03,2326,8.849488434163701
13:20:04,2326,8.84840669927375
13:20:05,2326,8.84840669927375
13:20:06,2327,8.84840669927375
13:20:07,2328,8.84840669927375
13:20:08,2328,8.84840669927375
13:20:09,2328,8.848814814814814
13:20:10,2328,8.848814814814814
13:20:11,2328,8.848814814814814
13:20:12,2328,8.848814814814814
13:20:13,2328,8.848814814814814
13:20:14,2328,8.848814814814814
13:20:15,2328,8.848814814814814
13:20:16,2328,8.848814814814814
13:20:17,2329,8.848814814814814
13:20:18,2329,8.848814814814814
13:20:19,2329,8.848814814814814
13:20:20,2329,8.848814814814814
13:20:21,2329,8.848814814814814
13:20:22,2330,8.847667703243003
13:20:23,2330,8.847667703243003
13:20:24,2330,8.847667703243003
13:20:25,2332,8.847667703243003
13:20:26,2332,8.847667703243003
13:20:27,2333,8.847667703243003
13:20:28,2333,8.847667703243003
13:20:29,2334,8.847667703243003
13:20:30,2335,8.847667703243003
13:20:31,2335,8.847667703243003
13:20:32,2336,8.847667703243003
13:20:33,2337,8.845922143280047
13:20:34,2337,8.845922143280047
13:20:35,2338,8.845169403757952
13:20:36,2338,8.844483880508726
13:20:37,2338,8.844483880508726
13:20:38,2338,8.844483880508726
13:20:39,2341,8.844483880508726
13:20:40,2341,8.844483880508726
13:20:41,2341,8.842756836659277
13:20:42,2342,8.842756836659277
13:20:43,2344,8.842756836659277
13:20:44,2344,8.840134396691774
13:20:45,2345,8.840134396691774
13:20:46,2345,8.840134396691774
13:20:47,2346,8.840134396691774
13:20:48,2347,8.837953941541185
13:20:49,2347,8.835649992622104
13:20:50,2348,8.835649992622104
13:20:51,2349,8.832249742002064
13:20:52,2349,8.832249742002064
13:20:53,2349,8.832249742002064
13:20:54,2351,8.832249742002064
13:20:55,2351,8.832249742002064
13:20:56,2352,8.832249742002064
13:20:57,2353,8.832249742002064
13:20:58,2353,8.829494547597996
13:20:59,2354,8.829494547597996
13:21:00,2355,8.829494547597996
13:21:01,2355,8.829494547597996
13:21:02,2355,8.829494547597996
13:21:03,2357,8.829091176903814
13:21:04,2358,8.829091176903814
13:21:05,2358,8.829091176903814
13:21:06,2360,8.829091176903814
13:21:07,2360,8.829091176903814
13:21:08,2360,8.829091176903814
13:21:09,2362,8.829091176903814
13:21:10,2362,8.829091176903814
13:21:11,2363,8.829091176903814
13:21:12,2365,8.828297997644286
13:21:13,2365,8.828297997644286
13:21:14,2365,8.828297997644286
13:21:15,2366,8.828297997644286
13:21:16,2367,8.828297997644286
13:21:17,2367,8.826791758646063
13:21:18,2368,8.826791758646063
13:21:19,2370,8.826791758646063
13:21:20,2370,8.826791758646063
13:21:21,2370,8.826791758646063
13:21:22,2372,8.825022065313329
13:21:23,2373,8.825022065313329
13:21:24,2373,8.824540508748715
13:21:25,2373,8.823508230452676
13:21:26,2374,8.823508230452676
13:21:27,2374,8.823508230452676
13:21:28,2374,8.823508230452676
13:21:29,2374,8.823508230452676
13:21:30,2376,8.823508230452676
13:21:31,2376,8.823508230452676
13:21:32,2376,8.823508230452676
13:21:33,2376,8.823508230452676
13:21:34,2376,8.823508230452676
13:21:35,2376,8.823508230452676
13:21:36,2376,8.823508230452676
13:21:37,2377,8.823508230452676
13:21:38,2378,8.823508230452676
13:21:39,2378,8.823508230452676
13:21:40,2378,8.823508230452676
13:21:41,2378,8.821441163508153
13:21:42,2378,8.821441163508153
13:21:43,2378,8.821441163508153
13:21:44,2379,8.819632892804698
13:21:45,2379,8.816769411419346
13:21:46,2379,8.81586707746479
13:21:47,2379,8.813601701129198
13:21:48,2380,8.813601701129198
13:21:49,2381,8.809399267399268
13:21:50,2381,8.809399267399268
13:21:51,2381,8.809399267399268
13:21:52,2381,8.809399267399268
13:21:53,2382,8.809399267399268
13:21:54,2382,8.809399267399268
13:21:55,2383,8.809399267399268
13:21:56,2384,8.809399267399268
13:21:57,2385,8.809399267399268
13:21:58,2386,8.806546572934973
13:21:59,2386,8.806546572934973
13:22:00,2386,8.806546572934973
13:22:01,2386,8.805679988288684
13:22:02,2386,8.805679988288684
13:22:03,2386,8.805679988288684
13:22:04,2386,8.805679988288684
13:22:05,2386,8.805679988288684
13:22:06,2386,8.805679988288684
13:22:07,2386,8.805553116769095
13:22:08,2386,8.805553116769095
13:22:09,2386,8.805553116769095
13:22:10,2386,8.805553116769095
13:22:11,2386,8.805553116769095
13:22:12,2386,8.805553116769095
13:22:13,2386,8.805553116769095
13:22:14,2387,8.80528740675735
13:22:15,2387,8.80528740675735
13:22:16,2387,8.802807017543861
13:22:17,2387,8.801154464416191
13:22:18,2387,8.801154464416191
13:22:19,2388,8.801154464416191
13:22:20,2388,8.801154464416191
13:22:21,2388,8.801154464416191
13:22:22,2388,8.799452234881683
13:22:23,2388,8.799452234881683
13:22:24,2388,8.799452234881683
13:22:25,2388,8.799452234881683
13:22:26,2388,8.798598335523433
13:22:27,2388,8.798598335523433
13:22:28,2388,8.797715995329831
13:22:29,2388,8.797715995329831
13:22:30,2388,8.797715995329831
13:22:31,2388,8.797133479212254
13:22:32,2388,8.797133479212254
13:22:33,2388,8.797133479212254
13:22:34,2389,8.795042286380868
13:22:35,2390,8.795042286380868
13:22:36,2390,8.795042286380868
13:22:37,2390,8.792092989360151
13:22:38,2390,8.792092989360151
13:22:39,2391,8.792092989360151
13:22:40,2391,8.792092989360151
13:22:41,2391,8.792092989360151
13:22:42,2391,8.792092989360151
13:22:43,2391,8.792092989360151
13:22:44,2391,8.78961247086247
13:22:45,2391,8.78961247086247
13:22:46,2391,8.78961247086247
13:22:47,2391,8.78961247086247
13:22:48,2391,8.7870249017038
13:22:49,2391,8.7870249017038
13:22:50,2391,8.7870249017038
13:22:51,2391,8.7870249017038
13:22:52,2391,8.7870249017038
13:22:53,2391,8.7870249017038
13:22:54,2392,8.7870249017038
13:22:55,2392,8.7870249017038
13:22:56,2392,8.7870249017038
13:22:57,2392,8.785458515283842
13:22:58,2392,8.785458515283842
13:22:59,2392,8.785458515283842
13:23:00,2392,8.785458515283842
13:23:01,2392,8.785458515283842
13:23:02,2392,8.785458515283842
13:23:03,2392,8.785458515283842
13:23:04,2393,8.782758620689656
13:23:05,2393,8.782758620689656
13:23:06,2393,8.782627981384527
13:23:07,2395,8.782627981384527
13:23:08,2395,8.781428986771333
13:23:09,2395,8.781428986771333
13:23:10,2397,8.781428986771333
13:23:11,2397,8.781428986771333
13:23:12,2397,8.781428986771333
13:23:13,2398,8.781428986771333
13:23:14,2399,8.780790467887241
13:23:15,2399,8.780790467887241
13:23:16,2399,8.780790467887241
13:23:17,2400,8.780790467887241
13:23:18,2400,8.780239651416121
13:23:19,2400,8.780239651416121
13:23:20,2400,8.780239651416121
13:23:21,2400,8.778600464576074
13:23:22,2400,8.778600464576074
13:23:23,2400,8.778600464576074
13:23:24,2400,8.776766797271803
13:23:25,2400,8.776766797271803
13:23:26,2400,8.776766797271803
13:23:27,2400,8.776766797271803
13:23:28,2400,8.776766797271803
13:23:29,2400,8.776766797271803
13:23:30,2401,8.776766797271803
13:23:31,2401,8.776766797271803
13:23:32,2401,8.776766797271803
13:23:33,2401,8.776766797271803
13:23:34,2402,8.776766797271803
13:23:35,2402,8.773307235029725
13:23:36,2402,8.773307235029725
13:23:37,2402,8.773307235029725
13:23:38,2403,8.770425901781834
13:23:39,2403,8.770425901781834
13:23:40,2403,8.770425901781834
13:23:41,2403,8.770425901781834
13:23:42,2403,8.770425901781834
13:23:43,2404,8.770425901781834
13:23:44,2404,8.770425901781834
13:23:45,2404,8.770425901781834
13:23:46,2405,8.768686649290471
13:23:47,2405,8.768686649290471
13:23:48,2406,8.768686649290471
13:23:49,2406,8.768686649290471
13:23:50,2407,8.768686649290471
13:23:51,2407,8.768686649290471
13:23:52,2407,8.768686649290471
13:23:53,2407,8.768686649290471
13:23:54,2408,8.768686649290471
13:23:55,2408,8.768686649290471
13:23:56,2408,8.767209201388889
13:23:57,2409,8.767209201388889
13:23:58,2409,8.767209201388889
13:23:59,2410,8.764599595258746
13:24:00,2410,8.764599595258746
13:24:01,2411,8.764599595258746
13:24:02,2411,8.762259789047825
13:24:03,2411,8.761452917388793
13:24:04,2412,8.759130936913527
13:24:05,2412,8.759130936913527
13:24:06,2412,8.759130936913527
13:24:07,2413,8.759130936913527
13:24:08,2414,8.759130936913527
13:24:09,2414,8.759130936913527
13:24:10,2415,8.756746031746031
13:24:11,2416,8.756746031746031
13:24:12,2416,8.756746031746031
13:24:13,2416,8.756746031746031
13:24:14,2416,8.755264676186355
13:24:15,2416,8.755264676186355
13:24:16,2416,8.755264676186355
13:24:17,2417,8.755264676186355
13:24:18,2417,8.755264676186355
13:24:19,2418,8.755264676186355
13:24:20,2418,8.755264676186355
13:24:21,2419,8.751160109525868
13:24:22,2419,8.751160109525868
13:24:23,2419,8.748861999423799
13:24:24,2419,8.748861999423799
13:24:25,2419,8.748027357811374
13:24:26,2420,8.748027357811374
13:24:27,2421,8.748027357811374
13:24:28,2421,8.745216515609265
13:24:29,2421,8.745216515609265
13:24:30,2423,8.745216515609265
13:24:31,2423,8.745216515609265
13:24:32,2423,8.745216515609265
13:24:33,2424,8.745216515609265
13:24:34,2424,8.745216515609265
13:24:35,2424,8.745216515609265
13:24:36,2424,8.745216515609265
13:24:37,2425,8.745216515609265
13:24:38,2425,8.745216515609265
13:24:39,2426,8.745216515609265
13:24:40,2427,8.742989646246764
13:24:41,2427,8.742989646246764
13:24:42,2427,8.742989646246764
13:24:43,2428,8.74149058502228
13:24:44,2428,8.74149058502228
13:24:45,2428,8.741702586206896
13:24:46,2428,8.741702586206896
13:24:47,2429,8.741702586206896
13:24:48,2430,8.741702586206896
13:24:49,2430,8.741702586206896
13:24:50,2430,8.739760160850208
13:24:51,2431,8.739760160850208
13:24:52,2432,8.739226241745621
13:24:53,2432,8.739226241745621
13:24:54,2432,8.739226241745621
13:24:55,2433,8.739226241745621
13:24:56,2433,8.739226241745621
13:24:57,2433,8.737157411393314
13:24:58,2434,8.737157411393314
13:24:59,2434,8.737157411393314
13:25:00,2435,8.737157411393314
13:25:01,2435,8.735162076878943
13:25:02,2435,8.735162076878943
13:25:03,2435,8.735162076878943
13:25:04,2435,8.734150537634408
13:25:05,2436,8.734150537634408
13:25:06,2436,8.734150537634408
13:25:07,2436,8.734150537634408
13:25:08,2436,8.734150537634408
13:25:09,2436,8.734150537634408
13:25:10,2436,8.734150537634408
13:25:11,2436,8.732566638005158
13:25:12,2436,8.732566638005158
13:25:13,2436,8.732566638005158
13:25:14,2436,8.732566638005158
13:25:15,2437,8.732187365706919
13:25:16,2437,8.731801260022909
13:25:17,2437,8.730964648633176
13:25:18,2438,8.730964648633176
13:25:19,2439,8.730964648633176
13:25:20,2439,8.730964648633176
13:25:21,2439,8.730964648633176
13:25:22,2439,8.730964648633176
13:25:23,2439,8.730964648633176
13:25:24,2440,8.730964648633176
13:25:25,2440,8.730964648633176
13:25:26,2440,8.730121602288985
13:25:27,2440,8.730121602288985
13:25:28,2440,8.728292578292578
13:25:29,2440,8.728292578292578
13:25:30,2440,8.728292578292578
13:25:31,2440,8.728292578292578
13:25:32,2440,8.72679388221841
13:25:33,2440,8.72679388221841
13:25:34,2440,8.72679388221841
13:25:35,2440,8.72643234747821
13:25:36,2440,8.72643234747821
13:25:37,2442,8.72643234747821
13:25:38,2442,8.72643234747821
13:25:39,2443,8.72643234747821
13:25:40,2443,8.72643234747821
13:25:41,2444,8.72643234747821
13:25:42,2444,8.72643234747821
13:25:43,2445,8.72643234747821
13:25:44,2445,8.72643234747821
13:25:45,2445,8.723961456102783
13:25:46,2446,8.723961456102783
13:25:47,2446,8.723961456102783
13:25:48,2447,8.723961456102783
13:25:49,2447,8.723961456102783
13:25:50,2447,8.723961456102783
13:25:51,2447,8.723961456102783
13:25:52,2447,8.721394950791614
13:25:53,2447,8.721394950791614
13:25:54,2447,8.719731964642143
13:25:55,2447,8.719731964642143
13:25:56,2447,8.719731964642143
13:25:57,2447,8.719731964642143
13:25:58,2447,8.719731964642143
13:25:59,2447,8.719731964642143
13:26:00,2448,8.718383924754168
13:26:01,2448,8.716773504273505
13:26:02,2448,8.716773504273505
13:26:03,2448,8.716773504273505
13:26:04,2448,8.716773504273505
13:26:05,2449,8.716773504273505
13:26:06,2449,8.716054392709669
13:26:07,2449,8.716054392709669
13:26:08,2450,8.714916773367479
13:26:09,2450,8.714916773367479
13:26:10,2450,8.714916773367479
13:26:11,2450,8.714916773367479
13:26:12,2451,8.714916773367479
13:26:13,2451,8.714916773367479
13:26:14,2451,8.714916773367479
13:26:15,2451,8.71329635949943
13:26:16,2452,8.71329635949943
13:26:17,2452,8.71329635949943
13:26:18,2452,8.71329635949943
13:26:19,2453,8.71329635949943
13:26:20,2453,8.711449893390192
13:26:21,2453,8.711449893390192
13:26:22,2453,8.711449893390192
13:26:23,2454,8.711449893390192
13:26:24,2454,8.711449893390192
13:26:25,2454,8.711449893390192
13:26:26,2455,8.711449893390192
13:26:27,2455,8.711449893390192
13:26:28,2455,8.709981528843421
13:26:29,2455,8.709981528843421
13:26:30,2455,8.709981528843421
13:26:31,2455,8.709981528843421
13:26:32,2455,8.709981528843421
13:26:33,2456,8.709981528843421
13:26:34,2457,8.709981528843421
13:26:35,2457,8.709981528843421
13:26:36,2457,8.709981528843421
13:26:37,2457,8.70831558017327
13:26:38,2457,8.70831558017327
13:26:39,2457,8.70831558017327
13:26:40,2457,8.707800965360592
13:26:41,2457,8.707800965360592
13:26:42,2457,8.706761742585497
13:26:43,2457,8.706127659574468
13:26:44,2457,8.706127659574468
13:26:45,2457,8.706127659574468
13:26:46,2457,8.704657592513824
13:26:47,2457,8.704657592513824
13:26:48,2457,8.703231292517007
13:26:49,2457,8.702875761439296
13:26:50,2458,8.702875761439296
13:26:51,2458,8.701805437553102
13:26:52,2458,8.701805437553102
13:26:53,2458,8.701805437553102
13:26:54,2458,8.699731068648267
13:26:55,2458,8.699731068648267
13:26:56,2458,8.699731068648267
13:26:57,2458,8.699731068648267
13:26:58,2458,8.698041295432045
13:26:59,2458,8.698041295432045
13:27:00,2458,8.698041295432045
13:27:01,2459,8.698041295432045
13:27:02,2459,8.698041295432045
13:27:03,2459,8.698041295432045
13:27:04,2459,8.698041295432045
13:27:05,2460,8.698041295432045
13:27:06,2460,8.698041295432045
13:27:07,2460,8.698041295432045
13:27:08,2460,8.697752332485157
13:27:09,2461,8.697752332485157
13:27:10,2461,8.696149498375018
13:27:11,2461,8.696149498375018
13:27:12,2462,8.694929378531073
13:27:13,2462,8.694929378531073
13:27:14,2462,8.694929378531073
13:27:15,2463,8.694929378531073
13:27:16,2463,8.694112664125372
13:27:17,2463,8.694112664125372
13:27:18,2463,8.694112664125372
13:27:19,2464,8.692435788879482
13:27:20,2464,8.691345746931866
13:27:21,2464,8.691345746931866
13:27:22,2464,8.690193175408911
13:27:23,2464,8.690193175408911
13:27:24,2464,8.688949964763918
13:27:25,2464,8.688949964763918
13:27:26,2464,8.688949964763918
13:27:27,2464,8.688949964763918
13:27:28,2465,8.687109044801353
13:27:29,2465,8.687109044801353
13:27:30,2465,8.686297704548656
13:27:31,2465,8.686297704548656
13:27:32,2465,8.686297704548656
13:27:33,2466,8.686297704548656
13:27:34,2466,8.686297704548656
13:27:35,2467,8.686297704548656
13:27:36,2467,8.686297704548656
13:27:37,2467,8.686297704548656
13:27:38,2468,8.686297704548656
13:27:39,2468,8.686297704548656
13:27:40,2468,8.686297704548656
13:27:41,2468,8.686297704548656
13:27:42,2469,8.684367961711711
13:27:43,2469,8.684367961711711
13:27:44,2469,8.684367961711711
13:27:45,2469,8.684367961711711
13:27:46,2469,8.684367961711711
13:27:47,2469,8.684367961711711
13:27:48,2469,8.683656957928802
13:27:49,2469,8.683129395218003
13:27:50,2469,8.682405454801067
13:27:51,2469,8.681583754918494
13:27:52,2469,8.681583754918494
13:27:53,2469,8.681583754918494
13:27:54,2469,8.681583754918494
13:27:55,2469,8.681583754918494
13:27:56,2469,8.681583754918494
13:27:57,2469,8.681583754918494
13:27:58,2469,8.679674111532519
13:27:59,2469,8.679674111532519
13:28:00,2469,8.679674111532519
13:28:01,2469,8.679674111532519
13:28:02,2469,8.678032855939342
13:28:03,2469,8.678032855939342
13:28:04,2469,8.677003508771929
13:28:05,2470,8.677003508771929
13:28:06,2470,8.677003508771929
13:28:07,2470,8.677003508771929
13:28:08,2470,8.677003508771929
13:28:09,2470,8.676199494949495
13:28:10,2470,8.676199494949495
13:28:11,2470,8.675585471883327
13:28:12,2470,8.67457246986263
13:28:13,2470,8.674148802017653
13:28:14,2470,8.674148802017653
13:28:15,2470,8.674148802017653
13:28:16,2471,8.674148802017653
13:28:17,2471,8.674148802017653
13:28:18,2472,8.674148802017653
13:28:19,2472,8.674148802017653
13:28:20,2472,8.674148802017653
13:28:21,2473,8.672345938375349
13:28:22,2473,8.672345938375349
13:28:23,2473,8.672345938375349
13:28:24,2473,8.670663586728265
13:28:25,2473,8.670663586728265
13:28:26,2473,8.670663586728265
13:28:27,2473,8.670032185838231
13:28:28,2473,8.670032185838231
13:28:29,2473,8.670032185838231
13:28:30,2473,8.670032185838231
13:28:31,2473,8.668009511819834
13:28:32,2473,8.668009511819834
13:28:33,2473,8.668009511819834
13:28:34,2473,8.666610738255033
13:28:35,2473,8.666610738255033
13:28:36,2473,8.666093640810622
13:28:37,2473,8.666093640810622
13:28:38,2473,8.666093640810622
13:28:39,2473,8.666093640810622
13:28:40,2473,8.666093640810622
13:28:41,2473,8.666093640810622
13:28:42,2473,8.666093640810622
13:28:43,2473,8.666093640810622
13:28:44,2473,8.666093640810622
13:28:45,2473,8.664438390611902
13:28:46,2473,8.664438390611902
13:28:47,2473,8.664438390611902
13:28:48,2473,8.664438390611902
13:28:49,2473,8.664438390611902
13:28:50,2473,8.664438390611902
13:28:51,2473,8.664438390611902
13:28:52,2473,8.664180980310013
13:28:53,2474,8.664180980310013
13:28:54,2474,8.66252093802345
13:28:55,2474,8.660827403376588
13:28:56,2474,8.660827403376588
13:28:57,2474,8.660827403376588
13:28:58,2474,8.65986750348675
13:28:59,2474,8.65986750348675
13:29:00,2474,8.659326641572564
13:29:01,2474,8.658967391304348
13:29:02,2474,8.658967391304348
13:29:03,2474,8.658967391304348
13:29:04,2474,8.657271207689092
13:29:05,2474,8.657271207689092
13:29:06,2474,8.657271207689092
13:29:07,2474,8.657271207689092
13:29:08,2474,8.657271207689092
13:29:09,2474,8.657271207689092
13:29:10,2474,8.657271207689092
13:29:11,2474,8.657271207689092
13:29:12,2474,8.657271207689092
13:29:13,2475,8.655771372876636
13:29:14,2475,8.655771372876636
13:29:15,2475,8.655771372876636
13:29:16,2475,8.655771372876636
13:29:17,2476,8.655771372876636
13:29:18,2476,8.655771372876636
13:29:19,2476,8.655771372876636
13:29:20,2477,8.654147529575505
13:29:21,2477,8.654147529575505
13:29:22,2477,8.652810239287701
13:29:23,2478,8.652810239287701
13:29:24,2478,8.652810239287701
13:29:25,2478,8.652810239287701
13:29:26,2478,8.652607425949103
13:29:27,2478,8.652607425949103
13:29:28,2478,8.652607425949103
13:29:29,2478,8.652607425949103
13:29:30,2478,8.652607425949103
13:29:31,2478,8.652607425949103
13:29:32,2478,8.651758409785934
13:29:33,2478,8.651758409785934
13:29:34,2478,8.651758409785934
13:29:35,2478,8.651597888008892
13:29:36,2478,8.651597888008892
13:29:37,2478,8.651597888008892
13:29:38,2478,8.651597888008892
13:29:39,2478,8.650083333333333
13:29:40,2478,8.650083333333333
13:29:41,2478,8.650083333333333
13:29:42,2478,8.648570040261003
13:29:43,2478,8.648570040261003
13:29:44,2478,8.648535942270332
13:29:45,2478,8.648535942270332
13:29:46,2478,8.648535942270332
13:29:47,2478,8.647704258565682
13:29:48,2478,8.647704258565682
13:29:49,2478,8.647704258565682
13:29:50,2478,8.647704258565682
13:29:51,2478,8.647704258565682
13:29:52,2478,8.647483361064893
13:29:53,2478,8.647483361064893
13:29:54,2478,8.646188496188497
13:29:55,2478,8.646188496188497
13:29:56,2478,8.646188496188497
13:29:57,2478,8.646188496188497
13:29:58,2478,8.64241102340396
13:29:59,2478,8.64241102340396
13:30:00,2478,8.640974529346623
13:30:01,2479,8.640974529346623
13:30:02,2479,8.640974529346623
13:30:03,2479,8.640974529346623
13:30:04,2479,8.640974529346623
13:30:05,2479,8.640974529346623
13:30:06,2479,8.640974529346623
13:30:07,2479,8.640974529346623
13:30:08,2479,8.640974529346623
13:30:09,2480,8.64023107790231
13:30:10,2480,8.64023107790231
13:30:11,2480,8.64023107790231
13:30:12,2481,8.64023107790231
13:30:13,2481,8.64023107790231
13:30:14,2481,8.64023107790231
13:30:15,2481,8.638934993084371
13:30:16,2482,8.638934993084371
13:30:17,2482,8.638934993084371
13:30:18,2482,8.637418775058759
13:30:19,2482,8.637418775058759
13:30:20,2482,8.637418775058759
13:30:21,2482,8.637418775058759
13:30:22,2483,8.636539524599225
13:30:23,2483,8.636539524599225
13:30:24,2483,8.635225859925404
13:30:25,2484,8.635225859925404
13:30:26,2484,8.635225859925404
13:30:27,2484,8.635156034244684
13:30:28,2484,8.635156034244684
13:30:29,2485,8.635156034244684
13:30:30,2485,8.635156034244684
13:30:31,2485,8.635156034244684
13:30:32,2485,8.633609385783299
13:30:33,2486,8.633609385783299
13:30:34,2486,8.633609385783299
13:30:35,2486,8.633609385783299
13:30:36,2486,8.63285733995585
13:30:37,2486,8.63285733995585
13:30:38,2486,8.632871328092676
13:30:39,2486,8.632871328092676
13:30:40,2486,8.632871328092676
13:30:41,2486,8.632871328092676
13:30:42,2486,8.631334436173146
13:30:43,2486,8.631334436173146
13:30:44,2486,8.629964172523081
13:30:45,2486,8.629964172523081
13:30:46,2486,8.629964172523081
13:30:47,2486,8.63030303030303
13:30:48,2486,8.628631419523613
13:30:49,2486,8.628631419523613
13:30:50,2486,8.628631419523613
13:30:51,2486,8.628631419523613
13:30:52,2486,8.628631419523613
13:30:53,2486,8.628631419523613
13:30:54,2486,8.628631419523613
13:30:55,2486,8.627738783374621
13:30:56,2486,8.626963818957217
13:30:57,2486,8.626963818957217
13:30:58,2487,8.62682893289329
13:30:59,2487,8.62682893289329
13:31:00,2487,8.626123711340206
13:31:01,2487,8.626123711340206
13:31:02,2487,8.626123711340206
13:31:03,2487,8.626123711340206
13:31:04,2487,8.626123711340206
13:31:05,2487,8.62449848859577
13:31:06,2487,8.62449848859577
13:31:07,2487,8.62449848859577
13:31:08,2487,8.62449848859577
13:31:09,2487,8.62449848859577
13:31:10,2487,8.62449848859577
13:31:11,2487,8.62449848859577
13:31:12,2487,8.62449848859577
13:31:13,2487,8.62449848859577
13:31:14,2487,8.62449848859577
13:31:15,2487,8.62449848859577
13:31:16,2488,8.623884081856888
13:31:17,2488,8.623884081856888
13:31:18,2488,8.623884081856888
13:31:19,2488,8.623884081856888
13:31:20,2488,8.623884081856888
13:31:21,2488,8.623884081856888
13:31:22,2488,8.621931630971995
13:31:23,2488,8.621931630971995
13:31:24,2488,8.621931630971995
13:31:25,2488,8.621931630971995
13:31:26,2488,8.621931630971995
13:31:27,2488,8.62027583367641
13:31:28,2488,8.62027583367641
13:31:29,2488,8.62027583367641
13:31:30,2488,8.62027583367641
13:31:31,2488,8.618936899862826
13:31:32,2488,8.618936899862826
13:31:33,2488,8.618936899862826
13:31:34,2488,8.618366927190458
13:31:35,2488,8.618366927190458
13:31:36,2488,8.616892817982457
13:31:37,2488,8.616892817982457
13:31:38,2488,8.61750924784217
13:31:39,2488,8.61750924784217
13:31:40,2488,8.615639550807998
13:31:41,2488,8.615639550807998
13:31:42,2488,8.615947980835045
13:31:43,2488,8.615947980835045
13:31:44,2488,8.61522988505747
13:31:45,2488,8.614512378607577
13:31:46,2488,8.614512378607577
13:31:47,2488,8.614512378607577
13:31:48,2488,8.614512378607577
13:31:49,2488,8.614512378607577
13:31:50,2488,8.614512378607577
13:31:51,2488,8.614512378607577
13:31:52,2488,8.614512378607577
13:31:53,2488,8.614512378607577
13:31:54,2488,8.614512378607577
13:31:55,2488,8.614512378607577
13:31:56,2488,8.614512378607577
13:31:57,2488,8.614512378607577
13:31:58,2488,8.614512378607577
13:31:59,2488,8.614512378607577
13:32:00,2488,8.614512378607577
13:32:01,2488,8.612995624829095
13:32:02,2488,8.612995624829095
13:32:03,2488,8.611521115211152
13:32:04,2488,8.611521115211152
13:32:05,2488,8.611092896174863
13:32:06,2489,8.611092896174863
13:32:07,2489,8.611092896174863
13:32:08,2489,8.610378260275843
13:32:09,2489,8.610378260275843
13:32:10,2489,8.610378260275843
13:32:11,2489,8.610378260275843
13:32:12,2489,8.610378260275843
13:32:13,2489,8.610378260275843
13:32:14,2489,8.608053508053507
13:32:15,2489,8.608053508053507
13:32:16,2489,8.608053508053507
13:32:17,2490,8.608053508053507
13:32:18,2490,8.608053508053507
13:32:19,2489,8.609882609882611
13:32:20,2488,8.612658746415404
13:32:21,2488,8.611213486213485
13:32:22,2488,8.611213486213485
13:32:23,2489,8.611213486213485
13:32:24,2489,8.611213486213485
13:32:25,2489,8.611213486213485
13:32:26,2489,8.611213486213485
13:32:27,2489,8.612007095101651
13:32:28,2489,8.612007095101651
13:32:29,2489,8.612007095101651
13:32:30,2489,8.612007095101651
13:32:31,2489,8.612007095101651
13:32:32,2489,8.612309056192034
13:32:33,2489,8.612309056192034
13:32:34,2489,8.612309056192034
13:32:35,2488,8.615083913221449
13:32:36,2488,8.615083913221449
13:32:37,2488,8.615083913221449
13:32:38,2487,8.617758667758668
13:32:39,2487,8.617758667758668
13:32:40,2487,8.617758667758668
13:32:41,2487,8.617758667758668
13:32:42,2487,8.617758667758668
13:32:43,2486,8.620435613819472
13:32:44,2486,8.620435613819472
13:32:45,2486,8.620435613819472
13:32:46,2486,8.618707343707344
13:32:47,2486,8.618707343707344
13:32:48,2486,8.618707343707344
13:32:49,2485,8.62078897078897
13:32:50,2485,8.62078897078897
13:32:51,2486,8.62078897078897
13:32:52,2485,8.623791973791974
13:32:53,2485,8.623791973791974
13:32:54,2485,8.623791973791974
13:32:55,2484,8.626098826098826
13:32:56,2483,8.628669944012017
13:32:57,2482,8.631331967213116
13:32:58,2482,8.631331967213116
13:32:59,2482,8.631331967213116
13:33:00,2481,8.633921005876724
13:33:01,2481,8.633921005876724
13:33:02,2481,8.633921005876724
13:33:03,2480,8.63380483804838
13:33:04,2480,8.63380483804838
13:33:05,2480,8.631325136612022
13:33:06,2480,8.631325136612022
13:33:07,2481,8.631325136612022
13:33:08,2481,8.630527106377167
13:33:09,2481,8.630527106377167
13:33:10,2481,8.632998633879783
13:33:11,2481,8.632998633879783
13:33:12,2481,8.63252082479858
13:33:13,2481,8.63252082479858
13:33:14,2481,8.63252082479858
13:33:15,2481,8.63252082479858
13:33:16,2482,8.632978432978433
13:33:17,2482,8.632978432978433
13:33:18,2482,8.632978432978433
13:33:19,2483,8.632978432978433
13:33:20,2483,8.630283804066039
13:33:21,2484,8.630283804066039
13:33:22,2484,8.630283804066039
13:33:23,2484,8.630283804066039
13:33:24,2484,8.630283804066039
13:33:25,2484,8.629250170415814
13:33:26,2484,8.629250170415814
13:33:27,2484,8.631703491543918
13:33:28,2484,8.631703491543918
13:33:29,2483,8.634172465547824
13:33:30,2482,8.636650286650287
13:33:31,2482,8.636650286650287
13:33:32,2482,8.636650286650287
13:33:33,2482,8.636650286650287
13:33:34,2481,8.639014065273795
13:33:35,2480,8.64136612021858
13:33:36,2480,8.64136612021858
13:33:37,2480,8.64136612021858
13:33:38,2480,8.640017752287314
13:33:39,2480,8.640017752287314
13:33:40,2479,8.64247950819672
13:33:41,2478,8.644827114937815
13:33:42,2478,8.644827114937815
13:33:43,2478,8.644827114937815
13:33:44,2477,8.647075304086375
13:33:45,2477,8.647075304086375
13:33:46,2476,8.64886565532322
13:33:47,2476,8.64886565532322
13:33:48,2476,8.64886565532322
13:33:49,2475,8.651230516817064
13:33:50,2475,8.651230516817064
13:33:51,2475,8.651230516817064
13:33:52,2475,8.651230516817064
13:33:53,2475,8.651230516817064
13:33:54,2475,8.651230516817064
13:33:55,2475,8.651230516817064
13:33:56,2476,8.651230516817064
13:33:57,2476,8.651230516817064
13:33:58,2476,8.651230516817064
13:33:59,2474,8.654397483244425
13:34:00,2474,8.654397483244425
13:34:01,2474,8.653896636587367
13:34:02,2474,8.653896636587367
13:34:03,2474,8.653896636587367
13:34:04,2474,8.653896636587367
13:34:05,2474,8.653896636587367
13:34:06,2474,8.653896636587367
13:34:07,2474,8.653896636587367
13:34:08,2474,8.656911402789172
13:34:09,2474,8.65719557195572
13:34:10,2474,8.655286885245902
13:34:11,2474,8.655286885245902
13:34:12,2474,8.655286885245902
13:34:13,2474,8.655286885245902
13:34:14,2475,8.655286885245902
13:34:15,2474,8.657564575645756
13:34:16,2473,8.659912496581898
13:34:17,2472,8.661416461580531
13:34:18,2471,8.663671180413075
13:34:19,2471,8.663671180413075
13:34:20,2471,8.661806125239268
13:34:21,2471,8.661806125239268
13:34:22,2471,8.661206778734455
13:34:23,2469,8.665613459171112
13:34:24,2469,8.665579710144927
13:34:25,2469,8.665579710144927
13:34:26,2468,8.667726713171932
13:34:27,2468,8.665053322395407
13:34:28,2468,8.665053322395407
13:34:29,2467,8.667261660511558
13:34:30,2468,8.667261660511558
13:34:31,2468,8.667261660511558
13:34:32,2468,8.667261660511558
13:34:33,2467,8.669369184455393
13:34:34,2467,8.669369184455393
13:34:35,2467,8.669369184455393
13:34:36,2467,8.669369184455393
13:34:37,2467,8.669369184455393
13:34:38,2467,8.669369184455393
13:34:39,2468,8.669369184455393
13:34:40,2468,8.669369184455393
13:34:41,2468,8.669369184455393
13:34:42,2468,8.669369184455393
13:34:43,2468,8.669369184455393
13:34:44,2468,8.669369184455393
13:34:45,2467,8.671423682409308
13:34:46,2467,8.671423682409308
13:34:47,2467,8.671423682409308
13:34:48,2468,8.671423682409308
13:34:49,2467,8.673568885236921
13:34:50,2467,8.673568885236921
13:34:51,2467,8.673568885236921
13:34:52,2467,8.672970568104038
13:34:53,2466,8.674093086926764
13:34:54,2466,8.674093086926764
13:34:55,2465,8.676208076659822
13:34:56,2465,8.676208076659822
13:34:57,2465,8.676208076659822
13:34:58,2464,8.67822514379622
13:34:59,2464,8.67659137577002
13:35:00,2463,8.676132785763176
13:35:01,2462,8.678088195015066
13:35:02,2462,8.678088195015066
13:35:03,2462,8.678088195015066
13:35:04,2462,8.678088195015066
13:35:05,2461,8.680264419783532
13:35:06,2461,8.680264419783532
13:35:07,2461,8.680264419783532
13:35:08,2461,8.680264419783532
13:35:09,2461,8.680264419783532
13:35:10,2461,8.682319078947367
13:35:11,2461,8.68313467598301
13:35:12,2460,8.684812988080559
13:35:13,2460,8.684812988080559
13:35:14,2461,8.684812988080559
13:35:15,2461,8.684812988080559
13:35:16,2461,8.68517529443988
13:35:17,2461,8.68517529443988
13:35:18,2461,8.68517529443988
13:35:19,2461,8.68517529443988
13:35:20,2461,8.68517529443988
13:35:21,2461,8.68517529443988
13:35:22,2460,8.68712152349637
13:35:23,2460,8.68712152349637
13:35:24,2460,8.68712152349637
13:35:25,2460,8.689206414473684
13:35:26,2459,8.688678728070176
13:35:27,2460,8.687614741745445
13:35:28,2460,8.687614741745445
13:35:29,2460,8.687614741745445
13:35:30,2461,8.68492193919474
13:35:31,2460,8.68688861487875
13:35:32,2458,8.690840532017003
13:35:33,2458,8.690840532017003
13:35:34,2457,8.692764060356653
13:35:35,2456,8.694593111019625
13:35:36,2456,8.694593111019625
13:35:37,2456,8.694593111019625
13:35:38,2456,8.694593111019625
13:35:39,2456,8.694593111019625
13:35:40,2455,8.696423668314113
13:35:41,2455,8.69549883353918
13:35:42,2455,8.69549883353918
13:35:43,2455,8.69549883353918
13:35:44,2455,8.69549883353918
13:35:45,2455,8.69549883353918
13:35:46,2455,8.69549883353918
13:35:47,2455,8.69549883353918
13:35:48,2455,8.692681755829904
13:35:49,2455,8.692681755829904
13:35:50,2455,8.692681755829904
13:35:51,2455,8.692681755829904
13:35:52,2454,8.69462741869082
13:35:53,2454,8.69462741869082
13:35:54,2453,8.696327567270732
13:35:55,2453,8.696327567270732
13:35:56,2453,8.696327567270732
13:35:57,2452,8.698042851256696
13:35:58,2452,8.698042851256696
13:35:59,2451,8.69996564990382
13:36:00,2451,8.699793984342811
13:36:01,2451,8.699793984342811
13:36:02,2451,8.700748215266337
13:36:03,2450,8.702561461337728
13:36:04,2451,8.702561461337728
13:36:05,2451,8.702561461337728
13:36:06,2450,8.70440368233031
13:36:07,2450,8.703584672435106
13:36:08,2451,8.703584672435106
13:36:09,2451,8.703584672435106
13:36:10,2451,8.703584672435106
13:36:11,2451,8.703584672435106
13:36:12,2451,8.705241824677108
13:36:13,2451,8.705241824677108
13:36:14,2451,8.705894476504534
13:36:15,2452,8.705894476504534
13:36:16,2451,8.707525773195876
13:36:17,2451,8.707525773195876
13:36:18,2452,8.707525773195876
13:36:19,2451,8.709234048404841
13:36:20,2452,8.706501718213058
13:36:21,2453,8.706501718213058
13:36:22,2452,8.708195819581958
13:36:23,2453,8.708195819581958
13:36:24,2453,8.708195819581958
13:36:25,2454,8.708195819581958
13:36:26,2454,8.708195819581958
13:36:27,2455,8.708195819581958
13:36:28,2456,8.708195819581958
13:36:29,2455,8.709946347503095
13:36:30,2456,8.709946347503095
13:36:31,2456,8.711546930911092
13:36:32,2455,8.712420864299476
13:36:33,2455,8.712420864299476
13:36:34,2456,8.712420864299476
13:36:35,2457,8.712420864299476
13:36:36,2457,8.712420864299476
13:36:37,2458,8.712420864299476
13:36:38,2459,8.712420864299476
13:36:39,2459,8.712420864299476
13:36:40,2458,8.714209004543578
13:36:41,2458,8.712496559317369
13:36:42,2457,8.715668044077136
13:36:43,2458,8.715668044077136
13:36:44,2458,8.715668044077136
13:36:45,2457,8.717445225299711
13:36:46,2459,8.717445225299711
13:36:47,2459,8.717445225299711
13:36:48,2459,8.715358126721762
13:36:49,2459,8.7170662808323
13:36:50,2459,8.718596636338571
13:36:51,2459,8.71646685958385
13:36:52,2459,8.71646685958385
13:36:53,2460,8.71384297520661
13:36:54,2461,8.715117719950433
13:36:55,2461,8.714361409303605
13:36:56,2461,8.715868098581854
13:36:57,2461,8.715868098581854
13:36:58,2462,8.715868098581854
13:36:59,2462,8.715868098581854
13:37:00,2461,8.71762396694215
13:37:01,2462,8.712703000275253
13:37:02,2461,8.714188351920694
13:37:03,2462,8.714188351920694
13:37:04,2462,8.714188351920694
13:37:05,2462,8.715578512396695
13:37:06,2462,8.715578512396695
13:37:07,2462,8.715578512396695
13:37:08,2462,8.715578512396695
13:37:09,2462,8.71477350956905
13:37:10,2461,8.716225895316803
13:37:11,2461,8.71360319427234
13:37:12,2461,8.71360319427234
13:37:13,2461,8.71360319427234
13:37:14,2461,8.71360319427234
13:37:15,2461,8.71360319427234
13:37:16,2461,8.71360319427234
13:37:17,2461,8.71360319427234
13:37:18,2461,8.71360319427234
13:37:19,2460,8.71509641873278
13:37:20,2460,8.71509641873278
13:37:21,2460,8.716459969684443
13:37:22,2461,8.716459969684443
13:37:23,2461,8.716459969684443
13:37:24,2461,8.716459969684443
13:37:25,2461,8.716459969684443
13:37:26,2460,8.717803970223324
13:37:27,2460,8.717803970223324
13:37:28,2460,8.717803970223324
13:37:29,2460,8.717803970223324
13:37:30,2460,8.717803970223324
13:37:31,2460,8.717803970223324
13:37:32,2460,8.717803970223324
13:37:33,2460,8.717803970223324
13:37:34,2460,8.717803970223324
13:37:35,2460,8.717803970223324
13:37:36,2460,8.717803970223324
13:37:37,2460,8.717803970223324
13:37:38,2459,8.719259412494829
13:37:39,2458,8.718314715211696
13:37:40,2458,8.718314715211696
13:37:41,2457,8.720376499793131
13:37:42,2457,8.720376499793131
13:37:43,2457,8.71864488558037
13:37:44,2457,8.71864488558037
13:37:45,2455,8.721426600441502
13:37:46,2456,8.721426600441502
13:37:47,2456,8.721426600441502
13:37:48,2456,8.721426600441502
13:37:49,2456,8.721426600441502
13:37:50,2456,8.721426600441502
13:37:51,2454,8.723991991162661
13:37:52,2454,8.723991991162661
13:37:53,2454,8.723991991162661
13:37:54,2455,8.723991991162661
13:37:55,2454,8.725169222268269
13:37:56,2454,8.725169222268269
13:37:57,2454,8.725169222268269
13:37:58,2454,8.725169222268269
13:37:59,2455,8.725169222268269
13:38:00,2454,8.72687258153676
13:38:01,2454,8.72687258153676
13:38:02,2455,8.728577353795107
13:38:03,2455,8.728577353795107
13:38:04,2455,8.729930843706777
13:38:05,2456,8.729930843706777
13:38:06,2456,8.729930843706777
13:38:07,2456,8.729930843706777
13:38:08,2456,8.729930843706777
13:38:09,2457,8.729930843706777
13:38:10,2456,8.73116092431161
13:38:11,2455,8.732225913621262
13:38:12,2455,8.732225913621262
13:38:13,2455,8.732225913621262
13:38:14,2456,8.732225913621262
13:38:15,2455,8.73399113696164
13:38:16,2455,8.73399113696164
13:38:17,2456,8.73399113696164
13:38:18,2456,8.732371262458473
13:38:19,2455,8.733734939759037
13:38:20,2455,8.730986987818381
13:38:21,2456,8.730986987818381
13:38:22,2455,8.731996953330563
13:38:23,2455,8.731996953330563
13:38:24,2455,8.731996953330563
13:38:25,2455,8.731996953330563
13:38:26,2456,8.726580877265809
13:38:27,2455,8.727713178294573
13:38:28,2455,8.727713178294573
13:38:29,2455,8.725674553756745
13:38:30,2455,8.723029045643154
13:38:31,2455,8.723029045643154
13:38:32,2454,8.724145565241455
13:38:33,2455,8.724145565241455
13:38:34,2455,8.724145565241455
13:38:35,2454,8.725955149501662
13:38:36,2454,8.723633596236336
13:38:37,2453,8.725048449612403
13:38:38,2454,8.725048449612403
13:38:39,2454,8.725048449612403
13:38:40,2454,8.725048449612403
13:38:41,2453,8.726215205650186
13:38:42,2453,8.726215205650186
13:38:43,2452,8.7274106400665
13:38:44,2453,8.724546461708904
13:38:45,2453,8.724546461708904
13:38:46,2452,8.72274615704196
13:38:47,2453,8.72274615704196
13:38:48,2453,8.72274615704196
13:38:49,2453,8.72274615704196
13:38:50,2454,8.72274615704196
13:38:51,2454,8.72274615704196
13:38:52,2454,8.72274615704196
13:38:53,2454,8.72274615704196
13:38:54,2453,8.72389165973954
13:38:55,2453,8.72134745880072
13:38:56,2452,8.722762538099197
13:38:57,2453,8.722762538099197
13:38:58,2453,8.720204957762084
13:38:59,2453,8.720204957762084
13:39:00,2453,8.720204957762084
13:39:01,2452,8.721231643114436
13:39:02,2452,8.721231643114436
13:39:03,2452,8.721231643114436
13:39:04,2451,8.722889812889813
13:39:05,2451,8.722889812889813
13:39:06,2451,8.722889812889813
13:39:07,2450,8.722259182259183
13:39:08,2449,8.723779811425402
13:39:09,2448,8.72487168816757
13:39:10,2449,8.72487168816757
13:39:11,2450,8.722219911259012
13:39:12,2450,8.722219911259012
13:39:13,2450,8.722219911259012
13:39:14,2450,8.723297267304758
13:39:15,2449,8.723116937161882
13:39:16,2450,8.723116937161882
13:39:17,2450,8.723116937161882
13:39:18,2450,8.720465890183029
13:39:19,2450,8.720465890183029
13:39:20,2451,8.720465890183029
13:39:21,2451,8.718544698544697
13:39:22,2451,8.71607093377667
13:39:23,2451,8.71607093377667
13:39:24,2450,8.71476863397063
13:39:25,2451,8.71476863397063
13:39:26,2451,8.71476863397063
13:39:27,2451,8.709717607973422
13:39:28,2451,8.709717607973422
13:39:29,2452,8.709717607973422
13:39:30,2452,8.709717607973422
13:39:31,2451,8.710552555047776
13:39:32,2451,8.70813261351052
13:39:33,2451,8.709160781055255
13:39:34,2451,8.709160781055255
13:39:35,2451,8.709160781055255
13:39:36,2451,8.710030479357162
13:39:37,2451,8.710030479357162
13:39:38,2451,8.7077205373217
13:39:39,2451,8.7077205373217
13:39:40,2451,8.7077205373217
13:39:41,2451,8.703535353535354
13:39:42,2451,8.703535353535354
13:39:43,2450,8.704450442967886
13:39:44,2450,8.704450442967886
13:39:45,2450,8.704450442967886
13:39:46,2450,8.704450442967886
13:39:47,2450,8.704450442967886
13:39:48,2450,8.704450442967886
13:39:49,2450,8.704450442967886
13:39:50,2449,8.705463232239303
13:39:51,2449,8.705463232239303
13:39:52,2450,8.705463232239303
13:39:53,2451,8.705463232239303
13:39:54,2451,8.705463232239303
13:39:55,2451,8.705463232239303
13:39:56,2451,8.703239202657807
13:39:57,2450,8.705664035452154
13:39:58,2450,8.705664035452154
13:39:59,2449,8.70645608201718
13:40:00,2448,8.708115038115038
13:40:01,2448,8.708115038115038
13:40:02,2448,8.708115038115038
13:40:03,2448,8.710870770937326
13:40:04,2448,8.710870770937326
13:40:05,2448,8.713261201276184
13:40:06,2449,8.711161952301719
13:40:07,2449,8.711161952301719
13:40:08,2450,8.708516978516977
13:40:09,2449,8.70942179700499
13:40:10,2449,8.70942179700499
13:40:11,2449,8.706583506583508
13:40:12,2450,8.706583506583508
13:40:13,2451,8.706583506583508
13:40:14,2451,8.706583506583508
13:40:15,2451,8.706583506583508
13:40:16,2452,8.706583506583508
13:40:17,2451,8.709234608985025
13:40:18,2451,8.709234608985025
13:40:19,2450,8.708049084858569
13:40:20,2450,8.708049084858569
13:40:21,2450,8.708049084858569
13:40:22,2450,8.708049084858569
13:40:23,2450,8.708600360660286
13:40:24,2450,8.708600360660286
13:40:25,2449,8.706588985989734
13:40:26,2449,8.706588985989734
13:40:27,2449,8.701843381843382
13:40:28,2449,8.701843381843382
13:40:29,2448,8.704395452024404
13:40:30,2448,8.702349272349272
13:40:31,2448,8.702349272349272
13:40:32,2448,8.702349272349272
13:40:33,2447,8.702988075429838
13:40:34,2447,8.702988075429838
13:40:35,2447,8.702988075429838
13:40:36,2447,8.702988075429838
13:40:37,2447,8.702988075429838
13:40:38,2447,8.7009702009702
13:40:39,2447,8.6984344693821
13:40:40,2447,8.6984344693821
13:40:41,2447,8.696357845173798
13:40:42,2447,8.696357845173798
13:40:43,2447,8.69437984496124
13:40:44,2447,8.69437984496124
13:40:45,2447,8.69437984496124
13:40:46,2448,8.692368894423689
13:40:47,2448,8.692368894423689
13:40:48,2449,8.692368894423689
13:40:49,2449,8.692368894423689
13:40:50,2449,8.692368894423689
13:40:51,2448,8.694795127353267
13:40:52,2448,8.694795127353267
13:40:53,2448,8.694795127353267
13:40:54,2447,8.695360753358262
13:40:55,2447,8.692725636766335
13:40:56,2447,8.692725636766335
13:40:57,2447,8.692725636766335
13:40:58,2447,8.692725636766335
13:40:59,2447,8.690085789400857
13:41:00,2447,8.690085789400857
13:41:01,2446,8.689137954891379
13:41:02,2445,8.691549003322258
13:41:03,2444,8.692106356460325
13:41:04,2444,8.692106356460325
13:41:05,2444,8.692106356460325
13:41:06,2444,8.692106356460325
13:41:07,2444,8.692106356460325
13:41:08,2443,8.69442366306456
13:41:09,2443,8.692120204957764
13:41:10,2442,8.6947561651427
13:41:11,2442,8.6947561651427
13:41:12,2443,8.6947561651427
13:41:13,2442,8.695093555093555
13:41:14,2442,8.695093555093555
13:41:15,2441,8.697518025513034
13:41:16,2441,8.697518025513034
13:41:17,2440,8.697877652933833
13:41:18,2441,8.697877652933833
13:41:19,2441,8.696013588463671
13:41:20,2441,8.693596673596675
13:41:21,2441,8.693596673596675
13:41:22,2440,8.691496881496882
13:41:23,2440,8.691496881496882
13:41:24,2440,8.692138103161398
13:41:25,2440,8.692138103161398
13:41:26,2440,8.692138103161398
13:41:27,2439,8.69478429740602
13:41:28,2440,8.69478429740602
13:41:29,2441,8.693004714364948
13:41:30,2441,8.693004714364948
13:41:31,2442,8.693004714364948
13:41:32,2442,8.69026334026334
13:41:33,2442,8.69026334026334
13:41:34,2442,8.685583714167013
13:41:35,2443,8.68647824882239
13:41:36,2443,8.68647824882239
13:41:37,2442,8.689126819126818
13:41:38,2442,8.689126819126818
13:41:39,2443,8.689126819126818
13:41:40,2443,8.689126819126818
13:41:41,2443,8.689126819126818
13:41:42,2442,8.692044666389235
13:41:43,2442,8.692044666389235
13:41:44,2442,8.692044666389235
13:41:45,2443,8.690467276760954
13:41:46,2443,8.690467276760954
13:41:47,2443,8.690467276760954
13:41:48,2443,8.688468468468468
13:41:49,2443,8.688468468468468
13:41:50,2443,8.685827098919368
13:41:51,2444,8.685827098919368
13:41:52,2443,8.686680526680528
13:41:53,2443,8.686680526680528
13:41:54,2443,8.684039900249378
13:41:55,2443,8.684039900249378
13:41:56,2443,8.684039900249378
13:41:57,2443,8.681512255920232
13:41:58,2444,8.681512255920232
13:41:59,2444,8.681512255920232
13:42:00,2444,8.681512255920232
13:42:01,2444,8.681512255920232
13:42:02,2444,8.681512255920232
13:42:03,2443,8.679580390527628
13:42:04,2443,8.679580390527628
13:42:05,2441,8.682508662508663
13:42:06,2441,8.682508662508663
13:42:07,2440,8.682702440377149
13:42:08,2440,8.682702440377149
13:42:09,2441,8.682702440377149
13:42:10,2441,8.680720720720721
13:42:11,2441,8.678318093654752
13:42:12,2440,8.678648648648648
13:42:13,2440,8.678648648648648
13:42:14,2440,8.678648648648648
13:42:15,2440,8.678986411536329
13:42:16,2439,8.681738105146344
13:42:17,2440,8.681738105146344
13:42:18,2440,8.681738105146344
13:42:19,2441,8.681738105146344
13:42:20,2441,8.681738105146344
13:42:21,2441,8.681738105146344
13:42:22,2441,8.681738105146344
13:42:23,2441,8.681738105146344
13:42:24,2442,8.679603438713256
13:42:25,2442,8.679603438713256
13:42:26,2442,8.677345807345807
13:42:27,2442,8.677345807345807
13:42:28,2441,8.677408177408177
13:42:29,2441,8.677408177408177
13:42:30,2441,8.677408177408177
13:42:31,2440,8.677828618968386
13:42:32,2439,8.68046885837148
13:42:33,2439,8.68046885837148
13:42:34,2439,8.68046885837148
13:42:35,2438,8.683111296142103
13:42:36,2437,8.68377759266972
13:42:37,2437,8.682014987510408
13:42:38,2437,8.679379941739493
13:42:39,2437,8.679379941739493
13:42:40,2437,8.679379941739493
13:42:41,2437,8.679379941739493
13:42:42,2438,8.679379941739493
13:42:43,2438,8.679379941739493
13:42:44,2438,8.679379941739493
13:42:45,2438,8.679379941739493
13:42:46,2438,8.677079866888517
13:42:47,2438,8.677079866888517
13:42:48,2438,8.677079866888517
13:42:49,2438,8.677079866888517
13:42:50,2438,8.675883575883576
13:42:51,2437,8.673832293832294
13:42:52,2437,8.673832293832294
13:42:53,2436,8.673682750970604
13:42:54,2436,8.67095634095634
13:42:55,2436,8.67095634095634
13:42:56,2435,8.67106211869107
13:42:57,2435,8.67106211869107
13:42:58,2435,8.67106211869107
13:42:59,2434,8.671667360244138
13:43:00,2434,8.671667360244138
13:43:01,2434,8.6692872989462
13:43:02,2433,8.669454848106534
13:43:03,2433,8.669454848106534
13:43:04,2433,8.669454848106534
13:43:05,2433,8.669454848106534
13:43:06,2433,8.669454848106534
13:43:07,2433,8.669454848106534
13:43:08,2433,8.669454848106534
13:43:09,2433,8.669454848106534
13:43:10,2433,8.669454848106534
13:43:11,2433,8.669454848106534
13:43:12,2433,8.667221297836939
13:43:13,2433,8.667221297836939
13:43:14,2433,8.667221297836939
13:43:15,2433,8.667221297836939
13:43:16,2433,8.665287595287595
13:43:17,2433,8.665287595287595
13:43:18,2433,8.665287595287595
13:43:19,2433,8.663002216680521
13:43:20,2432,8.665412335412334
13:43:21,2432,8.665412335412334
13:43:22,2431,8.667768996117582
13:43:23,2431,8.667768996117582
13:43:24,2430,8.668241087529477
13:43:25,2430,8.668241087529477
13:43:26,2430,8.668241087529477
13:43:27,2428,8.671039844509233
13:43:28,2428,8.671039844509233
13:43:29,2428,8.671039844509233
13:43:30,2428,8.671039844509233
13:43:31,2429,8.671039844509233
13:43:32,2429,8.671039844509233
13:43:33,2429,8.671039844509233
13:43:34,2429,8.668297252289758
13:43:35,2429,8.668297252289758
13:43:36,2429,8.668297252289758
13:43:37,2429,8.66341514143095
13:43:38,2429,8.66341514143095
13:43:39,2429,8.66341514143095
13:43:40,2429,8.66341514143095
13:43:41,2428,8.661674986134221
13:43:42,2428,8.66069993069993
13:43:43,2428,8.66069993069993
13:43:44,2427,8.660718247365502
13:43:45,2427,8.657983367983368
13:43:46,2427,8.657983367983368
13:43:47,2427,8.652838941974796
13:43:48,2426,8.653311166528123
13:43:49,2426,8.653311166528123
13:43:50,2426,8.650685500623183
13:43:51,2426,8.650685500623183
13:43:52,2426,8.650685500623183
13:43:53,2425,8.650775838182321
13:43:54,2425,8.650775838182321
13:43:55,2424,8.653513513513513
13:43:56,2424,8.650886672208369
13:43:57,2423,8.651233541233541
13:43:58,2423,8.651233541233541
13:43:59,2423,8.649341922970352
13:44:00,2422,8.64970893970894
13:44:01,2423,8.647734829592684
13:44:02,2422,8.650360360360361
13:44:03,2422,8.645658496053178
13:44:04,2422,8.645658496053178
13:44:05,2422,8.645658496053178
13:44:06,2422,8.645658496053178
13:44:07,2422,8.645658496053178
13:44:08,2422,8.645658496053178
13:44:09,2423,8.645658496053178
13:44:10,2423,8.645658496053178
13:44:11,2423,8.645658496053178
13:44:12,2423,8.645658496053178
13:44:13,2423,8.645658496053178
13:44:14,2422,8.648288999722915
13:44:15,2422,8.648288999722915
13:44:16,2422,8.645568480819831
13:44:17,2422,8.645568480819831
13:44:18,2422,8.645568480819831
13:44:19,2423,8.645568480819831
13:44:20,2423,8.645568480819831
13:44:21,2424,8.645568480819831
13:44:22,2424,8.645568480819831
13:44:23,2424,8.64313399778516
13:44:24,2424,8.64313399778516
13:44:25,2424,8.64313399778516
13:44:26,2424,8.64065310640653
13:44:27,2424,8.64065310640653
13:44:28,2425,8.64065310640653
13:44:29,2425,8.64065310640653
13:44:30,2425,8.64065310640653
13:44:31,2424,8.640254706533776
13:44:32,2424,8.640254706533776
13:44:33,2424,8.640254706533776
13:44:34,2424,8.640254706533776
13:44:35,2424,8.640254706533776
13:44:36,2424,8.637636640376368
13:44:37,2424,8.637636640376368
13:44:38,2424,8.637636640376368
13:44:39,2423,8.637754254877542
13:44:40,2423,8.637754254877542
13:44:41,2423,8.637754254877542
13:44:42,2423,8.637754254877542
13:44:43,2423,8.637754254877542
13:44:44,2423,8.635587828492392
13:44:45,2422,8.635505742355058
13:44:46,2422,8.635505742355058
13:44:47,2421,8.63574097135741
13:44:48,2420,8.635395902547065
13:44:49,2420,8.635395902547065
13:44:50,2419,8.633803986710964
13:44:51,2419,8.633803986710964
13:44:52,2418,8.633457969810276
13:44:53,2418,8.633457969810276
13:44:54,2418,8.633457969810276
13:44:55,2417,8.633596564145193
13:44:56,2417,8.633596564145193
13:44:57,2417,8.633596564145193
13:44:58,2417,8.633596564145193
13:44:59,2417,8.633596564145193
13:45:00,2417,8.633596564145193
13:45:01,2417,8.633596564145193
13:45:02,2418,8.633596564145193
13:45:03,2418,8.633596564145193
13:45:04,2418,8.633596564145193
13:45:05,2418,8.633596564145193
13:45:06,2418,8.633596564145193
13:45:07,2418,8.633596564145193
13:45:08,2418,8.633596564145193
13:45:09,2418,8.633596564145193
13:45:10,2417,8.633679833679833
13:45:11,2417,8.633679833679833
13:45:12,2417,8.631248268218343
13:45:13,2417,8.631248268218343
13:45:14,2417,8.631248268218343
13:45:15,2417,8.631248268218343
13:45:16,2417,8.631248268218343
13:45:17,2417,8.631248268218343
13:45:18,2417,8.631248268218343
13:45:19,2416,8.631316701316702
13:45:20,2416,8.631316701316702
13:45:21,2416,8.631316701316702
13:45:22,2416,8.629620393460792
13:45:23,2416,8.629620393460792
13:45:24,2416,8.629620393460792
13:45:25,2416,8.629620393460792
13:45:26,2416,8.629620393460792
13:45:27,2416,8.629620393460792
13:45:28,2416,8.627482343165765
13:45:29,2416,8.627482343165765
13:45:30,2416,8.627482343165765
13:45:31,2416,8.627482343165765
13:45:32,2416,8.627482343165765
13:45:33,2416,8.627482343165765
13:45:34,2416,8.625083056478406
13:45:35,2416,8.625083056478406
13:45:36,2416,8.625083056478406
13:45:37,2415,8.621830011074197
13:45:38,2415,8.621830011074197
13:45:39,2414,8.621326686054564
13:45:40,2414,8.621326686054564
13:45:41,2414,8.621326686054564
13:45:42,2414,8.621326686054564
13:45:43,2414,8.621326686054564
13:45:44,2414,8.619158361018826
13:45:45,2414,8.619158361018826
13:45:46,2414,8.619158361018826
13:45:47,2414,8.619069380972165
13:45:48,2414,8.619069380972165
13:45:49,2413,8.618647824882238
13:45:50,2413,8.618647824882238
13:45:51,2413,8.618647824882238
13:45:52,2412,8.618544698544698
13:45:53,2413,8.618544698544698
13:45:54,2413,8.618544698544698
13:45:55,2413,8.618544698544698
13:45:56,2413,8.618544698544698
13:45:57,2413,8.618544698544698
13:45:58,2413,8.618544698544698
13:45:59,2413,8.618544698544698
13:46:00,2413,8.618544698544698
13:46:01,2414,8.618544698544698
13:46:02,2414,8.618544698544698
13:46:03,2414,8.618544698544698
13:46:04,2414,8.618544698544698
13:46:05,2414,8.618544698544698
13:46:06,2414,8.618544698544698
13:46:07,2414,8.618544698544698
13:46:08,2413,8.615751905751905
13:46:09,2413,8.615751905751905
13:46:10,2413,8.615751905751905
13:46:11,2413,8.615751905751905
13:46:12,2413,8.615751905751905
13:46:13,2414,8.615751905751905
13:46:14,2414,8.615751905751905
13:46:15,2414,8.615751905751905
13:46:16,2414,8.615751905751905
13:46:17,2414,8.615751905751905
13:46:18,2414,8.615751905751905
13:46:19,2414,8.615751905751905
13:46:20,2414,8.615751905751905
13:46:21,2414,8.615751905751905
13:46:22,2414,8.615751905751905
13:46:23,2414,8.615751905751905
13:46:24,2414,8.615751905751905
13:46:25,2414,8.615751905751905
13:46:26,2414,8.615751905751905
13:46:27,2413,8.615127565169162
13:46:28,2412,8.617963656540436
13:46:29,2412,8.617963656540436
13:46:30,2411,8.617200943658064
13:46:31,2412,8.617200943658064
13:46:32,2412,8.617200943658064
13:46:33,2412,8.617200943658064
13:46:34,2413,8.614481897627964
13:46:35,2413,8.614481897627964
13:46:36,2412,8.614265889536496
13:46:37,2412,8.614265889536496
13:46:38,2412,8.614265889536496
13:46:39,2411,8.611018595614764
13:46:40,2411,8.611018595614764
13:46:41,2411,8.611018595614764
13:46:42,2410,8.61083576287658
13:46:43,2408,8.613054050298736
13:46:44,2409,8.613054050298736
13:46:45,2409,8.613054050298736
13:46:46,2409,8.613054050298736
13:46:47,2408,8.61566583263831
13:46:48,2408,8.61566583263831
13:46:49,2407,8.618384091225144
13:46:50,2407,8.618384091225144
13:46:51,2407,8.618384091225144
13:46:52,2406,8.621007234279354
13:46:53,2406,8.621007234279354
13:46:54,2406,8.621007234279354
13:46:55,2406,8.621007234279354
13:46:56,2405,8.623743910925539
13:46:57,2405,8.623743910925539
13:46:58,2405,8.62122982749026
13:46:59,2406,8.62122982749026
13:47:00,2406,8.62122982749026
13:47:01,2406,8.62122982749026
13:47:02,2405,8.621294363256785
13:47:03,2405,8.621294363256785
13:47:04,2406,8.621294363256785
13:47:05,2407,8.621294363256785
13:47:06,2407,8.621294363256785
13:47:07,2407,8.621294363256785
13:47:08,2407,8.621294363256785
13:47:09,2407,8.618572621035058
13:47:10,2406,8.618281141266527
13:47:11,2406,8.618281141266527
13:47:12,2406,8.618281141266527
13:47:13,2406,8.618281141266527
13:47:14,2406,8.618281141266527
13:47:15,2406,8.618281141266527
13:47:16,2406,8.618281141266527
13:47:17,2405,8.617369813422444
13:47:18,2405,8.617369813422444
13:47:19,2405,8.617369813422444
13:47:20,2404,8.616520406741888
13:47:21,2404,8.616520406741888
13:47:22,2404,8.616520406741888
13:47:23,2404,8.616520406741888
13:47:24,2404,8.616520406741888
13:47:25,2404,8.616520406741888
13:47:26,2404,8.616520406741888
13:47:27,2404,8.616520406741888
13:47:28,2404,8.616520406741888
13:47:29,2404,8.616520406741888
13:47:30,2403,8.615760869565216
13:47:31,2403,8.615760869565216
13:47:32,2401,8.6178940027894
13:47:33,2401,8.6178940027894
13:47:34,2401,8.615711696640178
13:47:35,2400,8.615223152022315
13:47:36,2401,8.615223152022315
13:47:37,2401,8.615223152022315
13:47:38,2400,8.614336542486397
13:47:39,2400,8.614336542486397
13:47:40,2400,8.614336542486397
13:47:41,2400,8.614336542486397
13:47:42,2399,8.616638749302066
13:47:43,2399,8.616638749302066
13:47:44,2399,8.616638749302066
13:47:45,2398,8.619019689987432
13:47:46,2398,8.619019689987432
13:47:47,2397,8.621367700474993
13:47:48,2397,8.621367700474993
13:47:49,2396,8.623668763102726
13:47:50,2396,8.623668763102726
13:47:51,2395,8.62608361297539
13:47:52,2395,8.62608361297539
13:47:53,2395,8.62608361297539
13:47:54,2395,8.62608361297539
13:47:55,2395,8.62608361297539
13:47:56,2395,8.62608361297539
13:47:57,2395,8.62608361297539
13:47:58,2395,8.623333333333333
13:47:59,2396,8.623333333333333
13:48:00,2396,8.623333333333333
13:48:01,2396,8.623333333333333
13:48:02,2396,8.623333333333333
13:48:03,2396,8.623333333333333
13:48:04,2396,8.623333333333333
13:48:05,2396,8.623333333333333
13:48:06,2395,8.623028523489932
13:48:07,2394,8.621891173590711
13:48:08,2394,8.621891173590711
13:48:09,2394,8.621891173590711
13:48:10,2394,8.621891173590711
13:48:11,2394,8.621891173590711
13:48:12,2394,8.621891173590711
13:48:13,2394,8.621891173590711
13:48:14,2394,8.621891173590711
13:48:15,2393,8.624069409459839
13:48:16,2393,8.624069409459839
13:48:17,2393,8.624069409459839
13:48:18,2393,8.624069409459839
13:48:19,2392,8.621088720962776
13:48:20,2392,8.621088720962776
13:48:21,2393,8.621088720962776
13:48:22,2393,8.621088720962776
13:48:23,2392,8.617366358802126
13:48:24,2392,8.617366358802126
13:48:25,2390,8.616330673386532
13:48:26,2390,8.616330673386532
13:48:27,2390,8.616330673386532
13:48:28,2388,8.617619447947316
13:48:29,2388,8.617619447947316
13:48:30,2387,8.616512475469582
13:48:31,2387,8.616512475469582
13:48:32,2387,8.616512475469582
13:48:33,2387,8.616512475469582
13:48:34,2386,8.618770158463049
13:48:35,2386,8.618770158463049
13:48:36,2386,8.618770158463049
13:48:37,2385,8.62098063973064
13:48:38,2385,8.62098063973064
13:48:39,2385,8.62098063973064
13:48:40,2385,8.62098063973064
13:48:41,2385,8.62098063973064
13:48:42,2385,8.62098063973064
13:48:43,2385,8.62098063973064
13:48:44,2384,8.619971929824562
13:48:45,2384,8.619971929824562
13:48:46,2384,8.619971929824562
13:48:47,2384,8.619971929824562
13:48:48,2384,8.619971929824562
13:48:49,2384,8.619971929824562
13:48:50,2384,8.619971929824562
13:48:51,2384,8.617319023569024
13:48:52,2384,8.617319023569024
13:48:53,2384,8.614661337820783
13:48:54,2383,8.616694725028058
13:48:55,2384,8.616694725028058
13:48:56,2383,8.617038596491229
13:48:57,2383,8.617038596491229
13:48:58,2383,8.617038596491229
13:48:59,2384,8.617038596491229
13:49:00,2384,8.617038596491229
13:49:01,2383,8.61916596461668
13:49:02,2383,8.61916596461668
13:49:03,2382,8.618408484337689
13:49:04,2383,8.618408484337689
13:49:05,2383,8.618408484337689
13:49:06,2383,8.618408484337689
13:49:07,2382,8.620559302979201
13:49:08,2382,8.620708561788275
13:49:09,2382,8.620708561788275
13:49:10,2382,8.620708561788275
13:49:11,2382,8.620708561788275
13:49:12,2383,8.620708561788275
13:49:13,2382,8.619437412095639
13:49:14,2382,8.619437412095639
13:49:15,2382,8.619437412095639
13:49:16,2382,8.618657661460531
13:49:17,2382,8.618657661460531
13:49:18,2381,8.617321227477477
13:49:19,2381,8.619159273341783
13:49:20,2381,8.616610360360362
13:49:21,2381,8.613965104826228
13:49:22,2382,8.613965104826228
13:49:23,2382,8.613965104826228
13:49:24,2382,8.613965104826228
13:49:25,2382,8.613965104826228
13:49:26,2382,8.613965104826228
13:49:27,2381,8.61595579954955
13:49:28,2381,8.61595579954955
13:49:29,2382,8.61595579954955
13:49:30,2382,8.61595579954955
13:49:31,2381,8.617983382622166
13:49:32,2381,8.617983382622166
13:49:33,2380,8.616934347703578
13:49:34,2379,8.618964059196617
13:49:35,2379,8.618964059196617
13:49:36,2379,8.618964059196617
13:49:37,2378,8.618274111675127
13:49:38,2377,8.620193257158979
13:49:39,2377,8.620193257158979
13:49:40,2377,8.620193257158979
13:49:41,2378,8.620193257158979
13:49:42,2377,8.620321761219307
13:49:43,2377,8.617562420651714
13:49:44,2377,8.617562420651714
13:49:45,2376,8.617696867061813
13:49:46,2375,8.619370323309333
13:49:47,2375,8.619370323309333
13:49:48,2375,8.619370323309333
13:49:49,2375,8.619370323309333
13:49:50,2375,8.619370323309333
13:49:51,2375,8.619370323309333
13:49:52,2376,8.619370323309333
13:49:53,2376,8.619370323309333
13:49:54,2376,8.619370323309333
13:49:55,2377,8.619370323309333
13:49:56,2377,8.619370323309333
13:49:57,2377,8.619370323309333
13:49:58,2377,8.619370323309333
13:49:59,2377,8.619370323309333
13:50:00,2377,8.619370323309333
13:50:01,2378,8.619370323309333
13:50:02,2377,8.61813559322034
13:50:03,2377,8.61813559322034
13:50:04,2378,8.61813559322034
13:50:05,2377,8.617980782817577
13:50:06,2377,8.617980782817577
13:50:07,2377,8.617980782817577
13:50:08,2377,8.617980782817577
13:50:09,2376,8.619826123833757
13:50:10,2375,8.618936501202093
13:50:11,2375,8.618936501202093
13:50:12,2374,8.620720147142048
13:50:13,2375,8.620720147142048
13:50:14,2374,8.617861688587189
13:50:15,2374,8.617861688587189
13:50:16,2374,8.617861688587189
13:50:17,2374,8.617861688587189
13:50:18,2374,8.617861688587189
13:50:19,2375,8.617861688587189
13:50:20,2373,8.616871816638369
13:50:21,2373,8.616871816638369
13:50:22,2373,8.616871816638369
13:50:23,2373,8.616871816638369
13:50:24,2374,8.616871816638369
13:50:25,2374,8.616871816638369
13:50:26,2373,8.618309260832627
13:50:27,2373,8.618309260832627
13:50:28,2373,8.615541401273884
13:50:29,2373,8.615541401273884
13:50:30,2373,8.615541401273884
13:50:31,2373,8.615541401273884
13:50:32,2372,8.616071934296233
13:50:33,2372,8.616071934296233
13:50:34,2372,8.616071934296233
13:50:35,2372,8.616071934296233
13:50:36,2371,8.617523728573453
13:50:37,2370,8.619104308390023
13:50:38,2370,8.619104308390023
13:50:39,2370,8.619104308390023
13:50:40,2370,8.619104308390023
13:50:41,2370,8.619104308390023
13:50:42,2370,8.620813838083086
13:50:43,2370,8.620813838083086
13:50:44,2370,8.620813838083086
13:50:45,2369,8.622390070921986
13:50:46,2369,8.622390070921986
13:50:47,2369,8.622390070921986
13:50:48,2369,8.622390070921986
13:50:49,2370,8.622390070921986
13:50:50,2371,8.622390070921986
13:50:51,2371,8.622390070921986
13:50:52,2372,8.622390070921986
13:50:53,2372,8.622390070921986
13:50:54,2372,8.623456790123457
13:50:55,2372,8.623456790123457
13:50:56,2372,8.62502129471891
13:50:57,2371,8.624740803863087
13:50:58,2372,8.624740803863087
13:50:59,2371,8.626307189542484
13:51:00,2371,8.626307189542484
13:51:01,2371,8.626307189542484
13:51:02,2371,8.626307189542484
13:51:03,2370,8.625600568585643
13:51:04,2370,8.625600568585643
13:51:05,2371,8.625600568585643
13:51:06,2372,8.625600568585643
13:51:07,2372,8.625600568585643
13:51:08,2372,8.625600568585643
13:51:09,2372,8.625600568585643
13:51:10,2372,8.625600568585643
13:51:11,2373,8.625600568585643
13:51:12,2373,8.625600568585643
13:51:13,2373,8.622705314009663
13:51:14,2372,8.622132196162047
13:51:15,2372,8.619444444444444
13:51:16,2370,8.620428043230943
13:51:17,2370,8.620428043230943
13:51:18,2370,8.620428043230943
13:51:19,2369,8.621966140276
13:51:20,2368,8.623427270139482
13:51:21,2368,8.620749751031441
13:51:22,2368,8.620749751031441
13:51:23,2368,8.620749751031441
13:51:24,2368,8.620749751031441
13:51:25,2368,8.620749751031441
13:51:26,2367,8.62207514944492
13:51:27,2367,8.62207514944492
13:51:28,2367,8.62207514944492
13:51:29,2367,8.619391094038981
13:51:30,2367,8.619391094038981
13:51:31,2367,8.619391094038981
13:51:32,2367,8.619391094038981
13:51:33,2367,8.619391094038981
13:51:34,2367,8.619391094038981
13:51:35,2367,8.620794192997439
13:51:36,2366,8.620795956144098
13:51:37,2366,8.618111300882438
13:51:38,2364,8.619764957264957
13:51:39,2364,8.619764957264957
13:51:40,2364,8.619764957264957
13:51:41,2364,8.619764957264957
13:51:42,2364,8.619764957264957
13:51:43,2364,8.619764957264957
13:51:44,2363,8.620863616930311
13:51:45,2363,8.620863616930311
13:51:46,2362,8.622127174222982
13:51:47,2362,8.622127174222982
13:51:48,2361,8.62214377406932
13:51:49,2361,8.62214377406932
13:51:50,2361,8.62214377406932
13:51:51,2361,8.619461077844312
13:51:52,2360,8.620788760519185
13:51:53,2360,8.620788760519185
13:51:54,2359,8.619905821917808
13:51:55,2359,8.619905821917808
13:51:56,2359,8.619905821917808
13:51:57,2359,8.619905821917808
13:51:58,2359,8.619905821917808
13:51:59,2359,8.619905821917808
13:52:00,2359,8.619905821917808
13:52:01,2359,8.619905821917808
13:52:02,2359,8.619905821917808
13:52:03,2359,8.619905821917808
13:52:04,2359,8.619122055674518
13:52:05,2359,8.619122055674518
13:52:06,2359,8.619122055674518
13:52:07,2359,8.619122055674518
13:52:08,2359,8.619122055674518
13:52:09,2358,8.620337046558125
13:52:10,2358,8.614633276255708
13:52:11,2357,8.61459671663098
13:52:12,2356,8.615188517566411
13:52:13,2356,8.615188517566411
13:52:14,2356,8.610166952054794
13:52:15,2356,8.610166952054794
13:52:16,2356,8.610166952054794
13:52:17,2356,8.607488232777063
13:52:18,2355,8.608454623287672
13:52:19,2353,8.611282490716938
13:52:20,2353,8.611282490716938
13:52:21,2353,8.611282490716938
13:52:22,2353,8.611282490716938
13:52:23,2353,8.611282490716938
13:52:24,2353,8.611282490716938
13:52:25,2352,8.612394627803972
13:52:26,2352,8.612394627803972
13:52:27,2352,8.612394627803972
13:52:28,2350,8.610820468839337
13:52:29,2350,8.610820468839337
13:52:30,2350,8.610820468839337
13:52:31,2350,8.610820468839337
13:52:32,2350,8.610820468839337
13:52:33,2350,8.610820468839337
13:52:34,2350,8.610820468839337
13:52:35,2350,8.610820468839337
13:52:36,2350,8.610820468839337
13:52:37,2349,8.610510510510512
13:52:38,2349,8.610510510510512
13:52:39,2350,8.610510510510512
13:52:40,2350,8.610510510510512
13:52:41,2350,8.610510510510512
13:52:42,2349,8.611523605150214
13:52:43,2349,8.611523605150214
13:52:44,2348,8.610319164162014
13:52:45,2348,8.610319164162014
13:52:46,2348,8.607632331902717
13:52:47,2349,8.607632331902717
13:52:48,2349,8.604947804947805
13:52:49,2349,8.604947804947805
13:52:50,2348,8.60579399141631
13:52:51,2348,8.60579399141631
13:52:52,2347,8.606776871332475
13:52:53,2347,8.606776871332475
13:52:54,2347,8.606776871332475
13:52:55,2347,8.603977110157366
13:52:56,2347,8.603977110157366
13:52:57,2347,8.603977110157366
13:52:58,2346,8.604937741519965
13:52:59,2346,8.602160228898425
13:53:00,2346,8.602160228898425
13:53:01,2345,8.603413482181194
13:53:02,2345,8.603413482181194
13:53:03,2345,8.603413482181194
13:53:04,2345,8.60137339055794
13:53:05,2345,8.60137339055794
13:53:06,2345,8.598591448591447
13:53:07,2345,8.598591448591447
13:53:08,2345,8.596233562035449
13:53:09,2344,8.597797797797798
13:53:10,2344,8.597797797797798
13:53:11,2343,8.59871244635193
13:53:12,2343,8.59871244635193
13:53:13,2343,8.59871244635193
13:53:14,2343,8.596017446017445
13:53:15,2341,8.597294976384715
13:53:16,2341,8.597294976384715
13:53:17,2340,8.598174398625428
13:53:18,2339,8.597930095974789
13:53:19,2339,8.595353665521191
13:53:20,2337,8.597599598738894
13:53:21,2337,8.597599598738894
13:53:22,2337,8.597599598738894
13:53:23,2336,8.597706093189965
13:53:24,2336,8.597706093189965
13:53:25,2336,8.597706093189965
13:53:26,2336,8.597706093189965
13:53:27,2336,8.597706093189965
13:53:28,2336,8.597706093189965
13:53:29,2337,8.595127543708799
13:53:30,2337,8.595127543708799
13:53:31,2337,8.595127543708799
13:53:32,2336,8.595978494623656
13:53:33,2336,8.595978494623656
13:53:34,2337,8.595978494623656
13:53:35,2336,8.595144865174985
13:53:36,2336,8.595144865174985
13:53:37,2336,8.595144865174985
13:53:38,2337,8.595144865174985
13:53:39,2337,8.595144865174985
13:53:40,2336,8.595673697804562
13:53:41,2336,8.595673697804562
13:53:42,2336,8.595673697804562
13:53:43,2335,8.597157622739019
13:53:44,2335,8.59458315396757
13:53:45,2335,8.59458315396757
13:53:46,2335,8.59458315396757
13:53:47,2335,8.59458315396757
13:53:48,2333,8.59576332040787
13:53:49,2333,8.59576332040787
13:53:50,2332,8.593982478816601
13:53:51,2333,8.593982478816601
13:53:52,2332,8.593577586206896
13:53:53,2331,8.59432945235015
13:53:54,2331,8.592435344827585
13:53:55,2331,8.592435344827585
13:53:56,2331,8.592435344827585
13:53:57,2331,8.592435344827585
13:53:58,2331,8.592435344827585
13:53:59,2331,8.592435344827585
13:54:00,2331,8.592435344827585
13:54:01,2331,8.592435344827585
13:54:02,2331,8.592435344827585
13:54:03,2332,8.592435344827585
13:54:04,2332,8.592435344827585
13:54:05,2332,8.58997558523625
13:54:06,2332,8.58997558523625
13:54:07,2332,8.58997558523625
13:54:08,2332,8.58997558523625
13:54:09,2331,8.588438891282493
13:54:10,2331,8.588438891282493
13:54:11,2330,8.588139367816092
13:54:12,2330,8.588139367816092
13:54:13,2329,8.58906137703033
13:54:14,2329,8.58906137703033
13:54:15,2329,8.58906137703033
13:54:16,2329,8.58906137703033
13:54:17,2329,8.58906137703033
13:54:18,2328,8.59034368708657
13:54:19,2328,8.59034368708657
13:54:20,2328,8.59034368708657
13:54:21,2327,8.590864623795138
13:54:22,2327,8.590864623795138
13:54:23,2326,8.591328439838803
13:54:24,2326,8.591328439838803
13:54:25,2326,8.591328439838803
13:54:26,2326,8.591328439838803
13:54:27,2325,8.59257019438445
13:54:28,2325,8.59257019438445
13:54:29,2326,8.590695164075992
13:54:30,2326,8.590695164075992
13:54:31,2326,8.588462091785354
13:54:32,2325,8.58870178468624
13:54:33,2325,8.58870178468624
13:54:34,2324,8.589092872570195
13:54:35,2324,8.589092872570195
13:54:36,2325,8.589092872570195
13:54:37,2324,8.589902045520024
13:54:38,2324,8.589902045520024
13:54:39,2324,8.589902045520024
13:54:40,2324,8.589902045520024
13:54:41,2323,8.590733535091513
13:54:42,2322,8.590311418685122
13:54:43,2322,8.590311418685122
13:54:44,2322,8.590311418685122
13:54:45,2321,8.59084090581278
13:54:46,2321,8.588033448673588
13:54:47,2321,8.588033448673588
13:54:48,2321,8.588033448673588
13:54:49,2321,8.588033448673588
13:54:50,2321,8.588033448673588
13:54:51,2321,8.588033448673588
13:54:52,2321,8.588033448673588
13:54:53,2322,8.588033448673588
13:54:54,2322,8.588033448673588
13:54:55,2322,8.588033448673588
13:54:56,2322,8.588033448673588
13:54:57,2322,8.588033448673588
13:54:58,2321,8.588677340256742
13:54:59,2320,8.588008658008658
13:55:00,2320,8.588008658008658
13:55:01,2319,8.588732496030026
13:55:02,2319,8.588732496030026
13:55:03,2319,8.588732496030026
13:55:04,2319,8.586515151515153
13:55:05,2318,8.58674029161253
13:55:06,2318,8.58674029161253
13:55:07,2318,8.58674029161253
13:55:08,2317,8.5868573079145
13:55:09,2317,8.584156200375341
13:55:10,2317,8.584156200375341
13:55:11,2316,8.584438186019641
13:55:12,2315,8.585233347782113
13:55:13,2315,8.585233347782113
13:55:14,2315,8.585233347782113
13:55:15,2314,8.58630384504192
13:55:16,2314,8.58630384504192
13:55:17,2314,8.58630384504192
13:55:18,2314,8.58630384504192
13:55:19,2314,8.58630384504192
13:55:20,2314,8.58630384504192
13:55:21,2314,8.58630384504192
13:55:22,2313,8.586297903109182
13:55:23,2312,8.586964699074075
13:55:24,2312,8.586964699074075
13:55:25,2312,8.586964699074075
13:55:26,2312,8.586964699074075
13:55:27,2312,8.586964699074075
13:55:28,2312,8.586964699074075
13:55:29,2311,8.587726154291504
13:55:30,2311,8.587726154291504
13:55:31,2311,8.587726154291504
13:55:32,2311,8.587726154291504
13:55:33,2311,8.587726154291504
13:55:34,2311,8.587726154291504
13:55:35,2311,8.585395860471847
13:55:36,2311,8.585395860471847
13:55:37,2311,8.585395860471847
13:55:38,2310,8.586446568201563
13:55:39,2310,8.586446568201563
13:55:40,2310,8.586446568201563
13:55:41,2310,8.586446568201563
13:55:42,2309,8.587396784006954
13:55:43,2310,8.587396784006954
13:55:44,2310,8.587396784006954
13:55:45,2310,8.587396784006954
13:55:46,2310,8.587396784006954
13:55:47,2309,8.588188405797101
13:55:48,2309,8.588188405797101
13:55:49,2310,8.588188405797101
13:55:50,2309,8.589118457300277
13:55:51,2309,8.589118457300277
13:55:52,2308,8.589606904554687
13:55:53,2308,8.589606904554687
13:55:54,2308,8.589087215208243
13:55:55,2308,8.589087215208243
13:55:56,2308,8.586248912097476
13:55:57,2308,8.586248912097476
13:55:58,2308,8.586248912097476
13:55:59,2307,8.587129790940766
13:56:00,2307,8.587129790940766
13:56:01,2307,8.587129790940766
13:56:02,2308,8.587129790940766
13:56:03,2308,8.587129790940766
13:56:04,2307,8.587886710239651
13:56:05,2307,8.587886710239651
13:56:06,2306,8.588346410927056
13:56:07,2306,8.588346410927056
13:56:08,2307,8.588346410927056
13:56:09,2306,8.586065097355421
13:56:10,2306,8.586065097355421
13:56:11,2306,8.586065097355421
13:56:12,2306,8.586065097355421
13:56:13,2306,8.586065097355421
13:56:14,2306,8.586065097355421
13:56:15,2306,8.586065097355421
13:56:16,2306,8.586065097355421
13:56:17,2306,8.586065097355421
13:56:18,2306,8.586749527547608
13:56:19,2306,8.586749527547608
13:56:20,2305,8.58739092495637
13:56:21,2304,8.588309326349483
13:56:22,2305,8.588309326349483
13:56:23,2305,8.588309326349483
13:56:24,2305,8.585580279232111
13:56:25,2305,8.585580279232111
13:56:26,2304,8.585181143605412
13:56:27,2304,8.585181143605412
13:56:28,2304,8.585181143605412
13:56:29,2304,8.585181143605412
13:56:30,2304,8.585181143605412
13:56:31,2304,8.584868995633189
13:56:32,2304,8.584868995633189
13:56:33,2303,8.585641473714869
13:56:34,2303,8.585641473714869
13:56:35,2302,8.586166958041957
13:56:36,2302,8.586166958041957
13:56:37,2303,8.586166958041957
13:56:38,2302,8.586700189476753
13:56:39,2301,8.587139107611547
13:56:40,2301,8.587139107611547
13:56:41,2300,8.587206418672503
13:56:42,2300,8.587206418672503
13:56:43,2300,8.587206418672503
13:56:44,2300,8.587206418672503
13:56:45,2300,8.58710595446585
13:56:46,2300,8.58710595446585
13:56:47,2300,8.58710595446585
13:56:48,2299,8.587757336837495
13:56:49,2299,8.587757336837495
13:56:50,2299,8.585018972562755
13:56:51,2299,8.585501533070522
13:56:52,2298,8.586342389716624
13:56:53,2297,8.586679818792927
13:56:54,2297,8.586679818792927
13:56:55,2297,8.586679818792927
13:56:56,2297,8.583932223196028
13:56:57,2297,8.58440011690779
13:56:58,2297,8.58440011690779
13:56:59,2297,8.58440011690779
13:57:00,2296,8.584714912280702
13:57:01,2296,8.584714912280702
13:57:02,2296,8.582434604705538
13:57:03,2297,8.582434604705538
13:57:04,2297,8.582434604705538
13:57:05,2297,8.582434604705538
13:57:06,2297,8.582434604705538
13:57:07,2296,8.582850877192982
13:57:08,2296,8.582850877192982
13:57:09,2296,8.582850877192982
13:57:10,2295,8.583187070352494
13:57:11,2294,8.58376499853673
13:57:12,2294,8.58376499853673
13:57:13,2294,8.58376499853673
13:57:14,2294,8.58376499853673
13:57:15,2294,8.58376499853673
13:57:16,2293,8.58401405357927
13:57:17,2293,8.58401405357927
13:57:18,2293,8.58401405357927
13:57:19,2293,8.58401405357927
13:57:20,2294,8.58401405357927
13:57:21,2294,8.58401405357927
13:57:22,2294,8.58401405357927
13:57:23,2294,8.58401405357927
13:57:24,2294,8.58401405357927
13:57:25,2293,8.584314586994727
13:57:26,2293,8.584314586994727
13:57:27,2294,8.584314586994727
13:57:28,2293,8.584058608058607
13:57:29,2293,8.584058608058607
13:57:30,2293,8.584058608058607
13:57:31,2292,8.584249486953972
13:57:32,2292,8.584249486953972
13:57:33,2292,8.584249486953972
13:57:34,2291,8.583809942806862
13:57:35,2291,8.583809942806862
13:57:36,2291,8.583809942806862
13:57:37,2290,8.583971537558686
13:57:38,2290,8.583971537558686
13:57:39,2290,8.583971537558686
13:57:40,2290,8.583971537558686
13:57:41,2289,8.584147952443857
13:57:42,2289,8.584147952443857
13:57:43,2289,8.584147952443857
13:57:44,2288,8.584493392070483
13:57:45,2288,8.584493392070483
13:57:46,2288,8.584493392070483
13:57:47,2287,8.584655501689438
13:57:48,2287,8.582151248164463
13:57:49,2287,8.582151248164463
13:57:50,2287,8.582151248164463
13:57:51,2286,8.582356397825768
13:57:52,2287,8.582356397825768
13:57:53,2287,8.582356397825768
13:57:54,2288,8.582356397825768
13:57:55,2288,8.582356397825768
13:57:56,2287,8.582921810699588
13:57:57,2287,8.580174820038195
13:57:58,2288,8.580174820038195
13:57:59,2288,8.580174820038195
13:58:00,2288,8.580174820038195
13:58:01,2288,8.580313051146385
13:58:02,2288,8.580313051146385
13:58:03,2287,8.580297015144831
13:58:04,2288,8.580297015144831
13:58:05,2288,8.57743239271017
13:58:06,2287,8.577870901338038
13:58:07,2288,8.577870901338038
13:58:08,2288,8.57500734861846
13:58:09,2289,8.57500734861846
13:58:10,2290,8.57500734861846
13:58:11,2289,8.572200176366842
13:58:12,2289,8.572200176366842
13:58:13,2289,8.572200176366842
13:58:14,2287,8.573065607531626
13:58:15,2288,8.573065607531626
13:58:16,2289,8.573065607531626
13:58:17,2289,8.573065607531626
13:58:18,2289,8.573065607531626
13:58:19,2288,8.573289183222958
13:58:20,2287,8.573402532391048
13:58:21,2287,8.573402532391048
13:58:22,2286,8.572882604212698
13:58:23,2286,8.572882604212698
13:58:24,2285,8.572583259652225
13:58:25,2285,8.572583259652225
13:58:26,2285,8.572583259652225
13:58:27,2285,8.572583259652225
13:58:28,2284,8.572593247825445
13:58:29,2284,8.572593247825445
13:58:30,2284,8.56984232242853
13:58:31,2284,8.56984232242853
13:58:32,2285,8.56984232242853
13:58:33,2285,8.56984232242853
13:58:34,2285,8.56984232242853
13:58:35,2286,8.566961260863161
13:58:36,2286,8.566961260863161
13:58:37,2285,8.56724874742116
13:58:38,2284,8.56704997788589
13:58:39,2284,8.56704997788589
13:58:40,2284,8.56704997788589
13:58:41,2283,8.566747787610618
13:58:42,2283,8.566747787610618
13:58:43,2283,8.566747787610618
13:58:44,2284,8.566747787610618
13:58:45,2284,8.566747787610618
13:58:46,2284,8.566747787610618
13:58:47,2284,8.566747787610618
13:58:48,2284,8.566747787610618
13:58:49,2284,8.564241486068111
13:58:50,2284,8.564241486068111
13:58:51,2284,8.561435307987033
13:58:52,2284,8.561435307987033
13:58:53,2284,8.559044041832376
13:58:54,2284,8.559044041832376
13:58:55,2284,8.559044041832376
13:58:56,2283,8.556377964354104
13:58:57,2283,8.556377964354104
13:58:58,2283,8.556377964354104
13:58:59,2283,8.556377964354104
13:59:00,2283,8.556377964354104
13:59:01,2283,8.556377964354104
13:59:02,2282,8.55599764220454
13:59:03,2282,8.55599764220454
13:59:04,2282,8.55599764220454
13:59:05,2282,8.553240536161438
13:59:06,2281,8.552991452991453
13:59:07,2281,8.552991452991453
13:59:08,2281,8.552991452991453
13:59:09,2279,8.552094395280237
13:59:10,2279,8.549240748931151
13:59:11,2279,8.549240748931151
13:59:12,2279,8.549092920353983
13:59:13,2279,8.549092920353983
13:59:14,2279,8.549092920353983
13:59:15,2277,8.548464718039563
13:59:16,2277,8.548464718039563
13:59:17,2277,8.548464718039563
13:59:18,2277,8.548464718039563
13:59:19,2275,8.548640661938533
13:59:20,2275,8.548640661938533
13:59:21,2275,8.548640661938533
13:59:22,2275,8.548640661938533
13:59:23,2275,8.548640661938533
13:59:24,2275,8.548640661938533
13:59:25,2276,8.548640661938533
13:59:26,2276,8.548640661938533
13:59:27,2276,8.548640661938533
13:59:28,2276,8.548640661938533
13:59:29,2276,8.548640661938533
13:59:30,2276,8.548640661938533
13:59:31,2276,8.548640661938533
13:59:32,2276,8.548640661938533
13:59:33,2277,8.548640661938533
13:59:34,2277,8.548640661938533
13:59:35,2277,8.548640661938533
13:59:36,2277,8.548640661938533
13:59:37,2276,8.548041389504805
13:59:38,2276,8.548041389504805
13:59:39,2277,8.548041389504805
13:59:40,2277,8.548041389504805
13:59:41,2276,8.547944395149363
13:59:42,2276,8.547944395149363
13:59:43,2276,8.545661492978565
13:59:44,2276,8.545661492978565
13:59:45,2275,8.545740905057675
13:59:46,2275,8.545740905057675
13:59:47,2275,8.545740905057675
13:59:48,2275,8.542985957132299
13:59:49,2274,8.542272996154985
13:59:50,2274,8.542272996154985
13:59:51,2274,8.542272996154985
13:59:52,2273,8.541744340878829
13:59:53,2273,8.541744340878829
13:59:54,2272,8.539044237313213
13:59:55,2271,8.538676731793961
13:59:56,2271,8.538676731793961
13:59:57,2270,8.53824226269806
13:59:58,2270,8.53824226269806
13:59:59,2270,8.53824226269806
14:00:00,2270,8.53824226269806
14:00:01,2269,8.538385185185184
14:00:02,2268,8.538053949903661
14:00:03,2268,8.538053949903661
14:00:04,2268,8.538053949903661
14:00:05,2267,8.535163776493256
14:00:06,2267,8.535163776493256
14:00:07,2267,8.535163776493256
14:00:08,2266,8.5322661923818
14:00:09,2266,8.5322661923818
14:00:10,2266,8.5322661923818
14:00:11,2265,8.531553973902728
14:00:12,2264,8.530729862038273
14:00:13,2264,8.530729862038273
14:00:14,2265,8.530729862038273
14:00:15,2265,8.530729862038273
14:00:16,2265,8.530729862038273
14:00:17,2266,8.530729862038273
14:00:18,2266,8.530729862038273
14:00:19,2266,8.527973013048635
14:00:20,2266,8.527973013048635
14:00:21,2266,8.527973013048635
14:00:22,2267,8.52498888394842
14:00:23,2266,8.524058422301305
14:00:24,2266,8.524058422301305
14:00:25,2266,8.524058422301305
14:00:26,2267,8.524058422301305
14:00:27,2267,8.524058422301305
14:00:28,2266,8.524536418928943
14:00:29,2265,8.52393143365984
14:00:30,2266,8.52393143365984
14:00:31,2266,8.52393143365984
