,Current Hour,Estudantes,Tempo de espera medio
0,0,0,0
11:00:00,0,0.0
11:00:01,0,0.0
11:00:02,0,0.0
11:00:03,0,0.0
11:00:04,0,0.0
11:00:05,0,0.0
11:00:06,0,0.0
11:00:07,0,0.0
11:00:08,0,0.0
11:00:09,0,0.0
11:00:10,0,0.0
11:00:11,0,0.0
11:00:12,0,0.0
11:00:13,0,0.0
11:00:14,0,0.0
11:00:15,0,0.0
11:00:16,0,0.0
11:00:17,0,0.0
11:00:18,0,0.0
11:00:19,0,0.0
11:00:20,0,0.0
11:00:21,0,0.0
11:00:22,0,0.0
11:00:23,0,0.0
11:00:24,0,0.0
11:00:25,0,0.0
11:00:26,0,0.0
11:00:27,1,0.0
11:00:28,2,0.0
11:00:29,3,0.0
11:00:30,3,0.0
11:00:31,4,0.0
11:00:32,5,0.0
11:00:33,6,0.0
11:00:34,6,0.0
11:00:35,7,0.0
11:00:36,8,0.0
11:00:37,9,0.0
11:00:38,9,0.0
11:00:39,11,0.0
11:00:40,13,0.0
11:00:41,13,0.0
11:00:42,13,0.0
11:00:43,15,0.0
11:00:44,16,0.0
11:00:45,16,0.0
11:00:46,16,0.0
11:00:47,19,0.0
11:00:48,19,0.0
11:00:49,19,0.0
11:00:50,20,0.0
11:00:51,22,0.0
11:00:52,22,0.0
11:00:53,23,0.0
11:00:54,24,0.0
11:00:55,25,0.0
11:00:56,25,0.0
11:00:57,25,0.0
11:00:58,27,0.0
11:00:59,28,0.0
11:01:00,29,0.0
11:01:01,30,0.0
11:01:02,30,0.0
11:01:03,32,0.0
11:01:04,33,0.0
11:01:05,33,0.0
11:01:06,34,0.0
11:01:07,35,0.0
11:01:08,35,0.0
11:01:09,35,0.0
11:01:10,37,0.0
11:01:11,37,0.0
11:01:12,38,0.0
11:01:13,38,0.0
11:01:14,38,0.0
11:01:15,39,0.0
11:01:16,39,0.0
11:01:17,39,0.0
11:01:18,42,0.0
11:01:19,42,0.0
11:01:20,43,0.0
11:01:21,43,0.0
11:01:22,43,0.0
11:01:23,46,0.0
11:01:24,46,0.0
11:01:25,46,0.0
11:01:26,46,0.0
11:01:27,48,0.0
11:01:28,48,0.0
11:01:29,50,0.0
11:01:30,50,0.0
11:01:31,51,0.0
11:01:32,51,0.0
11:01:33,53,0.0
11:01:34,54,0.0
11:01:35,55,0.0
11:01:36,55,0.0
11:01:37,56,0.0
11:01:38,56,0.0
11:01:39,57,0.0
11:01:40,59,0.0
11:01:41,59,0.0
11:01:42,60,0.0
11:01:43,62,0.0
11:01:44,63,0.0
11:01:45,63,0.0
11:01:46,65,0.0
11:01:47,66,0.0
11:01:48,66,0.0
11:01:49,66,0.0
11:01:50,69,0.0
11:01:51,69,0.0
11:01:52,70,0.0
11:01:53,71,0.0
11:01:54,72,0.0
11:01:55,73,0.0
11:01:56,75,0.0
11:01:57,75,0.0
11:01:58,75,0.0
11:01:59,77,0.0
11:02:00,78,0.0
11:02:01,78,0.0
11:02:02,80,0.0
11:02:03,81,0.0
11:02:04,81,0.0
11:02:05,81,0.0
11:02:06,82,0.0
11:02:07,83,0.0
11:02:08,83,0.0
11:02:09,83,0.0
11:02:10,83,0.0
11:02:11,84,0.0
11:02:12,85,0.0
11:02:13,85,0.0
11:02:14,85,0.0
11:02:15,86,0.0
11:02:16,86,0.0
11:02:17,87,0.0
11:02:18,88,0.0
11:02:19,88,0.0
11:02:20,88,0.0
11:02:21,88,0.0
11:02:22,89,0.0
11:02:23,89,0.0
11:02:24,90,0.0
11:02:25,91,0.0
11:02:26,91,0.0
11:02:27,91,0.0
11:02:28,92,0.0
11:02:29,92,0.0
11:02:30,93,0.0
11:02:31,94,0.0
11:02:32,94,0.0
11:02:33,94,2.066666666666667
11:02:34,95,2.066666666666667
11:02:35,95,2.066666666666667
11:02:36,95,2.066666666666667
11:02:37,96,2.066666666666667
11:02:38,96,2.0833333333333335
11:02:39,96,2.088888888888889
11:02:40,97,2.0833333333333335
11:02:41,97,2.0833333333333335
11:02:42,97,2.0833333333333335
11:02:43,97,2.0833333333333335
11:02:44,99,2.0861111111111112
11:02:45,99,2.0861111111111112
11:02:46,99,2.0861111111111112
11:02:47,100,2.0904761904761906
11:02:48,100,2.120833333333333
11:02:49,100,2.120833333333333
11:02:50,102,2.1444444444444444
11:02:51,102,2.1444444444444444
11:02:52,102,2.1444444444444444
11:02:53,102,2.1444444444444444
11:02:54,103,2.1444444444444444
11:02:55,103,2.1444444444444444
11:02:56,103,2.1444444444444444
11:02:57,104,2.1444444444444444
11:02:58,105,2.1366666666666663
11:02:59,105,2.1366666666666663
11:03:00,105,2.1545454545454548
11:03:01,106,2.1545454545454548
11:03:02,106,2.1666666666666665
11:03:03,106,2.1666666666666665
11:03:04,107,2.1607142857142856
11:03:05,108,2.1607142857142856
11:03:06,108,2.1607142857142856
11:03:07,108,2.1607142857142856
11:03:08,108,2.1607142857142856
11:03:09,109,2.1607142857142856
11:03:10,109,2.1607142857142856
11:03:11,110,2.1607142857142856
11:03:12,110,2.1607142857142856
11:03:13,111,2.1607142857142856
11:03:14,111,2.1607142857142856
11:03:15,111,2.1607142857142856
11:03:16,112,2.1607142857142856
11:03:17,113,2.19
11:03:18,114,2.19
11:03:19,114,2.19
11:03:20,114,2.19
11:03:21,116,2.19
11:03:22,116,2.216666666666667
11:03:23,117,2.216666666666667
11:03:24,117,2.216666666666667
11:03:25,119,2.216666666666667
11:03:26,119,2.216666666666667
11:03:27,119,2.216666666666667
11:03:28,120,2.216666666666667
11:03:29,120,2.257843137254902
11:03:30,120,2.257843137254902
11:03:31,120,2.257843137254902
11:03:32,122,2.257843137254902
11:03:33,122,2.257843137254902
11:03:34,122,2.257843137254902
11:03:35,124,2.257843137254902
11:03:36,124,2.257843137254902
11:03:37,124,2.257843137254902
11:03:38,124,2.3254385964912276
11:03:39,124,2.3254385964912276
11:03:40,125,2.3254385964912276
11:03:41,125,2.3785714285714286
11:03:42,125,2.3785714285714286
11:03:43,126,2.4007575757575754
11:03:44,127,2.4007575757575754
11:03:45,127,2.4007575757575754
11:03:46,127,2.4007575757575754
11:03:47,127,2.4007575757575754
11:03:48,127,2.4007575757575754
11:03:49,128,2.4007575757575754
11:03:50,128,2.4057971014492754
11:03:51,128,2.4057971014492754
11:03:52,129,2.4057971014492754
11:03:53,130,2.4145833333333333
11:03:54,130,2.442
11:03:55,130,2.442
11:03:56,130,2.4583333333333335
11:03:57,130,2.4583333333333335
11:03:58,130,2.4583333333333335
11:03:59,130,2.476543209876543
11:04:00,130,2.476543209876543
11:04:01,130,2.495833333333333
11:04:02,131,2.495833333333333
11:04:03,131,2.495833333333333
11:04:04,131,2.495833333333333
11:04:05,131,2.495833333333333
11:04:06,131,2.495833333333333
11:04:07,131,2.495833333333333
11:04:08,131,2.495833333333333
11:04:09,131,2.495833333333333
11:04:10,131,2.495833333333333
11:04:11,132,2.518965517241379
11:04:12,132,2.518965517241379
11:04:13,133,2.518965517241379
11:04:14,133,2.531111111111111
11:04:15,133,2.5483870967741935
11:04:16,133,2.5483870967741935
11:04:17,134,2.5755208333333335
11:04:18,135,2.5755208333333335
11:04:19,135,2.5755208333333335
11:04:20,135,2.5964646464646464
11:04:21,136,2.5964646464646464
11:04:22,136,2.5964646464646464
11:04:23,136,2.5964646464646464
11:04:24,136,2.5964646464646464
11:04:25,137,2.5964646464646464
11:04:26,137,2.5964646464646464
11:04:27,137,2.5964646464646464
11:04:28,137,2.6240196078431373
11:04:29,138,2.6240196078431373
11:04:30,138,2.652857142857143
11:04:31,138,2.652857142857143
11:04:32,139,2.652857142857143
11:04:33,139,2.678240740740741
11:04:34,139,2.678240740740741
11:04:35,139,2.678240740740741
11:04:36,139,2.678240740740741
11:04:37,139,2.690990990990991
11:04:38,140,2.690990990990991
11:04:39,140,2.690990990990991
11:04:40,140,2.706140350877193
11:04:41,140,2.706140350877193
11:04:42,140,2.706140350877193
11:04:43,140,2.706140350877193
11:04:44,141,2.726923076923077
11:04:45,141,2.726923076923077
11:04:46,141,2.7429166666666664
11:04:47,141,2.7429166666666664
11:04:48,141,2.7429166666666664
11:04:49,142,2.7577235772357724
11:04:50,142,2.7577235772357724
11:04:51,142,2.796899224806202
11:04:52,142,2.796899224806202
11:04:53,143,2.796899224806202
11:04:54,143,2.796899224806202
11:04:55,143,2.796899224806202
11:04:56,143,2.796899224806202
11:04:57,143,2.796899224806202
11:04:58,143,2.796899224806202
11:04:59,143,2.796899224806202
11:05:00,143,2.796899224806202
11:05:01,144,2.796899224806202
11:05:02,144,2.8231060606060603
11:05:03,144,2.8231060606060603
11:05:04,144,2.8366666666666664
11:05:05,145,2.8366666666666664
11:05:06,145,2.8366666666666664
11:05:07,145,2.8366666666666664
11:05:08,146,2.8366666666666664
11:05:09,146,2.8366666666666664
11:05:10,146,2.8366666666666664
11:05:11,146,2.8366666666666664
11:05:12,147,2.8460144927536235
11:05:13,147,2.8460144927536235
11:05:14,147,2.8460144927536235
11:05:15,149,2.8460144927536235
11:05:16,149,2.8460144927536235
11:05:17,149,2.8460144927536235
11:05:18,150,2.8460144927536235
11:05:19,150,2.874468085106383
11:05:20,150,2.874468085106383
11:05:21,150,2.874468085106383
11:05:22,151,2.8972222222222226
11:05:23,151,2.8972222222222226
11:05:24,151,2.9366666666666665
11:05:25,152,2.9366666666666665
11:05:26,152,2.9366666666666665
11:05:27,152,2.9366666666666665
11:05:28,152,2.9366666666666665
11:05:29,153,2.9366666666666665
11:05:30,153,2.9366666666666665
11:05:31,153,2.9421568627450982
11:05:32,153,2.9421568627450982
11:05:33,153,2.9421568627450982
11:05:34,153,2.9421568627450982
11:05:35,153,2.962820512820513
11:05:36,153,2.991509433962264
11:05:37,153,2.991509433962264
11:05:38,153,3.0083333333333333
11:05:39,153,3.0083333333333333
11:05:40,154,3.0083333333333333
11:05:41,154,3.0083333333333333
11:05:42,154,3.0083333333333333
11:05:43,154,3.0212121212121215
11:05:44,155,3.0212121212121215
11:05:45,155,3.038095238095238
11:05:46,155,3.038095238095238
11:05:47,156,3.038095238095238
11:05:48,156,3.0570175438596494
11:05:49,156,3.0570175438596494
11:05:50,157,3.0570175438596494
11:05:51,157,3.0570175438596494
11:05:52,157,3.0784482758620686
11:05:53,158,3.0784482758620686
11:05:54,158,3.0784482758620686
11:05:55,158,3.1222222222222222
11:05:56,158,3.140983606557377
11:05:57,159,3.140983606557377
11:05:58,159,3.140983606557377
11:05:59,159,3.140983606557377
11:06:00,159,3.140983606557377
11:06:01,160,3.140983606557377
11:06:02,160,3.140983606557377
11:06:03,160,3.140983606557377
11:06:04,160,3.140983606557377
11:06:05,160,3.140983606557377
11:06:06,161,3.140983606557377
11:06:07,161,3.140983606557377
11:06:08,161,3.140983606557377
11:06:09,162,3.140983606557377
11:06:10,163,3.1599462365591395
11:06:11,163,3.1599462365591395
11:06:12,164,3.1599462365591395
11:06:13,164,3.180687830687831
11:06:14,164,3.180687830687831
11:06:15,165,3.180687830687831
11:06:16,165,3.180687830687831
11:06:17,165,3.180687830687831
11:06:18,166,3.180687830687831
11:06:19,166,3.180687830687831
11:06:20,166,3.19375
11:06:21,166,3.19375
11:06:22,167,3.19375
11:06:23,167,3.214358974358974
11:06:24,167,3.214358974358974
11:06:25,167,3.2267676767676767
11:06:26,167,3.250746268656717
11:06:27,168,3.250746268656717
11:06:28,168,3.2992753623188404
11:06:29,168,3.2992753623188404
11:06:30,169,3.2992753623188404
11:00:00,0,0.0
11:00:01,0,0.0
11:00:02,0,0.0
11:00:03,0,0.0
11:00:04,0,0.0
11:00:05,0,0.0
11:00:06,0,0.0
11:00:07,0,0.0
11:00:08,0,0.0
11:00:09,0,0.0
11:00:10,0,0.0
11:00:11,0,0.0
11:00:12,0,0.0
11:00:13,0,0.0
11:00:14,0,0.0
11:00:15,0,0.0
11:00:16,0,0.0
11:00:17,0,0.0
11:00:18,0,0.0
11:00:19,0,0.0
11:00:20,0,0.0
11:00:21,0,0.0
11:00:22,0,0.0
11:00:23,0,0.0
11:00:24,0,0.0
11:00:25,0,0.0
11:00:26,0,0.0
11:00:27,1,0.0
11:00:28,2,0.0
11:00:29,3,0.0
11:00:30,3,0.0
11:00:31,4,0.0
11:00:32,5,0.0
11:00:33,6,0.0
11:00:34,6,0.0
11:00:35,7,0.0
11:00:36,8,0.0
11:00:37,9,0.0
11:00:38,9,0.0
11:00:39,11,0.0
11:00:40,13,0.0
11:00:41,13,0.0
11:00:42,13,0.0
11:00:43,15,0.0
11:00:44,16,0.0
11:00:45,16,0.0
11:00:46,16,0.0
11:00:47,19,0.0
11:00:48,19,0.0
11:00:49,19,0.0
11:00:50,20,0.0
11:00:51,22,0.0
11:00:52,22,0.0
11:00:53,23,0.0
11:00:54,24,0.0
11:00:55,25,0.0
11:00:56,25,0.0
11:00:57,25,0.0
11:00:58,27,0.0
11:00:59,28,0.0
11:01:00,29,0.0
11:01:01,30,0.0
11:01:02,30,0.0
11:01:03,32,0.0
11:01:04,33,0.0
11:01:05,33,0.0
11:01:06,34,0.0
11:01:07,35,0.0
11:01:08,35,0.0
11:01:09,35,0.0
11:01:10,37,0.0
11:01:11,37,0.0
11:01:12,38,0.0
11:01:13,38,0.0
11:01:14,38,0.0
11:01:15,39,0.0
11:01:16,39,0.0
11:01:17,39,0.0
11:01:18,42,0.0
11:01:19,42,0.0
11:00:00,0,0.0
11:00:01,0,0.0
11:00:02,0,0.0
11:00:03,0,0.0
11:00:04,0,0.0
11:00:05,0,0.0
11:00:06,0,0.0
11:00:07,0,0.0
11:00:08,0,0.0
11:00:09,0,0.0
11:00:10,0,0.0
11:00:11,0,0.0
11:00:12,0,0.0
11:00:13,0,0.0
11:00:14,0,0.0
11:00:15,0,0.0
11:00:16,0,0.0
11:00:17,0,0.0
11:00:18,0,0.0
11:00:19,0,0.0
11:00:20,0,0.0
11:00:21,0,0.0
11:00:22,0,0.0
11:00:23,0,0.0
11:00:24,0,0.0
11:00:25,0,0.0
11:00:26,0,0.0
11:00:27,1,0.0
11:00:28,2,0.0
11:00:29,3,0.0
11:00:30,3,0.0
11:00:31,4,0.0
11:00:32,5,0.0
11:00:33,6,0.0
11:00:34,6,0.0
11:00:35,7,0.0
11:00:36,8,0.0
11:00:37,9,0.0
11:00:38,9,0.0
11:00:39,11,0.0
11:00:40,13,0.0
11:00:41,13,0.0
11:00:42,13,0.0
11:00:43,15,0.0
11:00:44,16,0.0
11:00:45,16,0.0
11:00:46,16,0.0
11:00:47,19,0.0
11:00:48,19,0.0
11:00:49,19,0.0
11:00:50,20,0.0
11:00:51,22,0.0
11:00:52,22,0.0
11:00:53,23,0.0
11:00:54,24,0.0
11:00:55,25,0.0
11:00:56,25,0.0
11:00:57,25,0.0
11:00:58,27,0.0
11:00:59,28,0.0
11:01:00,29,0.0
11:01:01,30,0.0
11:01:02,30,0.0
11:01:03,32,0.0
11:01:04,33,0.0
11:01:05,33,0.0
11:01:06,34,0.0
11:01:07,35,0.0
11:01:08,35,0.0
11:01:09,35,0.0
11:01:10,37,0.0
11:01:11,37,0.0
11:01:12,38,0.0
11:01:13,38,0.0
11:01:14,38,0.0
11:01:15,39,0.0
11:01:16,39,0.0
11:01:17,39,0.0
11:01:18,42,0.0
11:01:19,42,0.0
11:01:20,43,0.0
11:01:21,43,0.0
11:01:22,43,0.0
11:01:23,46,0.0
11:01:24,46,0.0
11:01:25,46,0.0
11:01:26,46,0.0
11:01:27,48,0.0
11:01:28,48,0.0
11:01:29,50,0.0
11:01:30,50,0.0
11:01:31,51,0.0
11:01:32,51,0.0
11:01:33,53,0.0
11:01:34,54,0.0
11:01:35,55,0.0
11:01:36,55,0.0
11:01:37,56,0.0
11:01:38,56,0.0
11:01:39,57,0.0
11:01:40,59,0.0
11:01:41,59,0.0
11:01:42,60,0.0
11:01:43,62,0.0
11:01:44,63,0.0
11:01:45,63,0.0
11:01:46,65,0.0
11:01:47,66,0.0
11:01:48,66,0.0
11:01:49,66,0.0
11:01:50,69,0.0
11:01:51,69,0.0
11:01:52,70,0.0
11:01:53,71,0.0
11:01:54,72,0.0
11:01:55,73,0.0
11:01:56,75,0.0
11:01:57,75,0.0
11:01:58,75,0.0
11:01:59,77,0.0
11:02:00,78,0.0
11:02:01,78,0.0
11:02:02,80,0.0
11:02:03,81,0.0
11:02:04,81,0.0
11:02:05,81,0.0
11:02:06,82,0.0
11:02:07,83,0.0
11:02:08,83,0.0
11:02:09,83,0.0
11:02:10,83,0.0
11:02:11,84,0.0
11:02:12,85,0.0
11:02:13,85,0.0
11:02:14,85,0.0
11:02:15,86,0.0
11:02:16,86,0.0
11:02:17,87,0.0
11:02:18,88,0.0
11:02:19,88,0.0
11:02:20,88,0.0
11:02:21,88,0.0
11:02:22,89,0.0
11:02:23,89,1.8166666666666667
11:02:24,90,1.8166666666666667
11:02:25,91,1.8166666666666667
11:02:26,91,1.85
11:02:27,91,1.85
11:02:28,92,1.85
11:02:29,92,1.85
11:02:30,93,1.85
11:02:31,94,1.85
11:02:32,94,1.85
11:02:33,94,1.85
11:02:34,95,1.9277777777777778
11:02:35,95,1.9666666666666666
11:02:36,95,1.9666666666666666
11:02:37,96,1.9666666666666666
11:02:38,96,1.9666666666666666
11:02:39,96,1.9666666666666666
11:02:40,97,1.9866666666666668
11:02:41,97,1.9866666666666668
11:02:42,97,1.9866666666666668
11:02:43,97,1.9866666666666668
11:02:44,99,1.9866666666666668
11:02:45,99,2.0027777777777778
11:02:46,99,2.0142857142857142
11:02:47,100,2.0142857142857142
11:02:48,100,2.0142857142857142
11:02:49,100,2.05625
11:02:50,102,2.05625
11:02:51,102,2.0555555555555554
11:02:52,102,2.0555555555555554
11:02:53,102,2.058333333333333
11:02:54,103,2.0863636363636364
11:02:55,103,2.0863636363636364
11:02:56,103,2.0863636363636364
11:02:57,104,2.0863636363636364
11:02:58,105,2.1256410256410256
11:02:59,105,2.1256410256410256
11:03:00,105,2.1256410256410256
11:03:01,106,2.1256410256410256
11:03:02,106,2.1256410256410256
11:03:03,106,2.1256410256410256
11:03:04,107,2.1256410256410256
11:03:05,108,2.1256410256410256
11:03:06,108,2.1256410256410256
11:03:07,108,2.1256410256410256
11:03:08,108,2.1256410256410256
11:03:09,109,2.1256410256410256
11:03:10,109,2.123809523809524
11:03:11,110,2.123809523809524
11:03:12,110,2.1277777777777778
11:03:13,111,2.1277777777777778
11:03:14,111,2.1277777777777778
11:03:15,111,2.1277777777777778
11:03:16,112,2.1277777777777778
11:03:17,113,2.1277777777777778
11:03:18,114,2.1277777777777778
11:03:19,114,2.1277777777777778
11:03:20,114,2.1277777777777778
11:03:21,116,2.1572916666666666
11:03:22,116,2.1892156862745096
11:03:23,117,2.1892156862745096
11:03:24,117,2.1892156862745096
11:03:25,119,2.1892156862745096
11:03:26,119,2.1892156862745096
11:03:27,119,2.1892156862745096
11:03:28,120,2.210185185185185
11:03:29,120,2.210185185185185
11:03:30,120,2.210185185185185
11:03:31,120,2.210185185185185
11:03:32,122,2.210185185185185
11:03:33,122,2.210185185185185
11:03:34,122,2.210185185185185
11:03:35,124,2.2464912280701754
11:03:36,124,2.2464912280701754
11:03:37,124,2.2783333333333333
11:03:38,124,2.2783333333333333
11:03:39,124,2.2783333333333333
11:03:40,125,2.2783333333333333
11:03:41,125,2.2783333333333333
11:03:42,125,2.2783333333333333
11:03:43,126,2.306349206349206
11:03:44,127,2.306349206349206
11:03:45,127,2.3356060606060605
11:03:46,127,2.3356060606060605
11:03:47,127,2.3356060606060605
11:03:48,127,2.3356060606060605
11:03:49,128,2.3356060606060605
11:03:50,128,2.3356060606060605
11:03:51,128,2.3356060606060605
11:03:52,129,2.3356060606060605
11:03:53,130,2.3356060606060605
11:03:54,130,2.382638888888889
11:03:55,130,2.382638888888889
11:03:56,130,2.4
11:03:57,130,2.4
11:03:58,130,2.4
11:03:59,130,2.4
11:04:00,130,2.4
11:04:01,130,2.4288461538461537
11:04:02,131,2.4288461538461537
11:04:03,131,2.4288461538461537
11:04:04,131,2.4288461538461537
11:04:05,131,2.4288461538461537
11:04:06,131,2.4288461538461537
11:04:07,131,2.4288461538461537
11:04:08,131,2.4288461538461537
11:04:09,131,2.4288461538461537
11:04:10,131,2.4288461538461537
11:04:11,132,2.454320987654321
11:04:12,132,2.454320987654321
11:04:13,133,2.454320987654321
11:04:14,133,2.4845238095238096
11:04:15,133,2.4845238095238096
11:04:16,133,2.4845238095238096
11:04:17,134,2.4845238095238096
11:04:18,135,2.5063218390804596
11:04:19,135,2.5063218390804596
11:04:20,135,2.5510752688172045
11:04:21,136,2.5510752688172045
11:04:22,136,2.5510752688172045
11:04:23,136,2.5770833333333334
11:04:24,136,2.5770833333333334
11:04:25,137,2.5770833333333334
11:04:26,137,2.6055555555555556
11:04:27,137,2.6055555555555556
11:04:28,137,2.631372549019608
11:04:29,138,2.631372549019608
11:04:30,138,2.631372549019608
11:04:31,138,2.631372549019608
11:04:32,139,2.631372549019608
11:04:33,139,2.6614285714285715
11:04:34,139,2.6614285714285715
11:04:35,139,2.6614285714285715
11:04:36,139,2.6614285714285715
11:04:37,139,2.6614285714285715
11:04:38,140,2.6614285714285715
11:04:39,140,2.6614285714285715
11:04:40,140,2.6614285714285715
11:04:41,140,2.6614285714285715
11:04:42,140,2.6791666666666667
11:04:43,140,2.6791666666666667
11:04:44,141,2.6791666666666667
11:04:45,141,2.6791666666666667
11:04:46,141,2.6914414414414414
11:04:47,141,2.6914414414414414
11:04:48,141,2.7083333333333335
11:04:49,142,2.7083333333333335
11:04:50,142,2.7083333333333335
11:04:51,142,2.7286324786324787
11:04:52,142,2.7286324786324787
11:04:53,143,2.7286324786324787
11:04:54,143,2.743333333333333
11:04:55,143,2.743333333333333
11:04:56,143,2.743333333333333
11:04:57,143,2.743333333333333
11:04:58,143,2.743333333333333
11:04:59,143,2.765853658536585
11:05:00,143,2.765853658536585
11:05:01,144,2.786111111111111
11:05:02,144,2.786111111111111
11:05:03,144,2.786111111111111
11:05:04,144,2.8127906976744184
11:05:05,145,2.8127906976744184
11:05:06,145,2.8127906976744184
11:05:07,145,2.8127906976744184
11:05:08,146,2.8127906976744184
11:05:09,146,2.8127906976744184
11:05:10,146,2.8127906976744184
11:05:11,146,2.8127906976744184
11:05:12,147,2.8127906976744184
11:05:13,147,2.8127906976744184
11:05:14,147,2.8127906976744184
11:05:15,149,2.8127906976744184
11:05:16,149,2.8409090909090913
11:05:17,149,2.8409090909090913
11:05:18,150,2.8662962962962966
11:05:19,150,2.8971014492753624
11:05:20,150,2.8971014492753624
11:05:21,150,2.9159574468085108
11:05:22,151,2.9159574468085108
11:05:23,151,2.946875
11:05:24,151,2.946875
11:05:25,152,2.946875
11:05:26,152,2.946875
11:05:27,152,2.946875
11:05:28,152,2.946875
11:05:29,153,2.946875
11:05:30,153,2.946875
11:05:31,153,2.9693877551020407
11:05:32,153,2.9693877551020407
11:05:33,153,2.9693877551020407
11:05:34,153,2.9693877551020407
11:05:35,153,2.9693877551020407
11:05:36,153,2.9693877551020407
11:05:37,153,2.9836666666666667
11:05:38,153,3.0026143790849673
11:05:39,153,3.0201923076923074
11:05:40,154,3.0201923076923074
11:05:41,154,3.038050314465409
11:05:42,154,3.038050314465409
11:05:43,154,3.038050314465409
11:05:44,155,3.0549382716049385
11:05:45,155,3.0549382716049385
11:05:46,155,3.0549382716049385
11:05:47,156,3.0549382716049385
11:05:48,156,3.0549382716049385
11:05:49,156,3.0549382716049385
11:05:50,157,3.0549382716049385
11:05:51,157,3.0549382716049385
11:05:52,157,3.0549382716049385
11:05:53,158,3.0549382716049385
11:05:54,158,3.079393939393939
11:05:55,158,3.079393939393939
11:05:56,158,3.100297619047619
11:05:57,159,3.100297619047619
11:05:58,159,3.1201754385964913
11:05:59,159,3.1201754385964913
11:06:00,159,3.1201754385964913
11:06:01,160,3.1201754385964913
11:06:02,160,3.1201754385964913
11:06:03,160,3.1201754385964913
11:06:04,160,3.1482758620689655
11:06:05,160,3.1482758620689655
11:06:06,161,3.1700564971751413
11:06:07,161,3.193611111111111
11:06:08,161,3.193611111111111
11:06:09,162,3.193611111111111
11:06:10,163,3.219398907103825
11:06:11,163,3.2413978494623654
11:06:12,164,3.2413978494623654
11:06:13,164,3.27890625
11:06:14,164,3.27890625
11:06:15,165,3.313131313131313
11:06:16,165,3.313131313131313
11:06:17,165,3.313131313131313
11:06:18,166,3.331592039800995
11:06:19,166,3.331592039800995
11:06:20,166,3.331592039800995
11:06:21,166,3.331592039800995
11:06:22,167,3.331592039800995
11:06:23,167,3.331592039800995
11:06:24,167,3.331592039800995
11:06:25,167,3.331592039800995
11:06:26,167,3.342156862745098
11:06:27,168,3.342156862745098
11:06:28,168,3.356521739130435
11:06:29,168,3.356521739130435
11:06:30,169,3.356521739130435
11:06:31,169,3.356521739130435
11:06:32,169,3.3764285714285713
11:06:33,169,3.3764285714285713
11:06:34,169,3.3764285714285713
11:06:35,170,3.3764285714285713
11:06:36,170,3.3764285714285713
11:06:37,170,3.3764285714285713
11:06:38,170,3.3764285714285713
11:06:39,171,3.3764285714285713
11:06:40,171,3.3764285714285713
11:06:41,171,3.3764285714285713
11:06:42,172,3.3764285714285713
11:06:43,172,3.3764285714285713
11:06:44,172,3.3955399061032865
11:06:45,173,3.3955399061032865
11:06:46,173,3.3955399061032865
11:06:47,173,3.3955399061032865
11:06:48,173,3.3955399061032865
11:06:49,174,3.3955399061032865
11:06:50,174,3.4166666666666665
11:06:51,174,3.4166666666666665
11:06:52,175,3.4166666666666665
11:06:53,175,3.4358447488584476
11:06:54,175,3.4358447488584476
11:06:55,176,3.4358447488584476
11:06:56,176,3.461936936936937
11:06:57,176,3.4837777777777776
11:06:58,177,3.4837777777777776
11:06:59,177,3.4837777777777776
11:07:00,177,3.4837777777777776
11:07:01,177,3.4971491228070173
11:07:02,178,3.4971491228070173
11:07:03,179,3.5192640692640693
11:07:04,179,3.5356837606837606
11:07:05,180,3.5356837606837606
11:07:06,181,3.5529535864978903
11:07:07,181,3.5529535864978903
11:07:08,182,3.5529535864978903
11:07:09,182,3.5529535864978903
11:07:10,182,3.5529535864978903
11:07:11,182,3.5529535864978903
11:07:12,182,3.5529535864978903
11:07:13,183,3.5529535864978903
11:07:14,183,3.5529535864978903
11:07:15,183,3.5529535864978903
11:07:16,183,3.57625
11:07:17,184,3.57625
11:07:18,184,3.59238683127572
11:07:19,184,3.59238683127572
11:07:20,184,3.59238683127572
11:07:21,184,3.606707317073171
11:07:22,184,3.6279116465863455
11:07:23,184,3.6279116465863455
11:07:24,184,3.6496031746031745
11:07:25,184,3.6496031746031745
11:07:26,184,3.6496031746031745
11:07:27,184,3.6496031746031745
11:07:28,184,3.6496031746031745
11:07:29,184,3.6496031746031745
11:07:30,184,3.6676470588235293
11:07:31,184,3.6676470588235293
11:07:32,184,3.6676470588235293
11:07:33,184,3.6676470588235293
11:07:34,184,3.6676470588235293
11:07:35,184,3.6893410852713178
11:07:36,184,3.6893410852713178
11:07:37,184,3.708045977011494
11:07:38,184,3.7310606060606064
11:07:39,184,3.7310606060606064
11:07:40,184,3.7310606060606064
11:07:41,184,3.7333333333333334
11:07:42,184,3.7333333333333334
11:07:43,184,3.7333333333333334
11:07:44,184,3.7333333333333334
11:07:45,184,3.7333333333333334
11:07:46,184,3.7564814814814813
11:07:47,184,3.7564814814814813
11:07:48,184,3.7564814814814813
11:07:49,184,3.7564814814814813
11:07:50,184,3.7564814814814813
11:07:51,184,3.7564814814814813
11:07:52,184,3.7564814814814813
11:07:53,185,3.7564814814814813
11:07:54,185,3.7564814814814813
11:07:55,186,3.7564814814814813
11:07:56,187,3.765018315018315
11:07:57,187,3.765018315018315
11:07:58,188,3.765018315018315
11:07:59,190,3.78786231884058
11:08:00,190,3.78786231884058
11:08:01,190,3.8094982078853046
11:08:02,190,3.8094982078853046
11:08:03,191,3.8094982078853046
11:08:04,191,3.8094982078853046
11:08:05,192,3.8094982078853046
11:08:06,192,3.8094982078853046
11:08:07,193,3.8094982078853046
11:08:08,193,3.817198581560284
11:08:09,193,3.817198581560284
11:08:10,193,3.817198581560284
11:08:11,193,3.8342105263157893
11:08:12,193,3.8342105263157893
11:08:13,194,3.8539930555555557
11:08:14,194,3.8539930555555557
11:08:15,194,3.87319587628866
11:08:16,194,3.8931972789115648
11:08:17,194,3.8931972789115648
11:08:18,195,3.8968013468013467
11:08:19,195,3.8968013468013467
11:08:20,196,3.9136666666666664
11:08:21,198,3.9136666666666664
11:08:22,198,3.9136666666666664
11:08:23,198,3.9136666666666664
11:08:24,198,3.9136666666666664
11:08:25,199,3.9136666666666664
11:08:26,199,3.9136666666666664
11:08:27,199,3.91996699669967
11:08:28,200,3.91996699669967
11:08:29,200,3.91996699669967
11:08:30,200,3.904248366013072
11:08:31,200,3.904248366013072
11:08:32,201,3.8980582524271843
11:08:33,201,3.8980582524271843
11:08:34,201,3.8980582524271843
11:08:35,201,3.923717948717949
11:08:36,202,3.923717948717949
11:08:37,202,3.923717948717949
11:08:38,202,3.923717948717949
11:08:39,203,3.923717948717949
11:08:40,203,3.923717948717949
11:08:41,203,3.923717948717949
11:08:42,203,3.923717948717949
11:08:43,204,3.923717948717949
11:08:44,204,3.923717948717949
11:08:45,204,3.9412698412698415
11:08:46,205,3.9412698412698415
11:08:47,206,3.9412698412698415
11:08:48,206,3.9412698412698415
11:08:49,206,3.9412698412698415
11:08:50,206,3.9412698412698415
11:08:51,206,3.9412698412698415
11:08:52,206,3.9412698412698415
11:08:53,206,3.9412698412698415
11:08:54,206,3.9611635220125785
11:08:55,206,3.9611635220125785
11:08:56,206,3.9611635220125785
11:08:57,206,3.9611635220125785
11:08:58,206,3.9611635220125785
11:08:59,206,3.9611635220125785
11:09:00,206,3.9611635220125785
11:09:01,206,3.9611635220125785
11:09:02,206,3.980841121495327
11:09:03,206,3.980841121495327
11:09:04,206,3.980841121495327
11:09:05,207,4.003240740740741
11:09:06,208,4.003240740740741
11:09:07,208,4.003240740740741
11:09:08,208,4.003240740740741
11:09:09,208,4.0262996941896025
11:09:10,208,4.0262996941896025
11:09:11,208,4.0262996941896025
11:09:12,208,4.0262996941896025
11:09:13,208,4.0262996941896025
11:09:14,208,4.0262996941896025
11:09:15,208,4.047878787878788
11:09:16,209,4.056006006006006
11:09:17,209,4.056006006006006
11:09:18,209,4.056006006006006
11:09:19,210,4.056006006006006
11:09:20,211,4.056006006006006
11:09:21,211,4.056006006006006
11:09:22,211,4.056006006006006
11:09:23,211,4.056006006006006
11:09:24,211,4.056006006006006
11:09:25,212,4.0407738095238095
11:09:26,212,4.0407738095238095
11:09:27,212,4.06283185840708
11:09:28,212,4.047953216374269
11:09:29,212,4.047953216374269
11:09:30,212,4.066811594202899
11:09:31,212,4.066811594202899
11:09:32,212,4.066811594202899
11:09:33,212,4.066811594202899
11:09:34,212,4.066811594202899
11:09:35,212,4.088218390804598
11:09:36,212,4.088218390804598
11:09:37,212,4.088218390804598
11:09:38,212,4.088218390804598
11:09:39,212,4.088218390804598
11:09:40,212,4.088218390804598
11:09:41,212,4.088218390804598
11:09:42,212,4.088218390804598
11:09:43,212,4.088218390804598
11:09:44,212,4.088218390804598
11:09:45,212,4.107264957264957
11:09:46,212,4.107264957264957
11:09:47,212,4.107264957264957
11:09:48,212,4.107264957264957
11:09:49,212,4.127118644067797
11:09:50,212,4.127118644067797
11:09:51,212,4.127118644067797
11:09:52,212,4.148459383753502
11:09:53,212,4.148459383753502
11:09:54,212,4.148459383753502
11:09:55,212,4.173194444444444
11:09:56,212,4.173194444444444
11:09:57,212,4.173194444444444
11:09:58,212,4.173194444444444
11:09:59,212,4.195592286501378
11:10:00,212,4.195592286501378
11:10:01,212,4.195592286501378
11:10:02,212,4.195592286501378
11:10:03,212,4.195592286501378
11:10:04,212,4.195592286501378
11:10:05,212,4.195592286501378
11:10:06,212,4.195592286501378
11:10:07,212,4.195592286501378
11:10:08,212,4.195592286501378
11:10:09,212,4.217896174863388
11:10:10,214,4.217896174863388
11:10:11,214,4.217896174863388
11:10:12,214,4.217896174863388
11:10:13,215,4.226075268817204
11:10:14,215,4.226075268817204
11:10:15,215,4.226075268817204
11:10:16,216,4.226075268817204
11:10:17,216,4.2476
11:10:18,216,4.2476
11:10:19,216,4.2476
11:10:20,217,4.232804232804233
11:10:21,217,4.218110236220473
11:10:22,217,4.218110236220473
11:10:23,217,4.218110236220473
11:10:24,217,4.239583333333333
11:10:25,217,4.239583333333333
11:10:26,218,4.239583333333333
11:10:27,218,4.239583333333333
11:10:28,218,4.239583333333333
11:10:29,218,4.239583333333333
11:10:30,218,4.239583333333333
11:10:31,218,4.239583333333333
11:10:32,218,4.239583333333333
11:10:33,218,4.239583333333333
11:10:34,218,4.261627906976744
11:10:35,218,4.261627906976744
11:10:36,218,4.283076923076923
11:10:37,218,4.283076923076923
11:10:38,218,4.283076923076923
11:10:39,218,4.283076923076923
11:10:40,218,4.283076923076923
11:10:41,218,4.283076923076923
11:10:42,218,4.283076923076923
11:10:43,218,4.283076923076923
11:10:44,219,4.283076923076923
11:10:45,219,4.283076923076923
11:10:46,219,4.283076923076923
11:10:47,219,4.283076923076923
11:10:48,219,4.283076923076923
11:10:49,219,4.307760814249364
11:10:50,220,4.307760814249364
11:10:51,220,4.307760814249364
11:10:52,220,4.307760814249364
11:10:53,220,4.307760814249364
11:10:54,220,4.307760814249364
11:10:55,220,4.307760814249364
11:10:56,220,4.307760814249364
11:10:57,220,4.307760814249364
11:10:58,220,4.331313131313132
11:10:59,221,4.331313131313132
11:11:00,221,4.352631578947368
11:11:01,221,4.352631578947368
11:11:02,221,4.378855721393035
11:11:03,221,4.378855721393035
11:11:04,222,4.36962962962963
11:11:05,222,4.36962962962963
11:11:06,223,4.3882352941176475
11:11:07,223,4.406447688564477
11:11:08,223,4.406447688564477
11:11:09,223,4.391545893719806
11:11:10,223,4.413429256594724
11:11:11,224,4.3967857142857145
11:11:12,224,4.3967857142857145
11:11:13,224,4.3967857142857145
11:11:14,225,4.3967857142857145
11:11:15,225,4.3967857142857145
11:11:16,225,4.3967857142857145
11:11:17,226,4.3967857142857145
11:11:18,226,4.3967857142857145
11:11:19,226,4.3967857142857145
11:11:20,226,4.3967857142857145
11:11:21,227,4.3967857142857145
11:11:22,227,4.3967857142857145
11:11:23,227,4.3967857142857145
11:11:24,227,4.3967857142857145
11:11:25,228,4.3967857142857145
11:11:26,228,4.3967857142857145
11:11:27,228,4.3967857142857145
11:11:28,228,4.3967857142857145
11:11:29,228,4.3967857142857145
11:11:30,228,4.3967857142857145
11:11:31,229,4.3967857142857145
11:11:32,229,4.389716312056738
11:11:33,229,4.389716312056738
11:11:34,229,4.414319248826291
11:11:35,230,4.414319248826291
11:11:36,230,4.414319248826291
11:11:37,230,4.3997668997669
11:11:38,231,4.3997668997669
11:11:39,231,4.3997668997669
11:11:40,232,4.3997668997669
11:11:41,233,4.420486111111112
11:11:42,233,4.420486111111112
11:11:43,233,4.4479310344827585
11:11:44,233,4.465981735159817
11:11:45,234,4.465981735159817
11:11:46,234,4.465981735159817
11:11:47,234,4.465981735159817
11:11:48,234,4.465981735159817
11:11:49,236,4.486281179138322
11:11:50,236,4.486281179138322
11:11:51,236,4.511711711711712
11:11:52,237,4.504921700223714
11:11:53,238,4.504921700223714
11:11:54,238,4.504921700223714
11:11:55,238,4.501
11:11:56,238,4.501
11:11:57,238,4.488520971302429
11:11:58,238,4.488520971302429
11:11:59,238,4.488520971302429
11:12:00,238,4.488520971302429
11:12:01,239,4.471052631578947
11:12:02,239,4.471052631578947
11:12:03,239,4.471052631578947
11:12:04,239,4.466122004357299
11:12:05,239,4.466122004357299
11:12:06,239,4.466122004357299
11:12:07,239,4.466122004357299
11:12:08,239,4.466122004357299
11:12:09,239,4.466122004357299
11:12:10,239,4.466122004357299
11:12:11,239,4.466122004357299
11:12:12,239,4.466122004357299
11:12:13,239,4.466122004357299
11:12:14,239,4.466122004357299
11:12:15,239,4.466122004357299
11:12:16,239,4.466122004357299
11:12:17,239,4.466122004357299
11:12:18,239,4.466122004357299
11:12:19,239,4.466122004357299
11:12:20,239,4.466122004357299
11:12:21,239,4.466122004357299
11:12:22,239,4.466122004357299
11:12:23,239,4.487987012987014
11:12:24,240,4.487987012987014
11:12:25,240,4.506236559139785
11:12:26,240,4.506236559139785
11:12:27,240,4.506236559139785
11:12:28,240,4.506236559139785
11:12:29,240,4.506236559139785
11:12:30,240,4.506236559139785
11:12:31,240,4.532692307692307
11:12:32,240,4.532692307692307
11:12:33,241,4.532692307692307
11:12:34,241,4.551804670912952
11:12:35,241,4.551804670912952
11:12:36,241,4.551804670912952
11:12:37,241,4.551804670912952
11:12:38,241,4.551804670912952
11:12:39,241,4.551804670912952
11:12:40,241,4.574683544303797
11:12:41,241,4.574683544303797
11:12:42,241,4.574683544303797
11:12:43,241,4.574683544303797
11:12:44,241,4.574683544303797
11:12:45,241,4.574683544303797
11:12:46,241,4.571698113207547
11:12:47,241,4.571698113207547
11:12:48,241,4.5925
11:12:49,241,4.60983436853002
11:12:50,241,4.60983436853002
11:12:51,241,4.59783950617284
11:12:52,241,4.59783950617284
11:12:53,241,4.585582822085889
11:12:54,241,4.585582822085889
11:12:55,241,4.585582822085889
11:12:56,241,4.585582822085889
11:12:57,242,4.585582822085889
11:12:58,242,4.585582822085889
11:12:59,242,4.585582822085889
11:13:00,242,4.585582822085889
11:13:01,243,4.585582822085889
11:13:02,243,4.585582822085889
11:13:03,243,4.585582822085889
11:13:04,244,4.585582822085889
11:13:05,244,4.585582822085889
11:13:06,244,4.585582822085889
11:13:07,244,4.585582822085889
11:13:08,245,4.605589430894309
11:13:09,245,4.605589430894309
11:13:10,245,4.605589430894309
11:13:11,246,4.605589430894309
11:13:12,246,4.605589430894309
11:13:13,246,4.628989898989899
11:13:14,246,4.628989898989899
11:13:15,247,4.649899598393574
11:13:16,247,4.649899598393574
11:13:17,247,4.649899598393574
11:13:18,247,4.675149700598803
11:13:19,247,4.675149700598803
11:13:20,247,4.675149700598803
11:13:21,247,4.675149700598803
11:13:22,247,4.675149700598803
11:13:23,247,4.675149700598803
11:13:24,247,4.675149700598803
11:13:25,247,4.675149700598803
11:13:26,247,4.675149700598803
11:13:27,248,4.675149700598803
11:13:28,248,4.675149700598803
11:13:29,248,4.675149700598803
11:13:30,248,4.675149700598803
11:13:31,248,4.675149700598803
11:13:32,248,4.675149700598803
11:13:33,248,4.675149700598803
11:13:34,248,4.675149700598803
11:13:35,248,4.665972222222222
11:13:36,248,4.665972222222222
11:13:37,248,4.657692307692307
11:13:38,249,4.676666666666667
11:13:39,249,4.676666666666667
11:13:40,249,4.676666666666667
11:13:41,249,4.676666666666667
11:13:42,249,4.669590643274854
11:13:43,249,4.691279069767442
11:13:44,249,4.691279069767442
11:13:45,249,4.691279069767442
11:13:46,249,4.691279069767442
11:13:47,249,4.691279069767442
11:13:48,249,4.71281310211946
11:13:49,249,4.71281310211946
11:13:50,249,4.733620689655172
11:13:51,249,4.733620689655172
11:13:52,249,4.758190476190476
11:13:53,249,4.758190476190476
11:13:54,249,4.758190476190476
11:13:55,249,4.758190476190476
11:13:56,249,4.758190476190476
11:13:57,249,4.758190476190476
11:13:58,249,4.761299435028248
11:13:59,249,4.761299435028248
11:14:00,249,4.761299435028248
11:14:01,249,4.747659176029962
11:14:02,249,4.747659176029962
11:14:03,249,4.747659176029962
11:14:04,249,4.747659176029962
11:14:05,249,4.747659176029962
11:14:06,250,4.747659176029962
11:14:07,250,4.747659176029962
11:14:08,250,4.747659176029962
11:14:09,250,4.734078212290503
11:14:10,250,4.734078212290503
11:14:11,250,4.734078212290503
11:14:12,250,4.734078212290503
11:14:13,250,4.734078212290503
11:14:14,250,4.734078212290503
11:14:15,250,4.734078212290503
11:14:16,250,4.734078212290503
11:14:17,250,4.752314814814815
11:14:18,251,4.752314814814815
11:14:19,251,4.7725598526703505
11:14:20,251,4.7725598526703505
11:14:21,251,4.7725598526703505
11:14:22,252,4.7725598526703505
11:14:23,252,4.7725598526703505
11:14:24,253,4.7725598526703505
11:14:25,253,4.7725598526703505
11:14:26,253,4.7725598526703505
11:14:27,253,4.7725598526703505
11:14:28,253,4.7725598526703505
11:14:29,253,4.797252747252747
11:14:30,254,4.797252747252747
11:14:31,254,4.797252747252747
11:14:32,254,4.816757741347905
11:14:33,255,4.816757741347905
11:14:34,255,4.816757741347905
11:14:35,255,4.816757741347905
11:14:36,255,4.816757741347905
11:14:37,255,4.838496376811594
11:14:38,256,4.823513513513514
11:14:39,257,4.823513513513514
11:14:40,257,4.844982078853047
11:14:41,258,4.844982078853047
11:14:42,258,4.844982078853047
11:14:43,258,4.844982078853047
11:14:44,259,4.844982078853047
11:14:45,260,4.844982078853047
11:14:46,260,4.831639928698752
11:14:47,262,4.831639928698752
11:14:48,262,4.831639928698752
11:14:49,263,4.831639928698752
11:14:50,264,4.831639928698752
11:14:51,264,4.852836879432624
11:14:52,265,4.852836879432624
11:14:53,266,4.852836879432624
11:14:54,266,4.852836879432624
11:14:55,266,4.852836879432624
11:14:56,267,4.852836879432624
11:14:57,268,4.852836879432624
11:14:58,268,4.852836879432624
11:14:59,268,4.852836879432624
11:15:00,269,4.852836879432624
11:15:01,270,4.852836879432624
11:15:02,270,4.852836879432624
11:15:03,270,4.852836879432624
11:15:04,271,4.852836879432624
11:15:05,272,4.852836879432624
11:15:06,273,4.852836879432624
11:15:07,273,4.852836879432624
11:15:08,273,4.852836879432624
11:15:09,273,4.852836879432624
11:15:10,274,4.852836879432624
11:15:11,274,4.852836879432624
11:15:12,274,4.852836879432624
11:15:13,275,4.852836879432624
11:15:14,275,4.874867724867725
11:15:15,275,4.874867724867725
11:15:16,275,4.874867724867725
11:15:17,276,4.874867724867725
11:15:18,276,4.874867724867725
11:15:19,276,4.896228070175439
11:15:20,277,4.896228070175439
11:15:21,277,4.896228070175439
11:15:22,278,4.896228070175439
11:15:23,278,4.896228070175439
11:15:24,278,4.896228070175439
11:15:25,279,4.896228070175439
11:15:26,279,4.896228070175439
11:15:27,279,4.919458987783595
11:15:28,279,4.919458987783595
11:15:29,279,4.919458987783595
11:15:30,279,4.919458987783595
11:15:31,281,4.919458987783595
11:15:32,281,4.919458987783595
11:15:33,281,4.919458987783595
11:15:34,282,4.9453125
11:15:35,282,4.9453125
11:15:36,282,4.966321243523316
11:15:37,282,4.966321243523316
11:15:38,283,4.966321243523316
11:15:39,284,4.966321243523316
11:15:40,285,4.966321243523316
11:15:41,286,4.987972508591065
11:15:42,286,4.987972508591065
11:15:43,287,4.987972508591065
11:15:44,287,4.987972508591065
11:15:45,288,4.987972508591065
11:15:46,289,4.987972508591065
11:15:47,289,4.987972508591065
11:15:48,291,4.987972508591065
11:15:49,291,4.987972508591065
11:15:50,291,4.987972508591065
11:15:51,292,4.987972508591065
11:15:52,292,4.987972508591065
11:15:53,293,4.987972508591065
11:15:54,293,5.008632478632479
11:15:55,294,5.008632478632479
11:15:56,294,5.008632478632479
11:15:57,295,5.008632478632479
11:15:58,296,5.008632478632479
11:15:59,296,5.008632478632479
11:16:00,297,5.008632478632479
11:16:01,298,5.008632478632479
11:16:02,298,5.008632478632479
11:16:03,298,5.008632478632479
11:16:04,300,5.008632478632479
11:16:05,301,5.008632478632479
11:16:06,302,5.008632478632479
11:16:07,302,5.008632478632479
11:16:08,303,5.008632478632479
11:16:09,303,5.030612244897958
11:16:10,304,5.030612244897958
11:16:11,304,5.030612244897958
11:16:12,305,5.01429780033841
11:16:13,306,5.01429780033841
11:16:14,306,5.0367845117845125
11:16:15,306,5.0367845117845125
11:16:16,308,5.0367845117845125
11:16:17,308,5.0595477386934675
11:16:18,308,5.0595477386934675
11:16:19,309,5.0825
11:16:20,310,5.0825
11:16:21,310,5.107131011608624
11:16:22,311,5.107131011608624
11:16:23,312,5.107131011608624
11:16:24,312,5.107131011608624
11:16:25,313,5.107131011608624
11:16:26,313,5.107131011608624
11:16:27,315,5.107131011608624
11:16:28,316,5.107131011608624
11:16:29,316,5.107131011608624
11:16:30,316,5.107131011608624
11:16:31,317,5.107131011608624
11:16:32,317,5.107131011608624
11:16:33,317,5.107131011608624
11:16:34,318,5.129290429042904
11:16:35,318,5.129290429042904
11:16:36,318,5.129290429042904
11:16:37,319,5.129290429042904
11:16:38,320,5.129290429042904
11:16:39,320,5.151313628899836
11:16:40,320,5.151313628899836
11:16:41,321,5.151313628899836
11:16:42,322,5.151313628899836
11:16:43,322,5.172222222222222
11:16:44,323,5.158292682926829
11:16:45,323,5.158292682926829
11:16:46,323,5.158292682926829
11:16:47,325,5.158292682926829
11:16:48,325,5.175970873786408
11:16:49,325,5.175970873786408
11:16:50,326,5.175970873786408
11:16:51,327,5.175970873786408
11:16:52,327,5.162318840579711
11:16:53,328,5.162318840579711
11:16:54,329,5.162318840579711
11:16:55,329,5.147676282051282
11:16:56,330,5.147676282051282
11:16:57,330,5.147676282051282
11:16:58,330,5.147676282051282
11:16:59,331,5.156587301587302
11:17:00,332,5.156587301587302
11:17:01,332,5.156587301587302
11:17:02,332,5.156587301587302
11:17:03,332,5.156587301587302
11:17:04,332,5.156587301587302
11:17:05,332,5.156587301587302
11:17:06,332,5.156587301587302
11:17:07,333,5.156587301587302
11:17:08,333,5.182701421800948
11:17:09,333,5.182701421800948
11:17:10,333,5.182701421800948
11:17:11,334,5.201257861635221
11:17:12,334,5.201257861635221
11:17:13,335,5.201257861635221
11:17:14,335,5.201257861635221
11:17:15,335,5.187871674491393
11:17:16,335,5.187871674491393
11:17:17,335,5.187871674491393
11:17:18,336,5.20506230529595
11:17:19,336,5.20506230529595
11:17:20,336,5.20506230529595
11:17:21,337,5.20506230529595
11:17:22,337,5.20506230529595
11:17:23,337,5.20506230529595
11:17:24,337,5.20506230529595
11:17:25,337,5.1941085271317835
11:17:26,337,5.1941085271317835
11:17:27,337,5.1941085271317835
11:17:28,337,5.1941085271317835
11:17:29,337,5.218055555555555
11:17:30,337,5.218055555555555
11:17:31,337,5.218055555555555
11:17:32,337,5.218055555555555
11:17:33,337,5.218055555555555
11:17:34,337,5.207219662058372
11:17:35,337,5.207219662058372
11:17:36,337,5.225152905198777
11:17:37,337,5.225152905198777
11:17:38,337,5.225152905198777
11:17:39,337,5.212024353120244
11:17:40,337,5.212024353120244
11:17:41,337,5.212024353120244
11:17:42,337,5.212024353120244
11:17:43,337,5.212024353120244
11:17:44,338,5.212024353120244
11:17:45,338,5.231212121212121
11:17:46,338,5.231212121212121
11:17:47,338,5.231212121212121
11:17:48,338,5.231212121212121
11:17:49,339,5.221794871794872
11:17:50,340,5.221794871794872
11:17:51,340,5.241591591591591
11:17:52,341,5.241591591591591
11:17:53,341,5.241591591591591
11:17:54,342,5.258968609865471
11:17:55,342,5.258968609865471
11:17:56,342,5.258968609865471
11:17:57,343,5.267703703703703
11:17:58,343,5.267703703703703
11:17:59,344,5.293289085545723
11:18:00,344,5.283039647577093
11:18:01,345,5.283039647577093
11:18:02,345,5.283039647577093
11:18:03,345,5.283039647577093
11:18:04,346,5.283039647577093
11:18:05,346,5.283039647577093
11:18:06,347,5.283039647577093
11:18:07,347,5.283039647577093
11:18:08,347,5.2747076023391815
11:18:09,347,5.2747076023391815
11:18:10,348,5.2747076023391815
11:18:11,348,5.2747076023391815
11:18:12,348,5.2747076023391815
11:18:13,349,5.2663755458515285
11:18:14,349,5.2663755458515285
11:18:15,349,5.257173913043478
11:18:16,350,5.257173913043478
11:18:17,350,5.257173913043478
11:18:18,351,5.257173913043478
11:18:19,352,5.278643578643579
11:18:20,352,5.278643578643579
11:18:21,352,5.278643578643579
11:18:22,353,5.297413793103448
11:18:23,353,5.297413793103448
11:18:24,353,5.297413793103448
11:18:25,354,5.297413793103448
11:18:26,354,5.28862660944206
11:18:27,354,5.28862660944206
11:18:28,354,5.28862660944206
11:18:29,355,5.28862660944206
11:18:30,355,5.28862660944206
11:18:31,355,5.314245014245015
11:18:32,357,5.314245014245015
11:18:33,357,5.305744680851064
11:18:34,357,5.305744680851064
11:18:35,358,5.305744680851064
11:18:36,358,5.305744680851064
11:18:37,359,5.305744680851064
11:18:38,359,5.305744680851064
11:18:39,360,5.305744680851064
11:18:40,360,5.305744680851064
11:18:41,360,5.305744680851064
11:18:42,361,5.315536723163842
11:18:43,361,5.315536723163842
11:18:44,361,5.315536723163842
11:18:45,361,5.332770745428974
11:18:46,361,5.332770745428974
11:18:47,361,5.332770745428974
11:18:48,361,5.3426470588235295
11:18:49,361,5.3426470588235295
11:18:50,361,5.364086471408647
11:18:51,361,5.364086471408647
11:18:52,361,5.364086471408647
11:18:53,361,5.364086471408647
11:18:54,361,5.364086471408647
11:18:55,361,5.355833333333334
11:18:56,361,5.355833333333334
11:18:57,361,5.355833333333334
11:18:58,361,5.355833333333334
11:18:59,362,5.347717842323651
11:19:00,362,5.347717842323651
11:19:01,362,5.347717842323651
11:19:02,363,5.342424242424243
11:19:03,363,5.342424242424243
11:19:04,363,5.342424242424243
11:19:05,363,5.336899862825788
11:19:06,365,5.336899862825788
11:19:07,365,5.336899862825788
11:19:08,365,5.349385245901639
11:19:09,365,5.349385245901639
11:19:10,366,5.349385245901639
11:19:11,368,5.368639455782313
11:19:12,368,5.368639455782313
11:19:13,369,5.368639455782313
11:19:14,370,5.368639455782313
11:19:15,371,5.3625338753387535
11:19:16,372,5.3625338753387535
11:19:17,374,5.3625338753387535
11:19:18,374,5.3625338753387535
11:19:19,375,5.373009446693657
11:19:20,377,5.373009446693657
11:19:21,378,5.373009446693657
11:19:22,379,5.38908969210174
11:19:23,379,5.38908969210174
11:19:24,382,5.38908969210174
11:19:25,382,5.38908969210174
11:19:26,383,5.38908969210174
11:19:27,384,5.38908969210174
11:19:28,385,5.38908969210174
11:19:29,386,5.38908969210174
11:19:30,386,5.38908969210174
11:19:31,386,5.38908969210174
11:19:32,387,5.399533333333333
11:19:33,387,5.418326693227091
11:19:34,388,5.4135582010582
11:19:35,390,5.4135582010582
11:19:36,391,5.4135582010582
11:19:37,391,5.4135582010582
11:19:38,393,5.4135582010582
11:19:39,393,5.423056653491437
11:19:40,394,5.423056653491437
11:19:41,395,5.423056653491437
11:19:42,396,5.434251968503937
11:19:43,397,5.434251968503937
11:19:44,398,5.429411764705882
11:19:45,398,5.429411764705882
11:19:46,399,5.429411764705882
11:19:47,401,5.429411764705882
11:19:48,401,5.424283854166666
11:19:49,402,5.424283854166666
11:19:50,404,5.436381322957199
11:19:51,404,5.436381322957199
11:19:52,405,5.436381322957199
11:19:53,407,5.436381322957199
11:19:54,408,5.436381322957199
11:19:55,408,5.436381322957199
11:19:56,408,5.449935400516796
11:19:57,409,5.449935400516796
11:19:58,409,5.449935400516796
11:19:59,411,5.449935400516796
11:20:00,411,5.449935400516796
11:20:01,412,5.4642857142857135
11:20:02,413,5.4642857142857135
11:20:03,413,5.4642857142857135
11:20:04,413,5.459935897435898
11:20:05,414,5.459935897435898
11:20:06,415,5.459935897435898
11:20:07,417,5.4665394402035625
11:20:08,417,5.4665394402035625
11:20:09,418,5.462864385297846
11:20:10,420,5.462864385297846
11:20:11,420,5.462864385297846
11:20:12,421,5.462864385297846
11:20:13,423,5.462864385297846
11:20:14,424,5.462864385297846
11:20:15,424,5.462864385297846
11:20:16,424,5.462864385297846
11:20:17,426,5.4750631313131315
11:20:18,426,5.4717610062893085
11:20:19,427,5.4717610062893085
11:20:20,428,5.4717610062893085
11:20:21,429,5.4717610062893085
11:20:22,429,5.4717610062893085
11:20:23,429,5.4717610062893085
11:20:24,431,5.4717610062893085
11:20:25,431,5.4717610062893085
11:20:26,432,5.468734335839599
11:20:27,432,5.476029962546817
11:20:28,432,5.476029962546817
11:20:29,433,5.476029962546817
11:20:30,434,5.476029962546817
11:20:31,435,5.476029962546817
11:20:32,436,5.476029962546817
11:20:33,437,5.476029962546817
11:20:34,437,5.476029962546817
11:20:35,438,5.483333333333333
11:20:36,439,5.483333333333333
11:20:37,440,5.483333333333333
11:20:38,440,5.483333333333333
11:20:39,440,5.483333333333333
11:20:40,441,5.483333333333333
11:20:41,441,5.4806071871127635
11:20:42,442,5.4806071871127635
11:20:43,443,5.4806071871127635
11:20:44,444,5.495432098765432
11:20:45,444,5.495432098765432
11:20:46,445,5.495432098765432
11:20:47,445,5.495432098765432
11:20:48,446,5.495432098765432
11:20:49,446,5.495432098765432
11:20:50,447,5.495432098765432
11:20:51,447,5.510762607626076
11:20:52,448,5.510762607626076
11:20:53,449,5.510762607626076
11:20:54,449,5.524325980392157
11:20:55,449,5.524325980392157
11:20:56,449,5.522832722832723
11:20:57,449,5.529757575757576
11:20:58,449,5.529757575757576
11:20:59,450,5.527838164251207
11:21:00,451,5.527838164251207
11:21:01,451,5.534476534296029
11:21:02,451,5.533033573141487
11:21:03,452,5.533033573141487
11:21:04,452,5.533033573141487
11:21:05,452,5.533033573141487
11:21:06,453,5.533033573141487
11:21:07,453,5.533033573141487
11:21:08,453,5.533033573141487
11:21:09,453,5.533033573141487
11:21:10,453,5.533033573141487
11:21:11,454,5.533033573141487
11:21:12,454,5.533033573141487
11:21:13,454,5.533033573141487
11:21:14,454,5.533033573141487
11:21:15,454,5.531899641577061
11:21:16,455,5.531899641577061
11:21:17,455,5.531130952380952
11:21:18,455,5.531130952380952
11:21:19,455,5.531130952380952
11:21:20,455,5.531130952380952
11:21:21,455,5.531130952380952
11:21:22,455,5.530249110320285
11:21:23,455,5.530249110320285
11:21:24,455,5.539479905437352
11:21:25,455,5.539479905437352
11:21:26,457,5.539479905437352
11:21:27,458,5.539479905437352
11:21:28,458,5.539479905437352
11:21:29,459,5.539479905437352
11:21:30,459,5.539479905437352
11:21:31,459,5.538633686690224
11:21:32,460,5.538633686690224
11:21:33,460,5.538633686690224
11:21:34,461,5.538086854460094
11:21:35,461,5.553508771929825
11:21:36,461,5.553379953379954
11:21:37,463,5.55725900116144
11:21:38,463,5.55725900116144
11:21:39,463,5.55725900116144
11:21:40,464,5.55725900116144
11:21:41,465,5.55725900116144
11:21:42,465,5.572048611111112
11:21:43,465,5.572048611111112
11:21:44,466,5.572048611111112
11:21:45,466,5.58316032295271
11:21:46,467,5.583735632183908
11:21:47,467,5.590893470790378
11:21:48,467,5.590893470790378
11:21:49,467,5.590893470790378
11:21:50,467,5.590893470790378
11:21:51,468,5.605365296803653
11:21:52,468,5.605290102389079
11:21:53,468,5.605290102389079
11:21:54,468,5.605290102389079
11:21:55,469,5.605290102389079
11:21:56,469,5.605290102389079
11:21:57,469,5.605290102389079
11:21:58,470,5.605290102389079
11:21:59,470,5.605290102389079
11:22:00,470,5.605290102389079
11:22:01,471,5.605290102389079
11:22:02,471,5.605290102389079
11:22:03,471,5.605290102389079
11:22:04,471,5.605290102389079
11:22:05,471,5.606122448979591
11:22:06,472,5.606122448979591
11:22:07,473,5.606122448979591
11:22:08,473,5.6074011299435025
11:22:09,474,5.6074011299435025
11:22:10,475,5.6074011299435025
11:22:11,475,5.608220720720721
11:22:12,475,5.613524130190797
11:22:13,475,5.613524130190797
11:22:14,475,5.613524130190797
11:22:15,475,5.613524130190797
11:22:16,475,5.613524130190797
11:22:17,475,5.6148210290827745
11:22:18,475,5.6148210290827745
11:22:19,475,5.6148210290827745
11:22:20,475,5.6148210290827745
11:22:21,475,5.6148210290827745
11:22:22,476,5.6148210290827745
11:22:23,476,5.61577480490524
11:22:24,476,5.6225000000000005
11:22:25,476,5.6225000000000005
11:22:26,477,5.6225000000000005
11:22:27,477,5.623311184939093
11:22:28,478,5.623311184939093
11:22:29,478,5.623311184939093
11:22:30,478,5.625055187637969
11:22:31,478,5.625055187637969
11:22:32,478,5.625055187637969
11:22:33,478,5.633663366336633
11:22:34,478,5.633663366336633
11:22:35,478,5.633663366336633
11:22:36,478,5.637554824561404
11:22:37,478,5.637554824561404
11:22:38,478,5.640437158469946
11:22:39,478,5.640437158469946
11:22:40,478,5.638071895424837
11:22:41,478,5.638071895424837
11:22:42,478,5.639467969598263
11:22:43,478,5.639467969598263
11:22:44,479,5.639467969598263
11:22:45,479,5.639467969598263
11:22:46,479,5.652218614718615
11:22:47,480,5.652218614718615
11:22:48,481,5.652218614718615
11:22:49,481,5.651725997842503
11:22:50,481,5.651725997842503
11:22:51,481,5.654301075268817
11:22:52,481,5.654301075268817
11:22:53,481,5.654301075268817
11:22:54,481,5.654301075268817
11:22:55,481,5.654301075268817
11:22:56,481,5.654301075268817
11:22:57,481,5.654301075268817
11:22:58,481,5.654301075268817
11:22:59,481,5.659646302250804
11:23:00,481,5.659646302250804
11:23:01,481,5.659646302250804
11:23:02,481,5.661965811965812
11:23:03,481,5.661965811965812
11:23:04,481,5.661965811965812
11:23:05,481,5.661965811965812
11:23:06,481,5.661965811965812
11:23:07,481,5.661965811965812
11:23:08,481,5.661965811965812
11:23:09,481,5.66640042598509
11:23:10,482,5.66640042598509
11:23:11,482,5.66640042598509
11:23:12,482,5.66640042598509
11:23:13,482,5.66640042598509
11:23:14,482,5.664649681528662
11:23:15,482,5.664649681528662
11:23:16,482,5.664649681528662
11:23:17,483,5.664649681528662
11:23:18,483,5.664649681528662
11:23:19,483,5.664649681528662
11:23:20,483,5.668730158730159
11:23:21,483,5.668090717299578
11:23:22,483,5.668090717299578
11:23:23,483,5.668090717299578
11:23:24,484,5.677076761303891
11:23:25,484,5.677076761303891
11:23:26,484,5.6812368972746325
11:23:27,484,5.6812368972746325
11:23:28,484,5.684326018808777
11:23:29,484,5.684326018808777
11:23:30,484,5.68765625
11:23:31,484,5.68765625
11:23:32,484,5.68765625
11:23:33,484,5.68765625
11:23:34,484,5.68765625
11:23:35,484,5.68765625
11:23:36,485,5.68765625
11:23:37,485,5.68765625
11:23:38,485,5.701609553478713
11:23:39,485,5.701609553478713
11:23:40,488,5.701609553478713
11:23:41,488,5.701609553478713
11:23:42,488,5.701609553478713
11:23:43,488,5.706418219461698
11:23:44,488,5.706418219461698
11:23:45,488,5.706418219461698
11:23:46,489,5.706418219461698
11:23:47,489,5.7102167182662535
11:23:48,489,5.711008230452675
11:23:49,490,5.711008230452675
11:23:50,490,5.711008230452675
11:23:51,490,5.710102564102565
11:23:52,491,5.710102564102565
11:23:53,491,5.710102564102565
11:23:54,492,5.710102564102565
11:23:55,493,5.710102564102565
11:23:56,493,5.710102564102565
11:23:57,494,5.710102564102565
11:23:58,496,5.710102564102565
11:23:59,496,5.710685071574642
11:24:00,497,5.710685071574642
11:24:01,497,5.710685071574642
11:24:02,498,5.710685071574642
11:24:03,499,5.710685071574642
11:24:04,499,5.710685071574642
11:24:05,500,5.710685071574642
11:24:06,500,5.715086646279307
11:24:07,500,5.715086646279307
11:24:08,500,5.715086646279307
11:24:09,500,5.715086646279307
11:24:10,500,5.715086646279307
11:24:11,500,5.715086646279307
11:24:12,500,5.7212398373983735
11:24:13,500,5.7212398373983735
11:24:14,500,5.7212398373983735
11:24:15,500,5.7212398373983735
11:24:16,500,5.7212398373983735
11:24:17,500,5.726393110435664
11:24:18,500,5.726393110435664
11:24:19,500,5.726393110435664
11:24:20,500,5.726393110435664
11:24:21,500,5.726393110435664
11:24:22,500,5.731616161616161
11:24:23,500,5.731616161616161
11:24:24,500,5.731616161616161
11:24:25,500,5.7321752265861035
11:24:26,500,5.7321752265861035
11:24:27,501,5.7321752265861035
11:24:28,501,5.7321752265861035
11:24:29,501,5.738303212851406
11:24:30,501,5.738303212851406
11:24:31,502,5.738303212851406
11:24:32,502,5.738303212851406
11:24:33,502,5.745145145145145
11:24:34,502,5.745145145145145
11:24:35,503,5.745145145145145
11:24:36,503,5.750099800399202
11:24:37,503,5.750099800399202
11:24:38,503,5.750099800399202
11:24:39,504,5.753034825870646
11:24:40,505,5.753034825870646
11:24:41,505,5.752480158730159
11:24:42,505,5.758555885262116
11:24:43,506,5.770759368836292
11:24:44,506,5.770759368836292
11:24:45,507,5.770759368836292
11:24:46,508,5.770759368836292
11:24:47,508,5.770759368836292
11:24:48,508,5.772664700098328
11:24:49,510,5.772664700098328
11:24:50,510,5.772664700098328
11:24:51,510,5.772664700098328
11:24:52,510,5.775343137254902
11:24:53,511,5.775343137254902
11:24:54,511,5.775343137254902
11:24:55,511,5.775343137254902
11:24:56,511,5.775343137254902
11:24:57,512,5.775343137254902
11:24:58,513,5.775343137254902
11:24:59,513,5.775953079178886
11:25:00,513,5.775953079178886
11:25:01,513,5.77948343079922
11:25:02,514,5.77948343079922
11:25:03,514,5.77948343079922
11:25:04,514,5.77948343079922
11:25:05,514,5.77948343079922
11:25:06,514,5.77948343079922
11:25:07,515,5.784205426356589
11:25:08,515,5.784205426356589
11:25:09,515,5.784205426356589
11:25:10,515,5.791980676328503
11:25:11,515,5.791980676328503
11:25:12,516,5.791980676328503
11:25:13,516,5.791980676328503
11:25:14,516,5.791980676328503
11:25:15,516,5.791980676328503
11:25:16,516,5.804576107899807
11:25:17,516,5.804576107899807
11:25:18,516,5.815804597701149
11:25:19,516,5.815804597701149
11:25:20,516,5.815804597701149
11:25:21,516,5.815804597701149
11:25:22,516,5.815804597701149
11:25:23,516,5.815804597701149
11:25:24,516,5.815804597701149
11:25:25,516,5.815804597701149
11:25:26,516,5.815804597701149
11:25:27,516,5.815804597701149
11:25:28,516,5.818958930276982
11:25:29,516,5.818958930276982
11:25:30,516,5.820095238095238
11:25:31,516,5.827777777777778
11:25:32,516,5.827777777777778
11:25:33,516,5.827777777777778
11:25:34,516,5.829214015151516
11:25:35,516,5.829214015151516
11:25:36,516,5.829214015151516
11:25:37,517,5.838182674199624
11:25:38,517,5.838182674199624
11:25:39,517,5.838182674199624
11:25:40,517,5.842441314553991
11:25:41,518,5.842441314553991
11:25:42,519,5.850421348314607
11:25:43,520,5.850421348314607
11:25:44,520,5.850421348314607
11:25:45,520,5.850421348314607
11:25:46,521,5.852474323062558
11:25:47,521,5.852474323062558
11:25:48,521,5.852474323062558
11:25:49,521,5.852474323062558
11:25:50,522,5.852474323062558
11:25:51,522,5.852474323062558
11:25:52,522,5.852474323062558
11:25:53,523,5.852474323062558
11:25:54,523,5.852474323062558
11:25:55,523,5.852474323062558
11:25:56,523,5.852474323062558
11:25:57,523,5.856564245810056
11:25:58,524,5.856564245810056
11:25:59,524,5.856564245810056
11:26:00,524,5.856564245810056
11:26:01,524,5.856564245810056
11:26:02,524,5.856564245810056
11:26:03,524,5.856564245810056
11:26:04,525,5.856564245810056
11:26:05,525,5.8728240740740745
11:26:06,525,5.875161588180978
11:26:07,525,5.879696132596686
11:26:08,525,5.879696132596686
11:26:09,525,5.879696132596686
11:26:10,525,5.881450872359963
11:26:11,525,5.8878663003663005
11:26:12,525,5.8878663003663005
11:26:13,525,5.8878663003663005
11:26:14,525,5.8878663003663005
11:26:15,525,5.8904566210045655
11:26:16,525,5.8904566210045655
11:26:17,526,5.893715846994536
11:26:18,527,5.893715846994536
11:26:19,527,5.893715846994536
11:26:20,527,5.893715846994536
11:26:21,527,5.893715846994536
11:26:22,528,5.896775658492279
11:26:23,528,5.896775658492279
11:26:24,528,5.896775658492279
11:26:25,528,5.896775658492279
11:26:26,528,5.896775658492279
11:26:27,530,5.900181159420289
11:26:28,530,5.900181159420289
11:26:29,531,5.903748870822041
11:26:30,533,5.908828828828829
11:26:31,533,5.918194070080863
11:26:32,533,5.918194070080863
11:26:33,533,5.918194070080863
11:26:34,534,5.918194070080863
11:26:35,536,5.918194070080863
11:26:36,536,5.918194070080863
11:26:37,536,5.918194070080863
11:26:38,537,5.92181899641577
11:26:39,538,5.92181899641577
11:26:40,539,5.92181899641577
11:26:41,540,5.92181899641577
11:26:42,540,5.92181899641577
11:26:43,540,5.92181899641577
11:26:44,541,5.92181899641577
11:26:45,542,5.92181899641577
11:26:46,542,5.92181899641577
11:26:47,542,5.92627345844504
11:26:48,542,5.92627345844504
11:26:49,542,5.92627345844504
11:26:50,542,5.92627345844504
11:26:51,542,5.92627345844504
11:26:52,543,5.92627345844504
11:26:53,543,5.92627345844504
11:26:54,543,5.933600713012478
11:26:55,543,5.933600713012478
11:26:56,543,5.933600713012478
11:26:57,543,5.933600713012478
11:26:58,543,5.935555555555555
11:26:59,543,5.935555555555555
11:27:00,543,5.935555555555555
11:27:01,543,5.939982269503546
11:27:02,543,5.94394341290893
11:27:03,543,5.94394341290893
11:27:04,543,5.94394341290893
11:27:05,543,5.94836860670194
11:27:06,543,5.952946350043975
11:27:07,543,5.952946350043975
11:27:08,543,5.958377192982456
11:27:09,544,5.958377192982456
11:27:10,544,5.958377192982456
11:27:11,544,5.958377192982456
11:27:12,544,5.958377192982456
11:27:13,544,5.958377192982456
11:27:14,544,5.958377192982456
11:27:15,544,5.958377192982456
11:27:16,544,5.958377192982456
11:27:17,544,5.958377192982456
11:27:18,544,5.962642169728784
11:27:19,545,5.962642169728784
11:27:20,545,5.966623036649215
11:27:21,546,5.966623036649215
11:27:22,546,5.966623036649215
11:27:23,546,5.966623036649215
11:27:24,546,5.97154046997389
11:27:25,546,5.97154046997389
11:27:26,546,5.97154046997389
11:27:27,546,5.976302083333334
11:27:28,546,5.976302083333334
11:27:29,546,5.976302083333334
11:27:30,547,5.981948051948052
11:27:31,547,5.985924006908463
11:27:32,547,5.985924006908463
11:27:33,547,5.994845360824742
11:27:34,547,5.994845360824742
11:27:35,547,5.994845360824742
11:27:36,547,5.994845360824742
11:27:37,549,5.994845360824742
11:27:38,549,5.994845360824742
11:27:39,549,6.001028277634961
11:27:40,549,6.001028277634961
11:27:41,551,6.001028277634961
11:27:42,551,6.006452991452991
11:27:43,552,6.006452991452991
11:27:44,552,6.006452991452991
11:27:45,553,6.020280612244898
11:27:46,554,6.020280612244898
11:27:47,554,6.020280612244898
11:27:48,554,6.0261238337574214
11:27:49,555,6.0261238337574214
11:27:50,555,6.0261238337574214
11:27:51,555,6.0261238337574214
11:27:52,556,6.031429780033841
11:27:53,556,6.031429780033841
11:27:54,556,6.031429780033841
11:27:55,556,6.031429780033841
11:27:56,556,6.031429780033841
11:27:57,556,6.031429780033841
11:27:58,558,6.031429780033841
11:27:59,558,6.031429780033841
11:28:00,558,6.037215189873418
11:28:01,558,6.037215189873418
11:28:02,559,6.037215189873418
11:28:03,559,6.037215189873418
11:28:04,559,6.043350168350169
11:28:05,559,6.043350168350169
11:28:06,559,6.043350168350169
11:28:07,560,6.043350168350169
11:28:08,560,6.043350168350169
11:28:09,560,6.043350168350169
11:28:10,561,6.047649034424853
11:28:11,561,6.047649034424853
11:28:12,561,6.059649122807017
11:28:13,561,6.059649122807017
11:28:14,562,6.071737323358271
11:28:15,562,6.071737323358271
11:28:16,562,6.071737323358271
11:28:17,562,6.071737323358271
11:28:18,563,6.071737323358271
11:28:19,563,6.071737323358271
11:28:20,563,6.071737323358271
11:28:21,563,6.071737323358271
11:28:22,563,6.073839137645108
11:28:23,563,6.073839137645108
11:28:24,563,6.073839137645108
11:28:25,563,6.073839137645108
11:28:26,563,6.073839137645108
11:28:27,563,6.073839137645108
11:28:28,563,6.080024813895781
11:28:29,563,6.080024813895781
11:28:30,563,6.080024813895781
11:28:31,563,6.080024813895781
11:28:32,564,6.080024813895781
11:28:33,565,6.080024813895781
11:28:34,565,6.080024813895781
11:28:35,565,6.089521452145215
11:28:36,566,6.089521452145215
11:28:37,567,6.094526748971194
11:28:38,567,6.094526748971194
11:28:39,567,6.094526748971194
11:28:40,568,6.094526748971194
11:28:41,568,6.094526748971194
11:28:42,568,6.101190476190476
11:28:43,568,6.101190476190476
11:28:44,568,6.101190476190476
11:28:45,569,6.108190008190008
11:28:46,569,6.108190008190008
11:28:47,569,6.1146650326797385
11:28:48,570,6.1146650326797385
11:28:49,570,6.1146650326797385
11:28:50,570,6.1146650326797385
11:28:51,571,6.1146650326797385
11:28:52,571,6.1146650326797385
11:28:53,571,6.1146650326797385
11:28:54,572,6.1146650326797385
11:28:55,572,6.1146650326797385
11:28:56,572,6.120986145069275
11:28:57,572,6.120986145069275
11:28:58,572,6.124349593495935
11:28:59,573,6.124349593495935
11:29:00,573,6.129683698296836
11:29:01,573,6.129683698296836
11:29:02,573,6.136448220064724
11:29:03,573,6.136448220064724
11:29:04,573,6.136448220064724
11:29:05,573,6.143987086359968
11:29:06,573,6.150402576489532
11:29:07,573,6.150402576489532
11:29:08,573,6.150402576489532
11:29:09,573,6.150402576489532
11:29:10,573,6.150402576489532
11:29:11,573,6.155943775100401
11:29:12,573,6.155943775100401
11:29:13,573,6.155943775100401
11:29:14,573,6.155943775100401
11:29:15,573,6.155943775100401
11:29:16,573,6.155943775100401
11:29:17,573,6.155943775100401
11:29:18,573,6.155943775100401
11:29:19,573,6.155943775100401
11:29:20,573,6.162259615384615
11:29:21,573,6.169584332533973
11:29:22,573,6.169584332533973
11:29:23,573,6.169584332533973
11:29:24,573,6.177671451355662
11:29:25,574,6.186714399363564
11:29:26,574,6.186714399363564
11:29:27,574,6.186714399363564
11:29:28,574,6.186714399363564
11:29:29,574,6.186714399363564
11:29:30,574,6.186714399363564
11:29:31,574,6.186714399363564
11:29:32,574,6.194880952380952
11:29:33,574,6.194880952380952
11:29:34,574,6.194880952380952
11:29:35,574,6.194880952380952
11:29:36,574,6.202969121140143
11:29:37,574,6.202969121140143
11:29:38,575,6.202969121140143
11:29:39,575,6.202969121140143
11:29:40,575,6.202969121140143
11:29:41,576,6.209083728278041
11:29:42,577,6.209083728278041
11:29:43,577,6.216942474389283
11:29:44,577,6.216942474389283
11:29:45,578,6.216942474389283
11:29:46,578,6.224253144654088
11:29:47,579,6.224253144654088
11:29:48,579,6.224253144654088
11:29:49,580,6.224253144654088
11:29:50,580,6.224253144654088
11:29:51,580,6.233294117647059
11:29:52,580,6.239827856025039
11:29:53,580,6.239827856025039
11:29:54,580,6.248282591725214
11:29:55,581,6.248282591725214
11:29:56,581,6.248282591725214
11:29:57,581,6.248282591725214
11:29:58,581,6.248282591725214
11:29:59,582,6.254010903426791
11:30:00,582,6.254010903426791
11:30:01,582,6.254010903426791
11:30:02,582,6.259013209013209
11:30:03,583,6.259013209013209
11:30:04,583,6.259013209013209
11:30:05,584,6.259013209013209
11:30:06,584,6.259013209013209
11:30:07,584,6.259013209013209
11:30:08,584,6.259013209013209
11:30:09,585,6.259013209013209
11:30:10,585,6.267713178294573
11:30:11,585,6.267713178294573
11:30:12,585,6.267713178294573
11:30:13,586,6.267713178294573
11:30:14,586,6.267713178294573
11:30:15,586,6.278112915699922
11:30:16,587,6.278112915699922
11:30:17,587,6.278112915699922
11:30:18,587,6.278112915699922
11:30:19,588,6.278112915699922
11:30:20,588,6.278112915699922
11:30:21,588,6.278112915699922
11:30:22,588,6.287654320987654
11:30:23,589,6.287654320987654
11:30:24,589,6.287654320987654
11:30:25,589,6.287654320987654
11:30:26,589,6.296420323325635
11:30:27,589,6.296420323325635
11:30:28,591,6.296420323325635
11:30:29,592,6.30552995391705
11:30:30,592,6.311072796934866
11:30:31,592,6.31934250764526
11:30:32,592,6.31934250764526
11:30:33,592,6.31934250764526
11:30:34,592,6.329938977879481
11:30:35,592,6.329938977879481
11:30:36,592,6.335806697108067
11:30:37,592,6.340584662110858
11:30:38,592,6.340584662110858
11:30:39,593,6.340584662110858
11:30:40,594,6.340584662110858
11:30:41,594,6.3568405139833715
11:30:42,594,6.3568405139833715
11:30:43,595,6.3568405139833715
11:30:44,595,6.3568405139833715
11:30:45,595,6.3568405139833715
11:30:46,595,6.366591251885369
11:30:47,597,6.366591251885369
11:30:48,597,6.366591251885369
11:30:49,597,6.366591251885369
11:30:50,597,6.366591251885369
11:30:51,597,6.366591251885369
11:30:52,597,6.366591251885369
11:30:53,597,6.366591251885369
11:30:54,597,6.376523702031603
11:30:55,597,6.376523702031603
11:30:56,597,6.393483146067416
11:30:57,597,6.393483146067416
11:30:58,597,6.393483146067416
11:30:59,597,6.393483146067416
11:31:00,597,6.393483146067416
11:31:01,597,6.393483146067416
11:31:02,597,6.399962630792228
11:31:03,597,6.399962630792228
11:31:04,597,6.399962630792228
11:31:05,597,6.399962630792228
11:31:06,597,6.399962630792228
11:31:07,597,6.399962630792228
11:31:08,597,6.399962630792228
11:31:09,597,6.399962630792228
11:31:10,597,6.399962630792228
11:31:11,597,6.399962630792228
11:31:12,597,6.399962630792228
11:31:13,597,6.399962630792228
11:31:14,598,6.399962630792228
11:31:15,599,6.399962630792228
11:31:16,599,6.399962630792228
11:31:17,599,6.409955257270694
11:31:18,599,6.409955257270694
11:31:19,601,6.409955257270694
11:31:20,601,6.41953125
11:31:21,601,6.426206384558278
11:31:22,601,6.426206384558278
11:31:23,601,6.426206384558278
11:31:24,601,6.428851851851851
11:31:25,601,6.428851851851851
11:31:26,601,6.428851851851851
11:31:27,601,6.428851851851851
11:31:28,601,6.428851851851851
11:31:29,601,6.4320399113082045
11:31:30,601,6.442699115044248
11:31:31,601,6.442699115044248
11:31:32,601,6.453200883002208
11:31:33,601,6.453200883002208
11:31:34,601,6.453200883002208
11:31:35,601,6.453200883002208
11:31:36,601,6.462187958883994
11:31:37,601,6.469157509157509
11:31:38,601,6.469157509157509
11:31:39,601,6.479349415204679
11:31:40,601,6.479349415204679
11:31:41,601,6.479349415204679
11:31:42,601,6.479349415204679
11:31:43,601,6.479349415204679
11:31:44,601,6.489496717724289
11:31:45,601,6.489496717724289
11:31:46,601,6.499890829694323
11:31:47,601,6.508024691358025
11:31:48,601,6.508024691358025
11:31:49,601,6.509710144927537
11:31:50,601,6.516558206796819
11:31:51,601,6.516558206796819
11:31:52,601,6.516558206796819
11:31:53,601,6.516558206796819
11:31:54,601,6.516558206796819
11:31:55,602,6.516558206796819
11:31:56,602,6.516558206796819
11:31:57,602,6.516558206796819
11:31:58,602,6.516558206796819
11:31:59,602,6.516558206796819
11:32:00,602,6.516558206796819
11:32:01,602,6.516558206796819
11:32:02,602,6.516558206796819
11:32:03,602,6.516558206796819
11:32:04,602,6.516558206796819
11:32:05,603,6.516558206796819
11:32:06,603,6.516558206796819
11:32:07,603,6.516558206796819
11:32:08,603,6.516558206796819
11:32:09,603,6.516558206796819
11:32:10,603,6.526370851370852
11:32:11,603,6.526370851370852
11:32:12,604,6.526370851370852
11:32:13,604,6.536465082793376
11:32:14,604,6.536465082793376
11:32:15,604,6.536465082793376
11:32:16,604,6.536465082793376
11:32:17,604,6.536465082793376
11:32:18,604,6.536465082793376
11:32:19,605,6.547377873563218
11:32:20,606,6.547377873563218
11:32:21,606,6.547377873563218
11:32:22,608,6.558136200716846
11:32:23,608,6.558136200716846
11:32:24,608,6.562768240343347
11:32:25,609,6.562768240343347
11:32:26,609,6.574875089221985
11:32:27,609,6.574875089221985
11:32:28,610,6.574875089221985
11:32:29,612,6.574875089221985
11:32:30,612,6.574875089221985
11:32:31,613,6.584188034188034
11:32:32,613,6.584188034188034
11:32:33,614,6.584188034188034
11:32:34,614,6.584188034188034
11:32:35,616,6.584188034188034
11:32:36,617,6.595344705046198
11:32:37,617,6.595344705046198
11:32:38,617,6.614472753007785
11:32:39,619,6.614472753007785
11:32:40,620,6.622104519774012
11:32:41,620,6.622104519774012
11:32:42,621,6.622104519774012
11:32:43,622,6.622104519774012
11:32:44,622,6.622104519774012
11:32:45,622,6.622104519774012
11:32:46,623,6.622104519774012
11:32:47,623,6.622104519774012
11:32:48,623,6.624630021141649
11:32:49,624,6.624630021141649
11:32:50,624,6.624630021141649
11:32:51,625,6.624630021141649
11:32:52,625,6.624630021141649
11:32:53,625,6.6359704641350215
11:32:54,626,6.6359704641350215
11:32:55,626,6.6359704641350215
11:32:56,626,6.6359704641350215
11:32:57,628,6.6359704641350215
11:32:58,628,6.6359704641350215
11:32:59,628,6.641087719298246
11:33:00,629,6.641087719298246
11:33:01,631,6.651330532212885
11:33:02,631,6.651330532212885
11:33:03,633,6.651330532212885
11:33:04,634,6.651330532212885
11:33:05,634,6.651330532212885
11:33:06,635,6.651330532212885
11:33:07,636,6.651330532212885
11:33:08,636,6.661390635918938
11:33:09,637,6.661390635918938
11:33:10,637,6.661390635918938
11:33:11,639,6.661390635918938
11:33:12,639,6.672036262203625
11:33:13,640,6.677696590118302
11:33:14,640,6.684722222222222
11:33:15,640,6.684722222222222
11:33:16,642,6.6902286902286905
11:33:17,642,6.6902286902286905
11:33:18,642,6.702385892116182
11:33:19,643,6.702385892116182
11:33:20,644,6.702385892116182
11:33:21,644,6.711939268461007
11:33:22,644,6.711939268461007
11:33:23,645,6.711939268461007
11:33:24,646,6.715874655647383
11:33:25,646,6.715874655647383
11:33:26,647,6.72213058419244
11:33:27,648,6.72213058419244
11:33:28,648,6.72213058419244
11:33:29,648,6.73709787816564
11:33:30,649,6.73709787816564
11:33:31,650,6.7428278688524586
11:33:32,650,6.7428278688524586
11:33:33,650,6.748466257668712
11:33:34,652,6.754013605442177
11:33:35,652,6.754013605442177
11:33:36,652,6.754013605442177
11:33:37,652,6.754013605442177
11:33:38,653,6.754013605442177
11:33:39,653,6.754013605442177
11:33:40,654,6.754013605442177
11:33:41,655,6.754013605442177
11:33:42,656,6.754013605442177
11:33:43,656,6.754013605442177
11:33:44,657,6.754013605442177
11:33:45,658,6.754013605442177
11:33:46,658,6.754013605442177
11:33:47,659,6.754013605442177
11:33:48,660,6.754013605442177
11:33:49,660,6.754013605442177
11:33:50,660,6.754013605442177
11:33:51,662,6.754013605442177
11:33:52,662,6.754013605442177
11:33:53,662,6.754013605442177
11:33:54,663,6.754013605442177
11:33:55,664,6.754013605442177
11:33:56,664,6.756619144602851
11:33:57,665,6.756619144602851
11:33:58,665,6.756619144602851
11:33:59,666,6.756619144602851
11:34:00,666,6.756619144602851
11:34:01,666,6.761856368563685
11:34:02,669,6.761856368563685
11:34:03,669,6.761856368563685
11:34:04,669,6.771288798920378
11:34:05,670,6.771288798920378
11:34:06,671,6.778047138047138
11:34:07,671,6.778047138047138
11:34:08,672,6.778047138047138
11:34:09,672,6.778047138047138
11:34:10,672,6.7879368279569885
11:34:11,672,6.7879368279569885
11:34:12,672,6.7879368279569885
11:34:13,672,6.7879368279569885
11:34:14,672,6.7879368279569885
11:34:15,673,6.798658618376929
11:34:16,673,6.798658618376929
11:34:17,673,6.798658618376929
11:34:18,673,6.807095046854084
11:34:19,674,6.812925851703407
11:34:20,674,6.812925851703407
11:34:21,674,6.812925851703407
11:34:22,674,6.812925851703407
11:34:23,674,6.819933333333334
11:34:24,674,6.819933333333334
11:34:25,676,6.819933333333334
11:34:26,676,6.819933333333334
11:34:27,676,6.819933333333334
11:34:28,676,6.819933333333334
11:34:29,676,6.819933333333334
11:34:30,676,6.819933333333334
11:34:31,676,6.819933333333334
11:34:32,676,6.819933333333334
11:34:33,676,6.819933333333334
11:34:34,676,6.823985362608116
11:34:35,676,6.823985362608116
11:34:36,676,6.832138114209827
11:34:37,676,6.832138114209827
11:34:38,676,6.832138114209827
11:34:39,676,6.8422133863485755
11:34:40,676,6.8422133863485755
11:34:41,676,6.8422133863485755
11:34:42,676,6.848941798941799
11:34:43,676,6.848941798941799
11:34:44,676,6.848941798941799
11:34:45,676,6.85
11:34:46,676,6.85
11:34:47,676,6.85
11:34:48,676,6.858036890645587
11:34:49,676,6.858036890645587
11:34:50,676,6.858036890645587
11:34:51,676,6.8659763313609465
11:34:52,676,6.8659763313609465
11:34:53,676,6.8659763313609465
11:34:54,676,6.8659763313609465
11:34:55,676,6.8659763313609465
11:34:56,676,6.8659763313609465
11:34:57,676,6.8659763313609465
11:34:58,676,6.8659763313609465
11:34:59,676,6.8659763313609465
11:35:00,676,6.87267060367454
11:35:01,676,6.87267060367454
11:35:02,676,6.87267060367454
11:35:03,676,6.872396856581532
11:35:04,676,6.872396856581532
11:35:05,676,6.872396856581532
11:35:06,676,6.872396856581532
11:35:07,677,6.872396856581532
11:35:08,677,6.875915032679739
11:35:09,677,6.875915032679739
11:35:10,677,6.88564453125
11:35:11,677,6.88564453125
11:35:12,677,6.88564453125
11:35:13,677,6.88564453125
11:35:14,677,6.889636127355426
11:35:15,677,6.889636127355426
11:35:16,677,6.889636127355426
11:35:17,677,6.889636127355426
11:35:18,677,6.889636127355426
11:35:19,677,6.889636127355426
11:35:20,677,6.889636127355426
11:35:21,677,6.889636127355426
11:35:22,677,6.896141374837873
11:35:23,677,6.907993527508091
11:35:24,677,6.907993527508091
11:35:25,677,6.915439276485788
11:35:26,677,6.921018697614442
11:35:27,677,6.927895752895752
11:35:28,678,6.927895752895752
11:35:29,678,6.927895752895752
11:35:30,678,6.932691072575466
11:35:31,678,6.940032051282051
11:35:32,678,6.940032051282051
11:35:33,678,6.940032051282051
11:35:34,678,6.940032051282051
11:35:35,678,6.940032051282051
11:35:36,679,6.940032051282051
11:35:37,679,6.940032051282051
11:35:38,680,6.940032051282051
11:35:39,680,6.940032051282051
11:35:40,680,6.945681381957773
11:35:41,680,6.945681381957773
11:35:42,680,6.945681381957773
11:35:43,681,6.957120051085568
11:35:44,681,6.957120051085568
11:35:45,681,6.957120051085568
11:35:46,682,6.963989802421924
11:35:47,682,6.963989802421924
11:35:48,682,6.963989802421924
11:35:49,682,6.963989802421924
11:35:50,683,6.963989802421924
11:35:51,683,6.964217557251909
11:35:52,683,6.964217557251909
11:35:53,683,6.964217557251909
11:35:54,683,6.964217557251909
11:35:55,683,6.964217557251909
11:35:56,684,6.964217557251909
11:35:57,684,6.964217557251909
11:35:58,684,6.964217557251909
11:35:59,685,6.970476190476191
11:36:00,685,6.970476190476191
11:36:01,685,6.970476190476191
11:36:02,686,6.970476190476191
11:36:03,686,6.970476190476191
11:36:04,686,6.970476190476191
11:36:05,687,6.975665399239544
11:36:06,687,6.975665399239544
11:36:07,687,6.975665399239544
11:36:08,688,6.975665399239544
11:36:09,689,6.975665399239544
11:36:10,689,6.975665399239544
11:36:11,689,6.97482605945604
11:36:12,689,6.97482605945604
11:36:13,690,6.98125
11:36:14,690,6.99473850031506
11:36:15,690,7.003081761006289
11:36:16,690,7.008349026993094
11:36:17,691,7.01390977443609
11:36:18,691,7.01390977443609
11:36:19,691,7.01390977443609
11:36:20,691,7.021379525593009
11:36:21,691,7.021379525593009
11:36:22,691,7.024579439252336
11:36:23,691,7.024579439252336
11:36:24,691,7.024579439252336
11:36:25,691,7.024579439252336
11:36:26,691,7.024579439252336
11:36:27,692,7.024579439252336
11:36:28,692,7.024579439252336
11:36:29,692,7.024579439252336
11:36:30,694,7.024579439252336
11:36:31,694,7.024579439252336
11:36:32,694,7.030192786069652
11:36:33,694,7.033054003724394
11:36:34,694,7.033054003724394
11:36:35,694,7.040210656753407
11:36:36,694,7.040210656753407
11:36:37,694,7.040210656753407
11:36:38,694,7.040210656753407
11:36:39,694,7.040210656753407
11:36:40,694,7.040210656753407
11:36:41,694,7.040210656753407
11:36:42,694,7.040210656753407
11:36:43,694,7.040210656753407
11:36:44,694,7.035745207173778
11:36:45,694,7.035745207173778
11:36:46,695,7.035745207173778
11:36:47,695,7.04104938271605
11:36:48,695,7.04104938271605
11:36:49,695,7.051694393099199
11:36:50,696,7.051694393099199
11:36:51,696,7.062707182320442
11:36:52,696,7.062707182320442
11:36:53,696,7.062707182320442
11:36:54,697,7.062707182320442
11:36:55,697,7.062707182320442
11:36:56,697,7.062707182320442
11:36:57,697,7.062707182320442
11:36:58,698,7.062707182320442
11:36:59,698,7.067463235294118
11:37:00,698,7.067463235294118
11:37:01,699,7.067463235294118
11:37:02,699,7.067463235294118
11:37:03,699,7.067463235294118
11:37:04,699,7.073730886850154
11:37:05,699,7.073730886850154
11:37:06,700,7.082236441194394
11:37:07,700,7.082236441194394
11:37:08,700,7.082236441194394
11:37:09,700,7.082236441194394
11:37:10,700,7.082236441194394
11:37:11,700,7.082236441194394
11:37:12,700,7.088503649635036
11:37:13,700,7.088503649635036
11:37:14,700,7.088503649635036
11:37:15,700,7.093321190042501
11:37:16,700,7.093321190042501
11:37:17,700,7.093321190042501
11:37:18,701,7.093321190042501
11:37:19,701,7.093321190042501
11:37:20,701,7.093321190042501
11:37:21,701,7.093321190042501
11:37:22,701,7.093321190042501
11:37:23,702,7.099757575757576
11:37:24,702,7.104143980641258
11:37:25,702,7.104143980641258
11:37:26,703,7.104143980641258
11:37:27,703,7.104143980641258
11:37:28,703,7.104143980641258
11:37:29,703,7.104143980641258
11:37:30,704,7.104143980641258
11:37:31,704,7.104143980641258
11:37:32,704,7.104143980641258
11:37:33,705,7.104143980641258
11:37:34,705,7.0993961352657005
11:37:35,705,7.0993961352657005
11:37:36,705,7.0993961352657005
11:37:37,705,7.103616636528029
11:37:38,705,7.103616636528029
11:37:39,705,7.108694344163657
11:37:40,705,7.108694344163657
11:37:41,705,7.108694344163657
11:37:42,705,7.115885885885886
11:37:43,705,7.122901678657074
11:37:44,705,7.122901678657074
11:37:45,705,7.122901678657074
11:37:46,707,7.122901678657074
11:37:47,707,7.122901678657074
11:37:48,707,7.122901678657074
11:37:49,707,7.122901678657074
11:37:50,708,7.122901678657074
11:37:51,708,7.130311190903651
11:37:52,708,7.130311190903651
11:37:53,709,7.130311190903651
11:37:54,709,7.130311190903651
11:37:55,709,7.134199522102747
11:37:56,710,7.141860465116279
11:37:57,710,7.145863095238095
11:37:58,710,7.147860962566845
11:37:59,711,7.147860962566845
11:38:00,711,7.147860962566845
11:38:01,712,7.154448398576512
11:38:02,712,7.154448398576512
11:38:03,712,7.154448398576512
11:38:04,713,7.154448398576512
11:38:05,714,7.154448398576512
11:38:06,715,7.154448398576512
11:38:07,715,7.154448398576512
11:38:08,715,7.154448398576512
11:38:09,715,7.149851983422143
11:38:10,715,7.149851983422143
11:38:11,715,7.149851983422143
11:38:12,715,7.149851983422143
11:38:13,715,7.1553191489361705
11:38:14,715,7.1553191489361705
11:38:15,715,7.1553191489361705
11:38:16,715,7.1553191489361705
11:38:17,715,7.1553191489361705
11:38:18,715,7.16117994100295
11:38:19,715,7.16117994100295
11:38:20,715,7.16117994100295
11:38:21,716,7.16117994100295
11:38:22,716,7.16117994100295
11:38:23,716,7.163457008244994
11:38:24,717,7.163457008244994
11:38:25,717,7.163457008244994
11:38:26,717,7.163457008244994
11:38:27,717,7.163457008244994
11:38:28,718,7.163457008244994
11:38:29,718,7.163457008244994
11:38:30,718,7.163457008244994
11:38:31,719,7.163457008244994
11:38:32,720,7.163457008244994
11:38:33,721,7.168224573780129
11:38:34,721,7.168224573780129
11:38:35,722,7.168224573780129
11:38:36,723,7.168224573780129
11:38:37,723,7.168224573780129
11:38:38,724,7.168224573780129
11:38:39,724,7.168224573780129
11:38:40,724,7.176731220657277
11:38:41,724,7.176731220657277
11:38:42,724,7.183333333333334
11:38:43,724,7.183333333333334
11:38:44,724,7.194716870986573
11:38:45,725,7.194716870986573
11:38:46,725,7.194716870986573
11:38:47,725,7.194716870986573
11:38:48,725,7.19787296037296
11:38:49,725,7.19787296037296
11:38:50,725,7.19787296037296
11:38:51,725,7.19787296037296
11:38:52,725,7.19787296037296
11:38:53,725,7.19787296037296
11:38:54,725,7.19787296037296
11:38:55,725,7.19787296037296
11:38:56,725,7.19787296037296
11:38:57,725,7.19787296037296
11:38:58,725,7.204013961605584
11:38:59,725,7.204013961605584
11:39:00,725,7.204013961605584
11:39:01,725,7.200813008130082
11:39:02,725,7.204405797101449
11:39:03,725,7.209346064814815
11:39:04,726,7.209346064814815
11:39:05,726,7.218050749711649
11:39:06,726,7.218050749711649
11:39:07,727,7.221617731721358
11:39:08,727,7.221617731721358
11:39:09,727,7.221617731721358
11:39:10,727,7.221617731721358
11:39:11,727,7.221617731721358
11:39:12,727,7.221617731721358
11:39:13,729,7.226034482758621
11:39:14,730,7.226034482758621
11:39:15,730,7.226034482758621
11:39:16,730,7.222088353413654
11:39:17,730,7.228980526918671
11:39:18,730,7.228980526918671
11:39:19,730,7.228980526918671
11:39:20,730,7.228980526918671
11:39:21,730,7.228980526918671
11:39:22,731,7.228980526918671
11:39:23,731,7.237071917808219
11:39:24,731,7.237071917808219
11:39:25,732,7.237071917808219
11:39:26,732,7.237071917808219
11:39:27,732,7.237071917808219
11:39:28,732,7.237071917808219
11:39:29,733,7.237071917808219
11:39:30,733,7.237071917808219
11:39:31,733,7.237071917808219
11:39:32,734,7.237071917808219
11:39:33,734,7.237071917808219
11:39:34,734,7.243799772468715
11:39:35,734,7.243799772468715
11:39:36,735,7.243799772468715
11:39:37,735,7.247274275979557
11:39:38,735,7.247274275979557
11:39:39,735,7.247274275979557
11:39:40,735,7.247274275979557
11:39:41,735,7.247274275979557
11:39:42,736,7.247274275979557
11:39:43,736,7.247274275979557
11:39:44,736,7.247274275979557
11:39:45,736,7.247274275979557
11:39:46,736,7.247274275979557
11:39:47,736,7.253514739229025
11:39:48,736,7.253514739229025
11:39:49,736,7.253514739229025
11:39:50,736,7.253514739229025
11:39:51,736,7.253514739229025
11:39:52,736,7.253514739229025
11:39:53,736,7.253514739229025
11:39:54,736,7.257159026598755
11:39:55,736,7.257159026598755
11:39:56,736,7.25954802259887
11:39:57,737,7.25954802259887
11:39:58,738,7.25954802259887
11:39:59,738,7.263000564015793
11:40:00,738,7.263000564015793
11:40:01,738,7.263000564015793
11:40:02,739,7.263000564015793
11:40:03,739,7.263000564015793
11:40:04,739,7.267257882882883
11:40:05,739,7.267257882882883
11:40:06,739,7.277684092186622
11:40:07,739,7.277684092186622
11:40:08,739,7.281257014590349
11:40:09,740,7.281257014590349
11:40:10,740,7.281257014590349
11:40:11,740,7.281316526610643
11:40:12,740,7.281316526610643
11:40:13,741,7.286241610738255
11:40:14,741,7.286627582356226
11:40:15,741,7.286627582356226
11:40:16,741,7.286627582356226
11:40:17,741,7.286627582356226
11:40:18,742,7.286627582356226
11:40:19,742,7.286627582356226
11:40:20,742,7.281688963210702
11:40:21,744,7.281688963210702
11:40:22,744,7.28313856427379
11:40:23,745,7.287638888888889
11:40:24,745,7.287638888888889
11:40:25,745,7.295119245701609
11:40:26,745,7.296373200442968
11:40:27,745,7.296373200442968
11:40:28,747,7.299419568822554
11:40:29,747,7.299419568822554
11:40:30,747,7.3039183222958055
11:40:31,747,7.3039183222958055
11:40:32,747,7.3039183222958055
11:40:33,747,7.3039183222958055
11:40:34,747,7.307245179063361
11:40:35,747,7.307245179063361
11:40:36,747,7.307245179063361
11:40:37,747,7.312596259625963
11:40:38,748,7.312596259625963
11:40:39,748,7.312596259625963
11:40:40,748,7.312596259625963
11:40:41,748,7.312596259625963
11:40:42,748,7.316858868753432
11:40:43,748,7.316858868753432
11:40:44,748,7.3228790366721395
11:40:45,748,7.3228790366721395
11:40:46,748,7.322732240437158
11:40:47,749,7.322732240437158
11:40:48,749,7.322732240437158
11:40:49,749,7.322732240437158
11:40:50,749,7.322732240437158
11:40:51,749,7.322732240437158
11:40:52,750,7.322732240437158
11:40:53,750,7.322732240437158
11:40:54,750,7.322732240437158
11:40:55,751,7.322732240437158
11:40:56,752,7.322732240437158
11:40:57,753,7.324604473540644
11:40:58,753,7.324604473540644
11:40:59,754,7.324604473540644
11:41:00,754,7.324604473540644
11:41:01,754,7.3256808278867105
11:41:02,754,7.3256808278867105
11:41:03,755,7.3256808278867105
11:41:04,755,7.3256808278867105
11:41:05,755,7.3256808278867105
11:41:06,755,7.3256808278867105
11:41:07,755,7.3256808278867105
11:41:08,755,7.3256808278867105
11:41:09,755,7.321750951604132
11:41:10,755,7.321750951604132
11:41:11,756,7.323669923995657
11:41:12,756,7.323669923995657
11:41:13,756,7.323669923995657
11:41:14,756,7.323669923995657
11:41:15,757,7.326260162601626
11:41:16,757,7.326260162601626
11:41:17,757,7.326260162601626
11:41:18,758,7.329389519178822
11:41:19,758,7.329389519178822
11:41:20,758,7.3337108953613805
11:41:21,758,7.3337108953613805
11:41:22,758,7.3337108953613805
11:41:23,759,7.3337108953613805
11:41:24,759,7.3337108953613805
11:41:25,759,7.3337108953613805
11:41:26,760,7.3337108953613805
11:41:27,760,7.33626817447496
11:41:28,760,7.343387096774194
11:41:29,761,7.344578636607622
11:41:30,761,7.344578636607622
11:41:31,762,7.347508038585208
11:41:32,762,7.347508038585208
11:41:33,762,7.347508038585208
11:41:34,763,7.353552350427351
11:41:35,764,7.353552350427351
11:41:36,764,7.3550933333333335
11:41:37,764,7.3550933333333335
11:41:38,764,7.3550933333333335
11:41:39,764,7.3550933333333335
11:41:40,765,7.3550933333333335
11:41:41,765,7.3550933333333335
11:41:42,765,7.3550933333333335
11:41:43,765,7.350159744408946
11:41:44,766,7.350159744408946
11:41:45,766,7.350159744408946
11:41:46,766,7.353056884635832
11:41:47,766,7.353056884635832
11:41:48,766,7.353056884635832
11:41:49,768,7.353056884635832
11:41:50,768,7.353056884635832
11:41:51,768,7.353056884635832
11:41:52,769,7.353056884635832
11:41:53,769,7.3534766454352445
11:41:54,770,7.3534766454352445
11:41:55,771,7.3534766454352445
11:41:56,771,7.3534766454352445
11:41:57,771,7.3534766454352445
11:41:58,772,7.3534766454352445
11:41:59,773,7.3534766454352445
11:42:00,773,7.3534766454352445
11:42:01,774,7.3534766454352445
11:42:02,776,7.3534766454352445
11:42:03,776,7.3534766454352445
11:42:04,777,7.3534766454352445
11:42:05,777,7.357021727609963
11:42:06,777,7.357021727609963
11:42:07,778,7.357021727609963
11:42:08,778,7.3603703703703705
11:42:09,778,7.3603703703703705
11:42:10,778,7.363866877971474
11:42:11,780,7.363866877971474
11:42:12,780,7.363866877971474
11:42:13,780,7.363866877971474
11:42:14,782,7.363866877971474
11:42:15,782,7.363866877971474
11:42:16,782,7.363866877971474
11:42:17,783,7.368591772151899
11:42:18,783,7.368591772151899
11:42:19,783,7.370958399157451
11:42:20,784,7.370958399157451
11:42:21,784,7.37297581493165
11:42:22,784,7.37297581493165
11:42:23,787,7.379664570230608
11:42:24,787,7.379664570230608
11:42:25,787,7.3816064887493456
11:42:26,789,7.384169278996866
11:42:27,790,7.384169278996866
11:42:28,790,7.384169278996866
11:42:29,792,7.384169278996866
11:42:30,793,7.384169278996866
11:42:31,793,7.384169278996866
11:42:32,793,7.3798643714136665
11:42:33,793,7.3798643714136665
11:42:34,795,7.3798643714136665
11:42:35,795,7.3798643714136665
11:42:36,796,7.3798643714136665
11:42:37,796,7.3798643714136665
11:42:38,796,7.3798643714136665
11:42:39,796,7.3798643714136665
11:42:40,798,7.381875
11:42:41,798,7.381875
11:42:42,799,7.380551222048882
11:42:43,800,7.380551222048882
11:42:44,800,7.382710280373831
11:42:45,801,7.382710280373831
11:42:46,801,7.382710280373831
11:42:47,801,7.382710280373831
11:42:48,802,7.382710280373831
11:42:49,802,7.382710280373831
11:42:50,802,7.382710280373831
11:42:51,803,7.382710280373831
11:42:52,803,7.387532400207362
11:42:53,803,7.3896221532091095
11:42:54,805,7.3896221532091095
11:42:55,806,7.3896221532091095
11:42:56,806,7.3959752321981425
11:42:57,806,7.3959752321981425
11:42:58,808,7.400206079340546
11:42:59,809,7.400206079340546
11:43:00,809,7.404012345679012
11:43:01,811,7.404012345679012
11:43:02,811,7.404012345679012
11:43:03,812,7.404012345679012
11:43:04,814,7.404012345679012
11:43:05,814,7.404012345679012
11:43:06,815,7.404012345679012
11:43:07,816,7.404012345679012
11:43:08,817,7.404012345679012
11:43:09,817,7.406805341551104
11:43:10,819,7.406805341551104
11:43:11,820,7.406384615384615
11:43:12,820,7.406384615384615
11:43:13,822,7.406384615384615
11:43:14,823,7.406384615384615
11:43:15,823,7.410071574642127
11:43:16,823,7.410071574642127
11:43:17,824,7.410071574642127
11:43:18,824,7.410071574642127
11:43:19,824,7.410071574642127
11:43:20,825,7.410071574642127
11:43:21,825,7.40617662072486
11:43:22,826,7.40617662072486
11:43:23,827,7.40617662072486
11:43:24,827,7.40617662072486
11:43:25,827,7.40617662072486
11:43:26,828,7.40617662072486
11:43:27,828,7.40617662072486
11:43:28,828,7.40617662072486
11:43:29,828,7.4109327217125385
11:43:30,828,7.4109327217125385
11:43:31,829,7.416438008130082
11:43:32,829,7.416438008130082
11:43:33,829,7.416869609335363
11:43:34,829,7.416869609335363
11:43:35,829,7.416869609335363
11:43:36,829,7.416869609335363
11:43:37,829,7.416869609335363
11:43:38,829,7.416869609335363
11:43:39,829,7.416869609335363
11:43:40,829,7.416869609335363
11:43:41,829,7.416869609335363
11:43:42,831,7.421555217831814
11:43:43,831,7.421555217831814
11:43:44,831,7.421555217831814
11:43:45,831,7.425012645422357
11:43:46,831,7.425012645422357
11:43:47,831,7.425012645422357
11:43:48,831,7.425012645422357
11:43:49,831,7.4307323232323235
11:43:50,831,7.4307323232323235
11:43:51,831,7.4307323232323235
11:43:52,831,7.4307323232323235
11:43:53,831,7.4307323232323235
11:43:54,831,7.4307323232323235
11:43:55,832,7.4275340393343425
11:43:56,832,7.4275340393343425
11:43:57,832,7.4275340393343425
11:43:58,832,7.4275340393343425
11:43:59,832,7.430740181268883
11:44:00,832,7.430740181268883
11:44:01,832,7.430740181268883
11:44:02,832,7.430266465560583
11:44:03,832,7.430266465560583
11:44:04,832,7.429543172690763
11:44:05,832,7.429543172690763
11:44:06,832,7.434534534534534
11:44:07,832,7.434534534534534
11:44:08,832,7.434534534534534
11:44:09,832,7.434534534534534
11:44:10,832,7.434534534534534
11:44:11,832,7.434534534534534
11:44:12,832,7.434534534534534
11:44:13,832,7.434534534534534
11:44:14,832,7.434534534534534
11:44:15,832,7.434534534534534
11:44:16,832,7.440929535232384
11:44:17,832,7.440929535232384
11:44:18,832,7.439945109780439
11:44:19,832,7.439945109780439
11:44:20,832,7.441355256601893
11:44:21,832,7.445970149253731
11:44:22,833,7.445970149253731
11:44:23,833,7.445970149253731
11:44:24,833,7.450794833581719
11:44:25,833,7.450794833581719
11:44:26,833,7.450794833581719
11:44:27,833,7.456448412698412
11:44:28,834,7.453145121347202
11:44:29,834,7.453145121347202
11:44:30,834,7.453145121347202
11:44:31,835,7.453145121347202
11:44:32,835,7.453145121347202
11:44:33,835,7.453145121347202
11:44:34,835,7.453145121347202
11:44:35,835,7.453145121347202
11:44:36,837,7.453145121347202
11:44:37,837,7.453145121347202
11:44:38,837,7.458827893175074
11:44:39,837,7.458827893175074
11:44:40,837,7.458827893175074
11:44:41,837,7.46520987654321
11:44:42,837,7.46520987654321
11:44:43,837,7.469847140039448
11:44:44,838,7.469847140039448
11:44:45,838,7.469847140039448
11:44:46,838,7.469847140039448
11:44:47,838,7.469847140039448
11:44:48,838,7.469847140039448
11:44:49,839,7.471688823239783
11:44:50,839,7.4772615535889875
11:44:51,839,7.4772615535889875
11:44:52,839,7.478055964653903
11:44:53,839,7.478055964653903
11:44:54,839,7.477524509803922
11:44:55,839,7.483284385707293
11:44:56,839,7.483479960899316
11:44:57,839,7.488897022938018
11:44:58,839,7.488897022938018
11:44:59,839,7.488897022938018
11:45:00,839,7.488897022938018
11:45:01,839,7.488897022938018
11:45:02,839,7.488897022938018
11:45:03,839,7.488897022938018
11:45:04,839,7.488897022938018
11:45:05,839,7.488897022938018
11:45:06,840,7.488897022938018
11:45:07,840,7.488897022938018
11:45:08,840,7.488897022938018
11:45:09,840,7.495760233918129
11:45:10,840,7.495760233918129
11:45:11,840,7.495760233918129
11:45:12,840,7.495760233918129
11:45:13,840,7.495760233918129
11:45:14,840,7.502992700729927
11:45:15,840,7.502992700729927
11:45:16,840,7.502992700729927
11:45:17,840,7.499514091350826
11:45:18,840,7.499514091350826
11:45:19,840,7.499514091350826
11:45:20,840,7.499514091350826
11:45:21,840,7.499514091350826
11:45:22,840,7.499393498301796
11:45:23,840,7.499393498301796
11:45:24,840,7.5049903100775195
11:45:25,840,7.5049903100775195
11:45:26,840,7.5049903100775195
11:45:27,840,7.504862119013063
11:45:28,841,7.504862119013063
11:45:29,841,7.504862119013063
11:45:30,841,7.504862119013063
11:45:31,841,7.504862119013063
11:45:32,841,7.512053140096618
11:45:33,843,7.512053140096618
11:45:34,843,7.512053140096618
11:45:35,844,7.512053140096618
11:45:36,844,7.512053140096618
11:45:37,844,7.512053140096618
11:45:38,844,7.512053140096618
11:45:39,844,7.512053140096618
11:45:40,844,7.514737095996141
11:45:41,845,7.514737095996141
11:45:42,845,7.514737095996141
11:45:43,845,7.515895953757226
11:45:44,845,7.519408369408369
11:45:45,845,7.519408369408369
11:45:46,845,7.518948126801153
11:45:47,846,7.518948126801153
11:45:48,846,7.518948126801153
11:45:49,846,7.518948126801153
11:45:50,846,7.5228297362110315
11:45:51,846,7.519971264367816
11:45:52,847,7.519971264367816
11:45:53,847,7.519971264367816
11:45:54,847,7.519971264367816
11:45:55,848,7.519971264367816
11:45:56,848,7.519775227164036
11:45:57,848,7.519775227164036
11:45:58,848,7.519775227164036
11:45:59,848,7.526361031518625
11:46:00,848,7.526361031518625
11:46:01,848,7.527062470195517
11:46:02,848,7.526
11:46:03,848,7.526
11:46:04,848,7.533570750237417
11:46:05,848,7.533570750237417
11:46:06,848,7.533570750237417
11:46:07,848,7.533570750237417
11:46:08,848,7.533570750237417
11:46:09,849,7.533570750237417
11:46:10,849,7.533570750237417
11:46:11,849,7.533570750237417
11:46:12,849,7.533570750237417
11:46:13,850,7.533570750237417
11:46:14,850,7.542152678994784
11:46:15,850,7.542152678994784
11:46:16,850,7.542152678994784
11:46:17,850,7.542152678994784
11:46:18,851,7.542152678994784
11:46:19,851,7.542152678994784
11:46:20,851,7.548959810874704
11:46:21,851,7.548959810874704
11:46:22,852,7.548959810874704
11:46:23,852,7.5493862134088765
11:46:24,852,7.5493862134088765
11:46:25,853,7.5493862134088765
11:46:26,853,7.5493862134088765
11:46:27,853,7.5493862134088765
11:46:28,853,7.5493862134088765
11:46:29,853,7.5493862134088765
11:46:30,853,7.5520980669495525
11:46:31,854,7.5520980669495525
11:46:32,854,7.5520980669495525
11:46:33,854,7.560546139359698
11:46:34,854,7.560546139359698
11:46:35,854,7.560546139359698
11:46:36,854,7.560546139359698
11:46:37,854,7.560546139359698
11:46:38,854,7.560546139359698
11:46:39,854,7.560546139359698
11:46:40,854,7.560507757404795
11:46:41,854,7.55793427230047
11:46:42,854,7.561626816690108
11:46:43,854,7.561626816690108
11:46:44,854,7.562359550561798
11:46:45,854,7.562359550561798
11:46:46,854,7.562359550561798
11:46:47,854,7.562359550561798
11:46:48,854,7.569565217391304
11:46:49,854,7.569565217391304
11:46:50,854,7.575104895104896
11:46:51,854,7.575104895104896
11:46:52,854,7.575104895104896
11:46:53,856,7.575104895104896
11:46:54,856,7.574185288640596
11:46:55,856,7.574185288640596
11:46:56,857,7.574185288640596
11:46:57,857,7.574185288640596
11:46:58,857,7.574185288640596
11:46:59,857,7.574185288640596
11:47:00,857,7.574185288640596
11:47:01,857,7.571315667131567
11:47:02,857,7.571315667131567
11:47:03,857,7.571315667131567
11:47:04,857,7.571315667131567
11:47:05,857,7.571315667131567
11:47:06,857,7.5733286908077995
11:47:07,857,7.582267037552156
11:47:08,857,7.582267037552156
11:47:09,857,7.589644012944984
11:47:10,857,7.589644012944984
11:47:11,857,7.589644012944984
11:47:12,857,7.589644012944984
11:47:13,857,7.597368421052632
11:47:14,857,7.597368421052632
11:47:15,857,7.597368421052632
11:47:16,857,7.597368421052632
11:47:17,858,7.597368421052632
11:47:18,858,7.597368421052632
11:47:19,858,7.600345781466114
11:47:20,859,7.600345781466114
11:47:21,859,7.605893186003684
11:47:22,859,7.605893186003684
11:47:23,859,7.605893186003684
11:47:24,859,7.605893186003684
11:47:25,859,7.605080459770115
11:47:26,861,7.605080459770115
11:47:27,861,7.60564738292011
11:47:28,861,7.60564738292011
11:47:29,863,7.60564738292011
11:47:30,864,7.60564738292011
11:47:31,864,7.60564738292011
11:47:32,865,7.60564738292011
11:47:33,865,7.60564738292011
11:47:34,865,7.60564738292011
11:47:35,865,7.60564738292011
11:47:36,866,7.605685465382852
11:47:37,866,7.605685465382852
11:47:38,867,7.6105769230769225
11:47:39,867,7.6105769230769225
11:47:40,867,7.6105769230769225
11:47:41,867,7.616872427983539
11:47:42,869,7.616872427983539
11:47:43,869,7.616872427983539
11:47:44,869,7.615070679434565
11:47:45,869,7.615070679434565
11:47:46,871,7.615070679434565
11:47:47,871,7.621243169398907
11:47:48,871,7.621243169398907
11:47:49,871,7.621243169398907
11:47:50,871,7.618121873578899
11:47:51,871,7.618121873578899
11:47:52,872,7.618121873578899
11:47:53,872,7.618121873578899
11:47:54,872,7.618121873578899
11:47:55,873,7.618121873578899
11:47:56,873,7.618121873578899
11:47:57,873,7.618256130790191
11:47:58,873,7.618256130790191
11:47:59,873,7.619433106575964
11:48:00,873,7.619433106575964
11:48:01,874,7.619433106575964
11:48:02,874,7.619433106575964
11:48:03,874,7.619433106575964
11:48:04,874,7.619433106575964
11:48:05,875,7.619433106575964
11:48:06,876,7.619433106575964
11:48:07,877,7.619433106575964
11:48:08,877,7.622350543478261
11:48:09,878,7.622350543478261
11:48:10,878,7.622350543478261
11:48:11,880,7.622350543478261
11:48:12,880,7.622350543478261
11:48:13,881,7.622350543478261
11:48:14,882,7.622350543478261
11:48:15,883,7.622350543478261
11:48:16,883,7.622350543478261
11:48:17,884,7.625124378109453
11:48:18,884,7.625124378109453
11:48:19,885,7.625124378109453
11:48:20,885,7.630803974706414
11:48:21,886,7.630803974706414
11:48:22,886,7.630803974706414
11:48:23,888,7.630803974706414
11:48:24,888,7.630803974706414
11:48:25,889,7.630672079386558
11:48:26,890,7.634324324324324
11:48:27,890,7.634324324324324
11:48:28,890,7.634324324324324
11:48:29,890,7.634324324324324
11:48:30,891,7.634324324324324
11:48:31,891,7.636549707602339
11:48:32,891,7.636549707602339
11:48:33,891,7.634163301929116
11:48:34,892,7.634163301929116
11:48:35,892,7.634163301929116
11:48:36,893,7.634163301929116
11:48:37,893,7.634163301929116
11:48:38,894,7.634163301929116
11:48:39,894,7.630648769574944
11:48:40,895,7.630648769574944
11:48:41,895,7.630648769574944
11:48:42,895,7.630648769574944
11:48:43,896,7.630648769574944
11:48:44,897,7.630648769574944
11:48:45,897,7.640616621983914
11:48:46,897,7.641053101294065
11:48:47,897,7.641053101294065
11:48:48,898,7.646461949265688
11:48:49,898,7.646461949265688
11:48:50,898,7.646461949265688
11:48:51,898,7.646461949265688
11:48:52,898,7.646461949265688
11:48:53,900,7.646461949265688
11:48:54,901,7.646461949265688
11:48:55,901,7.646461949265688
11:48:56,901,7.646461949265688
11:48:57,902,7.646461949265688
11:48:58,902,7.646461949265688
11:48:59,903,7.646461949265688
11:49:00,903,7.646461949265688
11:49:01,903,7.646461949265688
11:49:02,903,7.646461949265688
11:49:03,904,7.646461949265688
11:49:04,904,7.646461949265688
11:49:05,904,7.646461949265688
11:49:06,904,7.646155555555556
11:49:07,904,7.645184198845983
11:49:08,905,7.645184198845983
11:49:09,905,7.645184198845983
11:49:10,905,7.645184198845983
11:49:11,905,7.648869680851064
11:49:12,905,7.648869680851064
11:49:13,905,7.648869680851064
11:49:14,905,7.648869680851064
11:49:15,906,7.649313855688358
11:49:16,906,7.649313855688358
11:49:17,907,7.649313855688358
11:49:18,907,7.649313855688358
11:49:19,907,7.649313855688358
11:49:20,907,7.6527630415561445
11:49:21,907,7.653686534216336
11:49:22,907,7.653686534216336
11:49:23,907,7.653686534216336
11:49:24,907,7.653686534216336
11:49:25,908,7.653990299823633
11:49:26,908,7.653990299823633
11:49:27,909,7.653990299823633
11:49:28,909,7.653990299823633
11:49:29,909,7.653990299823633
11:49:30,911,7.653990299823633
11:49:31,911,7.657045354469397
11:49:32,911,7.657045354469397
11:49:33,912,7.657045354469397
11:49:34,912,7.655299032541777
11:49:35,913,7.657356170399649
11:49:36,914,7.657356170399649
11:49:37,914,7.657356170399649
11:49:38,915,7.663447218572054
11:49:39,915,7.663447218572054
11:49:40,916,7.6660104986876645
11:49:41,916,7.665967671472258
11:49:42,918,7.665488656195462
11:49:43,918,7.665488656195462
11:49:44,918,7.666100217864924
11:49:45,919,7.666100217864924
11:49:46,919,7.666100217864924
11:49:47,919,7.666100217864924
11:49:48,919,7.666100217864924
11:49:49,919,7.666100217864924
11:49:50,920,7.666100217864924
11:49:51,920,7.666100217864924
11:49:52,920,7.666100217864924
11:49:53,920,7.6693646649260225
11:49:54,921,7.670208604954368
11:49:55,921,7.670208604954368
11:49:56,921,7.670208604954368
11:49:57,922,7.670208604954368
11:49:58,922,7.670681423611112
11:49:59,922,7.670681423611112
11:50:00,922,7.670681423611112
11:50:01,923,7.670681423611112
11:50:02,923,7.670681423611112
11:50:03,923,7.670681423611112
11:50:04,923,7.671521456436931
11:50:05,924,7.671521456436931
11:50:06,924,7.671521456436931
11:50:07,924,7.671521456436931
11:50:08,924,7.671521456436931
11:50:09,925,7.671521456436931
11:50:10,926,7.671521456436931
11:50:11,926,7.671521456436931
11:50:12,928,7.673593073593073
11:50:13,928,7.673593073593073
11:50:14,929,7.675659316904453
11:50:15,930,7.675659316904453
11:50:16,931,7.675659316904453
11:50:17,932,7.675659316904453
11:50:18,932,7.676489637305699
11:50:19,932,7.676489637305699
11:50:20,932,7.680404823428079
11:50:21,934,7.680404823428079
11:50:22,934,7.680404823428079
11:50:23,934,7.677935483870968
11:50:24,936,7.677935483870968
11:50:25,937,7.680627147766322
11:50:26,937,7.680627147766322
11:50:27,937,7.680627147766322
11:50:28,938,7.680627147766322
11:50:29,939,7.6806735306735305
11:50:30,939,7.6806735306735305
11:50:31,939,7.683461703038082
11:50:32,940,7.683461703038082
11:50:33,941,7.683461703038082
11:50:34,941,7.683461703038082
11:50:35,941,7.683461703038082
11:50:36,941,7.683461703038082
11:50:37,941,7.683461703038082
11:50:38,941,7.683461703038082
11:50:39,942,7.683461703038082
11:50:40,942,7.683461703038082
11:50:41,942,7.683461703038082
11:50:42,942,7.68491452991453
11:50:43,942,7.68491452991453
11:50:44,942,7.68491452991453
11:50:45,942,7.68491452991453
11:50:46,942,7.685510029876227
11:50:47,942,7.685510029876227
11:50:48,942,7.685510029876227
11:50:49,942,7.685510029876227
11:50:50,943,7.685510029876227
11:50:51,943,7.685510029876227
11:50:52,943,7.685510029876227
11:50:53,943,7.684846547314578
11:50:54,943,7.684846547314578
11:50:55,943,7.684846547314578
11:50:56,943,7.684846547314578
11:50:57,944,7.684846547314578
11:50:58,944,7.686377181779481
11:50:59,944,7.686377181779481
11:51:00,945,7.686377181779481
11:51:01,946,7.686377181779481
11:51:02,946,7.686377181779481
11:51:03,946,7.688073979591836
11:51:04,946,7.688073979591836
11:51:05,946,7.688073979591836
11:51:06,946,7.6890021231422505
11:51:07,947,7.6890021231422505
11:51:08,948,7.690330788804071
11:51:09,948,7.690330788804071
11:51:10,948,7.690330788804071
11:51:11,949,7.6930961457009746
11:51:12,949,7.6930961457009746
11:51:13,949,7.69010152284264
11:51:14,950,7.69010152284264
11:51:15,950,7.69010152284264
11:51:16,950,7.691001267427123
11:51:17,951,7.691001267427123
11:51:18,952,7.691001267427123
11:51:19,952,7.693059071729958
11:51:20,952,7.69496418036241
11:51:21,952,7.695686026936027
11:51:22,952,7.697225725094578
11:51:23,952,7.697225725094578
11:51:24,952,7.697225725094578
11:51:25,952,7.697225725094578
11:51:26,953,7.697225725094578
11:51:27,953,7.697225725094578
11:51:28,954,7.697225725094578
11:51:29,954,7.697225725094578
11:51:30,955,7.697225725094578
11:51:31,955,7.697225725094578
11:51:32,955,7.697225725094578
11:51:33,956,7.697225725094578
11:51:34,956,7.697225725094578
11:51:35,956,7.697225725094578
11:51:36,957,7.697225725094578
11:51:37,957,7.699055415617128
11:51:38,957,7.698364779874214
11:51:39,958,7.698364779874214
11:51:40,959,7.698364779874214
11:51:41,959,7.698364779874214
11:51:42,960,7.700502512562815
11:51:43,960,7.700502512562815
11:51:44,960,7.7024884985361775
11:51:45,960,7.7024884985361775
11:51:46,960,7.7024884985361775
11:51:47,960,7.704782790309106
11:51:48,960,7.704782790309106
11:51:49,960,7.704782790309106
11:51:50,960,7.704782790309106
11:51:51,960,7.705840634125991
11:51:52,960,7.705840634125991
11:51:53,960,7.705840634125991
11:51:54,960,7.705840634125991
11:51:55,960,7.705840634125991
11:51:56,960,7.705840634125991
11:51:57,960,7.708
11:51:58,960,7.708
11:51:59,960,7.708
11:52:00,960,7.711069496462755
11:52:01,960,7.711069496462755
11:52:02,960,7.711069496462755
11:52:03,960,7.7071072319202
11:52:04,960,7.7071072319202
11:52:05,960,7.7071072319202
11:52:06,960,7.7071072319202
11:52:07,960,7.7071072319202
11:52:08,961,7.7071072319202
11:52:09,961,7.709713574097136
11:52:10,961,7.711276948590381
11:52:11,962,7.71047619047619
11:52:12,962,7.712655086848636
11:52:13,962,7.712655086848636
11:52:14,963,7.712655086848636
11:52:15,963,7.712655086848636
11:52:16,963,7.712655086848636
11:52:17,964,7.714622057001239
11:52:18,964,7.714622057001239
11:52:19,964,7.714622057001239
11:52:20,964,7.714622057001239
11:52:21,964,7.714622057001239
11:52:22,964,7.716687293729374
11:52:23,964,7.716687293729374
11:52:24,964,7.716687293729374
11:52:25,964,7.716687293729374
11:52:26,964,7.716687293729374
11:52:27,964,7.716687293729374
11:52:28,965,7.716687293729374
11:52:29,965,7.716687293729374
11:52:30,965,7.716687293729374
11:52:31,965,7.716687293729374
11:52:32,965,7.716687293729374
11:52:33,965,7.718912237330037
11:52:34,965,7.718912237330037
11:52:35,965,7.718912237330037
11:52:36,965,7.718912237330037
11:52:37,965,7.718912237330037
11:52:38,965,7.722201646090535
11:52:39,965,7.722201646090535
11:52:40,965,7.722201646090535
11:52:41,965,7.722201646090535
11:52:42,967,7.722201646090535
11:52:43,967,7.722201646090535
11:52:44,967,7.721064529387587
11:52:45,967,7.721064529387587
11:52:46,968,7.720643706437064
11:52:47,969,7.720643706437064
11:52:48,969,7.720643706437064
11:52:49,970,7.720643706437064
11:52:50,970,7.720643706437064
11:52:51,970,7.720643706437064
11:52:52,970,7.724017199017199
11:52:53,970,7.724017199017199
11:52:54,970,7.724017199017199
11:52:55,970,7.726155419222904
11:52:56,970,7.726155419222904
11:52:57,970,7.723100490196078
11:52:58,971,7.723100490196078
11:52:59,971,7.728911980440098
11:53:00,972,7.728911980440098
11:53:01,972,7.728911980440098
11:53:02,973,7.732112332112332
11:53:03,974,7.732112332112332
11:53:04,974,7.732112332112332
11:53:05,974,7.732112332112332
11:53:06,975,7.734573170731707
11:53:07,975,7.734573170731707
11:53:08,975,7.734573170731707
11:53:09,975,7.734573170731707
11:53:10,975,7.734573170731707
11:53:11,975,7.734573170731707
11:53:12,975,7.734573170731707
11:53:13,975,7.734573170731707
11:53:14,975,7.734573170731707
11:53:15,975,7.734573170731707
11:53:16,975,7.734573170731707
11:53:17,975,7.734573170731707
11:53:18,975,7.73246041412911
11:53:19,975,7.73246041412911
11:53:20,975,7.735320356853204
11:53:21,975,7.735320356853204
11:53:22,975,7.735320356853204
11:53:23,975,7.738639125151883
11:53:24,975,7.738639125151883
11:53:25,975,7.741423948220064
11:53:26,975,7.741423948220064
11:53:27,975,7.741423948220064
11:53:28,976,7.741423948220064
11:53:29,976,7.742525252525253
11:53:30,976,7.742525252525253
11:53:31,977,7.744027441485069
11:53:32,978,7.744027441485069
11:53:33,978,7.747521160822249
11:53:34,978,7.747521160822249
11:53:35,978,7.745169082125604
11:53:36,978,7.745169082125604
11:53:37,978,7.745169082125604
11:53:38,978,7.747788500201045
11:53:39,979,7.747788500201045
11:53:40,979,7.747788500201045
11:53:41,979,7.74921686746988
11:53:42,980,7.74921686746988
11:53:43,980,7.75214600882471
11:53:44,980,7.756229967948718
11:53:45,980,7.756229967948718
11:53:46,981,7.753921568627451
11:53:47,981,7.753921568627451
11:53:48,981,7.753921568627451
11:53:49,981,7.753921568627451
11:53:50,981,7.753921568627451
11:53:51,981,7.753921568627451
11:53:52,981,7.753921568627451
11:53:53,981,7.757494004796163
11:53:54,981,7.7552295409181635
11:53:55,981,7.7552295409181635
11:53:56,982,7.7552295409181635
11:53:57,982,7.7552295409181635
11:53:58,983,7.7552295409181635
11:53:59,983,7.7552295409181635
11:54:00,983,7.7552295409181635
11:54:01,983,7.7552295409181635
11:54:02,983,7.7552295409181635
11:54:03,983,7.7552295409181635
11:54:04,983,7.7552295409181635
11:54:05,983,7.7552295409181635
11:54:06,984,7.759828548644338
11:54:07,984,7.759828548644338
11:54:08,984,7.759828548644338
11:54:09,985,7.759828548644338
11:54:10,986,7.759828548644338
11:54:11,986,7.759828548644338
11:54:12,987,7.763779370768618
11:54:13,988,7.76678599840891
11:54:14,988,7.76678599840891
11:54:15,989,7.76678599840891
11:54:16,989,7.76678599840891
11:54:17,990,7.76678599840891
11:54:18,991,7.76678599840891
11:54:19,991,7.76678599840891
11:54:20,991,7.76678599840891
11:54:21,993,7.77077870480731
11:54:22,993,7.7717261904761905
11:54:23,993,7.7717261904761905
11:54:24,993,7.772988505747126
11:54:25,993,7.775395882818685
11:54:26,994,7.775395882818685
11:54:27,994,7.775395882818685
11:54:28,994,7.775395882818685
11:54:29,996,7.775395882818685
11:54:30,996,7.775187821273231
11:54:31,996,7.775187821273231
11:54:32,998,7.7764415481832545
11:54:33,998,7.780867850098619
11:54:34,998,7.780867850098619
11:54:35,1001,7.780867850098619
11:54:36,1001,7.780867850098619
11:54:37,1001,7.780867850098619
11:54:38,1002,7.780867850098619
11:54:39,1004,7.780867850098619
11:54:40,1005,7.780867850098619
11:54:41,1005,7.780867850098619
11:54:42,1008,7.780867850098619
11:54:43,1008,7.78559889676911
11:54:44,1008,7.7837465564738295
11:54:45,1008,7.7837465564738295
11:54:46,1010,7.7837465564738295
11:54:47,1011,7.7837465564738295
11:54:48,1011,7.78244889937107
11:54:49,1013,7.78244889937107
11:54:50,1014,7.78244889937107
11:54:51,1014,7.78244889937107
11:54:52,1017,7.78244889937107
11:54:53,1017,7.78244889937107
11:54:54,1017,7.78244889937107
11:54:55,1017,7.780957989791912
11:54:56,1018,7.780957989791912
11:54:57,1018,7.780957989791912
11:54:58,1018,7.780957989791912
11:54:59,1019,7.780957989791912
11:55:00,1019,7.780957989791912
11:55:01,1019,7.780957989791912
11:55:02,1021,7.786310223266745
11:55:03,1021,7.786310223266745
11:55:04,1021,7.786310223266745
11:55:05,1021,7.786310223266745
11:55:06,1021,7.786310223266745
11:55:07,1023,7.786310223266745
11:55:08,1023,7.786310223266745
11:55:09,1023,7.786310223266745
11:55:10,1025,7.787421752738654
11:55:11,1025,7.787421752738654
11:55:12,1025,7.787421752738654
11:55:13,1027,7.788472059398202
11:55:14,1027,7.786104605776737
11:55:15,1027,7.786104605776737
11:55:16,1028,7.79120857699805
11:55:17,1029,7.79120857699805
11:55:18,1030,7.788960280373831
11:55:19,1031,7.788960280373831
11:55:20,1031,7.788960280373831
11:55:21,1032,7.788960280373831
11:55:22,1032,7.789109295993777
11:55:23,1034,7.79399766899767
11:55:24,1035,7.7930345362825
11:55:25,1035,7.7930345362825
11:55:26,1036,7.7930345362825
11:55:27,1036,7.7930345362825
11:55:28,1037,7.7930345362825
11:55:29,1037,7.7930345362825
11:55:30,1037,7.7930345362825
11:55:31,1038,7.7930345362825
11:55:32,1038,7.7930345362825
11:55:33,1038,7.7930345362825
11:55:34,1038,7.793410852713178
11:55:35,1039,7.793410852713178
11:55:36,1039,7.796732405259088
11:55:37,1039,7.802317497103129
11:55:38,1040,7.802317497103129
11:55:39,1040,7.802317497103129
11:55:40,1040,7.802317497103129
11:55:41,1041,7.802317497103129
11:55:42,1041,7.802317497103129
11:55:43,1041,7.802317497103129
11:55:44,1041,7.802317497103129
11:55:45,1041,7.802317497103129
11:55:46,1041,7.802317497103129
11:55:47,1042,7.802317497103129
11:55:48,1042,7.802317497103129
11:55:49,1042,7.80210262345679
11:55:50,1042,7.80210262345679
11:55:51,1043,7.80210262345679
11:55:52,1043,7.80210262345679
11:55:53,1043,7.807899807321773
11:55:54,1043,7.8109122401847575
11:55:55,1043,7.8109122401847575
11:55:56,1043,7.811303344867358
11:55:57,1043,7.811303344867358
11:55:58,1043,7.811303344867358
11:55:59,1043,7.811303344867358
11:56:00,1043,7.811303344867358
11:56:01,1043,7.811674347158218
11:56:02,1043,7.811674347158218
11:56:03,1043,7.811674347158218
11:56:04,1043,7.81229382431914
11:56:05,1043,7.81229382431914
11:56:06,1043,7.81229382431914
11:56:07,1043,7.81235632183908
11:56:08,1043,7.81235632183908
11:56:09,1043,7.81235632183908
11:56:10,1043,7.81235632183908
11:56:11,1043,7.811289705319556
11:56:12,1043,7.811289705319556
11:56:13,1043,7.816819396716304
11:56:14,1043,7.816819396716304
11:56:15,1043,7.816819396716304
11:56:16,1043,7.817734553775744
11:56:17,1043,7.817734553775744
11:56:18,1044,7.817734553775744
11:56:19,1044,7.817734553775744
11:56:20,1044,7.818019047619048
11:56:21,1044,7.818019047619048
11:56:22,1045,7.819216133942161
11:56:23,1045,7.819216133942161
11:56:24,1045,7.819216133942161
11:56:25,1046,7.819216133942161
11:56:26,1046,7.819080197643482
11:56:27,1046,7.819570994684891
11:56:28,1046,7.819570994684891
11:56:29,1046,7.819570994684891
11:56:30,1046,7.822430792567312
11:56:31,1046,7.822430792567312
11:56:32,1047,7.822430792567312
11:56:33,1048,7.822430792567312
11:56:34,1048,7.822430792567312
11:56:35,1048,7.822430792567312
11:56:36,1049,7.822430792567312
11:56:37,1049,7.822430792567312
11:56:38,1049,7.822430792567312
11:56:39,1050,7.822430792567312
11:56:40,1051,7.820473484848486
11:56:41,1051,7.820473484848486
11:56:42,1052,7.820473484848486
11:56:43,1052,7.820473484848486
11:56:44,1052,7.820473484848486
11:56:45,1052,7.82101778282255
11:56:46,1053,7.82101778282255
11:56:47,1053,7.82101778282255
11:56:48,1053,7.8208238851096
11:56:49,1053,7.8208238851096
11:56:50,1053,7.8208238851096
11:56:51,1053,7.8208238851096
11:56:52,1053,7.8208238851096
11:56:53,1053,7.8208238851096
11:56:54,1053,7.8217818044545115
11:56:55,1053,7.822994350282486
11:56:56,1053,7.823908954100828
11:56:57,1053,7.823908954100828
11:56:58,1053,7.823908954100828
11:56:59,1053,7.823908954100828
11:57:00,1053,7.823908954100828
11:57:01,1053,7.82576099210823
11:57:02,1053,7.82576099210823
11:57:03,1053,7.828608923884515
11:57:04,1053,7.835411985018727
11:57:05,1053,7.835411985018727
11:57:06,1053,7.835411985018727
11:57:07,1053,7.835411985018727
11:57:08,1053,7.835411985018727
11:57:09,1053,7.835411985018727
11:57:10,1053,7.835411985018727
11:57:11,1053,7.835411985018727
11:57:12,1053,7.835411985018727
11:57:13,1053,7.834156378600823
11:57:14,1054,7.834156378600823
11:57:15,1054,7.835556801195815
11:57:16,1054,7.835556801195815
11:57:17,1054,7.834695782008212
11:57:18,1055,7.834695782008212
11:57:19,1055,7.834695782008212
11:57:20,1055,7.834695782008212
11:57:21,1056,7.834695782008212
11:57:22,1056,7.834695782008212
11:57:23,1056,7.837658463832961
11:57:24,1056,7.837658463832961
11:57:25,1057,7.837658463832961
11:57:26,1057,7.837658463832961
11:57:27,1058,7.837658463832961
11:57:28,1058,7.837658463832961
11:57:29,1058,7.83877094972067
11:57:30,1059,7.83877094972067
11:57:31,1059,7.83877094972067
11:57:32,1059,7.83877094972067
11:57:33,1060,7.83877094972067
11:57:34,1060,7.838870308435526
11:57:35,1060,7.838870308435526
11:57:36,1061,7.838870308435526
11:57:37,1061,7.839662212323683
11:57:38,1061,7.839662212323683
11:57:39,1061,7.839662212323683
11:57:40,1061,7.839662212323683
11:57:41,1062,7.841601779755283
11:57:42,1062,7.841601779755283
11:57:43,1062,7.841601779755283
11:57:44,1063,7.842944444444444
11:57:45,1063,7.844043655197928
11:57:46,1063,7.844043655197928
11:57:47,1064,7.84290465631929
11:57:48,1064,7.84290465631929
11:57:49,1064,7.84290465631929
11:57:50,1064,7.842691029900332
11:57:51,1064,7.842691029900332
11:57:52,1065,7.845353982300884
11:57:53,1065,7.845353982300884
11:57:54,1065,7.845353982300884
11:57:55,1066,7.845353982300884
11:57:56,1066,7.845353982300884
11:57:57,1067,7.845353982300884
11:57:58,1067,7.845353982300884
11:57:59,1067,7.845353982300884
11:58:00,1068,7.8495948434622465
11:58:01,1069,7.8495948434622465
11:58:02,1070,7.8495948434622465
11:58:03,1070,7.850349521707138
11:58:04,1071,7.850349521707138
11:58:05,1071,7.850349521707138
11:58:06,1071,7.850349521707138
11:58:07,1071,7.852205071664829
11:58:08,1071,7.852205071664829
11:58:09,1071,7.854588839941263
11:58:10,1071,7.854588839941263
11:58:11,1071,7.854588839941263
11:58:12,1071,7.854588839941263
11:58:13,1071,7.854588839941263
11:58:14,1071,7.854588839941263
11:58:15,1071,7.856545654565457
11:58:16,1071,7.856545654565457
11:58:17,1071,7.856545654565457
11:58:18,1071,7.856545654565457
11:58:19,1071,7.859798534798535
11:58:20,1072,7.859798534798535
11:58:21,1072,7.859798534798535
11:58:22,1072,7.859798534798535
11:58:23,1073,7.860043907793633
11:58:24,1073,7.860043907793633
11:58:25,1073,7.860964912280702
11:58:26,1075,7.860964912280702
11:58:27,1075,7.860964912280702
11:58:28,1075,7.860964912280702
11:58:29,1076,7.860964912280702
11:58:30,1076,7.860964912280702
11:58:31,1076,7.860964912280702
11:58:32,1077,7.860964912280702
11:58:33,1077,7.860964912280702
11:58:34,1077,7.862175976633808
11:58:35,1077,7.862175976633808
11:58:36,1078,7.862175976633808
11:58:37,1078,7.861177972283005
11:58:38,1078,7.861177972283005
11:58:39,1079,7.861177972283005
11:58:40,1080,7.861177972283005
11:58:41,1080,7.861177972283005
11:58:42,1081,7.86391621129326
11:58:43,1081,7.863609898107715
11:58:44,1081,7.863609898107715
11:58:45,1081,7.86790258087968
11:58:46,1081,7.86790258087968
11:58:47,1081,7.86790258087968
11:58:48,1081,7.870116194625998
11:58:49,1081,7.870116194625998
11:58:50,1081,7.870116194625998
11:58:51,1081,7.870116194625998
11:58:52,1081,7.872488211824447
11:58:53,1081,7.872488211824447
11:58:54,1081,7.872488211824447
11:58:55,1081,7.872192028985507
11:58:56,1081,7.870014477017734
11:58:57,1081,7.871601590744758
11:58:58,1081,7.873979776092452
11:58:59,1083,7.873979776092452
11:59:00,1083,7.87550505050505
11:59:01,1083,7.87550505050505
11:59:02,1084,7.87550505050505
11:59:03,1084,7.87550505050505
11:59:04,1084,7.87550505050505
11:59:05,1086,7.87550505050505
11:59:06,1086,7.87550505050505
11:59:07,1086,7.876396396396396
11:59:08,1087,7.876396396396396
11:59:09,1087,7.876396396396396
11:59:10,1087,7.876396396396396
11:59:11,1088,7.876396396396396
11:59:12,1088,7.876396396396396
11:59:13,1088,7.876396396396396
11:59:14,1088,7.876396396396396
11:59:15,1088,7.876396396396396
11:59:16,1089,7.876396396396396
11:59:17,1089,7.877681785457164
11:59:18,1089,7.877681785457164
11:59:19,1089,7.879611650485438
11:59:20,1089,7.879611650485438
11:59:21,1089,7.879611650485438
11:59:22,1089,7.879611650485438
11:59:23,1089,7.879611650485438
11:59:24,1089,7.879611650485438
11:59:25,1089,7.880818965517241
11:59:26,1089,7.880818965517241
11:59:27,1089,7.880818965517241
11:59:28,1089,7.880818965517241
11:59:29,1089,7.880818965517241
11:59:30,1089,7.880818965517241
11:59:31,1089,7.8843021169716545
11:59:32,1089,7.8843021169716545
11:59:33,1089,7.8843021169716545
11:59:34,1089,7.884516129032258
11:59:35,1089,7.885821697099893
11:59:36,1089,7.885821697099893
11:59:37,1089,7.885821697099893
11:59:38,1089,7.888161659513591
11:59:39,1089,7.888161659513591
11:59:40,1090,7.888161659513591
11:59:41,1090,7.891506067094933
11:59:42,1090,7.891506067094933
11:59:43,1090,7.891506067094933
11:59:44,1091,7.890499108734403
11:59:45,1091,7.890499108734403
11:59:46,1091,7.890499108734403
11:59:47,1091,7.892610398860398
11:59:48,1091,7.892610398860398
11:59:49,1092,7.892610398860398
11:59:50,1092,7.892610398860398
11:59:51,1093,7.892610398860398
11:59:52,1093,7.892610398860398
11:59:53,1093,7.892610398860398
11:59:54,1093,7.892610398860398
11:59:55,1093,7.895837780149413
11:59:56,1094,7.895837780149413
11:59:57,1094,7.895837780149413
11:59:58,1094,7.895837780149413
11:59:59,1095,7.895837780149413
12:00:00,1096,7.899645012424566
12:00:01,1096,7.899645012424566
12:00:02,1096,7.899645012424566
12:00:03,1097,7.897482269503546
12:00:04,1097,7.897482269503546
12:00:05,1097,7.897520368402409
12:00:06,1097,7.897520368402409
12:00:07,1097,7.897520368402409
12:00:08,1097,7.900990799716914
12:00:09,1097,7.900990799716914
12:00:10,1097,7.900990799716914
12:00:11,1097,7.900990799716914
12:00:12,1097,7.900990799716914
12:00:13,1097,7.900990799716914
12:00:14,1097,7.900990799716914
12:00:15,1098,7.90084835630965
12:00:16,1098,7.90084835630965
12:00:17,1098,7.90084835630965
12:00:18,1099,7.90084835630965
12:00:19,1099,7.90084835630965
12:00:20,1099,7.90420197740113
12:00:21,1099,7.90420197740113
12:00:22,1099,7.90420197740113
12:00:23,1099,7.90420197740113
12:00:24,1099,7.90420197740113
12:00:25,1099,7.90420197740113
12:00:26,1100,7.90420197740113
12:00:27,1100,7.90420197740113
12:00:28,1100,7.907160493827161
12:00:29,1100,7.907160493827161
12:00:30,1101,7.907160493827161
12:00:31,1101,7.907160493827161
12:00:32,1101,7.907160493827161
12:00:33,1101,7.907160493827161
12:00:34,1101,7.905567300916138
12:00:35,1101,7.907321365716297
12:00:36,1102,7.908632208157525
12:00:37,1102,7.908632208157525
12:00:38,1102,7.908632208157525
12:00:39,1102,7.90721052631579
12:00:40,1102,7.90721052631579
12:00:41,1102,7.909541316526611
12:00:42,1103,7.910877929345926
12:00:43,1103,7.910877929345926
12:00:44,1103,7.910877929345926
12:00:45,1103,7.910877929345926
12:00:46,1104,7.910877929345926
12:00:47,1104,7.910877929345926
12:00:48,1104,7.910877929345926
12:00:49,1104,7.9090321453529
12:00:50,1104,7.9090321453529
12:00:51,1104,7.9090321453529
12:00:52,1105,7.9090321453529
12:00:53,1106,7.9090321453529
12:00:54,1106,7.9090321453529
12:00:55,1106,7.91129144851658
12:00:56,1106,7.91129144851658
12:00:57,1106,7.911541143654115
12:00:58,1106,7.911541143654115
12:00:59,1107,7.911541143654115
12:01:00,1107,7.911541143654115
12:01:01,1107,7.911541143654115
12:01:02,1109,7.911541143654115
12:01:03,1109,7.911541143654115
12:01:04,1109,7.911541143654115
12:01:05,1110,7.911541143654115
12:01:06,1111,7.911541143654115
12:01:07,1111,7.911541143654115
12:01:08,1111,7.911541143654115
12:01:09,1112,7.9137234413096476
12:01:10,1113,7.9137234413096476
12:01:11,1113,7.9137234413096476
12:01:12,1114,7.9137234413096476
12:01:13,1114,7.9137234413096476
12:01:14,1114,7.916892832289492
12:01:15,1115,7.916892832289492
12:01:16,1116,7.916892832289492
12:01:17,1116,7.916892832289492
12:01:18,1116,7.916892832289492
12:01:19,1117,7.916892832289492
12:01:20,1118,7.9202815432742435
12:01:21,1119,7.9202815432742435
12:01:22,1120,7.9202815432742435
12:01:23,1121,7.919392361111111
12:01:24,1121,7.9213319458896985
12:01:25,1122,7.9213319458896985
12:01:26,1122,7.920876645876646
12:01:27,1124,7.920876645876646
12:01:28,1124,7.920876645876646
12:01:29,1125,7.920876645876646
12:01:30,1125,7.920876645876646
12:01:31,1125,7.924160609207338
12:01:32,1127,7.927213001383126
12:01:33,1128,7.925906735751296
12:01:34,1129,7.925906735751296
12:01:35,1129,7.925906735751296
12:01:36,1130,7.925906735751296
12:01:37,1132,7.925906735751296
12:01:38,1132,7.925906735751296
12:01:39,1133,7.925906735751296
12:01:40,1134,7.924551414768806
12:01:41,1135,7.924551414768806
12:01:42,1135,7.924551414768806
12:01:43,1136,7.924551414768806
12:01:44,1138,7.925560151671837
12:01:45,1138,7.925560151671837
12:01:46,1138,7.926377410468319
12:01:47,1141,7.926377410468319
12:01:48,1141,7.926377410468319
12:01:49,1141,7.927175782593739
12:01:50,1143,7.927175782593739
12:01:51,1143,7.928419243986254
12:01:52,1143,7.928419243986254
12:01:53,1144,7.928419243986254
12:01:54,1145,7.928419243986254
12:01:55,1145,7.928419243986254
12:01:56,1145,7.928419243986254
12:01:57,1146,7.928419243986254
12:01:58,1146,7.928419243986254
12:01:59,1146,7.930329557157569
12:02:00,1147,7.930329557157569
12:02:01,1147,7.930329557157569
12:02:02,1147,7.934585048010974
12:02:03,1147,7.934585048010974
12:02:04,1148,7.934585048010974
12:02:05,1149,7.934585048010974
12:02:06,1149,7.934585048010974
12:02:07,1149,7.934585048010974
12:02:08,1150,7.934585048010974
12:02:09,1151,7.938352175402534
12:02:10,1152,7.938352175402534
12:02:11,1152,7.938352175402534
12:02:12,1153,7.938004791238877
12:02:13,1153,7.938004791238877
12:02:14,1154,7.938004791238877
12:02:15,1154,7.938004791238877
12:02:16,1155,7.938004791238877
12:02:17,1155,7.938004791238877
12:02:18,1156,7.938004791238877
12:02:19,1157,7.938004791238877
12:02:20,1157,7.94123076923077
12:02:21,1159,7.94123076923077
12:02:22,1160,7.94123076923077
12:02:23,1160,7.940710382513661
12:02:24,1160,7.940710382513661
12:02:25,1161,7.940710382513661
12:02:26,1162,7.940710382513661
12:02:27,1162,7.940710382513661
12:02:28,1163,7.940710382513661
12:02:29,1164,7.939355168884339
12:02:30,1164,7.9396216768916155
12:02:31,1164,7.9396216768916155
12:02:32,1166,7.9396216768916155
12:02:33,1166,7.941632653061224
12:02:34,1167,7.941632653061224
12:02:35,1167,7.941632653061224
12:02:36,1168,7.941794087665647
12:02:37,1168,7.941794087665647
12:02:38,1168,7.941794087665647
12:02:39,1168,7.942141887304819
12:02:40,1168,7.942895896914208
12:02:41,1168,7.942895896914208
12:02:42,1168,7.942895896914208
12:02:43,1168,7.942895896914208
12:02:44,1169,7.942895896914208
12:02:45,1169,7.942895896914208
12:02:46,1169,7.942895896914208
12:02:47,1169,7.942895896914208
12:02:48,1170,7.942869241192412
12:02:49,1170,7.942869241192412
12:02:50,1170,7.942869241192412
12:02:51,1170,7.942869241192412
12:02:52,1171,7.947614213197969
12:02:53,1171,7.947614213197969
12:02:54,1171,7.947614213197969
12:02:55,1171,7.947614213197969
12:02:56,1171,7.947614213197969
12:02:57,1171,7.9491548343475325
12:02:58,1171,7.9491548343475325
12:02:59,1171,7.9491548343475325
12:03:00,1171,7.9491548343475325
12:03:01,1171,7.952583586626139
12:03:02,1171,7.952884615384615
12:03:03,1171,7.952884615384615
12:03:04,1171,7.95340411189754
12:03:05,1171,7.95340411189754
12:03:06,1171,7.95340411189754
12:03:07,1172,7.95340411189754
12:03:08,1172,7.95340411189754
12:03:09,1172,7.95340411189754
12:03:10,1174,7.957356902356903
12:03:11,1174,7.957356902356903
12:03:12,1174,7.957231752438615
12:03:13,1175,7.957231752438615
12:03:14,1175,7.957231752438615
12:03:15,1175,7.957231752438615
12:03:16,1176,7.957231752438615
12:03:17,1176,7.957231752438615
12:03:18,1177,7.957231752438615
12:03:19,1178,7.9562668010752695
12:03:20,1178,7.9562668010752695
12:03:21,1178,7.9562668010752695
12:03:22,1178,7.957545271629779
12:03:23,1178,7.957545271629779
12:03:24,1178,7.957545271629779
12:03:25,1178,7.958743718592965
12:03:26,1178,7.958743718592965
12:03:27,1178,7.958743718592965
12:03:28,1178,7.96004016064257
12:03:29,1178,7.96004016064257
12:03:30,1178,7.9613507188231365
12:03:31,1178,7.9613507188231365
12:03:32,1178,7.9613507188231365
12:03:33,1178,7.9613507188231365
12:03:34,1178,7.9613507188231365
12:03:35,1178,7.9613507188231365
12:03:36,1178,7.9613507188231365
12:03:37,1178,7.9613507188231365
12:03:38,1178,7.9613507188231365
12:03:39,1178,7.9613507188231365
12:03:40,1178,7.9613507188231365
12:03:41,1178,7.9613507188231365
12:03:42,1178,7.966299632966299
12:03:43,1178,7.966299632966299
12:03:44,1178,7.966299632966299
12:03:45,1178,7.966299632966299
12:03:46,1178,7.967266666666666
12:03:47,1178,7.967266666666666
12:03:48,1178,7.967266666666666
12:03:49,1178,7.967266666666666
12:03:50,1178,7.967266666666666
12:03:51,1178,7.967266666666666
12:03:52,1178,7.967765567765568
12:03:53,1178,7.967765567765568
12:03:54,1178,7.967765567765568
12:03:55,1178,7.967765567765568
12:03:56,1178,7.967765567765568
12:03:57,1178,7.967765567765568
12:03:58,1178,7.967765567765568
12:03:59,1178,7.967765567765568
12:04:00,1178,7.967765567765568
12:04:01,1178,7.967765567765568
12:04:02,1178,7.970808383233533
12:04:03,1178,7.970808383233533
12:04:04,1178,7.970808383233533
12:04:05,1178,7.970255898969757
12:04:06,1178,7.970255898969757
12:04:07,1178,7.970255898969757
12:04:08,1178,7.974833997343958
12:04:09,1178,7.974295190713102
12:04:10,1178,7.974295190713102
12:04:11,1178,7.974295190713102
12:04:12,1178,7.974295190713102
12:04:13,1178,7.974295190713102
12:04:14,1178,7.9754970178926445
12:04:15,1178,7.9754970178926445
12:04:16,1178,7.9754970178926445
12:04:17,1178,7.9754970178926445
12:04:18,1178,7.979315476190476
12:04:19,1179,7.981185992732078
12:04:20,1179,7.981185992732078
12:04:21,1179,7.981185992732078
12:04:22,1179,7.981185992732078
12:04:23,1179,7.981185992732078
12:04:24,1179,7.981185992732078
12:04:25,1179,7.981185992732078
12:04:26,1179,7.981185992732078
12:04:27,1179,7.981185992732078
12:04:28,1179,7.981185992732078
12:04:29,1179,7.981185992732078
12:04:30,1179,7.981185992732078
12:04:31,1180,7.982475247524752
12:04:32,1180,7.987256841411144
12:04:33,1180,7.987256841411144
12:04:34,1180,7.987256841411144
12:04:35,1180,7.987256841411144
12:04:36,1180,7.988405797101449
12:04:37,1181,7.9902270483711755
12:04:38,1181,7.9902270483711755
12:04:39,1181,7.9902270483711755
12:04:40,1181,7.9902270483711755
12:04:41,1181,7.9902270483711755
12:04:42,1181,7.992307692307692
12:04:43,1181,7.992307692307692
12:04:44,1181,7.992307692307692
12:04:45,1182,7.993563218390805
12:04:46,1182,7.993563218390805
12:04:47,1182,7.9957677165354335
12:04:48,1183,7.9957677165354335
12:04:49,1183,7.9957677165354335
12:04:50,1184,7.9957677165354335
12:04:51,1184,8.000294985250738
12:04:52,1184,8.000294985250738
12:04:53,1184,7.999819908316962
12:04:54,1185,7.999819908316962
12:04:55,1185,7.999819908316962
12:04:56,1185,7.999819908316962
12:04:57,1185,7.999819908316962
12:04:58,1185,7.999051357540072
12:04:59,1186,7.999051357540072
12:05:00,1186,7.999051357540072
12:05:01,1186,7.999051357540072
12:05:02,1186,7.999051357540072
12:05:03,1186,7.999051357540072
12:05:04,1186,7.999051357540072
12:05:05,1186,8.000915032679739
12:05:06,1186,8.000915032679739
12:05:07,1186,8.000915032679739
12:05:08,1186,8.000915032679739
12:05:09,1186,8.00663731245923
12:05:10,1187,8.00663731245923
12:05:11,1187,8.00663731245923
12:05:12,1188,8.008553274682306
12:05:13,1188,8.008553274682306
12:05:14,1188,8.008553274682306
12:05:15,1190,8.008553274682306
12:05:16,1190,8.008553274682306
12:05:17,1190,8.008553274682306
12:05:18,1190,8.008553274682306
12:05:19,1190,8.008553274682306
12:05:20,1191,8.008553274682306
12:05:21,1191,8.010319010416667
12:05:22,1191,8.010319010416667
12:05:23,1191,8.010319010416667
12:05:24,1191,8.014617886178861
12:05:25,1191,8.014617886178861
12:05:26,1191,8.016341780376868
12:05:27,1192,8.016341780376868
12:05:28,1192,8.016341780376868
12:05:29,1192,8.016341780376868
12:05:30,1192,8.016341780376868
12:05:31,1193,8.016341780376868
12:05:32,1193,8.01726712106459
12:05:33,1193,8.01726712106459
12:05:34,1193,8.01726712106459
12:05:35,1193,8.01726712106459
12:05:36,1194,8.019098573281452
12:05:37,1194,8.019098573281452
12:05:38,1195,8.019098573281452
12:05:39,1195,8.019098573281452
12:05:40,1195,8.019098573281452
12:05:41,1195,8.021963070942663
12:05:42,1195,8.021963070942663
12:05:43,1196,8.02598705501618
12:05:44,1196,8.031653746770026
12:05:45,1196,8.031653746770026
12:05:46,1196,8.031653746770026
12:05:47,1196,8.03160696999032
12:05:48,1196,8.03160696999032
12:05:49,1196,8.031511927788523
12:05:50,1197,8.032592592592593
12:05:51,1197,8.032592592592593
12:05:52,1197,8.032592592592593
12:05:53,1198,8.032592592592593
12:05:54,1198,8.035842985842987
12:05:55,1199,8.035842985842987
12:05:56,1199,8.035842985842987
12:05:57,1199,8.035842985842987
12:05:58,1199,8.035842985842987
12:05:59,1200,8.035842985842987
12:06:00,1200,8.035842985842987
12:06:01,1200,8.035842985842987
12:06:02,1201,8.037962070073931
12:06:03,1201,8.037962070073931
12:06:04,1202,8.037962070073931
12:06:05,1202,8.037962070073931
12:06:06,1204,8.037962070073931
12:06:07,1204,8.037962070073931
12:06:08,1204,8.037962070073931
12:06:09,1204,8.040671162491972
12:06:10,1205,8.040671162491972
12:06:11,1205,8.040671162491972
12:06:12,1205,8.040671162491972
12:06:13,1205,8.040671162491972
12:06:14,1205,8.040808469682387
12:06:15,1206,8.040808469682387
12:06:16,1206,8.040808469682387
12:06:17,1206,8.044535256410256
12:06:18,1207,8.0475344220301
12:06:19,1208,8.050399872040947
12:06:20,1208,8.050399872040947
12:06:21,1209,8.050399872040947
12:06:22,1209,8.050399872040947
12:06:23,1209,8.050399872040947
12:06:24,1209,8.050399872040947
12:06:25,1210,8.050399872040947
12:06:26,1210,8.050399872040947
12:06:27,1211,8.050814956855225
12:06:28,1212,8.050814956855225
12:06:29,1213,8.050814956855225
12:06:30,1213,8.050814956855225
12:06:31,1213,8.050814956855225
12:06:32,1214,8.050814956855225
12:06:33,1214,8.050814956855225
12:06:34,1214,8.050814956855225
12:06:35,1214,8.051388888888889
12:06:36,1214,8.051388888888889
12:06:37,1214,8.051388888888889
12:06:38,1214,8.054242424242425
12:06:39,1214,8.054242424242425
12:06:40,1214,8.053728489483747
12:06:41,1214,8.053677172874881
12:06:42,1214,8.053677172874881
12:06:43,1214,8.053677172874881
12:06:44,1215,8.057490458015268
12:06:45,1215,8.057490458015268
12:06:46,1216,8.058579599618685
12:06:47,1216,8.058579599618685
12:06:48,1216,8.058579599618685
12:06:49,1216,8.058579599618685
12:06:50,1216,8.058579599618685
12:06:51,1216,8.058579599618685
12:06:52,1216,8.06084126984127
12:06:53,1216,8.06084126984127
12:06:54,1216,8.064192832223279
12:06:55,1216,8.064192832223279
12:06:56,1218,8.066333967046894
12:06:57,1218,8.066333967046894
12:06:58,1218,8.066333967046894
12:06:59,1218,8.065986071541627
12:07:00,1219,8.065986071541627
12:07:01,1219,8.065986071541627
12:07:02,1219,8.065986071541627
12:07:03,1220,8.069386464263125
12:07:04,1220,8.069386464263125
12:07:05,1221,8.069386464263125
12:07:06,1221,8.069386464263125
12:07:07,1221,8.069386464263125
12:07:08,1223,8.069386464263125
12:07:09,1223,8.069386464263125
12:07:10,1225,8.069386464263125
12:07:11,1225,8.069386464263125
12:07:12,1226,8.069386464263125
12:07:13,1227,8.069386464263125
12:07:14,1227,8.069386464263125
12:07:15,1227,8.069386464263125
12:07:16,1228,8.069386464263125
12:07:17,1228,8.069905213270141
12:07:18,1229,8.070123106060606
12:07:19,1229,8.070123106060606
12:07:20,1229,8.070123106060606
12:07:21,1229,8.070123106060606
12:07:22,1229,8.070123106060606
12:07:23,1229,8.070123106060606
12:07:24,1231,8.070123106060606
12:07:25,1231,8.070123106060606
12:07:26,1231,8.072122358877326
12:07:27,1231,8.072122358877326
12:07:28,1232,8.079304375196726
12:07:29,1232,8.079304375196726
12:07:30,1232,8.079304375196726
12:07:31,1232,8.079622641509435
12:07:32,1232,8.07923342758404
12:07:33,1234,8.07923342758404
12:07:34,1234,8.07923342758404
12:07:35,1234,8.08813107557228
12:07:36,1235,8.08813107557228
12:07:37,1236,8.08813107557228
12:07:38,1236,8.08813107557228
12:07:39,1236,8.092747493734336
12:07:40,1237,8.092747493734336
12:07:41,1237,8.092747493734336
12:07:42,1237,8.092747493734336
12:07:43,1237,8.092747493734336
12:07:44,1239,8.092747493734336
12:07:45,1239,8.094835680751173
12:07:46,1239,8.094835680751173
12:07:47,1240,8.097060662914322
12:07:48,1240,8.097060662914322
12:07:49,1240,8.097060662914322
12:07:50,1240,8.097060662914322
12:07:51,1240,8.098672289909404
12:07:52,1240,8.098672289909404
12:07:53,1240,8.098672289909404
12:07:54,1241,8.098672289909404
12:07:55,1241,8.098486267166043
12:07:56,1241,8.098486267166043
12:07:57,1241,8.098486267166043
12:07:58,1241,8.098486267166043
12:07:59,1241,8.105202492211838
12:08:00,1242,8.105202492211838
12:08:01,1242,8.105202492211838
12:08:02,1242,8.105202492211838
12:08:03,1242,8.105202492211838
12:08:04,1242,8.105202492211838
12:08:05,1243,8.105202492211838
12:08:06,1243,8.105202492211838
12:08:07,1243,8.105368814192344
12:08:08,1244,8.105368814192344
12:08:09,1244,8.105368814192344
12:08:10,1244,8.105368814192344
12:08:11,1245,8.105368814192344
12:08:12,1245,8.105368814192344
12:08:13,1245,8.105368814192344
12:08:14,1245,8.105368814192344
12:08:15,1245,8.105368814192344
12:08:16,1246,8.107307213930348
12:08:17,1246,8.107307213930348
12:08:18,1246,8.107307213930348
12:08:19,1246,8.108993476234856
12:08:20,1246,8.108993476234856
12:08:21,1246,8.108993476234856
12:08:22,1246,8.11159217877095
12:08:23,1246,8.111426356589147
12:08:24,1246,8.111426356589147
12:08:25,1246,8.11188486536676
12:08:26,1246,8.11188486536676
12:08:27,1246,8.11188486536676
12:08:28,1246,8.116527649057769
12:08:29,1246,8.116527649057769
12:08:30,1246,8.116527649057769
12:08:31,1246,8.116527649057769
12:08:32,1246,8.116527649057769
12:08:33,1246,8.116527649057769
12:08:34,1247,8.116527649057769
12:08:35,1247,8.116527649057769
12:08:36,1247,8.116527649057769
12:08:37,1247,8.116527649057769
12:08:38,1248,8.116527649057769
12:08:39,1248,8.115
12:08:40,1249,8.115
12:08:41,1249,8.115
12:08:42,1249,8.115
12:08:43,1249,8.115
12:08:44,1250,8.115
12:08:45,1250,8.11486278137527
12:08:46,1250,8.11486278137527
12:08:47,1250,8.114818237831177
12:08:48,1250,8.114818237831177
12:08:49,1250,8.117759310557094
12:08:50,1251,8.117759310557094
12:08:51,1251,8.117759310557094
12:08:52,1251,8.117759310557094
12:08:53,1251,8.117759310557094
12:08:54,1251,8.117759310557094
12:08:55,1251,8.117759310557094
12:08:56,1252,8.117759310557094
12:08:57,1253,8.117759310557094
12:08:58,1253,8.11731242312423
12:08:59,1254,8.11731242312423
12:09:00,1255,8.11594470046083
12:09:01,1255,8.11594470046083
12:09:02,1256,8.11594470046083
12:09:03,1256,8.117725598526704
12:09:04,1257,8.117725598526704
12:09:05,1257,8.120039865072064
12:09:06,1258,8.120039865072064
12:09:07,1259,8.120039865072064
12:09:08,1259,8.122794117647059
12:09:09,1260,8.122794117647059
12:09:10,1260,8.122794117647059
12:09:11,1261,8.125
12:09:12,1261,8.125
12:09:13,1262,8.125084020776047
12:09:14,1263,8.130296092796092
12:09:15,1263,8.130296092796092
12:09:16,1263,8.132204940530649
12:09:17,1264,8.132204940530649
12:09:18,1264,8.132204940530649
12:09:19,1264,8.132464960390006
12:09:20,1265,8.132464960390006
12:09:21,1266,8.132464960390006
12:09:22,1266,8.132464960390006
12:09:23,1267,8.132464960390006
12:09:24,1267,8.133561643835616
12:09:25,1267,8.133561643835616
12:09:26,1267,8.133561643835616
12:09:27,1268,8.133561643835616
12:09:28,1270,8.133561643835616
12:09:29,1270,8.133561643835616
12:09:30,1270,8.133561643835616
12:09:31,1271,8.133561643835616
12:09:32,1272,8.133561643835616
12:09:33,1272,8.133561643835616
12:09:34,1273,8.133561643835616
12:09:35,1273,8.133561643835616
12:09:36,1273,8.130945863746959
12:09:37,1273,8.130945863746959
12:09:38,1273,8.133955676988464
12:09:39,1273,8.133955676988464
12:09:40,1273,8.133955676988464
12:09:41,1273,8.133955676988464
12:09:42,1274,8.135668789808916
12:09:43,1274,8.135668789808916
12:09:44,1274,8.135668789808916
12:09:45,1274,8.135668789808916
12:09:46,1275,8.135668789808916
12:09:47,1275,8.135833333333332
12:09:48,1275,8.135833333333332
12:09:49,1275,8.135833333333332
12:09:50,1275,8.135785649409629
12:09:51,1275,8.135785649409629
12:09:52,1276,8.13706896551724
12:09:53,1276,8.13706896551724
12:09:54,1277,8.13706896551724
12:09:55,1277,8.13706896551724
12:09:56,1277,8.13706896551724
12:09:57,1277,8.13706896551724
12:09:58,1277,8.139543668782109
12:09:59,1277,8.139543668782109
12:10:00,1277,8.139543668782109
12:10:01,1277,8.139824879227053
12:10:02,1277,8.139824879227053
12:10:03,1277,8.139824879227053
12:10:04,1277,8.144690799396681
12:10:05,1277,8.146202531645569
12:10:06,1277,8.146202531645569
12:10:07,1277,8.146202531645569
12:10:08,1277,8.146202531645569
12:10:09,1277,8.146202531645569
12:10:10,1277,8.146202531645569
12:10:11,1277,8.146202531645569
12:10:12,1277,8.146202531645569
12:10:13,1277,8.146202531645569
12:10:14,1277,8.147530864197531
12:10:15,1277,8.147530864197531
12:10:16,1277,8.147530864197531
12:10:17,1277,8.147530864197531
12:10:18,1277,8.147530864197531
12:10:19,1278,8.147530864197531
12:10:20,1278,8.148360409145607
12:10:21,1278,8.148360409145607
12:10:22,1278,8.148360409145607
12:10:23,1278,8.148360409145607
12:10:24,1278,8.149594229035166
12:10:25,1278,8.149594229035166
12:10:26,1278,8.149594229035166
12:10:27,1278,8.149594229035166
12:10:28,1278,8.153033033033033
12:10:29,1278,8.153033033033033
12:10:30,1278,8.153033033033033
12:10:31,1278,8.153033033033033
12:10:32,1278,8.153300330033003
12:10:33,1279,8.153300330033003
12:10:34,1279,8.155695443645083
12:10:35,1279,8.155695443645083
12:10:36,1279,8.155695443645083
12:10:37,1279,8.156454028152142
12:10:38,1279,8.156454028152142
12:10:39,1279,8.156454028152142
12:10:40,1279,8.156986834230999
12:10:41,1279,8.156905829596413
12:10:42,1280,8.156905829596413
12:10:43,1280,8.156905829596413
12:10:44,1280,8.157138590203107
12:10:45,1280,8.157138590203107
12:10:46,1281,8.157138590203107
12:10:47,1281,8.157138590203107
12:10:48,1281,8.157138590203107
12:10:49,1282,8.15843031930767
12:10:50,1282,8.15843031930767
12:10:51,1282,8.15843031930767
12:10:52,1282,8.15843031930767
12:10:53,1284,8.15843031930767
12:10:54,1284,8.15843031930767
12:10:55,1284,8.15843031930767
12:10:56,1285,8.16532618409294
12:10:57,1286,8.16532618409294
12:10:58,1286,8.16532618409294
12:10:59,1286,8.16532618409294
12:11:00,1286,8.16532618409294
12:11:01,1286,8.16532618409294
12:11:02,1286,8.16532618409294
12:11:03,1286,8.166904761904762
12:11:04,1287,8.169536128456736
12:11:05,1287,8.169536128456736
12:11:06,1287,8.169536128456736
12:11:07,1288,8.169536128456736
12:11:08,1288,8.170246583481877
12:11:09,1288,8.170246583481877
12:11:10,1289,8.170246583481877
12:11:11,1289,8.171786880379935
12:11:12,1289,8.171786880379935
12:11:13,1289,8.171786880379935
12:11:14,1290,8.171786880379935
12:11:15,1290,8.171786880379935
12:11:16,1290,8.173487544483985
12:11:17,1290,8.173487544483985
12:11:18,1291,8.173487544483985
12:11:19,1291,8.173487544483985
12:11:20,1291,8.173487544483985
12:11:21,1291,8.173487544483985
12:11:22,1291,8.173487544483985
12:11:23,1291,8.173487544483985
12:11:24,1291,8.173487544483985
12:11:25,1292,8.173487544483985
12:11:26,1292,8.178503703703704
12:11:27,1292,8.178503703703704
12:11:28,1292,8.178503703703704
12:11:29,1292,8.178503703703704
12:11:30,1292,8.178503703703704
12:11:31,1292,8.176272942569568
12:11:32,1293,8.176272942569568
12:11:33,1293,8.174903874593316
12:11:34,1293,8.174903874593316
12:11:35,1293,8.176551418439717
12:11:36,1294,8.176551418439717
12:11:37,1294,8.176551418439717
12:11:38,1294,8.18019174041298
12:11:39,1296,8.18203654582965
12:11:40,1296,8.183524734982333
12:11:41,1296,8.183524734982333
12:11:42,1296,8.185186819652838
12:11:43,1298,8.185186819652838
12:11:44,1298,8.185186819652838
12:11:45,1298,8.185186819652838
12:11:46,1298,8.185186819652838
12:11:47,1299,8.185186819652838
12:11:48,1300,8.185186819652838
12:11:49,1300,8.185186819652838
12:11:50,1300,8.185186819652838
12:11:51,1301,8.185186819652838
12:11:52,1301,8.185186819652838
12:11:53,1301,8.185186819652838
12:11:54,1302,8.185186819652838
12:11:55,1302,8.185186819652838
12:11:56,1303,8.185186819652838
12:11:57,1303,8.185186819652838
12:11:58,1303,8.18666960611405
12:11:59,1303,8.18666960611405
12:12:00,1304,8.18666960611405
12:12:01,1304,8.18666960611405
12:12:02,1304,8.189089574155654
12:12:03,1305,8.189089574155654
12:12:04,1305,8.189089574155654
12:12:05,1305,8.189089574155654
12:12:06,1305,8.187250586854459
12:12:07,1305,8.187250586854459
12:12:08,1305,8.187250586854459
12:12:09,1305,8.187250586854459
12:12:10,1305,8.187250586854459
12:12:11,1305,8.187250586854459
12:12:12,1306,8.187250586854459
12:12:13,1306,8.187250586854459
12:12:14,1306,8.188537085898563
12:12:15,1306,8.188537085898563
12:12:16,1308,8.193482718219098
12:12:17,1308,8.193482718219098
12:12:18,1308,8.193482718219098
12:12:19,1310,8.196180860403864
12:12:20,1311,8.196180860403864
12:12:21,1311,8.196180860403864
12:12:22,1312,8.196959064327485
12:12:23,1312,8.196959064327485
12:12:24,1312,8.196959064327485
12:12:25,1312,8.199167397020158
12:12:26,1313,8.199167397020158
12:12:27,1313,8.20100700525394
12:12:28,1313,8.203514144065325
12:12:29,1315,8.203514144065325
12:12:30,1316,8.203514144065325
12:12:31,1316,8.203514144065325
12:12:32,1316,8.205827505827505
12:12:33,1317,8.205827505827505
12:12:34,1318,8.205827505827505
12:12:35,1318,8.207889374090248
12:12:36,1319,8.207889374090248
12:12:37,1319,8.210223967422921
12:12:38,1319,8.210223967422921
12:12:39,1319,8.210223967422921
12:12:40,1319,8.212656204591688
12:12:41,1319,8.212656204591688
12:12:42,1319,8.214488966318235
12:12:43,1319,8.214488966318235
12:12:44,1319,8.214488966318235
12:12:45,1320,8.216275021758051
12:12:46,1320,8.216275021758051
12:12:47,1320,8.216275021758051
12:12:48,1321,8.216275021758051
12:12:49,1322,8.216275021758051
12:12:50,1322,8.216275021758051
12:12:51,1322,8.216275021758051
12:12:52,1322,8.216275021758051
12:12:53,1323,8.216275021758051
12:12:54,1323,8.216275021758051
12:12:55,1324,8.214826086956522
12:12:56,1324,8.214826086956522
12:12:57,1324,8.214826086956522
12:12:58,1324,8.214826086956522
12:12:59,1325,8.214826086956522
12:13:00,1325,8.214826086956522
12:13:01,1325,8.214826086956522
12:13:02,1326,8.217405154937735
12:13:03,1327,8.217405154937735
12:13:04,1327,8.220052083333334
12:13:05,1327,8.220052083333334
12:13:06,1328,8.220052083333334
12:13:07,1328,8.220052083333334
12:13:08,1330,8.225426423821913
12:13:09,1330,8.225426423821913
12:13:10,1331,8.227787406123628
12:13:11,1332,8.227787406123628
12:13:12,1332,8.227787406123628
12:13:13,1333,8.227787406123628
12:13:14,1334,8.227787406123628
12:13:15,1334,8.227787406123628
12:13:16,1334,8.227787406123628
12:13:17,1335,8.227787406123628
12:13:18,1336,8.227787406123628
12:13:19,1338,8.227787406123628
12:13:20,1339,8.227787406123628
12:13:21,1340,8.230952380952381
12:13:22,1340,8.230608419838523
12:13:23,1342,8.230608419838523
12:13:24,1343,8.232958801498127
12:13:25,1343,8.232958801498127
12:13:26,1344,8.232958801498127
12:13:27,1345,8.233304548071388
12:13:28,1345,8.233304548071388
12:13:29,1345,8.236137474834628
12:13:30,1346,8.236137474834628
12:13:31,1348,8.236137474834628
12:13:32,1348,8.23860632183908
12:13:33,1348,8.23860632183908
12:13:34,1349,8.23860632183908
12:13:35,1350,8.23860632183908
12:13:36,1351,8.23860632183908
12:13:37,1351,8.23860632183908
12:13:38,1351,8.241056560436405
12:13:39,1353,8.241056560436405
12:13:40,1353,8.241056560436405
12:13:41,1354,8.241056560436405
12:13:42,1355,8.241056560436405
12:13:43,1355,8.241056560436405
12:13:44,1356,8.239343086632243
12:13:45,1357,8.239343086632243
12:13:46,1357,8.239343086632243
12:13:47,1357,8.239343086632243
12:13:48,1358,8.239343086632243
12:13:49,1359,8.241358555460017
12:13:50,1359,8.241358555460017
12:13:51,1361,8.2434421534937
12:13:52,1362,8.2434421534937
12:13:53,1362,8.2434421534937
12:13:54,1362,8.2458226037196
12:13:55,1363,8.2458226037196
12:13:56,1363,8.2458226037196
12:13:57,1363,8.2458226037196
12:13:58,1363,8.254984290202799
12:13:59,1363,8.254984290202799
12:14:00,1364,8.258276255707763
12:14:01,1364,8.258276255707763
12:14:02,1364,8.258276255707763
12:14:03,1364,8.258276255707763
12:14:04,1365,8.258276255707763
12:14:05,1365,8.258276255707763
12:14:06,1365,8.26132021670944
12:14:07,1365,8.26132021670944
12:14:08,1365,8.26132021670944
12:14:09,1365,8.26132021670944
12:14:10,1365,8.26132021670944
12:14:11,1365,8.26132021670944
12:14:12,1365,8.264900284900285
12:14:13,1365,8.264900284900285
12:14:14,1365,8.264773697694277
12:14:15,1365,8.264773697694277
12:14:16,1365,8.264773697694277
12:14:17,1365,8.268558020477816
12:14:18,1365,8.267192384200056
12:14:19,1365,8.267192384200056
12:14:20,1365,8.267192384200056
12:14:21,1365,8.267192384200056
12:14:22,1365,8.267192384200056
12:14:23,1366,8.267745599091425
12:14:24,1366,8.267745599091425
12:14:25,1366,8.27099290780142
12:14:26,1366,8.27099290780142
12:14:27,1366,8.27099290780142
12:14:28,1367,8.272137188208616
12:14:29,1367,8.272137188208616
12:14:30,1368,8.272137188208616
12:14:31,1368,8.272137188208616
12:14:32,1369,8.272137188208616
12:14:33,1370,8.272137188208616
12:14:34,1370,8.277485131690739
12:14:35,1372,8.277485131690739
12:14:36,1372,8.277485131690739
12:14:37,1372,8.277485131690739
12:14:38,1372,8.277485131690739
12:14:39,1373,8.277485131690739
12:14:40,1373,8.277485131690739
12:14:41,1373,8.277787209960385
12:14:42,1373,8.277787209960385
12:14:43,1374,8.280421260955611
12:14:44,1374,8.280421260955611
12:14:45,1374,8.280421260955611
12:14:46,1374,8.280421260955611
12:14:47,1374,8.28074858757062
12:14:48,1374,8.28074858757062
12:14:49,1374,8.28074858757062
12:14:50,1374,8.28074858757062
12:14:51,1374,8.284194185718318
12:14:52,1374,8.284194185718318
12:14:53,1374,8.284194185718318
12:14:54,1374,8.284194185718318
12:14:55,1374,8.285391990975747
12:14:56,1374,8.285391990975747
12:14:57,1374,8.285391990975747
12:14:58,1374,8.285391990975747
12:14:59,1374,8.285391990975747
12:15:00,1374,8.285391990975747
12:15:01,1374,8.287052690898845
12:15:02,1374,8.287052690898845
12:15:03,1374,8.287052690898845
12:15:04,1374,8.287288851351352
12:15:05,1374,8.287288851351352
12:15:06,1374,8.287288851351352
12:15:07,1374,8.287288851351352
12:15:08,1374,8.285738396624472
12:15:09,1374,8.285738396624472
12:15:10,1374,8.285738396624472
12:15:11,1374,8.285738396624472
12:15:12,1374,8.285738396624472
12:15:13,1374,8.285738396624472
12:15:14,1374,8.289600899381675
12:15:15,1374,8.289600899381675
12:15:16,1374,8.29316203313676
12:15:17,1374,8.29316203313676
12:15:18,1374,8.29316203313676
12:15:19,1376,8.29316203313676
12:15:20,1376,8.29316203313676
12:15:21,1376,8.296955667789002
12:15:22,1376,8.296955667789002
12:15:23,1376,8.296955667789002
12:15:24,1376,8.301555929352396
12:15:25,1376,8.301555929352396
12:15:26,1376,8.301555929352396
12:15:27,1376,8.301555929352396
12:15:28,1376,8.301555929352396
12:15:29,1376,8.30232492997199
12:15:30,1376,8.30232492997199
12:15:31,1376,8.30232492997199
12:15:32,1376,8.303092639238734
12:15:33,1376,8.303092639238734
12:15:34,1376,8.303092639238734
12:15:35,1376,8.30478187919463
12:15:36,1376,8.30478187919463
12:15:37,1376,8.30478187919463
12:15:38,1376,8.30478187919463
12:15:39,1376,8.30478187919463
12:15:40,1376,8.30478187919463
12:15:41,1376,8.30478187919463
12:15:42,1376,8.306789606035204
12:15:43,1376,8.306789606035204
12:15:44,1376,8.306789606035204
12:15:45,1376,8.306789606035204
12:15:46,1376,8.306789606035204
12:15:47,1376,8.306789606035204
12:15:48,1376,8.306789606035204
12:15:49,1376,8.310413176996091
12:15:50,1376,8.310725244072524
12:15:51,1378,8.310725244072524
12:15:52,1378,8.311134336677815
12:15:53,1378,8.311134336677815
12:15:54,1378,8.311134336677815
12:15:55,1379,8.313088276246171
12:15:56,1379,8.313088276246171
12:15:57,1379,8.311658319421259
12:15:58,1380,8.311658319421259
12:15:59,1380,8.311658319421259
12:16:00,1380,8.311658319421259
12:16:01,1380,8.311658319421259
12:16:02,1381,8.311658319421259
12:16:03,1381,8.311658319421259
12:16:04,1381,8.311658319421259
12:16:05,1381,8.311658319421259
12:16:06,1382,8.311968306922434
12:16:07,1383,8.311968306922434
12:16:08,1384,8.316138888888888
12:16:09,1385,8.316138888888888
12:16:10,1385,8.316138888888888
12:16:11,1385,8.317985012489592
12:16:12,1385,8.317985012489592
12:16:13,1385,8.322684414864115
12:16:14,1385,8.322684414864115
12:16:15,1385,8.322684414864115
12:16:16,1385,8.322684414864115
12:16:17,1385,8.322684414864115
12:16:18,1386,8.323413688002216
12:16:19,1386,8.323413688002216
12:16:20,1386,8.323413688002216
12:16:21,1386,8.323413688002216
12:16:22,1386,8.323413688002216
12:16:23,1386,8.325664451827242
12:16:24,1388,8.325664451827242
12:16:25,1388,8.327247579529736
12:16:26,1388,8.327247579529736
12:16:27,1389,8.327247579529736
12:16:28,1389,8.327247579529736
12:16:29,1389,8.327247579529736
12:16:30,1390,8.327247579529736
12:16:31,1390,8.327247579529736
12:16:32,1390,8.328251864125933
12:16:33,1391,8.328251864125933
12:16:34,1392,8.328251864125933
12:16:35,1392,8.328251864125933
12:16:36,1392,8.328251864125933
12:16:37,1393,8.328251864125933
12:16:38,1393,8.328251864125933
12:16:39,1393,8.32900110375276
12:16:40,1394,8.32900110375276
12:16:41,1394,8.32900110375276
12:16:42,1394,8.33038567493113
12:16:43,1394,8.33038567493113
12:16:44,1395,8.33038567493113
12:16:45,1395,8.333374587458746
12:16:46,1395,8.333374587458746
12:16:47,1396,8.333374587458746
12:16:48,1396,8.333374587458746
12:16:49,1396,8.333374587458746
12:16:50,1397,8.333374587458746
12:16:51,1398,8.333374587458746
12:16:52,1398,8.333374587458746
12:16:53,1398,8.333374587458746
12:16:54,1399,8.333374587458746
12:16:55,1400,8.333374587458746
12:16:56,1400,8.333374587458746
12:16:57,1400,8.335147018411652
12:16:58,1402,8.335147018411652
12:16:59,1403,8.335147018411652
12:17:00,1403,8.338550247116968
12:17:01,1403,8.338550247116968
12:17:02,1405,8.338550247116968
12:17:03,1405,8.344197530864198
12:17:04,1405,8.344197530864198
12:17:05,1406,8.348807565789475
12:17:06,1406,8.348807565789475
12:17:07,1407,8.348807565789475
12:17:08,1407,8.35012325390304
12:17:09,1407,8.35012325390304
12:17:10,1408,8.35012325390304
12:17:11,1408,8.35012325390304
12:17:12,1408,8.35012325390304
12:17:13,1410,8.35012325390304
12:17:14,1410,8.35012325390304
12:17:15,1411,8.351217843459223
12:17:16,1411,8.351217843459223
12:17:17,1411,8.351217843459223
12:17:18,1412,8.351217843459223
12:17:19,1412,8.351217843459223
12:17:20,1412,8.351217843459223
12:17:21,1412,8.351217843459223
12:17:22,1412,8.351217843459223
12:17:23,1412,8.34963084495488
12:17:24,1412,8.355573770491803
12:17:25,1412,8.355573770491803
12:17:26,1412,8.355573770491803
12:17:27,1412,8.355573770491803
12:17:28,1412,8.355573770491803
12:17:29,1412,8.355573770491803
12:17:30,1412,8.355573770491803
12:17:31,1412,8.357384657384658
12:17:32,1412,8.358224222585925
12:17:33,1412,8.358224222585925
12:17:34,1412,8.358224222585925
12:17:35,1412,8.359866448623603
12:17:36,1412,8.359866448623603
12:17:37,1412,8.359866448623603
12:17:38,1412,8.359866448623603
12:17:39,1412,8.359866448623603
12:17:40,1412,8.359866448623603
12:17:41,1412,8.359866448623603
12:17:42,1412,8.359866448623603
12:17:43,1412,8.358319716775599
12:17:44,1412,8.358319716775599
12:17:45,1412,8.358319716775599
12:17:46,1413,8.35756462585034
12:17:47,1413,8.35756462585034
12:17:48,1413,8.35756462585034
12:17:49,1414,8.36105220228385
12:17:50,1415,8.364995925020375
12:17:51,1415,8.364995925020375
12:17:52,1415,8.364995925020375
12:17:53,1416,8.364995925020375
12:17:54,1416,8.364995925020375
12:17:55,1416,8.364995925020375
12:17:56,1416,8.364995925020375
12:17:57,1418,8.36575732899023
12:17:58,1418,8.368768646596148
12:17:59,1418,8.368768646596148
12:18:00,1419,8.368768646596148
12:18:01,1419,8.368768646596148
12:18:02,1419,8.372059620596206
12:18:03,1420,8.372059620596206
12:18:04,1420,8.373354995938262
12:18:05,1420,8.373354995938262
12:18:06,1420,8.373354995938262
12:18:07,1420,8.373354995938262
12:18:08,1420,8.373354995938262
12:18:09,1420,8.373354995938262
12:18:10,1420,8.373354995938262
12:18:11,1420,8.373354995938262
12:18:12,1420,8.373354995938262
12:18:13,1421,8.373354995938262
12:18:14,1421,8.373354995938262
12:18:15,1421,8.373354995938262
12:18:16,1421,8.37669640443363
12:18:17,1421,8.37669640443363
12:18:18,1421,8.37669640443363
12:18:19,1421,8.37821862348178
12:18:20,1421,8.37821862348178
12:18:21,1421,8.37821862348178
12:18:22,1421,8.380515102481121
12:18:23,1421,8.380515102481121
12:18:24,1421,8.38361604738826
12:18:25,1422,8.38361604738826
12:18:26,1422,8.38361604738826
12:18:27,1422,8.38361604738826
12:18:28,1422,8.38361604738826
12:18:29,1422,8.38361604738826
12:18:30,1423,8.38361604738826
12:18:31,1423,8.384651600753296
12:18:32,1423,8.384651600753296
12:18:33,1423,8.384651600753296
12:18:34,1424,8.384651600753296
12:18:35,1424,8.384651600753296
12:18:36,1425,8.384651600753296
12:18:37,1425,8.384651600753296
12:18:38,1425,8.385416666666666
12:18:39,1426,8.385416666666666
12:18:40,1426,8.388100993822187
12:18:41,1426,8.388100993822187
12:18:42,1426,8.390754159957059
12:18:43,1426,8.390754159957059
12:18:44,1426,8.391391794046662
12:18:45,1426,8.391391794046662
12:18:46,1426,8.391391794046662
12:18:47,1426,8.391391794046662
12:18:48,1426,8.394989281886389
12:18:49,1426,8.394989281886389
12:18:50,1426,8.394989281886389
12:18:51,1427,8.394989281886389
12:18:52,1427,8.396104417670683
12:18:53,1427,8.396104417670683
12:18:54,1427,8.396104417670683
12:18:55,1427,8.398650093557873
12:18:56,1427,8.398650093557873
12:18:57,1427,8.398650093557873
12:18:58,1428,8.398650093557873
12:18:59,1428,8.398650093557873
12:19:00,1429,8.398650093557873
12:19:01,1429,8.398650093557873
12:19:02,1429,8.398650093557873
12:19:03,1429,8.398650093557873
12:19:04,1429,8.398650093557873
12:19:05,1429,8.398650093557873
12:19:06,1429,8.398650093557873
12:19:07,1429,8.397689636752137
12:19:08,1429,8.401214304777154
12:19:09,1429,8.401214304777154
12:19:10,1429,8.401214304777154
12:19:11,1431,8.403290700772716
12:19:12,1431,8.403290700772716
12:19:13,1431,8.403290700772716
12:19:14,1431,8.403501064962727
12:19:15,1431,8.403501064962727
12:19:16,1431,8.404668794892258
12:19:17,1431,8.404668794892258
12:19:18,1431,8.404668794892258
12:19:19,1431,8.404668794892258
12:19:20,1431,8.404668794892258
12:19:21,1431,8.404668794892258
12:19:22,1431,8.40607389686337
12:19:23,1431,8.40607389686337
12:19:24,1431,8.40607389686337
12:19:25,1431,8.40607389686337
12:19:26,1431,8.40607389686337
12:19:27,1432,8.40607389686337
12:19:28,1432,8.40607389686337
12:19:29,1432,8.40607389686337
12:19:30,1432,8.40953519256308
12:19:31,1432,8.40953519256308
12:19:32,1432,8.4135483014862
12:19:33,1433,8.4135483014862
12:19:34,1434,8.4135483014862
12:19:35,1434,8.4135483014862
12:19:36,1434,8.4135483014862
12:19:37,1435,8.4135483014862
12:19:38,1435,8.4135483014862
12:19:39,1435,8.4135483014862
12:19:40,1435,8.4135483014862
12:19:41,1435,8.4135483014862
12:19:42,1435,8.4135483014862
12:19:43,1435,8.4135483014862
12:19:44,1435,8.41510209493503
12:19:45,1435,8.41510209493503
12:19:46,1436,8.42047921630924
12:19:47,1436,8.42047921630924
12:19:48,1436,8.421640211640211
12:19:49,1437,8.424636531853027
12:19:50,1438,8.426571579503435
12:19:51,1438,8.426571579503435
12:19:52,1439,8.426571579503435
12:19:53,1439,8.426571579503435
12:19:54,1441,8.426571579503435
12:19:55,1441,8.426571579503435
12:19:56,1443,8.426571579503435
12:19:57,1443,8.42520453945632
12:19:58,1444,8.42520453945632
12:19:59,1444,8.42520453945632
12:20:00,1444,8.42520453945632
12:20:01,1446,8.42520453945632
12:20:02,1446,8.42520453945632
12:20:03,1446,8.42728111814346
12:20:04,1449,8.42772068511199
12:20:05,1449,8.42772068511199
12:20:06,1449,8.429410215903108
12:20:07,1451,8.429410215903108
12:20:08,1451,8.429410215903108
12:20:09,1451,8.429410215903108
12:20:10,1451,8.429410215903108
12:20:11,1452,8.430228887134964
12:20:12,1453,8.430228887134964
12:20:13,1453,8.432623554153523
12:20:14,1454,8.432623554153523
12:20:15,1454,8.432623554153523
12:20:16,1454,8.432623554153523
12:20:17,1454,8.432623554153523
12:20:18,1454,8.432623554153523
12:20:19,1456,8.432623554153523
12:20:20,1456,8.432623554153523
12:20:21,1457,8.435907538744418
12:20:22,1458,8.435907538744418
12:20:23,1458,8.435907538744418
12:20:24,1458,8.435907538744418
12:20:25,1459,8.43475065616798
12:20:26,1459,8.43475065616798
12:20:27,1459,8.43475065616798
12:20:28,1459,8.43475065616798
12:20:29,1459,8.43475065616798
12:20:30,1459,8.435444531864674
12:20:31,1459,8.435444531864674
12:20:32,1459,8.435444531864674
12:20:33,1459,8.437198637316563
12:20:34,1459,8.437198637316563
12:20:35,1459,8.437198637316563
12:20:36,1459,8.441607750720085
12:20:37,1459,8.442660910518054
12:20:38,1459,8.444549019607843
12:20:39,1459,8.444549019607843
12:20:40,1459,8.444549019607843
12:20:41,1459,8.444549019607843
12:20:42,1459,8.444505351083269
12:20:43,1459,8.444505351083269
12:20:44,1459,8.444505351083269
12:20:45,1459,8.444505351083269
12:20:46,1459,8.444505351083269
12:20:47,1461,8.444505351083269
12:20:48,1461,8.444505351083269
12:20:49,1461,8.444505351083269
12:20:50,1461,8.444505351083269
12:20:51,1461,8.444966092853416
12:20:52,1461,8.444966092853416
12:20:53,1462,8.444966092853416
12:20:54,1462,8.444966092853416
12:20:55,1462,8.444966092853416
12:20:56,1462,8.444966092853416
12:20:57,1462,8.444966092853416
12:20:58,1462,8.444966092853416
12:20:59,1462,8.44193380244983
12:21:00,1462,8.44193380244983
12:21:01,1463,8.4432421875
12:21:02,1463,8.4432421875
12:21:03,1463,8.4432421875
12:21:04,1464,8.4432421875
12:21:05,1466,8.4459927140255
12:21:06,1466,8.4459927140255
12:21:07,1466,8.446957878315134
12:21:08,1466,8.447752663029359
12:21:09,1468,8.447752663029359
12:21:10,1468,8.447752663029359
12:21:11,1468,8.450285565939772
12:21:12,1468,8.450285565939772
12:21:13,1468,8.451141374837873
12:21:14,1468,8.451141374837873
12:21:15,1470,8.451141374837873
12:21:16,1470,8.451141374837873
12:21:17,1470,8.451141374837873
12:21:18,1470,8.451141374837873
12:21:19,1470,8.451141374837873
12:21:20,1471,8.452125453602903
12:21:21,1471,8.452125453602903
12:21:22,1472,8.452125453602903
12:21:23,1473,8.452125453602903
12:21:24,1473,8.452125453602903
12:21:25,1473,8.452125453602903
12:21:26,1474,8.460546066252588
12:21:27,1474,8.460546066252588
12:21:28,1474,8.461856736488233
12:21:29,1474,8.461856736488233
12:21:30,1474,8.461856736488233
12:21:31,1474,8.461856736488233
12:21:32,1475,8.462674418604651
12:21:33,1475,8.462674418604651
12:21:34,1476,8.462674418604651
12:21:35,1476,8.462674418604651
12:21:36,1476,8.462674418604651
12:21:37,1476,8.462674418604651
12:21:38,1476,8.462674418604651
12:21:39,1476,8.462674418604651
12:21:40,1477,8.462674418604651
12:21:41,1477,8.465569326103795
12:21:42,1477,8.465492776057792
12:21:43,1478,8.465492776057792
12:21:44,1478,8.465492776057792
12:21:45,1478,8.469425109564321
12:21:46,1479,8.469425109564321
12:21:47,1479,8.469425109564321
12:21:48,1479,8.469425109564321
12:21:49,1479,8.469425109564321
12:21:50,1479,8.471647361647362
12:21:51,1479,8.471647361647362
12:21:52,1479,8.472929526748972
12:21:53,1480,8.472929526748972
12:21:54,1480,8.47568053415511
12:21:55,1480,8.47568053415511
12:21:56,1480,8.47568053415511
12:21:57,1480,8.47568053415511
12:21:58,1480,8.47568053415511
12:21:59,1480,8.47568053415511
12:22:00,1480,8.47568053415511
12:22:01,1480,8.47568053415511
12:22:02,1480,8.47568053415511
12:22:03,1480,8.477739286630742
12:22:04,1480,8.477739286630742
12:22:05,1480,8.477739286630742
12:22:06,1480,8.477739286630742
12:22:07,1480,8.477739286630742
12:22:08,1480,8.477739286630742
12:22:09,1481,8.477739286630742
12:22:10,1482,8.477739286630742
12:22:11,1482,8.477739286630742
12:22:12,1482,8.477739286630742
12:22:13,1482,8.477739286630742
12:22:14,1483,8.477739286630742
12:22:15,1483,8.479051282051282
12:22:16,1484,8.479051282051282
12:22:17,1484,8.479051282051282
12:22:18,1484,8.479051282051282
12:22:19,1484,8.479051282051282
12:22:20,1484,8.479051282051282
12:22:21,1485,8.479051282051282
12:22:22,1485,8.479051282051282
12:22:23,1485,8.479051282051282
12:22:24,1485,8.48027158595952
12:22:25,1485,8.48027158595952
12:22:26,1485,8.480325140809011
12:22:27,1485,8.480325140809011
12:22:28,1485,8.480325140809011
12:22:29,1485,8.482015860833974
12:22:30,1485,8.482015860833974
12:22:31,1486,8.483358895705521
12:22:32,1486,8.483358895705521
12:22:33,1486,8.483358895705521
12:22:34,1486,8.483358895705521
12:22:35,1486,8.487164750957854
12:22:36,1486,8.487164750957854
12:22:37,1486,8.487164750957854
12:22:38,1487,8.487164750957854
12:22:39,1487,8.487164750957854
12:22:40,1487,8.487164750957854
12:22:41,1487,8.487164750957854
12:22:42,1487,8.487164750957854
12:22:43,1487,8.488973966309342
12:22:44,1487,8.488973966309342
12:22:45,1487,8.488973966309342
12:22:46,1487,8.488973966309342
12:22:47,1487,8.488973966309342
12:22:48,1487,8.490448865085437
12:22:49,1487,8.490448865085437
12:22:50,1487,8.490448865085437
12:22:51,1487,8.490448865085437
12:22:52,1487,8.49565494393476
12:22:53,1487,8.49565494393476
12:22:54,1487,8.49349376114082
12:22:55,1488,8.498982188295166
12:22:56,1488,8.498982188295166
12:22:57,1488,8.501055174167302
12:22:58,1488,8.501055174167302
12:22:59,1488,8.502566056910569
12:23:00,1488,8.502566056910569
12:23:01,1489,8.502566056910569
12:23:02,1489,8.502566056910569
12:23:03,1489,8.502566056910569
12:23:04,1490,8.504138106118305
12:23:05,1490,8.504138106118305
12:23:06,1490,8.504138106118305
12:23:07,1491,8.504138106118305
12:23:08,1491,8.504138106118305
12:23:09,1491,8.504138106118305
12:23:10,1491,8.504138106118305
12:23:11,1492,8.504138106118305
12:23:12,1492,8.504138106118305
12:23:13,1493,8.504138106118305
12:23:14,1493,8.504138106118305
12:23:15,1493,8.505466768138001
12:23:16,1493,8.505466768138001
12:23:17,1493,8.506425855513308
12:23:18,1493,8.506425855513308
12:23:19,1494,8.506425855513308
12:23:20,1494,8.508232016210739
12:23:21,1494,8.508232016210739
12:23:22,1494,8.509390027841054
12:23:23,1494,8.509390027841054
12:23:24,1494,8.509390027841054
12:23:25,1494,8.511165907941326
12:23:26,1494,8.515529441496083
12:23:27,1495,8.515529441496083
12:23:28,1495,8.515529441496083
12:23:29,1495,8.515529441496083
12:23:30,1495,8.517108585858585
12:23:31,1495,8.517108585858585
12:23:32,1495,8.517108585858585
12:23:33,1495,8.517108585858585
12:23:34,1496,8.517108585858585
12:23:35,1497,8.518723189502902
12:23:36,1497,8.518723189502902
12:23:37,1497,8.518723189502902
12:23:38,1498,8.518723189502902
12:23:39,1498,8.520474029248613
12:23:40,1498,8.520474029248613
12:23:41,1498,8.520474029248613
12:23:42,1498,8.520474029248613
12:23:43,1498,8.520474029248613
12:23:44,1499,8.519186192995717
12:23:45,1499,8.519186192995717
12:23:46,1500,8.519186192995717
12:23:47,1501,8.524911883182275
12:23:48,1501,8.524911883182275
12:23:49,1502,8.524911883182275
12:23:50,1503,8.526415094339622
12:23:51,1503,8.526415094339622
12:23:52,1503,8.526415094339622
12:23:53,1504,8.526415094339622
12:23:54,1504,8.526415094339622
12:23:55,1504,8.526415094339622
12:23:56,1505,8.526415094339622
12:23:57,1505,8.529034690799397
12:23:58,1506,8.529034690799397
12:23:59,1506,8.531474503893495
12:24:00,1506,8.531474503893495
12:24:01,1506,8.531474503893495
12:24:02,1506,8.531474503893495
12:24:03,1507,8.531474503893495
12:24:04,1507,8.53145221971407
12:24:05,1507,8.53145221971407
12:24:06,1507,8.53145221971407
12:24:07,1507,8.53145221971407
12:24:08,1507,8.533182957393484
12:24:09,1507,8.533182957393484
12:24:10,1507,8.533182957393484
12:24:11,1507,8.533182957393484
12:24:12,1507,8.534072126220886
12:24:13,1507,8.534072126220886
12:24:14,1507,8.534072126220886
12:24:15,1507,8.535485485485486
12:24:16,1507,8.53789697424356
12:24:17,1507,8.53789697424356
12:24:18,1507,8.541629185407295
12:24:19,1507,8.541629185407295
12:24:20,1507,8.541629185407295
12:24:21,1507,8.541629185407295
12:24:22,1508,8.541629185407295
12:24:23,1508,8.541629185407295
12:24:24,1508,8.54330836454432
12:24:25,1508,8.54330836454432
12:24:26,1509,8.54330836454432
12:24:27,1509,8.54330836454432
12:24:28,1509,8.54330836454432
12:24:29,1509,8.54330836454432
12:24:30,1509,8.54330836454432
12:24:31,1509,8.54330836454432
12:24:32,1509,8.54330836454432
12:24:33,1509,8.545296906187625
12:24:34,1510,8.545296906187625
12:24:35,1510,8.545296906187625
12:24:36,1510,8.547868362004488
12:24:37,1510,8.547868362004488
12:24:38,1510,8.547868362004488
12:24:39,1511,8.547868362004488
12:24:40,1511,8.549003487792726
12:24:41,1511,8.549003487792726
12:24:42,1511,8.549003487792726
12:24:43,1511,8.549003487792726
12:24:44,1511,8.551294498381877
12:24:45,1511,8.551294498381877
12:24:46,1512,8.551294498381877
12:24:47,1512,8.551294498381877
12:24:48,1512,8.551294498381877
12:24:49,1512,8.551294498381877
12:24:50,1512,8.549962686567165
12:24:51,1512,8.549962686567165
12:24:52,1512,8.549962686567165
12:24:53,1512,8.549962686567165
12:24:54,1513,8.549962686567165
12:24:55,1513,8.549962686567165
12:24:56,1513,8.552212279393489
12:24:57,1513,8.552212279393489
12:24:58,1513,8.55248385494287
12:24:59,1513,8.55248385494287
12:25:00,1513,8.55248385494287
12:25:01,1513,8.554368329610325
12:25:02,1513,8.554368329610325
12:25:03,1513,8.554368329610325
12:25:04,1513,8.556808035714285
12:25:05,1513,8.560817843866172
12:25:06,1513,8.567347696879644
12:25:07,1513,8.567347696879644
12:25:08,1513,8.567347696879644
12:25:09,1513,8.567347696879644
12:25:10,1514,8.567347696879644
12:25:11,1514,8.567347696879644
12:25:12,1514,8.56560257362039
12:25:13,1514,8.567915430267062
12:25:14,1514,8.567915430267062
12:25:15,1514,8.567915430267062
12:25:16,1514,8.570546083518655
12:25:17,1514,8.570546083518655
12:25:18,1514,8.570546083518655
12:25:19,1514,8.570546083518655
12:25:20,1514,8.570546083518655
12:25:21,1514,8.570546083518655
12:25:22,1514,8.570546083518655
12:25:23,1514,8.570546083518655
12:25:24,1514,8.570546083518655
12:25:25,1514,8.57325925925926
12:25:26,1515,8.57325925925926
12:25:27,1515,8.57325925925926
12:25:28,1516,8.57325925925926
12:25:29,1517,8.573550456452011
12:25:30,1517,8.573550456452011
12:25:31,1517,8.573550456452011
12:25:32,1517,8.573550456452011
12:25:33,1517,8.573550456452011
12:25:34,1517,8.573550456452011
12:25:35,1518,8.573550456452011
12:25:36,1518,8.577601084812622
12:25:37,1518,8.577601084812622
12:25:38,1519,8.580155210643015
12:25:39,1520,8.580155210643015
12:25:40,1520,8.580155210643015
12:25:41,1520,8.580155210643015
12:25:42,1520,8.580155210643015
12:25:43,1522,8.580155210643015
12:25:44,1523,8.58581795817958
12:25:45,1523,8.58581795817958
12:25:46,1523,8.58581795817958
12:25:47,1525,8.58581795817958
12:25:48,1526,8.58581795817958
12:25:49,1526,8.586221730580139
12:25:50,1526,8.5888602309015
12:25:51,1526,8.58980117820324
12:25:52,1527,8.58980117820324
12:25:53,1528,8.58980117820324
12:25:54,1529,8.58980117820324
12:25:55,1530,8.58980117820324
12:25:56,1530,8.58980117820324
12:25:57,1530,8.593316163845966
12:25:58,1533,8.593316163845966
12:25:59,1533,8.593316163845966
12:26:00,1534,8.593316163845966
12:26:01,1534,8.593316163845966
12:26:02,1536,8.593316163845966
12:26:03,1536,8.596164215686276
12:26:04,1536,8.5965221650747
12:26:05,1537,8.5965221650747
12:26:06,1538,8.59690406265296
12:26:07,1538,8.59690406265296
12:26:08,1539,8.59690406265296
12:26:09,1539,8.6007703595011
12:26:10,1539,8.6007703595011
12:26:11,1539,8.6007703595011
12:26:12,1541,8.6007703595011
12:26:13,1541,8.6007703595011
12:26:14,1542,8.6007703595011
12:26:15,1545,8.6007703595011
12:26:16,1545,8.6007703595011
12:26:17,1546,8.603054740957965
12:26:18,1547,8.603054740957965
12:26:19,1548,8.603054740957965
12:26:20,1549,8.603054740957965
12:26:21,1550,8.603054740957965
12:26:22,1551,8.603054740957965
12:26:23,1551,8.603054740957965
12:26:24,1551,8.603054740957965
12:26:25,1552,8.603054740957965
12:26:26,1552,8.603054740957965
12:26:27,1552,8.605860805860805
12:26:28,1552,8.605860805860805
12:26:29,1553,8.605860805860805
12:26:30,1553,8.605860805860805
12:26:31,1553,8.605860805860805
12:26:32,1553,8.605860805860805
12:26:33,1553,8.605860805860805
12:26:34,1553,8.605860805860805
12:26:35,1553,8.605860805860805
12:26:36,1553,8.609480234260616
12:26:37,1553,8.609480234260616
12:26:38,1553,8.610851011948306
12:26:39,1553,8.610851011948306
12:26:40,1553,8.611890838206627
12:26:41,1553,8.615071828585343
12:26:42,1553,8.615071828585343
12:26:43,1553,8.615071828585343
12:26:44,1553,8.615071828585343
12:26:45,1553,8.615071828585343
12:26:46,1553,8.615071828585343
12:26:47,1554,8.615071828585343
12:26:48,1554,8.615071828585343
12:26:49,1554,8.615071828585343
12:26:50,1554,8.615071828585343
12:26:51,1555,8.615401459854015
12:26:52,1555,8.619183078045221
12:26:53,1555,8.62071185617104
12:26:54,1555,8.62071185617104
12:26:55,1556,8.62071185617104
12:26:56,1556,8.62319262493935
12:26:57,1556,8.62319262493935
12:26:58,1556,8.62319262493935
12:26:59,1557,8.626545454545456
12:27:00,1557,8.630341569767442
12:27:01,1557,8.630341569767442
12:27:02,1557,8.630341569767442
12:27:03,1557,8.630341569767442
12:27:04,1557,8.630341569767442
12:27:05,1557,8.630341569767442
12:27:06,1557,8.630341569767442
12:27:07,1557,8.630341569767442
12:27:08,1557,8.630341569767442
12:27:09,1557,8.630341569767442
12:27:10,1557,8.630341569767442
12:27:11,1557,8.631433067053983
12:27:12,1557,8.631433067053983
12:27:13,1557,8.631433067053983
12:27:14,1557,8.631433067053983
12:27:15,1558,8.631433067053983
12:27:16,1558,8.631433067053983
12:27:17,1558,8.633454281567488
12:27:18,1558,8.633454281567488
12:27:19,1558,8.63728547256466
12:27:20,1558,8.63728547256466
12:27:21,1558,8.63728547256466
12:27:22,1559,8.63728547256466
12:27:23,1559,8.63728547256466
12:27:24,1559,8.63728547256466
12:27:25,1559,8.63728547256466
12:27:26,1559,8.638683574879227
12:27:27,1559,8.638683574879227
12:27:28,1560,8.642565773594015
12:27:29,1560,8.642565773594015
12:27:30,1560,8.642565773594015
12:27:31,1560,8.642565773594015
12:27:32,1560,8.642565773594015
12:27:33,1560,8.645718765074772
12:27:34,1560,8.645718765074772
12:27:35,1560,8.645718765074772
12:27:36,1560,8.649734875873703
12:27:37,1560,8.651457129094412
12:27:38,1560,8.651457129094412
12:27:39,1560,8.651457129094412
12:27:40,1560,8.651457129094412
12:27:41,1560,8.651457129094412
12:27:42,1560,8.65441317941318
12:27:43,1560,8.65441317941318
12:27:44,1560,8.65441317941318
12:27:45,1560,8.65575582792598
12:27:46,1560,8.65575582792598
12:27:47,1560,8.65575582792598
12:27:48,1560,8.65575582792598
12:27:49,1561,8.65575582792598
12:27:50,1561,8.65575582792598
12:27:51,1561,8.65575582792598
12:27:52,1561,8.65575582792598
12:27:53,1561,8.65575582792598
12:27:54,1561,8.65575582792598
12:27:55,1561,8.65575582792598
12:27:56,1561,8.65575582792598
12:27:57,1561,8.65575582792598
12:27:58,1562,8.65575582792598
12:27:59,1562,8.65575582792598
12:28:00,1562,8.65575582792598
12:28:01,1562,8.656856388088377
12:28:02,1563,8.656856388088377
12:28:03,1563,8.656856388088377
12:28:04,1563,8.656856388088377
12:28:05,1563,8.656856388088377
12:28:06,1563,8.656856388088377
12:28:07,1563,8.656856388088377
12:28:08,1563,8.656856388088377
12:28:09,1563,8.661651067914567
12:28:10,1564,8.661651067914567
12:28:11,1564,8.661651067914567
12:28:12,1564,8.661651067914567
12:28:13,1564,8.661651067914567
12:28:14,1565,8.661031175059952
12:28:15,1565,8.661031175059952
12:28:16,1565,8.665192906781693
12:28:17,1565,8.666846264367816
12:28:18,1565,8.66804259392199
12:28:19,1565,8.66804259392199
12:28:20,1565,8.672274031563846
12:28:21,1565,8.673464755077658
12:28:22,1565,8.673464755077658
12:28:23,1565,8.675453677172875
12:28:24,1565,8.675453677172875
12:28:25,1565,8.679277022190409
12:28:26,1565,8.679277022190409
12:28:27,1565,8.682451120648546
12:28:28,1565,8.682451120648546
12:28:29,1565,8.682451120648546
12:28:30,1565,8.682451120648546
12:28:31,1565,8.683452466047177
12:28:32,1565,8.683452466047177
12:28:33,1565,8.683452466047177
12:28:34,1565,8.683452466047177
12:28:35,1565,8.683452466047177
12:28:36,1565,8.683452466047177
12:28:37,1565,8.683452466047177
12:28:38,1565,8.68422619047619
12:28:39,1565,8.68422619047619
12:28:40,1565,8.68422619047619
12:28:41,1565,8.686176540566262
12:28:42,1565,8.686176540566262
12:28:43,1565,8.686176540566262
12:28:44,1566,8.686176540566262
12:28:45,1567,8.686176540566262
12:28:46,1567,8.686176540566262
12:28:47,1568,8.686176540566262
12:28:48,1568,8.684700427960056
12:28:49,1568,8.684700427960056
12:28:50,1568,8.684700427960056
12:28:51,1568,8.684700427960056
12:28:52,1568,8.684700427960056
12:28:53,1568,8.684700427960056
12:28:54,1569,8.684700427960056
12:28:55,1569,8.684700427960056
12:28:56,1569,8.684700427960056
12:28:57,1569,8.684700427960056
12:28:58,1569,8.68927298645759
12:28:59,1569,8.68927298645759
12:29:00,1569,8.68927298645759
12:29:01,1569,8.68927298645759
12:29:02,1570,8.68927298645759
12:29:03,1570,8.68927298645759
12:29:04,1570,8.68927298645759
12:29:05,1570,8.690610161443495
12:29:06,1570,8.695504151838671
12:29:07,1570,8.694535324798483
12:29:08,1570,8.694535324798483
12:29:09,1570,8.694535324798483
12:29:10,1570,8.694535324798483
12:29:11,1570,8.69877990997394
12:29:12,1570,8.702876420454546
12:29:13,1570,8.702876420454546
12:29:14,1570,8.703820676602792
12:29:15,1570,8.703820676602792
12:29:16,1570,8.703820676602792
12:29:17,1571,8.705756501182034
12:29:18,1571,8.707158043940467
12:29:19,1571,8.707158043940467
12:29:20,1572,8.707158043940467
12:29:21,1574,8.707158043940467
12:29:22,1574,8.711402266288951
12:29:23,1574,8.711402266288951
12:29:24,1574,8.711402266288951
12:29:25,1576,8.714130691200754
12:29:26,1577,8.714130691200754
12:29:27,1577,8.714130691200754
12:29:28,1577,8.714130691200754
12:29:29,1577,8.717421027817068
12:29:30,1578,8.717421027817068
12:29:31,1578,8.717421027817068
12:29:32,1578,8.717421027817068
12:29:33,1579,8.720742049469965
12:29:34,1579,8.720742049469965
12:29:35,1579,8.720742049469965
12:29:36,1579,8.72166902071563
12:29:37,1579,8.72166902071563
12:29:38,1580,8.72166902071563
12:29:39,1580,8.72166902071563
12:29:40,1580,8.719654199011996
12:29:41,1580,8.719654199011996
12:29:42,1580,8.719654199011996
12:29:43,1581,8.719654199011996
12:29:44,1581,8.719654199011996
12:29:45,1581,8.719654199011996
12:29:46,1581,8.719654199011996
12:29:47,1582,8.719654199011996
12:29:48,1582,8.719654199011996
12:29:49,1582,8.719654199011996
12:29:50,1582,8.725082275505406
12:29:51,1583,8.725082275505406
12:29:52,1583,8.725082275505406
12:29:53,1583,8.725082275505406
12:29:54,1583,8.725082275505406
12:29:55,1584,8.725082275505406
12:29:56,1584,8.725082275505406
12:29:57,1584,8.725082275505406
12:29:58,1584,8.725082275505406
12:29:59,1584,8.725082275505406
12:30:00,1584,8.726039464411558
12:30:01,1584,8.726039464411558
12:30:02,1584,8.731126760563379
12:30:03,1585,8.731126760563379
12:30:04,1585,8.731126760563379
12:30:05,1585,8.731126760563379
12:30:06,1586,8.731126760563379
12:30:07,1586,8.731538822425522
12:30:08,1586,8.731538822425522
12:30:09,1586,8.733227848101267
12:30:10,1586,8.733227848101267
12:30:11,1586,8.734071211056454
12:30:12,1587,8.734071211056454
12:30:13,1587,8.734071211056454
12:30:14,1587,8.736364700374532
12:30:15,1587,8.739438596491228
12:30:16,1588,8.739438596491228
12:30:17,1589,8.739438596491228
12:30:18,1589,8.74281206171108
12:30:19,1589,8.74281206171108
12:30:20,1589,8.74281206171108
12:30:21,1589,8.74281206171108
12:30:22,1590,8.748364868021492
12:30:23,1590,8.748364868021492
12:30:24,1590,8.748364868021492
12:30:25,1590,8.749789915966385
12:30:26,1590,8.749789915966385
12:30:27,1590,8.749789915966385
12:30:28,1590,8.749789915966385
12:30:29,1590,8.747165850244926
12:30:30,1590,8.747762237762238
12:30:31,1590,8.747762237762238
12:30:32,1590,8.747762237762238
12:30:33,1590,8.747762237762238
12:30:34,1590,8.747762237762238
12:30:35,1590,8.747762237762238
12:30:36,1591,8.747762237762238
12:30:37,1591,8.747762237762238
12:30:38,1591,8.747762237762238
12:30:39,1591,8.747762237762238
12:30:40,1591,8.747762237762238
12:30:41,1592,8.747762237762238
12:30:42,1593,8.747762237762238
12:30:43,1593,8.747762237762238
12:30:44,1593,8.747762237762238
12:30:45,1593,8.749219659911484
12:30:46,1594,8.749219659911484
12:30:47,1594,8.749219659911484
12:30:48,1594,8.750803072625699
12:30:49,1594,8.752186555012795
12:30:50,1594,8.752186555012795
12:30:51,1595,8.754207345420735
12:30:52,1595,8.757700348432056
12:30:53,1595,8.757700348432056
12:30:54,1595,8.757700348432056
12:30:55,1596,8.757700348432056
12:30:56,1596,8.757700348432056
12:30:57,1596,8.762584087218743
12:30:58,1596,8.762584087218743
12:30:59,1596,8.762584087218743
12:31:00,1596,8.762584087218743
12:31:01,1597,8.762584087218743
12:31:02,1597,8.762584087218743
12:31:03,1597,8.762584087218743
12:31:04,1597,8.760257301808066
12:31:05,1597,8.760257301808066
12:31:06,1598,8.761999073430623
12:31:07,1598,8.761999073430623
12:31:08,1598,8.761999073430623
12:31:09,1599,8.761999073430623
12:31:10,1599,8.761999073430623
12:31:11,1599,8.761999073430623
12:31:12,1600,8.761999073430623
12:31:13,1600,8.761999073430623
12:31:14,1600,8.76576388888889
12:31:15,1600,8.76576388888889
12:31:16,1601,8.76576388888889
12:31:17,1601,8.76576388888889
12:31:18,1601,8.76576388888889
12:31:19,1602,8.766770761045569
12:31:20,1602,8.766770761045569
12:31:21,1602,8.770108570108569
12:31:22,1603,8.770108570108569
12:31:23,1603,8.770108570108569
12:31:24,1604,8.770108570108569
12:31:25,1604,8.771675900277009
12:31:26,1605,8.771675900277009
12:31:27,1605,8.771675900277009
12:31:28,1607,8.771675900277009
12:31:29,1607,8.771675900277009
12:31:30,1607,8.771675900277009
12:31:31,1608,8.771675900277009
12:31:32,1609,8.771833910034603
12:31:33,1609,8.771833910034603
12:31:34,1609,8.771833910034603
12:31:35,1611,8.772971415398802
12:31:36,1612,8.772971415398802
12:31:37,1612,8.776749539594844
12:31:38,1612,8.776749539594844
12:31:39,1612,8.776749539594844
12:31:40,1613,8.776749539594844
12:31:41,1613,8.779043018173452
12:31:42,1614,8.779043018173452
12:31:43,1614,8.779043018173452
12:31:44,1615,8.779043018173452
12:31:45,1615,8.779043018173452
12:31:46,1616,8.782505747126436
12:31:47,1617,8.782505747126436
12:31:48,1617,8.786526533425224
12:31:49,1617,8.788647842056934
12:31:50,1617,8.788647842056934
12:31:51,1618,8.788647842056934
12:31:52,1618,8.788647842056934
12:31:53,1618,8.788647842056934
12:31:54,1619,8.788647842056934
12:31:55,1619,8.788647842056934
12:31:56,1620,8.788647842056934
12:31:57,1621,8.790800642349161
12:31:58,1621,8.790800642349161
12:31:59,1621,8.790800642349161
12:32:00,1621,8.79398211829436
12:32:01,1622,8.79398211829436
12:32:02,1622,8.79398211829436
12:32:03,1622,8.79398211829436
12:32:04,1623,8.79398211829436
12:32:05,1623,8.796105383734249
12:32:06,1623,8.796105383734249
12:32:07,1623,8.796565934065935
12:32:08,1626,8.796565934065935
12:32:09,1626,8.796565934065935
12:32:10,1627,8.796591169068863
12:32:11,1628,8.796591169068863
12:32:12,1628,8.796591169068863
12:32:13,1629,8.798879743941473
12:32:14,1629,8.799931459904043
12:32:15,1629,8.799931459904043
12:32:16,1629,8.799931459904043
12:32:17,1630,8.799931459904043
12:32:18,1630,8.799931459904043
12:32:19,1632,8.799931459904043
12:32:20,1632,8.799931459904043
12:32:21,1632,8.803276255707763
12:32:22,1632,8.803276255707763
12:32:23,1632,8.803276255707763
12:32:24,1632,8.803276255707763
12:32:25,1633,8.803419972640219
12:32:26,1633,8.803419972640219
12:32:27,1633,8.803839143312826
12:32:28,1634,8.803839143312826
12:32:29,1634,8.803839143312826
12:32:30,1634,8.80422358834244
12:32:31,1635,8.80422358834244
12:32:32,1635,8.80422358834244
12:32:33,1635,8.80422358834244
12:32:34,1636,8.80422358834244
12:32:35,1636,8.80716723549488
12:32:36,1636,8.80716723549488
12:32:37,1637,8.80716723549488
12:32:38,1637,8.80716723549488
12:32:39,1637,8.80716723549488
12:32:40,1637,8.80716723549488
12:32:41,1638,8.80716723549488
12:32:42,1638,8.80716723549488
12:32:43,1638,8.812653478854026
12:32:44,1638,8.812653478854026
12:32:45,1638,8.813860486253125
12:32:46,1638,8.813860486253125
12:32:47,1639,8.813860486253125
12:32:48,1639,8.815519981834695
12:32:49,1639,8.817540276832313
12:32:50,1639,8.817540276832313
12:32:51,1639,8.817540276832313
12:32:52,1639,8.817540276832313
12:32:53,1639,8.817540276832313
12:32:54,1639,8.817540276832313
12:32:55,1639,8.819580498866213
12:32:56,1639,8.819580498866213
12:32:57,1639,8.819580498866213
12:32:58,1639,8.819580498866213
12:32:59,1639,8.819580498866213
12:33:00,1639,8.819580498866213
12:33:01,1639,8.821572626331294
12:33:02,1639,8.821572626331294
12:33:03,1639,8.821572626331294
12:33:04,1639,8.822463768115941
12:33:05,1639,8.822463768115941
12:33:06,1639,8.822463768115941
12:33:07,1639,8.822463768115941
12:33:08,1639,8.822463768115941
12:33:09,1639,8.822463768115941
12:33:10,1639,8.822463768115941
12:33:11,1639,8.822463768115941
12:33:12,1639,8.822463768115941
12:33:13,1639,8.822463768115941
12:33:14,1639,8.828493894165536
12:33:15,1639,8.828493894165536
12:33:16,1639,8.825096045197741
12:33:17,1639,8.825096045197741
12:33:18,1639,8.827213188798556
12:33:19,1639,8.82714962762356
12:33:20,1639,8.82714962762356
12:33:21,1639,8.82714962762356
12:33:22,1639,8.82714962762356
12:33:23,1639,8.82714962762356
12:33:24,1639,8.8303450608931
12:33:25,1639,8.8303450608931
12:33:26,1639,8.8303450608931
12:33:27,1639,8.833547441965292
12:33:28,1639,8.833547441965292
12:33:29,1639,8.83670045045045
12:33:30,1639,8.83670045045045
12:33:31,1640,8.839320279090705
12:33:32,1641,8.839320279090705
12:33:33,1642,8.835987404408456
12:33:34,1642,8.835987404408456
12:33:35,1642,8.835987404408456
12:33:36,1643,8.838031018206339
12:33:37,1643,8.838031018206339
12:33:38,1644,8.838031018206339
12:33:39,1644,8.838031018206339
12:33:40,1644,8.838031018206339
12:33:41,1644,8.838031018206339
12:33:42,1645,8.838031018206339
12:33:43,1646,8.838031018206339
12:33:44,1646,8.838031018206339
12:33:45,1648,8.838031018206339
12:33:46,1648,8.838031018206339
12:33:47,1649,8.838031018206339
12:33:48,1649,8.84052111410602
12:33:49,1650,8.84052111410602
12:33:50,1650,8.84052111410602
12:33:51,1651,8.842828282828284
12:33:52,1651,8.842828282828284
12:33:53,1651,8.842828282828284
12:33:54,1652,8.842828282828284
12:33:55,1653,8.842828282828284
12:33:56,1653,8.84473979362943
12:33:57,1654,8.84473979362943
12:33:58,1655,8.84473979362943
12:33:59,1655,8.850672494956287
12:34:00,1655,8.850672494956287
12:34:01,1655,8.850672494956287
12:34:02,1655,8.850672494956287
12:34:03,1655,8.850672494956287
12:34:04,1655,8.853046594982079
12:34:05,1655,8.853046594982079
12:34:06,1655,8.853046594982079
12:34:07,1656,8.853046594982079
12:34:08,1656,8.853046594982079
12:34:09,1656,8.853046594982079
12:34:10,1656,8.853046594982079
12:34:11,1657,8.853046594982079
12:34:12,1657,8.853046594982079
12:34:13,1657,8.853046594982079
12:34:14,1657,8.853046594982079
12:34:15,1657,8.853046594982079
12:34:16,1658,8.853046594982079
12:34:17,1659,8.855965972688605
12:34:18,1659,8.855965972688605
12:34:19,1659,8.862360178970919
12:34:20,1659,8.864498099709369
12:34:21,1659,8.864498099709369
12:34:22,1659,8.864498099709369
12:34:23,1659,8.864498099709369
12:34:24,1659,8.865538427167113
12:34:25,1659,8.865538427167113
12:34:26,1660,8.865538427167113
12:34:27,1660,8.868307657959367
12:34:28,1660,8.868307657959367
12:34:29,1660,8.872043730477465
12:34:30,1660,8.872043730477465
12:34:31,1660,8.87324414715719
12:34:32,1660,8.87324414715719
12:34:33,1660,8.87324414715719
12:34:34,1660,8.87324414715719
12:34:35,1661,8.87324414715719
12:34:36,1661,8.87324414715719
12:34:37,1661,8.87324414715719
12:34:38,1662,8.87324414715719
12:34:39,1662,8.875963037185482
12:34:40,1663,8.875963037185482
12:34:41,1663,8.875963037185482
12:34:42,1664,8.875963037185482
12:34:43,1664,8.875963037185482
12:34:44,1664,8.875963037185482
12:34:45,1664,8.875963037185482
12:34:46,1664,8.875963037185482
12:34:47,1664,8.875963037185482
12:34:48,1664,8.875963037185482
12:34:49,1664,8.875963037185482
12:34:50,1664,8.875963037185482
12:34:51,1664,8.875963037185482
12:34:52,1664,8.875963037185482
12:34:53,1664,8.875963037185482
12:34:54,1664,8.878404539385848
12:34:55,1664,8.878404539385848
12:34:56,1665,8.875361352012453
12:34:57,1665,8.875361352012453
12:34:58,1665,8.875361352012453
12:34:59,1665,8.875361352012453
12:35:00,1665,8.875361352012453
12:35:01,1665,8.875361352012453
12:35:02,1665,8.875361352012453
12:35:03,1665,8.875361352012453
12:35:04,1666,8.87871111111111
12:35:05,1666,8.87871111111111
12:35:06,1666,8.880723961803243
12:35:07,1667,8.880723961803243
12:35:08,1667,8.880723961803243
12:35:09,1668,8.880723961803243
12:35:10,1668,8.880723961803243
12:35:11,1668,8.880723961803243
12:35:12,1668,8.880723961803243
12:35:13,1669,8.881979582778516
12:35:14,1669,8.881979582778516
12:35:15,1669,8.881979582778516
12:35:16,1669,8.881979582778516
12:35:17,1669,8.882379685074294
12:35:18,1669,8.882379685074294
12:35:19,1670,8.882379685074294
12:35:20,1670,8.88452934662237
12:35:21,1670,8.88452934662237
12:35:22,1670,8.888866755201416
12:35:23,1670,8.888866755201416
12:35:24,1670,8.888866755201416
12:35:25,1670,8.890610484406105
12:35:26,1670,8.890610484406105
12:35:27,1671,8.890610484406105
12:35:28,1671,8.890610484406105
12:35:29,1671,8.892606100795755
12:35:30,1671,8.892606100795755
12:35:31,1671,8.892606100795755
12:35:32,1672,8.892606100795755
12:35:33,1672,8.892606100795755
12:35:34,1672,8.892606100795755
12:35:35,1672,8.892606100795755
12:35:36,1672,8.892606100795755
12:35:37,1672,8.892606100795755
12:35:38,1672,8.892606100795755
12:35:39,1672,8.892606100795755
12:35:40,1672,8.892606100795755
12:35:41,1672,8.897017892644135
12:35:42,1672,8.897017892644135
12:35:43,1672,8.897017892644135
12:35:44,1672,8.899039735099338
12:35:45,1672,8.899039735099338
12:35:46,1672,8.896393117140967
12:35:47,1672,8.896393117140967
12:35:48,1672,8.896393117140967
12:35:49,1672,8.89835758377425
12:35:50,1672,8.89835758377425
12:35:51,1673,8.89835758377425
12:35:52,1673,8.90203789380921
12:35:53,1673,8.90203789380921
12:35:54,1673,8.90203789380921
12:35:55,1673,8.90203789380921
12:35:56,1673,8.90203789380921
12:35:57,1674,8.90203789380921
12:35:58,1674,8.90203789380921
12:35:59,1674,8.90203789380921
12:36:00,1675,8.90203789380921
12:36:01,1676,8.90203789380921
12:36:02,1676,8.90203789380921
12:36:03,1676,8.90203789380921
12:36:04,1676,8.904392338177015
12:36:05,1677,8.904392338177015
12:36:06,1677,8.905837730870712
12:36:07,1677,8.905837730870712
12:36:08,1678,8.905837730870712
12:36:09,1678,8.906778729949462
12:36:10,1679,8.906778729949462
12:36:11,1679,8.906778729949462
12:36:12,1680,8.911363636363635
12:36:13,1680,8.911363636363635
12:36:14,1680,8.911363636363635
12:36:15,1680,8.915284178187402
12:36:16,1680,8.915284178187402
12:36:17,1680,8.915284178187402
12:36:18,1680,8.916260964912281
12:36:19,1680,8.916260964912281
12:36:20,1680,8.916260964912281
12:36:21,1680,8.916260964912281
12:36:22,1680,8.916260964912281
12:36:23,1680,8.916260964912281
12:36:24,1680,8.916260964912281
12:36:25,1680,8.916260964912281
12:36:26,1680,8.916260964912281
12:36:27,1680,8.916260964912281
12:36:28,1680,8.916260964912281
12:36:29,1680,8.916260964912281
12:36:30,1680,8.918365110672802
12:36:31,1680,8.918365110672802
12:36:32,1680,8.92030223390276
12:36:33,1680,8.92030223390276
12:36:34,1680,8.92030223390276
12:36:35,1680,8.92030223390276
12:36:36,1680,8.92030223390276
12:36:37,1681,8.92154738454804
12:36:38,1681,8.92154738454804
12:36:39,1681,8.92154738454804
12:36:40,1682,8.92154738454804
12:36:41,1684,8.922134733158355
12:36:42,1684,8.922134733158355
12:36:43,1685,8.922134733158355
12:36:44,1685,8.922134733158355
12:36:45,1686,8.922134733158355
12:36:46,1686,8.922134733158355
12:36:47,1687,8.922134733158355
12:36:48,1687,8.922134733158355
12:36:49,1687,8.923213114754098
12:36:50,1687,8.923213114754098
12:36:51,1687,8.923213114754098
12:36:52,1687,8.923656618610748
12:36:53,1687,8.923656618610748
12:36:54,1687,8.923656618610748
12:36:55,1687,8.923662955686531
12:36:56,1687,8.923662955686531
12:36:57,1687,8.925698080279233
12:36:58,1687,8.925698080279233
12:36:59,1687,8.926847612818836
12:37:00,1687,8.926847612818836
12:37:01,1687,8.926847612818836
12:37:02,1687,8.926847612818836
12:37:03,1687,8.926847612818836
12:37:04,1687,8.930054466230937
12:37:05,1687,8.930054466230937
12:37:06,1687,8.932005225342914
12:37:07,1688,8.932005225342914
12:37:08,1688,8.932005225342914
12:37:09,1688,8.934247171453439
12:37:10,1689,8.934247171453439
12:37:11,1689,8.934247171453439
12:37:12,1689,8.93608393128941
12:37:13,1689,8.937505432420688
12:37:14,1690,8.937505432420688
12:37:15,1690,8.937111834961998
12:37:16,1690,8.937111834961998
12:37:17,1690,8.937111834961998
12:37:18,1693,8.937111834961998
12:37:19,1693,8.937111834961998
12:37:20,1693,8.937111834961998
12:37:21,1694,8.935069444444444
12:37:22,1694,8.935069444444444
12:37:23,1694,8.936011711125568
12:37:24,1694,8.936011711125568
12:37:25,1695,8.936011711125568
12:37:26,1695,8.936011711125568
12:37:27,1695,8.936011711125568
12:37:28,1696,8.936011711125568
12:37:29,1696,8.93752709146077
12:37:30,1696,8.93752709146077
12:37:31,1696,8.939029672947802
12:37:32,1697,8.939029672947802
12:37:33,1697,8.939826839826841
12:37:34,1697,8.939826839826841
12:37:35,1698,8.943434998918452
12:37:36,1698,8.943434998918452
12:37:37,1699,8.943434998918452
12:37:38,1699,8.945006485084305
12:37:39,1700,8.945006485084305
12:37:40,1700,8.948294473229707
12:37:41,1700,8.948294473229707
12:37:42,1700,8.948294473229707
12:37:43,1700,8.948294473229707
12:37:44,1700,8.948294473229707
12:37:45,1701,8.948294473229707
12:37:46,1701,8.948294473229707
12:37:47,1701,8.948294473229707
12:37:48,1701,8.948294473229707
12:37:49,1701,8.95160733549083
12:37:50,1702,8.95160733549083
12:37:51,1702,8.95160733549083
12:37:52,1702,8.95160733549083
12:37:53,1703,8.95160733549083
12:37:54,1703,8.95160733549083
12:37:55,1703,8.95160733549083
12:37:56,1704,8.95160733549083
12:37:57,1704,8.951272100043122
12:37:58,1704,8.953232062055593
12:37:59,1704,8.953232062055593
12:38:00,1704,8.954242032730406
12:38:01,1704,8.95654185496019
12:38:02,1704,8.95654185496019
12:38:03,1704,8.95636559139785
12:38:04,1704,8.956920266494734
12:38:05,1704,8.956920266494734
12:38:06,1705,8.956292955326461
12:38:07,1705,8.956292955326461
12:38:08,1705,8.956292955326461
12:38:09,1705,8.956292955326461
12:38:10,1705,8.956292955326461
12:38:11,1705,8.954711311440224
12:38:12,1705,8.953560703560703
12:38:13,1705,8.953560703560703
12:38:14,1705,8.953560703560703
12:38:15,1705,8.953560703560703
12:38:16,1705,8.95561629153269
12:38:17,1705,8.95561629153269
12:38:18,1705,8.95561629153269
12:38:19,1705,8.95561629153269
12:38:20,1705,8.95561629153269
12:38:21,1706,8.955676949443017
12:38:22,1706,8.955676949443017
12:38:23,1706,8.958092485549134
12:38:24,1706,8.958092485549134
12:38:25,1707,8.95749893025246
12:38:26,1707,8.95749893025246
12:38:27,1707,8.959910198845414
12:38:28,1707,8.959722222222222
12:38:29,1707,8.961765961990178
12:38:30,1707,8.961765961990178
12:38:31,1707,8.961765961990178
12:38:32,1707,8.960467349551857
12:38:33,1707,8.960467349551857
12:38:34,1707,8.960467349551857
12:38:35,1707,8.9627532522926
12:38:36,1708,8.9627532522926
12:38:37,1708,8.9627532522926
12:38:38,1708,8.9627532522926
12:38:39,1708,8.9627532522926
12:38:40,1709,8.962116368286445
12:38:41,1709,8.962116368286445
12:38:42,1709,8.962116368286445
12:38:43,1709,8.962116368286445
12:38:44,1709,8.962116368286445
12:38:45,1709,8.964611288604898
12:38:46,1709,8.964611288604898
12:38:47,1709,8.96458067262665
12:38:48,1709,8.96458067262665
12:38:49,1709,8.96458067262665
12:38:50,1709,8.96458067262665
12:38:51,1709,8.964465007445225
12:38:52,1709,8.964465007445225
12:38:53,1710,8.964465007445225
12:38:54,1711,8.964465007445225
12:38:55,1711,8.964465007445225
12:38:56,1712,8.964465007445225
12:38:57,1713,8.964465007445225
12:38:58,1714,8.964465007445225
12:38:59,1715,8.966826105442177
12:39:00,1715,8.966826105442177
12:39:01,1716,8.966826105442177
12:39:02,1716,8.966826105442177
12:39:03,1716,8.966826105442177
12:39:04,1717,8.966826105442177
12:39:05,1717,8.966443594646272
12:39:06,1718,8.968832271762208
12:39:07,1719,8.968832271762208
12:39:08,1719,8.968832271762208
12:39:09,1719,8.968832271762208
12:39:10,1720,8.968109484404838
12:39:11,1721,8.968109484404838
12:39:12,1721,8.968109484404838
12:39:13,1722,8.970822731128074
12:39:14,1723,8.973702055520238
12:39:15,1723,8.973702055520238
12:39:16,1725,8.973702055520238
12:39:17,1725,8.973702055520238
12:39:18,1725,8.97646124523507
12:39:19,1726,8.97646124523507
12:39:20,1727,8.97646124523507
12:39:21,1727,8.97715736040609
12:39:22,1728,8.97715736040609
12:39:23,1728,8.97715736040609
12:39:24,1728,8.97715736040609
12:39:25,1728,8.97715736040609
12:39:26,1728,8.97715736040609
12:39:27,1728,8.97715736040609
12:39:28,1729,8.97715736040609
12:39:29,1729,8.97715736040609
12:39:30,1729,8.97715736040609
12:39:31,1729,8.97715736040609
12:39:32,1730,8.97715736040609
12:39:33,1730,8.976157260621433
12:39:34,1730,8.976157260621433
12:39:35,1730,8.976157260621433
12:39:36,1730,8.976157260621433
12:39:37,1730,8.976157260621433
12:39:38,1730,8.976157260621433
12:39:39,1730,8.979024081115336
12:39:40,1730,8.978868482161706
12:39:41,1730,8.978868482161706
12:39:42,1730,8.978868482161706
12:39:43,1730,8.978839662447257
12:39:44,1730,8.978839662447257
12:39:45,1730,8.978389205144424
12:39:46,1730,8.978389205144424
12:39:47,1730,8.978389205144424
12:39:48,1730,8.980847029077118
12:39:49,1730,8.980847029077118
12:39:50,1730,8.980847029077118
12:39:51,1730,8.980847029077118
12:39:52,1730,8.980847029077118
12:39:53,1730,8.980847029077118
12:39:54,1730,8.980847029077118
12:39:55,1730,8.980847029077118
12:39:56,1730,8.979206148662877
12:39:57,1730,8.979206148662877
12:39:58,1730,8.979206148662877
12:39:59,1730,8.979206148662877
12:40:00,1730,8.979206148662877
12:40:01,1730,8.979206148662877
12:40:02,1731,8.978766835016835
12:40:03,1731,8.978086225026289
12:40:04,1731,8.978086225026289
12:40:05,1732,8.981357713324927
12:40:06,1732,8.981357713324927
12:40:07,1732,8.981357713324927
12:40:08,1733,8.981357713324927
12:40:09,1733,8.981357713324927
12:40:10,1733,8.9813379542113
12:40:11,1733,8.9813379542113
12:40:12,1733,8.9813379542113
12:40:13,1733,8.9813379542113
12:40:14,1733,8.9813379542113
12:40:15,1733,8.9813379542113
12:40:16,1734,8.9813379542113
12:40:17,1734,8.9813379542113
12:40:18,1735,8.9813379542113
12:40:19,1735,8.9813379542113
12:40:20,1736,8.9813379542113
12:40:21,1736,8.9813379542113
12:40:22,1737,8.98248320738875
12:40:23,1737,8.984591986574365
12:40:24,1737,8.984591986574365
12:40:25,1737,8.984852294154619
12:40:26,1738,8.984852294154619
12:40:27,1738,8.984852294154619
12:40:28,1738,8.984852294154619
12:40:29,1738,8.984852294154619
12:40:30,1739,8.984852294154619
12:40:31,1739,8.98500837520938
12:40:32,1739,8.98500837520938
12:40:33,1739,8.98500837520938
12:40:34,1739,8.98500837520938
12:40:35,1740,8.98500837520938
12:40:36,1740,8.98500837520938
12:40:37,1740,8.98500837520938
12:40:38,1740,8.98500837520938
12:40:39,1741,8.983709981167609
12:40:40,1741,8.983709981167609
12:40:41,1741,8.985131744040151
12:40:42,1743,8.985203761755486
12:40:43,1743,8.985203761755486
12:40:44,1743,8.988669590643275
12:40:45,1745,8.988669590643275
12:40:46,1746,8.988669590643275
12:40:47,1746,8.988669590643275
12:40:48,1748,8.988669590643275
12:40:49,1748,8.988669590643275
12:40:50,1748,8.988669590643275
12:40:51,1749,8.988669590643275
12:40:52,1749,8.988572323105823
12:40:53,1749,8.990112640801
12:40:54,1749,8.990112640801
12:40:55,1749,8.990112640801
12:40:56,1749,8.990112640801
12:40:57,1749,8.993808630393996
12:40:58,1750,8.993808630393996
12:40:59,1750,8.994166666666667
12:41:00,1750,8.994166666666667
12:41:01,1750,8.994166666666667
12:41:02,1751,8.994166666666667
12:41:03,1751,8.994166666666667
12:41:04,1751,8.994166666666667
12:41:05,1751,8.994565896314803
12:41:06,1752,8.994565896314803
12:41:07,1752,8.994565896314803
12:41:08,1752,8.994565896314803
12:41:09,1753,8.994565896314803
12:41:10,1753,8.994565896314803
12:41:11,1753,8.994565896314803
12:41:12,1754,8.994565896314803
12:41:13,1754,8.994565896314803
12:41:14,1755,8.994177583697233
12:41:15,1756,8.994576059850374
12:41:16,1756,8.994576059850374
12:41:17,1757,8.996407061266874
12:41:18,1757,8.996407061266874
12:41:19,1757,8.996407061266874
12:41:20,1757,8.996407061266874
12:41:21,1758,8.996407061266874
12:41:22,1758,8.996407061266874
12:41:23,1758,8.996407061266874
12:41:24,1759,8.996407061266874
12:41:25,1759,8.996407061266874
12:41:26,1759,8.99618098796181
12:41:27,1759,8.99625596349305
12:41:28,1759,8.99625596349305
12:41:29,1760,8.99625596349305
12:41:30,1760,8.99625596349305
12:41:31,1760,8.99625596349305
12:41:32,1760,8.99896351575456
12:41:33,1760,8.99896351575456
12:41:34,1760,8.997110006215042
12:41:35,1760,8.997110006215042
12:41:36,1760,8.997110006215042
12:41:37,1760,8.997110006215042
12:41:38,1760,8.997110006215042
12:41:39,1760,8.997110006215042
12:41:40,1761,8.997110006215042
12:41:41,1761,8.998944099378882
12:41:42,1761,8.998944099378882
12:41:43,1762,8.998944099378882
12:41:44,1762,8.998944099378882
12:41:45,1762,8.998944099378882
12:41:46,1762,8.998944099378882
12:41:47,1763,8.999286157666045
12:41:48,1763,8.999286157666045
12:41:49,1763,8.99991728701406
12:41:50,1763,8.99991728701406
12:41:51,1763,8.99991728701406
12:41:52,1763,9.000475304815044
12:41:53,1763,9.000475304815044
12:41:54,1763,9.000475304815044
12:41:55,1763,9.000475304815044
12:41:56,1763,9.000475304815044
12:41:57,1763,9.000475304815044
12:41:58,1763,9.004481619165634
12:41:59,1763,9.004481619165634
12:42:00,1763,9.004481619165634
12:42:01,1763,9.005724009900991
12:42:02,1763,9.005724009900991
12:42:03,1763,9.005724009900991
12:42:04,1763,9.00477221191507
12:42:05,1763,9.00477221191507
12:42:06,1763,9.00573753605274
12:42:07,1764,9.00573753605274
12:42:08,1764,9.00573753605274
12:42:09,1766,9.00478690549722
12:42:10,1767,9.00478690549722
12:42:11,1767,9.005596707818931
12:42:12,1767,9.005596707818931
12:42:13,1768,9.005596707818931
12:42:14,1768,9.005596707818931
12:42:15,1768,9.005973678799096
12:42:16,1769,9.005973678799096
12:42:17,1769,9.005973678799096
12:42:18,1770,9.008590217838059
12:42:19,1770,9.008590217838059
12:42:20,1770,9.008590217838059
12:42:21,1771,9.008590217838059
12:42:22,1772,9.008590217838059
12:42:23,1772,9.00931402752105
12:42:24,1773,9.007789408866994
12:42:25,1773,9.007789408866994
12:42:26,1774,9.007789408866994
12:42:27,1774,9.007789408866994
12:42:28,1774,9.007789408866994
12:42:29,1775,9.007789408866994
12:42:30,1775,9.007789408866994
12:42:31,1775,9.007789408866994
12:42:32,1776,9.007789408866994
12:42:33,1776,9.007789408866994
12:42:34,1776,9.007789408866994
12:42:35,1776,9.007789408866994
12:42:36,1777,9.007789408866994
12:42:37,1778,9.007789408866994
12:42:38,1778,9.007789408866994
12:42:39,1778,9.007789408866994
12:42:40,1778,9.007789408866994
12:42:41,1780,9.007789408866994
12:42:42,1780,9.008779487179487
12:42:43,1780,9.008779487179487
12:42:44,1780,9.008779487179487
12:42:45,1780,9.008779487179487
12:42:46,1781,9.008779487179487
12:42:47,1781,9.011859368593687
12:42:48,1781,9.011859368593687
12:42:49,1782,9.011859368593687
12:42:50,1782,9.013491087891826
12:42:51,1782,9.01661547911548
12:42:52,1783,9.015704931450788
12:42:53,1783,9.015664621676892
12:42:54,1783,9.015664621676892
12:42:55,1783,9.015664621676892
12:42:56,1784,9.015664621676892
12:42:57,1784,9.015664621676892
12:42:58,1785,9.015664621676892
12:42:59,1785,9.015664621676892
12:43:00,1785,9.015664621676892
12:43:01,1785,9.016564479869201
12:43:02,1785,9.016564479869201
12:43:03,1786,9.016564479869201
12:43:04,1786,9.016564479869201
12:43:05,1786,9.016564479869201
12:43:06,1786,9.019107434640523
12:43:07,1786,9.019107434640523
12:43:08,1786,9.019400244798042
12:43:09,1786,9.019400244798042
12:43:10,1786,9.018909276248726
12:43:11,1786,9.018909276248726
12:43:12,1786,9.018909276248726
12:43:13,1788,9.023655256723716
12:43:14,1788,9.023655256723716
12:43:15,1788,9.023655256723716
12:43:16,1788,9.021563836285889
12:43:17,1788,9.021563836285889
12:43:18,1788,9.021563836285889
12:43:19,1788,9.021563836285889
12:43:20,1788,9.021563836285889
12:43:21,1788,9.021563836285889
12:43:22,1788,9.021563836285889
12:43:23,1788,9.021563836285889
12:43:24,1788,9.023392348392349
12:43:25,1788,9.025889770185072
12:43:26,1788,9.025243902439025
12:43:27,1788,9.025243902439025
12:43:28,1788,9.025243902439025
12:43:29,1788,9.025243902439025
12:43:30,1789,9.025243902439025
12:43:31,1789,9.025243902439025
12:43:32,1789,9.025243902439025
12:43:33,1790,9.025243902439025
12:43:34,1790,9.025243902439025
12:43:35,1790,9.025243902439025
12:43:36,1790,9.025243902439025
12:43:37,1790,9.025243902439025
12:43:38,1790,9.025243902439025
12:43:39,1790,9.025451960186878
12:43:40,1790,9.025451960186878
12:43:41,1791,9.025451960186878
12:43:42,1791,9.025451960186878
12:43:43,1792,9.025451960186878
12:43:44,1792,9.026837190418188
12:43:45,1793,9.027561371474944
12:43:46,1793,9.027561371474944
12:43:47,1795,9.029369424168694
12:43:48,1795,9.029655521783182
12:43:49,1795,9.029655521783182
12:43:50,1796,9.029655521783182
12:43:51,1797,9.029655521783182
12:43:52,1797,9.029655521783182
12:43:53,1797,9.029655521783182
12:43:54,1797,9.029655521783182
12:43:55,1798,9.029655521783182
12:43:56,1799,9.029655521783182
12:43:57,1799,9.028584447144594
12:43:58,1799,9.027514673143088
12:43:59,1799,9.027514673143088
12:44:00,1800,9.032736650485438
12:44:01,1800,9.032736650485438
12:44:02,1800,9.037083080654943
12:44:03,1800,9.037083080654943
12:44:04,1800,9.03648484848485
12:44:05,1800,9.03648484848485
12:44:06,1800,9.03648484848485
12:44:07,1800,9.03648484848485
12:44:08,1800,9.03648484848485
12:44:09,1800,9.03648484848485
12:44:10,1800,9.03648484848485
12:44:11,1800,9.03648484848485
12:44:12,1800,9.03648484848485
12:44:13,1800,9.03648484848485
12:44:14,1800,9.03648484848485
12:44:15,1800,9.038461538461538
12:44:16,1800,9.038461538461538
12:44:17,1801,9.036935028248587
12:44:18,1801,9.036084240225716
12:44:19,1801,9.036084240225716
12:44:20,1802,9.037653575025177
12:44:21,1802,9.037653575025177
12:44:22,1802,9.037653575025177
12:44:23,1803,9.037653575025177
12:44:24,1803,9.037653575025177
12:44:25,1803,9.037653575025177
12:44:26,1804,9.037653575025177
12:44:27,1804,9.037653575025177
12:44:28,1804,9.039774557165861
12:44:29,1804,9.039774557165861
12:44:30,1805,9.039774557165861
12:44:31,1805,9.039328102997384
12:44:32,1805,9.039328102997384
12:44:33,1806,9.041244471250502
12:44:34,1806,9.041244471250502
12:44:35,1806,9.041244471250502
12:44:36,1807,9.04309825195901
12:44:37,1807,9.04309825195901
12:44:38,1807,9.04309825195901
12:44:39,1807,9.043795180722892
12:44:40,1807,9.043795180722892
12:44:41,1807,9.043795180722892
12:44:42,1807,9.043795180722892
12:44:43,1808,9.043795180722892
12:44:44,1808,9.043795180722892
12:44:45,1808,9.043795180722892
12:44:46,1809,9.043795180722892
12:44:47,1809,9.043795180722892
12:44:48,1809,9.048134777376655
12:44:49,1810,9.049248346361995
12:44:50,1810,9.049248346361995
12:44:51,1812,9.051352163461537
12:44:52,1812,9.051352163461537
12:44:53,1812,9.051352163461537
12:44:54,1812,9.051000400160063
12:44:55,1812,9.051000400160063
12:44:56,1812,9.051000400160063
12:44:57,1812,9.051000400160063
12:44:58,1812,9.051000400160063
12:44:59,1812,9.051000400160063
12:45:00,1812,9.051000400160063
12:45:01,1812,9.051000400160063
12:45:02,1812,9.051000400160063
12:45:03,1812,9.051000400160063
12:45:04,1812,9.051000400160063
12:45:05,1812,9.051000400160063
12:45:06,1812,9.051000400160063
12:45:07,1812,9.051000400160063
12:45:08,1812,9.05238952209558
12:45:09,1812,9.05378697042366
12:45:10,1812,9.051987217894947
12:45:11,1812,9.050059880239521
12:45:12,1812,9.050059880239521
12:45:13,1812,9.05244364651905
12:45:14,1812,9.05331937799043
12:45:15,1812,9.05332735604702
12:45:16,1812,9.05332735604702
12:45:17,1812,9.05332735604702
12:45:18,1812,9.05332735604702
12:45:19,1812,9.05332735604702
12:45:20,1812,9.05332735604702
12:45:21,1812,9.05332735604702
12:45:22,1812,9.05332735604702
12:45:23,1812,9.05332735604702
12:45:24,1812,9.05332735604702
12:45:25,1812,9.05332735604702
12:45:26,1812,9.05332735604702
12:45:27,1812,9.051543209876543
12:45:28,1813,9.051543209876543
12:45:29,1813,9.051543209876543
12:45:30,1813,9.051543209876543
12:45:31,1813,9.051543209876543
12:45:32,1813,9.051543209876543
12:45:33,1813,9.051543209876543
12:45:34,1813,9.05137313432836
12:45:35,1815,9.05137313432836
12:45:36,1815,9.05137313432836
12:45:37,1815,9.05307279236277
12:45:38,1815,9.05307279236277
12:45:39,1815,9.055724508050089
12:45:40,1815,9.055724508050089
12:45:41,1815,9.055724508050089
12:45:42,1815,9.054370282081843
12:45:43,1816,9.055836807623585
12:45:44,1817,9.055836807623585
12:45:45,1818,9.055836807623585
12:45:46,1818,9.055836807623585
12:45:47,1818,9.055836807623585
12:45:48,1818,9.055836807623585
12:45:49,1818,9.055836807623585
12:45:50,1818,9.055836807623585
12:45:51,1818,9.055836807623585
12:45:52,1819,9.055836807623585
12:45:53,1819,9.055836807623585
12:45:54,1819,9.055836807623585
12:45:55,1820,9.055836807623585
12:45:56,1820,9.059200872496529
12:45:57,1820,9.059200872496529
12:45:58,1821,9.059760206103844
12:45:59,1822,9.060219845513963
12:46:00,1823,9.060219845513963
12:46:01,1824,9.060039564787338
12:46:02,1824,9.060039564787338
12:46:03,1825,9.060039564787338
12:46:04,1826,9.060039564787338
12:46:05,1826,9.060039564787338
12:46:06,1826,9.060039564787338
12:46:07,1827,9.060039564787338
12:46:08,1828,9.060039564787338
12:46:09,1828,9.059875444839857
12:46:10,1828,9.059875444839857
12:46:11,1829,9.059875444839857
12:46:12,1829,9.059875444839857
12:46:13,1829,9.059875444839857
12:46:14,1831,9.059875444839857
12:46:15,1831,9.059875444839857
12:46:16,1831,9.060179699842022
12:46:17,1831,9.060179699842022
12:46:18,1831,9.060479573712255
12:46:19,1832,9.060479573712255
12:46:20,1832,9.060479573712255
12:46:21,1832,9.060479573712255
12:46:22,1832,9.060479573712255
12:46:23,1832,9.060479573712255
12:46:24,1832,9.060479573712255
12:46:25,1832,9.060479573712255
12:46:26,1833,9.060479573712255
12:46:27,1833,9.060479573712255
12:46:28,1833,9.059368836291913
12:46:29,1833,9.06149221368027
12:46:30,1834,9.06149221368027
12:46:31,1834,9.062864460204885
12:46:32,1834,9.061980704863164
12:46:33,1835,9.061980704863164
12:46:34,1835,9.063677482792526
12:46:35,1835,9.063677482792526
12:46:36,1836,9.063677482792526
12:46:37,1836,9.063677482792526
12:46:38,1836,9.063677482792526
12:46:39,1837,9.063677482792526
12:46:40,1837,9.063677482792526
12:46:41,1837,9.063677482792526
12:46:42,1838,9.063677482792526
12:46:43,1838,9.063677482792526
12:46:44,1838,9.063677482792526
12:46:45,1838,9.063677482792526
12:46:46,1838,9.062912735849057
12:46:47,1838,9.062912735849057
12:46:48,1838,9.061392653702613
12:46:49,1838,9.061392653702613
12:46:50,1838,9.061660777385159
12:46:51,1838,9.061938395134394
12:46:52,1838,9.061938395134394
12:46:53,1838,9.061938395134394
12:46:54,1838,9.061938395134394
12:46:55,1838,9.061938395134394
12:46:56,1838,9.061938395134394
12:46:57,1838,9.061938395134394
12:46:58,1838,9.061938395134394
12:46:59,1838,9.061938395134394
12:47:00,1838,9.061938395134394
12:47:01,1839,9.061938395134394
12:47:02,1839,9.061938395134394
12:47:03,1839,9.061938395134394
12:47:04,1839,9.060372549019608
12:47:05,1839,9.060372549019608
12:47:06,1839,9.060728982951206
12:47:07,1839,9.060728982951206
12:47:08,1840,9.060728982951206
12:47:09,1840,9.061084998041519
12:47:10,1840,9.061084998041519
12:47:11,1840,9.061084998041519
12:47:12,1840,9.061084998041519
12:47:13,1840,9.061084998041519
12:47:14,1840,9.061084998041519
12:47:15,1840,9.061084998041519
12:47:16,1840,9.061084998041519
12:47:17,1840,9.061084998041519
12:47:18,1840,9.061084998041519
12:47:19,1841,9.060915492957747
12:47:20,1841,9.060915492957747
12:47:21,1841,9.060915492957747
12:47:22,1841,9.062756598240469
12:47:23,1841,9.062756598240469
12:47:24,1842,9.064576006252443
12:47:25,1842,9.064576006252443
12:47:26,1843,9.064695550351287
12:47:27,1844,9.064695550351287
12:47:28,1844,9.063311878291398
12:47:29,1844,9.063311878291398
12:47:30,1845,9.063311878291398
12:47:31,1845,9.063311878291398
12:47:32,1846,9.063311878291398
12:47:33,1846,9.063311878291398
12:47:34,1846,9.063311878291398
12:47:35,1847,9.063311878291398
12:47:36,1847,9.063311878291398
12:47:37,1847,9.063311878291398
12:47:38,1848,9.062056530214425
12:47:39,1848,9.062056530214425
12:47:40,1848,9.064114552893045
12:47:41,1848,9.064563862928349
12:47:42,1848,9.064563862928349
12:47:43,1848,9.065703444249854
12:47:44,1849,9.065703444249854
12:47:45,1849,9.065548424737456
12:47:46,1849,9.065548424737456
12:47:47,1850,9.065548424737456
12:47:48,1850,9.065548424737456
12:47:49,1850,9.065548424737456
12:47:50,1850,9.065548424737456
12:47:51,1850,9.065548424737456
12:47:52,1852,9.065548424737456
12:47:53,1852,9.065548424737456
12:47:54,1852,9.06530612244898
12:47:55,1852,9.06530612244898
12:47:56,1854,9.06396658896659
12:47:57,1854,9.0620559114735
12:47:58,1854,9.0620559114735
12:47:59,1855,9.0620559114735
12:48:00,1856,9.0620559114735
12:48:01,1856,9.0620559114735
12:48:02,1856,9.0620559114735
12:48:03,1856,9.0620559114735
12:48:04,1856,9.0620559114735
12:48:05,1856,9.0620559114735
12:48:06,1856,9.0620559114735
12:48:07,1856,9.0620559114735
12:48:08,1856,9.06501746216531
12:48:09,1856,9.06528989722707
12:48:10,1856,9.064040697674418
12:48:11,1857,9.064040697674418
12:48:12,1857,9.064040697674418
12:48:13,1857,9.064187487894635
12:48:14,1857,9.064187487894635
12:48:15,1857,9.064624467673248
12:48:16,1857,9.064624467673248
12:48:17,1857,9.064624467673248
12:48:18,1857,9.064624467673248
12:48:19,1857,9.064624467673248
12:48:20,1857,9.064624467673248
12:48:21,1857,9.064624467673248
12:48:22,1857,9.064624467673248
12:48:23,1857,9.064624467673248
12:48:24,1857,9.064624467673248
12:48:25,1857,9.064624467673248
12:48:26,1857,9.064624467673248
12:48:27,1857,9.064624467673248
12:48:28,1857,9.062400851228478
12:48:29,1857,9.062400851228478
12:48:30,1857,9.062400851228478
12:48:31,1857,9.063140096618357
12:48:32,1857,9.063140096618357
12:48:33,1857,9.064030513711858
12:48:34,1857,9.062478286045165
12:48:35,1857,9.062478286045165
12:48:36,1857,9.062478286045165
12:48:37,1857,9.062478286045165
12:48:38,1858,9.062478286045165
12:48:39,1858,9.062478286045165
12:48:40,1858,9.062478286045165
12:48:41,1858,9.062478286045165
12:48:42,1859,9.062478286045165
12:48:43,1859,9.063667052469135
12:48:44,1859,9.063667052469135
12:48:45,1860,9.063032581453633
12:48:46,1861,9.063032581453633
12:48:47,1861,9.063032581453633
12:48:48,1861,9.063032581453633
12:48:49,1861,9.062832369942196
12:48:50,1862,9.062832369942196
12:48:51,1862,9.061390333140766
12:48:52,1862,9.061390333140766
12:48:53,1863,9.061390333140766
12:48:54,1863,9.061390333140766
12:48:55,1863,9.061390333140766
12:48:56,1863,9.061390333140766
12:48:57,1863,9.062875288683603
12:48:58,1865,9.062875288683603
12:48:59,1865,9.062875288683603
12:49:00,1865,9.062875288683603
12:49:01,1865,9.062875288683603
12:49:02,1867,9.061569532602423
12:49:03,1867,9.061569532602423
12:49:04,1868,9.061569532602423
12:49:05,1869,9.061495578623607
12:49:06,1869,9.061495578623607
12:49:07,1869,9.061495578623607
12:49:08,1870,9.059769452449567
12:49:09,1870,9.059769452449567
12:49:10,1871,9.059769452449567
12:49:11,1872,9.059769452449567
12:49:12,1872,9.059769452449567
12:49:13,1872,9.059769452449567
12:49:14,1873,9.060253456221199
12:49:15,1873,9.060253456221199
12:49:16,1873,9.06158127038956
12:49:17,1874,9.06158127038956
12:49:18,1875,9.06247602608362
12:49:19,1875,9.06247602608362
12:49:20,1876,9.06247602608362
12:49:21,1878,9.060814176245211
12:49:22,1878,9.060814176245211
12:49:23,1879,9.060970706490524
12:49:24,1880,9.060970706490524
12:49:25,1880,9.059127439724454
12:49:26,1880,9.059127439724454
12:49:27,1880,9.059127439724454
12:49:28,1882,9.059127439724454
12:49:29,1882,9.059127439724454
12:49:30,1883,9.059127439724454
12:49:31,1885,9.059944540065022
12:49:32,1885,9.059518348623852
12:49:33,1885,9.059518348623852
12:49:34,1887,9.059518348623852
12:49:35,1887,9.059518348623852
12:49:36,1887,9.059665711556828
12:49:37,1888,9.058390607101948
12:49:38,1888,9.058390607101948
12:49:39,1888,9.058390607101948
12:49:40,1889,9.056620873879032
12:49:41,1889,9.056620873879032
12:49:42,1889,9.056620873879032
12:49:43,1890,9.056620873879032
12:49:44,1890,9.056620873879032
12:49:45,1891,9.056620873879032
12:49:46,1891,9.056620873879032
12:49:47,1892,9.056620873879032
12:49:48,1892,9.056620873879032
12:49:49,1893,9.056620873879032
12:49:50,1894,9.05603546910755
12:49:51,1894,9.05603546910755
12:49:52,1895,9.05603546910755
12:49:53,1896,9.055695238095238
12:49:54,1896,9.055695238095238
12:49:55,1896,9.055695238095238
12:49:56,1897,9.055695238095238
12:49:57,1898,9.056643822577575
12:49:58,1898,9.056643822577575
12:49:59,1899,9.056643822577575
12:50:00,1899,9.056643822577575
12:50:01,1900,9.056643822577575
12:50:02,1900,9.056643822577575
12:50:03,1901,9.056643822577575
12:50:04,1901,9.056643822577575
12:50:05,1902,9.056643822577575
12:50:06,1902,9.055555555555555
12:50:07,1903,9.055555555555555
12:50:08,1903,9.055555555555555
12:50:09,1904,9.054687202890284
12:50:10,1904,9.05577727099962
12:50:11,1904,9.05577727099962
12:50:12,1905,9.05275403608737
12:50:13,1905,9.050142369020502
12:50:14,1905,9.050142369020502
12:50:15,1905,9.050085372794536
12:50:16,1907,9.050085372794536
12:50:17,1907,9.050085372794536
12:50:18,1907,9.050085372794536
12:50:19,1907,9.050085372794536
12:50:20,1909,9.050085372794536
12:50:21,1909,9.050085372794536
12:50:22,1909,9.050085372794536
12:50:23,1909,9.051137656427759
12:50:24,1909,9.051137656427759
12:50:25,1910,9.051137656427759
12:50:26,1910,9.05283143939394
12:50:27,1910,9.05283143939394
12:50:28,1911,9.05283143939394
12:50:29,1911,9.05283143939394
12:50:30,1911,9.053094832481545
12:50:31,1911,9.053094832481545
12:50:32,1911,9.053094832481545
12:50:33,1911,9.053094832481545
12:50:34,1911,9.053094832481545
12:50:35,1911,9.053094832481545
12:50:36,1911,9.053094832481545
12:50:37,1912,9.053094832481545
12:50:38,1912,9.053094832481545
12:50:39,1912,9.053094832481545
12:50:40,1912,9.053094832481545
12:50:41,1912,9.053094832481545
12:50:42,1912,9.053094832481545
12:50:43,1912,9.053094832481545
12:50:44,1912,9.053094832481545
12:50:45,1912,9.051437760121075
12:50:46,1912,9.051437760121075
12:50:47,1912,9.051437760121075
12:50:48,1912,9.051437760121075
12:50:49,1912,9.051437760121075
12:50:50,1913,9.051437760121075
12:50:51,1913,9.051437760121075
12:50:52,1913,9.051437760121075
12:50:53,1913,9.051437760121075
12:50:54,1913,9.051437760121075
12:50:55,1913,9.052032520325204
12:50:56,1913,9.052032520325204
12:50:57,1913,9.052032520325204
12:50:58,1914,9.050963718820862
12:50:59,1914,9.050963718820862
12:51:00,1914,9.050963718820862
12:51:01,1914,9.050963718820862
12:51:02,1914,9.048338054768651
12:51:03,1914,9.048669309173274
12:51:04,1914,9.048669309173274
12:51:05,1914,9.048669309173274
12:51:06,1914,9.048669309173274
12:51:07,1914,9.048669309173274
12:51:08,1915,9.048669309173274
12:51:09,1915,9.048669309173274
12:51:10,1915,9.048669309173274
12:51:11,1915,9.048669309173274
12:51:12,1915,9.048669309173274
12:51:13,1915,9.050499622926093
12:51:14,1915,9.050499622926093
12:51:15,1915,9.051526286037308
12:51:16,1915,9.051526286037308
12:51:17,1915,9.052193973634651
12:51:18,1915,9.051863354037266
12:51:19,1915,9.05175884123401
12:51:20,1915,9.05171084790374
12:51:21,1915,9.050742202179633
12:51:22,1915,9.050742202179633
12:51:23,1915,9.050742202179633
12:51:24,1916,9.048610328638498
12:51:25,1916,9.048610328638498
12:51:26,1916,9.048610328638498
12:51:27,1916,9.048610328638498
12:51:28,1917,9.048610328638498
12:51:29,1917,9.049352477477477
12:51:30,1917,9.049352477477477
12:51:31,1917,9.049352477477477
12:51:32,1917,9.049352477477477
12:51:33,1917,9.04864003001313
12:51:34,1917,9.04864003001313
12:51:35,1917,9.04864003001313
12:51:36,1917,9.049306336707911
12:51:37,1917,9.049306336707911
12:51:38,1917,9.04991568296796
12:51:39,1917,9.04991568296796
12:51:40,1917,9.04991568296796
12:51:41,1917,9.04991568296796
12:51:42,1917,9.04991568296796
12:51:43,1917,9.04991568296796
12:51:44,1917,9.04991568296796
12:51:45,1917,9.05194756554307
12:51:46,1917,9.05194756554307
12:51:47,1917,9.05194756554307
12:51:48,1917,9.052292719446005
12:51:49,1917,9.052292719446005
12:51:50,1917,9.052292719446005
12:51:51,1918,9.052292719446005
12:51:52,1918,9.052356902356902
12:51:53,1918,9.052356902356902
12:51:54,1918,9.052356902356902
12:51:55,1918,9.04967283604412
12:51:56,1919,9.04967283604412
12:51:57,1919,9.04994394618834
12:51:58,1919,9.04994394618834
12:51:59,1919,9.04994394618834
12:52:00,1919,9.049103641456583
12:52:01,1919,9.049103641456583
12:52:02,1919,9.049103641456583
12:52:03,1919,9.050382605449794
12:52:04,1919,9.050382605449794
12:52:05,1919,9.050382605449794
12:52:06,1919,9.050382605449794
12:52:07,1920,9.051641484797612
12:52:08,1920,9.051641484797612
12:52:09,1920,9.052162565249812
12:52:10,1920,9.0504099124278
12:52:11,1920,9.0504099124278
12:52:12,1920,9.049711359404096
12:52:13,1920,9.050772380420621
12:52:14,1920,9.050772380420621
12:52:15,1920,9.050772380420621
12:52:16,1921,9.050772380420621
12:52:17,1921,9.050772380420621
12:52:18,1921,9.050772380420621
12:52:19,1921,9.050772380420621
12:52:20,1922,9.050772380420621
12:52:21,1922,9.04897693452381
12:52:22,1922,9.04897693452381
12:52:23,1922,9.049442275515895
12:52:24,1923,9.049442275515895
12:52:25,1923,9.049442275515895
12:52:26,1923,9.049442275515895
12:52:27,1924,9.049442275515895
12:52:28,1924,9.049442275515895
12:52:29,1925,9.048002601263471
12:52:30,1925,9.048002601263471
12:52:31,1925,9.048002601263471
12:52:32,1925,9.048002601263471
12:52:33,1926,9.048002601263471
12:52:34,1926,9.048002601263471
12:52:35,1926,9.048002601263471
12:52:36,1926,9.048002601263471
12:52:37,1926,9.048523676880222
12:52:38,1926,9.048523676880222
12:52:39,1926,9.048523676880222
12:52:40,1927,9.048523676880222
12:52:41,1927,9.046566443949517
12:52:42,1927,9.046566443949517
12:52:43,1927,9.047189760712298
12:52:44,1927,9.047189760712298
12:52:45,1928,9.044401186503523
12:52:46,1928,9.044401186503523
12:52:47,1928,9.044401186503523
12:52:48,1928,9.044691495275153
12:52:49,1928,9.044691495275153
12:52:50,1929,9.044691495275153
12:52:51,1929,9.044691495275153
12:52:52,1929,9.043703703703704
12:52:53,1929,9.043703703703704
12:52:54,1929,9.046326115121229
12:52:55,1929,9.046326115121229
12:52:56,1929,9.046326115121229
12:52:57,1929,9.046309655937847
12:52:58,1930,9.046309655937847
12:52:59,1930,9.045988167868368
12:53:00,1931,9.045988167868368
12:53:01,1931,9.045988167868368
12:53:02,1931,9.045988167868368
12:53:03,1932,9.045988167868368
12:53:04,1932,9.045988167868368
12:53:05,1933,9.045988167868368
12:53:06,1933,9.045988167868368
12:53:07,1933,9.045988167868368
12:53:08,1933,9.045988167868368
12:53:09,1933,9.045988167868368
12:53:10,1933,9.045988167868368
12:53:11,1934,9.046683296378417
12:53:12,1934,9.046683296378417
12:53:13,1934,9.046683296378417
12:53:14,1935,9.04528162511542
12:53:15,1935,9.04528162511542
12:53:16,1935,9.04528162511542
12:53:17,1935,9.042561830933924
12:53:18,1935,9.042561830933924
12:53:19,1935,9.042561830933924
12:53:20,1935,9.042561830933924
12:53:21,1935,9.042561830933924
12:53:22,1936,9.042561830933924
12:53:23,1936,9.042561830933924
12:53:24,1936,9.042561830933924
12:53:25,1936,9.042561830933924
12:53:26,1936,9.044512082641578
12:53:27,1937,9.044512082641578
12:53:28,1937,9.044512082641578
12:53:29,1937,9.044512082641578
12:53:30,1937,9.044512082641578
12:53:31,1937,9.044512082641578
12:53:32,1939,9.043108531416989
12:53:33,1939,9.043108531416989
12:53:34,1939,9.043108531416989
12:53:35,1939,9.041988950276243
12:53:36,1940,9.041988950276243
12:53:37,1940,9.041846125529172
12:53:38,1940,9.041846125529172
12:53:39,1940,9.041846125529172
12:53:40,1941,9.041846125529172
12:53:41,1942,9.041846125529172
12:53:42,1942,9.041114790286976
12:53:43,1942,9.039501746644605
12:53:44,1943,9.039501746644605
12:53:45,1944,9.039501746644605
12:53:46,1944,9.040830576993752
12:53:47,1944,9.040830576993752
12:53:48,1944,9.040830576993752
12:53:49,1944,9.040945821854912
12:53:50,1944,9.040945821854912
12:53:51,1944,9.040945821854912
12:53:52,1944,9.040945821854912
12:53:53,1944,9.040945821854912
12:53:54,1944,9.040945821854912
12:53:55,1944,9.040945821854912
12:53:56,1944,9.041584067547724
12:53:57,1944,9.041584067547724
12:53:58,1944,9.041584067547724
12:53:59,1944,9.041584067547724
12:54:00,1944,9.04191891396074
12:54:01,1945,9.04191891396074
12:54:02,1945,9.039906490649065
12:54:03,1945,9.039906490649065
12:54:04,1945,9.039906490649065
12:54:05,1945,9.039906490649065
12:54:06,1945,9.037447315374749
12:54:07,1945,9.037447315374749
12:54:08,1945,9.037447315374749
12:54:09,1945,9.037447315374749
12:54:10,1945,9.037447315374749
12:54:11,1945,9.037447315374749
12:54:12,1945,9.037447315374749
12:54:13,1945,9.037447315374749
12:54:14,1945,9.037447315374749
12:54:15,1945,9.039386446886446
12:54:16,1945,9.039386446886446
12:54:17,1945,9.039386446886446
12:54:18,1945,9.039386446886446
12:54:19,1945,9.039386446886446
12:54:20,1945,9.039386446886446
12:54:21,1946,9.040133626212704
12:54:22,1946,9.037897914379803
12:54:23,1946,9.037897914379803
12:54:24,1946,9.037897914379803
12:54:25,1947,9.037511428049005
12:54:26,1947,9.036403508771931
12:54:27,1947,9.036403508771931
12:54:28,1947,9.036403508771931
12:54:29,1947,9.036383561643836
12:54:30,1947,9.036383561643836
12:54:31,1948,9.036016794450529
12:54:32,1948,9.036016794450529
12:54:33,1948,9.036016794450529
12:54:34,1948,9.03638022258712
12:54:35,1948,9.03638022258712
12:54:36,1949,9.037345003646973
12:54:37,1949,9.035447421177329
12:54:38,1949,9.035447421177329
12:54:39,1949,9.035447421177329
12:54:40,1949,9.035447421177329
12:54:41,1949,9.035447421177329
12:54:42,1949,9.035447421177329
12:54:43,1949,9.035447421177329
12:54:44,1949,9.035447421177329
12:54:45,1950,9.035447421177329
12:54:46,1950,9.035447421177329
12:54:47,1951,9.035447421177329
12:54:48,1952,9.038989071038252
12:54:49,1953,9.038989071038252
12:54:50,1953,9.038989071038252
12:54:51,1953,9.038989071038252
12:54:52,1954,9.038989071038252
12:54:53,1954,9.038989071038252
12:54:54,1955,9.038989071038252
12:54:55,1955,9.038989071038252
12:54:56,1955,9.038989071038252
12:54:57,1955,9.038989071038252
12:54:58,1956,9.038989071038252
12:54:59,1956,9.038989071038252
12:55:00,1956,9.038989071038252
12:55:01,1956,9.038989071038252
12:55:02,1956,9.038989071038252
12:55:03,1956,9.038989071038252
12:55:04,1957,9.038989071038252
12:55:05,1958,9.038989071038252
12:55:06,1958,9.037993810304023
12:55:07,1958,9.037993810304023
12:55:08,1959,9.038009461426492
12:55:09,1959,9.036206583015094
12:55:10,1959,9.036206583015094
12:55:11,1960,9.036504907306433
12:55:12,1960,9.034296094459583
12:55:13,1960,9.034296094459583
12:55:14,1960,9.032507262164126
12:55:15,1960,9.032752676465252
12:55:16,1960,9.032752676465252
12:55:17,1961,9.031383750453392
12:55:18,1961,9.031383750453392
12:55:19,1961,9.031383750453392
12:55:20,1961,9.031383750453392
12:55:21,1961,9.031383750453392
12:55:22,1962,9.031383750453392
12:55:23,1963,9.031383750453392
12:55:24,1963,9.031383750453392
12:55:25,1963,9.031383750453392
12:55:26,1964,9.031383750453392
12:55:27,1964,9.031593257205003
12:55:28,1964,9.031593257205003
12:55:29,1964,9.031593257205003
12:55:30,1964,9.03171195652174
12:55:31,1964,9.03125113163136
12:55:32,1966,9.03125113163136
12:55:33,1966,9.032455664133188
12:55:34,1966,9.032455664133188
12:55:35,1967,9.032455664133188
12:55:36,1967,9.032455664133188
12:55:37,1967,9.033930186290467
12:55:38,1967,9.033930186290467
12:55:39,1967,9.033930186290467
12:55:40,1967,9.033930186290467
12:55:41,1967,9.033930186290467
12:55:42,1967,9.033930186290467
12:55:43,1967,9.03197758496023
12:55:44,1967,9.03197758496023
12:55:45,1967,9.03197758496023
12:55:46,1968,9.03197758496023
12:55:47,1968,9.03197758496023
12:55:48,1968,9.03197758496023
12:55:49,1968,9.03197758496023
12:55:50,1968,9.03197758496023
12:55:51,1968,9.03197758496023
12:55:52,1968,9.03197758496023
12:55:53,1968,9.03197758496023
12:55:54,1968,9.03197758496023
12:55:55,1968,9.031400180668474
12:55:56,1968,9.031400180668474
12:55:57,1969,9.031400180668474
12:55:58,1969,9.031545684362586
12:55:59,1969,9.031545684362586
12:56:00,1970,9.031545684362586
12:56:01,1970,9.029380978162786
12:56:02,1970,9.029380978162786
12:56:03,1970,9.029380978162786
12:56:04,1971,9.029380978162786
12:56:05,1972,9.029770923520923
12:56:06,1972,9.029790877952047
12:56:07,1972,9.029790877952047
12:56:08,1972,9.029790877952047
12:56:09,1972,9.029790877952047
12:56:10,1972,9.029790877952047
12:56:11,1972,9.029790877952047
12:56:12,1972,9.029790877952047
12:56:13,1972,9.029790877952047
12:56:14,1972,9.029790877952047
12:56:15,1972,9.029790877952047
12:56:16,1972,9.031117117117116
12:56:17,1972,9.030181883666488
12:56:18,1972,9.030181883666488
12:56:19,1972,9.030181883666488
12:56:20,1972,9.027573794096472
12:56:21,1972,9.027468969239072
12:56:22,1972,9.027468969239072
12:56:23,1972,9.027468969239072
12:56:24,1972,9.027468969239072
12:56:25,1972,9.027468969239072
12:56:26,1972,9.027468969239072
12:56:27,1972,9.030186983099604
12:56:28,1972,9.030186983099604
12:56:29,1972,9.030186983099604
12:56:30,1972,9.029335130278527
12:56:31,1972,9.029193606321838
12:56:32,1972,9.029193606321838
12:56:33,1972,9.029193606321838
12:56:34,1972,9.029193606321838
12:56:35,1972,9.029193606321838
12:56:36,1972,9.030102315562736
12:56:37,1972,9.030102315562736
12:56:38,1972,9.030102315562736
12:56:39,1973,9.030102315562736
12:56:40,1973,9.029137529137529
12:56:41,1973,9.029137529137529
12:56:42,1973,9.029137529137529
12:56:43,1973,9.029137529137529
12:56:44,1973,9.029137529137529
12:56:45,1974,9.029137529137529
12:56:46,1974,9.029137529137529
12:56:47,1974,9.029137529137529
12:56:48,1974,9.028189964157708
12:56:49,1975,9.027968833960237
12:56:50,1975,9.027968833960237
12:56:51,1975,9.024512435140455
12:56:52,1975,9.024512435140455
12:56:53,1975,9.024512435140455
12:56:54,1976,9.024512435140455
12:56:55,1976,9.024561874105865
12:56:56,1976,9.024561874105865
12:56:57,1976,9.024561874105865
12:56:58,1977,9.024561874105865
12:56:59,1977,9.023213647731332
12:57:00,1977,9.023213647731332
12:57:01,1977,9.023213647731332
12:57:02,1977,9.023213647731332
12:57:03,1978,9.023213647731332
12:57:04,1979,9.023213647731332
12:57:05,1979,9.023213647731332
12:57:06,1979,9.023213647731332
12:57:07,1979,9.023634903640255
12:57:08,1979,9.02243624041377
12:57:09,1979,9.02243624041377
12:57:10,1979,9.01963458110517
12:57:11,1979,9.01963458110517
12:57:12,1979,9.01963458110517
12:57:13,1979,9.019802244788883
12:57:14,1979,9.019802244788883
12:57:15,1979,9.019802244788883
12:57:16,1979,9.022150997150996
12:57:17,1979,9.022150997150996
12:57:18,1980,9.022150997150996
12:57:19,1980,9.022150997150996
12:57:20,1980,9.022150997150996
12:57:21,1981,9.022150997150996
12:57:22,1981,9.022150997150996
12:57:23,1981,9.022150997150996
12:57:24,1981,9.022150997150996
12:57:25,1982,9.022150997150996
12:57:26,1983,9.022150997150996
12:57:27,1983,9.024123509521267
12:57:28,1983,9.024123509521267
12:57:29,1983,9.024123509521267
12:57:30,1983,9.024123509521267
12:57:31,1983,9.024123509521267
12:57:32,1984,9.024123509521267
12:57:33,1984,9.024123509521267
12:57:34,1984,9.024123509521267
12:57:35,1984,9.024123509521267
12:57:36,1984,9.023532550693703
12:57:37,1984,9.023532550693703
12:57:38,1985,9.023532550693703
12:57:39,1985,9.022044444444445
12:57:40,1986,9.022044444444445
12:57:41,1986,9.019331911869225
12:57:42,1986,9.019331911869225
12:57:43,1986,9.016933049191973
12:57:44,1986,9.016933049191973
12:57:45,1986,9.016933049191973
12:57:46,1986,9.016933049191973
12:57:47,1986,9.016933049191973
12:57:48,1986,9.016933049191973
12:57:49,1986,9.016835285765
12:57:50,1986,9.016835285765
12:57:51,1986,9.016835285765
12:57:52,1986,9.016835285765
12:57:53,1986,9.018396310094023
12:57:54,1986,9.018396310094023
12:57:55,1986,9.018396310094023
12:57:56,1986,9.018396310094023
12:57:57,1987,9.018396310094023
12:57:58,1987,9.017924862661705
12:57:59,1988,9.017924862661705
12:58:00,1988,9.019509387176761
12:58:01,1988,9.019509387176761
12:58:02,1988,9.019509387176761
12:58:03,1989,9.019509387176761
12:58:04,1989,9.019587537617276
12:58:05,1989,9.019587537617276
12:58:06,1989,9.019587537617276
12:58:07,1989,9.019587537617276
12:58:08,1989,9.019587537617276
12:58:09,1989,9.018912466843501
12:58:10,1990,9.018912466843501
12:58:11,1990,9.018912466843501
12:58:12,1990,9.018912466843501
12:58:13,1990,9.018912466843501
12:58:14,1990,9.017249911629552
12:58:15,1990,9.017249911629552
12:58:16,1990,9.017249911629552
12:58:17,1990,9.016878643349232
12:58:18,1991,9.016878643349232
12:58:19,1991,9.016878643349232
12:58:20,1991,9.016878643349232
12:58:21,1992,9.016878643349232
12:58:22,1992,9.016878643349232
12:58:23,1992,9.016905014124294
12:58:24,1992,9.016905014124294
12:58:25,1993,9.016905014124294
12:58:26,1993,9.016905014124294
12:58:27,1993,9.016905014124294
12:58:28,1993,9.017010764072701
12:58:29,1995,9.017010764072701
12:58:30,1995,9.018077601410935
12:58:31,1995,9.015115459192666
12:58:32,1995,9.015115459192666
12:58:33,1996,9.015115459192666
12:58:34,1996,9.015115459192666
12:58:35,1996,9.015115459192666
12:58:36,1996,9.015115459192666
12:58:37,1997,9.015115459192666
12:58:38,1997,9.015115459192666
12:58:39,1997,9.015115459192666
12:58:40,1997,9.015115459192666
12:58:41,1997,9.015115459192666
12:58:42,1998,9.015115459192666
12:58:43,1998,9.015115459192666
12:58:44,1998,9.015115459192666
12:58:45,1998,9.015115459192666
12:58:46,1999,9.015115459192666
12:58:47,1999,9.012596899224807
12:58:48,1999,9.012596899224807
12:58:49,2000,9.012596899224807
12:58:50,2000,9.012596899224807
12:58:51,2000,9.012596899224807
12:58:52,2000,9.012596899224807
12:58:53,2000,9.012863180137348
12:58:54,2000,9.012863180137348
12:58:55,2001,9.012863180137348
12:58:56,2001,9.015531502991905
12:58:57,2001,9.015531502991905
12:58:58,2001,9.015531502991905
12:58:59,2001,9.015998240985049
12:59:00,2001,9.015998240985049
12:59:01,2001,9.016148304340186
12:59:02,2001,9.016148304340186
12:59:03,2001,9.016148304340186
12:59:04,2001,9.016148304340186
12:59:05,2001,9.013312258517738
12:59:06,2001,9.013445673161312
12:59:07,2001,9.013445673161312
12:59:08,2001,9.013445673161312
12:59:09,2001,9.013445673161312
12:59:10,2001,9.013445673161312
12:59:11,2001,9.013445673161312
12:59:12,2001,9.013456140350877
12:59:13,2001,9.013456140350877
12:59:14,2001,9.013456140350877
12:59:15,2001,9.013456140350877
12:59:16,2001,9.013456140350877
12:59:17,2001,9.013456140350877
12:59:18,2001,9.013456140350877
12:59:19,2001,9.014957040154306
12:59:20,2001,9.014957040154306
12:59:21,2001,9.014957040154306
12:59:22,2001,9.013555906063793
12:59:23,2001,9.013555906063793
12:59:24,2001,9.013555906063793
12:59:25,2001,9.013555906063793
12:59:26,2001,9.013555906063793
12:59:27,2001,9.013555906063793
12:59:28,2001,9.013555906063793
12:59:29,2001,9.013555906063793
12:59:30,2001,9.013555906063793
12:59:31,2001,9.013555906063793
12:59:32,2001,9.013555906063793
12:59:33,2001,9.012368697478992
12:59:34,2001,9.012368697478992
12:59:35,2001,9.012368697478992
12:59:36,2001,9.012368697478992
12:59:37,2001,9.012368697478992
12:59:38,2002,9.012368697478992
12:59:39,2002,9.010087489063867
12:59:40,2002,9.010087489063867
12:59:41,2003,9.010087489063867
12:59:42,2003,9.007511367611052
12:59:43,2003,9.007551127425275
12:59:44,2004,9.007551127425275
12:59:45,2004,9.006673654786862
12:59:46,2004,9.006673654786862
12:59:47,2004,9.006673654786862
12:59:48,2004,9.009324253535883
12:59:49,2007,9.009324253535883
12:59:50,2007,9.009924995639283
12:59:51,2007,9.009924995639283
12:59:52,2007,9.009924995639283
12:59:53,2009,9.009924995639283
12:59:54,2009,9.009924995639283
12:59:55,2009,9.009924995639283
12:59:56,2009,9.009924995639283
12:59:57,2009,9.009924995639283
12:59:58,2009,9.009924995639283
12:59:59,2009,9.009924995639283
13:00:00,2009,9.009924995639283
13:00:01,2009,9.009924995639283
13:00:02,2009,9.009924995639283
13:00:03,2009,9.009924995639283
13:00:04,2009,9.009924995639283
13:00:05,2009,9.009924995639283
13:00:06,2009,9.009924995639283
13:00:07,2009,9.008804044630406
13:00:08,2010,9.008804044630406
13:00:09,2010,9.008804044630406
13:00:10,2010,9.007483882209444
13:00:11,2011,9.007483882209444
13:00:12,2012,9.009143155694881
13:00:13,2012,9.009143155694881
13:00:14,2013,9.005892080069627
13:00:15,2015,9.005892080069627
13:00:16,2015,9.00374043145442
13:00:17,2015,9.00374043145442
13:00:18,2016,9.00374043145442
13:00:19,2016,9.00374043145442
13:00:20,2016,9.002834289688751
13:00:21,2016,9.002834289688751
13:00:22,2016,9.002834289688751
13:00:23,2017,9.002834289688751
13:00:24,2017,9.002834289688751
13:00:25,2018,9.002554744525549
13:00:26,2019,9.002554744525549
13:00:27,2019,9.002554744525549
13:00:28,2019,9.002554744525549
13:00:29,2021,9.002554744525549
13:00:30,2021,9.002554744525549
13:00:31,2021,9.002554744525549
13:00:32,2022,9.002379711655376
13:00:33,2023,9.002379711655376
13:00:34,2023,9.002379711655376
13:00:35,2023,9.002379711655376
13:00:36,2023,9.002379711655376
13:00:37,2025,9.002379711655376
13:00:38,2025,9.002379711655376
13:00:39,2026,9.001796875
13:00:40,2026,9.0027416276245
13:00:41,2026,9.001734304543877
13:00:42,2027,9.001734304543877
13:00:43,2028,9.001734304543877
13:00:44,2028,9.001734304543877
13:00:45,2028,9.001734304543877
13:00:46,2029,8.999185724185725
13:00:47,2030,8.999185724185725
13:00:48,2030,8.999185724185725
13:00:49,2030,9.000458874458875
13:00:50,2031,9.000077881619939
13:00:51,2032,9.002101712506487
13:00:52,2033,9.002101712506487
13:00:53,2033,9.001236168741356
13:00:54,2033,9.001236168741356
13:00:55,2035,9.001236168741356
13:00:56,2035,9.001236168741356
13:00:57,2035,9.001236168741356
13:00:58,2035,9.001236168741356
13:00:59,2037,9.001236168741356
13:01:00,2037,9.001236168741356
13:01:01,2037,9.001236168741356
13:01:02,2038,9.001236168741356
13:01:03,2038,9.001236168741356
13:01:04,2039,9.001236168741356
13:01:05,2040,9.001236168741356
13:01:06,2040,9.001236168741356
13:01:07,2041,9.001236168741356
13:01:08,2041,9.001236168741356
13:01:09,2042,9.001236168741356
13:01:10,2042,9.001236168741356
13:01:11,2042,9.001236168741356
13:01:12,2042,9.001236168741356
13:01:13,2043,8.99971487817522
13:01:14,2043,8.99971487817522
13:01:15,2043,8.99971487817522
13:01:16,2045,8.998341968911918
13:01:17,2045,8.998341968911918
13:01:18,2045,8.998341968911918
13:01:19,2045,8.998341968911918
13:01:20,2048,8.996435353012256
13:01:21,2048,8.996435353012256
13:01:22,2048,8.996435353012256
13:01:23,2048,8.996435353012256
13:01:24,2048,8.996435353012256
13:01:25,2048,8.996435353012256
13:01:26,2048,8.996435353012256
13:01:27,2049,8.996435353012256
13:01:28,2049,8.996109385783297
13:01:29,2049,8.995137092602173
13:01:30,2049,8.996415029300241
13:01:31,2049,8.996415029300241
13:01:32,2049,8.996415029300241
13:01:33,2050,8.996415029300241
13:01:34,2050,8.996415029300241
13:01:35,2050,8.996415029300241
13:01:36,2051,8.996415029300241
13:01:37,2051,8.996415029300241
13:01:38,2051,8.996415029300241
13:01:39,2051,8.995495262704566
13:01:40,2052,8.995495262704566
13:01:41,2052,8.997512052341598
13:01:42,2052,8.997512052341598
13:01:43,2053,8.997512052341598
13:01:44,2053,8.997512052341598
13:01:45,2054,8.997512052341598
13:01:46,2054,8.997512052341598
13:01:47,2055,8.997512052341598
13:01:48,2055,8.997512052341598
13:01:49,2055,8.99623128549303
13:01:50,2055,8.99623128549303
13:01:51,2056,8.99623128549303
13:01:52,2056,8.992681458548331
13:01:53,2056,8.994292590682482
13:01:54,2057,8.994292590682482
13:01:55,2057,8.994292590682482
13:01:56,2057,8.994292590682482
13:01:57,2058,8.993436426116839
13:01:58,2058,8.993436426116839
13:01:59,2058,8.993436426116839
13:02:00,2059,8.993436426116839
13:02:01,2059,8.993087755452516
13:02:02,2059,8.991168898043254
13:02:03,2059,8.991168898043254
13:02:04,2059,8.98968090581575
13:02:05,2061,8.98968090581575
13:02:06,2061,8.98968090581575
13:02:07,2061,8.98968090581575
13:02:08,2062,8.989471879286695
13:02:09,2063,8.989471879286695
13:02:10,2063,8.989471879286695
13:02:11,2063,8.989471879286695
13:02:12,2064,8.98700942587832
13:02:13,2064,8.98700942587832
13:02:14,2064,8.98621103117506
13:02:15,2064,8.98621103117506
13:02:16,2065,8.98621103117506
13:02:17,2065,8.98621103117506
13:02:18,2065,8.98621103117506
13:02:19,2065,8.98621103117506
13:02:20,2066,8.98799007019346
13:02:21,2066,8.98799007019346
13:02:22,2066,8.98799007019346
13:02:23,2066,8.98799007019346
13:02:24,2067,8.98799007019346
13:02:25,2067,8.98799007019346
13:02:26,2067,8.98799007019346
13:02:27,2067,8.98838980150582
13:02:28,2067,8.98838980150582
13:02:29,2067,8.98838980150582
13:02:30,2067,8.990610569522833
13:02:31,2067,8.990610569522833
13:02:32,2067,8.990610569522833
13:02:33,2067,8.990610569522833
13:02:34,2067,8.990610569522833
13:02:35,2068,8.98997435897436
13:02:36,2068,8.98997435897436
13:02:37,2068,8.98997435897436
13:02:38,2069,8.991893046301042
13:02:39,2069,8.991893046301042
13:02:40,2069,8.991893046301042
13:02:41,2069,8.990940915300547
13:02:42,2069,8.990940915300547
13:02:43,2069,8.987403993855606
13:02:44,2069,8.987403993855606
13:02:45,2070,8.987403993855606
13:02:46,2070,8.987403993855606
13:02:47,2070,8.987403993855606
13:02:48,2070,8.987403993855606
13:02:49,2070,8.987403993855606
13:02:50,2071,8.985832480382122
13:02:51,2071,8.985832480382122
13:02:52,2071,8.985832480382122
13:02:53,2072,8.985063938618927
13:02:54,2073,8.98281356509884
13:02:55,2073,8.98281356509884
13:02:56,2074,8.98281356509884
13:02:57,2074,8.98281356509884
13:02:58,2074,8.98281356509884
13:02:59,2074,8.98281356509884
13:03:00,2074,8.98281356509884
13:03:01,2074,8.98281356509884
13:03:02,2076,8.980471810594448
13:03:03,2076,8.980471810594448
13:03:04,2076,8.980471810594448
13:03:05,2078,8.980471810594448
13:03:06,2079,8.980471810594448
13:03:07,2079,8.980471810594448
13:03:08,2079,8.977352390675515
13:03:09,2080,8.977352390675515
13:03:10,2082,8.979243197278912
13:03:11,2082,8.979243197278912
13:03:12,2082,8.979243197278912
13:03:13,2082,8.981353051164373
13:03:14,2082,8.981353051164373
13:03:15,2082,8.981353051164373
13:03:16,2083,8.981353051164373
13:03:17,2083,8.98111620795107
13:03:18,2083,8.98111620795107
13:03:19,2084,8.98111620795107
13:03:20,2084,8.98111620795107
13:03:21,2084,8.98111620795107
13:03:22,2085,8.983486160638478
13:03:23,2085,8.983486160638478
13:03:24,2085,8.98051595383571
13:03:25,2085,8.979380831212893
13:03:26,2085,8.979380831212893
13:03:27,2086,8.979380831212893
13:03:28,2086,8.979380831212893
13:03:29,2086,8.980400135639199
13:03:30,2086,8.979596678529061
13:03:31,2086,8.979596678529061
13:03:32,2087,8.979596678529061
13:03:33,2087,8.976092479674797
13:03:34,2087,8.976092479674797
13:03:35,2087,8.976092479674797
13:03:36,2087,8.976092479674797
13:03:37,2087,8.976092479674797
13:03:38,2088,8.976092479674797
13:03:39,2088,8.976092479674797
13:03:40,2088,8.976092479674797
13:03:41,2088,8.976092479674797
13:03:42,2088,8.973311325545962
13:03:43,2088,8.973311325545962
13:03:44,2088,8.973311325545962
13:03:45,2088,8.973311325545962
13:03:46,2088,8.973311325545962
13:03:47,2088,8.973311325545962
13:03:48,2089,8.973311325545962
13:03:49,2089,8.973896499238966
13:03:50,2089,8.973896499238966
13:03:51,2090,8.973896499238966
13:03:52,2090,8.971957403651116
13:03:53,2091,8.971515458692346
13:03:54,2091,8.971200607902736
13:03:55,2091,8.971200607902736
13:03:56,2091,8.971200607902736
13:03:57,2091,8.971200607902736
13:03:58,2091,8.96990717299578
13:03:59,2092,8.96990717299578
13:04:00,2092,8.96990717299578
13:04:01,2092,8.972427462887989
13:04:02,2092,8.972427462887989
13:04:03,2092,8.972427462887989
13:04:04,2092,8.972427462887989
13:04:05,2092,8.972427462887989
13:04:06,2092,8.972427462887989
13:04:07,2092,8.971328612375654
13:04:08,2093,8.971328612375654
13:04:09,2093,8.971328612375654
13:04:10,2093,8.971328612375654
13:04:11,2093,8.968335018537243
13:04:12,2093,8.965816068721576
13:04:13,2093,8.965816068721576
13:04:14,2094,8.964907407407406
13:04:15,2094,8.967760390375231
13:04:16,2094,8.967760390375231
13:04:17,2094,8.965237134207872
13:04:18,2094,8.965237134207872
13:04:19,2094,8.965237134207872
13:04:20,2094,8.965237134207872
13:04:21,2094,8.965237134207872
13:04:22,2094,8.962069255337033
13:04:23,2094,8.962069255337033
13:04:24,2094,8.962069255337033
13:04:25,2094,8.962069255337033
13:04:26,2095,8.962069255337033
13:04:27,2095,8.962069255337033
13:04:28,2095,8.962069255337033
13:04:29,2096,8.962069255337033
13:04:30,2096,8.962069255337033
13:04:31,2096,8.962069255337033
13:04:32,2097,8.962069255337033
13:04:33,2097,8.962069255337033
13:04:34,2097,8.962069255337033
13:04:35,2098,8.962069255337033
13:04:36,2098,8.962069255337033
13:04:37,2098,8.962069255337033
13:04:38,2099,8.962069255337033
13:04:39,2099,8.962069255337033
13:04:40,2099,8.962069255337033
13:04:41,2099,8.960887096774194
13:04:42,2100,8.960887096774194
13:04:43,2100,8.960887096774194
13:04:44,2100,8.960887096774194
13:04:45,2101,8.96009235936188
13:04:46,2101,8.96009235936188
13:04:47,2101,8.962881839543472
13:04:48,2101,8.961701056869654
13:04:49,2102,8.961701056869654
13:04:50,2102,8.963908450704226
13:04:51,2102,8.963908450704226
13:04:52,2103,8.963908450704226
13:04:53,2103,8.965644377409085
13:04:54,2103,8.965644377409085
13:04:55,2103,8.965644377409085
13:04:56,2104,8.965644377409085
13:04:57,2104,8.964807370184253
13:04:58,2104,8.964807370184253
13:04:59,2104,8.964807370184253
13:05:00,2105,8.962171438138288
13:05:01,2105,8.962171438138288
13:05:02,2105,8.958797457768858
13:05:03,2105,8.958797457768858
13:05:04,2105,8.958797457768858
13:05:05,2105,8.958797457768858
13:05:06,2105,8.958797457768858
13:05:07,2105,8.958797457768858
13:05:08,2105,8.958797457768858
13:05:09,2105,8.958797457768858
13:05:10,2105,8.958797457768858
13:05:11,2105,8.958797457768858
13:05:12,2105,8.960038448679372
13:05:13,2105,8.960038448679372
13:05:14,2105,8.960038448679372
13:05:15,2105,8.960038448679372
13:05:16,2105,8.960038448679372
13:05:17,2105,8.960038448679372
13:05:18,2105,8.960038448679372
13:05:19,2105,8.960038448679372
13:05:20,2105,8.960038448679372
13:05:21,2105,8.958838763575606
13:05:22,2105,8.956755177020709
13:05:23,2106,8.956755177020709
13:05:24,2106,8.956755177020709
13:05:25,2106,8.956755177020709
13:05:26,2106,8.953914204640293
13:05:27,2107,8.953914204640293
13:05:28,2107,8.953914204640293
13:05:29,2107,8.953914204640293
13:05:30,2107,8.953914204640293
13:05:31,2107,8.952277277277277
13:05:32,2107,8.952277277277277
13:05:33,2107,8.95115891278973
13:05:34,2107,8.95115891278973
13:05:35,2107,8.950225
13:05:36,2107,8.950225
13:05:37,2107,8.953581542562054
13:05:38,2108,8.952455877455877
13:05:39,2108,8.952455877455877
13:05:40,2108,8.953794308537194
13:05:41,2109,8.953794308537194
13:05:42,2109,8.953794308537194
13:05:43,2110,8.953794308537194
13:05:44,2110,8.953794308537194
13:05:45,2111,8.953794308537194
13:05:46,2111,8.953794308537194
13:05:47,2111,8.95479873586161
13:05:48,2111,8.95479873586161
13:05:49,2111,8.95479873586161
13:05:50,2111,8.952310889443059
13:05:51,2111,8.952310889443059
13:05:52,2111,8.952310889443059
13:05:53,2111,8.950382186773014
13:05:54,2111,8.950382186773014
13:05:55,2111,8.950382186773014
13:05:56,2111,8.950382186773014
13:05:57,2111,8.948463710347118
13:05:58,2111,8.948463710347118
13:05:59,2111,8.948463710347118
13:06:00,2111,8.948463710347118
13:06:01,2111,8.948463710347118
13:06:02,2113,8.948463710347118
13:06:03,2113,8.948463710347118
13:06:04,2114,8.948463710347118
13:06:05,2114,8.948463710347118
13:06:06,2115,8.948463710347118
13:06:07,2116,8.948463710347118
13:06:08,2116,8.948463710347118
13:06:09,2116,8.94667994687915
13:06:10,2117,8.944831591173054
13:06:11,2117,8.944831591173054
13:06:12,2117,8.944831591173054
13:06:13,2117,8.944831591173054
13:06:14,2117,8.944831591173054
13:06:15,2117,8.944831591173054
13:06:16,2118,8.944831591173054
13:06:17,2118,8.942338308457712
13:06:18,2118,8.942338308457712
13:06:19,2118,8.942338308457712
13:06:20,2118,8.94096635173214
13:06:21,2118,8.94096635173214
13:06:22,2118,8.94096635173214
13:06:23,2118,8.94096635173214
13:06:24,2118,8.94096635173214
13:06:25,2119,8.93986083499006
13:06:26,2119,8.93986083499006
13:06:27,2119,8.93986083499006
13:06:28,2119,8.939697120158888
13:06:29,2119,8.939697120158888
13:06:30,2119,8.940926385442515
13:06:31,2119,8.939897486772486
13:06:32,2120,8.939897486772486
13:06:33,2120,8.939897486772486
13:06:34,2120,8.939897486772486
13:06:35,2120,8.939897486772486
13:06:36,2120,8.941117170715584
13:06:37,2120,8.941117170715584
13:06:38,2121,8.941117170715584
13:06:39,2121,8.941117170715584
13:06:40,2121,8.9400396432111
13:06:41,2122,8.9400396432111
13:06:42,2122,8.9400396432111
13:06:43,2122,8.9400396432111
13:06:44,2122,8.93859171206868
13:06:45,2123,8.93687293729373
13:06:46,2123,8.93687293729373
13:06:47,2123,8.93687293729373
13:06:48,2124,8.93687293729373
13:06:49,2124,8.935691901698828
13:06:50,2124,8.935691901698828
13:06:51,2124,8.935691901698828
13:06:52,2125,8.935691901698828
13:06:53,2125,8.935691901698828
13:06:54,2125,8.933143752060666
13:06:55,2125,8.933143752060666
13:06:56,2126,8.933143752060666
13:06:57,2126,8.933143752060666
13:06:58,2126,8.933143752060666
13:06:59,2126,8.933143752060666
13:07:00,2126,8.933143752060666
13:07:01,2126,8.931529082221124
13:07:02,2127,8.931529082221124
13:07:03,2127,8.931529082221124
13:07:04,2127,8.92994071146245
13:07:05,2127,8.92994071146245
13:07:06,2128,8.92994071146245
13:07:07,2128,8.92994071146245
13:07:08,2128,8.92994071146245
13:07:09,2129,8.92828806584362
13:07:10,2129,8.92828806584362
13:07:11,2129,8.92828806584362
13:07:12,2129,8.92828806584362
13:07:13,2130,8.92828806584362
13:07:14,2130,8.926258637709772
13:07:15,2130,8.926258637709772
13:07:16,2130,8.926258637709772
13:07:17,2131,8.926258637709772
13:07:18,2131,8.924584772241408
13:07:19,2131,8.924584772241408
13:07:20,2131,8.924584772241408
13:07:21,2131,8.924584772241408
13:07:22,2131,8.925378040762658
13:07:23,2131,8.92401018564153
13:07:24,2131,8.92401018564153
13:07:25,2131,8.92401018564153
13:07:26,2131,8.924014778325123
13:07:27,2132,8.924014778325123
13:07:28,2132,8.924014778325123
13:07:29,2132,8.923083866732316
13:07:30,2132,8.923083866732316
13:07:31,2133,8.923083866732316
13:07:32,2133,8.925918635170603
13:07:33,2134,8.925918635170603
13:07:34,2136,8.925918635170603
13:07:35,2136,8.924266273159533
13:07:36,2137,8.924266273159533
13:07:37,2138,8.922959685349067
13:07:38,2138,8.922959685349067
13:07:39,2138,8.922959685349067
13:07:40,2138,8.922959685349067
13:07:41,2138,8.922959685349067
13:07:42,2138,8.922959685349067
13:07:43,2138,8.922959685349067
13:07:44,2138,8.922959685349067
13:07:45,2139,8.922959685349067
13:07:46,2139,8.922473382473383
13:07:47,2139,8.922473382473383
13:07:48,2139,8.920424034053699
13:07:49,2139,8.920424034053699
13:07:50,2139,8.920424034053699
13:07:51,2139,8.918933071510391
13:07:52,2139,8.918933071510391
13:07:53,2139,8.918933071510391
13:07:54,2139,8.918933071510391
13:07:55,2139,8.91714098789663
13:07:56,2139,8.91714098789663
13:07:57,2139,8.91714098789663
13:07:58,2139,8.91714098789663
13:07:59,2139,8.915653097923817
13:08:00,2139,8.915653097923817
13:08:01,2139,8.915653097923817
13:08:02,2139,8.913349673202614
13:08:03,2139,8.913349673202614
13:08:04,2139,8.913349673202614
13:08:05,2139,8.913349673202614
13:08:06,2139,8.913349673202614
13:08:07,2139,8.913349673202614
13:08:08,2139,8.913349673202614
13:08:09,2139,8.913349673202614
13:08:10,2139,8.913349673202614
13:08:11,2139,8.913349673202614
13:08:12,2139,8.913349673202614
13:08:13,2139,8.913349673202614
13:08:14,2139,8.912224399804018
13:08:15,2139,8.912224399804018
13:08:16,2139,8.912224399804018
13:08:17,2139,8.912224399804018
13:08:18,2139,8.912224399804018
13:08:19,2139,8.911663401893568
13:08:20,2139,8.911663401893568
13:08:21,2139,8.911663401893568
13:08:22,2139,8.90890410958904
13:08:23,2139,8.90890410958904
13:08:24,2139,8.91115729421353
13:08:25,2139,8.909856630824374
13:08:26,2139,8.909856630824374
13:08:27,2139,8.910332193453835
13:08:28,2139,8.910332193453835
13:08:29,2139,8.910332193453835
13:08:30,2139,8.910332193453835
13:08:31,2139,8.910332193453835
13:08:32,2139,8.910332193453835
13:08:33,2139,8.909041341145834
13:08:34,2139,8.909041341145834
13:08:35,2139,8.909041341145834
13:08:36,2139,8.909041341145834
13:08:37,2139,8.909041341145834
13:08:38,2139,8.909041341145834
13:08:39,2139,8.909041341145834
13:08:40,2139,8.907572799739711
13:08:41,2139,8.90661788617886
13:08:42,2139,8.90661788617886
13:08:43,2139,8.90661788617886
13:08:44,2139,8.905119453924915
13:08:45,2139,8.903492527615334
13:08:46,2139,8.901071602532879
13:08:47,2139,8.901071602532879
13:08:48,2139,8.901071602532879
13:08:49,2139,8.901071602532879
13:08:50,2139,8.901071602532879
13:08:51,2139,8.901071602532879
13:08:52,2139,8.901071602532879
13:08:53,2139,8.901071602532879
13:08:54,2139,8.901071602532879
13:08:55,2140,8.901071602532879
13:08:56,2140,8.898790976955533
13:08:57,2140,8.898790976955533
13:08:58,2140,8.898790976955533
13:08:59,2141,8.898790976955533
13:09:00,2141,8.898790976955533
13:09:01,2141,8.898790976955533
13:09:02,2141,8.898790976955533
13:09:03,2141,8.898790976955533
13:09:04,2141,8.89779399837794
13:09:05,2141,8.89779399837794
13:09:06,2141,8.89779399837794
13:09:07,2141,8.89779399837794
13:09:08,2141,8.897584306095979
13:09:09,2141,8.897584306095979
13:09:10,2141,8.897584306095979
13:09:11,2141,8.897584306095979
13:09:12,2141,8.897164154918165
13:09:13,2141,8.897164154918165
13:09:14,2141,8.897164154918165
13:09:15,2141,8.899238743116294
13:09:16,2141,8.899238743116294
13:09:17,2141,8.899506232799094
13:09:18,2141,8.899506232799094
13:09:19,2141,8.899506232799094
13:09:20,2141,8.899506232799094
13:09:21,2141,8.899506232799094
13:09:22,2141,8.899506232799094
13:09:23,2141,8.899506232799094
13:09:24,2141,8.899506232799094
13:09:25,2141,8.898211974110033
13:09:26,2141,8.898211974110033
13:09:27,2141,8.898211974110033
13:09:28,2141,8.898211974110033
13:09:29,2142,8.899911046417596
13:09:30,2142,8.897462010992564
13:09:31,2142,8.896332202294394
13:09:32,2142,8.896332202294394
13:09:33,2144,8.895631459948321
13:09:34,2144,8.894188861985471
13:09:35,2144,8.894188861985471
13:09:36,2144,8.894188861985471
13:09:37,2146,8.89161019683769
13:09:38,2146,8.89161019683769
13:09:39,2146,8.890598290598291
13:09:40,2146,8.890598290598291
13:09:41,2146,8.890598290598291
13:09:42,2147,8.890598290598291
13:09:43,2148,8.890598290598291
13:09:44,2148,8.888080270793036
13:09:45,2148,8.888080270793036
13:09:46,2148,8.888080270793036
13:09:47,2148,8.888080270793036
13:09:48,2148,8.888080270793036
13:09:49,2148,8.888080270793036
13:09:50,2148,8.888080270793036
13:09:51,2148,8.888080270793036
13:09:52,2148,8.888080270793036
13:09:53,2148,8.888080270793036
13:09:54,2148,8.888080270793036
13:09:55,2148,8.888080270793036
13:09:56,2148,8.88670049943612
13:09:57,2149,8.886706924315622
13:09:58,2149,8.886706924315622
13:09:59,2149,8.885601673101672
13:10:00,2149,8.885601673101672
13:10:01,2149,8.885601673101672
13:10:02,2149,8.885601673101672
13:10:03,2149,8.885601673101672
13:10:04,2149,8.885601673101672
13:10:05,2149,8.885601673101672
13:10:06,2149,8.8859945328831
13:10:07,2149,8.8859945328831
13:10:08,2150,8.8859945328831
13:10:09,2150,8.8859945328831
13:10:10,2150,8.8859945328831
13:10:11,2150,8.8859945328831
13:10:12,2150,8.8859945328831
13:10:13,2150,8.8859945328831
13:10:14,2150,8.8859945328831
13:10:15,2150,8.8859945328831
13:10:16,2151,8.8859945328831
13:10:17,2151,8.884281581485054
13:10:18,2151,8.885943775100401
13:10:19,2151,8.883871226718048
13:10:20,2152,8.883871226718048
13:10:21,2152,8.882579040282458
13:10:22,2153,8.882579040282458
13:10:23,2154,8.8816329804299
13:10:24,2155,8.880222863556195
13:10:25,2155,8.880222863556195
13:10:26,2155,8.880222863556195
13:10:27,2155,8.880222863556195
13:10:28,2155,8.877892628205128
13:10:29,2155,8.877892628205128
13:10:30,2155,8.877892628205128
13:10:31,2155,8.877892628205128
13:10:32,2155,8.877892628205128
13:10:33,2155,8.87817555662342
13:10:34,2155,8.87817555662342
13:10:35,2155,8.875776496958053
13:10:36,2155,8.875776496958053
13:10:37,2155,8.876484237477996
13:10:38,2155,8.876484237477996
13:10:39,2155,8.876484237477996
13:10:40,2155,8.876484237477996
13:10:41,2155,8.876484237477996
13:10:42,2155,8.876484237477996
13:10:43,2155,8.876484237477996
13:10:44,2155,8.876484237477996
13:10:45,2155,8.876484237477996
13:10:46,2155,8.876484237477996
13:10:47,2155,8.875239923224568
13:10:48,2155,8.875239923224568
13:10:49,2156,8.875239923224568
13:10:50,2156,8.875239923224568
13:10:51,2156,8.875239923224568
13:10:52,2156,8.875239923224568
13:10:53,2156,8.872933653077537
13:10:54,2157,8.872933653077537
13:10:55,2157,8.872933653077537
13:10:56,2157,8.871969333972208
13:10:57,2157,8.871969333972208
13:10:58,2158,8.872765006385695
13:10:59,2158,8.872765006385695
13:11:00,2158,8.87253869475028
13:11:01,2158,8.87253869475028
13:11:02,2158,8.87253869475028
13:11:03,2158,8.87253869475028
13:11:04,2158,8.87253869475028
13:11:05,2158,8.87253869475028
13:11:06,2158,8.87253869475028
13:11:07,2158,8.870653907496012
13:11:08,2158,8.870653907496012
13:11:09,2158,8.870653907496012
13:11:10,2158,8.869575960465486
13:11:11,2158,8.869575960465486
13:11:12,2159,8.86547220895047
13:11:13,2159,8.86547220895047
13:11:14,2159,8.86547220895047
13:11:15,2159,8.86547220895047
13:11:16,2159,8.863896848137536
13:11:17,2159,8.863896848137536
13:11:18,2159,8.863896848137536
13:11:19,2159,8.863896848137536
13:11:20,2159,8.863896848137536
13:11:21,2159,8.863896848137536
13:11:22,2159,8.863896848137536
13:11:23,2159,8.863896848137536
13:11:24,2160,8.863896848137536
13:11:25,2160,8.861662688941925
13:11:26,2160,8.861662688941925
13:11:27,2160,8.861662688941925
13:11:28,2161,8.861662688941925
13:11:29,2161,8.8606393129771
13:11:30,2161,8.861659513590844
13:11:31,2161,8.861659513590844
13:11:32,2161,8.86251191611058
13:11:33,2161,8.86251191611058
13:11:34,2161,8.86251191611058
13:11:35,2161,8.86251191611058
13:11:36,2161,8.86251191611058
13:11:37,2162,8.86251191611058
13:11:38,2162,8.86251191611058
13:11:39,2162,8.86251191611058
13:11:40,2162,8.863323804986502
13:11:41,2162,8.863323804986502
13:11:42,2162,8.86145238095238
13:11:43,2162,8.86145238095238
13:11:44,2162,8.86145238095238
13:11:45,2162,8.86145238095238
13:11:46,2163,8.86145238095238
13:11:47,2163,8.86145238095238
13:11:48,2163,8.86145238095238
13:11:49,2163,8.86145238095238
13:11:50,2163,8.861391400920196
13:11:51,2163,8.860624801776087
13:11:52,2163,8.860624801776087
13:11:53,2163,8.857513076557298
13:11:54,2163,8.857513076557298
13:11:55,2163,8.857513076557298
13:11:56,2163,8.857513076557298
13:11:57,2163,8.857513076557298
13:11:58,2163,8.857513076557298
13:11:59,2163,8.857513076557298
13:12:00,2163,8.854760773130545
13:12:01,2163,8.854760773130545
13:12:02,2163,8.854760773130545
13:12:03,2163,8.854760773130545
13:12:04,2163,8.854760773130545
13:12:05,2163,8.851100031655587
13:12:06,2163,8.851100031655587
13:12:07,2163,8.851100031655587
13:12:08,2163,8.851100031655587
13:12:09,2163,8.851100031655587
13:12:10,2163,8.851100031655587
13:12:11,2163,8.851100031655587
13:12:12,2164,8.851100031655587
13:12:13,2164,8.851100031655587
13:12:14,2164,8.851100031655587
13:12:15,2165,8.849114064230344
13:12:16,2165,8.849114064230344
13:12:17,2165,8.849114064230344
13:12:18,2165,8.849114064230344
13:12:19,2166,8.849114064230344
13:12:20,2166,8.849114064230344
13:12:21,2167,8.849114064230344
13:12:22,2168,8.849114064230344
13:12:23,2168,8.850379506641366
13:12:24,2168,8.850379506641366
13:12:25,2168,8.850379506641366
13:12:26,2168,8.850379506641366
13:12:27,2169,8.850379506641366
13:12:28,2170,8.850379506641366
13:12:29,2170,8.850379506641366
13:12:30,2170,8.850379506641366
13:12:31,2170,8.850379506641366
13:12:32,2170,8.849225541330805
13:12:33,2170,8.849225541330805
13:12:34,2170,8.849225541330805
13:12:35,2170,8.850695102685624
13:12:36,2170,8.850695102685624
13:12:37,2170,8.850695102685624
13:12:38,2170,8.850695102685624
13:12:39,2170,8.850695102685624
13:12:40,2170,8.850900047370914
13:12:41,2170,8.850402462121213
13:12:42,2170,8.850780880265027
13:12:43,2170,8.849353516240933
13:12:44,2170,8.849353516240933
13:12:45,2170,8.84628841607565
13:12:46,2170,8.84628841607565
13:12:47,2170,8.84628841607565
13:12:48,2170,8.84628841607565
13:12:49,2171,8.84628841607565
13:12:50,2171,8.84628841607565
13:12:51,2171,8.843659420289855
13:12:52,2171,8.843659420289855
13:12:53,2171,8.843659420289855
13:12:54,2171,8.843659420289855
13:12:55,2171,8.843659420289855
13:12:56,2171,8.843659420289855
13:12:57,2171,8.843659420289855
13:12:58,2171,8.843659420289855
13:12:59,2171,8.842166587938909
13:13:00,2171,8.842166587938909
13:13:01,2172,8.840856153604028
13:13:02,2172,8.840856153604028
13:13:03,2172,8.840856153604028
13:13:04,2172,8.840856153604028
13:13:05,2172,8.840856153604028
13:13:06,2172,8.840856153604028
13:13:07,2173,8.840856153604028
13:13:08,2173,8.840856153604028
13:13:09,2173,8.842417807141734
13:13:10,2174,8.842417807141734
13:13:11,2176,8.842417807141734
13:13:12,2176,8.844001572327045
13:13:13,2177,8.844001572327045
13:13:14,2177,8.844001572327045
13:13:15,2177,8.844001572327045
13:13:16,2178,8.843367908219394
13:13:17,2179,8.843367908219394
13:13:18,2179,8.840056550424128
13:13:19,2179,8.840056550424128
13:13:20,2179,8.83860103626943
13:13:21,2179,8.83860103626943
13:13:22,2181,8.83860103626943
13:13:23,2182,8.83860103626943
13:13:24,2182,8.83860103626943
13:13:25,2183,8.83860103626943
13:13:26,2183,8.83860103626943
13:13:27,2185,8.83860103626943
13:13:28,2186,8.839932517263026
13:13:29,2186,8.839932517263026
13:13:30,2187,8.840666666666667
13:13:31,2188,8.840666666666667
13:13:32,2188,8.840666666666667
13:13:33,2188,8.840666666666667
13:13:34,2188,8.840666666666667
13:13:35,2191,8.840666666666667
13:13:36,2191,8.83977735967388
13:13:37,2191,8.83977735967388
13:13:38,2192,8.83977735967388
13:13:39,2193,8.838450086193387
13:13:40,2193,8.838450086193387
13:13:41,2193,8.838450086193387
13:13:42,2193,8.838450086193387
13:13:43,2194,8.83937186716792
13:13:44,2195,8.83937186716792
13:13:45,2195,8.83937186716792
13:13:46,2195,8.83937186716792
13:13:47,2196,8.838046031000468
13:13:48,2196,8.838046031000468
13:13:49,2197,8.83549295774648
13:13:50,2197,8.83549295774648
13:13:51,2197,8.83549295774648
13:13:52,2198,8.83549295774648
13:13:53,2198,8.83549295774648
13:13:54,2199,8.833192554356327
13:13:55,2199,8.833192554356327
13:13:56,2199,8.833192554356327
13:13:57,2199,8.833192554356327
13:13:58,2200,8.833192554356327
13:13:59,2200,8.833192554356327
13:14:00,2201,8.833192554356327
13:14:01,2202,8.833192554356327
13:14:02,2202,8.83409161976235
13:14:03,2202,8.83497421472105
13:14:04,2202,8.83497421472105
13:14:05,2203,8.834559512652296
13:14:06,2203,8.834559512652296
13:14:07,2203,8.834559512652296
13:14:08,2203,8.832224824355972
13:14:09,2204,8.832224824355972
13:14:10,2204,8.832224824355972
13:14:11,2204,8.832224824355972
13:14:12,2204,8.832224824355972
13:14:13,2204,8.830235642946317
13:14:14,2204,8.830235642946317
13:14:15,2204,8.830235642946317
13:14:16,2205,8.830235642946317
13:14:17,2205,8.830235642946317
13:14:18,2205,8.830235642946317
13:14:19,2205,8.82746061456871
13:14:20,2205,8.828048019956347
13:14:21,2205,8.828048019956347
13:14:22,2205,8.828048019956347
13:14:23,2205,8.828048019956347
13:14:24,2206,8.828048019956347
13:14:25,2207,8.827364812217548
13:14:26,2207,8.827364812217548
13:14:27,2207,8.827364812217548
13:14:28,2207,8.827364812217548
13:14:29,2208,8.827364812217548
13:14:30,2208,8.827364812217548
13:14:31,2208,8.827364812217548
13:14:32,2208,8.827364812217548
13:14:33,2208,8.827364812217548
13:14:34,2208,8.827364812217548
13:14:35,2208,8.827364812217548
13:14:36,2209,8.827364812217548
13:14:37,2209,8.825630841121495
13:14:38,2209,8.825790129223105
13:14:39,2209,8.825790129223105
13:14:40,2209,8.825583566760036
13:14:41,2209,8.825583566760036
13:14:42,2209,8.825583566760036
13:14:43,2209,8.825583566760036
13:14:44,2209,8.825583566760036
13:14:45,2209,8.824148390107327
13:14:46,2209,8.824148390107327
13:14:47,2209,8.822395833333333
13:14:48,2209,8.822395833333333
13:14:49,2209,8.822395833333333
13:14:50,2209,8.822395833333333
13:14:51,2209,8.823341103341104
13:14:52,2210,8.823341103341104
13:14:53,2210,8.823341103341104
13:14:54,2210,8.820945945945946
13:14:55,2211,8.820945945945946
13:14:56,2212,8.820945945945946
13:14:57,2212,8.820945945945946
13:14:58,2212,8.820945945945946
13:14:59,2214,8.820945945945946
13:15:00,2215,8.820945945945946
13:15:01,2215,8.820945945945946
13:15:02,2216,8.820945945945946
13:15:03,2218,8.820945945945946
13:15:04,2218,8.820945945945946
13:15:05,2218,8.820945945945946
13:15:06,2218,8.820945945945946
13:15:07,2218,8.822403353516535
13:15:08,2218,8.822403353516535
13:15:09,2218,8.822403353516535
13:15:10,2220,8.822403353516535
13:15:11,2220,8.822403353516535
13:15:12,2220,8.822403353516535
13:15:13,2220,8.822403353516535
13:15:14,2220,8.822403353516535
13:15:15,2221,8.819258224705152
13:15:16,2221,8.819258224705152
13:15:17,2221,8.819258224705152
13:15:18,2222,8.819258224705152
13:15:19,2222,8.819258224705152
13:15:20,2222,8.814658914728682
13:15:21,2222,8.814658914728682
13:15:22,2222,8.814658914728682
13:15:23,2223,8.812234619556795
13:15:24,2223,8.812234619556795
13:15:25,2223,8.812234619556795
13:15:26,2225,8.810207558859975
13:15:27,2225,8.810207558859975
13:15:28,2225,8.80999380709088
13:15:29,2225,8.809579077684928
13:15:30,2227,8.806589327146172
13:15:31,2227,8.806589327146172
13:15:32,2227,8.806589327146172
13:15:33,2227,8.803996598639456
13:15:34,2228,8.803996598639456
13:15:35,2228,8.803996598639456
13:15:36,2228,8.803996598639456
13:15:37,2229,8.803996598639456
13:15:38,2229,8.803996598639456
13:15:39,2229,8.803996598639456
13:15:40,2230,8.803996598639456
13:15:41,2230,8.804860145263484
13:15:42,2230,8.804860145263484
13:15:43,2231,8.804860145263484
13:15:44,2231,8.804860145263484
13:15:45,2231,8.804860145263484
13:15:46,2232,8.804860145263484
13:15:47,2232,8.804860145263484
13:15:48,2232,8.804860145263484
13:15:49,2233,8.804860145263484
13:15:50,2233,8.801984862527032
13:15:51,2234,8.801984862527032
13:15:52,2234,8.801984862527032
13:15:53,2234,8.801984862527032
13:15:54,2235,8.801984862527032
13:15:55,2235,8.801984862527032
13:15:56,2235,8.801984862527032
13:15:57,2237,8.803504708970202
13:15:58,2237,8.803504708970202
13:15:59,2237,8.801172839506172
13:16:00,2237,8.801172839506172
13:16:01,2237,8.801172839506172
13:16:02,2237,8.801172839506172
13:16:03,2237,8.801172839506172
13:16:04,2237,8.801172839506172
13:16:05,2237,8.798434366805491
13:16:06,2237,8.798434366805491
13:16:07,2237,8.798434366805491
13:16:08,2237,8.798434366805491
13:16:09,2237,8.797332716620414
13:16:10,2237,8.797332716620414
13:16:11,2237,8.797332716620414
13:16:12,2237,8.794729542302358
13:16:13,2238,8.794729542302358
13:16:14,2238,8.794729542302358
13:16:15,2238,8.794729542302358
13:16:16,2238,8.794729542302358
13:16:17,2238,8.794708872458411
13:16:18,2238,8.794708872458411
13:16:19,2238,8.792001539645883
13:16:20,2238,8.792001539645883
13:16:21,2238,8.792001539645883
13:16:22,2238,8.792001539645883
13:16:23,2238,8.792001539645883
13:16:24,2238,8.792001539645883
13:16:25,2239,8.789804555247768
13:16:26,2239,8.789804555247768
13:16:27,2239,8.789804555247768
13:16:28,2239,8.789804555247768
13:16:29,2239,8.789804555247768
13:16:30,2239,8.78584717097171
13:16:31,2239,8.78584717097171
13:16:32,2240,8.783125864453666
13:16:33,2240,8.783125864453666
13:16:34,2240,8.783125864453666
13:16:35,2240,8.783125864453666
13:16:36,2240,8.783125864453666
13:16:37,2240,8.783125864453666
13:16:38,2240,8.783125864453666
13:16:39,2240,8.783125864453666
13:16:40,2240,8.783125864453666
13:16:41,2240,8.783125864453666
13:16:42,2240,8.783125864453666
13:16:43,2240,8.783125864453666
13:16:44,2240,8.781758832565284
13:16:45,2240,8.781758832565284
13:16:46,2240,8.78199754337479
13:16:47,2240,8.77938919582566
13:16:48,2240,8.777174413253567
13:16:49,2240,8.777174413253567
13:16:50,2241,8.777174413253567
13:16:51,2241,8.777174413253567
13:16:52,2242,8.777174413253567
13:16:53,2243,8.772367816091954
13:16:54,2243,8.772367816091954
13:16:55,2243,8.769860600490196
13:16:56,2243,8.76730209768795
13:16:57,2243,8.76730209768795
13:16:58,2243,8.76730209768795
13:16:59,2243,8.76730209768795
13:17:00,2244,8.76730209768795
13:17:01,2244,8.76730209768795
13:17:02,2244,8.765465258647078
13:17:03,2244,8.765465258647078
13:17:04,2244,8.765465258647078
13:17:05,2245,8.765465258647078
13:17:06,2245,8.765465258647078
13:17:07,2245,8.764639743001377
13:17:08,2246,8.764639743001377
13:17:09,2246,8.764639743001377
13:17:10,2247,8.764639743001377
13:17:11,2247,8.764639743001377
13:17:12,2247,8.764639743001377
13:17:13,2247,8.764639743001377
13:17:14,2248,8.764639743001377
13:17:15,2249,8.762392966360856
13:17:16,2249,8.762392966360856
13:17:17,2249,8.762392966360856
13:17:18,2250,8.762392966360856
13:17:19,2250,8.762392966360856
13:17:20,2250,8.761577258138468
13:17:21,2251,8.761577258138468
13:17:22,2251,8.761577258138468
13:17:23,2252,8.7598151542927
13:17:24,2252,8.7598151542927
13:17:25,2253,8.757627118644068
13:17:26,2254,8.757627118644068
13:17:27,2254,8.754998473748474
13:17:28,2254,8.754998473748474
13:17:29,2254,8.754998473748474
13:17:30,2254,8.754998473748474
13:17:31,2254,8.754998473748474
13:17:32,2255,8.754998473748474
13:17:33,2255,8.754998473748474
13:17:34,2255,8.754998473748474
13:17:35,2256,8.754998473748474
13:17:36,2256,8.754998473748474
13:17:37,2256,8.754998473748474
13:17:38,2256,8.752898550724638
13:17:39,2256,8.752898550724638
13:17:40,2256,8.752898550724638
13:17:41,2257,8.752898550724638
13:17:42,2257,8.752898550724638
13:17:43,2257,8.750648063433973
13:17:44,2258,8.750648063433973
13:17:45,2258,8.748399634202103
13:17:46,2258,8.748399634202103
13:17:47,2258,8.746122790981108
13:17:48,2258,8.746122790981108
13:17:49,2258,8.746122790981108
13:17:50,2258,8.746122790981108
13:17:51,2258,8.744205877874219
13:17:52,2258,8.744205877874219
13:17:53,2258,8.744205877874219
13:17:54,2258,8.744205877874219
13:17:55,2258,8.744205877874219
13:17:56,2258,8.741529680365296
13:17:57,2258,8.741529680365296
13:17:58,2258,8.741529680365296
13:17:59,2258,8.738612505705158
13:18:00,2258,8.738612505705158
13:18:01,2258,8.73790298053528
13:18:02,2258,8.73790298053528
13:18:03,2258,8.73790298053528
13:18:04,2258,8.73790298053528
13:18:05,2258,8.73790298053528
13:18:06,2259,8.735560115519075
13:18:07,2259,8.735560115519075
13:18:08,2259,8.735560115519075
13:18:09,2259,8.734214524460649
13:18:10,2259,8.734214524460649
13:18:11,2259,8.734214524460649
13:18:12,2259,8.732361427486714
13:18:13,2259,8.732361427486714
13:18:14,2260,8.732361427486714
13:18:15,2260,8.730502428658166
13:18:16,2260,8.730502428658166
13:18:17,2260,8.728197542102867
13:18:18,2260,8.728197542102867
13:18:19,2261,8.728197542102867
13:18:20,2261,8.728197542102867
13:18:21,2262,8.728197542102867
13:18:22,2262,8.728197542102867
13:18:23,2262,8.728197542102867
13:18:24,2263,8.72650136487716
13:18:25,2263,8.72650136487716
13:18:26,2263,8.72650136487716
13:18:27,2263,8.72650136487716
13:18:28,2263,8.723844171593148
13:18:29,2264,8.723844171593148
13:18:30,2264,8.723844171593148
13:18:31,2264,8.723844171593148
13:18:32,2265,8.723844171593148
13:18:33,2265,8.723844171593148
13:18:34,2265,8.721878787878788
13:18:35,2265,8.721878787878788
13:18:36,2265,8.721878787878788
13:18:37,2265,8.721878787878788
13:18:38,2265,8.721878787878788
13:18:39,2267,8.721878787878788
13:18:40,2268,8.721878787878788
13:18:41,2268,8.721878787878788
13:18:42,2268,8.720286233530214
13:18:43,2269,8.720286233530214
13:18:44,2269,8.720286233530214
13:18:45,2270,8.720286233530214
13:18:46,2270,8.718059339993944
13:18:47,2270,8.718059339993944
13:18:48,2270,8.718059339993944
13:18:49,2272,8.718059339993944
13:18:50,2272,8.71737025268573
13:18:51,2272,8.71737025268573
13:18:52,2272,8.71737025268573
13:18:53,2273,8.71737025268573
13:18:54,2273,8.71737025268573
13:18:55,2273,8.715222323049002
13:18:56,2274,8.715222323049002
13:18:57,2274,8.7127059712774
13:18:58,2274,8.7127059712774
13:18:59,2275,8.7127059712774
13:19:00,2275,8.7127059712774
13:19:01,2275,8.711106074342702
13:19:02,2275,8.711106074342702
13:19:03,2276,8.708684488747924
13:19:04,2276,8.707019927536232
13:19:05,2276,8.707019927536232
13:19:06,2278,8.707019927536232
13:19:07,2278,8.707019927536232
13:19:08,2278,8.704941904330768
13:19:09,2279,8.704941904330768
13:19:10,2280,8.704941904330768
13:19:11,2280,8.704941904330768
13:19:12,2280,8.704941904330768
13:19:13,2280,8.704941904330768
13:19:14,2280,8.704941904330768
13:19:15,2280,8.701953242835597
13:19:16,2280,8.701953242835597
13:19:17,2280,8.701953242835597
13:19:18,2280,8.701953242835597
13:19:19,2280,8.701953242835597
13:19:20,2280,8.701953242835597
13:19:21,2280,8.700444745967134
13:19:22,2280,8.700444745967134
13:19:23,2280,8.698462929475589
13:19:24,2280,8.698462929475589
13:19:25,2281,8.698462929475589
13:19:26,2282,8.694173441734417
13:19:27,2282,8.694173441734417
13:19:28,2282,8.694173441734417
13:19:29,2283,8.690305354993983
13:19:30,2283,8.690305354993983
13:19:31,2283,8.690305354993983
13:19:32,2284,8.690305354993983
13:19:33,2284,8.690305354993983
13:19:34,2284,8.690305354993983
13:19:35,2284,8.690305354993983
13:19:36,2285,8.690305354993983
13:19:37,2285,8.690305354993983
13:19:38,2286,8.690305354993983
13:19:39,2286,8.689618102540972
13:19:40,2286,8.687804328223624
13:19:41,2286,8.687804328223624
13:19:42,2286,8.687804328223624
13:19:43,2286,8.687804328223624
13:19:44,2286,8.687804328223624
13:19:45,2286,8.684933153071954
13:19:46,2286,8.682837837837837
13:19:47,2286,8.681644904697583
13:19:48,2286,8.681644904697583
13:19:49,2286,8.681644904697583
13:19:50,2286,8.681644904697583
13:19:51,2286,8.67968796879688
13:19:52,2286,8.67968796879688
13:19:53,2286,8.67968796879688
13:19:54,2287,8.67968796879688
13:19:55,2288,8.67968796879688
13:19:56,2288,8.67968796879688
13:19:57,2288,8.67968796879688
13:19:58,2288,8.67968796879688
13:19:59,2289,8.677995201679412
13:20:00,2289,8.677995201679412
13:20:01,2289,8.677995201679412
13:20:02,2289,8.677995201679412
13:20:03,2289,8.677995201679412
13:20:04,2289,8.677995201679412
13:20:05,2289,8.677995201679412
13:20:06,2290,8.676925959232614
13:20:07,2291,8.676925959232614
13:20:08,2291,8.674943820224719
13:20:09,2291,8.674943820224719
13:20:10,2291,8.674943820224719
13:20:11,2291,8.673779574722971
13:20:12,2291,8.671052237688968
13:20:13,2291,8.671052237688968
13:20:14,2291,8.669307301017353
13:20:15,2291,8.669307301017353
13:20:16,2291,8.669307301017353
13:20:17,2292,8.666935845670704
13:20:18,2292,8.666935845670704
13:20:19,2292,8.666935845670704
13:20:20,2292,8.666935845670704
13:20:21,2292,8.666935845670704
13:20:22,2293,8.665276532137518
13:20:23,2293,8.665276532137518
13:20:24,2293,8.664134170028387
13:20:25,2295,8.664134170028387
13:20:26,2295,8.664134170028387
13:20:27,2296,8.664134170028387
13:20:28,2296,8.664134170028387
13:20:29,2297,8.663373655913977
13:20:30,2297,8.663373655913977
13:20:31,2298,8.663373655913977
13:20:32,2299,8.663373655913977
13:20:33,2300,8.663373655913977
13:20:34,2300,8.663373655913977
13:20:35,2301,8.66156142707867
13:20:36,2301,8.66156142707867
13:20:37,2301,8.66156142707867
13:20:38,2301,8.66156142707867
13:20:39,2304,8.66156142707867
13:20:40,2304,8.66156142707867
13:20:41,2304,8.65940017905103
13:20:42,2305,8.65940017905103
13:20:43,2307,8.65940017905103
13:20:44,2307,8.65744966442953
13:20:45,2308,8.65744966442953
13:20:46,2308,8.654628801431127
13:20:47,2309,8.654628801431127
13:20:48,2310,8.654628801431127
13:20:49,2310,8.653360154969453
13:20:50,2311,8.650595770032767
13:20:51,2312,8.650595770032767
13:20:52,2312,8.650595770032767
13:20:53,2312,8.650595770032767
13:20:54,2314,8.647655203215722
13:20:55,2314,8.647655203215722
13:20:56,2315,8.647655203215722
13:20:57,2316,8.647655203215722
13:20:58,2316,8.647655203215722
13:20:59,2317,8.645394345238095
13:21:00,2318,8.645394345238095
13:21:01,2318,8.644020526550646
13:21:02,2318,8.644020526550646
13:21:03,2320,8.644020526550646
13:21:04,2321,8.642439785905442
13:21:05,2321,8.642439785905442
13:21:06,2323,8.642439785905442
13:21:07,2323,8.642439785905442
13:21:08,2323,8.640184277009956
13:21:09,2325,8.640184277009956
13:21:10,2325,8.640184277009956
13:21:11,2326,8.637254901960784
13:21:12,2328,8.637254901960784
13:21:13,2328,8.637254901960784
13:21:14,2328,8.637254901960784
13:21:15,2329,8.637254901960784
13:21:16,2330,8.635189309576838
13:21:17,2330,8.635189309576838
13:21:18,2331,8.635189309576838
13:21:19,2333,8.635189309576838
13:21:20,2333,8.635189309576838
13:21:21,2333,8.635189309576838
13:21:22,2335,8.635189309576838
13:21:23,2336,8.635189309576838
13:21:24,2337,8.635189309576838
13:21:25,2337,8.635189309576838
13:21:26,2338,8.63365983971505
13:21:27,2338,8.631849873905947
13:21:28,2338,8.63080516014235
13:21:29,2338,8.63080516014235
13:21:30,2340,8.63080516014235
13:21:31,2340,8.63080516014235
13:21:32,2340,8.628294056617756
13:21:33,2340,8.625733333333333
13:21:34,2340,8.623189693469568
13:21:35,2340,8.623189693469568
13:21:36,2340,8.622150680876258
13:21:37,2341,8.622150680876258
13:21:38,2343,8.622150680876258
13:21:39,2343,8.622150680876258
13:21:40,2343,8.622150680876258
13:21:41,2343,8.622150680876258
13:21:42,2343,8.622150680876258
13:21:43,2343,8.622150680876258
13:21:44,2344,8.62009172954579
13:21:45,2344,8.62009172954579
13:21:46,2344,8.62009172954579
13:21:47,2344,8.62009172954579
13:21:48,2345,8.62009172954579
13:21:49,2346,8.617620526471457
13:21:50,2346,8.617620526471457
13:21:51,2346,8.616607538802661
13:21:52,2346,8.616607538802661
13:21:53,2347,8.614790189125296
13:21:54,2347,8.614790189125296
13:21:55,2348,8.614790189125296
13:21:56,2349,8.614790189125296
13:21:57,2350,8.614790189125296
13:21:58,2351,8.614790189125296
13:21:59,2351,8.613173829567272
13:22:00,2351,8.613173829567272
13:22:01,2351,8.613173829567272
13:22:02,2351,8.613173829567272
13:22:03,2351,8.613173829567272
13:22:04,2351,8.613173829567272
13:22:05,2351,8.613173829567272
13:22:06,2351,8.613173829567272
13:22:07,2351,8.610761736049602
13:22:08,2351,8.60908218975948
13:22:09,2351,8.60908218975948
13:22:10,2351,8.60908218975948
13:22:11,2351,8.60908218975948
13:22:12,2351,8.60908218975948
13:22:13,2351,8.60908218975948
13:22:14,2352,8.60908218975948
13:22:15,2353,8.60908218975948
13:22:16,2353,8.60908218975948
13:22:17,2353,8.60908218975948
13:22:18,2353,8.607536873156342
13:22:19,2354,8.607536873156342
13:22:20,2354,8.607536873156342
13:22:21,2354,8.607536873156342
13:22:22,2354,8.607536873156342
13:22:23,2354,8.607536873156342
13:22:24,2354,8.607536873156342
13:22:25,2354,8.606604747162022
13:22:26,2354,8.606604747162022
13:22:27,2354,8.606604747162022
13:22:28,2354,8.606604747162022
13:22:29,2354,8.606604747162022
13:22:30,2354,8.606604747162022
13:22:31,2354,8.604067197170647
13:22:32,2354,8.604067197170647
13:22:33,2354,8.603520400648108
13:22:34,2355,8.603520400648108
13:22:35,2356,8.603520400648108
13:22:36,2356,8.603520400648108
13:22:37,2356,8.603520400648108
13:22:38,2356,8.601295641931683
13:22:39,2357,8.601295641931683
13:22:40,2357,8.601295641931683
13:22:41,2357,8.599455481972038
13:22:42,2357,8.599455481972038
13:22:43,2357,8.599455481972038
13:22:44,2357,8.599455481972038
13:22:45,2357,8.599455481972038
13:22:46,2357,8.596829949985288
13:22:47,2357,8.596829949985288
13:22:48,2357,8.595552124687545
13:22:49,2357,8.595552124687545
13:22:50,2357,8.595552124687545
13:22:51,2357,8.594143151087595
13:22:52,2357,8.593455266637285
13:22:53,2357,8.591424375917768
13:22:54,2358,8.591424375917768
13:22:55,2358,8.591424375917768
13:22:56,2358,8.591424375917768
13:22:57,2358,8.589299867899603
13:22:58,2358,8.589299867899603
13:22:59,2358,8.587199237089202
13:23:00,2358,8.587199237089202
13:23:01,2358,8.584455198709488
13:23:02,2358,8.584455198709488
13:23:03,2358,8.584455198709488
13:23:04,2359,8.584455198709488
13:23:05,2359,8.584455198709488
13:23:06,2359,8.584455198709488
13:23:07,2361,8.584455198709488
13:23:08,2361,8.584455198709488
13:23:09,2361,8.584455198709488
13:23:10,2363,8.583282028730578
13:23:11,2363,8.583282028730578
13:23:12,2363,8.583282028730578
13:23:13,2364,8.583282028730578
13:23:14,2365,8.583282028730578
13:23:15,2365,8.583282028730578
13:23:16,2365,8.581531135531135
13:23:17,2366,8.578888400702988
13:23:18,2366,8.578888400702988
13:23:19,2366,8.578888400702988
13:23:20,2366,8.578888400702988
13:23:21,2366,8.578888400702988
13:23:22,2366,8.578888400702988
13:23:23,2366,8.578888400702988
13:23:24,2366,8.578888400702988
13:23:25,2366,8.578888400702988
13:23:26,2366,8.578888400702988
13:23:27,2366,8.578888400702988
13:23:28,2366,8.576862831210658
13:23:29,2366,8.576862831210658
13:23:30,2367,8.574465905765292
13:23:31,2367,8.574465905765292
13:23:32,2367,8.574465905765292
13:23:33,2367,8.574465905765292
13:23:34,2368,8.574465905765292
13:23:35,2368,8.574465905765292
13:23:36,2368,8.569890350877193
13:23:37,2368,8.569890350877193
13:23:38,2369,8.569890350877193
13:23:39,2369,8.568464123922258
13:23:40,2369,8.565965527315221
13:23:41,2369,8.564834282376989
13:23:42,2369,8.563528896672503
13:23:43,2370,8.563528896672503
13:23:44,2370,8.563528896672503
13:23:45,2370,8.563528896672503
13:23:46,2371,8.563528896672503
13:23:47,2371,8.561305616338439
13:23:48,2372,8.561305616338439
13:23:49,2372,8.561305616338439
13:23:50,2373,8.561305616338439
13:23:51,2373,8.559011373578302
13:23:52,2373,8.559011373578302
13:23:53,2373,8.559011373578302
13:23:54,2374,8.559011373578302
13:23:55,2374,8.559011373578302
13:23:56,2374,8.55661711120828
13:23:57,2375,8.55661711120828
13:23:58,2375,8.55661711120828
13:23:59,2376,8.55661711120828
13:24:00,2376,8.554873251748253
13:24:01,2377,8.553545944371631
13:24:02,2377,8.553545944371631
13:24:03,2377,8.553545944371631
13:24:04,2378,8.553545944371631
13:24:05,2378,8.549185217517824
13:24:06,2378,8.549185217517824
13:24:07,2379,8.549185217517824
13:24:08,2380,8.549185217517824
13:24:09,2380,8.549185217517824
13:24:10,2381,8.549185217517824
13:24:11,2382,8.549185217517824
13:24:12,2382,8.549185217517824
13:24:13,2382,8.549185217517824
13:24:14,2382,8.546924083769634
13:24:15,2382,8.546924083769634
13:24:16,2382,8.5446213112371
13:24:17,2383,8.5446213112371
13:24:18,2383,8.5446213112371
13:24:19,2384,8.542378668991573
13:24:20,2384,8.542378668991573
13:24:21,2385,8.542378668991573
13:24:22,2385,8.542378668991573
13:24:23,2385,8.542378668991573
13:24:24,2385,8.542378668991573
13:24:25,2385,8.542378668991573
13:24:26,2386,8.542378668991573
13:24:27,2387,8.542378668991573
13:24:28,2387,8.541111111111112
13:24:29,2387,8.541111111111112
13:24:30,2389,8.539902729384437
13:24:31,2389,8.539902729384437
13:24:32,2389,8.539902729384437
13:24:33,2390,8.539902729384437
13:24:34,2390,8.539902729384437
13:24:35,2390,8.539902729384437
13:24:36,2390,8.539902729384437
13:24:37,2391,8.539902729384437
13:24:38,2391,8.539902729384437
13:24:39,2392,8.539902729384437
13:24:40,2393,8.535545401798664
13:24:41,2393,8.535545401798664
13:24:42,2393,8.533877047991881
13:24:43,2394,8.533877047991881
13:24:44,2395,8.533877047991881
13:24:45,2395,8.533877047991881
13:24:46,2395,8.533877047991881
13:24:47,2396,8.533877047991881
13:24:48,2398,8.533877047991881
13:24:49,2398,8.531797101449275
13:24:50,2398,8.531797101449275
13:24:51,2399,8.527888792354474
13:24:52,2400,8.527888792354474
13:24:53,2400,8.526689824866116
13:24:54,2400,8.526689824866116
13:24:55,2401,8.524934895833333
13:24:56,2401,8.524934895833333
13:24:57,2401,8.524934895833333
13:24:58,2402,8.524934895833333
13:24:59,2402,8.524934895833333
13:25:00,2403,8.524934895833333
13:25:01,2403,8.524934895833333
13:25:02,2403,8.524934895833333
13:25:03,2403,8.524934895833333
13:25:04,2403,8.524934895833333
13:25:05,2404,8.524934895833333
13:25:06,2404,8.524934895833333
13:25:07,2404,8.524934895833333
13:25:08,2404,8.524934895833333
13:25:09,2404,8.523073029645698
13:25:10,2404,8.523073029645698
13:25:11,2404,8.523073029645698
13:25:12,2404,8.523073029645698
13:25:13,2404,8.523073029645698
13:25:14,2404,8.521407921364556
13:25:15,2405,8.521407921364556
13:25:16,2405,8.521407921364556
13:25:17,2405,8.521407921364556
13:25:18,2406,8.521407921364556
13:25:19,2406,8.5201849443722
13:25:20,2406,8.5201849443722
13:25:21,2406,8.518233679953784
13:25:22,2406,8.517301862278043
13:25:23,2406,8.517301862278043
13:25:24,2407,8.515894660894661
13:25:25,2407,8.515894660894661
13:25:26,2407,8.515894660894661
13:25:27,2407,8.515894660894661
13:25:28,2407,8.515894660894661
13:25:29,2407,8.515894660894661
13:25:30,2407,8.515894660894661
13:25:31,2407,8.515894660894661
13:25:32,2407,8.515894660894661
13:25:33,2407,8.515894660894661
13:25:34,2407,8.515894660894661
13:25:35,2407,8.515894660894661
13:25:36,2407,8.515894660894661
13:25:37,2409,8.513666522428963
13:25:38,2409,8.511807958477508
13:25:39,2410,8.511807958477508
13:25:40,2410,8.510815679492723
13:25:41,2411,8.509176029962548
13:25:42,2411,8.5072498200144
13:25:43,2412,8.5072498200144
13:25:44,2412,8.505735463442717
13:25:45,2412,8.505735463442717
13:25:46,2413,8.505735463442717
13:25:47,2413,8.504272766508416
13:25:48,2414,8.504272766508416
13:25:49,2414,8.504272766508416
13:25:50,2414,8.504272766508416
13:25:51,2414,8.504272766508416
13:25:52,2414,8.504272766508416
13:25:53,2414,8.504272766508416
13:25:54,2414,8.504272766508416
13:25:55,2414,8.504272766508416
13:25:56,2414,8.504272766508416
13:25:57,2414,8.504272766508416
13:25:58,2414,8.502343974690826
13:25:59,2414,8.500927123760242
13:26:00,2415,8.500927123760242
13:26:01,2415,8.500927123760242
13:26:02,2415,8.500927123760242
13:26:03,2415,8.500927123760242
13:26:04,2415,8.500927123760242
13:26:05,2416,8.500927123760242
13:26:06,2416,8.499367816091954
13:26:07,2416,8.499367816091954
13:26:08,2417,8.498089903777107
13:26:09,2417,8.498089903777107
13:26:10,2417,8.498089903777107
13:26:11,2417,8.494906012340364
13:26:12,2418,8.492771084337349
13:26:13,2418,8.492771084337349
13:26:14,2418,8.491318996415771
13:26:15,2418,8.489237603897966
13:26:16,2419,8.489237603897966
13:26:17,2419,8.489237603897966
13:26:18,2419,8.489237603897966
13:26:19,2420,8.489237603897966
13:26:20,2420,8.489237603897966
13:26:21,2420,8.489237603897966
13:26:22,2420,8.489237603897966
13:26:23,2421,8.489237603897966
13:26:24,2421,8.489237603897966
13:26:25,2421,8.487745308695029
13:26:26,2422,8.487745308695029
13:26:27,2422,8.487745308695029
13:26:28,2422,8.487745308695029
13:26:29,2422,8.487745308695029
13:26:30,2422,8.485716330327751
13:26:31,2422,8.485716330327751
13:26:32,2422,8.485716330327751
13:26:33,2423,8.485716330327751
13:26:34,2424,8.485716330327751
13:26:35,2424,8.485716330327751
13:26:36,2424,8.485716330327751
13:26:37,2424,8.485716330327751
13:26:38,2424,8.485716330327751
13:26:39,2424,8.484577968526466
13:26:40,2424,8.484577968526466
13:26:41,2424,8.484577968526466
13:26:42,2424,8.484577968526466
13:26:43,2424,8.484577968526466
13:26:44,2424,8.484577968526466
13:26:45,2424,8.482489632489633
13:26:46,2424,8.482489632489633
13:26:47,2424,8.482489632489633
13:26:48,2424,8.48130360205832
13:26:49,2424,8.48130360205832
13:26:50,2425,8.48130360205832
13:26:51,2425,8.48130360205832
13:26:52,2425,8.48130360205832
13:26:53,2425,8.48130360205832
13:26:54,2425,8.48130360205832
13:26:55,2425,8.48130360205832
13:26:56,2425,8.48020431490213
13:26:57,2425,8.48020431490213
13:26:58,2425,8.479241645244217
13:26:59,2425,8.479241645244217
13:27:00,2425,8.479241645244217
13:27:01,2426,8.47802284082798
13:27:02,2426,8.47802284082798
13:27:03,2426,8.47802284082798
13:27:04,2426,8.47802284082798
13:27:05,2427,8.47802284082798
13:27:06,2427,8.47802284082798
13:27:07,2427,8.47802284082798
13:27:08,2427,8.47802284082798
13:27:09,2428,8.476805079908676
13:27:10,2428,8.476805079908676
13:27:11,2428,8.476805079908676
13:27:12,2429,8.476805079908676
13:27:13,2429,8.476805079908676
13:27:14,2429,8.474836042201312
13:27:15,2430,8.474836042201312
13:27:16,2430,8.473770842240274
13:27:17,2430,8.473770842240274
13:27:18,2430,8.473770842240274
13:27:19,2431,8.473770842240274
13:27:20,2431,8.471923076923078
13:27:21,2431,8.471258721344155
13:27:22,2431,8.471258721344155
13:27:23,2431,8.468117797695262
13:27:24,2431,8.468117797695262
13:27:25,2431,8.468117797695262
13:27:26,2431,8.468117797695262
13:27:27,2431,8.468117797695262
13:27:28,2432,8.468117797695262
13:27:29,2432,8.468117797695262
13:27:30,2432,8.468117797695262
13:27:31,2432,8.468117797695262
13:27:32,2432,8.468117797695262
13:27:33,2433,8.468117797695262
13:27:34,2433,8.468117797695262
13:27:35,2434,8.468117797695262
13:27:36,2434,8.468117797695262
13:27:37,2434,8.467214163822526
13:27:38,2435,8.467214163822526
13:27:39,2435,8.467214163822526
13:27:40,2435,8.467214163822526
13:27:41,2435,8.467214163822526
13:27:42,2436,8.466389481165601
13:27:43,2436,8.466389481165601
13:27:44,2436,8.466389481165601
13:27:45,2436,8.466389481165601
13:27:46,2436,8.466389481165601
13:27:47,2436,8.465529980107984
13:27:48,2436,8.465529980107984
13:27:49,2436,8.465529980107984
13:27:50,2436,8.465529980107984
13:27:51,2436,8.464486578610993
13:27:52,2436,8.464486578610993
13:27:53,2436,8.463465360590574
13:27:54,2436,8.463465360590574
13:27:55,2436,8.463465360590574
13:27:56,2436,8.463465360590574
13:27:57,2436,8.463465360590574
13:27:58,2436,8.463465360590574
13:27:59,2436,8.463465360590574
13:28:00,2436,8.463465360590574
13:28:01,2436,8.461203348942812
13:28:02,2436,8.461203348942812
13:28:03,2436,8.46018439716312
13:28:04,2436,8.46018439716312
13:28:05,2437,8.46018439716312
13:28:06,2437,8.459386076846732
13:28:07,2437,8.459386076846732
13:28:08,2437,8.459386076846732
13:28:09,2437,8.459386076846732
13:28:10,2437,8.458425453514739
13:28:11,2437,8.458425453514739
13:28:12,2437,8.457621476129763
13:28:13,2437,8.457621476129763
13:28:14,2437,8.457621476129763
13:28:15,2437,8.457621476129763
13:28:16,2438,8.456733220050976
13:28:17,2438,8.456733220050976
13:28:18,2439,8.456733220050976
13:28:19,2439,8.456220806794056
13:28:20,2439,8.456220806794056
13:28:21,2440,8.456220806794056
13:28:22,2440,8.456220806794056
13:28:23,2440,8.456220806794056
13:28:24,2440,8.456220806794056
13:28:25,2440,8.456220806794056
13:28:26,2440,8.456220806794056
13:28:27,2440,8.456220806794056
13:28:28,2440,8.456220806794056
13:28:29,2440,8.456220806794056
13:28:30,2440,8.456220806794056
13:28:31,2440,8.456220806794056
13:28:32,2440,8.456220806794056
13:28:33,2440,8.456220806794056
13:28:34,2440,8.456220806794056
13:28:35,2440,8.455284380305603
13:28:36,2440,8.452955734690992
13:28:37,2440,8.452955734690992
13:28:38,2440,8.452955734690992
13:28:39,2440,8.452297144472716
13:28:40,2440,8.45089727285573
13:28:41,2440,8.45089727285573
13:28:42,2440,8.45089727285573
13:28:43,2440,8.45089727285573
13:28:44,2440,8.450190677966102
13:28:45,2440,8.450190677966102
13:28:46,2440,8.447445667513406
13:28:47,2440,8.447445667513406
13:28:48,2440,8.447445667513406
13:28:49,2440,8.447445667513406
13:28:50,2440,8.447445667513406
13:28:51,2440,8.447445667513406
13:28:52,2440,8.445873889123995
13:28:53,2441,8.445873889123995
13:28:54,2441,8.445873889123995
13:28:55,2441,8.445873889123995
13:28:56,2441,8.445873889123995
13:28:57,2441,8.445873889123995
13:28:58,2441,8.445873889123995
13:28:59,2441,8.445873889123995
13:29:00,2441,8.445873889123995
13:29:01,2441,8.44324171952079
13:29:02,2441,8.44324171952079
13:29:03,2441,8.44324171952079
13:29:04,2441,8.442807833192449
13:29:05,2441,8.442807833192449
13:29:06,2441,8.442807833192449
13:29:07,2441,8.442807833192449
13:29:08,2441,8.442515138712857
13:29:09,2441,8.442515138712857
13:29:10,2441,8.441448479729731
13:29:11,2441,8.439137470099901
13:29:12,2441,8.439137470099901
13:29:13,2442,8.439137470099901
13:29:14,2442,8.437440225035163
13:29:15,2442,8.43618726275833
13:29:16,2442,8.43618726275833
13:29:17,2443,8.43618726275833
13:29:18,2443,8.435188308038224
13:29:19,2443,8.435188308038224
13:29:20,2444,8.435188308038224
13:29:21,2444,8.434063773001826
13:29:22,2444,8.434063773001826
13:29:23,2445,8.434063773001826
13:29:24,2445,8.433080595338389
13:29:25,2445,8.433080595338389
13:29:26,2445,8.433080595338389
13:29:27,2445,8.433080595338389
13:29:28,2445,8.433080595338389
13:29:29,2445,8.432294736842104
13:29:30,2445,8.432294736842104
13:29:31,2445,8.432294736842104
13:29:32,2445,8.431439393939394
13:29:33,2445,8.431439393939394
13:29:34,2445,8.42989763006591
13:29:35,2445,8.42989763006591
13:29:36,2445,8.42989763006591
13:29:37,2445,8.42989763006591
13:29:38,2445,8.428567423605271
13:29:39,2445,8.428567423605271
13:29:40,2445,8.428567423605271
13:29:41,2445,8.428567423605271
13:29:42,2445,8.428567423605271
13:29:43,2445,8.428567423605271
13:29:44,2445,8.428567423605271
13:29:45,2445,8.428567423605271
13:29:46,2445,8.428567423605271
13:29:47,2445,8.428567423605271
13:29:48,2445,8.428567423605271
13:29:49,2445,8.428567423605271
13:29:50,2445,8.428567423605271
13:29:51,2445,8.427287375648032
13:29:52,2445,8.427287375648032
13:29:53,2445,8.427287375648032
13:29:54,2445,8.425378151260505
13:29:55,2445,8.425378151260505
13:29:56,2445,8.425378151260505
13:29:57,2445,8.425378151260505
13:29:58,2445,8.42442251154977
13:29:59,2445,8.42442251154977
13:30:00,2445,8.423999440246291
13:30:01,2446,8.423999440246291
13:30:02,2446,8.42310812701077
13:30:03,2446,8.42310812701077
13:30:04,2446,8.42310812701077
13:30:05,2446,8.42310812701077
13:30:06,2446,8.42310812701077
13:30:07,2446,8.422077740492169
13:30:08,2446,8.422077740492169
13:30:09,2447,8.421271837875612
13:30:10,2447,8.41895780944398
13:30:11,2447,8.41767909509845
13:30:12,2448,8.41767909509845
13:30:13,2448,8.41767909509845
13:30:14,2448,8.41767909509845
13:30:15,2448,8.41767909509845
13:30:16,2449,8.41767909509845
13:30:17,2449,8.416568955890563
13:30:18,2449,8.416568955890563
13:30:19,2449,8.415724850006976
13:30:20,2449,8.415724850006976
13:30:21,2449,8.414776847977684
13:30:22,2450,8.414776847977684
13:30:23,2450,8.414776847977684
13:30:24,2450,8.414776847977684
13:30:25,2451,8.414776847977684
13:30:26,2451,8.413732050745853
13:30:27,2451,8.413732050745853
13:30:28,2451,8.41219342251951
13:30:29,2452,8.41219342251951
13:30:30,2452,8.41219342251951
13:30:31,2452,8.41219342251951
13:30:32,2452,8.41219342251951
13:30:33,2453,8.41219342251951
13:30:34,2453,8.41219342251951
13:30:35,2453,8.41219342251951
13:30:36,2453,8.41219342251951
13:30:37,2453,8.410488926034267
13:30:38,2453,8.410488926034267
13:30:39,2453,8.410488926034267
13:30:40,2453,8.410488926034267
13:30:41,2453,8.410488926034267
13:30:42,2453,8.409245335561126
13:30:43,2453,8.407988865692415
13:30:44,2453,8.407988865692415
13:30:45,2453,8.407988865692415
13:30:46,2453,8.407988865692415
13:30:47,2453,8.407988865692415
13:30:48,2453,8.40731775180857
13:30:49,2453,8.40731775180857
13:30:50,2453,8.40731775180857
13:30:51,2453,8.40731775180857
13:30:52,2453,8.40583124826244
13:30:53,2453,8.40583124826244
13:30:54,2453,8.40583124826244
13:30:55,2453,8.40583124826244
13:30:56,2453,8.40583124826244
13:30:57,2453,8.403883562595526
13:30:58,2454,8.403883562595526
13:30:59,2454,8.403883562595526
13:31:00,2454,8.403883562595526
13:31:01,2454,8.403883562595526
13:31:02,2454,8.403883562595526
13:31:03,2454,8.403883562595526
13:31:04,2454,8.403883562595526
13:31:05,2454,8.403883562595526
13:31:06,2454,8.403883562595526
13:31:07,2454,8.403883562595526
13:31:08,2454,8.403883562595526
13:31:09,2454,8.403326388888889
13:31:10,2454,8.403326388888889
13:31:11,2454,8.402582257392753
13:31:12,2454,8.402582257392753
13:31:13,2454,8.402582257392753
13:31:14,2454,8.402582257392753
13:31:15,2454,8.401915070774354
13:31:16,2455,8.39989596337911
13:31:17,2455,8.39989596337911
13:31:18,2455,8.39989596337911
13:31:19,2455,8.398447032723238
13:31:20,2455,8.398447032723238
13:31:21,2455,8.398447032723238
13:31:22,2455,8.398447032723238
13:31:23,2455,8.398447032723238
13:31:24,2455,8.398447032723238
13:31:25,2455,8.398447032723238
13:31:26,2455,8.398447032723238
13:31:27,2455,8.398447032723238
13:31:28,2455,8.398447032723238
13:31:29,2455,8.398447032723238
13:31:30,2455,8.395538930451648
13:31:31,2455,8.395538930451648
13:31:32,2455,8.395538930451648
13:31:33,2455,8.395538930451648
13:31:34,2455,8.39417670682731
13:31:35,2455,8.39417670682731
13:31:36,2455,8.39417670682731
13:31:37,2455,8.392670265780731
13:31:38,2455,8.392670265780731
13:31:39,2455,8.392670265780731
13:31:40,2455,8.392057561920575
13:31:41,2455,8.392057561920575
13:31:42,2455,8.3916459197787
13:31:43,2455,8.3916459197787
13:31:44,2455,8.3916459197787
13:31:45,2455,8.3916459197787
13:31:46,2455,8.3916459197787
13:31:47,2455,8.3916459197787
13:31:48,2455,8.3916459197787
13:31:49,2455,8.3916459197787
13:31:50,2455,8.3916459197787
13:31:51,2455,8.389388911931425
13:31:52,2455,8.389388911931425
13:31:53,2455,8.389388911931425
13:31:54,2455,8.389388911931425
13:31:55,2455,8.389388911931425
13:31:56,2455,8.388792150359315
13:31:57,2455,8.388792150359315
13:31:58,2455,8.388792150359315
13:31:59,2455,8.388237325597458
13:32:00,2455,8.387800331400166
13:32:01,2455,8.386204278812974
13:32:02,2455,8.386204278812974
13:32:03,2455,8.384257726269317
13:32:04,2455,8.384257726269317
13:32:05,2455,8.383850503378845
13:32:06,2456,8.383850503378845
13:32:07,2456,8.383850503378845
13:32:08,2456,8.383850503378845
13:32:09,2456,8.383850503378845
13:32:10,2456,8.383850503378845
13:32:11,2456,8.383850503378845
13:32:12,2456,8.383850503378845
13:32:13,2456,8.383850503378845
13:32:14,2456,8.383850503378845
13:32:15,2456,8.383850503378845
13:32:16,2456,8.383850503378845
13:32:17,2457,8.383850503378845
13:32:18,2457,8.383850503378845
13:32:19,2457,8.383850503378845
13:32:20,2457,8.383850503378845
13:32:21,2457,8.383850503378845
13:32:22,2457,8.380653162463828
13:32:23,2458,8.380653162463828
13:32:24,2457,8.383367797077474
13:32:25,2457,8.383367797077474
13:32:26,2457,8.383367797077474
13:32:27,2456,8.386057095573024
13:32:28,2456,8.386057095573024
13:32:29,2456,8.386057095573024
13:32:30,2456,8.386057095573024
13:32:31,2456,8.385525227460711
13:32:32,2456,8.385448532451425
13:32:33,2456,8.385096418732783
13:32:34,2456,8.385096418732783
13:32:35,2455,8.386274104683196
13:32:36,2454,8.388879702356345
13:32:37,2454,8.388879702356345
13:32:38,2454,8.38767217630854
13:32:39,2454,8.387078342282804
13:32:40,2454,8.387078342282804
13:32:41,2453,8.389690082644629
13:32:42,2453,8.389690082644629
13:32:43,2453,8.389690082644629
13:32:44,2453,8.389690082644629
13:32:45,2453,8.389690082644629
13:32:46,2452,8.39229709246245
13:32:47,2451,8.39240733085297
13:32:48,2451,8.39240733085297
13:32:49,2451,8.391694214876033
13:32:50,2450,8.394191814799504
13:32:51,2451,8.394191814799504
13:32:52,2450,8.396555050296266
13:32:53,2450,8.396555050296266
13:32:54,2449,8.399165977391783
13:32:55,2448,8.401571546732837
13:32:56,2448,8.401571546732837
13:32:57,2448,8.401571546732837
13:32:58,2448,8.401571546732837
13:32:59,2446,8.406588024282561
13:33:00,2446,8.406588024282561
13:33:01,2446,8.406588024282561
13:33:02,2446,8.406095710936423
13:33:03,2446,8.406095710936423
13:33:04,2446,8.406095710936423
13:33:05,2446,8.406095710936423
13:33:06,2446,8.406095710936423
13:33:07,2447,8.406095710936423
13:33:08,2447,8.406095710936423
13:33:09,2447,8.406095710936423
13:33:10,2448,8.406095710936423
13:33:11,2447,8.40755068266446
13:33:12,2447,8.40755068266446
13:33:13,2446,8.410126931567328
13:33:14,2446,8.409729692456214
13:33:15,2446,8.409729692456214
13:33:16,2447,8.409729692456214
13:33:17,2447,8.409729692456214
13:33:18,2447,8.409729692456214
13:33:19,2448,8.409729692456214
13:33:20,2448,8.409729692456214
13:33:21,2449,8.409729692456214
13:33:22,2448,8.41166046062612
13:33:23,2447,8.412232795476486
13:33:24,2447,8.412232795476486
13:33:25,2447,8.412232795476486
13:33:26,2447,8.412232795476486
13:33:27,2448,8.412232795476486
13:33:28,2448,8.412232795476486
13:33:29,2447,8.414652317880796
13:33:30,2447,8.414652317880796
13:33:31,2447,8.414652317880796
13:33:32,2447,8.414652317880796
13:33:33,2447,8.414652317880796
13:33:34,2447,8.414652317880796
13:33:35,2447,8.414460074472487
13:33:36,2446,8.416742549668875
13:33:37,2446,8.416742549668875
13:33:38,2445,8.418467163355409
13:33:39,2445,8.418467163355409
13:33:40,2445,8.418467163355409
13:33:41,2445,8.418467163355409
13:33:42,2445,8.418467163355409
13:33:43,2445,8.41544665012407
13:33:44,2444,8.417742380361329
13:33:45,2444,8.417742380361329
13:33:46,2443,8.420005518763796
13:33:47,2443,8.420005518763796
13:33:48,2443,8.420005518763796
13:33:49,2443,8.420005518763796
13:33:50,2443,8.420005518763796
13:33:51,2443,8.420005518763796
13:33:52,2443,8.420005518763796
13:33:53,2443,8.420005518763796
13:33:54,2443,8.419652461729417
13:33:55,2441,8.424223602484473
13:33:56,2442,8.424223602484473
13:33:57,2441,8.4265465341066
13:33:58,2441,8.4265465341066
13:33:59,2441,8.4265465341066
13:34:00,2441,8.424623878536922
13:34:01,2441,8.424623878536922
13:34:02,2440,8.426808892571113
13:34:03,2440,8.425314009661836
13:34:04,2440,8.425314009661836
13:34:05,2440,8.425314009661836
13:34:06,2440,8.425314009661836
13:34:07,2440,8.425314009661836
13:34:08,2441,8.425314009661836
13:34:09,2441,8.425314009661836
13:34:10,2441,8.425314009661836
13:34:11,2441,8.425314009661836
13:34:12,2440,8.42535541752933
13:34:13,2440,8.42535541752933
13:34:14,2441,8.42535541752933
13:34:15,2440,8.427478597072632
13:34:16,2440,8.427478597072632
13:34:17,2440,8.427478597072632
13:34:18,2440,8.427478597072632
13:34:19,2439,8.429679513744992
13:34:20,2439,8.429679513744992
13:34:21,2437,8.434017696668048
13:34:22,2437,8.431377833056937
13:34:23,2437,8.431377833056937
13:34:24,2436,8.433222775013821
13:34:25,2436,8.433222775013821
13:34:26,2436,8.433222775013821
13:34:27,2435,8.43526199364026
13:34:28,2435,8.43526199364026
13:34:29,2434,8.437316735822959
13:34:30,2435,8.434259259259258
13:34:31,2435,8.434259259259258
13:34:32,2435,8.434259259259258
13:34:33,2435,8.434259259259258
13:34:34,2434,8.436229780174202
13:34:35,2434,8.436229780174202
13:34:36,2434,8.436229780174202
13:34:37,2434,8.436229780174202
13:34:38,2434,8.436229780174202
13:34:39,2435,8.436229780174202
13:34:40,2435,8.436229780174202
13:34:41,2435,8.436229780174202
13:34:42,2435,8.433803206191266
13:34:43,2434,8.435932531453062
13:34:44,2434,8.43562741846324
13:34:45,2434,8.43562741846324
13:34:46,2434,8.43562741846324
13:34:47,2433,8.437826627955205
13:34:48,2434,8.437826627955205
13:34:49,2433,8.439944674965423
13:34:50,2433,8.439944674965423
13:34:51,2433,8.439944674965423
13:34:52,2432,8.441995295419952
13:34:53,2432,8.441995295419952
13:34:54,2432,8.441995295419952
13:34:55,2431,8.444123754152823
13:34:56,2431,8.444123754152823
13:34:57,2431,8.444123754152823
13:34:58,2431,8.444123754152823
13:34:59,2431,8.444123754152823
13:35:00,2430,8.446108572219915
13:35:01,2430,8.446108572219915
13:35:02,2429,8.448115821557218
13:35:03,2429,8.448115821557218
13:35:04,2429,8.448115821557218
13:35:05,2428,8.44999306999307
13:35:06,2428,8.448482959268496
13:35:07,2428,8.448482959268496
13:35:08,2428,8.448482959268496
13:35:09,2428,8.448482959268496
13:35:10,2429,8.448482959268496
13:35:11,2429,8.445935466001938
13:35:12,2429,8.445935466001938
13:35:13,2429,8.44329318936877
13:35:14,2430,8.44329318936877
13:35:15,2430,8.442680226926802
13:35:16,2430,8.442358229598893
13:35:17,2429,8.444181541441816
13:35:18,2429,8.442344398340248
13:35:19,2428,8.444195378441954
13:35:20,2427,8.44592331118494
13:35:21,2427,8.44592331118494
13:35:22,2426,8.447860407145825
13:35:23,2426,8.447860407145825
13:35:24,2425,8.446891012325162
13:35:25,2426,8.446891012325162
13:35:26,2426,8.446891012325162
13:35:27,2427,8.446891012325162
13:35:28,2427,8.446891012325162
13:35:29,2427,8.446891012325162
13:35:30,2428,8.446891012325162
13:35:31,2428,8.446891012325162
13:35:32,2427,8.448718481573843
13:35:33,2427,8.448718481573843
13:35:34,2427,8.447770391912478
13:35:35,2427,8.447770391912478
13:35:36,2427,8.447376799557032
13:35:37,2427,8.447376799557032
13:35:38,2426,8.449356044869132
13:35:39,2425,8.451226101413134
13:35:40,2424,8.453111573111574
13:35:41,2424,8.453111573111574
13:35:42,2423,8.454977814753189
13:35:43,2423,8.454977814753189
13:35:44,2423,8.454977814753189
13:35:45,2422,8.456852545429324
13:35:46,2422,8.456852545429324
13:35:47,2422,8.456852545429324
13:35:48,2422,8.456852545429324
13:35:49,2422,8.454430116472546
13:35:50,2422,8.454430116472546
13:35:51,2422,8.454430116472546
13:35:52,2422,8.454430116472546
13:35:53,2422,8.454430116472546
13:35:54,2422,8.454430116472546
13:35:55,2421,8.456117353308365
13:35:56,2421,8.456117353308365
13:35:57,2420,8.457868442964196
13:35:58,2420,8.457868442964196
13:35:59,2419,8.459627932805775
13:36:00,2419,8.457202331390508
13:36:01,2419,8.457202331390508
13:36:02,2419,8.457202331390508
13:36:03,2419,8.457202331390508
13:36:04,2420,8.457202331390508
13:36:05,2419,8.45874635568513
13:36:06,2419,8.45874635568513
13:36:07,2418,8.460423611111112
13:36:08,2418,8.462039738780048
13:36:09,2418,8.462039738780048
13:36:10,2418,8.462039738780048
13:36:11,2417,8.463580761745899
13:36:12,2417,8.465199554999305
13:36:13,2417,8.465199554999305
13:36:14,2416,8.468559498956159
13:36:15,2417,8.468559498956159
13:36:16,2415,8.46938178780284
13:36:17,2415,8.46938178780284
13:36:18,2416,8.46938178780284
13:36:19,2415,8.47101964061847
13:36:20,2416,8.47101964061847
13:36:21,2417,8.468358395989975
13:36:22,2417,8.468358395989975
13:36:23,2418,8.46732776617954
13:36:24,2418,8.46732776617954
13:36:25,2419,8.46732776617954
13:36:26,2419,8.46732776617954
13:36:27,2419,8.469172932330826
13:36:28,2420,8.469172932330826
13:36:29,2419,8.470901239726981
13:36:30,2420,8.465574112734863
13:36:31,2421,8.465574112734863
13:36:32,2421,8.465574112734863
13:36:33,2420,8.467126148705097
13:36:34,2421,8.467126148705097
13:36:35,2422,8.467126148705097
13:36:36,2422,8.467126148705097
13:36:37,2423,8.467126148705097
13:36:38,2424,8.467126148705097
13:36:39,2424,8.467126148705097
13:36:40,2424,8.466645789839944
13:36:41,2424,8.466645789839944
13:36:42,2425,8.466645789839944
13:36:43,2426,8.466645789839944
13:36:44,2426,8.466645789839944
13:36:45,2425,8.4682052353105
13:36:46,2427,8.4682052353105
13:36:47,2427,8.4682052353105
13:36:48,2427,8.4682052353105
13:36:49,2428,8.4682052353105
13:36:50,2429,8.4682052353105
13:36:51,2428,8.4696893717788
13:36:52,2428,8.4696893717788
13:36:53,2429,8.4696893717788
13:36:54,2429,8.469111296838
13:36:55,2429,8.469111296838
13:36:56,2430,8.469111296838
13:36:57,2429,8.470408305462653
13:36:58,2429,8.471817928342395
13:36:59,2429,8.469823021181718
13:37:00,2429,8.469823021181718
13:37:01,2430,8.469823021181718
13:37:02,2429,8.471483340303918
13:37:03,2430,8.471483340303918
13:37:04,2429,8.472852161785216
13:37:05,2429,8.474389563276127
13:37:06,2429,8.474389563276127
13:37:07,2428,8.475886376326075
13:37:08,2428,8.475886376326075
13:37:09,2428,8.47331519464211
13:37:10,2428,8.47331519464211
13:37:11,2428,8.47331519464211
13:37:12,2428,8.47331519464211
13:37:13,2428,8.47331519464211
13:37:14,2428,8.47331519464211
13:37:15,2428,8.47331519464211
13:37:16,2428,8.47331519464211
13:37:17,2427,8.474595198213288
13:37:18,2427,8.474595198213288
13:37:19,2426,8.476099706744868
13:37:20,2426,8.476099706744868
13:37:21,2427,8.476099706744868
13:37:22,2427,8.477654372729813
13:37:23,2426,8.478958770090845
13:37:24,2426,8.478958770090845
13:37:25,2425,8.480229306487695
13:37:26,2425,8.480229306487695
13:37:27,2425,8.480229306487695
13:37:28,2425,8.480229306487695
13:37:29,2425,8.479741439552761
13:37:30,2425,8.479741439552761
13:37:31,2424,8.478441649196366
13:37:32,2424,8.478441649196366
13:37:33,2424,8.475880134115675
13:37:34,2424,8.475880134115675
13:37:35,2424,8.475880134115675
13:37:36,2423,8.474545962559374
13:37:37,2423,8.474545962559374
13:37:38,2422,8.47320480581168
13:37:39,2421,8.474353598881901
13:37:40,2421,8.474353598881901
13:37:41,2421,8.474353598881901
13:37:42,2420,8.476258389261746
13:37:43,2420,8.476258389261746
13:37:44,2420,8.476258389261746
13:37:45,2420,8.476258389261746
13:37:46,2421,8.476258389261746
13:37:47,2420,8.474790268456376
13:37:48,2420,8.474790268456376
13:37:49,2420,8.474790268456376
13:37:50,2420,8.474790268456376
13:37:51,2420,8.474790268456376
13:37:52,2420,8.474790268456376
13:37:53,2420,8.474790268456376
13:37:54,2421,8.474790268456376
13:37:55,2421,8.474790268456376
13:37:56,2421,8.474790268456376
13:37:57,2420,8.476444257938173
13:37:58,2420,8.476444257938173
13:37:59,2421,8.476444257938173
13:38:00,2420,8.47753988245172
13:38:01,2420,8.47753988245172
13:38:02,2421,8.478664426711466
13:38:03,2421,8.478664426711466
13:38:04,2422,8.475867618247971
13:38:05,2423,8.475867618247971
13:38:06,2423,8.475867618247971
13:38:07,2423,8.475867618247971
13:38:08,2423,8.473073157084906
13:38:09,2423,8.47472712006717
13:38:10,2423,8.47472712006717
13:38:11,2423,8.472052035249686
13:38:12,2422,8.47332773579625
13:38:13,2422,8.47063925024479
13:38:14,2422,8.471788413098237
13:38:15,2422,8.471788413098237
13:38:16,2421,8.472945541089178
13:38:17,2421,8.47405462184874
13:38:18,2421,8.47405462184874
13:38:19,2420,8.475830180748213
13:38:20,2420,8.475830180748213
13:38:21,2420,8.476782962028864
13:38:22,2420,8.476782962028864
13:38:23,2420,8.476782962028864
13:38:24,2420,8.476782962028864
13:38:25,2420,8.476782962028864
13:38:26,2421,8.476782962028864
13:38:27,2421,8.474082633053222
13:38:28,2420,8.475732100322265
13:38:29,2420,8.475732100322265
13:38:30,2420,8.475732100322265
13:38:31,2419,8.47832211942809
13:38:32,2419,8.47832211942809
13:38:33,2419,8.480514654326182
13:38:34,2419,8.480514654326182
13:38:35,2419,8.480514654326182
13:38:36,2418,8.478733697938578
13:38:37,2418,8.478733697938578
13:38:38,2419,8.478733697938578
13:38:39,2419,8.478733697938578
13:38:40,2419,8.478733697938578
13:38:41,2419,8.478733697938578
13:38:42,2419,8.478733697938578
13:38:43,2419,8.478733697938578
13:38:44,2420,8.478733697938578
13:38:45,2420,8.478733697938578
13:38:46,2419,8.477289300238395
13:38:47,2420,8.477289300238395
13:38:48,2420,8.474705634987384
13:38:49,2420,8.474705634987384
13:38:50,2421,8.474705634987384
13:38:51,2421,8.474705634987384
13:38:52,2421,8.474705634987384
13:38:53,2421,8.474705634987384
13:38:54,2421,8.474705634987384
13:38:55,2420,8.47572570466975
13:38:56,2420,8.47572570466975
13:38:57,2421,8.47572570466975
13:38:58,2421,8.473261844687412
13:38:59,2421,8.470575872215216
13:39:00,2421,8.470575872215216
13:39:01,2421,8.470575872215216
13:39:02,2421,8.470575872215216
13:39:03,2420,8.471586767591814
13:39:04,2420,8.471586767591814
13:39:05,2420,8.471586767591814
13:39:06,2419,8.472458280746038
13:39:07,2419,8.472458280746038
13:39:08,2419,8.472458280746038
13:39:09,2419,8.472458280746038
13:39:10,2419,8.473281425364759
13:39:11,2420,8.473281425364759
13:39:12,2420,8.473281425364759
13:39:13,2420,8.473281425364759
13:39:14,2421,8.473281425364759
13:39:15,2421,8.473281425364759
13:39:16,2421,8.472586980920315
13:39:17,2420,8.471640011223345
13:39:18,2420,8.471640011223345
13:39:19,2420,8.469071658953863
13:39:20,2421,8.466757779646763
13:39:21,2421,8.466757779646763
13:39:22,2421,8.466757779646763
13:39:23,2421,8.466757779646763
13:39:24,2421,8.466757779646763
13:39:25,2422,8.466757779646763
13:39:26,2421,8.46686291000841
13:39:27,2421,8.46686291000841
13:39:28,2420,8.46767634272893
13:39:29,2420,8.470244107744108
13:39:30,2420,8.470244107744108
13:39:31,2419,8.47119298245614
13:39:32,2419,8.47119298245614
13:39:33,2420,8.47119298245614
13:39:34,2420,8.47119298245614
13:39:35,2420,8.47119298245614
13:39:36,2420,8.472002246559954
13:39:37,2420,8.469754385964912
13:39:38,2420,8.469754385964912
13:39:39,2420,8.467417227833895
13:39:40,2420,8.467417227833895
13:39:41,2420,8.467417227833895
13:39:42,2420,8.465187210769878
13:39:43,2420,8.465187210769878
13:39:44,2420,8.465187210769878
13:39:45,2420,8.465187210769878
13:39:46,2419,8.466091470258137
13:39:47,2419,8.466091470258137
13:39:48,2419,8.466091470258137
13:39:49,2419,8.466091470258137
13:39:50,2418,8.466940350877193
13:39:51,2418,8.466940350877193
13:39:52,2419,8.466940350877193
13:39:53,2419,8.467698680146025
13:39:54,2419,8.467698680146025
13:39:55,2419,8.467698680146025
13:39:56,2418,8.46826801517067
13:39:57,2418,8.46826801517067
13:39:58,2418,8.46826801517067
13:39:59,2418,8.46826801517067
13:40:00,2417,8.46669476050007
13:40:01,2417,8.46669476050007
13:40:02,2417,8.46669476050007
13:40:03,2418,8.46456753720865
13:40:04,2418,8.46456753720865
13:40:05,2419,8.46456753720865
13:40:06,2420,8.46456753720865
13:40:07,2420,8.46198596491228
13:40:08,2421,8.46198596491228
13:40:09,2421,8.459308361391695
13:40:10,2420,8.459957894736842
13:40:11,2420,8.458066778900113
13:40:12,2421,8.458066778900113
13:40:13,2422,8.453259041211101
13:40:14,2420,8.456397306397307
13:40:15,2420,8.456397306397307
13:40:16,2421,8.454249053428692
13:40:17,2421,8.454249053428692
13:40:18,2420,8.45489618406285
13:40:19,2420,8.45489618406285
13:40:20,2420,8.45489618406285
13:40:21,2419,8.454882154882155
13:40:22,2418,8.457445614035088
13:40:23,2419,8.457445614035088
13:40:24,2419,8.457445614035088
13:40:25,2418,8.45807357483853
13:40:26,2418,8.456161403508771
13:40:27,2418,8.456161403508771
13:40:28,2418,8.456161403508771
13:40:29,2418,8.456161403508771
13:40:30,2418,8.456161403508771
13:40:31,2418,8.454250841750842
13:40:32,2418,8.454250841750842
13:40:33,2418,8.454250841750842
13:40:34,2418,8.454250841750842
13:40:35,2417,8.45482807017544
13:40:36,2417,8.45482807017544
13:40:37,2416,8.455419825891603
13:40:38,2416,8.455419825891603
13:40:39,2416,8.455419825891603
13:40:40,2416,8.455419825891603
13:40:41,2416,8.452947368421054
13:40:42,2416,8.452947368421054
13:40:43,2416,8.452947368421054
13:40:44,2416,8.45026655443322
13:40:45,2416,8.45026655443322
13:40:46,2417,8.45026655443322
13:40:47,2417,8.447917543121582
13:40:48,2418,8.445353238015139
13:40:49,2418,8.445353238015139
13:40:50,2417,8.443068404821979
13:40:51,2417,8.443068404821979
13:40:52,2417,8.443068404821979
13:40:53,2417,8.443068404821979
13:40:54,2417,8.441249824856381
13:40:55,2417,8.441249824856381
13:40:56,2417,8.441249824856381
13:40:57,2417,8.441249824856381
13:40:58,2417,8.441249824856381
13:40:59,2416,8.441680684048219
13:41:00,2416,8.439239176124422
13:41:01,2415,8.439774320156994
13:41:02,2415,8.437767969735184
13:41:03,2414,8.436282751856522
13:41:04,2414,8.433620448179273
13:41:05,2413,8.435848395684461
13:41:06,2413,8.435848395684461
13:41:07,2412,8.436494252873564
13:41:08,2411,8.437147665124106
13:41:09,2411,8.437147665124106
13:41:10,2410,8.439709595959595
13:41:11,2409,8.440133333333334
13:41:12,2409,8.44281100814378
13:41:13,2409,8.44281100814378
13:41:14,2409,8.44281100814378
13:41:15,2409,8.44281100814378
13:41:16,2409,8.440133333333334
13:41:17,2409,8.440133333333334
13:41:18,2410,8.4383487654321
13:41:19,2410,8.4383487654321
13:41:20,2410,8.436460524470622
13:41:21,2410,8.436460524470622
13:41:22,2410,8.434223437061956
13:41:23,2410,8.434223437061956
13:41:24,2411,8.434223437061956
13:41:25,2411,8.434223437061956
13:41:26,2411,8.431553874176824
13:41:27,2411,8.431553874176824
13:41:28,2412,8.431553874176824
13:41:29,2413,8.429236694677872
13:41:30,2413,8.429236694677872
13:41:31,2414,8.429236694677872
13:41:32,2414,8.429236694677872
13:41:33,2413,8.431350707580215
13:41:34,2413,8.431350707580215
13:41:35,2414,8.431581160639192
13:41:36,2414,8.431581160639192
13:41:37,2414,8.431581160639192
13:41:38,2413,8.431588169329968
13:41:39,2414,8.431588169329968
13:41:40,2414,8.431588169329968
13:41:41,2414,8.431588169329968
13:41:42,2414,8.432029168419577
13:41:43,2414,8.4293664143538
13:41:44,2413,8.429378768756134
13:41:45,2413,8.429945286195286
13:41:46,2413,8.429945286195286
13:41:47,2413,8.429945286195286
13:41:48,2413,8.428425185808441
13:41:49,2413,8.428425185808441
13:41:50,2412,8.426272612536811
13:41:51,2413,8.424859826184468
13:41:52,2412,8.424933389426448
13:41:53,2411,8.427006172839507
13:41:54,2411,8.427006172839507
13:41:55,2411,8.427006172839507
13:41:56,2410,8.428905263157894
13:41:57,2410,8.428905263157894
13:41:58,2410,8.43135355237293
13:41:59,2410,8.43135355237293
13:42:00,2410,8.43135355237293
13:42:01,2410,8.43135355237293
13:42:02,2409,8.434134007585335
13:42:03,2409,8.434134007585335
13:42:04,2409,8.434134007585335
13:42:05,2408,8.434267453294002
13:42:06,2408,8.434267453294002
13:42:07,2408,8.434267453294002
13:42:08,2408,8.434267453294002
13:42:09,2409,8.432125807357483
13:42:10,2409,8.432125807357483
13:42:11,2409,8.432125807357483
13:42:12,2409,8.42998596491228
13:42:13,2409,8.42998596491228
13:42:14,2409,8.42998596491228
13:42:15,2410,8.427434062850729
13:42:16,2410,8.427434062850729
13:42:17,2411,8.427434062850729
13:42:18,2411,8.424765110082737
13:42:19,2412,8.424765110082737
13:42:20,2412,8.424765110082737
13:42:21,2412,8.424765110082737
13:42:22,2412,8.424765110082737
13:42:23,2412,8.424765110082737
13:42:24,2412,8.425014029180696
13:42:25,2412,8.423257607628663
13:42:26,2411,8.421154115832282
13:42:27,2411,8.421154115832282
13:42:28,2411,8.421154115832282
13:42:29,2411,8.421154115832282
13:42:30,2411,8.421154115832282
13:42:31,2411,8.421154115832282
13:42:32,2410,8.421064814814816
13:42:33,2410,8.421064814814816
13:42:34,2410,8.421064814814816
13:42:35,2409,8.421438596491228
13:42:36,2409,8.421438596491228
13:42:37,2409,8.421438596491228
13:42:38,2409,8.418883277216612
13:42:39,2409,8.418883277216612
13:42:40,2409,8.418883277216612
13:42:41,2408,8.417824074074074
13:42:42,2409,8.417824074074074
13:42:43,2409,8.417824074074074
13:42:44,2409,8.417824074074074
13:42:45,2409,8.417824074074074
13:42:46,2409,8.417824074074074
13:42:47,2408,8.419642105263158
13:42:48,2408,8.419642105263158
13:42:49,2407,8.41986099410278
13:42:50,2406,8.420297794634077
13:42:51,2406,8.420297794634077
13:42:52,2405,8.420719202135132
13:42:53,2405,8.418056725638866
13:42:54,2404,8.420508498384605
13:42:55,2404,8.420508498384605
13:42:56,2404,8.41900449311991
13:42:57,2404,8.41900449311991
13:42:58,2404,8.41900449311991
13:42:59,2404,8.41900449311991
13:43:00,2404,8.416680701754386
13:43:01,2404,8.416680701754386
13:43:02,2404,8.416680701754386
13:43:03,2404,8.414464085297418
13:43:04,2404,8.414464085297418
13:43:05,2404,8.414464085297418
13:43:06,2404,8.414464085297418
13:43:07,2404,8.414464085297418
13:43:08,2404,8.414464085297418
13:43:09,2403,8.414694736842105
13:43:10,2403,8.414694736842105
13:43:11,2403,8.414694736842105
13:43:12,2403,8.414694736842105
13:43:13,2403,8.414694736842105
13:43:14,2402,8.414672844706542
13:43:15,2402,8.409631032547699
13:43:16,2401,8.409761403508773
13:43:17,2401,8.409761403508773
13:43:18,2401,8.409761403508773
13:43:19,2400,8.409568941308622
13:43:20,2400,8.409568941308622
13:43:21,2400,8.409568941308622
13:43:22,2400,8.409568941308622
13:43:23,2400,8.409568941308622
13:43:24,2400,8.409568941308622
13:43:25,2400,8.409568941308622
13:43:26,2400,8.409568941308622
13:43:27,2400,8.409568941308622
13:43:28,2400,8.409568941308622
13:43:29,2400,8.409568941308622
13:43:30,2400,8.408736842105263
13:43:31,2401,8.408736842105263
13:43:32,2401,8.408736842105263
13:43:33,2401,8.408736842105263
13:43:34,2401,8.408736842105263
13:43:35,2401,8.408736842105263
13:43:36,2400,8.41095900028082
13:43:37,2400,8.41095900028082
13:43:38,2399,8.410467565290649
13:43:39,2398,8.410689703610057
13:43:40,2398,8.410689703610057
13:43:41,2398,8.410689703610057
13:43:42,2398,8.410689703610057
13:43:43,2397,8.412774030354132
13:43:44,2396,8.412779417967103
13:43:45,2396,8.412779417967103
13:43:46,2396,8.412779417967103
13:43:47,2396,8.411066610455313
13:43:48,2396,8.411066610455313
13:43:49,2395,8.408501967397415
13:43:50,2395,8.408501967397415
13:43:51,2394,8.40853367074371
13:43:52,2394,8.403954207051552
13:43:53,2393,8.403688870151772
13:43:54,2393,8.403688870151772
13:43:55,2393,8.398680146026397
13:43:56,2393,8.398680146026397
13:43:57,2393,8.398680146026397
13:43:58,2393,8.397129824561404
13:43:59,2391,8.399964882708245
13:44:00,2391,8.397325189553495
13:44:01,2392,8.397325189553495
13:44:02,2392,8.399880601208034
13:44:03,2392,8.399880601208034
13:44:04,2392,8.399880601208034
13:44:05,2392,8.397893850042122
13:44:06,2392,8.397893850042122
13:44:07,2392,8.397893850042122
13:44:08,2392,8.397893850042122
13:44:09,2393,8.397893850042122
13:44:10,2392,8.400456524792808
13:44:11,2392,8.400456524792808
13:44:12,2392,8.400456524792808
13:44:13,2392,8.400456524792808
13:44:14,2392,8.400456524792808
13:44:15,2392,8.397795563044088
13:44:16,2392,8.397795563044088
13:44:17,2392,8.397795563044088
13:44:18,2391,8.39795617361989
13:44:19,2392,8.39795617361989
13:44:20,2391,8.395891276864727
13:44:21,2392,8.395891276864727
13:44:22,2392,8.395891276864727
13:44:23,2392,8.395891276864727
13:44:24,2392,8.39350603762988
13:44:25,2392,8.39350603762988
13:44:26,2392,8.39350603762988
13:44:27,2392,8.39350603762988
13:44:28,2394,8.39350603762988
13:44:29,2394,8.39118596491228
13:44:30,2393,8.390817186183657
13:44:31,2393,8.390817186183657
13:44:32,2393,8.390817186183657
13:44:33,2392,8.390827363393734
13:44:34,2392,8.390827363393734
13:44:35,2392,8.390827363393734
13:44:36,2392,8.390827363393734
13:44:37,2392,8.389420106711599
13:44:38,2391,8.389240061806435
13:44:39,2390,8.391905564924114
13:44:40,2390,8.38936648405675
13:44:41,2389,8.38918634064081
13:44:42,2389,8.387568478718922
13:44:43,2389,8.387568478718922
13:44:44,2389,8.387568478718922
13:44:45,2389,8.387568478718922
13:44:46,2389,8.385411401291773
13:44:47,2388,8.38795476892822
13:44:48,2388,8.38795476892822
13:44:49,2388,8.38795476892822
13:44:50,2388,8.38795476892822
13:44:51,2388,8.38795476892822
13:44:52,2387,8.387774030354132
13:44:53,2387,8.387774030354132
13:44:54,2387,8.387774030354132
13:44:55,2387,8.385566793088918
13:44:56,2387,8.385566793088918
13:44:57,2387,8.385566793088918
13:44:58,2387,8.385566793088918
13:44:59,2387,8.385566793088918
13:45:00,2387,8.385566793088918
13:45:01,2387,8.385566793088918
13:45:02,2388,8.385566793088918
13:45:03,2388,8.385566793088918
13:45:04,2388,8.385566793088918
13:45:05,2388,8.385566793088918
13:45:06,2388,8.383164841336702
13:45:07,2388,8.380954385964912
13:45:08,2388,8.380954385964912
13:45:09,2388,8.380954385964912
13:45:10,2388,8.380954385964912
13:45:11,2388,8.379096520763188
13:45:12,2388,8.379096520763188
13:45:13,2388,8.379096520763188
13:45:14,2388,8.379096520763188
13:45:15,2387,8.37882807017544
13:45:16,2387,8.37882807017544
13:45:17,2387,8.37882807017544
13:45:18,2387,8.37882807017544
13:45:19,2387,8.37882807017544
13:45:20,2386,8.378594495928109
13:45:21,2386,8.375831578947368
13:45:22,2386,8.375831578947368
13:45:23,2386,8.375831578947368
13:45:24,2386,8.375831578947368
13:45:25,2386,8.375831578947368
13:45:26,2386,8.375831578947368
13:45:27,2386,8.375831578947368
13:45:28,2385,8.37322105263158
13:45:29,2385,8.37322105263158
13:45:30,2385,8.37322105263158
13:45:31,2385,8.37322105263158
13:45:32,2385,8.37322105263158
13:45:33,2385,8.37322105263158
13:45:34,2385,8.37322105263158
13:45:35,2384,8.370266666666668
13:45:36,2384,8.370266666666668
13:45:37,2383,8.370001404099972
13:45:38,2383,8.370001404099972
13:45:39,2383,8.370001404099972
13:45:40,2383,8.370001404099972
13:45:41,2383,8.370001404099972
13:45:42,2382,8.369665683382499
13:45:43,2382,8.369665683382499
13:45:44,2382,8.369665683382499
13:45:45,2382,8.369665683382499
13:45:46,2382,8.367614434147711
13:45:47,2383,8.367614434147711
13:45:48,2383,8.367614434147711
13:45:49,2383,8.367614434147711
13:45:50,2383,8.367614434147711
13:45:51,2383,8.364856140350877
13:45:52,2383,8.364856140350877
13:45:53,2384,8.364856140350877
13:45:54,2384,8.364856140350877
13:45:55,2383,8.364581578208368
13:45:56,2383,8.364581578208368
13:45:57,2383,8.364581578208368
13:45:58,2383,8.364581578208368
13:45:59,2383,8.364581578208368
13:46:00,2383,8.364581578208368
13:46:01,2384,8.364581578208368
13:46:02,2384,8.364581578208368
13:46:03,2384,8.364581578208368
13:46:04,2384,8.364581578208368
13:46:05,2384,8.364581578208368
13:46:06,2384,8.364581578208368
13:46:07,2384,8.364581578208368
13:46:08,2384,8.364581578208368
13:46:09,2384,8.364581578208368
13:46:10,2383,8.364180362410451
13:46:11,2383,8.364180362410451
13:46:12,2383,8.364180362410451
13:46:13,2383,8.366940697020798
13:46:14,2383,8.366940697020798
13:46:15,2382,8.366476873330521
13:46:16,2382,8.366476873330521
13:46:17,2382,8.366476873330521
13:46:18,2381,8.365970464135021
13:46:19,2381,8.365970464135021
13:46:20,2380,8.365428450823133
13:46:21,2380,8.365428450823133
13:46:22,2379,8.3647240990991
13:46:23,2379,8.3647240990991
13:46:24,2379,8.3647240990991
13:46:25,2379,8.3647240990991
13:46:26,2379,8.362079639791755
13:46:27,2379,8.362079639791755
13:46:28,2379,8.362079639791755
13:46:29,2379,8.362079639791755
13:46:30,2379,8.362079639791755
13:46:31,2380,8.362079639791755
13:46:32,2380,8.362079639791755
13:46:33,2380,8.362079639791755
13:46:34,2381,8.362079639791755
13:46:35,2380,8.361563907657658
13:46:36,2380,8.361563907657658
13:46:37,2380,8.361563907657658
13:46:38,2380,8.361563907657658
13:46:39,2380,8.359131841846068
13:46:40,2379,8.358607826576577
13:46:41,2379,8.358607826576577
13:46:42,2379,8.356064443506403
13:46:43,2379,8.356064443506403
13:46:44,2379,8.355616554054054
13:46:45,2378,8.358167863681171
13:46:46,2378,8.358167863681171
13:46:47,2378,8.358167863681171
13:46:48,2378,8.358167863681171
13:46:49,2377,8.35798112144266
13:46:50,2377,8.355442895366851
13:46:51,2377,8.355442895366851
13:46:52,2377,8.355442895366851
13:46:53,2376,8.355224616251231
13:46:54,2376,8.355224616251231
13:46:55,2376,8.355224616251231
13:46:56,2375,8.357861369399831
13:46:57,2375,8.357861369399831
13:46:58,2375,8.357861369399831
13:46:59,2376,8.357861369399831
13:47:00,2374,8.359785673998873
13:47:01,2374,8.359785673998873
13:47:02,2374,8.359785673998873
13:47:03,2374,8.359785673998873
13:47:04,2375,8.359785673998873
13:47:05,2376,8.359785673998873
13:47:06,2376,8.359785673998873
13:47:07,2376,8.359785673998873
13:47:08,2376,8.359785673998873
13:47:09,2375,8.358809423049795
13:47:10,2375,8.358809423049795
13:47:11,2375,8.358809423049795
13:47:12,2374,8.358488569009314
13:47:13,2374,8.358488569009314
13:47:14,2374,8.358488569009314
13:47:15,2374,8.358488569009314
13:47:16,2373,8.361033460398136
13:47:17,2373,8.361033460398136
13:47:18,2373,8.361033460398136
13:47:19,2372,8.360819209039548
13:47:20,2372,8.360819209039548
13:47:21,2372,8.360819209039548
13:47:22,2372,8.360819209039548
13:47:23,2372,8.360819209039548
13:47:24,2372,8.360819209039548
13:47:25,2372,8.360819209039548
13:47:26,2371,8.363155291790306
13:47:27,2371,8.363155291790306
13:47:28,2371,8.363155291790306
13:47:29,2371,8.363155291790306
13:47:30,2370,8.362305626236925
13:47:31,2370,8.362305626236925
13:47:32,2370,8.362305626236925
13:47:33,2370,8.362305626236925
13:47:34,2370,8.360202063021054
13:47:35,2369,8.362531806615776
13:47:36,2370,8.362531806615776
13:47:37,2369,8.362211851223305
13:47:38,2369,8.362211851223305
13:47:39,2369,8.362211851223305
13:47:40,2368,8.364763723825693
13:47:41,2368,8.364763723825693
13:47:42,2368,8.364763723825693
13:47:43,2368,8.364763723825693
13:47:44,2368,8.364763723825693
13:47:45,2368,8.364763723825693
13:47:46,2367,8.364309978768578
13:47:47,2367,8.364309978768578
13:47:48,2367,8.364309978768578
13:47:49,2367,8.364309978768578
13:47:50,2366,8.366525063721324
13:47:51,2366,8.366525063721324
13:47:52,2365,8.363877088643443
13:47:53,2365,8.363877088643443
13:47:54,2365,8.363877088643443
13:47:55,2364,8.363557161070974
13:47:56,2364,8.363557161070974
13:47:57,2364,8.363557161070974
13:47:58,2362,8.36536225719552
13:47:59,2363,8.36536225719552
13:48:00,2362,8.364219858156028
13:48:01,2361,8.36651766709238
13:48:02,2361,8.36651766709238
13:48:03,2361,8.36651766709238
13:48:04,2361,8.36651766709238
13:48:05,2361,8.36651766709238
13:48:06,2361,8.363836879432624
13:48:07,2361,8.363836879432624
13:48:08,2361,8.363836879432624
13:48:09,2360,8.365957144884348
13:48:10,2360,8.365957144884348
13:48:11,2360,8.365957144884348
13:48:12,2360,8.365957144884348
13:48:13,2360,8.363382978723404
13:48:14,2359,8.365510146161487
13:48:15,2359,8.365510146161487
13:48:16,2358,8.367731402612153
13:48:17,2358,8.367731402612153
13:48:18,2358,8.367731402612153
13:48:19,2358,8.365056052220803
13:48:20,2357,8.364267461669506
13:48:21,2358,8.364267461669506
13:48:22,2358,8.364267461669506
13:48:23,2357,8.363726743360319
13:48:24,2357,8.361272004542874
13:48:25,2357,8.361272004542874
13:48:26,2357,8.361272004542874
13:48:27,2356,8.363449794063344
13:48:28,2356,8.363449794063344
13:48:29,2356,8.363449794063344
13:48:30,2356,8.363449794063344
13:48:31,2356,8.363449794063344
13:48:32,2355,8.362205171923842
13:48:33,2355,8.362205171923842
13:48:34,2354,8.361565785734584
13:48:35,2354,8.361565785734584
13:48:36,2354,8.358883681295271
13:48:37,2354,8.358883681295271
13:48:38,2354,8.358883681295271
13:48:39,2354,8.358883681295271
13:48:40,2354,8.358883681295271
13:48:41,2354,8.358883681295271
13:48:42,2354,8.358883681295271
13:48:43,2353,8.359200056834329
13:48:44,2353,8.359200056834329
13:48:45,2353,8.359200056834329
13:48:46,2352,8.358756218905473
13:48:47,2352,8.358756218905473
13:48:48,2352,8.358756218905473
13:48:49,2351,8.359044368600683
13:48:50,2351,8.359044368600683
13:48:51,2350,8.358144828567363
13:48:52,2350,8.358144828567363
13:48:53,2350,8.358144828567363
13:48:54,2350,8.358144828567363
13:48:55,2351,8.358144828567363
13:48:56,2350,8.35748328353962
13:48:57,2350,8.35748328353962
13:48:58,2350,8.35748328353962
13:48:59,2351,8.35748328353962
13:49:00,2350,8.359600056931397
13:49:01,2350,8.359600056931397
13:49:02,2350,8.359600056931397
13:49:03,2349,8.361433860173715
13:49:04,2350,8.361433860173715
13:49:05,2350,8.358753202391119
13:49:06,2349,8.360615121742844
13:49:07,2349,8.360615121742844
13:49:08,2350,8.360615121742844
13:49:09,2349,8.360605413105413
13:49:10,2349,8.360605413105413
13:49:11,2349,8.360605413105413
13:49:12,2349,8.359876015391192
13:49:13,2349,8.359876015391192
13:49:14,2349,8.359876015391192
13:49:15,2349,8.359876015391192
13:49:16,2349,8.361797832905618
13:49:17,2349,8.361797832905618
13:49:18,2349,8.361797832905618
13:49:19,2350,8.361797832905618
13:49:20,2349,8.36197404079304
13:49:21,2349,8.36197404079304
13:49:22,2350,8.36197404079304
13:49:23,2348,8.362819414703782
13:49:24,2348,8.362819414703782
13:49:25,2348,8.362819414703782
13:49:26,2348,8.357887605191841
13:49:27,2348,8.357887605191841
13:49:28,2348,8.357887605191841
13:49:29,2349,8.357887605191841
13:49:30,2349,8.357887605191841
13:49:31,2349,8.357887605191841
13:49:32,2349,8.357887605191841
13:49:33,2348,8.358040810502283
13:49:34,2347,8.357287651677373
13:49:35,2346,8.359061696658097
13:49:36,2346,8.359061696658097
13:49:37,2346,8.359061696658097
13:49:38,2346,8.359061696658097
13:49:39,2346,8.359061696658097
13:49:40,2345,8.359294184883556
13:49:41,2346,8.359294184883556
13:49:42,2346,8.359294184883556
13:49:43,2345,8.356650950135734
13:49:44,2345,8.356650950135734
13:49:45,2344,8.358433390508862
13:49:46,2344,8.358433390508862
13:49:47,2344,8.358433390508862
13:49:48,2344,8.358433390508862
13:49:49,2343,8.36025311025311
13:49:50,2343,8.36025311025311
13:49:51,2342,8.360178826895565
13:49:52,2343,8.360178826895565
13:49:53,2343,8.360178826895565
13:49:54,2343,8.360178826895565
13:49:55,2344,8.360178826895565
13:49:56,2344,8.360178826895565
13:49:57,2343,8.359932732216974
13:49:58,2343,8.359932732216974
13:49:59,2343,8.359932732216974
13:50:00,2343,8.359932732216974
13:50:01,2344,8.359932732216974
13:50:02,2343,8.359586197021764
13:50:03,2343,8.359586197021764
13:50:04,2344,8.359586197021764
13:50:05,2343,8.361316430310843
13:50:06,2343,8.358626861397479
13:50:07,2343,8.358626861397479
13:50:08,2341,8.360375465749499
13:50:09,2341,8.360375465749499
13:50:10,2340,8.362035842293908
13:50:11,2340,8.362035842293908
13:50:12,2340,8.362035842293908
13:50:13,2341,8.362035842293908
13:50:14,2341,8.362035842293908
13:50:15,2341,8.362035842293908
13:50:16,2341,8.362035842293908
13:50:17,2341,8.362035842293908
13:50:18,2340,8.361897590361446
13:50:19,2340,8.3635170038743
13:50:20,2340,8.3635170038743
13:50:21,2340,8.3635170038743
13:50:22,2340,8.3635170038743
13:50:23,2340,8.3635170038743
13:50:24,2341,8.3635170038743
13:50:25,2342,8.3635170038743
13:50:26,2343,8.3635170038743
13:50:27,2342,8.365109101349411
13:50:28,2341,8.365517736607783
13:50:29,2341,8.365517736607783
13:50:30,2341,8.365517736607783
13:50:31,2341,8.365517736607783
13:50:32,2341,8.365517736607783
13:50:33,2341,8.365517736607783
13:50:34,2341,8.365517736607783
13:50:35,2341,8.365517736607783
13:50:36,2340,8.365919540229886
13:50:37,2340,8.365919540229886
13:50:38,2340,8.365919540229886
13:50:39,2340,8.365919540229886
13:50:40,2340,8.365919540229886
13:50:41,2340,8.365919540229886
13:50:42,2340,8.367478798332614
13:50:43,2340,8.364885057471264
13:50:44,2340,8.3620565848054
13:50:45,2339,8.361573275862069
13:50:46,2339,8.361573275862069
13:50:47,2339,8.361573275862069
13:50:48,2339,8.361573275862069
13:50:49,2340,8.361573275862069
13:50:50,2342,8.35876059169898
13:50:51,2342,8.35876059169898
13:50:52,2342,8.358204022988506
13:50:53,2342,8.358204022988506
13:50:54,2343,8.358204022988506
13:50:55,2342,8.35784102342964
13:50:56,2343,8.35784102342964
13:50:57,2342,8.359239286741444
13:50:58,2341,8.36086643638457
13:50:59,2341,8.36086643638457
13:51:00,2340,8.362318214542837
13:51:01,2340,8.362318214542837
13:51:02,2339,8.362748487467588
13:51:03,2338,8.364144689436518
13:51:04,2338,8.364144689436518
13:51:05,2339,8.364144689436518
13:51:06,2340,8.364144689436518
13:51:07,2340,8.364144689436518
13:51:08,2340,8.364144689436518
13:51:09,2340,8.364144689436518
13:51:10,2340,8.364144689436518
13:51:11,2341,8.364144689436518
13:51:12,2341,8.364144689436518
13:51:13,2341,8.364144689436518
13:51:14,2341,8.364144689436518
13:51:15,2341,8.364144689436518
13:51:16,2340,8.365506055363321
13:51:17,2340,8.365506055363321
13:51:18,2339,8.366825328140775
13:51:19,2339,8.366825328140775
13:51:20,2339,8.366825328140775
13:51:21,2339,8.366825328140775
13:51:22,2339,8.366825328140775
13:51:23,2338,8.368160173160174
13:51:24,2338,8.368160173160174
13:51:25,2337,8.368261873827054
13:51:26,2337,8.368261873827054
13:51:27,2337,8.368261873827054
13:51:28,2337,8.368261873827054
13:51:29,2337,8.368261873827054
13:51:30,2337,8.365656565656566
13:51:31,2337,8.365656565656566
13:51:32,2336,8.366984264472356
13:51:33,2336,8.364372294372295
13:51:34,2336,8.364372294372295
13:51:35,2336,8.36566334632597
13:51:36,2335,8.364984113229347
13:51:37,2334,8.36360485268631
13:51:38,2333,8.364340413235082
13:51:39,2333,8.364340413235082
13:51:40,2333,8.364340413235082
13:51:41,2333,8.361842865395724
13:51:42,2333,8.361842865395724
13:51:43,2332,8.361212252564659
13:51:44,2332,8.355788941821856
13:51:45,2332,8.355788941821856
13:51:46,2331,8.355603697284806
13:51:47,2330,8.356733131050426
13:51:48,2329,8.357032379300376
13:51:49,2329,8.357032379300376
13:51:50,2329,8.357032379300376
13:51:51,2329,8.357032379300376
13:51:52,2328,8.353570396068228
13:51:53,2327,8.35477223427332
13:51:54,2327,8.35477223427332
13:51:55,2327,8.35477223427332
13:51:56,2327,8.35477223427332
13:51:57,2327,8.35477223427332
13:51:58,2327,8.35477223427332
13:51:59,2327,8.35477223427332
13:52:00,2327,8.35477223427332
13:52:01,2327,8.35477223427332
13:52:02,2327,8.35477223427332
13:52:03,2327,8.35477223427332
13:52:04,2328,8.35477223427332
13:52:05,2328,8.35477223427332
13:52:06,2327,8.355859375
13:52:07,2327,8.355859375
13:52:08,2327,8.355859375
13:52:09,2326,8.356889564336374
13:52:10,2326,8.356889564336374
13:52:11,2326,8.356889564336374
13:52:12,2325,8.357978569359977
13:52:13,2324,8.35848906272635
13:52:14,2324,8.35848906272635
13:52:15,2324,8.35848906272635
13:52:16,2324,8.35848906272635
13:52:17,2324,8.35848906272635
13:52:18,2323,8.359514492753624
13:52:19,2323,8.359514492753624
13:52:20,2323,8.356794147472113
13:52:21,2323,8.356794147472113
13:52:22,2323,8.356794147472113
13:52:23,2323,8.356794147472113
13:52:24,2322,8.35786231884058
13:52:25,2321,8.35544927536232
13:52:26,2321,8.35544927536232
13:52:27,2321,8.35544927536232
13:52:28,2320,8.356531825431347
13:52:29,2320,8.354195652173912
13:52:30,2320,8.354195652173912
13:52:31,2319,8.355154414963028
13:52:32,2319,8.352891304347827
13:52:33,2319,8.352891304347827
13:52:34,2318,8.352943308684935
13:52:35,2318,8.350565217391305
13:52:36,2318,8.350565217391305
13:52:37,2317,8.351232419892707
13:52:38,2317,8.351232419892707
13:52:39,2317,8.35203075137801
13:52:40,2317,8.35203075137801
13:52:41,2316,8.353526338702656
13:52:42,2316,8.353526338702656
13:52:43,2315,8.354522357723576
13:52:44,2315,8.354522357723576
13:52:45,2315,8.354522357723576
13:52:46,2315,8.351908286170367
13:52:47,2315,8.351379210220674
13:52:48,2315,8.351379210220674
13:52:49,2315,8.351379210220674
13:52:50,2314,8.352621641249092
13:52:51,2314,8.352621641249092
13:52:52,2313,8.353451031676839
13:52:53,2313,8.353451031676839
13:52:54,2313,8.350711692084241
13:52:55,2313,8.350711692084241
13:52:56,2313,8.350711692084241
13:52:57,2313,8.350711692084241
13:52:58,2313,8.350711692084241
13:52:59,2313,8.350711692084241
13:53:00,2312,8.351162452775357
13:53:01,2312,8.351162452775357
13:53:02,2312,8.348896151053014
13:53:03,2311,8.349752978785236
13:53:04,2311,8.347022512708786
13:53:05,2311,8.347022512708786
13:53:06,2311,8.347022512708786
13:53:07,2311,8.347022512708786
13:53:08,2311,8.344715447154472
13:53:09,2311,8.344715447154472
13:53:10,2310,8.345279593318809
13:53:11,2310,8.345279593318809
13:53:12,2310,8.345279593318809
13:53:13,2310,8.345279593318809
13:53:14,2310,8.342668408826945
13:53:15,2309,8.344074074074074
13:53:16,2309,8.344074074074074
13:53:17,2309,8.344074074074074
13:53:18,2309,8.344074074074074
13:53:19,2309,8.344074074074074
13:53:20,2309,8.341702961672475
13:53:21,2308,8.34230936819172
13:53:22,2307,8.343562917756467
13:53:23,2307,8.343562917756467
13:53:24,2307,8.343562917756467
13:53:25,2306,8.343487425497893
13:53:26,2306,8.341150828247603
13:53:27,2305,8.341735717400786
13:53:28,2305,8.341735717400786
13:53:29,2305,8.342466550319953
13:53:30,2305,8.342466550319953
13:53:31,2304,8.343161647024589
13:53:32,2304,8.343161647024589
13:53:33,2304,8.343161647024589
13:53:34,2305,8.343161647024589
13:53:35,2305,8.343161647024589
13:53:36,2305,8.343161647024589
13:53:37,2305,8.343161647024589
13:53:38,2306,8.343161647024589
13:53:39,2305,8.342365356622999
13:53:40,2305,8.342365356622999
13:53:41,2305,8.342365356622999
13:53:42,2305,8.342365356622999
13:53:43,2305,8.342365356622999
13:53:44,2304,8.340458515283844
13:53:45,2304,8.340458515283844
13:53:46,2304,8.340458515283844
13:53:47,2304,8.340458515283844
13:53:48,2303,8.338566229985444
13:53:49,2302,8.33960244648318
13:53:50,2302,8.33960244648318
13:53:51,2303,8.33960244648318
13:53:52,2302,8.340879953379954
13:53:53,2302,8.340879953379954
13:53:54,2302,8.340879953379954
13:53:55,2302,8.338532110091743
13:53:56,2302,8.338532110091743
13:53:57,2302,8.338532110091743
13:53:58,2302,8.338532110091743
13:53:59,2302,8.338532110091743
13:54:00,2301,8.339597902097902
13:54:01,2301,8.339597902097902
13:54:02,2301,8.339597902097902
13:54:03,2302,8.339597902097902
13:54:04,2302,8.339597902097902
13:54:05,2302,8.339597902097902
13:54:06,2302,8.339597902097902
13:54:07,2301,8.340118058592042
13:54:08,2301,8.340118058592042
13:54:09,2301,8.340118058592042
13:54:10,2301,8.340118058592042
13:54:11,2301,8.340118058592042
13:54:12,2301,8.340118058592042
13:54:13,2300,8.34038349372995
13:54:14,2300,8.34038349372995
13:54:15,2300,8.338281591604723
13:54:16,2300,8.338281591604723
13:54:17,2300,8.338281591604723
13:54:18,2299,8.336437837049992
13:54:19,2299,8.336437837049992
13:54:20,2299,8.336437837049992
13:54:21,2299,8.336437837049992
13:54:22,2299,8.336437837049992
13:54:23,2298,8.336825605132692
13:54:24,2298,8.336825605132692
13:54:25,2298,8.336825605132692
13:54:26,2297,8.337884755652809
13:54:27,2297,8.337884755652809
13:54:28,2297,8.337884755652809
13:54:29,2298,8.337884755652809
13:54:30,2297,8.338134851138355
13:54:31,2297,8.338134851138355
13:54:32,2297,8.338134851138355
13:54:33,2297,8.336075857038658
13:54:34,2296,8.33621570344425
13:54:35,2296,8.33621570344425
13:54:36,2297,8.33621570344425
13:54:37,2296,8.3366257847861
13:54:38,2296,8.3366257847861
13:54:39,2296,8.3366257847861
13:54:40,2295,8.337328366929594
13:54:41,2295,8.337328366929594
13:54:42,2294,8.338543036679818
13:54:43,2293,8.338779239766081
13:54:44,2292,8.338101506508702
13:54:45,2292,8.335358187134503
13:54:46,2292,8.335358187134503
13:54:47,2292,8.335358187134503
13:54:48,2292,8.335358187134503
13:54:49,2291,8.336200087757788
13:54:50,2291,8.334290935672515
13:54:51,2291,8.334290935672515
13:54:52,2291,8.334290935672515
13:54:53,2291,8.335015357612988
13:54:54,2291,8.335015357612988
13:54:55,2291,8.335015357612988
13:54:56,2291,8.335015357612988
13:54:57,2291,8.335015357612988
13:54:58,2291,8.335015357612988
13:54:59,2291,8.335015357612988
13:55:00,2290,8.334093900833698
13:55:01,2290,8.334093900833698
13:55:02,2289,8.334686859818554
13:55:03,2289,8.334686859818554
13:55:04,2289,8.334686859818554
13:55:05,2289,8.334686859818554
13:55:06,2289,8.334686859818554
13:55:07,2289,8.334686859818554
13:55:08,2287,8.336218512009372
13:55:09,2287,8.336218512009372
13:55:10,2287,8.336218512009372
13:55:11,2286,8.336161172161173
13:55:12,2286,8.333867896895137
13:55:13,2286,8.333867896895137
13:55:14,2286,8.333867896895137
13:55:15,2286,8.333867896895137
13:55:16,2286,8.333867896895137
13:55:17,2285,8.333069597069597
13:55:18,2285,8.333069597069597
13:55:19,2283,8.333575304296819
13:55:20,2283,8.333575304296819
13:55:21,2283,8.333575304296819
13:55:22,2283,8.333575304296819
13:55:23,2283,8.333575304296819
13:55:24,2283,8.333575304296819
13:55:25,2283,8.333575304296819
13:55:26,2283,8.333575304296819
13:55:27,2283,8.333575304296819
13:55:28,2283,8.333575304296819
13:55:29,2282,8.334198943661972
13:55:30,2282,8.334198943661972
13:55:31,2281,8.33513136650521
13:55:32,2280,8.335051395007342
13:55:33,2280,8.335051395007342
13:55:34,2280,8.333127843827976
13:55:35,2280,8.331256421547042
13:55:36,2280,8.331256421547042
13:55:37,2280,8.331256421547042
13:55:38,2278,8.332062582635523
13:55:39,2278,8.332062582635523
13:55:40,2278,8.329309838472835
13:55:41,2277,8.329741442632585
13:55:42,2277,8.329741442632585
13:55:43,2277,8.32958553791887
13:55:44,2277,8.32958553791887
13:55:45,2277,8.32958553791887
13:55:46,2277,8.32958553791887
13:55:47,2276,8.330355830024995
13:55:48,2276,8.330355830024995
13:55:49,2277,8.330355830024995
13:55:50,2277,8.330355830024995
13:55:51,2277,8.330355830024995
13:55:52,2277,8.330355830024995
13:55:53,2277,8.330355830024995
13:55:54,2278,8.330355830024995
13:55:55,2278,8.330355830024995
13:55:56,2278,8.328064373897707
13:55:57,2278,8.328064373897707
13:55:58,2277,8.328510513159829
13:55:59,2278,8.325771604938272
13:56:00,2278,8.325771604938272
13:56:01,2278,8.325771604938272
13:56:02,2279,8.325771604938272
13:56:03,2279,8.325771604938272
13:56:04,2279,8.325771604938272
13:56:05,2279,8.325771604938272
13:56:06,2277,8.325367755222125
13:56:07,2276,8.32607799852833
13:56:08,2276,8.323671817512878
13:56:09,2276,8.323671817512878
13:56:10,2276,8.323671817512878
13:56:11,2275,8.324469964664312
13:56:12,2274,8.32451760200324
13:56:13,2274,8.32451760200324
13:56:14,2274,8.32451760200324
13:56:15,2274,8.32451760200324
13:56:16,2273,8.325176834659594
13:56:17,2273,8.325176834659594
13:56:18,2273,8.325726079905646
13:56:19,2273,8.325726079905646
13:56:20,2273,8.325726079905646
13:56:21,2273,8.325726079905646
13:56:22,2274,8.325726079905646
13:56:23,2273,8.326305309734513
13:56:24,2273,8.326305309734513
13:56:25,2273,8.326305309734513
13:56:26,2273,8.326305309734513
13:56:27,2273,8.326305309734513
13:56:28,2272,8.326826029216468
13:56:29,2272,8.326826029216468
13:56:30,2271,8.327317685267198
13:56:31,2271,8.327558706247231
13:56:32,2270,8.32709072104019
13:56:33,2270,8.32709072104019
13:56:34,2270,8.32709072104019
13:56:35,2270,8.324324324324325
13:56:36,2270,8.324324324324325
13:56:37,2271,8.324324324324325
13:56:38,2271,8.324324324324325
13:56:39,2270,8.324793144208037
13:56:40,2270,8.324793144208037
13:56:41,2270,8.322448678186383
13:56:42,2270,8.322448678186383
13:56:43,2270,8.322448678186383
13:56:44,2270,8.322448678186383
13:56:45,2271,8.322448678186383
13:56:46,2271,8.322448678186383
13:56:47,2271,8.322448678186383
13:56:48,2270,8.322776300236406
13:56:49,2270,8.322776300236406
13:56:50,2270,8.322776300236406
13:56:51,2271,8.322776300236406
13:56:52,2271,8.322776300236406
13:56:53,2271,8.322776300236406
13:56:54,2271,8.322776300236406
13:56:55,2270,8.322623798965262
13:56:56,2270,8.322623798965262
13:56:57,2271,8.322623798965262
13:56:58,2271,8.322623798965262
13:56:59,2270,8.323358473824312
13:57:00,2270,8.323358473824312
13:57:01,2270,8.323358473824312
13:57:02,2269,8.323679538393254
13:57:03,2269,8.324074896388396
13:57:04,2269,8.324074896388396
13:57:05,2269,8.324074896388396
13:57:06,2268,8.324389160373167
13:57:07,2267,8.324674074074075
13:57:08,2267,8.324674074074075
13:57:09,2266,8.324811027123166
13:57:10,2266,8.324811027123166
13:57:11,2266,8.324811027123166
13:57:12,2266,8.324811027123166
13:57:13,2266,8.32214074074074
13:57:14,2266,8.32214074074074
13:57:15,2266,8.32214074074074
13:57:16,2266,8.32214074074074
13:57:17,2266,8.32214074074074
13:57:18,2266,8.32214074074074
13:57:19,2265,8.322469245590632
13:57:20,2266,8.322469245590632
13:57:21,2265,8.32284252669039
13:57:22,2265,8.32284252669039
13:57:23,2265,8.32284252669039
13:57:24,2265,8.32284252669039
13:57:25,2264,8.323052959501558
13:57:26,2264,8.323052959501558
13:57:27,2265,8.323052959501558
13:57:28,2264,8.323285841495993
13:57:29,2264,8.323285841495993
13:57:30,2264,8.323285841495993
13:57:31,2263,8.32336302895323
13:57:32,2262,8.323722519310754
13:57:33,2262,8.323722519310754
13:57:34,2260,8.324264049955397
13:57:35,2260,8.324264049955397
13:57:36,2260,8.324264049955397
13:57:37,2260,8.324264049955397
13:57:38,2260,8.324264049955397
13:57:39,2260,8.324264049955397
13:57:40,2259,8.324230254350736
13:57:41,2259,8.324230254350736
13:57:42,2259,8.324230254350736
13:57:43,2258,8.324322916666667
13:57:44,2258,8.321999107541277
13:57:45,2258,8.321999107541277
13:57:46,2256,8.321646568408516
13:57:47,2256,8.321646568408516
13:57:48,2256,8.321646568408516
13:57:49,2255,8.321648793565684
13:57:50,2255,8.321648793565684
13:57:51,2255,8.321648793565684
13:57:52,2256,8.321648793565684
13:57:53,2255,8.321740426165997
13:57:54,2256,8.321740426165997
13:57:55,2256,8.321740426165997
13:57:56,2256,8.319064641048556
13:57:57,2256,8.319064641048556
13:57:58,2257,8.319064641048556
13:57:59,2257,8.319064641048556
13:58:00,2257,8.316279589102278
13:58:01,2257,8.316279416145369
13:58:02,2257,8.316279416145369
13:58:03,2257,8.316279416145369
13:58:04,2258,8.316279416145369
13:58:05,2257,8.316212188943526
13:58:06,2257,8.316212188943526
13:58:07,2258,8.316212188943526
13:58:08,2258,8.316212188943526
13:58:09,2259,8.316212188943526
13:58:10,2260,8.316212188943526
13:58:11,2259,8.31646541443053
13:58:12,2259,8.31646541443053
13:58:13,2257,8.316353327364967
13:58:14,2257,8.316353327364967
13:58:15,2256,8.316203703703703
13:58:16,2257,8.316203703703703
13:58:17,2257,8.316203703703703
13:58:18,2257,8.316203703703703
13:58:19,2257,8.316203703703703
13:58:20,2257,8.310728140853477
13:58:21,2257,8.310728140853477
13:58:22,2257,8.310728140853477
13:58:23,2256,8.308698895851984
13:58:24,2256,8.308698895851984
13:58:25,2256,8.308698895851984
13:58:26,2256,8.308698895851984
13:58:27,2256,8.308698895851984
13:58:28,2256,8.308698895851984
13:58:29,2255,8.308583370652336
13:58:30,2255,8.308583370652336
13:58:31,2255,8.308583370652336
13:58:32,2256,8.308583370652336
13:58:33,2256,8.308583370652336
13:58:34,2256,8.308583370652336
13:58:35,2257,8.308583370652336
13:58:36,2256,8.307862903225807
13:58:37,2256,8.307862903225807
13:58:38,2255,8.30794860301808
13:58:39,2255,8.30794860301808
13:58:40,2255,8.305279271206691
13:58:41,2255,8.305279271206691
13:58:42,2255,8.305279271206691
13:58:43,2254,8.302270011947432
13:58:44,2255,8.302270011947432
13:58:45,2255,8.299611882370503
13:58:46,2254,8.299320489844684
13:58:47,2254,8.299320489844684
13:58:48,2253,8.296729390681003
13:58:49,2253,8.296729390681003
13:58:50,2253,8.296729390681003
13:58:51,2253,8.296729390681003
13:58:52,2253,8.296729390681003
13:58:53,2253,8.296729390681003
13:58:54,2253,8.296729390681003
13:58:55,2253,8.296729390681003
13:58:56,2253,8.294260337363786
13:58:57,2252,8.291297208538587
13:58:58,2252,8.291297208538587
13:58:59,2251,8.291651732377538
13:59:00,2251,8.291651732377538
13:59:01,2250,8.291640519946212
13:59:02,2250,8.28885155316607
13:59:03,2249,8.288570147915733
13:59:04,2249,8.288570147915733
13:59:05,2249,8.288570147915733
13:59:06,2248,8.288139013452914
13:59:07,2247,8.2852466367713
13:59:08,2247,8.2852466367713
13:59:09,2247,8.2852466367713
13:59:10,2247,8.2852466367713
13:59:11,2247,8.2852466367713
13:59:12,2247,8.285172723194258
13:59:13,2247,8.285172723194258
13:59:14,2247,8.285172723194258
13:59:15,2247,8.285172723194258
13:59:16,2247,8.285172723194258
13:59:17,2247,8.285172723194258
13:59:18,2247,8.285172723194258
13:59:19,2247,8.285172723194258
13:59:20,2247,8.285172723194258
13:59:21,2246,8.284949132256134
13:59:22,2245,8.284530758868433
13:59:23,2245,8.284530758868433
13:59:24,2245,8.284530758868433
13:59:25,2245,8.283962264150944
13:59:26,2244,8.283205992509362
13:59:27,2244,8.283205992509362
13:59:28,2244,8.283205992509362
13:59:29,2244,8.283205992509362
13:59:30,2244,8.283205992509362
13:59:31,2244,8.283205992509362
13:59:32,2244,8.283205992509362
13:59:33,2244,8.282606414868106
13:59:34,2244,8.282606414868106
13:59:35,2244,8.282606414868106
13:59:36,2244,8.282606414868106
13:59:37,2243,8.28201379517169
13:59:38,2243,8.27990107913669
13:59:39,2244,8.27990107913669
13:59:40,2244,8.27990107913669
13:59:41,2244,8.27990107913669
13:59:42,2243,8.27967461388514
13:59:43,2243,8.27967461388514
13:59:44,2242,8.279110411041104
13:59:45,2242,8.279110411041104
13:59:46,2242,8.279110411041104
13:59:47,2241,8.278643253789584
13:59:48,2241,8.276147614761475
13:59:49,2241,8.276147614761475
13:59:50,2241,8.276147614761475
13:59:51,2241,8.276147614761475
13:59:52,2240,8.275341437790784
13:59:53,2239,8.275007507507507
13:59:54,2239,8.275007507507507
13:59:55,2238,8.27429773171098
13:59:56,2238,8.27429773171098
13:59:57,2238,8.2715015015015
13:59:58,2238,8.2715015015015
13:59:59,2238,8.2715015015015
14:00:00,2237,8.271308397175906
14:00:01,2237,8.271308397175906
14:00:02,2237,8.271308397175906
14:00:03,2236,8.271250375713857
